Algorithm: PageRank
Damping: 0.850000
Vertex ranks:
0 0.000073
1 0.000168
2 0.000086
3 0.000120
4 0.000207
5 0.000244
6 0.000084
7 0.000209
8 0.000106
9 0.000072
10 0.000063
11 0.000033
12 0.000029
13 0.000150
14 0.000047
15 0.000036
16 0.000025
17 0.000035
18 0.000085
19 0.000087
20 0.000040
21 0.000053
22 0.000061
23 0.000041
24 0.000039
25 0.000072
26 0.000077
27 0.000048
28 0.000054
29 0.000155
30 0.000174
31 0.000185
32 0.000192
33 0.000122
34 0.000175
35 0.000148
36 0.000154
37 0.000150
38 0.000079
39 0.000058
40 0.000064
41 0.000070
42 0.000074
43 0.000036
44 0.000025
45 0.000036
46 0.000025
47 0.000026
48 0.000037
49 0.000031
50 0.000119
51 0.000116
52 0.000064
53 0.000042
54 0.000104
55 0.000143
56 0.000104
57 0.000126
58 0.000069
59 0.000143
60 0.000222
61 0.000169
62 0.000169
63 0.000087
64 0.000132
65 0.000110
66 0.000188
67 0.000169
68 0.000209
69 0.000163
70 0.000084
71 0.000119
72 0.000116
73 0.000144
74 0.000120
75 0.000228
76 0.000101
77 0.000058
78 0.000072
79 0.000097
80 0.000082
81 0.000078
82 0.000161
83 0.000146
84 0.000139
85 0.000086
86 0.000051
87 0.000144
88 0.000113
89 0.000147
90 0.000148
91 0.000086
92 0.000159
93 0.000060
94 0.000110
95 0.000046
96 0.000035
97 0.000040
98 0.000169
99 0.000112
100 0.000218
101 0.000216
102 0.000217
103 0.000127
104 0.000126
105 0.000089
106 0.000075
107 0.000079
108 0.000093
109 0.000137
110 0.000073
111 0.000115
112 0.000144
113 0.000087
114 0.000088
115 0.000052
116 0.000068
117 0.000034
118 0.000025
119 0.000163
120 0.000082
121 0.000095
122 0.000074
123 0.000106
124 0.000078
125 0.000103
126 0.000095
127 0.000136
128 0.000053
129 0.000037
130 0.000064
131 0.000042
132 0.000083
133 0.000081
134 0.000049
135 0.000057
136 0.000178
137 0.000166
138 0.000062
139 0.000069
140 0.000063
141 0.000068
142 0.000044
143 0.000027
144 0.000050
145 0.000056
146 0.000129
147 0.000118
148 0.000230
149 0.000054
150 0.000092
151 0.000138
152 0.000054
153 0.000127
154 0.000239
155 0.000117
156 0.000114
157 0.000204
158 0.000147
159 0.000096
160 0.000123
161 0.000119
162 0.000066
163 0.000071
164 0.000035
165 0.000045
166 0.000040
167 0.000109
168 0.000164
169 0.000183
170 0.000195
171 0.000116
172 0.000064
173 0.000102
174 0.000073
175 0.000073
176 0.000075
177 0.000146
178 0.000232
179 0.000110
180 0.000216
181 0.000076
182 0.000130
183 0.000070
184 0.000099
185 0.000099
186 0.000104
187 0.000103
188 0.000059
189 0.000095
190 0.000110
191 0.000034
192 0.000025
193 0.000059
194 0.000102
195 0.000032
196 0.000039
197 0.000044
198 0.000079
199 0.000037
200 0.000047
201 0.000180
202 0.000168
203 0.000223
204 0.000215
205 0.000198
206 0.000123
207 0.000120
208 0.000138
209 0.000207
210 0.000227
211 0.000135
212 0.000130
213 0.000070
214 0.000045
215 0.000056
216 0.000027
217 0.000125
218 0.000149
219 0.000057
220 0.000064
221 0.000054
222 0.000038
223 0.000113
224 0.000066
225 0.000071
226 0.000076
227 0.000089
228 0.000142
229 0.000167
230 0.000125
231 0.000085
232 0.000051
233 0.000086
234 0.000111
235 0.000119
236 0.000066
237 0.000119
238 0.000145
239 0.000077
240 0.000118
241 0.000065
242 0.000120
243 0.000103
244 0.000103
245 0.000059
246 0.000044
247 0.000099
248 0.000156
249 0.000147
250 0.000190
251 0.000201
252 0.000205
253 0.000198
254 0.000221
255 0.000129
256 0.000149
257 0.000117
258 0.000124
259 0.000049
260 0.000036
261 0.000046
262 0.000034
263 0.000075
264 0.000162
265 0.000084
266 0.000051
267 0.000094
268 0.000055
269 0.000038
270 0.000031
271 0.000086
272 0.000088
273 0.000053
274 0.000060
275 0.000162
276 0.000153
277 0.000145
278 0.000138
279 0.000073
280 0.000077
281 0.000092
282 0.000101
283 0.000101
284 0.000100
285 0.000057
286 0.000039
287 0.000078
288 0.000094
289 0.000063
290 0.000094
291 0.000055
292 0.000062
293 0.000057
294 0.000071
295 0.000045
296 0.000129
297 0.000175
298 0.000163
299 0.000170
300 0.000087
301 0.000128
302 0.000167
303 0.000157
304 0.000106
305 0.000045
306 0.000053
307 0.000060
308 0.000083
309 0.000091
310 0.000149
311 0.000186
312 0.000151
313 0.000058
314 0.000065
315 0.000043
316 0.000040
317 0.000128
318 0.000090
319 0.000092
320 0.000164
321 0.000180
322 0.000076
323 0.000037
324 0.000063
325 0.000080
326 0.000051
327 0.000030
328 0.000080
329 0.000067
330 0.000108
331 0.000098
332 0.000146
333 0.000116
334 0.000190
335 0.000204
336 0.000102
337 0.000083
338 0.000050
339 0.000105
340 0.000114
341 0.000039
342 0.000080
343 0.000083
344 0.000096
345 0.000097
346 0.000042
347 0.000084
348 0.000076
349 0.000126
350 0.000081
351 0.000127
352 0.000084
353 0.000109
354 0.000084
355 0.000087
356 0.000105
357 0.000162
358 0.000231
359 0.000081
360 0.000163
361 0.000119
362 0.000140
363 0.000163
364 0.000233
365 0.000213
366 0.000075
367 0.000164
368 0.000213
369 0.000180
370 0.000168
371 0.000102
372 0.000097
373 0.000098
374 0.000057
375 0.000094
376 0.000098
377 0.000057
378 0.000045
379 0.000023
380 0.000051
381 0.000101
382 0.000093
383 0.000055
384 0.000024
385 0.000148
386 0.000141
387 0.000117
388 0.000126
389 0.000174
390 0.000163
391 0.000084
392 0.000051
393 0.000060
394 0.000074
395 0.000077
396 0.000064
397 0.000033
398 0.000036
399 0.000049
400 0.000082
401 0.000085
402 0.000142
403 0.000185
404 0.000116
405 0.000124
406 0.000075
407 0.000072
408 0.000050
409 0.000029
410 0.000163
411 0.000181
412 0.000203
413 0.000222
414 0.000078
415 0.000138
416 0.000202
417 0.000324
418 0.000338
419 0.000097
420 0.000042
421 0.000066
422 0.000050
423 0.000105
424 0.000160
425 0.000151
426 0.000177
427 0.000118
428 0.000065
429 0.000107
430 0.000146
431 0.000139
432 0.000045
433 0.000073
434 0.000099
435 0.000113
436 0.000065
437 0.000159
438 0.000150
439 0.000133
440 0.000116
441 0.000288
442 0.000212
443 0.000075
444 0.000079
445 0.000093
446 0.000081
447 0.000038
448 0.000047
449 0.000035
450 0.000068
451 0.000045
452 0.000077
453 0.000081
454 0.000038
455 0.000067
456 0.000072
457 0.000117
458 0.000079
459 0.000209
460 0.000074
461 0.000078
462 0.000048
463 0.000067
464 0.000107
465 0.000156
466 0.000161
467 0.000114
468 0.000064
469 0.000042
470 0.000172
471 0.000121
472 0.000158
473 0.000060
474 0.000040
475 0.000049
476 0.000090
477 0.000053
478 0.000060
479 0.000066
480 0.000071
481 0.000113
482 0.000039
483 0.000167
484 0.000187
485 0.000175
486 0.000065
487 0.000132
488 0.000093
489 0.000094
490 0.000144
491 0.000118
492 0.000032
493 0.000028
494 0.000027
495 0.000091
496 0.000111
497 0.000135
498 0.000108
499 0.000106
500 0.000151
501 0.000167
502 0.000070
503 0.000054
504 0.000026
505 0.000026
506 0.000117
507 0.000114
508 0.000064
509 0.000069
510 0.000044
511 0.000078
512 0.000088
513 0.000055
514 0.000038
515 0.000088
516 0.000040
517 0.000049
518 0.000059
519 0.000083
520 0.000173
521 0.000169
522 0.000212
523 0.000105
524 0.000104
525 0.000119
526 0.000083
527 0.000050
528 0.000100
529 0.000100
530 0.000085
531 0.000051
532 0.000094
533 0.000055
534 0.000129
535 0.000042
536 0.000115
537 0.000064
538 0.000042
539 0.000054
540 0.000061
541 0.000066
542 0.000043
543 0.000078
544 0.000138
545 0.000061
546 0.000120
547 0.000163
548 0.000103
549 0.000172
550 0.000159
551 0.000060
552 0.000069
553 0.000210
554 0.000209
555 0.000193
556 0.000149
557 0.000078
558 0.000056
559 0.000104
560 0.000129
561 0.000125
562 0.000084
563 0.000133
564 0.000200
565 0.000072
566 0.000045
567 0.000054
568 0.000089
569 0.000053
570 0.000030
571 0.000028
572 0.000082
573 0.000118
574 0.000125
575 0.000068
576 0.000044
577 0.000052
578 0.000110
579 0.000092
580 0.000151
581 0.000160
582 0.000211
583 0.000235
584 0.000197
585 0.000121
586 0.000060
587 0.000056
588 0.000187
589 0.000124
590 0.000120
591 0.000066
592 0.000079
593 0.000159
594 0.000060
595 0.000066
596 0.000093
597 0.000041
598 0.000050
599 0.000063
600 0.000161
601 0.000104
602 0.000103
603 0.000090
604 0.000160
605 0.000083
606 0.000050
607 0.000137
608 0.000073
609 0.000115
610 0.000066
611 0.000054
612 0.000078
613 0.000048
614 0.000036
615 0.000072
616 0.000030
617 0.000040
618 0.000051
619 0.000029
620 0.000040
621 0.000032
622 0.000059
623 0.000032
624 0.000117
625 0.000061
626 0.000041
627 0.000102
628 0.000058
629 0.000040
630 0.000089
631 0.000089
632 0.000099
633 0.000090
634 0.000053
635 0.000053
636 0.000060
637 0.000051
638 0.000049
639 0.000168
640 0.000111
641 0.000062
642 0.000086
643 0.000114
644 0.000063
645 0.000134
646 0.000072
647 0.000046
648 0.000025
649 0.000036
650 0.000068
651 0.000150
652 0.000058
653 0.000064
654 0.000055
655 0.000104
656 0.000131
657 0.000071
658 0.000079
659 0.000082
660 0.000196
661 0.000083
662 0.000086
663 0.000088
664 0.000058
665 0.000074
666 0.000112
667 0.000183
668 0.000067
669 0.000043
670 0.000027
671 0.000104
672 0.000128
673 0.000051
674 0.000050
675 0.000100
676 0.000100
677 0.000088
678 0.000205
679 0.000089
680 0.000163
681 0.000084
682 0.000087
683 0.000155
684 0.000151
685 0.000079
686 0.000095
687 0.000090
688 0.000156
689 0.000073
690 0.000209
691 0.000074
692 0.000064
693 0.000115
694 0.000146
695 0.000299
696 0.000161
697 0.000153
698 0.000145
699 0.000096
700 0.000146
701 0.000197
702 0.000165
703 0.000155
704 0.000098
705 0.000079
706 0.000129
707 0.000139
708 0.000157
709 0.000081
710 0.000099
711 0.000063
712 0.000061
713 0.000099
714 0.000122
715 0.000067
716 0.000074
717 0.000078
718 0.000101
719 0.000036
720 0.000081
721 0.000099
722 0.000123
723 0.000067
724 0.000140
725 0.000084
726 0.000157
727 0.000149
728 0.000117
729 0.000065
730 0.000070
731 0.000129
732 0.000125
733 0.000121
734 0.000187
735 0.000109
736 0.000113
737 0.000053
738 0.000030
739 0.000033
740 0.000132
741 0.000127
742 0.000153
743 0.000176
744 0.000165
745 0.000179
746 0.000102
747 0.000056
748 0.000049
749 0.000128
750 0.000099
751 0.000109
752 0.000107
753 0.000106
754 0.000124
755 0.000122
756 0.000091
757 0.000041
758 0.000050
759 0.000062
760 0.000068
761 0.000041
762 0.000027
763 0.000090
764 0.000034
765 0.000030
766 0.000023
767 0.000096
768 0.000105
769 0.000105
770 0.000098
771 0.000043
772 0.000064
773 0.000063
774 0.000042
775 0.000051
776 0.000104
777 0.000104
778 0.000103
779 0.000044
780 0.000028
781 0.000052
782 0.000045
783 0.000053
784 0.000038
785 0.000047
786 0.000025
787 0.000057
788 0.000063
789 0.000086
790 0.000052
791 0.000059
792 0.000040
793 0.000063
794 0.000102
795 0.000133
796 0.000038
797 0.000026
798 0.000074
799 0.000078
800 0.000103
801 0.000044
802 0.000133
803 0.000098
804 0.000125
805 0.000050
806 0.000110
807 0.000068
808 0.000059
809 0.000065
810 0.000088
811 0.000105
812 0.000119
813 0.000066
814 0.000071
815 0.000076
816 0.000047
817 0.000031
818 0.000055
819 0.000062
820 0.000066
821 0.000128
822 0.000111
823 0.000109
824 0.000147
825 0.000107
826 0.000106
827 0.000195
828 0.000221
829 0.000078
830 0.000053
831 0.000178
832 0.000192
833 0.000064
834 0.000029
835 0.000039
836 0.000036
837 0.000074
838 0.000094
839 0.000131
840 0.000077
841 0.000089
842 0.000040
843 0.000087
844 0.000089
845 0.000148
846 0.000176
847 0.000230
848 0.000170
849 0.000193
850 0.000178
851 0.000053
852 0.000060
853 0.000040
854 0.000046
855 0.000116
856 0.000179
857 0.000091
858 0.000068
859 0.000054
860 0.000056
861 0.000073
862 0.000077
863 0.000048
864 0.000028
865 0.000074
866 0.000078
867 0.000048
868 0.000113
869 0.000065
870 0.000107
871 0.000136
872 0.000160
873 0.000060
874 0.000056
875 0.000105
876 0.000121
877 0.000139
878 0.000074
879 0.000055
880 0.000138
881 0.000107
882 0.000135
883 0.000273
884 0.000258
885 0.000124
886 0.000036
887 0.000039
888 0.000041
889 0.000024
890 0.000068
891 0.000077
892 0.000031
893 0.000046
894 0.000035
895 0.000035
896 0.000030
897 0.000091
898 0.000073
899 0.000196
900 0.000270
901 0.000149
902 0.000162
903 0.000061
904 0.000057
905 0.000031
906 0.000103
907 0.000059
908 0.000065
909 0.000043
910 0.000087
911 0.000052
912 0.000059
913 0.000062
914 0.000068
915 0.000029
916 0.000040
917 0.000074
918 0.000047
919 0.000156
920 0.000187
921 0.000292
922 0.000098
923 0.000057
924 0.000091
925 0.000210
926 0.000193
927 0.000115
928 0.000035
929 0.000054
930 0.000124
931 0.000138
932 0.000187
933 0.000095
934 0.000095
935 0.000137
936 0.000103
937 0.000103
938 0.000102
939 0.000164
940 0.000062
941 0.000102
942 0.000101
943 0.000155
944 0.000051
945 0.000049
946 0.000036
947 0.000113
948 0.000088
949 0.000115
950 0.000039
951 0.000131
952 0.000089
953 0.000053
954 0.000030
955 0.000023
956 0.000104
957 0.000107
958 0.000106
959 0.000119
960 0.000130
961 0.000126
962 0.000116
963 0.000079
964 0.000114
965 0.000112
966 0.000116
967 0.000151
968 0.000227
969 0.000134
970 0.000164
971 0.000206
972 0.000176
973 0.000090
974 0.000040
975 0.000062
976 0.000093
977 0.000244
978 0.000084
979 0.000072
980 0.000103
981 0.000044
982 0.000082
983 0.000063
984 0.000094
985 0.000095
986 0.000105
987 0.000045
988 0.000065
989 0.000070
990 0.000035
991 0.000030
992 0.000042
993 0.000095
994 0.000152
995 0.000098
996 0.000066
997 0.000043
998 0.000083
999 0.000057
1000 0.000082
1001 0.000092
1002 0.000093
1003 0.000116
1004 0.000113
1005 0.000111
1006 0.000118
1007 0.000119
1008 0.000066
1009 0.000034
1010 0.000059
1011 0.000088
1012 0.000102
1013 0.000264
1014 0.000240
1015 0.000219
1016 0.000133
1017 0.000122
1018 0.000143
1019 0.000084
1020 0.000171
1021 0.000129
1022 0.000052
1023 0.000026
1024 0.000057
1025 0.000082
1026 0.000098
1027 0.000060
1028 0.000096
1029 0.000070
1030 0.000058
1031 0.000076
1032 0.000097
1033 0.000136
1034 0.000183
1035 0.000067
1036 0.000072
1037 0.000046
1038 0.000025
1039 0.000047
1040 0.000089
1041 0.000091
1042 0.000054
1043 0.000112
1044 0.000187
1045 0.000183
1046 0.000125
1047 0.000147
1048 0.000078
1049 0.000037
1050 0.000046
1051 0.000082
1052 0.000087
1053 0.000052
1054 0.000060
1055 0.000152
1056 0.000144
1057 0.000085
1058 0.000093
1059 0.000094
1060 0.000063
1061 0.000105
1062 0.000080
1063 0.000066
1064 0.000083
1065 0.000113
1066 0.000171
1067 0.000125
1068 0.000171
1069 0.000127
1070 0.000051
1071 0.000058
1072 0.000051
1073 0.000037
1074 0.000031
1075 0.000056
1076 0.000091
1077 0.000092
1078 0.000114
1079 0.000112
1080 0.000063
1081 0.000143
1082 0.000076
1083 0.000080
1084 0.000054
1085 0.000060
1086 0.000149
1087 0.000191
1088 0.000096
1089 0.000035
1090 0.000045
1091 0.000028
1092 0.000027
1093 0.000038
1094 0.000084
1095 0.000067
1096 0.000066
1097 0.000071
1098 0.000119
1099 0.000146
1100 0.000056
1101 0.000039
1102 0.000048
1103 0.000035
1104 0.000069
1105 0.000074
1106 0.000065
1107 0.000305
1108 0.000208
1109 0.000192
1110 0.000313
1111 0.000148
1112 0.000141
1113 0.000093
1114 0.000094
1115 0.000081
1116 0.000038
1117 0.000148
1118 0.000141
1119 0.000086
1120 0.000051
1121 0.000037
1122 0.000096
1123 0.000149
1124 0.000166
1125 0.000156
1126 0.000081
1127 0.000084
1128 0.000051
1129 0.000197
1130 0.000241
1131 0.000134
1132 0.000172
1133 0.000161
1134 0.000172
1135 0.000212
1136 0.000195
1137 0.000122
1138 0.000119
1139 0.000143
1140 0.000056
1141 0.000082
1142 0.000105
1143 0.000060
1144 0.000032
1145 0.000042
1146 0.000071
1147 0.000061
1148 0.000041
1149 0.000064
1150 0.000108
1151 0.000107
1152 0.000106
1153 0.000202
1154 0.000207
1155 0.000111
1156 0.000046
1157 0.000082
1158 0.000098
1159 0.000053
1160 0.000038
1161 0.000128
1162 0.000169
1163 0.000249
1164 0.000226
1165 0.000322
1166 0.000176
1167 0.000104
1168 0.000103
1169 0.000145
1170 0.000099
1171 0.000032
1172 0.000070
1173 0.000141
1174 0.000135
1175 0.000187
1176 0.000138
1177 0.000135
1178 0.000072
1179 0.000213
1180 0.000307
1181 0.000149
1182 0.000089
1183 0.000091
1184 0.000034
1185 0.000042
1186 0.000065
1187 0.000201
1188 0.000186
1189 0.000094
1190 0.000060
1191 0.000082
1192 0.000120
1193 0.000066
1194 0.000071
1195 0.000035
1196 0.000045
1197 0.000034
1198 0.000087
1199 0.000040
1200 0.000049
1201 0.000103
1202 0.000059
1203 0.000040
1204 0.000063
1205 0.000094
1206 0.000135
1207 0.000130
1208 0.000085
1209 0.000087
1210 0.000052
1211 0.000059
1212 0.000062
1213 0.000067
1214 0.000044
1215 0.000049
1216 0.000026
1217 0.000039
1218 0.000066
1219 0.000096
1220 0.000097
1221 0.000097
1222 0.000056
1223 0.000114
1224 0.000203
1225 0.000119
1226 0.000066
1227 0.000093
1228 0.000101
1229 0.000123
1230 0.000071
1231 0.000035
1232 0.000085
1233 0.000111
1234 0.000121
1235 0.000049
1236 0.000093
1237 0.000055
1238 0.000074
1239 0.000151
1240 0.000177
1241 0.000090
1242 0.000068
1243 0.000098
1244 0.000141
1245 0.000221
1246 0.000160
1247 0.000185
1248 0.000234
1249 0.000224
1250 0.000140
1251 0.000157
1252 0.000148
1253 0.000201
1254 0.000099
1255 0.000100
1256 0.000100
1257 0.000125
1258 0.000085
1259 0.000110
1260 0.000123
1261 0.000067
1262 0.000181
1263 0.000181
1264 0.000210
1265 0.000088
1266 0.000101
1267 0.000090
1268 0.000041
1269 0.000059
1270 0.000108
1271 0.000061
1272 0.000081
1273 0.000084
1274 0.000086
1275 0.000149
1276 0.000057
1277 0.000039
1278 0.000048
1279 0.000147
1280 0.000140
1281 0.000111
1282 0.000062
1283 0.000167
1284 0.000077
1285 0.000057
1286 0.000100
1287 0.000056
1288 0.000102
1289 0.000058
1290 0.000166
1291 0.000062
1292 0.000049
1293 0.000056
1294 0.000027
1295 0.000057
1296 0.000039
1297 0.000099
1298 0.000094
1299 0.000042
1300 0.000033
1301 0.000100
1302 0.000174
1303 0.000163
1304 0.000193
1305 0.000191
1306 0.000307
1307 0.000156
1308 0.000147
1309 0.000121
1310 0.000079
1311 0.000082
1312 0.000062
1313 0.000064
1314 0.000142
1315 0.000055
1316 0.000073
1317 0.000110
1318 0.000174
1319 0.000116
1320 0.000152
1321 0.000168
1322 0.000087
1323 0.000097
1324 0.000036
1325 0.000057
1326 0.000114
1327 0.000063
1328 0.000140
1329 0.000075
1330 0.000085
1331 0.000048
1332 0.000031
1333 0.000059
1334 0.000105
1335 0.000104
1336 0.000065
1337 0.000068
1338 0.000107
1339 0.000064
1340 0.000089
1341 0.000090
1342 0.000066
1343 0.000205
1344 0.000164
1345 0.000050
1346 0.000104
1347 0.000098
1348 0.000116
1349 0.000081
1350 0.000084
1351 0.000051
1352 0.000064
1353 0.000069
1354 0.000099
1355 0.000124
1356 0.000050
1357 0.000158
1358 0.000185
1359 0.000060
1360 0.000040
1361 0.000049
1362 0.000113
1363 0.000111
1364 0.000095
1365 0.000055
1366 0.000062
1367 0.000033
1368 0.000091
1369 0.000122
1370 0.000119
1371 0.000135
1372 0.000164
1373 0.000088
1374 0.000102
1375 0.000127
1376 0.000123
1377 0.000107
1378 0.000061
1379 0.000032
1380 0.000042
1381 0.000051
1382 0.000037
1383 0.000100
1384 0.000135
1385 0.000162
1386 0.000197
1387 0.000203
1388 0.000212
1389 0.000195
1390 0.000056
1391 0.000031
1392 0.000028
1393 0.000037
1394 0.000068
1395 0.000073
1396 0.000046
1397 0.000054
1398 0.000038
1399 0.000071
1400 0.000093
1401 0.000191
1402 0.000096
1403 0.000118
1404 0.000129
1405 0.000088
1406 0.000052
1407 0.000030
1408 0.000021
1409 0.000203
1410 0.000118
1411 0.000135
1412 0.000072
1413 0.000107
1414 0.000106
1415 0.000107
1416 0.000128
1417 0.000150
1418 0.000047
1419 0.000075
1420 0.000081
1421 0.000086
1422 0.000039
1423 0.000032
1424 0.000028
1425 0.000039
1426 0.000048
1427 0.000071
1428 0.000158
1429 0.000182
1430 0.000211
1431 0.000205
1432 0.000073
1433 0.000077
1434 0.000081
1435 0.000145
1436 0.000138
1437 0.000177
1438 0.000254
1439 0.000231
1440 0.000219
1441 0.000103
1442 0.000103
1443 0.000099
1444 0.000131
1445 0.000149
1446 0.000121
1447 0.000066
1448 0.000078
1449 0.000161
1450 0.000083
1451 0.000110
1452 0.000126
1453 0.000122
1454 0.000049
1455 0.000064
1456 0.000088
1457 0.000084
1458 0.000090
1459 0.000040
1460 0.000032
1461 0.000113
1462 0.000111
1463 0.000075
1464 0.000092
1465 0.000106
1466 0.000105
1467 0.000053
1468 0.000084
1469 0.000121
1470 0.000086
1471 0.000116
1472 0.000079
1473 0.000049
1474 0.000036
1475 0.000030
1476 0.000116
1477 0.000093
1478 0.000114
1479 0.000132
1480 0.000043
1481 0.000062
1482 0.000071
1483 0.000043
1484 0.000086
1485 0.000068
1486 0.000115
1487 0.000221
1488 0.000252
1489 0.000146
1490 0.000124
1491 0.000153
1492 0.000241
1493 0.000236
1494 0.000157
1495 0.000060
1496 0.000074
1497 0.000047
1498 0.000055
1499 0.000067
1500 0.000073
1501 0.000046
1502 0.000057
1503 0.000031
1504 0.000024
1505 0.000054
1506 0.000038
1507 0.000047
1508 0.000055
1509 0.000062
1510 0.000056
1511 0.000031
1512 0.000068
1513 0.000072
1514 0.000077
1515 0.000080
1516 0.000087
1517 0.000089
1518 0.000053
1519 0.000060
1520 0.000041
1521 0.000026
1522 0.000108
1523 0.000199
1524 0.000168
1525 0.000063
1526 0.000083
1527 0.000104
1528 0.000105
1529 0.000122
1530 0.000123
1531 0.000066
1532 0.000043
1533 0.000027
1534 0.000027
1535 0.000048
1536 0.000119
1537 0.000105
1538 0.000103
1539 0.000114
1540 0.000097
1541 0.000123
1542 0.000067
1543 0.000083
1544 0.000113
1545 0.000039
1546 0.000082
1547 0.000050
1548 0.000054
1549 0.000061
1550 0.000084
1551 0.000111
1552 0.000077
1553 0.000048
1554 0.000035
1555 0.000085
1556 0.000087
1557 0.000132
1558 0.000182
1559 0.000170
1560 0.000087
1561 0.000084
1562 0.000041
1563 0.000050
1564 0.000057
1565 0.000031
1566 0.000040
1567 0.000134
1568 0.000072
1569 0.000098
1570 0.000129
1571 0.000218
1572 0.000266
1573 0.000110
1574 0.000108
1575 0.000046
1576 0.000028
1577 0.000021
1578 0.000033
1579 0.000029
1580 0.000049
1581 0.000075
1582 0.000096
1583 0.000142
1584 0.000119
1585 0.000116
1586 0.000114
1587 0.000063
1588 0.000033
1589 0.000055
1590 0.000071
1591 0.000144
1592 0.000178
1593 0.000126
1594 0.000149
1595 0.000078
1596 0.000105
1597 0.000164
1598 0.000061
1599 0.000067
1600 0.000117
1601 0.000146
1602 0.000139
1603 0.000133
1604 0.000072
1605 0.000097
1606 0.000074
1607 0.000078
1608 0.000097
1609 0.000056
1610 0.000031
1611 0.000028
1612 0.000038
1613 0.000047
1614 0.000028
1615 0.000039
1616 0.000026
1617 0.000026
1618 0.000084
1619 0.000058
1620 0.000040
1621 0.000131
1622 0.000126
1623 0.000122
1624 0.000067
1625 0.000043
1626 0.000088
1627 0.000090
1628 0.000053
1629 0.000060
1630 0.000066
1631 0.000127
1632 0.000094
1633 0.000042
1634 0.000050
1635 0.000068
1636 0.000127
1637 0.000155
1638 0.000131
1639 0.000112
1640 0.000110
1641 0.000057
1642 0.000039
1643 0.000124
1644 0.000068
1645 0.000059
1646 0.000069
1647 0.000104
1648 0.000080
1649 0.000091
1650 0.000091
1651 0.000118
1652 0.000065
1653 0.000070
1654 0.000094
1655 0.000059
1656 0.000152
1657 0.000058
1658 0.000071
1659 0.000100
1660 0.000043
1661 0.000033
1662 0.000029
1663 0.000031
1664 0.000043
1665 0.000060
1666 0.000051
1667 0.000163
1668 0.000247
1669 0.000085
1670 0.000033
1671 0.000043
1672 0.000024
1673 0.000036
1674 0.000058
1675 0.000135
1676 0.000150
1677 0.000185
1678 0.000131
1679 0.000098
1680 0.000098
1681 0.000088
1682 0.000060
1683 0.000142
1684 0.000229
1685 0.000112
1686 0.000063
1687 0.000068
1688 0.000044
1689 0.000081
1690 0.000105
1691 0.000140
1692 0.000168
1693 0.000247
1694 0.000127
1695 0.000111
1696 0.000143
1697 0.000230
1698 0.000113
1699 0.000121
1700 0.000115
1701 0.000048
1702 0.000067
1703 0.000096
1704 0.000077
1705 0.000058
1706 0.000089
1707 0.000131
1708 0.000052
1709 0.000030
1710 0.000110
1711 0.000096
1712 0.000035
1713 0.000076
1714 0.000047
1715 0.000035
1716 0.000089
1717 0.000150
1718 0.000143
1719 0.000103
1720 0.000037
1721 0.000115
1722 0.000159
1723 0.000184
1724 0.000235
1725 0.000147
1726 0.000077
1727 0.000061
1728 0.000041
1729 0.000075
1730 0.000129
1731 0.000125
1732 0.000156
1733 0.000273
1734 0.000165
1735 0.000224
1736 0.000173
1737 0.000089
1738 0.000040
1739 0.000074
1740 0.000036
1741 0.000084
1742 0.000086
1743 0.000039
1744 0.000032
1745 0.000042
1746 0.000027
1747 0.000067
1748 0.000034
1749 0.000025
1750 0.000041
1751 0.000173
1752 0.000137
1753 0.000086
1754 0.000122
1755 0.000118
1756 0.000049
1757 0.000097
1758 0.000116
1759 0.000137
1760 0.000117
1761 0.000188
1762 0.000175
1763 0.000116
1764 0.000113
1765 0.000151
1766 0.000143
1767 0.000076
1768 0.000056
1769 0.000145
1770 0.000171
1771 0.000217
1772 0.000235
1773 0.000226
1774 0.000207
1775 0.000114
1776 0.000108
1777 0.000097
1778 0.000148
1779 0.000078
1780 0.000143
1781 0.000136
1782 0.000242
1783 0.000295
1784 0.000205
1785 0.000139
1786 0.000075
1787 0.000104
1788 0.000131
1789 0.000052
1790 0.000172
1791 0.000182
1792 0.000149
1793 0.000142
1794 0.000145
1795 0.000181
1796 0.000187
1797 0.000144
1798 0.000138
1799 0.000074
1800 0.000066
1801 0.000088
1802 0.000107
1803 0.000193
1804 0.000195
1805 0.000218
1806 0.000200
1807 0.000103
1808 0.000044
1809 0.000171
1810 0.000087
1811 0.000069
1812 0.000189
1813 0.000068
1814 0.000073
1815 0.000077
1816 0.000081
1817 0.000038
1818 0.000095
1819 0.000151
1820 0.000115
1821 0.000123
1822 0.000120
1823 0.000035
1824 0.000043
1825 0.000051
1826 0.000030
1827 0.000066
1828 0.000110
1829 0.000141
1830 0.000135
1831 0.000141
1832 0.000135
1833 0.000086
1834 0.000052
1835 0.000037
1836 0.000091
1837 0.000092
1838 0.000076
1839 0.000047
1840 0.000055
1841 0.000062
1842 0.000166
1843 0.000098
1844 0.000096
1845 0.000035
1846 0.000202
1847 0.000129
1848 0.000070
1849 0.000117
1850 0.000040
1851 0.000026
1852 0.000037
1853 0.000026
1854 0.000052
1855 0.000048
1856 0.000056
1857 0.000062
1858 0.000069
1859 0.000044
1860 0.000118
1861 0.000172
1862 0.000092
1863 0.000170
1864 0.000044
1865 0.000143
1866 0.000152
1867 0.000185
1868 0.000094
1869 0.000055
1870 0.000038
1871 0.000026
1872 0.000026
1873 0.000022
1874 0.000083
1875 0.000075
1876 0.000193
1877 0.000070
1878 0.000094
1879 0.000059
1880 0.000109
1881 0.000138
1882 0.000132
1883 0.000127
1884 0.000160
1885 0.000083
1886 0.000061
1887 0.000046
1888 0.000054
1889 0.000071
1890 0.000193
1891 0.000225
1892 0.000101
1893 0.000044
1894 0.000027
1895 0.000038
1896 0.000073
1897 0.000077
1898 0.000127
1899 0.000051
1900 0.000099
1901 0.000117
1902 0.000076
1903 0.000080
1904 0.000049
1905 0.000112
1906 0.000138
1907 0.000173
1908 0.000044
1909 0.000053
1910 0.000071
1911 0.000045
1912 0.000094
1913 0.000095
1914 0.000042
1915 0.000033
1916 0.000043
1917 0.000068
1918 0.000073
1919 0.000249
1920 0.000198
1921 0.000099
1922 0.000139
1923 0.000199
1924 0.000158
1925 0.000060
1926 0.000117
1927 0.000118
1928 0.000167
1929 0.000093
1930 0.000094
1931 0.000113
1932 0.000047
1933 0.000035
1934 0.000083
1935 0.000098
1936 0.000098
1937 0.000042
1938 0.000096
1939 0.000081
1940 0.000098
1941 0.000099
1942 0.000133
1943 0.000157
1944 0.000181
1945 0.000305
1946 0.000111
1947 0.000144
1948 0.000137
1949 0.000151
1950 0.000079
1951 0.000081
1952 0.000075
1953 0.000101
1954 0.000109
1955 0.000108
1956 0.000076
1957 0.000084
1958 0.000212
1959 0.000183
1960 0.000115
1961 0.000039
1962 0.000084
1963 0.000069
1964 0.000080
1965 0.000046
1966 0.000098
1967 0.000134
1968 0.000128
1969 0.000186
1970 0.000198
1971 0.000221
1972 0.000193
1973 0.000184
1974 0.000172
1975 0.000119
1976 0.000135
1977 0.000149
1978 0.000096
1979 0.000097
1980 0.000142
1981 0.000076
1982 0.000036
1983 0.000087
1984 0.000126
1985 0.000051
1986 0.000081
1987 0.000084
1988 0.000051
1989 0.000029
1990 0.000137
1991 0.000218
1992 0.000241
1993 0.000117
1994 0.000115
1995 0.000150
1996 0.000142
1997 0.000136
1998 0.000189
1999 0.000113
2000 0.000118
2001 0.000119
2002 0.000099
2003 0.000119
2004 0.000049
2005 0.000189
2006 0.000069
2007 0.000143
2008 0.000127
2009 0.000122
2010 0.000133
2011 0.000053
2012 0.000087
2013 0.000055
2014 0.000102
2015 0.000037
2016 0.000099
2017 0.000118
2018 0.000160
2019 0.000083
2020 0.000117
2021 0.000065
2022 0.000029
2023 0.000027
2024 0.000038
2025 0.000169
2026 0.000075
2027 0.000095
2028 0.000090
2029 0.000053
2030 0.000030
2031 0.000110
2032 0.000238
2033 0.000217
2034 0.000167
2035 0.000116
2036 0.000074
2037 0.000097
2038 0.000149
2039 0.000057
2040 0.000064
2041 0.000103
2042 0.000124
2043 0.000114
2044 0.000327
2045 0.000293
2046 0.000332
2047 0.000156
2048 0.000122
2049 0.000144
2050 0.000056
2051 0.000062
2052 0.000107
2053 0.000070
2054 0.000074
2055 0.000078
2056 0.000137
2057 0.000073
2058 0.000136
2059 0.000054
2060 0.000104
2061 0.000044
2062 0.000185
2063 0.000068
2064 0.000074
2065 0.000073
2066 0.000036
2067 0.000161
2068 0.000083
2069 0.000082
2070 0.000129
2071 0.000085
2072 0.000116
2073 0.000164
2074 0.000085
2075 0.000111
2076 0.000046
2077 0.000141
2078 0.000135
2079 0.000139
2080 0.000085
2081 0.000046
2082 0.000168
2083 0.000111
2084 0.000062
2085 0.000109
2086 0.000061
2087 0.000067
2088 0.000072
2089 0.000053
2090 0.000065
2091 0.000071
2092 0.000142
2093 0.000082
2094 0.000085
2095 0.000078
2096 0.000048
2097 0.000048
2098 0.000035
2099 0.000025
2100 0.000084
2101 0.000225
2102 0.000157
2103 0.000060
2104 0.000076
2105 0.000076
2106 0.000080
2107 0.000057
2108 0.000064
2109 0.000069
2110 0.000035
2111 0.000103
2112 0.000063
2113 0.000087
2114 0.000102
2115 0.000102
2116 0.000157
2117 0.000059
2118 0.000040
2119 0.000059
2120 0.000040
2121 0.000085
2122 0.000080
2123 0.000049
2124 0.000029
2125 0.000158
2126 0.000091
2127 0.000090
2128 0.000053
2129 0.000060
2130 0.000095
2131 0.000121
2132 0.000145
2133 0.000056
2134 0.000078
2135 0.000108
2136 0.000136
2137 0.000054
2138 0.000061
2139 0.000041
2140 0.000106
2141 0.000105
2142 0.000170
2143 0.000063
2144 0.000160
2145 0.000077
2146 0.000160
2147 0.000166
2148 0.000094
2149 0.000117
2150 0.000094
2151 0.000065
2152 0.000070
2153 0.000093
2154 0.000031
2155 0.000041
2156 0.000129
2157 0.000084
2158 0.000202
2159 0.000186
2160 0.000173
2161 0.000064
2162 0.000173
2163 0.000186
2164 0.000290
2165 0.000193
2166 0.000179
2167 0.000176
2168 0.000126
2169 0.000122
2170 0.000141
2171 0.000080
2172 0.000112
2173 0.000073
2174 0.000092
2175 0.000092
2176 0.000142
2177 0.000209
2178 0.000185
2179 0.000113
2180 0.000110
2181 0.000108
2182 0.000038
2183 0.000098
2184 0.000059
2185 0.000065
2186 0.000033
2187 0.000130
2188 0.000070
2189 0.000073
2190 0.000031
2191 0.000066
2192 0.000066
2193 0.000125
2194 0.000116
2195 0.000094
2196 0.000055
2197 0.000128
2198 0.000061
2199 0.000065
2200 0.000048
2201 0.000044
2202 0.000027
2203 0.000100
2204 0.000130
2205 0.000090
2206 0.000114
2207 0.000057
2208 0.000119
2209 0.000284
2210 0.000197
2211 0.000071
2212 0.000143
2213 0.000143
2214 0.000137
2215 0.000148
2216 0.000109
2217 0.000108
2218 0.000128
2219 0.000124
2220 0.000097
2221 0.000150
2222 0.000095
2223 0.000096
2224 0.000162
2225 0.000151
2226 0.000173
2227 0.000087
2228 0.000052
2229 0.000059
2230 0.000071
2231 0.000079
2232 0.000096
2233 0.000129
2234 0.000051
2235 0.000079
2236 0.000049
2237 0.000090
2238 0.000106
2239 0.000105
2240 0.000121
2241 0.000117
2242 0.000132
2243 0.000098
2244 0.000094
2245 0.000140
2246 0.000085
2247 0.000088
2248 0.000069
2249 0.000124
2250 0.000120
2251 0.000159
2252 0.000136
2253 0.000107
2254 0.000079
2255 0.000083
2256 0.000057
2257 0.000048
2258 0.000029
2259 0.000088
2260 0.000111
2261 0.000106
2262 0.000079
2263 0.000048
2264 0.000036
2265 0.000090
2266 0.000053
2267 0.000070
2268 0.000095
2269 0.000096
2270 0.000096
2271 0.000150
2272 0.000157
2273 0.000149
2274 0.000057
2275 0.000126
2276 0.000161
2277 0.000083
2278 0.000110
2279 0.000163
2280 0.000236
2281 0.000127
2282 0.000114
2283 0.000047
2284 0.000080
2285 0.000166
2286 0.000085
2287 0.000097
2288 0.000181
2289 0.000129
2290 0.000084
2291 0.000108
2292 0.000141
2293 0.000122
2294 0.000050
2295 0.000143
2296 0.000217
2297 0.000137
2298 0.000085
2299 0.000138
2300 0.000148
2301 0.000057
2302 0.000039
2303 0.000032
2304 0.000022
2305 0.000115
2306 0.000039
2307 0.000049
2308 0.000094
2309 0.000042
2310 0.000143
2311 0.000076
2312 0.000184
2313 0.000255
2314 0.000236
2315 0.000082
2316 0.000071
2317 0.000035
2318 0.000025
2319 0.000022
2320 0.000024
2321 0.000025
2322 0.000083
2323 0.000050
2324 0.000058
2325 0.000040
2326 0.000032
2327 0.000058
2328 0.000040
2329 0.000049
2330 0.000025
2331 0.000048
2332 0.000056
2333 0.000034
2334 0.000119
2335 0.000088
2336 0.000100
2337 0.000057
2338 0.000054
2339 0.000106
2340 0.000150
2341 0.000211
2342 0.000105
2343 0.000208
2344 0.000262
2345 0.000141
2346 0.000075
2347 0.000079
2348 0.000048
2349 0.000099
2350 0.000080
2351 0.000061
2352 0.000084
2353 0.000077
2354 0.000059
2355 0.000116
2356 0.000060
2357 0.000214
2358 0.000119
2359 0.000049
2360 0.000036
2361 0.000025
2362 0.000182
2363 0.000140
2364 0.000087
2365 0.000064
2366 0.000042
2367 0.000140
2368 0.000106
2369 0.000218
2370 0.000112
2371 0.000047
2372 0.000028
2373 0.000027
2374 0.000078
2375 0.000037
2376 0.000049
2377 0.000042
2378 0.000101
2379 0.000058
2380 0.000051
2381 0.000029
2382 0.000105
2383 0.000118
2384 0.000116
2385 0.000125
2386 0.000137
2387 0.000144
2388 0.000076
2389 0.000080
2390 0.000119
2391 0.000236
2392 0.000259
2393 0.000102
2394 0.000089
2395 0.000108
2396 0.000133
2397 0.000053
2398 0.000172
2399 0.000102
2400 0.000095
2401 0.000055
2402 0.000045
2403 0.000115
2404 0.000160
2405 0.000060
2406 0.000154
2407 0.000080
2408 0.000071
2409 0.000076
2410 0.000162
2411 0.000181
2412 0.000169
2413 0.000144
2414 0.000046
2415 0.000058
2416 0.000087
2417 0.000040
2418 0.000062
2419 0.000119
2420 0.000092
2421 0.000102
2422 0.000180
2423 0.000264
2424 0.000138
2425 0.000213
2426 0.000196
2427 0.000259
2428 0.000346
2429 0.000362
2430 0.000077
2431 0.000069
2432 0.000074
2433 0.000046
2434 0.000092
2435 0.000121
2436 0.000041
2437 0.000032
2438 0.000024
2439 0.000090
2440 0.000053
2441 0.000061
2442 0.000041
2443 0.000053
2444 0.000138
2445 0.000159
2446 0.000060
2447 0.000041
2448 0.000049
2449 0.000036
2450 0.000056
2451 0.000141
2452 0.000069
2453 0.000074
2454 0.000077
2455 0.000077
2456 0.000094
2457 0.000158
2458 0.000176
2459 0.000109
2460 0.000107
2461 0.000106
2462 0.000105
2463 0.000060
2464 0.000071
2465 0.000165
2466 0.000085
2467 0.000133
2468 0.000128
2469 0.000127
2470 0.000051
2471 0.000122
2472 0.000118
2473 0.000223
2474 0.000110
2475 0.000108
2476 0.000046
2477 0.000074
2478 0.000115
2479 0.000048
2480 0.000056
2481 0.000052
2482 0.000056
2483 0.000031
2484 0.000103
2485 0.000059
2486 0.000065
2487 0.000173
2488 0.000116
2489 0.000100
2490 0.000100
2491 0.000161
2492 0.000049
2493 0.000103
2494 0.000127
2495 0.000091
2496 0.000054
2497 0.000053
2498 0.000075
2499 0.000042
2500 0.000066
2501 0.000043
2502 0.000107
2503 0.000198
2504 0.000071
2505 0.000073
2506 0.000077
2507 0.000220
2508 0.000202
2509 0.000135
2510 0.000110
2511 0.000140
2512 0.000074
2513 0.000093
2514 0.000080
2515 0.000131
2516 0.000034
2517 0.000045
2518 0.000124
2519 0.000105
2520 0.000104
2521 0.000056
2522 0.000089
2523 0.000102
2524 0.000058
2525 0.000049
2526 0.000056
2527 0.000039
2528 0.000047
2529 0.000078
2530 0.000058
2531 0.000074
2532 0.000036
2533 0.000048
2534 0.000029
2535 0.000038
2536 0.000074
2537 0.000095
2538 0.000042
2539 0.000050
2540 0.000029
2541 0.000049
2542 0.000057
2543 0.000031
2544 0.000041
2545 0.000093
2546 0.000146
2547 0.000148
2548 0.000087
2549 0.000103
2550 0.000103
2551 0.000128
2552 0.000124
2553 0.000155
2554 0.000079
2555 0.000082
2556 0.000050
2557 0.000079
2558 0.000112
2559 0.000078
2560 0.000067
2561 0.000149
2562 0.000098
2563 0.000181
2564 0.000254
2565 0.000229
2566 0.000258
2567 0.000150
2568 0.000175
2569 0.000179
2570 0.000118
2571 0.000117
2572 0.000147
2573 0.000176
2574 0.000065
2575 0.000061
2576 0.000065
2577 0.000076
2578 0.000139
2579 0.000074
2580 0.000078
2581 0.000037
2582 0.000063
2583 0.000033
2584 0.000051
2585 0.000082
2586 0.000091
2587 0.000093
2588 0.000089
2589 0.000190
2590 0.000069
2591 0.000044
2592 0.000108
2593 0.000148
2594 0.000126
2595 0.000051
2596 0.000117
2597 0.000195
2598 0.000181
2599 0.000265
2600 0.000071
2601 0.000107
2602 0.000115
2603 0.000195
2604 0.000181
2605 0.000092
2606 0.000070
2607 0.000056
2608 0.000039
2609 0.000023
2610 0.000025
2611 0.000026
2612 0.000022
2613 0.000021
2614 0.000020
2615 0.000068
2616 0.000062
2617 0.000092
2618 0.000093
2619 0.000091
2620 0.000107
2621 0.000079
2622 0.000119
2623 0.000173
2624 0.000251
2625 0.000176
2626 0.000086
2627 0.000051
2628 0.000037
2629 0.000068
2630 0.000034
2631 0.000060
2632 0.000124
2633 0.000186
2634 0.000094
2635 0.000055
2636 0.000131
2637 0.000080
2638 0.000068
2639 0.000207
2640 0.000103
2641 0.000103
2642 0.000059
2643 0.000135
2644 0.000120
2645 0.000066
2646 0.000088
2647 0.000052
2648 0.000059
2649 0.000066
2650 0.000123
2651 0.000210
2652 0.000104
2653 0.000186
2654 0.000173
2655 0.000185
2656 0.000248
2657 0.000191
2658 0.000081
2659 0.000145
2660 0.000074
2661 0.000047
2662 0.000055
2663 0.000061
2664 0.000041
2665 0.000027
2666 0.000026
2667 0.000037
2668 0.000047
2669 0.000117
2670 0.000112
2671 0.000141
2672 0.000144
2673 0.000076
2674 0.000082
2675 0.000105
2676 0.000059
2677 0.000040
2678 0.000067
2679 0.000101
2680 0.000151
2681 0.000143
2682 0.000137
2683 0.000179
2684 0.000259
2685 0.000117
2686 0.000159
2687 0.000091
2688 0.000068
2689 0.000034
2690 0.000065
2691 0.000207
2692 0.000211
2693 0.000223
2694 0.000110
2695 0.000088
2696 0.000141
2697 0.000135
2698 0.000179
2699 0.000285
2700 0.000316
2701 0.000357
2702 0.000167
2703 0.000244
2704 0.000119
2705 0.000163
2706 0.000061
2707 0.000154
2708 0.000072
2709 0.000045
2710 0.000102
2711 0.000199
2712 0.000122
2713 0.000148
2714 0.000047
2715 0.000055
2716 0.000058
2717 0.000068
2718 0.000088
2719 0.000090
2720 0.000100
2721 0.000058
2722 0.000055
2723 0.000043
2724 0.000042
2725 0.000097
2726 0.000043
2727 0.000024
2728 0.000200
2729 0.000100
2730 0.000133
2731 0.000071
2732 0.000094
2733 0.000055
2734 0.000038
2735 0.000048
2736 0.000101
2737 0.000058
2738 0.000114
2739 0.000165
2740 0.000124
2741 0.000068
2742 0.000079
2743 0.000082
2744 0.000118
2745 0.000127
2746 0.000142
2747 0.000136
2748 0.000094
2749 0.000095
2750 0.000096
2751 0.000056
2752 0.000039
2753 0.000048
2754 0.000096
2755 0.000042
2756 0.000047
2757 0.000028
2758 0.000104
2759 0.000059
2760 0.000040
2761 0.000081
2762 0.000084
2763 0.000093
2764 0.000124
2765 0.000068
2766 0.000034
2767 0.000051
2768 0.000052
2769 0.000102
2770 0.000058
2771 0.000071
2772 0.000099
2773 0.000080
2774 0.000071
2775 0.000082
2776 0.000154
2777 0.000188
2778 0.000112
2779 0.000061
2780 0.000059
2781 0.000104
2782 0.000104
2783 0.000063
2784 0.000061
2785 0.000118
2786 0.000141
2787 0.000195
2788 0.000262
2789 0.000119
2790 0.000172
2791 0.000161
2792 0.000049
2793 0.000087
2794 0.000122
2795 0.000098
2796 0.000106
2797 0.000045
2798 0.000069
2799 0.000034
2800 0.000022
2801 0.000119
2802 0.000166
2803 0.000164
2804 0.000155
2805 0.000107
2806 0.000106
2807 0.000183
2808 0.000171
2809 0.000088
2810 0.000040
2811 0.000116
2812 0.000083
2813 0.000204
2814 0.000197
2815 0.000251
2816 0.000228
2817 0.000112
2818 0.000228
2819 0.000209
2820 0.000302
2821 0.000272
2822 0.000189
2823 0.000218
2824 0.000200
2825 0.000120
2826 0.000084
2827 0.000103
2828 0.000086
2829 0.000063
2830 0.000085
2831 0.000087
2832 0.000125
2833 0.000093
2834 0.000085
2835 0.000039
2836 0.000048
2837 0.000086
2838 0.000052
2839 0.000037
2840 0.000046
2841 0.000117
2842 0.000048
2843 0.000123
2844 0.000067
2845 0.000038
2846 0.000031
2847 0.000069
2848 0.000074
2849 0.000046
2850 0.000111
2851 0.000147
2852 0.000090
2853 0.000097
2854 0.000092
2855 0.000041
2856 0.000027
2857 0.000038
2858 0.000031
2859 0.000197
2860 0.000071
2861 0.000045
2862 0.000106
2863 0.000120
2864 0.000162
2865 0.000107
2866 0.000192
2867 0.000080
2868 0.000210
2869 0.000104
2870 0.000135
2871 0.000053
2872 0.000037
2873 0.000058
2874 0.000123
2875 0.000120
2876 0.000097
2877 0.000097
2878 0.000104
2879 0.000059
2880 0.000055
2881 0.000084
2882 0.000087
2883 0.000109
2884 0.000076
2885 0.000110
2886 0.000083
2887 0.000050
2888 0.000052
2889 0.000149
2890 0.000178
2891 0.000255
2892 0.000147
2893 0.000203
2894 0.000101
2895 0.000108
2896 0.000235
2897 0.000123
2898 0.000050
2899 0.000119
2900 0.000160
2901 0.000126
2902 0.000068
2903 0.000074
2904 0.000125
2905 0.000121
2906 0.000075
2907 0.000079
2908 0.000093
2909 0.000094
2910 0.000055
2911 0.000200
2912 0.000072
2913 0.000070
2914 0.000093
2915 0.000054
2916 0.000111
2917 0.000046
2918 0.000081
2919 0.000084
2920 0.000196
2921 0.000098
2922 0.000088
2923 0.000088
2924 0.000073
2925 0.000141
2926 0.000035
2927 0.000091
2928 0.000092
2929 0.000112
2930 0.000063
2931 0.000068
2932 0.000060
2933 0.000041
2934 0.000078
2935 0.000061
2936 0.000066
2937 0.000216
2938 0.000150
2939 0.000142
2940 0.000136
2941 0.000146
2942 0.000086
2943 0.000109
2944 0.000158
2945 0.000149
2946 0.000040
2947 0.000032
2948 0.000042
2949 0.000033
2950 0.000034
2951 0.000056
2952 0.000085
2953 0.000064
2954 0.000094
2955 0.000082
2956 0.000070
2957 0.000157
2958 0.000082
2959 0.000127
2960 0.000153
2961 0.000346
2962 0.000225
2963 0.000205
2964 0.000090
2965 0.000091
2966 0.000113
2967 0.000128
2968 0.000204
2969 0.000092
2970 0.000158
2971 0.000149
2972 0.000078
2973 0.000125
2974 0.000068
2975 0.000073
2976 0.000046
2977 0.000101
2978 0.000080
2979 0.000081
2980 0.000084
2981 0.000085
2982 0.000051
2983 0.000043
2984 0.000027
2985 0.000084
2986 0.000051
2987 0.000162
2988 0.000245
2989 0.000230
2990 0.000079
2991 0.000077
2992 0.000071
2993 0.000045
2994 0.000028
2995 0.000067
2996 0.000100
2997 0.000072
2998 0.000063
2999 0.000102
3000 0.000102
3001 0.000058
3002 0.000131
3003 0.000098
3004 0.000114
3005 0.000064
3006 0.000103
3007 0.000271
3008 0.000130
3009 0.000070
3010 0.000081
3011 0.000064
3012 0.000042
3013 0.000089
3014 0.000119
3015 0.000116
3016 0.000125
3017 0.000068
3018 0.000034
3019 0.000030
3020 0.000028
3021 0.000101
3022 0.000136
3023 0.000044
3024 0.000082
3025 0.000078
3026 0.000088
3027 0.000034
3028 0.000123
3029 0.000067
3030 0.000107
3031 0.000068
3032 0.000126
3033 0.000122
3034 0.000189
3035 0.000169
3036 0.000128
3037 0.000105
3038 0.000111
3039 0.000089
3040 0.000111
3041 0.000152
3042 0.000117
3043 0.000085
3044 0.000091
3045 0.000112
3046 0.000153
3047 0.000047
3048 0.000069
3049 0.000152
3050 0.000123
3051 0.000179
3052 0.000183
3053 0.000120
3054 0.000069
3055 0.000074
3056 0.000078
3057 0.000082
3058 0.000097
3059 0.000147
3060 0.000127
3061 0.000123
3062 0.000094
3063 0.000081
3064 0.000094
3065 0.000101
3066 0.000058
3067 0.000081
3068 0.000186
3069 0.000201
3070 0.000177
3071 0.000078
3072 0.000078
3073 0.000143
3074 0.000045
3075 0.000028
3076 0.000041
3077 0.000086
3078 0.000052
3079 0.000110
3080 0.000106
3081 0.000105
3082 0.000105
3083 0.000085
3084 0.000087
3085 0.000089
3086 0.000075
3087 0.000112
3088 0.000086
3089 0.000033
3090 0.000095
3091 0.000096
3092 0.000072
3093 0.000133
3094 0.000154
3095 0.000095
3096 0.000094
3097 0.000154
3098 0.000137
3099 0.000079
3100 0.000110
3101 0.000062
3102 0.000147
3103 0.000057
3104 0.000094
3105 0.000091
3106 0.000140
3107 0.000134
3108 0.000197
3109 0.000182
3110 0.000111
3111 0.000109
3112 0.000108
3113 0.000083
3114 0.000181
3115 0.000092
3116 0.000060
3117 0.000103
3118 0.000205
3119 0.000102
3120 0.000103
3121 0.000044
3122 0.000021
3123 0.000024
3124 0.000113
3125 0.000047
3126 0.000083
3127 0.000145
3128 0.000171
3129 0.000154
3130 0.000128
3131 0.000089
3132 0.000034
3133 0.000121
3134 0.000066
3135 0.000075
3136 0.000156
3137 0.000160
3138 0.000158
3139 0.000084
3140 0.000051
3141 0.000102
3142 0.000074
3143 0.000042
3144 0.000033
3145 0.000029
3146 0.000040
3147 0.000258
3148 0.000313
3149 0.000148
3150 0.000046
3151 0.000099
3152 0.000066
3153 0.000089
3154 0.000089
3155 0.000040
3156 0.000026
3157 0.000049
3158 0.000104
3159 0.000059
3160 0.000100
3161 0.000260
3162 0.000153
3163 0.000171
3164 0.000112
3165 0.000100
3166 0.000036
3167 0.000039
3168 0.000078
3169 0.000060
3170 0.000053
3171 0.000175
3172 0.000089
3173 0.000053
3174 0.000103
3175 0.000168
3176 0.000116
3177 0.000154
3178 0.000220
3179 0.000119
3180 0.000116
3181 0.000089
3182 0.000091
3183 0.000110
3184 0.000062
3185 0.000068
3186 0.000072
3187 0.000093
3188 0.000087
3189 0.000089
3190 0.000121
3191 0.000118
3192 0.000087
3193 0.000053
3194 0.000206
3195 0.000190
3196 0.000207
3197 0.000103
3198 0.000118
3199 0.000115
3200 0.000137
3201 0.000073
3202 0.000072
3203 0.000156
3204 0.000081
3205 0.000072
3206 0.000057
3207 0.000100
3208 0.000161
3209 0.000198
3210 0.000118
3211 0.000120
3212 0.000225
3213 0.000206
3214 0.000248
3215 0.000145
3216 0.000269
3217 0.000244
3218 0.000305
3219 0.000108
3220 0.000088
3221 0.000030
3222 0.000028
3223 0.000023
3224 0.000020
3225 0.000021
3226 0.000045
3227 0.000117
3228 0.000114
3229 0.000063
3230 0.000097
3231 0.000115
3232 0.000064
3233 0.000069
3234 0.000035
3235 0.000032
3236 0.000042
3237 0.000076
3238 0.000045
3239 0.000028
3240 0.000038
3241 0.000076
3242 0.000060
3243 0.000088
3244 0.000197
3245 0.000183
3246 0.000093
3247 0.000138
3248 0.000095
3249 0.000118
3250 0.000113
3251 0.000186
3252 0.000257
3253 0.000124
3254 0.000138
3255 0.000074
3256 0.000078
3257 0.000158
3258 0.000190
3259 0.000176
3260 0.000194
3261 0.000126
3262 0.000140
3263 0.000090
3264 0.000091
3265 0.000054
3266 0.000038
3267 0.000072
3268 0.000068
3269 0.000073
3270 0.000066
3271 0.000101
3272 0.000081
3273 0.000084
3274 0.000039
3275 0.000069
3276 0.000034
3277 0.000030
3278 0.000058
3279 0.000089
3280 0.000053
3281 0.000038
3282 0.000021
3283 0.000086
3284 0.000120
3285 0.000117
3286 0.000158
3287 0.000082
3288 0.000131
3289 0.000082
3290 0.000071
3291 0.000075
3292 0.000082
3293 0.000122
3294 0.000050
3295 0.000026
3296 0.000095
3297 0.000128
3298 0.000042
3299 0.000057
3300 0.000186
3301 0.000094
3302 0.000165
3303 0.000162
3304 0.000061
3305 0.000041
3306 0.000083
3307 0.000050
3308 0.000104
3309 0.000130
3310 0.000135
3311 0.000092
3312 0.000041
3313 0.000112
3314 0.000062
3315 0.000068
3316 0.000110
3317 0.000108
3318 0.000107
3319 0.000060
3320 0.000082
3321 0.000050
3322 0.000074
3323 0.000101
3324 0.000058
3325 0.000031
3326 0.000078
3327 0.000226
3328 0.000188
3329 0.000175
3330 0.000089
3331 0.000138
3332 0.000077
3333 0.000031
3334 0.000060
3335 0.000052
3336 0.000049
3337 0.000099
3338 0.000180
3339 0.000214
3340 0.000197
3341 0.000121
3342 0.000085
3343 0.000039
3344 0.000052
3345 0.000037
3346 0.000031
3347 0.000042
3348 0.000027
3349 0.000086
3350 0.000142
3351 0.000295
3352 0.000204
3353 0.000119
3354 0.000084
3355 0.000086
3356 0.000052
3357 0.000059
3358 0.000032
3359 0.000079
3360 0.000037
3361 0.000047
3362 0.000207
3363 0.000237
3364 0.000122
3365 0.000226
3366 0.000079
3367 0.000082
3368 0.000149
3369 0.000127
3370 0.000051
3371 0.000069
3372 0.000044
3373 0.000143
3374 0.000165
3375 0.000155
3376 0.000121
3377 0.000151
3378 0.000143
3379 0.000137
3380 0.000054
3381 0.000066
3382 0.000109
3383 0.000121
3384 0.000032
3385 0.000029
3386 0.000027
3387 0.000111
3388 0.000151
3389 0.000047
3390 0.000055
3391 0.000096
3392 0.000184
3393 0.000179
3394 0.000167
3395 0.000201
3396 0.000274
3397 0.000326
3398 0.000305
3399 0.000311
3400 0.000352
3401 0.000375
3402 0.000125
3403 0.000087
3404 0.000052
3405 0.000059
3406 0.000040
3407 0.000032
3408 0.000131
3409 0.000107
3410 0.000098
3411 0.000043
3412 0.000024
3413 0.000046
3414 0.000104
3415 0.000129
3416 0.000052
3417 0.000056
3418 0.000130
3419 0.000070
3420 0.000117
3421 0.000040
3422 0.000026
3423 0.000038
3424 0.000031
3425 0.000022
3426 0.000074
3427 0.000199
3428 0.000100
3429 0.000100
3430 0.000100
3431 0.000077
3432 0.000081
3433 0.000098
3434 0.000214
3435 0.000106
3436 0.000091
3437 0.000041
3438 0.000032
3439 0.000042
3440 0.000027
3441 0.000077
3442 0.000113
3443 0.000039
3444 0.000088
3445 0.000101
3446 0.000165
3447 0.000155
3448 0.000081
3449 0.000127
3450 0.000226
3451 0.000233
3452 0.000114
3453 0.000228
3454 0.000162
3455 0.000193
3456 0.000234
3457 0.000115
3458 0.000059
3459 0.000120
3460 0.000066
3461 0.000100
3462 0.000114
3463 0.000063
3464 0.000076
3465 0.000281
3466 0.000254
3467 0.000187
3468 0.000068
3469 0.000073
3470 0.000124
3471 0.000084
3472 0.000140
3473 0.000180
3474 0.000183
3475 0.000130
3476 0.000095
3477 0.000182
3478 0.000092
3479 0.000041
3480 0.000064
3481 0.000082
3482 0.000050
3483 0.000029
3484 0.000043
3485 0.000051
3486 0.000061
3487 0.000067
3488 0.000042
3489 0.000089
3490 0.000053
3491 0.000060
3492 0.000148
3493 0.000161
3494 0.000134
3495 0.000082
3496 0.000072
3497 0.000062
3498 0.000130
3499 0.000070
3500 0.000149
3501 0.000078
3502 0.000100
3503 0.000100
3504 0.000058
3505 0.000133
3506 0.000141
3507 0.000119
3508 0.000122
3509 0.000135
3510 0.000173
3511 0.000162
3512 0.000116
3513 0.000129
3514 0.000109
3515 0.000118
3516 0.000096
3517 0.000042
3518 0.000058
3519 0.000040
3520 0.000079
3521 0.000107
3522 0.000061
3523 0.000117
3524 0.000105
3525 0.000120
3526 0.000121
3527 0.000132
3528 0.000090
3529 0.000080
3530 0.000078
3531 0.000081
3532 0.000084
3533 0.000103
3534 0.000076
3535 0.000080
3536 0.000160
3537 0.000174
3538 0.000366
3539 0.000343
3540 0.000161
3541 0.000083
3542 0.000105
3543 0.000110
3544 0.000233
3545 0.000114
3546 0.000112
3547 0.000080
3548 0.000073
3549 0.000046
3550 0.000141
3551 0.000069
3552 0.000130
3553 0.000043
3554 0.000109
3555 0.000159
3556 0.000150
3557 0.000095
3558 0.000055
3559 0.000062
3560 0.000137
3561 0.000187
3562 0.000095
3563 0.000059
3564 0.000040
3565 0.000081
3566 0.000084
3567 0.000204
3568 0.000073
3569 0.000077
3570 0.000117
3571 0.000114
3572 0.000063
3573 0.000046
3574 0.000104
3575 0.000044
3576 0.000054
3577 0.000044
3578 0.000122
3579 0.000134
3580 0.000072
3581 0.000046
3582 0.000073
3583 0.000114
3584 0.000063
3585 0.000085
3586 0.000088
3587 0.000052
3588 0.000209
3589 0.000104
3590 0.000162
3591 0.000170
3592 0.000128
3593 0.000078
3594 0.000160
3595 0.000111
3596 0.000070
3597 0.000045
3598 0.000046
3599 0.000034
3600 0.000084
3601 0.000051
3602 0.000237
3603 0.000250
3604 0.000227
3605 0.000234
3606 0.000278
3607 0.000251
3608 0.000168
3609 0.000245
3610 0.000158
3611 0.000149
3612 0.000194
3613 0.000133
3614 0.000202
3615 0.000280
3616 0.000253
3617 0.000236
3618 0.000115
3619 0.000064
3620 0.000083
3621 0.000038
3622 0.000048
3623 0.000025
3624 0.000060
3625 0.000040
3626 0.000032
3627 0.000126
3628 0.000119
3629 0.000049
3630 0.000100
3631 0.000121
3632 0.000080
3633 0.000038
3634 0.000101
3635 0.000140
3636 0.000134
3637 0.000072
3638 0.000107
3639 0.000115
3640 0.000132
3641 0.000092
3642 0.000201
3643 0.000089
3644 0.000034
3645 0.000084
3646 0.000087
3647 0.000104
3648 0.000059
3649 0.000073
3650 0.000036
3651 0.000058
3652 0.000065
3653 0.000085
3654 0.000071
3655 0.000054
3656 0.000044
3657 0.000027
3658 0.000023
3659 0.000025
3660 0.000025
3661 0.000123
3662 0.000106
3663 0.000135
3664 0.000126
3665 0.000051
3666 0.000026
3667 0.000037
3668 0.000045
3669 0.000051
3670 0.000072
3671 0.000161
3672 0.000208
3673 0.000252
3674 0.000230
3675 0.000080
3676 0.000121
3677 0.000121
3678 0.000118
3679 0.000065
3680 0.000091
3681 0.000054
3682 0.000030
3683 0.000050
3684 0.000108
3685 0.000061
3686 0.000067
3687 0.000070
3688 0.000074
3689 0.000078
3690 0.000037
3691 0.000108
3692 0.000166
3693 0.000123
3694 0.000188
3695 0.000175
3696 0.000164
3697 0.000073
3698 0.000092
3699 0.000100
3700 0.000058
3701 0.000099
3702 0.000129
3703 0.000122
3704 0.000067
3705 0.000095
3706 0.000095
3707 0.000129
3708 0.000207
3709 0.000112
3710 0.000079
3711 0.000114
3712 0.000090
3713 0.000041
3714 0.000080
3715 0.000198
3716 0.000148
3717 0.000203
3718 0.000188
3719 0.000247
3720 0.000225
3721 0.000160
3722 0.000140
3723 0.000244
3724 0.000223
3725 0.000133
3726 0.000146
3727 0.000056
3728 0.000063
3729 0.000113
3730 0.000047
3731 0.000055
3732 0.000073
3733 0.000159
3734 0.000083
3735 0.000111
3736 0.000090
3737 0.000144
3738 0.000117
3739 0.000115
3740 0.000113
3741 0.000111
3742 0.000062
3743 0.000068
3744 0.000077
3745 0.000051
3746 0.000072
3747 0.000101
3748 0.000045
3749 0.000054
3750 0.000057
3751 0.000156
3752 0.000197
3753 0.000218
3754 0.000200
3755 0.000072
3756 0.000035
3757 0.000030
3758 0.000041
3759 0.000037
3760 0.000117
3761 0.000103
3762 0.000114
3763 0.000150
3764 0.000173
3765 0.000116
3766 0.000181
3767 0.000092
3768 0.000057
3769 0.000050
3770 0.000036
3771 0.000030
3772 0.000028
3773 0.000021
3774 0.000021
3775 0.000024
3776 0.000050
3777 0.000147
3778 0.000140
3779 0.000082
3780 0.000085
3781 0.000092
3782 0.000142
3783 0.000055
3784 0.000062
3785 0.000149
3786 0.000079
3787 0.000064
3788 0.000033
3789 0.000055
3790 0.000089
3791 0.000090
3792 0.000110
3793 0.000171
3794 0.000173
3795 0.000063
3796 0.000042
3797 0.000027
3798 0.000026
3799 0.000079
3800 0.000096
3801 0.000121
3802 0.000067
3803 0.000097
3804 0.000098
3805 0.000036
3806 0.000127
3807 0.000069
3808 0.000030
3809 0.000050
3810 0.000077
3811 0.000072
3812 0.000046
3813 0.000090
3814 0.000154
3815 0.000144
3816 0.000076
3817 0.000054
3818 0.000038
3819 0.000023
3820 0.000025
3821 0.000053
3822 0.000094
3823 0.000244
3824 0.000270
3825 0.000245
3826 0.000246
3827 0.000085
3828 0.000154
3829 0.000246
3830 0.000120
3831 0.000117
3832 0.000105
3833 0.000125
3834 0.000148
3835 0.000094
3836 0.000122
3837 0.000155
3838 0.000081
3839 0.000151
3840 0.000246
3841 0.000085
3842 0.000087
3843 0.000089
3844 0.000079
3845 0.000137
3846 0.000189
3847 0.000135
3848 0.000090
3849 0.000122
3850 0.000067
3851 0.000062
3852 0.000130
3853 0.000125
3854 0.000140
3855 0.000149
3856 0.000057
3857 0.000039
3858 0.000072
3859 0.000167
3860 0.000187
3861 0.000189
3862 0.000128
3863 0.000158
3864 0.000106
3865 0.000114
3866 0.000137
3867 0.000131
3868 0.000126
3869 0.000036
3870 0.000074
3871 0.000094
3872 0.000074
3873 0.000036
3874 0.000072
3875 0.000045
3876 0.000169
3877 0.000159
3878 0.000123
3879 0.000119
3880 0.000126
3881 0.000051
3882 0.000036
3883 0.000056
3884 0.000070
3885 0.000126
3886 0.000091
3887 0.000092
3888 0.000035
3889 0.000041
3890 0.000146
3891 0.000056
3892 0.000039
3893 0.000111
3894 0.000062
3895 0.000082
3896 0.000038
3897 0.000026
3898 0.000020
3899 0.000032
3900 0.000055
3901 0.000212
3902 0.000109
3903 0.000046
3904 0.000028
3905 0.000039
3906 0.000032
3907 0.000097
3908 0.000056
3909 0.000039
3910 0.000070
3911 0.000102
3912 0.000118
3913 0.000138
3914 0.000038
3915 0.000068
3916 0.000063
3917 0.000060
3918 0.000105
3919 0.000131
3920 0.000160
3921 0.000083
3922 0.000086
3923 0.000111
3924 0.000046
3925 0.000050
3926 0.000045
3927 0.000153
3928 0.000184
3929 0.000149
3930 0.000138
3931 0.000160
3932 0.000104
3933 0.000160
3934 0.000161
3935 0.000067
3936 0.000083
3937 0.000132
3938 0.000139
3939 0.000170
3940 0.000118
3941 0.000065
3942 0.000089
3943 0.000074
3944 0.000074
3945 0.000137
3946 0.000178
3947 0.000166
3948 0.000052
3949 0.000064
3950 0.000042
3951 0.000033
3952 0.000029
3953 0.000075
3954 0.000120
3955 0.000117
3956 0.000121
3957 0.000118
3958 0.000066
3959 0.000050
3960 0.000026
3961 0.000106
3962 0.000091
3963 0.000111
3964 0.000110
3965 0.000121
3966 0.000175
3967 0.000064
3968 0.000033
3969 0.000108
3970 0.000132
3971 0.000053
3972 0.000037
3973 0.000047
3974 0.000056
3975 0.000062
3976 0.000041
3977 0.000153
3978 0.000140
3979 0.000158
3980 0.000049
3981 0.000039
3982 0.000080
3983 0.000102
3984 0.000186
3985 0.000173
3986 0.000083
3987 0.000082
3988 0.000177
3989 0.000166
3990 0.000120
3991 0.000066
3992 0.000043
3993 0.000107
3994 0.000106
3995 0.000060
3996 0.000084
3997 0.000081
3998 0.000168
3999 0.000087
4000 0.000071
4001 0.000100
4002 0.000079
4003 0.000087
4004 0.000089
4005 0.000186
4006 0.000094
4007 0.000105
4008 0.000191
4009 0.000135
4010 0.000163
4011 0.000218
4012 0.000211
4013 0.000093
4014 0.000084
4015 0.000079
4016 0.000082
4017 0.000050
4018 0.000061
4019 0.000066
4020 0.000029
4021 0.000046
4022 0.000059
4023 0.000055
4024 0.000162
4025 0.000122
4026 0.000079
4027 0.000095
4028 0.000056
4029 0.000057
4030 0.000031
4031 0.000041
4032 0.000077
4033 0.000072
4034 0.000087
4035 0.000089
4036 0.000053
4037 0.000091
4038 0.000118
4039 0.000079
4040 0.000082
4041 0.000109
4042 0.000061
4043 0.000105
4044 0.000090
4045 0.000066
4046 0.000066
4047 0.000164
4048 0.000188
4049 0.000109
4050 0.000139
4051 0.000326
4052 0.000106
4053 0.000109
4054 0.000108
4055 0.000046
4056 0.000065
4057 0.000091
4058 0.000119
4059 0.000116
4060 0.000113
4061 0.000136
4062 0.000131
4063 0.000071
4064 0.000048
4065 0.000219
4066 0.000201
4067 0.000072
4068 0.000150
4069 0.000166
4070 0.000097
4071 0.000123
4072 0.000160
4073 0.000093
4074 0.000054
4075 0.000078
4076 0.000137
4077 0.000165
4078 0.000187
4079 0.000083
4080 0.000061
4081 0.000032
4082 0.000147
4083 0.000177
4084 0.000100
4085 0.000157
4086 0.000255
4087 0.000291
4088 0.000115
4089 0.000113
4090 0.000034
4091 0.000053
4092 0.000106
4093 0.000126
4094 0.000158
4095 0.000157
4096 0.000159
4097 0.000206
4098 0.000086
4099 0.000088
4100 0.000158
4101 0.000133
4102 0.000078
4103 0.000073
4104 0.000095
4105 0.000200
4106 0.000117
4107 0.000065
4108 0.000153
4109 0.000145
4110 0.000155
4111 0.000201
4112 0.000186
4113 0.000133
4114 0.000173
4115 0.000275
4116 0.000176
4117 0.000179
4118 0.000167
4119 0.000086
4120 0.000052
4121 0.000026
4122 0.000047
4123 0.000051
4124 0.000056
4125 0.000062
4126 0.000056
4127 0.000059
4128 0.000046
4129 0.000035
4130 0.000030
4131 0.000197
4132 0.000127
4133 0.000104
4134 0.000122
4135 0.000118
4136 0.000065
4137 0.000059
4138 0.000052
4139 0.000114
4140 0.000047
4141 0.000025
4142 0.000030
4143 0.000040
4144 0.000080
4145 0.000049
4146 0.000106
4147 0.000205
4148 0.000135
4149 0.000156
4150 0.000067
4151 0.000058
4152 0.000108
4153 0.000033
4154 0.000043
4155 0.000024
4156 0.000022
4157 0.000067
4158 0.000072
4159 0.000095
4160 0.000055
4161 0.000027
4162 0.000038
4163 0.000076
4164 0.000088
4165 0.000052
4166 0.000030
4167 0.000083
4168 0.000050
4169 0.000048
4170 0.000104
4171 0.000213
4172 0.000116
4173 0.000114
4174 0.000182
4175 0.000199
4176 0.000116
4177 0.000073
4178 0.000046
4179 0.000109
4180 0.000108
4181 0.000141
4182 0.000083
4183 0.000156
4184 0.000177
4185 0.000113
4186 0.000179
4187 0.000168
4188 0.000086
4189 0.000137
4190 0.000106
4191 0.000063
4192 0.000077
4193 0.000056
4194 0.000062
4195 0.000033
4196 0.000024
4197 0.000025
4198 0.000049
4199 0.000029
4200 0.000051
4201 0.000093
4202 0.000094
4203 0.000117
4204 0.000057
4205 0.000140
4206 0.000072
4207 0.000090
4208 0.000065
4209 0.000051
4210 0.000116
4211 0.000114
4212 0.000129
4213 0.000124
4214 0.000148
4215 0.000145
4216 0.000105
4217 0.000101
4218 0.000131
4219 0.000142
4220 0.000141
4221 0.000086
4222 0.000065
4223 0.000108
4224 0.000134
4225 0.000129
4226 0.000070
4227 0.000062
4228 0.000041
4229 0.000064
4230 0.000069
4231 0.000102
4232 0.000044
4233 0.000034
4234 0.000110
4235 0.000073
4236 0.000069
4237 0.000125
4238 0.000111
4239 0.000062
4240 0.000026
4241 0.000059
4242 0.000032
4243 0.000036
4244 0.000046
4245 0.000083
4246 0.000159
4247 0.000229
4248 0.000163
4249 0.000084
4250 0.000103
4251 0.000069
4252 0.000108
4253 0.000107
4254 0.000095
4255 0.000120
4256 0.000117
4257 0.000059
4258 0.000023
4259 0.000100
4260 0.000057
4261 0.000103
4262 0.000103
4263 0.000142
4264 0.000111
4265 0.000062
4266 0.000118
4267 0.000150
4268 0.000162
4269 0.000179
4270 0.000091
4271 0.000244
4272 0.000119
4273 0.000196
4274 0.000257
4275 0.000168
4276 0.000193
4277 0.000235
4278 0.000163
4279 0.000061
4280 0.000080
4281 0.000123
4282 0.000127
4283 0.000102
4284 0.000108
4285 0.000107
4286 0.000172
4287 0.000161
4288 0.000171
4289 0.000088
4290 0.000088
4291 0.000119
4292 0.000117
4293 0.000079
4294 0.000100
4295 0.000104
4296 0.000085
4297 0.000084
4298 0.000063
4299 0.000102
4300 0.000140
4301 0.000161
4302 0.000083
4303 0.000076
4304 0.000031
4305 0.000042
4306 0.000033
4307 0.000109
4308 0.000108
4309 0.000206
4310 0.000208
4311 0.000294
4312 0.000338
4313 0.000159
4314 0.000042
4315 0.000051
4316 0.000058
4317 0.000040
4318 0.000070
4319 0.000075
4320 0.000071
4321 0.000113
4322 0.000211
4323 0.000105
4324 0.000045
4325 0.000034
4326 0.000054
4327 0.000030
4328 0.000159
4329 0.000087
4330 0.000130
4331 0.000144
4332 0.000056
4333 0.000098
4334 0.000110
4335 0.000129
4336 0.000125
4337 0.000172
4338 0.000088
4339 0.000090
4340 0.000059
4341 0.000032
4342 0.000035
4343 0.000093
4344 0.000055
4345 0.000174
4346 0.000064
4347 0.000199
4348 0.000184
4349 0.000065
4350 0.000043
4351 0.000033
4352 0.000043
4353 0.000052
4354 0.000070
4355 0.000073
4356 0.000077
4357 0.000048
4358 0.000070
4359 0.000045
4360 0.000053
4361 0.000030
4362 0.000061
4363 0.000060
4364 0.000066
4365 0.000079
4366 0.000037
4367 0.000031
4368 0.000028
4369 0.000039
4370 0.000115
4371 0.000113
4372 0.000163
4373 0.000057
4374 0.000222
4375 0.000165
4376 0.000110
4377 0.000141
4378 0.000075
4379 0.000171
4380 0.000051
4381 0.000059
4382 0.000065
4383 0.000105
4384 0.000051
4385 0.000071
4386 0.000045
4387 0.000028
4388 0.000039
4389 0.000090
4390 0.000053
4391 0.000030
4392 0.000085
4393 0.000101
4394 0.000092
4395 0.000046
4396 0.000054
4397 0.000075
4398 0.000136
4399 0.000118
4400 0.000065
4401 0.000070
4402 0.000084
4403 0.000170
4404 0.000233
4405 0.000181
4406 0.000169
4407 0.000187
4408 0.000068
4409 0.000073
4410 0.000036
4411 0.000069
4412 0.000200
4413 0.000100
4414 0.000100
4415 0.000301
4416 0.000294
4417 0.000140
4418 0.000107
4419 0.000052
4420 0.000037
4421 0.000077
4422 0.000037
4423 0.000049
4424 0.000057
4425 0.000031
4426 0.000089
4427 0.000091
4428 0.000135
4429 0.000083
4430 0.000075
4431 0.000158
4432 0.000088
4433 0.000053
4434 0.000109
4435 0.000066
4436 0.000071
4437 0.000055
4438 0.000038
4439 0.000048
4440 0.000035
4441 0.000030
4442 0.000087
4443 0.000119
4444 0.000049
4445 0.000042
4446 0.000098
4447 0.000100
4448 0.000141
4449 0.000135
4450 0.000105
4451 0.000188
4452 0.000131
4453 0.000091
4454 0.000138
4455 0.000063
4456 0.000042
4457 0.000033
4458 0.000069
4459 0.000132
4460 0.000043
4461 0.000070
4462 0.000091
4463 0.000069
4464 0.000077
4465 0.000086
4466 0.000052
4467 0.000066
4468 0.000075
4469 0.000028
4470 0.000027
4471 0.000038
4472 0.000059
4473 0.000098
4474 0.000112
4475 0.000063
4476 0.000067
4477 0.000168
4478 0.000086
4479 0.000057
4480 0.000063
4481 0.000073
4482 0.000084
4483 0.000088
4484 0.000041
4485 0.000066
4486 0.000069
4487 0.000096
4488 0.000074
4489 0.000126
4490 0.000138
4491 0.000032
4492 0.000037
4493 0.000064
4494 0.000111
4495 0.000062
4496 0.000106
4497 0.000088
4498 0.000151
4499 0.000057
4500 0.000144
4501 0.000143
4502 0.000148
4503 0.000078
4504 0.000046
4505 0.000045
4506 0.000034
4507 0.000068
4508 0.000034
4509 0.000054
4510 0.000061
4511 0.000090
4512 0.000053
4513 0.000058
4514 0.000147
4515 0.000057
4516 0.000039
4517 0.000023
4518 0.000051
4519 0.000046
4520 0.000089
4521 0.000105
4522 0.000104
4523 0.000147
4524 0.000171
4525 0.000161
4526 0.000152
4527 0.000079
4528 0.000048
4529 0.000074
4530 0.000077
4531 0.000081
4532 0.000064
4533 0.000033
4534 0.000024
4535 0.000101
4536 0.000101
4537 0.000037
4538 0.000082
4539 0.000050
4540 0.000084
4541 0.000119
4542 0.000089
4543 0.000113
4544 0.000121
4545 0.000049
4546 0.000105
4547 0.000058
4548 0.000082
4549 0.000138
4550 0.000074
4551 0.000060
4552 0.000028
4553 0.000066
4554 0.000065
4555 0.000117
4556 0.000063
4557 0.000073
4558 0.000079
4559 0.000037
4560 0.000031
4561 0.000053
4562 0.000155
4563 0.000183
4564 0.000171
4565 0.000187
4566 0.000221
4567 0.000203
4568 0.000202
4569 0.000207
4570 0.000121
4571 0.000191
4572 0.000189
4573 0.000119
4574 0.000090
4575 0.000080
4576 0.000139
4577 0.000224
4578 0.000262
4579 0.000320
4580 0.000151
4581 0.000143
4582 0.000137
4583 0.000193
4584 0.000242
4585 0.000226
4586 0.000079
4587 0.000135
4588 0.000075
4589 0.000111
4590 0.000115
4591 0.000064
4592 0.000230
4593 0.000210
4594 0.000104
4595 0.000104
4596 0.000044
4597 0.000100
4598 0.000053
4599 0.000068
4600 0.000034
4601 0.000078
4602 0.000152
4603 0.000187
4604 0.000174
4605 0.000245
4606 0.000223
4607 0.000230
4608 0.000113
4609 0.000082
4610 0.000146
4611 0.000139
4612 0.000062
4613 0.000073
4614 0.000119
4615 0.000055
4616 0.000079
4617 0.000135
4618 0.000073
4619 0.000084
4620 0.000212
4621 0.000128
4622 0.000262
4623 0.000237
4624 0.000234
4625 0.000122
4626 0.000090
4627 0.000076
4628 0.000077
4629 0.000145
4630 0.000078
4631 0.000081
4632 0.000050
4633 0.000110
4634 0.000103
4635 0.000059
4636 0.000095
4637 0.000162
4638 0.000163
4639 0.000117
4640 0.000114
4641 0.000140
4642 0.000055
4643 0.000062
4644 0.000115
4645 0.000095
4646 0.000132
4647 0.000140
4648 0.000261
4649 0.000237
4650 0.000108
4651 0.000061
4652 0.000081
4653 0.000050
4654 0.000092
4655 0.000093
4656 0.000183
4657 0.000170
4658 0.000203
4659 0.000190
4660 0.000145
4661 0.000088
4662 0.000259
4663 0.000127
4664 0.000107
4665 0.000140
4666 0.000075
4667 0.000089
4668 0.000109
4669 0.000167
4670 0.000157
4671 0.000102
4672 0.000153
4673 0.000091
4674 0.000054
4675 0.000061
4676 0.000066
4677 0.000034
4678 0.000029
4679 0.000027
4680 0.000027
4681 0.000033
4682 0.000029
4683 0.000027
4684 0.000127
4685 0.000123
4686 0.000110
4687 0.000118
4688 0.000060
4689 0.000070
4690 0.000084
4691 0.000133
4692 0.000251
4693 0.000156
4694 0.000125
4695 0.000160
4696 0.000060
4697 0.000041
4698 0.000127
4699 0.000123
4700 0.000206
4701 0.000098
4702 0.000057
4703 0.000113
4704 0.000111
4705 0.000094
4706 0.000079
4707 0.000080
4708 0.000038
4709 0.000065
4710 0.000064
4711 0.000115
4712 0.000112
4713 0.000047
4714 0.000108
4715 0.000046
4716 0.000044
4717 0.000034
4718 0.000090
4719 0.000053
4720 0.000049
4721 0.000025
4722 0.000130
4723 0.000070
4724 0.000109
4725 0.000061
4726 0.000102
4727 0.000198
4728 0.000130
4729 0.000139
4730 0.000146
4731 0.000107
4732 0.000085
4733 0.000122
4734 0.000101
4735 0.000084
4736 0.000086
4737 0.000052
4738 0.000145
4739 0.000056
4740 0.000084
4741 0.000118
4742 0.000123
4743 0.000079
4744 0.000048
4745 0.000099
4746 0.000099
4747 0.000075
4748 0.000079
4749 0.000062
4750 0.000068
4751 0.000034
4752 0.000125
4753 0.000128
4754 0.000124
4755 0.000101
4756 0.000044
4757 0.000124
4758 0.000068
4759 0.000044
4760 0.000052
4761 0.000080
4762 0.000077
4763 0.000118
4764 0.000116
4765 0.000113
4766 0.000096
4767 0.000141
4768 0.000157
4769 0.000196
4770 0.000150
4771 0.000143
4772 0.000045
4773 0.000072
4774 0.000098
4775 0.000063
4776 0.000033
4777 0.000024
4778 0.000086
4779 0.000098
4780 0.000193
4781 0.000102
4782 0.000202
4783 0.000101
4784 0.000101
4785 0.000057
4786 0.000069
4787 0.000073
4788 0.000088
4789 0.000030
4790 0.000137
4791 0.000156
4792 0.000066
4793 0.000095
4794 0.000050
4795 0.000101
4796 0.000101
4797 0.000230
4798 0.000080
4799 0.000056
4800 0.000053
4801 0.000113
4802 0.000111
4803 0.000109
4804 0.000061
4805 0.000082
4806 0.000099
4807 0.000091
4808 0.000064
4809 0.000042
4810 0.000169
4811 0.000188
4812 0.000220
4813 0.000096
4814 0.000035
4815 0.000057
4816 0.000098
4817 0.000067
4818 0.000072
4819 0.000077
4820 0.000066
4821 0.000145
4822 0.000220
4823 0.000170
4824 0.000160
4825 0.000259
4826 0.000089
4827 0.000089
4828 0.000053
4829 0.000102
4830 0.000058
4831 0.000085
4832 0.000087
4833 0.000034
4834 0.000070
4835 0.000088
4836 0.000096
4837 0.000146
4838 0.000092
4839 0.000067
4840 0.000072
4841 0.000181
4842 0.000154
4843 0.000048
4844 0.000077
4845 0.000116
4846 0.000175
4847 0.000186
4848 0.000114
4849 0.000112
4850 0.000159
4851 0.000154
4852 0.000106
4853 0.000074
4854 0.000036
4855 0.000045
4856 0.000079
4857 0.000049
4858 0.000262
4859 0.000188
4860 0.000127
4861 0.000134
4862 0.000129
4863 0.000042
4864 0.000045
4865 0.000034
4866 0.000029
4867 0.000046
4868 0.000025
4869 0.000083
4870 0.000059
4871 0.000134
4872 0.000114
4873 0.000144
4874 0.000137
4875 0.000063
4876 0.000068
4877 0.000080
4878 0.000079
4879 0.000049
4880 0.000070
4881 0.000045
4882 0.000104
4883 0.000187
4884 0.000094
4885 0.000062
4886 0.000117
4887 0.000065
4888 0.000122
4889 0.000139
4890 0.000139
4891 0.000133
4892 0.000094
4893 0.000113
4894 0.000063
4895 0.000042
4896 0.000104
4897 0.000059
4898 0.000142
4899 0.000136
4900 0.000128
4901 0.000124
4902 0.000059
4903 0.000098
4904 0.000098
4905 0.000136
4906 0.000073
4907 0.000105
4908 0.000104
4909 0.000132
4910 0.000071
4911 0.000062
4912 0.000106
4913 0.000109
4914 0.000034
4915 0.000128
4916 0.000051
4917 0.000079
4918 0.000058
4919 0.000064
4920 0.000069
4921 0.000123
4922 0.000211
4923 0.000235
4924 0.000215
4925 0.000198
4926 0.000192
4927 0.000154
4928 0.000080
4929 0.000083
4930 0.000220
4931 0.000052
4932 0.000059
4933 0.000099
4934 0.000099
4935 0.000099
4936 0.000107
4937 0.000144
4938 0.000084
4939 0.000051
4940 0.000080
4941 0.000111
4942 0.000175
4943 0.000184
4944 0.000187
4945 0.000062
4946 0.000081
4947 0.000084
4948 0.000116
4949 0.000199
4950 0.000076
4951 0.000089
4952 0.000053
4953 0.000030
4954 0.000057
4955 0.000031
4956 0.000028
4957 0.000027
4958 0.000075
4959 0.000036
4960 0.000048
4961 0.000048
4962 0.000052
4963 0.000055
4964 0.000161
4965 0.000202
4966 0.000066
4967 0.000060
4968 0.000096
4969 0.000103
4970 0.000054
4971 0.000162
4972 0.000115
4973 0.000113
4974 0.000063
4975 0.000134
4976 0.000043
4977 0.000109
4978 0.000130
4979 0.000125
4980 0.000068
4981 0.000179
4982 0.000167
4983 0.000165
4984 0.000062
4985 0.000032
4986 0.000029
4987 0.000042
4988 0.000082
4989 0.000045
4990 0.000053
4991 0.000060
4992 0.000040
4993 0.000032
4994 0.000024
4995 0.000025
4996 0.000033
4997 0.000078
4998 0.000147
4999 0.000057
5000 0.000056
5001 0.000120
5002 0.000066
5003 0.000096
5004 0.000035
5005 0.000030
5006 0.000071
5007 0.000104
5008 0.000079
5009 0.000082
5010 0.000085
5011 0.000051
5012 0.000058
5013 0.000065
5014 0.000165
5015 0.000092
5016 0.000093
5017 0.000064
5018 0.000087
5019 0.000089
5020 0.000110
5021 0.000187
5022 0.000174
5023 0.000232
5024 0.000064
5025 0.000038
5026 0.000056
5027 0.000080
5028 0.000134
5029 0.000053
5030 0.000126
5031 0.000248
5032 0.000103
5033 0.000077
5034 0.000133
5035 0.000043
5036 0.000074
5037 0.000050
5038 0.000055
5039 0.000092
5040 0.000093
5041 0.000147
5042 0.000176
5043 0.000175
5044 0.000089
5045 0.000053
5046 0.000116
5047 0.000073
5048 0.000081
5049 0.000131
5050 0.000104
5051 0.000110
5052 0.000148
5053 0.000141
5054 0.000192
5055 0.000229
5056 0.000160
5057 0.000151
5058 0.000079
5059 0.000049
5060 0.000084
5061 0.000088
5062 0.000120
5063 0.000153
5064 0.000058
5065 0.000040
5066 0.000061
5067 0.000069
5068 0.000030
5069 0.000081
5070 0.000088
5071 0.000090
5072 0.000123
5073 0.000159
5074 0.000192
5075 0.000179
5076 0.000167
5077 0.000083
5078 0.000115
5079 0.000147
5080 0.000140
5081 0.000116
5082 0.000267
5083 0.000091
5084 0.000054
5085 0.000061
5086 0.000041
5087 0.000081
5088 0.000125
5089 0.000125
5090 0.000135
5091 0.000053
5092 0.000103
5093 0.000059
5094 0.000065
5095 0.000089
5096 0.000056
5097 0.000034
5098 0.000025
5099 0.000036
5100 0.000159
5101 0.000199
5102 0.000057
5103 0.000039
5104 0.000088
5105 0.000040
5106 0.000032
5107 0.000029
5108 0.000027
5109 0.000038
5110 0.000031
5111 0.000138
5112 0.000090
5113 0.000095
5114 0.000055
5115 0.000046
5116 0.000049
5117 0.000057
5118 0.000063
5119 0.000063
5120 0.000093
5121 0.000041
5122 0.000050
5123 0.000036
5124 0.000030
5125 0.000200
5126 0.000142
5127 0.000096
5128 0.000105
5129 0.000093
5130 0.000054
5131 0.000154
5132 0.000059
5133 0.000244
5134 0.000084
5135 0.000039
5136 0.000048
5137 0.000029
5138 0.000023
5139 0.000069
5140 0.000145
5141 0.000076
5142 0.000048
5143 0.000105
5144 0.000164
5145 0.000175
5146 0.000174
5147 0.000223
5148 0.000078
5149 0.000032
5150 0.000116
5151 0.000085
5152 0.000087
5153 0.000095
5154 0.000055
5155 0.000065
5156 0.000090
5157 0.000078
5158 0.000081
5159 0.000038
5160 0.000031
5161 0.000139
5162 0.000076
5163 0.000080
5164 0.000084
5165 0.000237
5166 0.000104
5167 0.000172
5168 0.000064
5169 0.000042
5170 0.000150
5171 0.000104
5172 0.000160
5173 0.000042
5174 0.000083
5175 0.000118
5176 0.000048
5177 0.000036
5178 0.000049
5179 0.000110
5180 0.000056
5181 0.000057
5182 0.000063
5183 0.000028
5184 0.000021
5185 0.000048
5186 0.000079
5187 0.000066
5188 0.000155
5189 0.000059
5190 0.000065
5191 0.000043
5192 0.000033
5193 0.000085
5194 0.000082
5195 0.000038
5196 0.000047
5197 0.000065
5198 0.000086
5199 0.000088
5200 0.000086
5201 0.000098
5202 0.000076
5203 0.000121
5204 0.000036
5205 0.000045
5206 0.000053
5207 0.000038
5208 0.000114
5209 0.000210
5210 0.000230
5211 0.000238
5212 0.000116
5213 0.000064
5214 0.000033
5215 0.000105
5216 0.000077
5217 0.000048
5218 0.000048
5219 0.000035
5220 0.000174
5221 0.000156
5222 0.000081
5223 0.000206
5224 0.000211
5225 0.000146
5226 0.000182
5227 0.000104
5228 0.000059
5229 0.000065
5230 0.000080
5231 0.000100
5232 0.000240
5233 0.000219
5234 0.000237
5235 0.000256
5236 0.000253
5237 0.000155
5238 0.000166
5239 0.000116
5240 0.000048
5241 0.000167
5242 0.000230
5243 0.000064
5244 0.000042
5245 0.000051
5246 0.000091
5247 0.000069
5248 0.000155
5249 0.000173
5250 0.000162
5251 0.000118
5252 0.000079
5253 0.000085
5254 0.000148
5255 0.000156
5256 0.000094
5257 0.000055
5258 0.000157
5259 0.000149
5260 0.000078
5261 0.000048
5262 0.000075
5263 0.000067
5264 0.000055
5265 0.000095
5266 0.000086
5267 0.000123
5268 0.000169
5269 0.000063
5270 0.000121
5271 0.000121
5272 0.000200
5273 0.000210
5274 0.000104
5275 0.000104
5276 0.000116
5277 0.000249
5278 0.000162
5279 0.000099
5280 0.000075
5281 0.000146
5282 0.000097
5283 0.000180
5284 0.000168
5285 0.000157
5286 0.000158
5287 0.000037
5288 0.000076
5289 0.000139
5290 0.000045
5291 0.000185
5292 0.000169
5293 0.000159
5294 0.000150
5295 0.000142
5296 0.000145
5297 0.000063
5298 0.000121
5299 0.000066
5300 0.000126
5301 0.000122
5302 0.000059
5303 0.000028
5304 0.000038
5305 0.000088
5306 0.000074
5307 0.000054
5308 0.000061
5309 0.000049
5310 0.000144
5311 0.000056
5312 0.000085
5313 0.000051
5314 0.000117
5315 0.000113
5316 0.000108
5317 0.000158
5318 0.000155
5319 0.000183
5320 0.000099
5321 0.000057
5322 0.000064
5323 0.000069
5324 0.000100
5325 0.000080
5326 0.000139
5327 0.000054
5328 0.000107
5329 0.000094
5330 0.000035
5331 0.000055
5332 0.000062
5333 0.000067
5334 0.000086
5335 0.000051
5336 0.000090
5337 0.000089
5338 0.000088
5339 0.000097
5340 0.000056
5341 0.000055
5342 0.000086
5343 0.000033
5344 0.000022
5345 0.000024
5346 0.000098
5347 0.000099
5348 0.000057
5349 0.000073
5350 0.000135
5351 0.000231
5352 0.000212
5353 0.000195
5354 0.000202
5355 0.000247
5356 0.000120
5357 0.000074
5358 0.000078
5359 0.000117
5360 0.000065
5361 0.000074
5362 0.000046
5363 0.000095
5364 0.000191
5365 0.000121
5366 0.000177
5367 0.000063
5368 0.000083
5369 0.000151
5370 0.000129
5371 0.000076
5372 0.000111
5373 0.000046
5374 0.000203
5375 0.000127
5376 0.000134
5377 0.000130
5378 0.000101
5379 0.000074
5380 0.000072
5381 0.000065
5382 0.000029
5383 0.000075
5384 0.000098
5385 0.000115
5386 0.000058
5387 0.000144
5388 0.000313
5389 0.000148
5390 0.000183
5391 0.000224
5392 0.000209
5393 0.000146
5394 0.000056
5395 0.000039
5396 0.000100
5397 0.000057
5398 0.000039
5399 0.000032
5400 0.000024
5401 0.000022
5402 0.000081
5403 0.000134
5404 0.000053
5405 0.000089
5406 0.000053
5407 0.000030
5408 0.000057
5409 0.000112
5410 0.000110
5411 0.000071
5412 0.000076
5413 0.000057
5414 0.000133
5415 0.000128
5416 0.000089
5417 0.000091
5418 0.000092
5419 0.000087
5420 0.000052
5421 0.000059
5422 0.000032
5423 0.000033
5424 0.000050
5425 0.000224
5426 0.000079
5427 0.000082
5428 0.000104
5429 0.000103
5430 0.000068
5431 0.000088
5432 0.000090
5433 0.000030
5434 0.000066
5435 0.000068
5436 0.000085
5437 0.000087
5438 0.000089
5439 0.000254
5440 0.000137
5441 0.000132
5442 0.000130
5443 0.000217
5444 0.000200
5445 0.000072
5446 0.000064
5447 0.000180
5448 0.000136
5449 0.000189
5450 0.000095
5451 0.000096
5452 0.000097
5453 0.000126
5454 0.000051
5455 0.000079
5456 0.000126
5457 0.000033
5458 0.000029
5459 0.000043
5460 0.000052
5461 0.000089
5462 0.000137
5463 0.000208
5464 0.000225
5465 0.000095
5466 0.000035
5467 0.000022
5468 0.000173
5469 0.000088
5470 0.000117
5471 0.000087
5472 0.000052
5473 0.000059
5474 0.000038
5475 0.000031
5476 0.000092
5477 0.000171
5478 0.000214
5479 0.000254
5480 0.000263
5481 0.000191
5482 0.000091
5483 0.000050
5484 0.000074
5485 0.000181
5486 0.000157
5487 0.000112
5488 0.000130
5489 0.000125
5490 0.000093
5491 0.000094
5492 0.000055
5493 0.000062
5494 0.000041
5495 0.000027
5496 0.000063
5497 0.000042
5498 0.000111
5499 0.000109
5500 0.000079
5501 0.000090
5502 0.000053
5503 0.000294
5504 0.000300
5505 0.000270
5506 0.000092
5507 0.000067
5508 0.000072
5509 0.000045
5510 0.000139
5511 0.000096
5512 0.000097
5513 0.000057
5514 0.000111
5515 0.000075
5516 0.000079
5517 0.000065
5518 0.000140
5519 0.000128
5520 0.000129
5521 0.000070
5522 0.000159
5523 0.000096
5524 0.000096
5525 0.000159
5526 0.000091
5527 0.000109
5528 0.000133
5529 0.000072
5530 0.000112
5531 0.000138
5532 0.000074
5533 0.000098
5534 0.000043
5535 0.000051
5536 0.000059
5537 0.000042
5538 0.000184
5539 0.000171
5540 0.000083
5541 0.000039
5542 0.000143
5543 0.000076
5544 0.000082
5545 0.000129
5546 0.000065
5547 0.000053
5548 0.000038
5549 0.000053
5550 0.000095
5551 0.000087
5552 0.000030
5553 0.000028
5554 0.000023
5555 0.000086
5556 0.000137
5557 0.000085
5558 0.000088
5559 0.000052
5560 0.000030
5561 0.000084
5562 0.000177
5563 0.000110
5564 0.000124
5565 0.000121
5566 0.000118
5567 0.000067
5568 0.000113
5569 0.000141
5570 0.000191
5571 0.000111
5572 0.000110
5573 0.000120
5574 0.000049
5575 0.000080
5576 0.000088
5577 0.000171
5578 0.000161
5579 0.000060
5580 0.000032
5581 0.000022
5582 0.000112
5583 0.000163
5584 0.000103
5585 0.000059
5586 0.000184
5587 0.000093
5588 0.000150
5589 0.000131
5590 0.000160
5591 0.000083
5592 0.000100
5593 0.000057
5594 0.000039
5595 0.000080
5596 0.000116
5597 0.000108
5598 0.000107
5599 0.000106
5600 0.000121
5601 0.000142
5602 0.000176
5603 0.000185
5604 0.000041
5605 0.000097
5606 0.000056
5607 0.000094
5608 0.000138
5609 0.000132
5610 0.000128
5611 0.000116
5612 0.000064
5613 0.000070
5614 0.000144
5615 0.000181
5616 0.000137
5617 0.000103
5618 0.000093
5619 0.000055
5620 0.000030
5621 0.000119
5622 0.000049
5623 0.000059
5624 0.000103
5625 0.000122
5626 0.000067
5627 0.000097
5628 0.000036
5629 0.000074
5630 0.000047
5631 0.000028
5632 0.000027
5633 0.000047
5634 0.000107
5635 0.000106
5636 0.000142
5637 0.000084
5638 0.000051
5639 0.000086
5640 0.000050
5641 0.000155
5642 0.000081
5643 0.000090
5644 0.000112
5645 0.000082
5646 0.000136
5647 0.000077
5648 0.000081
5649 0.000098
5650 0.000062
5651 0.000033
5652 0.000029
5653 0.000095
5654 0.000148
5655 0.000078
5656 0.000162
5657 0.000126
5658 0.000112
5659 0.000126
5660 0.000088
5661 0.000059
5662 0.000070
5663 0.000116
5664 0.000133
5665 0.000128
5666 0.000124
5667 0.000222
5668 0.000204
5669 0.000188
5670 0.000116
5671 0.000119
5672 0.000113
5673 0.000118
5674 0.000103
5675 0.000059
5676 0.000032
5677 0.000083
5678 0.000033
5679 0.000024
5680 0.000148
5681 0.000105
5682 0.000116
5683 0.000076
5684 0.000108
5685 0.000107
5686 0.000127
5687 0.000123
5688 0.000050
5689 0.000087
5690 0.000052
5691 0.000077
5692 0.000037
5693 0.000058
5694 0.000031
5695 0.000049
5696 0.000172
5697 0.000109
5698 0.000116
5699 0.000134
5700 0.000203
5701 0.000139
5702 0.000237
5703 0.000262
5704 0.000292
5705 0.000263
5706 0.000169
5707 0.000087
5708 0.000060
5709 0.000100
5710 0.000121
5711 0.000066
5712 0.000043
5713 0.000146
5714 0.000139
5715 0.000178
5716 0.000091
5717 0.000054
5718 0.000131
5719 0.000052
5720 0.000059
5721 0.000115
5722 0.000113
5723 0.000188
5724 0.000144
5725 0.000118
5726 0.000076
5727 0.000031
5728 0.000041
5729 0.000103
5730 0.000103
5731 0.000059
5732 0.000098
5733 0.000111
5734 0.000093
5735 0.000130
5736 0.000206
5737 0.000337
5738 0.000324
5739 0.000233
5740 0.000213
5741 0.000106
5742 0.000092
5743 0.000054
5744 0.000038
5745 0.000047
5746 0.000035
5747 0.000030
5748 0.000021
5749 0.000024
5750 0.000067
5751 0.000088
5752 0.000089
5753 0.000053
5754 0.000044
5755 0.000078
5756 0.000032
5757 0.000087
5758 0.000166
5759 0.000160
5760 0.000187
5761 0.000068
5762 0.000034
5763 0.000109
5764 0.000108
5765 0.000106
5766 0.000107
5767 0.000106
5768 0.000158
5769 0.000082
5770 0.000098
5771 0.000057
5772 0.000063
5773 0.000182
5774 0.000169
5775 0.000087
5776 0.000111
5777 0.000147
5778 0.000115
5779 0.000076
5780 0.000047
5781 0.000055
5782 0.000031
5783 0.000028
5784 0.000027
5785 0.000087
5786 0.000189
5787 0.000164
5788 0.000084
5789 0.000062
5790 0.000117
5791 0.000064
5792 0.000076
5793 0.000091
5794 0.000116
5795 0.000090
5796 0.000091
5797 0.000134
5798 0.000092
5799 0.000127
5800 0.000108
5801 0.000194
5802 0.000117
5803 0.000091
5804 0.000092
5805 0.000035
5806 0.000041
5807 0.000088
5808 0.000120
5809 0.000117
5810 0.000096
5811 0.000096
5812 0.000183
5813 0.000067
5814 0.000072
5815 0.000097
5816 0.000159
5817 0.000060
5818 0.000032
5819 0.000095
5820 0.000116
5821 0.000196
5822 0.000181
5823 0.000207
5824 0.000074
5825 0.000101
5826 0.000058
5827 0.000040
5828 0.000026
5829 0.000125
5830 0.000078
5831 0.000091
5832 0.000111
5833 0.000219
5834 0.000173
5835 0.000162
5836 0.000093
5837 0.000035
5838 0.000045
5839 0.000053
5840 0.000151
5841 0.000092
5842 0.000131
5843 0.000091
5844 0.000099
5845 0.000099
5846 0.000123
5847 0.000105
5848 0.000079
5849 0.000098
5850 0.000109
5851 0.000196
5852 0.000193
5853 0.000199
5854 0.000085
5855 0.000094
5856 0.000063
5857 0.000066
5858 0.000029
5859 0.000027
5860 0.000050
5861 0.000063
5862 0.000045
5863 0.000163
5864 0.000209
5865 0.000146
5866 0.000081
5867 0.000176
5868 0.000083
5869 0.000127
5870 0.000081
5871 0.000046
5872 0.000126
5873 0.000036
5874 0.000070
5875 0.000060
5876 0.000066
5877 0.000034
5878 0.000047
5879 0.000099
5880 0.000043
5881 0.000052
5882 0.000098
5883 0.000108
5884 0.000061
5885 0.000032
5886 0.000022
5887 0.000067
5888 0.000072
5889 0.000109
5890 0.000102
5891 0.000112
5892 0.000158
5893 0.000091
5894 0.000077
5895 0.000138
5896 0.000084
5897 0.000033
5898 0.000173
5899 0.000125
5900 0.000078
5901 0.000112
5902 0.000162
5903 0.000084
5904 0.000096
5905 0.000219
5906 0.000201
5907 0.000072
5908 0.000055
5909 0.000061
5910 0.000041
5911 0.000032
5912 0.000045
5913 0.000053
5914 0.000039
5915 0.000032
5916 0.000022
5917 0.000104
5918 0.000124
5919 0.000107
5920 0.000106
5921 0.000121
5922 0.000151
5923 0.000079
5924 0.000099
5925 0.000132
5926 0.000089
5927 0.000129
5928 0.000125
5929 0.000068
5930 0.000162
5931 0.000099
5932 0.000057
5933 0.000039
5934 0.000032
5935 0.000088
5936 0.000052
5937 0.000051
5938 0.000086
5939 0.000065
5940 0.000093
5941 0.000094
5942 0.000070
5943 0.000045
5944 0.000063
5945 0.000108
5946 0.000096
5947 0.000154
5948 0.000095
5949 0.000147
5950 0.000171
5951 0.000079
5952 0.000082
5953 0.000107
5954 0.000060
5955 0.000103
5956 0.000086
5957 0.000103
5958 0.000102
5959 0.000172
5960 0.000124
5961 0.000121
5962 0.000036
5963 0.000063
5964 0.000069
5965 0.000066
5966 0.000060
5967 0.000083
5968 0.000132
5969 0.000043
5970 0.000113
5971 0.000078
5972 0.000098
5973 0.000249
5974 0.000085
5975 0.000162
5976 0.000153
5977 0.000080
5978 0.000049
5979 0.000029
5980 0.000061
5981 0.000049
5982 0.000049
5983 0.000119
5984 0.000116
5985 0.000114
5986 0.000063
5987 0.000078
5988 0.000081
5989 0.000118
5990 0.000048
5991 0.000029
5992 0.000105
5993 0.000104
5994 0.000103
5995 0.000163
5996 0.000084
5997 0.000086
5998 0.000111
5999 0.000108
6000 0.000107
6001 0.000134
6002 0.000053
6003 0.000151
6004 0.000159
6005 0.000290
6006 0.000146
6007 0.000102
6008 0.000146
6009 0.000077
6010 0.000112
6011 0.000237
6012 0.000116
6013 0.000099
6014 0.000205
6015 0.000261
6016 0.000288
6017 0.000340
6018 0.000389
6019 0.000345
6020 0.000150
6021 0.000161
6022 0.000061
6023 0.000063
6024 0.000069
6025 0.000035
6026 0.000109
6027 0.000160
6028 0.000106
6029 0.000085
6030 0.000094
6031 0.000055
6032 0.000062
6033 0.000100
6034 0.000112
6035 0.000047
6036 0.000035
6037 0.000075
6038 0.000127
6039 0.000143
6040 0.000076
6041 0.000094
6042 0.000119
6043 0.000065
6044 0.000066
6045 0.000065
6046 0.000120
6047 0.000117
6048 0.000145
6049 0.000157
6050 0.000169
6051 0.000180
6052 0.000104
6053 0.000103
6054 0.000103
6055 0.000059
6056 0.000040
6057 0.000075
6058 0.000101
6059 0.000083
6060 0.000152
6061 0.000176
6062 0.000142
6063 0.000147
6064 0.000095
6065 0.000065
6066 0.000071
6067 0.000129
6068 0.000052
6069 0.000086
6070 0.000134
6071 0.000124
6072 0.000041
6073 0.000033
6074 0.000029
6075 0.000044
6076 0.000067
6077 0.000072
6078 0.000076
6079 0.000105
6080 0.000104
6081 0.000133
6082 0.000202
6083 0.000077
6084 0.000058
6085 0.000064
6086 0.000050
6087 0.000220
6088 0.000108
6089 0.000083
6090 0.000145
6091 0.000209
6092 0.000193
6093 0.000257
6094 0.000144
6095 0.000066
6096 0.000043
6097 0.000071
6098 0.000132
6099 0.000127
6100 0.000069
6101 0.000044
6102 0.000101
6103 0.000058
6104 0.000059
6105 0.000032
6106 0.000024
6107 0.000025
6108 0.000047
6109 0.000055
6110 0.000062
6111 0.000033
6112 0.000074
6113 0.000071
6114 0.000095
6115 0.000166
6116 0.000155
6117 0.000059
6118 0.000069
6119 0.000048
6120 0.000085
6121 0.000108
6122 0.000194
6123 0.000168
6124 0.000158
6125 0.000102
6126 0.000091
6127 0.000053
6128 0.000071
6129 0.000112
6130 0.000110
6131 0.000062
6132 0.000117
6133 0.000065
6134 0.000043
6135 0.000024
6136 0.000022
6137 0.000075
6138 0.000079
6139 0.000082
6140 0.000050
6141 0.000057
6142 0.000100
6143 0.000125
6144 0.000075
6145 0.000047
6146 0.000077
6147 0.000211
6148 0.000105
6149 0.000207
6150 0.000191
6151 0.000084
6152 0.000039
6153 0.000023
6154 0.000025
6155 0.000068
6156 0.000172
6157 0.000190
6158 0.000062
6159 0.000060
6160 0.000157
6161 0.000188
6162 0.000099
6163 0.000099
6164 0.000155
6165 0.000061
6166 0.000126
6167 0.000127
6168 0.000123
6169 0.000169
6170 0.000233
6171 0.000130
6172 0.000043
6173 0.000102
6174 0.000102
6175 0.000058
6176 0.000104
6177 0.000140
6178 0.000055
6179 0.000144
6180 0.000056
6181 0.000133
6182 0.000128
6183 0.000070
6184 0.000074
6185 0.000088
6186 0.000040
6187 0.000026
6188 0.000050
6189 0.000057
6190 0.000069
6191 0.000119
6192 0.000049
6193 0.000165
6194 0.000139
6195 0.000094
6196 0.000107
6197 0.000106
6198 0.000176
6199 0.000090
6200 0.000053
6201 0.000055
6202 0.000102
6203 0.000059
6204 0.000032
6205 0.000117
6206 0.000070
6207 0.000081
6208 0.000124
6209 0.000157
6210 0.000082
6211 0.000065
6212 0.000043
6213 0.000051
6214 0.000085
6215 0.000088
6216 0.000034
6217 0.000029
6218 0.000027
6219 0.000027
6220 0.000101
6221 0.000101
6222 0.000211
6223 0.000195
6224 0.000118
6225 0.000065
6226 0.000055
6227 0.000109
6228 0.000038
6229 0.000035
6230 0.000045
6231 0.000099
6232 0.000130
6233 0.000126
6234 0.000176
6235 0.000143
6236 0.000236
6237 0.000291
6238 0.000166
6239 0.000086
6240 0.000154
6241 0.000146
6242 0.000151
6243 0.000079
6244 0.000049
6245 0.000056
6246 0.000131
6247 0.000052
6248 0.000108
6249 0.000102
6250 0.000058
6251 0.000111
6252 0.000046
6253 0.000035
6254 0.000046
6255 0.000054
6256 0.000105
6257 0.000213
6258 0.000196
6259 0.000098
6260 0.000092
6261 0.000106
6262 0.000141
6263 0.000075
6264 0.000046
6265 0.000150
6266 0.000079
6267 0.000100
6268 0.000100
6269 0.000144
6270 0.000101
6271 0.000112
6272 0.000064
6273 0.000065
6274 0.000054
6275 0.000030
6276 0.000028
6277 0.000027
6278 0.000078
6279 0.000085
6280 0.000084
6281 0.000135
6282 0.000138
6283 0.000151
6284 0.000237
6285 0.000126
6286 0.000122
6287 0.000050
6288 0.000057
6289 0.000031
6290 0.000024
6291 0.000086
6292 0.000069
6293 0.000035
6294 0.000022
6295 0.000034
6296 0.000136
6297 0.000158
6298 0.000164
6299 0.000062
6300 0.000039
6301 0.000131
6302 0.000150
6303 0.000092
6304 0.000093
6305 0.000094
6306 0.000095
6307 0.000042
6308 0.000056
6309 0.000074
6310 0.000046
6311 0.000121
6312 0.000066
6313 0.000149
6314 0.000125
6315 0.000101
6316 0.000044
6317 0.000034
6318 0.000049
6319 0.000095
6320 0.000101
6321 0.000130
6322 0.000070
6323 0.000113
6324 0.000079
6325 0.000082
6326 0.000085
6327 0.000066
6328 0.000071
6329 0.000045
6330 0.000103
6331 0.000044
6332 0.000149
6333 0.000086
6334 0.000033
6335 0.000069
6336 0.000074
6337 0.000077
6338 0.000170
6339 0.000159
6340 0.000083
6341 0.000038
6342 0.000048
6343 0.000100
6344 0.000083
6345 0.000050
6346 0.000090
6347 0.000059
6348 0.000065
6349 0.000071
6350 0.000081
6351 0.000072
6352 0.000045
6353 0.000099
6354 0.000099
6355 0.000165
6356 0.000171
6357 0.000115
6358 0.000178
6359 0.000262
6360 0.000210
6361 0.000147
6362 0.000151
6363 0.000106
6364 0.000141
6365 0.000075
6366 0.000047
6367 0.000025
6368 0.000036
6369 0.000130
6370 0.000199
6371 0.000057
6372 0.000041
6373 0.000047
6374 0.000055
6375 0.000132
6376 0.000052
6377 0.000102
6378 0.000155
6379 0.000059
6380 0.000071
6381 0.000076
6382 0.000028
6383 0.000021
6384 0.000083
6385 0.000057
6386 0.000086
6387 0.000052
6388 0.000079
6389 0.000082
6390 0.000125
6391 0.000122
6392 0.000064
6393 0.000096
6394 0.000110
6395 0.000115
6396 0.000064
6397 0.000042
6398 0.000089
6399 0.000061
6400 0.000041
6401 0.000071
6402 0.000156
6403 0.000073
6404 0.000045
6405 0.000119
6406 0.000066
6407 0.000034
6408 0.000059
6409 0.000083
6410 0.000072
6411 0.000095
6412 0.000082
6413 0.000127
6414 0.000191
6415 0.000228
6416 0.000209
6417 0.000152
6418 0.000153
6419 0.000145
6420 0.000151
6421 0.000126
6422 0.000095
6423 0.000226
6424 0.000111
6425 0.000039
6426 0.000066
6427 0.000047
6428 0.000028
6429 0.000040
6430 0.000026
6431 0.000103
6432 0.000059
6433 0.000032
6434 0.000024
6435 0.000046
6436 0.000092
6437 0.000108
6438 0.000107
6439 0.000188
6440 0.000149
6441 0.000141
6442 0.000178
6443 0.000167
6444 0.000169
6445 0.000207
6446 0.000191
6447 0.000111
6448 0.000109
6449 0.000085
6450 0.000154
6451 0.000202
6452 0.000072
6453 0.000045
6454 0.000150
6455 0.000167
6456 0.000157
6457 0.000109
6458 0.000069
6459 0.000111
6460 0.000125
6461 0.000136
6462 0.000073
6463 0.000122
6464 0.000125
6465 0.000146
6466 0.000139
6467 0.000142
6468 0.000133
6469 0.000163
6470 0.000084
6471 0.000051
6472 0.000037
6473 0.000046
6474 0.000178
6475 0.000061
6476 0.000068
6477 0.000034
6478 0.000035
6479 0.000044
6480 0.000091
6481 0.000092
6482 0.000041
6483 0.000044
6484 0.000034
6485 0.000029
6486 0.000077
6487 0.000048
6488 0.000056
6489 0.000039
6490 0.000071
6491 0.000110
6492 0.000062
6493 0.000032
6494 0.000070
6495 0.000136
6496 0.000093
6497 0.000158
6498 0.000097
6499 0.000221
6500 0.000078
6501 0.000028
6502 0.000110
6503 0.000062
6504 0.000089
6505 0.000067
6506 0.000171
6507 0.000140
6508 0.000114
6509 0.000131
6510 0.000126
6511 0.000122
6512 0.000050
6513 0.000057
6514 0.000064
6515 0.000064
6516 0.000113
6517 0.000063
6518 0.000092
6519 0.000076
6520 0.000037
6521 0.000031
6522 0.000058
6523 0.000075
6524 0.000062
6525 0.000081
6526 0.000167
6527 0.000157
6528 0.000059
6529 0.000227
6530 0.000208
6531 0.000192
6532 0.000283
6533 0.000095
6534 0.000186
6535 0.000068
6536 0.000044
6537 0.000119
6538 0.000080
6539 0.000049
6540 0.000057
6541 0.000077
6542 0.000198
6543 0.000184
6544 0.000171
6545 0.000112
6546 0.000110
6547 0.000062
6548 0.000112
6549 0.000066
6550 0.000034
6551 0.000127
6552 0.000069
6553 0.000121
6554 0.000134
6555 0.000129
6556 0.000125
6557 0.000131
6558 0.000080
6559 0.000049
6560 0.000094
6561 0.000123
6562 0.000058
6563 0.000064
6564 0.000042
6565 0.000117
6566 0.000130
6567 0.000132
6568 0.000127
6569 0.000159
6570 0.000204
6571 0.000189
6572 0.000095
6573 0.000065
6574 0.000043
6575 0.000127
6576 0.000071
6577 0.000119
6578 0.000106
6579 0.000045
6580 0.000034
6581 0.000051
6582 0.000037
6583 0.000056
6584 0.000082
6585 0.000084
6586 0.000055
6587 0.000055
6588 0.000099
6589 0.000107
6590 0.000045
6591 0.000187
6592 0.000207
6593 0.000144
6594 0.000056
6595 0.000090
6596 0.000092
6597 0.000091
6598 0.000070
6599 0.000057
6600 0.000027
6601 0.000033
6602 0.000065
6603 0.000070
6604 0.000030
6605 0.000048
6606 0.000113
6607 0.000109
6608 0.000167
6609 0.000154
6610 0.000173
6611 0.000135
6612 0.000130
6613 0.000223
6614 0.000078
6615 0.000081
6616 0.000111
6617 0.000124
6618 0.000082
6619 0.000102
6620 0.000102
6621 0.000101
6622 0.000101
6623 0.000058
6624 0.000031
6625 0.000094
6626 0.000090
6627 0.000041
6628 0.000050
6629 0.000048
6630 0.000072
6631 0.000118
6632 0.000060
6633 0.000059
6634 0.000067
6635 0.000034
6636 0.000029
6637 0.000129
6638 0.000202
6639 0.000123
6640 0.000148
6641 0.000097
6642 0.000093
6643 0.000085
6644 0.000073
6645 0.000036
6646 0.000030
6647 0.000106
6648 0.000045
6649 0.000053
6650 0.000146
6651 0.000056
6652 0.000052
6653 0.000037
6654 0.000077
6655 0.000087
6656 0.000133
6657 0.000096
6658 0.000110
6659 0.000062
6660 0.000041
6661 0.000033
6662 0.000068
6663 0.000122
6664 0.000147
6665 0.000205
6666 0.000102
6667 0.000044
6668 0.000052
6669 0.000037
6670 0.000108
6671 0.000061
6672 0.000131
6673 0.000165
6674 0.000155
6675 0.000081
6676 0.000132
6677 0.000043
6678 0.000131
6679 0.000126
6680 0.000112
6681 0.000099
6682 0.000116
6683 0.000035
6684 0.000111
6685 0.000144
6686 0.000142
6687 0.000185
6688 0.000094
6689 0.000119
6690 0.000132
6691 0.000190
6692 0.000229
6693 0.000078
6694 0.000074
6695 0.000104
6696 0.000074
6697 0.000078
6698 0.000096
6699 0.000056
6700 0.000085
6701 0.000050
6702 0.000047
6703 0.000053
6704 0.000104
6705 0.000114
6706 0.000156
6707 0.000100
6708 0.000096
6709 0.000100
6710 0.000043
6711 0.000059
6712 0.000093
6713 0.000071
6714 0.000091
6715 0.000041
6716 0.000041
6717 0.000027
6718 0.000026
6719 0.000086
6720 0.000052
6721 0.000094
6722 0.000095
6723 0.000042
6724 0.000027
6725 0.000084
6726 0.000039
6727 0.000164
6728 0.000061
6729 0.000073
6730 0.000036
6731 0.000045
6732 0.000025
6733 0.000103
6734 0.000208
6735 0.000222
6736 0.000216
6737 0.000178
6738 0.000166
6739 0.000086
6740 0.000039
6741 0.000026
6742 0.000034
6743 0.000073
6744 0.000116
6745 0.000057
6746 0.000039
6747 0.000068
6748 0.000061
6749 0.000093
6750 0.000055
6751 0.000077
6752 0.000135
6753 0.000247
6754 0.000261
6755 0.000183
6756 0.000114
6757 0.000104
6758 0.000124
6759 0.000277
6760 0.000160
6761 0.000151
6762 0.000167
6763 0.000117
6764 0.000094
6765 0.000120
6766 0.000066
6767 0.000064
6768 0.000029
6769 0.000023
6770 0.000020
6771 0.000032
6772 0.000126
6773 0.000075
6774 0.000144
6775 0.000151
6776 0.000110
6777 0.000122
6778 0.000088
6779 0.000111
6780 0.000135
6781 0.000094
6782 0.000095
6783 0.000056
6784 0.000039
6785 0.000057
6786 0.000063
6787 0.000028
6788 0.000027
6789 0.000038
6790 0.000123
6791 0.000081
6792 0.000130
6793 0.000153
6794 0.000106
6795 0.000143
6796 0.000076
6797 0.000215
6798 0.000127
6799 0.000152
6800 0.000061
6801 0.000051
6802 0.000093
6803 0.000054
6804 0.000042
6805 0.000056
6806 0.000089
6807 0.000053
6808 0.000066
6809 0.000071
6810 0.000101
6811 0.000036
6812 0.000113
6813 0.000105
6814 0.000162
6815 0.000083
6816 0.000062
6817 0.000065
6818 0.000070
6819 0.000055
6820 0.000162
6821 0.000084
6822 0.000051
6823 0.000070
6824 0.000060
6825 0.000066
6826 0.000083
6827 0.000050
6828 0.000058
6829 0.000058
6830 0.000073
6831 0.000098
6832 0.000134
6833 0.000138
6834 0.000054
6835 0.000126
6836 0.000125
6837 0.000098
6838 0.000098
6839 0.000098
6840 0.000160
6841 0.000207
6842 0.000163
6843 0.000119
6844 0.000114
6845 0.000064
6846 0.000055
6847 0.000038
6848 0.000031
6849 0.000110
6850 0.000230
6851 0.000242
6852 0.000276
6853 0.000146
6854 0.000090
6855 0.000092
6856 0.000107
6857 0.000182
6858 0.000054
6859 0.000050
6860 0.000184
6861 0.000265
6862 0.000128
6863 0.000123
6864 0.000067
6865 0.000044
6866 0.000052
6867 0.000086
6868 0.000161
6869 0.000087
6870 0.000125
6871 0.000091
6872 0.000057
6873 0.000039
6874 0.000084
6875 0.000086
6876 0.000112
6877 0.000197
6878 0.000099
6879 0.000146
6880 0.000218
6881 0.000077
6882 0.000068
6883 0.000058
6884 0.000065
6885 0.000039
6886 0.000026
6887 0.000062
6888 0.000068
6889 0.000052
6890 0.000059
6891 0.000094
6892 0.000165
6893 0.000155
6894 0.000059
6895 0.000112
6896 0.000047
6897 0.000181
6898 0.000140
6899 0.000100
6900 0.000125
6901 0.000196
6902 0.000242
6903 0.000129
6904 0.000164
6905 0.000119
6906 0.000073
6907 0.000066
6908 0.000172
6909 0.000233
6910 0.000184
6911 0.000171
6912 0.000161
6913 0.000083
6914 0.000063
6915 0.000079
6916 0.000138
6917 0.000133
6918 0.000091
6919 0.000068
6920 0.000073
6921 0.000031
6922 0.000041
6923 0.000057
6924 0.000039
6925 0.000048
6926 0.000046
6927 0.000035
6928 0.000086
6929 0.000100
6930 0.000098
6931 0.000098
6932 0.000110
6933 0.000062
6934 0.000149
6935 0.000161
6936 0.000069
6937 0.000085
6938 0.000081
6939 0.000047
6940 0.000055
6941 0.000086
6942 0.000122
6943 0.000149
6944 0.000207
6945 0.000204
6946 0.000188
6947 0.000068
6948 0.000119
6949 0.000115
6950 0.000112
6951 0.000087
6952 0.000062
6953 0.000055
6954 0.000038
6955 0.000023
6956 0.000036
6957 0.000104
6958 0.000059
6959 0.000065
6960 0.000168
6961 0.000062
6962 0.000165
6963 0.000171
6964 0.000088
6965 0.000196
6966 0.000150
6967 0.000199
6968 0.000215
6969 0.000106
6970 0.000105
6971 0.000060
6972 0.000040
6973 0.000066
6974 0.000073
6975 0.000058
6976 0.000219
6977 0.000108
6978 0.000068
6979 0.000073
6980 0.000092
6981 0.000078
6982 0.000103
6983 0.000037
6984 0.000062
6985 0.000057
6986 0.000039
6987 0.000032
6988 0.000042
6989 0.000074
6990 0.000110
6991 0.000038
6992 0.000069
6993 0.000044
6994 0.000023
6995 0.000060
6996 0.000123
6997 0.000076
6998 0.000165
6999 0.000128
7000 0.000051
7001 0.000154
7002 0.000250
7003 0.000189
7004 0.000207
7005 0.000103
7006 0.000074
7007 0.000044
7008 0.000034
7009 0.000047
7010 0.000025
7011 0.000182
7012 0.000103
7013 0.000100
7014 0.000082
7015 0.000060
7016 0.000066
7017 0.000071
7018 0.000076
7019 0.000109
7020 0.000108
7021 0.000061
7022 0.000032
7023 0.000022
7024 0.000047
7025 0.000047
7026 0.000035
7027 0.000045
7028 0.000144
7029 0.000121
7030 0.000173
7031 0.000298
7032 0.000078
7033 0.000088
7034 0.000152
7035 0.000244
7036 0.000222
7037 0.000062
7038 0.000128
7039 0.000233
7040 0.000213
7041 0.000231
7042 0.000183
7043 0.000093
7044 0.000055
7045 0.000030
7046 0.000155
7047 0.000187
7048 0.000216
7049 0.000261
7050 0.000237
7051 0.000225
7052 0.000217
7053 0.000183
7054 0.000093
7055 0.000180
7056 0.000176
7057 0.000052
7058 0.000046
7059 0.000034
7060 0.000030
7061 0.000171
7062 0.000236
7063 0.000215
7064 0.000106
7065 0.000173
7066 0.000162
7067 0.000061
7068 0.000233
7069 0.000328
7070 0.000348
7071 0.000089
7072 0.000074
7073 0.000074
7074 0.000089
7075 0.000090
7076 0.000051
7077 0.000026
7078 0.000065
7079 0.000070
7080 0.000045
7081 0.000034
7082 0.000035
7083 0.000061
7084 0.000064
7085 0.000100
7086 0.000100
7087 0.000133
7088 0.000149
7089 0.000110
7090 0.000046
7091 0.000069
7092 0.000105
7093 0.000075
7094 0.000128
7095 0.000136
7096 0.000115
7097 0.000064
7098 0.000087
7099 0.000040
7100 0.000105
7101 0.000140
7102 0.000100
7103 0.000185
7104 0.000077
7105 0.000105
7106 0.000097
7107 0.000080
7108 0.000107
7109 0.000097
7110 0.000111
7111 0.000062
7112 0.000108
7113 0.000173
7114 0.000243
7115 0.000154
7116 0.000059
7117 0.000160
7118 0.000083
7119 0.000039
7120 0.000034
7121 0.000077
7122 0.000094
7123 0.000229
7124 0.000290
7125 0.000326
7126 0.000305
7127 0.000147
7128 0.000057
7129 0.000039
7130 0.000048
7131 0.000044
7132 0.000027
7133 0.000038
7134 0.000020
7135 0.000044
7136 0.000024
7137 0.000102
7138 0.000112
7139 0.000039
7140 0.000057
7141 0.000063
7142 0.000028
7143 0.000023
7144 0.000174
7145 0.000116
7146 0.000235
7147 0.000087
7148 0.000143
7149 0.000104
7150 0.000144
7151 0.000261
7152 0.000273
7153 0.000158
7154 0.000184
7155 0.000113
7156 0.000111
7157 0.000109
7158 0.000062
7159 0.000041
7160 0.000056
7161 0.000217
7162 0.000180
7163 0.000041
7164 0.000049
7165 0.000036
7166 0.000075
7167 0.000028
7168 0.000027
7169 0.000083
7170 0.000086
7171 0.000100
7172 0.000057
7173 0.000066
7174 0.000071
7175 0.000044
7176 0.000107
7177 0.000147
7178 0.000140
7179 0.000142
7180 0.000136
7181 0.000159
7182 0.000087
7183 0.000107
7184 0.000063
7185 0.000042
7186 0.000078
7187 0.000048
7188 0.000116
7189 0.000064
7190 0.000085
7191 0.000071
7192 0.000045
7193 0.000060
7194 0.000073
7195 0.000063
7196 0.000033
7197 0.000098
7198 0.000099
7199 0.000143
7200 0.000098
7201 0.000146
7202 0.000258
7203 0.000078
7204 0.000037
7205 0.000063
7206 0.000088
7207 0.000090
7208 0.000053
7209 0.000080
7210 0.000095
7211 0.000042
7212 0.000051
7213 0.000036
7214 0.000063
7215 0.000136
7216 0.000138
7217 0.000062
7218 0.000049
7219 0.000057
7220 0.000114
7221 0.000157
7222 0.000148
7223 0.000106
7224 0.000152
7225 0.000183
7226 0.000093
7227 0.000136
7228 0.000063
7229 0.000160
7230 0.000071
7231 0.000075
7232 0.000047
7233 0.000083
7234 0.000085
7235 0.000051
7236 0.000223
7237 0.000242
7238 0.000147
7239 0.000118
7240 0.000134
7241 0.000098
7242 0.000057
7243 0.000076
7244 0.000119
7245 0.000066
7246 0.000100
7247 0.000081
7248 0.000161
7249 0.000152
7250 0.000144
7251 0.000109
7252 0.000060
7253 0.000048
7254 0.000038
7255 0.000085
7256 0.000088
7257 0.000058
7258 0.000126
7259 0.000285
7260 0.000136
7261 0.000171
7262 0.000138
7263 0.000103
7264 0.000137
7265 0.000180
7266 0.000066
7267 0.000119
7268 0.000065
7269 0.000127
7270 0.000123
7271 0.000067
7272 0.000051
7273 0.000055
7274 0.000131
7275 0.000143
7276 0.000128
7277 0.000066
7278 0.000074
7279 0.000056
7280 0.000031
7281 0.000113
7282 0.000070
7283 0.000097
7284 0.000121
7285 0.000073
7286 0.000077
7287 0.000119
7288 0.000207
7289 0.000161
7290 0.000159
7291 0.000123
7292 0.000105
7293 0.000122
7294 0.000071
7295 0.000146
7296 0.000076
7297 0.000089
7298 0.000053
7299 0.000048
7300 0.000079
7301 0.000032
7302 0.000042
7303 0.000149
7304 0.000141
7305 0.000173
7306 0.000133
7307 0.000141
7308 0.000137
7309 0.000173
7310 0.000094
7311 0.000196
7312 0.000077
7313 0.000100
7314 0.000086
7315 0.000215
7316 0.000161
7317 0.000151
7318 0.000098
7319 0.000128
7320 0.000092
7321 0.000093
7322 0.000113
7323 0.000049
7324 0.000088
7325 0.000128
7326 0.000069
7327 0.000136
7328 0.000119
7329 0.000102
7330 0.000101
7331 0.000174
7332 0.000064
7333 0.000143
7334 0.000056
7335 0.000196
7336 0.000112
7337 0.000090
7338 0.000034
7339 0.000025
7340 0.000062
7341 0.000155
7342 0.000164
7343 0.000120
7344 0.000242
7345 0.000109
7346 0.000046
7347 0.000055
7348 0.000102
7349 0.000082
7350 0.000084
7351 0.000051
7352 0.000037
7353 0.000046
7354 0.000093
7355 0.000118
7356 0.000095
7357 0.000196
7358 0.000072
7359 0.000075
7360 0.000064
7361 0.000069
7362 0.000132
7363 0.000165
7364 0.000206
7365 0.000203
7366 0.000101
7367 0.000129
7368 0.000125
7369 0.000050
7370 0.000144
7371 0.000154
7372 0.000146
7373 0.000096
7374 0.000133
7375 0.000114
7376 0.000092
7377 0.000094
7378 0.000181
7379 0.000169
7380 0.000107
7381 0.000061
7382 0.000041
7383 0.000073
7384 0.000150
7385 0.000124
7386 0.000120
7387 0.000160
7388 0.000083
7389 0.000077
7390 0.000048
7391 0.000035
7392 0.000096
7393 0.000123
7394 0.000176
7395 0.000165
7396 0.000085
7397 0.000039
7398 0.000119
7399 0.000155
7400 0.000181
7401 0.000092
7402 0.000123
7403 0.000116
7404 0.000183
7405 0.000162
7406 0.000177
7407 0.000159
7408 0.000116
7409 0.000064
7410 0.000083
7411 0.000135
7412 0.000178
7413 0.000168
7414 0.000183
7415 0.000195
7416 0.000189
7417 0.000091
7418 0.000137
7419 0.000097
7420 0.000121
7421 0.000118
7422 0.000074
7423 0.000228
7424 0.000106
7425 0.000105
7426 0.000091
7427 0.000070
7428 0.000035
7429 0.000085
7430 0.000061
7431 0.000067
7432 0.000113
7433 0.000063
7434 0.000044
7435 0.000097
7436 0.000153
7437 0.000090
7438 0.000053
7439 0.000060
7440 0.000065
7441 0.000070
7442 0.000093
7443 0.000105
7444 0.000104
7445 0.000192
7446 0.000093
7447 0.000155
7448 0.000234
7449 0.000296
7450 0.000078
7451 0.000048
7452 0.000093
7453 0.000094
7454 0.000035
7455 0.000048
7456 0.000087
7457 0.000052
7458 0.000059
7459 0.000065
7460 0.000110
7461 0.000074
7462 0.000046
7463 0.000161
7464 0.000129
7465 0.000070
7466 0.000035
7467 0.000030
7468 0.000038
7469 0.000070
7470 0.000075
7471 0.000110
7472 0.000046
7473 0.000154
7474 0.000175
7475 0.000089
7476 0.000146
7477 0.000163
7478 0.000084
7479 0.000051
7480 0.000029
7481 0.000027
7482 0.000027
7483 0.000097
7484 0.000097
7485 0.000150
7486 0.000125
7487 0.000105
7488 0.000080
7489 0.000081
7490 0.000118
7491 0.000040
7492 0.000032
7493 0.000061
7494 0.000054
7495 0.000113
7496 0.000063
7497 0.000101
7498 0.000058
7499 0.000031
7500 0.000042
7501 0.000057
7502 0.000039
7503 0.000026
7504 0.000037
7505 0.000100
7506 0.000087
7507 0.000089
7508 0.000040
7509 0.000032
7510 0.000061
7511 0.000028
7512 0.000138
7513 0.000149
7514 0.000097
7515 0.000097
7516 0.000109
7517 0.000069
7518 0.000065
7519 0.000078
7520 0.000048
7521 0.000050
7522 0.000072
7523 0.000098
7524 0.000043
7525 0.000079
7526 0.000101
7527 0.000061
7528 0.000122
7529 0.000141
7530 0.000203
7531 0.000073
7532 0.000166
7533 0.000062
7534 0.000068
7535 0.000086
7536 0.000075
7537 0.000036
7538 0.000030
7539 0.000072
7540 0.000096
7541 0.000035
7542 0.000096
7543 0.000166
7544 0.000156
7545 0.000081
7546 0.000084
7547 0.000134
7548 0.000098
7549 0.000057
7550 0.000094
7551 0.000055
7552 0.000049
7553 0.000091
7554 0.000051
7555 0.000037
7556 0.000031
7557 0.000041
7558 0.000153
7559 0.000132
7560 0.000148
7561 0.000057
7562 0.000139
7563 0.000074
7564 0.000036
7565 0.000063
7566 0.000078
7567 0.000084
7568 0.000192
7569 0.000091
7570 0.000054
7571 0.000038
7572 0.000047
7573 0.000062
7574 0.000041
7575 0.000027
7576 0.000026
7577 0.000037
7578 0.000047
7579 0.000054
7580 0.000118
7581 0.000107
7582 0.000045
7583 0.000054
7584 0.000068
7585 0.000240
7586 0.000132
7587 0.000083
7588 0.000132
7589 0.000135
7590 0.000100
7591 0.000133
7592 0.000272
7593 0.000278
7594 0.000148
7595 0.000098
7596 0.000098
7597 0.000068
7598 0.000137
7599 0.000130
7600 0.000070
7601 0.000045
7602 0.000034
7603 0.000026
7604 0.000026
7605 0.000100
7606 0.000043
7607 0.000095
7608 0.000141
7609 0.000039
7610 0.000073
7611 0.000126
7612 0.000122
7613 0.000173
7614 0.000117
7615 0.000115
7616 0.000047
7617 0.000093
7618 0.000082
7619 0.000085
7620 0.000096
7621 0.000042
7622 0.000024
7623 0.000057
7624 0.000096
7625 0.000056
7626 0.000031
7627 0.000046
7628 0.000054
7629 0.000053
7630 0.000079
7631 0.000049
7632 0.000056
7633 0.000086
7634 0.000146
7635 0.000077
7636 0.000082
7637 0.000084
7638 0.000131
7639 0.000112
7640 0.000125
7641 0.000123
7642 0.000144
7643 0.000137
7644 0.000145
7645 0.000108
7646 0.000038
7647 0.000031
7648 0.000046
7649 0.000070
7650 0.000045
7651 0.000149
7652 0.000136
7653 0.000136
7654 0.000054
7655 0.000061
7656 0.000066
7657 0.000088
7658 0.000040
7659 0.000085
7660 0.000051
7661 0.000037
7662 0.000031
7663 0.000106
7664 0.000105
7665 0.000068
7666 0.000044
7667 0.000034
7668 0.000029
7669 0.000081
7670 0.000049
7671 0.000098
7672 0.000056
7673 0.000053
7674 0.000095
7675 0.000151
7676 0.000111
7677 0.000062
7678 0.000209
7679 0.000267
7680 0.000162
7681 0.000252
7682 0.000229
7683 0.000255
7684 0.000341
7685 0.000392
7686 0.000126
7687 0.000051
7688 0.000024
7689 0.000078
7690 0.000081
7691 0.000128
7692 0.000114
7693 0.000034
7694 0.000123
7695 0.000100
7696 0.000118
7697 0.000187
7698 0.000144
7699 0.000138
7700 0.000109
7701 0.000156
7702 0.000164
7703 0.000062
7704 0.000032
7705 0.000029
7706 0.000027
7707 0.000038
7708 0.000031
7709 0.000058
7710 0.000104
7711 0.000085
7712 0.000069
7713 0.000084
7714 0.000120
7715 0.000066
7716 0.000060
7717 0.000093
7718 0.000071
7719 0.000180
7720 0.000123
7721 0.000067
7722 0.000137
7723 0.000054
7724 0.000061
7725 0.000032
7726 0.000029
7727 0.000085
7728 0.000118
7729 0.000192
7730 0.000193
7731 0.000070
7732 0.000129
7733 0.000153
7734 0.000108
7735 0.000046
7736 0.000034
7737 0.000049
7738 0.000244
7739 0.000111
7740 0.000110
7741 0.000178
7742 0.000065
7743 0.000089
7744 0.000085
7745 0.000175
7746 0.000089
7747 0.000181
7748 0.000099
7749 0.000043
7750 0.000024
7751 0.000050
7752 0.000091
7753 0.000034
7754 0.000124
7755 0.000123
7756 0.000058
7757 0.000090
7758 0.000053
7759 0.000281
7760 0.000155
7761 0.000197
7762 0.000071
7763 0.000075
7764 0.000077
7765 0.000081
7766 0.000032
7767 0.000063
7768 0.000117
7769 0.000090
7770 0.000098
7771 0.000110
7772 0.000062
7773 0.000112
7774 0.000147
7775 0.000221
7776 0.000062
7777 0.000088
7778 0.000129
7779 0.000125
7780 0.000165
7781 0.000123
7782 0.000067
7783 0.000126
7784 0.000125
7785 0.000050
7786 0.000110
7787 0.000125
7788 0.000167
7789 0.000095
7790 0.000101
7791 0.000112
7792 0.000150
7793 0.000234
7794 0.000087
7795 0.000129
7796 0.000125
7797 0.000121
7798 0.000161
7799 0.000226
7800 0.000163
7801 0.000133
7802 0.000218
7803 0.000061
7804 0.000067
7805 0.000107
7806 0.000168
7807 0.000051
7808 0.000067
7809 0.000084
7810 0.000113
7811 0.000111
7812 0.000109
7813 0.000038
7814 0.000173
7815 0.000177
7816 0.000065
7817 0.000115
7818 0.000047
7819 0.000097
7820 0.000042
7821 0.000033
7822 0.000029
7823 0.000021
7824 0.000097
7825 0.000099
7826 0.000140
7827 0.000075
7828 0.000065
7829 0.000070
7830 0.000150
7831 0.000169
7832 0.000173
7833 0.000162
7834 0.000153
7835 0.000125
7836 0.000121
7837 0.000080
7838 0.000083
7839 0.000075
7840 0.000138
7841 0.000132
7842 0.000071
7843 0.000042
7844 0.000045
7845 0.000134
7846 0.000092
7847 0.000066
7848 0.000043
7849 0.000052
7850 0.000059
7851 0.000040
7852 0.000084
7853 0.000063
7854 0.000096
7855 0.000095
7856 0.000096
7857 0.000109
7858 0.000061
7859 0.000064
7860 0.000069
7861 0.000098
7862 0.000134
7863 0.000128
7864 0.000127
7865 0.000051
7866 0.000061
7867 0.000108
7868 0.000061
7869 0.000041
7870 0.000032
7871 0.000168
7872 0.000178
7873 0.000121
7874 0.000036
7875 0.000056
7876 0.000103
7877 0.000098
7878 0.000090
7879 0.000074
7880 0.000081
7881 0.000084
7882 0.000087
7883 0.000034
7884 0.000067
7885 0.000044
7886 0.000027
7887 0.000076
7888 0.000047
7889 0.000035
7890 0.000074
7891 0.000114
7892 0.000112
7893 0.000075
7894 0.000047
7895 0.000055
7896 0.000200
7897 0.000110
7898 0.000170
7899 0.000278
7900 0.000251
7901 0.000229
7902 0.000152
7903 0.000058
7904 0.000064
7905 0.000070
7906 0.000051
7907 0.000036
7908 0.000140
7909 0.000074
7910 0.000107
7911 0.000060
7912 0.000032
7913 0.000042
7914 0.000087
7915 0.000089
7916 0.000079
7917 0.000093
7918 0.000089
7919 0.000062
7920 0.000041
7921 0.000087
7922 0.000144
7923 0.000056
7924 0.000039
7925 0.000031
7926 0.000040
7927 0.000026
7928 0.000037
7929 0.000043
7930 0.000099
7931 0.000158
7932 0.000190
7933 0.000069
7934 0.000072
7935 0.000035
7936 0.000045
7937 0.000044
7938 0.000043
7939 0.000078
7940 0.000081
7941 0.000032
7942 0.000096
7943 0.000138
7944 0.000066
7945 0.000109
7946 0.000108
7947 0.000033
7948 0.000024
7949 0.000036
7950 0.000045
7951 0.000034
7952 0.000130
7953 0.000125
7954 0.000068
7955 0.000029
7956 0.000072
7957 0.000076
7958 0.000026
7959 0.000037
7960 0.000037
7961 0.000031
7962 0.000041
7963 0.000071
7964 0.000030
7965 0.000062
7966 0.000068
7967 0.000044
7968 0.000086
7969 0.000097
7970 0.000056
7971 0.000039
7972 0.000032
7973 0.000028
7974 0.000093
7975 0.000055
7976 0.000061
7977 0.000025
7978 0.000082
7979 0.000032
7980 0.000029
7981 0.000133
7982 0.000053
7983 0.000074
7984 0.000078
7985 0.000081
7986 0.000196
7987 0.000098
7988 0.000153
7989 0.000117
7990 0.000065
7991 0.000058
7992 0.000083
7993 0.000086
7994 0.000114
7995 0.000081
7996 0.000168
7997 0.000215
7998 0.000106
7999 0.000105
8000 0.000085
8001 0.000078
8002 0.000048
8003 0.000059
8004 0.000065
8005 0.000070
8006 0.000075
8007 0.000062
8008 0.000072
8009 0.000049
8010 0.000104
8011 0.000128
8012 0.000069
8013 0.000100
8014 0.000100
8015 0.000119
8016 0.000116
8017 0.000146
8018 0.000056
8019 0.000063
8020 0.000130
8021 0.000123
8022 0.000067
8023 0.000056
8024 0.000058
8025 0.000111
8026 0.000131
8027 0.000084
8028 0.000087
8029 0.000100
8030 0.000057
8031 0.000041
8032 0.000088
8033 0.000090
8034 0.000087
8035 0.000067
8036 0.000066
8037 0.000034
8038 0.000102
8039 0.000099
8040 0.000057
8041 0.000126
8042 0.000068
8043 0.000044
8044 0.000072
8045 0.000076
8046 0.000100
8047 0.000137
8048 0.000132
8049 0.000085
8050 0.000084
8051 0.000111
8052 0.000155
8053 0.000147
8054 0.000091
8055 0.000124
8056 0.000063
8057 0.000092
8058 0.000142
8059 0.000045
8060 0.000034
8061 0.000117
8062 0.000065
8063 0.000098
8064 0.000057
8065 0.000063
8066 0.000090
8067 0.000167
8068 0.000206
8069 0.000346
8070 0.000386
8071 0.000441
8072 0.000406
8073 0.000187
8074 0.000195
8075 0.000216
8076 0.000198
8077 0.000109
8078 0.000141
8079 0.000095
8080 0.000096
8081 0.000116
8082 0.000064
8083 0.000133
8084 0.000053
8085 0.000060
8086 0.000082
8087 0.000183
8088 0.000102
8089 0.000092
8090 0.000094
8091 0.000042
8092 0.000044
8093 0.000053
8094 0.000152
8095 0.000175
8096 0.000105
8097 0.000085
8098 0.000087
8099 0.000040
8100 0.000049
8101 0.000056
8102 0.000039
8103 0.000026
8104 0.000059
8105 0.000082
8106 0.000088
8107 0.000053
8108 0.000146
8109 0.000077
8110 0.000128
8111 0.000069
8112 0.000074
8113 0.000064
8114 0.000029
8115 0.000061
8116 0.000108
8117 0.000144
8118 0.000076
8119 0.000060
8120 0.000106
8121 0.000084
8122 0.000107
8123 0.000131
8124 0.000087
8125 0.000040
8126 0.000195
8127 0.000181
8128 0.000168
8129 0.000170
8130 0.000087
8131 0.000052
8132 0.000093
8133 0.000088
8134 0.000072
8135 0.000076
8136 0.000185
8137 0.000118
8138 0.000148
8139 0.000154
8140 0.000080
8141 0.000049
8142 0.000195
8143 0.000090
8144 0.000092
8145 0.000093
8146 0.000067
8147 0.000095
8148 0.000094
8149 0.000055
8150 0.000092
8151 0.000094
8152 0.000095
8153 0.000055
8154 0.000031
8155 0.000041
8156 0.000101
8157 0.000128
8158 0.000063
8159 0.000140
8160 0.000075
8161 0.000074
8162 0.000128
8163 0.000122
8164 0.000101
8165 0.000080
8166 0.000131
8167 0.000094
8168 0.000064
8169 0.000042
8170 0.000095
8171 0.000055
8172 0.000134
8173 0.000072
8174 0.000179
8175 0.000116
8176 0.000242
8177 0.000221
8178 0.000109
8179 0.000135
8180 0.000130
8181 0.000126
8182 0.000159
8183 0.000148
8184 0.000238
8185 0.000116
8186 0.000147
8187 0.000100
8188 0.000064
8189 0.000106
8190 0.000120
8191 0.000066
8192 0.000069
8193 0.000035
8194 0.000063
8195 0.000069
8196 0.000034
8197 0.000025
8198 0.000078
8199 0.000112
8200 0.000086
8201 0.000088
8202 0.000121
8203 0.000085
8204 0.000072
8205 0.000100
8206 0.000036
8207 0.000046
8208 0.000054
8209 0.000105
8210 0.000138
8211 0.000133
8212 0.000128
8213 0.000124
8214 0.000075
8215 0.000080
8216 0.000072
8217 0.000076
8218 0.000037
8219 0.000062
8220 0.000033
8221 0.000043
8222 0.000043
8223 0.000052
8224 0.000061
8225 0.000070
8226 0.000035
8227 0.000069
8228 0.000035
8229 0.000022
8230 0.000034
8231 0.000124
8232 0.000119
8233 0.000196
8234 0.000116
8235 0.000064
8236 0.000134
8237 0.000117
8238 0.000092
8239 0.000041
8240 0.000027
8241 0.000078
8242 0.000081
8243 0.000059
8244 0.000039
8245 0.000094
8246 0.000144
8247 0.000151
8248 0.000060
8249 0.000107
8250 0.000117
8251 0.000110
8252 0.000109
8253 0.000087
8254 0.000053
8255 0.000175
8256 0.000115
8257 0.000084
8258 0.000108
8259 0.000071
8260 0.000086
8261 0.000088
8262 0.000079
8263 0.000082
8264 0.000110
8265 0.000149
8266 0.000078
8267 0.000098
8268 0.000057
8269 0.000168
8270 0.000112
8271 0.000203
8272 0.000187
8273 0.000241
8274 0.000375
8275 0.000377
8276 0.000175
8277 0.000247
8278 0.000085
8279 0.000185
8280 0.000201
8281 0.000095
8282 0.000063
8283 0.000109
8284 0.000148
8285 0.000213
8286 0.000105
8287 0.000138
8288 0.000209
8289 0.000336
8290 0.000086
8291 0.000141
8292 0.000221
8293 0.000109
8294 0.000103
8295 0.000044
8296 0.000138
8297 0.000152
8298 0.000080
8299 0.000049
8300 0.000077
8301 0.000031
8302 0.000022
8303 0.000021
8304 0.000076
8305 0.000081
8306 0.000193
8307 0.000097
8308 0.000209
8309 0.000110
8310 0.000080
8311 0.000167
8312 0.000141
8313 0.000092
8314 0.000097
8315 0.000159
8316 0.000108
8317 0.000046
8318 0.000120
8319 0.000138
8320 0.000237
8321 0.000167
8322 0.000173
8323 0.000121
8324 0.000067
8325 0.000072
8326 0.000100
8327 0.000077
8328 0.000037
8329 0.000079
8330 0.000037
8331 0.000047
8332 0.000035
8333 0.000022
8334 0.000052
8335 0.000030
8336 0.000072
8337 0.000076
8338 0.000079
8339 0.000049
8340 0.000086
8341 0.000051
8342 0.000030
8343 0.000043
8344 0.000033
8345 0.000043
8346 0.000106
8347 0.000121
8348 0.000150
8349 0.000220
8350 0.000144
8351 0.000096
8352 0.000082
8353 0.000050
8354 0.000057
8355 0.000039
8356 0.000065
8357 0.000060
8358 0.000054
8359 0.000038
8360 0.000086
8361 0.000051
8362 0.000030
8363 0.000077
8364 0.000071
8365 0.000027
8366 0.000036
8367 0.000025
8368 0.000118
8369 0.000040
8370 0.000032
8371 0.000024
8372 0.000102
8373 0.000144
8374 0.000081
8375 0.000049
8376 0.000057
8377 0.000070
8378 0.000045
8379 0.000062
8380 0.000058
8381 0.000064
8382 0.000087
8383 0.000089
8384 0.000088
8385 0.000126
8386 0.000088
8387 0.000117
8388 0.000048
8389 0.000047
8390 0.000028
8391 0.000046
8392 0.000035
8393 0.000044
8394 0.000065
8395 0.000064
8396 0.000070
8397 0.000074
8398 0.000046
8399 0.000102
8400 0.000123
8401 0.000119
8402 0.000078
8403 0.000081
8404 0.000092
8405 0.000098
8406 0.000068
8407 0.000044
8408 0.000027
8409 0.000050
8410 0.000036
8411 0.000102
8412 0.000058
8413 0.000114
8414 0.000170
8415 0.000087
8416 0.000060
8417 0.000122
8418 0.000149
8419 0.000057
8420 0.000092
8421 0.000041
8422 0.000032
8423 0.000056
8424 0.000071
8425 0.000045
8426 0.000034
8427 0.000070
8428 0.000045
8429 0.000119
8430 0.000095
8431 0.000035
8432 0.000087
8433 0.000151
8434 0.000211
8435 0.000258
8436 0.000209
8437 0.000230
8438 0.000211
8439 0.000131
8440 0.000138
8441 0.000175
8442 0.000090
8443 0.000053
8444 0.000060
8445 0.000028
8446 0.000039
8447 0.000031
8448 0.000113
8449 0.000111
8450 0.000109
8451 0.000100
8452 0.000062
8453 0.000084
8454 0.000039
8455 0.000055
8456 0.000181
8457 0.000169
8458 0.000059
8459 0.000065
8460 0.000133
8461 0.000071
8462 0.000064
8463 0.000048
8464 0.000095
8465 0.000104
8466 0.000101
8467 0.000073
8468 0.000046
8469 0.000066
8470 0.000034
8471 0.000029
8472 0.000027
8473 0.000134
8474 0.000112
8475 0.000146
8476 0.000096
8477 0.000196
8478 0.000098
8479 0.000125
8480 0.000042
8481 0.000096
8482 0.000097
8483 0.000045
8484 0.000028
8485 0.000127
8486 0.000157
8487 0.000068
8488 0.000175
8489 0.000090
8490 0.000087
8491 0.000114
8492 0.000158
8493 0.000122
8494 0.000183
8495 0.000230
8496 0.000211
8497 0.000248
8498 0.000226
8499 0.000235
8500 0.000215
8501 0.000143
8502 0.000098
8503 0.000137
8504 0.000267
8505 0.000090
8506 0.000092
8507 0.000093
8508 0.000230
8509 0.000113
8510 0.000135
8511 0.000152
8512 0.000093
8513 0.000054
8514 0.000045
8515 0.000034
8516 0.000044
8517 0.000095
8518 0.000125
8519 0.000144
8520 0.000103
8521 0.000152
8522 0.000080
8523 0.000078
8524 0.000037
8525 0.000031
8526 0.000024
8527 0.000080
8528 0.000083
8529 0.000133
8530 0.000155
8531 0.000118
8532 0.000115
8533 0.000061
8534 0.000073
8535 0.000151
8536 0.000150
8537 0.000057
8538 0.000048
8539 0.000152
8540 0.000118
8541 0.000133
8542 0.000128
8543 0.000142
8544 0.000136
8545 0.000178
8546 0.000065
8547 0.000043
8548 0.000146
8549 0.000154
8550 0.000081
8551 0.000109
8552 0.000059
8553 0.000066
8554 0.000083
8555 0.000099
8556 0.000170
8557 0.000159
8558 0.000088
8559 0.000034
8560 0.000044
8561 0.000135
8562 0.000110
8563 0.000129
8564 0.000110
8565 0.000125
8566 0.000119
8567 0.000040
8568 0.000060
8569 0.000066
8570 0.000108
8571 0.000082
8572 0.000064
8573 0.000069
8574 0.000092
8575 0.000110
8576 0.000151
8577 0.000133
8578 0.000152
8579 0.000080
8580 0.000079
8581 0.000154
8582 0.000111
8583 0.000143
8584 0.000076
8585 0.000046
8586 0.000059
8587 0.000117
8588 0.000065
8589 0.000070
8590 0.000207
8591 0.000149
8592 0.000090
8593 0.000034
8594 0.000085
8595 0.000051
8596 0.000072
8597 0.000098
8598 0.000067
8599 0.000072
8600 0.000076
8601 0.000048
8602 0.000035
8603 0.000066
8604 0.000139
8605 0.000074
8606 0.000052
8607 0.000062
8608 0.000068
8609 0.000151
8610 0.000058
8611 0.000118
8612 0.000189
8613 0.000103
8614 0.000115
8615 0.000113
8616 0.000111
8617 0.000107
8618 0.000061
8619 0.000032
8620 0.000029
8621 0.000091
8622 0.000229
8623 0.000177
8624 0.000065
8625 0.000070
8626 0.000200
8627 0.000072
8628 0.000045
8629 0.000021
8630 0.000036
8631 0.000025
8632 0.000029
8633 0.000056
8634 0.000080
8635 0.000048
8636 0.000064
8637 0.000110
8638 0.000187
8639 0.000197
8640 0.000183
8641 0.000093
8642 0.000061
8643 0.000067
8644 0.000048
8645 0.000055
8646 0.000066
8647 0.000034
8648 0.000111
8649 0.000062
8650 0.000068
8651 0.000098
8652 0.000057
8653 0.000023
8654 0.000080
8655 0.000177
8656 0.000090
8657 0.000053
8658 0.000026
8659 0.000026
8660 0.000073
8661 0.000036
8662 0.000030
8663 0.000024
8664 0.000035
8665 0.000025
8666 0.000036
8667 0.000065
8668 0.000069
8669 0.000092
8670 0.000089
8671 0.000060
8672 0.000132
8673 0.000097
8674 0.000131
8675 0.000099
8676 0.000089
8677 0.000050
8678 0.000076
8679 0.000047
8680 0.000028
8681 0.000095
8682 0.000081
8683 0.000102
8684 0.000058
8685 0.000087
8686 0.000091
8687 0.000092
8688 0.000089
8689 0.000119
8690 0.000139
8691 0.000066
8692 0.000096
8693 0.000073
8694 0.000077
8695 0.000131
8696 0.000060
8697 0.000106
8698 0.000105
8699 0.000123
8700 0.000099
8701 0.000137
8702 0.000150
8703 0.000143
8704 0.000116
8705 0.000114
8706 0.000101
8707 0.000085
8708 0.000051
8709 0.000094
8710 0.000095
8711 0.000063
8712 0.000033
8713 0.000064
8714 0.000084
8715 0.000086
8716 0.000080
8717 0.000046
8718 0.000035
8719 0.000030
8720 0.000103
8721 0.000097
8722 0.000091
8723 0.000092
8724 0.000093
8725 0.000110
8726 0.000076
8727 0.000037
8728 0.000158
8729 0.000240
8730 0.000129
8731 0.000136
8732 0.000093
8733 0.000085
8734 0.000135
8735 0.000103
8736 0.000032
8737 0.000062
8738 0.000072
8739 0.000110
8740 0.000062
8741 0.000026
8742 0.000110
8743 0.000170
8744 0.000094
8745 0.000217
8746 0.000107
8747 0.000201
8748 0.000072
8749 0.000116
8750 0.000219
8751 0.000206
8752 0.000105
8753 0.000105
8754 0.000060
8755 0.000054
8756 0.000108
8757 0.000046
8758 0.000064
8759 0.000092
8760 0.000128
8761 0.000094
8762 0.000107
8763 0.000074
8764 0.000151
8765 0.000079
8766 0.000082
8767 0.000038
8768 0.000052
8769 0.000043
8770 0.000095
8771 0.000058
8772 0.000089
8773 0.000040
8774 0.000086
8775 0.000099
8776 0.000139
8777 0.000218
8778 0.000131
8779 0.000157
8780 0.000148
8781 0.000371
8782 0.000173
8783 0.000088
8784 0.000053
8785 0.000037
8786 0.000031
8787 0.000041
8788 0.000069
8789 0.000045
8790 0.000127
8791 0.000143
8792 0.000180
8793 0.000145
8794 0.000162
8795 0.000174
8796 0.000163
8797 0.000069
8798 0.000035
8799 0.000044
8800 0.000070
8801 0.000169
8802 0.000087
8803 0.000052
8804 0.000091
8805 0.000041
8806 0.000148
8807 0.000078
8808 0.000037
8809 0.000047
8810 0.000035
8811 0.000128
8812 0.000051
8813 0.000030
8814 0.000078
8815 0.000081
8816 0.000084
8817 0.000051
8818 0.000029
8819 0.000040
8820 0.000049
8821 0.000092
8822 0.000074
8823 0.000097
8824 0.000056
8825 0.000063
8826 0.000044
8827 0.000038
8828 0.000065
8829 0.000090
8830 0.000131
8831 0.000153
8832 0.000068
8833 0.000044
8834 0.000034
8835 0.000022
8836 0.000038
8837 0.000031
8838 0.000143
8839 0.000055
8840 0.000078
8841 0.000048
8842 0.000085
8843 0.000108
8844 0.000086
8845 0.000033
8846 0.000029
8847 0.000027
8848 0.000146
8849 0.000085
8850 0.000183
8851 0.000170
8852 0.000201
8853 0.000176
8854 0.000107
8855 0.000111
8856 0.000193
8857 0.000215
8858 0.000154
8859 0.000070
8860 0.000109
8861 0.000160
8862 0.000151
8863 0.000079
8864 0.000049
8865 0.000167
8866 0.000157
8867 0.000132
8868 0.000098
8869 0.000080
8870 0.000038
8871 0.000039
8872 0.000086
8873 0.000119
8874 0.000212
8875 0.000105
8876 0.000060
8877 0.000119
8878 0.000194
8879 0.000192
8880 0.000134
8881 0.000096
8882 0.000096
8883 0.000042
8884 0.000097
8885 0.000056
8886 0.000083
8887 0.000085
8888 0.000067
8889 0.000052
8890 0.000062
8891 0.000067
8892 0.000044
8893 0.000027
8894 0.000023
8895 0.000094
8896 0.000035
8897 0.000070
8898 0.000136
8899 0.000159
8900 0.000083
8901 0.000086
8902 0.000099
8903 0.000138
8904 0.000054
8905 0.000053
8906 0.000175
8907 0.000113
8908 0.000162
8909 0.000217
8910 0.000211
8911 0.000076
8912 0.000047
8913 0.000055
8914 0.000027
8915 0.000107
8916 0.000130
8917 0.000075
8918 0.000068
8919 0.000102
8920 0.000102
8921 0.000102
8922 0.000137
8923 0.000141
8924 0.000075
8925 0.000036
8926 0.000098
8927 0.000101
8928 0.000056
8929 0.000103
8930 0.000180
8931 0.000229
8932 0.000238
8933 0.000123
8934 0.000082
8935 0.000148
8936 0.000141
8937 0.000190
8938 0.000177
8939 0.000204
8940 0.000102
8941 0.000055
8942 0.000039
8943 0.000126
8944 0.000134
8945 0.000072
8946 0.000054
8947 0.000079
8948 0.000100
8949 0.000100
8950 0.000066
8951 0.000071
8952 0.000035
8953 0.000166
8954 0.000132
8955 0.000067
8956 0.000055
8957 0.000082
8958 0.000092
8959 0.000166
8960 0.000170
8961 0.000128
8962 0.000069
8963 0.000097
8964 0.000081
8965 0.000183
8966 0.000170
8967 0.000160
8968 0.000083
8969 0.000105
8970 0.000163
8971 0.000084
8972 0.000159
8973 0.000082
8974 0.000110
8975 0.000104
8976 0.000103
8977 0.000044
8978 0.000104
8979 0.000142
8980 0.000245
8981 0.000175
8982 0.000164
8983 0.000095
8984 0.000055
8985 0.000092
8986 0.000074
8987 0.000036
8988 0.000046
8989 0.000054
8990 0.000105
8991 0.000123
8992 0.000050
8993 0.000118
8994 0.000048
8995 0.000056
8996 0.000039
8997 0.000026
8998 0.000056
8999 0.000177
9000 0.000171
9001 0.000098
9002 0.000125
9003 0.000096
9004 0.000056
9005 0.000063
9006 0.000028
9007 0.000129
9008 0.000108
9009 0.000107
9010 0.000125
9011 0.000110
9012 0.000148
9013 0.000176
9014 0.000090
9015 0.000080
9016 0.000049
9017 0.000034
9018 0.000030
9019 0.000040
9020 0.000032
9021 0.000089
9022 0.000090
9023 0.000092
9024 0.000133
9025 0.000168
9026 0.000086
9027 0.000117
9028 0.000114
9029 0.000136
9030 0.000137
9031 0.000097
9032 0.000117
9033 0.000097
9034 0.000077
9035 0.000048
9036 0.000055
9037 0.000073
9038 0.000105
9039 0.000137
9040 0.000145
9041 0.000139
9042 0.000147
9043 0.000085
9044 0.000120
9045 0.000146
9046 0.000056
9047 0.000054
9048 0.000038
9049 0.000061
9050 0.000056
9051 0.000063
9052 0.000106
9053 0.000073
9054 0.000130
9055 0.000100
9056 0.000057
9057 0.000093
9058 0.000214
9059 0.000220
9060 0.000213
9061 0.000178
9062 0.000070
9063 0.000122
9064 0.000156
9065 0.000200
9066 0.000185
9067 0.000037
9068 0.000053
9069 0.000114
9070 0.000094
9071 0.000107
9072 0.000045
9073 0.000054
9074 0.000044
9075 0.000074
9076 0.000078
9077 0.000112
9078 0.000137
9079 0.000120
9080 0.000150
9081 0.000086
9082 0.000088
9083 0.000052
9084 0.000026
9085 0.000046
9086 0.000034
9087 0.000062
9088 0.000096
9089 0.000109
9090 0.000115
9091 0.000225
9092 0.000111
9093 0.000209
9094 0.000230
9095 0.000227
9096 0.000112
9097 0.000155
9098 0.000104
9099 0.000196
9100 0.000098
9101 0.000087
9102 0.000089
9103 0.000040
9104 0.000058
9105 0.000040
9106 0.000201
9107 0.000128
9108 0.000067
9109 0.000156
9110 0.000149
9111 0.000057
9112 0.000077
9113 0.000048
9114 0.000035
9115 0.000148
9116 0.000104
9117 0.000160
9118 0.000152
9119 0.000058
9120 0.000087
9121 0.000097
9122 0.000099
9123 0.000099
9124 0.000092
9125 0.000085
9126 0.000062
9127 0.000099
9128 0.000057
9129 0.000037
9130 0.000075
9131 0.000047
9132 0.000055
9133 0.000038
9134 0.000031
9135 0.000024
9136 0.000058
9137 0.000100
9138 0.000100
9139 0.000250
9140 0.000068
9141 0.000073
9142 0.000036
9143 0.000080
9144 0.000148
9145 0.000172
9146 0.000088
9147 0.000146
9148 0.000077
9149 0.000080
9150 0.000070
9151 0.000097
9152 0.000110
9153 0.000116
9154 0.000087
9155 0.000089
9156 0.000142
9157 0.000130
9158 0.000099
9159 0.000114
9160 0.000047
9161 0.000078
9162 0.000081
9163 0.000049
9164 0.000057
9165 0.000050
9166 0.000070
9167 0.000058
9168 0.000099
9169 0.000153
9170 0.000145
9171 0.000077
9172 0.000119
9173 0.000153
9174 0.000092
9175 0.000163
9176 0.000077
9177 0.000048
9178 0.000044
9179 0.000027
9180 0.000037
9181 0.000023
9182 0.000104
9183 0.000347
9184 0.000266
9185 0.000286
9186 0.000124
9187 0.000041
9188 0.000050
9189 0.000051
9190 0.000058
9191 0.000049
9192 0.000196
9193 0.000102
9194 0.000044
9195 0.000092
9196 0.000132
9197 0.000043
9198 0.000027
9199 0.000038
9200 0.000149
9201 0.000096
9202 0.000056
9203 0.000031
9204 0.000028
9205 0.000039
9206 0.000094
9207 0.000055
9208 0.000196
9209 0.000213
9210 0.000105
9211 0.000138
9212 0.000140
9213 0.000134
9214 0.000175
9215 0.000140
9216 0.000104
9217 0.000265
9218 0.000090
9219 0.000142
9220 0.000175
9221 0.000099
9222 0.000081
9223 0.000134
9224 0.000129
9225 0.000128
9226 0.000051
9227 0.000115
9228 0.000153
9229 0.000081
9230 0.000038
9231 0.000087
9232 0.000089
9233 0.000133
9234 0.000128
9235 0.000084
9236 0.000106
9237 0.000124
9238 0.000087
9239 0.000073
9240 0.000077
9241 0.000209
9242 0.000110
9243 0.000046
9244 0.000188
9245 0.000095
9246 0.000148
9247 0.000173
9248 0.000064
9249 0.000076
9250 0.000080
9251 0.000097
9252 0.000108
9253 0.000127
9254 0.000213
9255 0.000124
9256 0.000082
9257 0.000093
9258 0.000121
9259 0.000067
9260 0.000072
9261 0.000076
9262 0.000117
9263 0.000101
9264 0.000150
9265 0.000079
9266 0.000048
9267 0.000056
9268 0.000039
9269 0.000106
9270 0.000103
9271 0.000138
9272 0.000074
9273 0.000060
9274 0.000134
9275 0.000118
9276 0.000082
9277 0.000123
9278 0.000067
9279 0.000073
9280 0.000111
9281 0.000120
9282 0.000117
9283 0.000065
9284 0.000069
9285 0.000107
9286 0.000098
9287 0.000056
9288 0.000064
9289 0.000042
9290 0.000142
9291 0.000118
9292 0.000065
9293 0.000107
9294 0.000081
9295 0.000180
9296 0.000193
9297 0.000179
9298 0.000133
9299 0.000053
9300 0.000060
9301 0.000040
9302 0.000032
9303 0.000066
9304 0.000067
9305 0.000034
9306 0.000073
9307 0.000077
9308 0.000080
9309 0.000110
9310 0.000046
9311 0.000035
9312 0.000044
9313 0.000137
9314 0.000044
9315 0.000034
9316 0.000029
9317 0.000040
9318 0.000047
9319 0.000052
9320 0.000052
9321 0.000060
9322 0.000174
9323 0.000089
9324 0.000110
9325 0.000109
9326 0.000108
9327 0.000061
9328 0.000041
9329 0.000072
9330 0.000076
9331 0.000077
9332 0.000077
9333 0.000037
9334 0.000052
9335 0.000067
9336 0.000058
9337 0.000042
9338 0.000027
9339 0.000101
9340 0.000058
9341 0.000078
9342 0.000202
9343 0.000176
9344 0.000176
9345 0.000065
9346 0.000043
9347 0.000033
9348 0.000107
9349 0.000106
9350 0.000045
9351 0.000034
9352 0.000069
9353 0.000077
9354 0.000100
9355 0.000057
9356 0.000064
9357 0.000056
9358 0.000106
9359 0.000107
9360 0.000106
9361 0.000060
9362 0.000032
9363 0.000090
9364 0.000076
9365 0.000059
9366 0.000093
9367 0.000054
9368 0.000072
9369 0.000140
9370 0.000074
9371 0.000211
9372 0.000057
9373 0.000080
9374 0.000059
9375 0.000065
9376 0.000083
9377 0.000058
9378 0.000063
9379 0.000042
9380 0.000050
9381 0.000058
9382 0.000083
9383 0.000050
9384 0.000153
9385 0.000145
9386 0.000070
9387 0.000076
9388 0.000128
9389 0.000103
9390 0.000069
9391 0.000055
9392 0.000049
9393 0.000104
9394 0.000154
9395 0.000081
9396 0.000077
9397 0.000129
9398 0.000042
9399 0.000134
9400 0.000072
9401 0.000121
9402 0.000163
9403 0.000175
9404 0.000089
9405 0.000095
9406 0.000122
9407 0.000067
9408 0.000036
9409 0.000030
9410 0.000070
9411 0.000045
9412 0.000053
9413 0.000135
9414 0.000068
9415 0.000048
9416 0.000089
9417 0.000053
9418 0.000182
9419 0.000092
9420 0.000085
9421 0.000087
9422 0.000069
9423 0.000171
9424 0.000160
9425 0.000151
9426 0.000094
9427 0.000132
9428 0.000086
9429 0.000088
9430 0.000062
9431 0.000089
9432 0.000054
9433 0.000061
9434 0.000041
9435 0.000050
9436 0.000029
9437 0.000069
9438 0.000137
9439 0.000073
9440 0.000036
9441 0.000025
9442 0.000031
9443 0.000095
9444 0.000200
9445 0.000268
9446 0.000129
9447 0.000136
9448 0.000157
9449 0.000082
9450 0.000085
9451 0.000108
9452 0.000155
9453 0.000081
9454 0.000032
9455 0.000044
9456 0.000053
9457 0.000037
9458 0.000058
9459 0.000039
9460 0.000210
9461 0.000074
9462 0.000090
9463 0.000113
9464 0.000063
9465 0.000044
9466 0.000066
9467 0.000126
9468 0.000165
9469 0.000085
9470 0.000039
9471 0.000058
9472 0.000057
9473 0.000032
9474 0.000068
9475 0.000073
9476 0.000077
9477 0.000048
9478 0.000056
9479 0.000039
9480 0.000062
9481 0.000067
9482 0.000097
9483 0.000074
9484 0.000078
9485 0.000134
9486 0.000096
9487 0.000068
9488 0.000073
9489 0.000036
9490 0.000030
9491 0.000028
9492 0.000054
9493 0.000046
9494 0.000028
9495 0.000074
9496 0.000046
9497 0.000025
9498 0.000199
9499 0.000184
9500 0.000088
9501 0.000163
9502 0.000061
9503 0.000073
9504 0.000059
9505 0.000040
9506 0.000085
9507 0.000039
9508 0.000038
9509 0.000031
9510 0.000069
9511 0.000264
9512 0.000240
9513 0.000297
9514 0.000166
9515 0.000201
9516 0.000100
9517 0.000131
9518 0.000071
9519 0.000101
9520 0.000097
9521 0.000089
9522 0.000040
9523 0.000065
9524 0.000043
9525 0.000033
9526 0.000029
9527 0.000040
9528 0.000049
9529 0.000036
9530 0.000111
9531 0.000298
9532 0.000198
9533 0.000155
9534 0.000146
9535 0.000125
9536 0.000138
9537 0.000111
9538 0.000109
9539 0.000061
9540 0.000041
9541 0.000032
9542 0.000051
9543 0.000069
9544 0.000035
9545 0.000163
9546 0.000117
9547 0.000114
9548 0.000064
9549 0.000069
9550 0.000030
9551 0.000104
9552 0.000139
9553 0.000198
9554 0.000099
9555 0.000174
9556 0.000089
9557 0.000130
9558 0.000151
9559 0.000076
9560 0.000157
9561 0.000148
9562 0.000057
9563 0.000110
9564 0.000046
9565 0.000054
9566 0.000073
9567 0.000092
9568 0.000169
9569 0.000092
9570 0.000167
9571 0.000139
9572 0.000133
9573 0.000071
9574 0.000030
9575 0.000087
9576 0.000105
9577 0.000156
9578 0.000094
9579 0.000111
9580 0.000088
9581 0.000130
9582 0.000125
9583 0.000091
9584 0.000105
9585 0.000037
9586 0.000031
9587 0.000119
9588 0.000116
9589 0.000064
9590 0.000055
9591 0.000115
9592 0.000133
9593 0.000155
9594 0.000099
9595 0.000104
9596 0.000103
9597 0.000037
9598 0.000078
9599 0.000099
9600 0.000055
9601 0.000030
9602 0.000108
9603 0.000107
9604 0.000074
9605 0.000134
9606 0.000053
9607 0.000145
9608 0.000109
9609 0.000108
9610 0.000061
9611 0.000136
9612 0.000074
9613 0.000036
9614 0.000030
9615 0.000033
9616 0.000069
9617 0.000074
9618 0.000066
9619 0.000071
9620 0.000086
9621 0.000052
9622 0.000059
9623 0.000065
9624 0.000043
9625 0.000027
9626 0.000038
9627 0.000026
9628 0.000026
9629 0.000164
9630 0.000061
9631 0.000067
9632 0.000125
9633 0.000068
9634 0.000171
9635 0.000255
9636 0.000232
9637 0.000174
9638 0.000064
9639 0.000077
9640 0.000058
9641 0.000063
9642 0.000068
9643 0.000099
9644 0.000043
9645 0.000127
9646 0.000103
9647 0.000108
9648 0.000106
9649 0.000045
9650 0.000034
9651 0.000025
9652 0.000044
9653 0.000053
9654 0.000054
9655 0.000065
9656 0.000043
9657 0.000033
9658 0.000022
9659 0.000126
9660 0.000178
9661 0.000101
9662 0.000101
9663 0.000044
9664 0.000084
9665 0.000051
9666 0.000029
9667 0.000070
9668 0.000088
9669 0.000092
9670 0.000059
9671 0.000068
9672 0.000073
9673 0.000088
9674 0.000157
9675 0.000185
9676 0.000172
9677 0.000063
9678 0.000042
9679 0.000036
9680 0.000025
9681 0.000036
9682 0.000114
9683 0.000078
9684 0.000209
9685 0.000134
9686 0.000158
9687 0.000082
9688 0.000050
9689 0.000055
9690 0.000081
9691 0.000078
9692 0.000066
9693 0.000086
9694 0.000039
9695 0.000026
9696 0.000064
9697 0.000070
9698 0.000188
9699 0.000175
9700 0.000089
9701 0.000102
9702 0.000037
9703 0.000081
9704 0.000050
9705 0.000130
9706 0.000070
9707 0.000113
9708 0.000063
9709 0.000042
9710 0.000068
9711 0.000029
9712 0.000058
9713 0.000057
9714 0.000039
9715 0.000063
9716 0.000069
9717 0.000122
9718 0.000149
9719 0.000079
9720 0.000075
9721 0.000047
9722 0.000123
9723 0.000130
9724 0.000125
9725 0.000137
9726 0.000054
9727 0.000026
9728 0.000037
9729 0.000068
9730 0.000054
9731 0.000030
9732 0.000021
9733 0.000097
9734 0.000091
9735 0.000064
9736 0.000094
9737 0.000066
9738 0.000055
9739 0.000062
9740 0.000071
9741 0.000110
9742 0.000198
9743 0.000099
9744 0.000086
9745 0.000120
9746 0.000085
9747 0.000126
9748 0.000109
9749 0.000046
9750 0.000035
9751 0.000049
9752 0.000079
9753 0.000073
9754 0.000081
9755 0.000142
9756 0.000112
9757 0.000113
9758 0.000070
9759 0.000090
9760 0.000040
9761 0.000048
9762 0.000056
9763 0.000115
9764 0.000140
9765 0.000074
9766 0.000100
9767 0.000100
9768 0.000060
9769 0.000084
9770 0.000087
9771 0.000135
9772 0.000053
9773 0.000122
9774 0.000119
9775 0.000226
9776 0.000174
9777 0.000184
9778 0.000172
9779 0.000161
9780 0.000096
9781 0.000154
9782 0.000069
9783 0.000074
9784 0.000046
9785 0.000250
9786 0.000261
9787 0.000095
9788 0.000095
9789 0.000084
9790 0.000047
9791 0.000079
9792 0.000037
9793 0.000070
9794 0.000087
9795 0.000097
9796 0.000096
9797 0.000056
9798 0.000031
9799 0.000084
9800 0.000099
9801 0.000057
9802 0.000084
9803 0.000106
9804 0.000185
9805 0.000171
9806 0.000110
9807 0.000185
9808 0.000233
9809 0.000212
9810 0.000121
9811 0.000118
9812 0.000115
9813 0.000130
9814 0.000043
9815 0.000077
9816 0.000028
9817 0.000054
9818 0.000038
9819 0.000064
9820 0.000129
9821 0.000224
9822 0.000240
9823 0.000256
9824 0.000153
9825 0.000080
9826 0.000049
9827 0.000057
9828 0.000075
9829 0.000103
9830 0.000102
9831 0.000097
9832 0.000043
9833 0.000080
9834 0.000038
9835 0.000070
9836 0.000071
9837 0.000097
9838 0.000068
9839 0.000097
9840 0.000097
9841 0.000085
9842 0.000139
9843 0.000172
9844 0.000087
9845 0.000255
9846 0.000058
9847 0.000025
9848 0.000062
9849 0.000042
9850 0.000089
9851 0.000090
9852 0.000172
9853 0.000304
9854 0.000080
9855 0.000060
9856 0.000108
9857 0.000117
9858 0.000216
9859 0.000198
9860 0.000189
9861 0.000095
9862 0.000096
9863 0.000097
9864 0.000130
9865 0.000135
9866 0.000072
9867 0.000080
9868 0.000171
9869 0.000116
9870 0.000048
9871 0.000035
9872 0.000030
9873 0.000028
9874 0.000027
9875 0.000068
9876 0.000121
9877 0.000117
9878 0.000177
9879 0.000108
9880 0.000061
9881 0.000067
9882 0.000086
9883 0.000062
9884 0.000060
9885 0.000133
9886 0.000167
9887 0.000157
9888 0.000185
9889 0.000094
9890 0.000035
9891 0.000038
9892 0.000055
9893 0.000027
9894 0.000038
9895 0.000062
9896 0.000095
9897 0.000084
9898 0.000078
9899 0.000081
9900 0.000059
9901 0.000089
9902 0.000091
9903 0.000092
9904 0.000072
9905 0.000077
9906 0.000086
9907 0.000142
9908 0.000136
9909 0.000130
9910 0.000043
9911 0.000085
9912 0.000121
9913 0.000049
9914 0.000036
9915 0.000030
9916 0.000028
9917 0.000039
9918 0.000114
9919 0.000133
9920 0.000161
9921 0.000089
9922 0.000151
9923 0.000076
9924 0.000185
9925 0.000109
9926 0.000061
9927 0.000041
9928 0.000092
9929 0.000080
9930 0.000094
9931 0.000095
9932 0.000096
9933 0.000042
9934 0.000101
9935 0.000058
9936 0.000086
9937 0.000033
9938 0.000105
9939 0.000045
9940 0.000053
9941 0.000123
9942 0.000067
9943 0.000044
9944 0.000082
9945 0.000085
9946 0.000087
9947 0.000084
9948 0.000051
9949 0.000039
9950 0.000032
9951 0.000028
9952 0.000059
9953 0.000079
9954 0.000082
9955 0.000112
9956 0.000125
9957 0.000191
9958 0.000153
9959 0.000141
9960 0.000055
9961 0.000038
9962 0.000065
9963 0.000070
9964 0.000045
9965 0.000028
9966 0.000027
9967 0.000026
9968 0.000026
9969 0.000037
9970 0.000054
9971 0.000102
9972 0.000091
9973 0.000088
9974 0.000067
9975 0.000072
9976 0.000174
9977 0.000173
9978 0.000169
9979 0.000159
9980 0.000150
9981 0.000098
9982 0.000098
9983 0.000099
9984 0.000072
9985 0.000077
9986 0.000080
9987 0.000143
9988 0.000136
9989 0.000073
9990 0.000207
9991 0.000191
9992 0.000079
9993 0.000037
9994 0.000031
9995 0.000097
9996 0.000317
9997 0.000211
9998 0.000251
9999 0.000068
Sum of ranks: 1.000000
Iterations: 21
Converged: true
Execution time: 52583.362300 ms
