Algorithm: Kruskal's MST
MST edges:
21658 21664 1
14421 36737 1
31471 41708 1
3847 18652 1
40789 43305 1
7276 17622 1
21639 45721 1
263 547 1
34697 43937 1
14357 47870 1
3884 8048 1
263 12116 1
7304 31225 1
21692 30395 1
95 297 1
14324 18842 1
488 3525 1
3808 23903 1
3805 37640 1
21447 25504 1
14500 25654 1
34523 41084 1
868 2451 1
3964 14928 1
21384 37403 1
7210 39258 1
21391 38724 1
3943 22477 1
21441 33175 1
31378 40596 1
21457 44150 1
14452 43464 1
14442 46627 1
7242 22570 1
21492 25500 1
21493 44206 1
3903 14070 1
3884 49668 1
3704 13400 1
34891 38425 1
3740 35194 1
14159 47630 1
1381 21927 1
7440 47802 1
3725 48180 1
21987 45977 1
829 2204 1
3717 10204 1
31301 42549 1
1390 1798 1
825 16724 1
22059 48758 1
31231 44186 1
14092 39935 1
7465 14686 1
14080 47828 1
3695 25435 1
3772 30696 1
34732 47202 1
7356 31398 1
21756 43858 1
21788 36194 1
14263 38235 1
14256 45897 1
838 11110 1
34814 47697 1
21360 44062 1
34858 37472 1
21860 47773 1
14211 36782 1
14207 48887 1
38045 39636 1
3755 8813 1
14183 24583 1
21910 32418 1
6964 11246 1
6922 13612 1
14977 18642 1
20780 25700 1
14960 25397 1
14952 45888 1
34334 35912 1
41054 43029 1
14934 32354 1
20831 27566 1
20733 32728 1
6965 12610 1
20868 25994 1
4151 36642 1
6969 38542 1
14895 41129 1
1308 49393 1
6981 12810 1
1310 11239 1
43511 49207 1
15096 45932 1
6862 47389 1
34315 48486 1
15068 47427 1
15066 16261 1
4259 7043 1
4251 16625 1
38114 47516 1
15051 19005 1
4127 18747 1
4233 45945 1
114 158 1
4228 49504 1
1293 24241 1
15015 23001 1
20674 44372 1
20688 41958 1
20733 21967 1
14607 30168 1
14666 30524 1
7115 34312 1
7122 39367 1
21222 38809 1
7127 44786 1
34426 40548 1
7133 48066 1
105 7352 1
4006 42025 1
7097 35840 1
21296 39863 1
7162 34579 1
31658 41105 1
21327 30842 1
7179 28768 1
871 3427 1
7189 41072 1
3972 7631 1
14753 31625 1
6997 10887 1
20974 37861 1
7010 10946 1
31750 45031 1
250 313 1
14807 43168 1
4098 4834 1
893 34725 1
44320 45121 1
34372 48054 1
21129 28691 1
14720 32714 1
14716 49690 1
21133 37380 1
4063 23260 1
21142 44098 1
7093 30470 1
13179 41793 1
13244 19655 1
35519 48528 1
758 25004 1
23357 47538 1
13211 47957 1
13210 15978 1
23363 37201 1
30783 49733 1
8060 43758 1
8016 12734 1
754 20484 1
3225 27298 1
8081 21704 1
13148 13414 1
13147 21529 1
30756 45004 1
23520 35114 1
3216 7891 1
3305 5223 1
3336 18254 1
3335 4813 1
294 2491 1
23184 43058 1
7969 10162 1
1476 2068 1
30817 31953 1
3308 13704 1
3306 43168 1
30749 42825 1
7999 26877 1
23273 48183 1
3294 10363 1
13269 46081 1
13269 27064 1
23304 39165 1
8010 31804 1
3277 49723 1
12919 33145 1
8209 15256 1
8212 20918 1
740 36959 1
23745 42039 1
12957 24610 1
23755 44976 1
3142 34629 1
23787 32744 1
23815 29933 1
3157 40653 1
23858 31581 1
432 6918 1
3113 24117 1
23893 26204 1
23894 30844 1
735 2017 1
23917 44557 1
3102 6413 1
748 21288 1
3209 16541 1
3206 3868 1
1485 2245 1
23635 41888 1
750 2126 1
13075 47395 1
65 6332 1
8136 12281 1
7936 14548 1
45014 46898 1
8138 27424 1
3180 10178 1
35719 38617 1
23659 39179 1
3173 26686 1
8161 30977 1
8176 32700 1
3568 31173 1
22372 42308 1
3588 39110 1
35017 37861 1
3582 17545 1
7629 34215 1
3570 23539 1
7639 21086 1
22406 41322 1
13821 19047 1
34999 45236 1
35067 36492 1
1437 36665 1
22453 45769 1
38588 42204 1
7700 9066 1
1441 5642 1
3539 19729 1
3523 46713 1
3643 35588 1
7475 17575 1
7478 16528 1
7495 34201 1
7502 34140 1
22127 45257 1
14039 38178 1
22139 26641 1
22166 46598 1
22172 28964 1
7726 17488 1
22239 29666 1
7540 18897 1
22239 41928 1
13970 45813 1
22269 29719 1
7577 40961 1
7588 12406 1
13916 16676 1
30935 47751 1
13542 48724 1
13532 46553 1
22877 22970 1
22961 34213 1
38602 49107 1
3390 6141 1
13451 15052 1
23022 37328 1
23037 27407 1
13547 46637 1
13426 23494 1
7900 10418 1
30931 35513 1
13418 24832 1
30928 43674 1
35365 39804 1
13382 25064 1
3353 48920 1
7746 38419 1
3504 7648 1
22685 26226 1
7736 16036 1
3488 47890 1
3480 47635 1
13664 43963 1
13659 25463 1
35158 41258 1
41119 47628 1
22760 29091 1
3459 43735 1
3457 13153 1
13623 19319 1
35232 41413 1
22797 31471 1
30990 36936 1
7807 9662 1
32643 34597 1
5930 16429 1
41866 45451 1
154 6676 1
16800 18156 1
16788 41449 1
18551 22867 1
5943 49693 1
5130 9292 1
16760 26868 1
33389 38325 1
41831 49244 1
33428 38702 1
18603 36827 1
18614 40294 1
5087 48460 1
18672 19514 1
33442 46679 1
1024 9520 1
18431 41852 1
16959 29161 1
16952 24195 1
16951 34071 1
5859 40170 1
16945 25583 1
16917 32890 1
5204 11675 1
5881 9476 1
18415 43458 1
5066 26770 1
32714 42276 1
18449 38938 1
5912 14865 1
41887 41990 1
5172 22719 1
155 15416 1
5918 30444 1
33381 45791 1
6138 48638 1
6079 21431 1
18979 29958 1
6094 35904 1
6101 17941 1
42792 49838 1
18997 19175 1
16421 38701 1
4921 37616 1
1184 31063 1
16510 28522 1
19047 42580 1
16372 30232 1
4904 36108 1
16363 39626 1
6169 44486 1
16308 47487 1
19097 46038 1
6186 9473 1
5032 7449 1
5064 46987 1
18714 31915 1
33540 34492 1
16591 19561 1
5050 41479 1
32555 46394 1
6042 6126 1
5033 25494 1
5852 8615 1
5031 48963 1
32552 33851 1
18803 28676 1
18826 23899 1
18867 25997 1
6074 42317 1
4961 6213 1
18960 37600 1
5466 28763 1
17714 36115 1
33107 49577 1
5485 14546 1
5657 20129 1
1080 21544 1
1112 32788 1
1113 47049 1
5678 6215 1
32910 44623 1
5641 20961 1
17828 28867 1
5447 42527 1
42107 47433 1
33171 47650 1
17266 20209 1
5433 39449 1
17242 48097 1
17870 29757 1
5522 37032 1
17517 49321 1
17546 41448 1
5564 34341 1
17496 23923 1
17589 24146 1
5550 25605 1
5545 15575 1
17477 25456 1
17650 47936 1
33208 48939 1
17453 32169 1
5617 27766 1
464 7409 1
5516 45500 1
5633 5883 1
17705 37750 1
17395 33304 1
17393 45786 1
5827 33733 1
5795 47259 1
18071 19836 1
5349 11741 1
32767 34604 1
5804 31716 1
5806 11986 1
17045 47330 1
18116 41287 1
5823 13439 1
17071 27495 1
18175 20300 1
18184 22832 1
17000 19245 1
1142 18922 1
1143 6391 1
5253 25667 1
5240 8517 1
5851 28124 1
17126 18250 1
1124 24694 1
5736 45340 1
166 186 1
5754 39676 1
42415 43723 1
5762 39365 1
17948 34258 1
17135 36994 1
4885 38862 1
17122 47914 1
17118 18492 1
186 1800 1
17100 28278 1
1133 1530 1
1137 1707 1
5369 8261 1
18048 28608 1
939 3588 1
20068 30334 1
943 1718 1
15523 16434 1
4474 22593 1
32103 32793 1
942 6176 1
942 3179 1
34079 34376 1
6614 38250 1
15539 23948 1
4462 28479 1
20091 36986 1
231 233 1
6637 9898 1
4452 41499 1
4449 26556 1
20129 20503 1
6673 9750 1
20003 33312 1
19877 28946 1
15683 49383 1
41401 45484 1
4534 17805 1
6529 7201 1
1237 30103 1
4528 4791 1
19958 22310 1
19973 46133 1
4438 35137 1
4492 7333 1
4490 20052 1
15596 43543 1
6553 43720 1
41362 49584 1
15576 33550 1
15576 28184 1
20049 45152 1
4293 16343 1
20366 49890 1
20427 36710 1
4324 21892 1
15192 30653 1
15192 17796 1
34257 43795 1
15191 19042 1
20437 32698 1
1282 44286 1
481 20464 1
20494 29484 1
38125 40252 1
15162 41829 1
4282 22602 1
4280 21400 1
240 12434 1
4277 5658 1
20545 43706 1
20175 40373 1
20154 27086 1
32048 35792 1
15346 23557 1
123 16993 1
929 6138 1
4424 18701 1
15318 44176 1
928 5188 1
19867 31169 1
20227 36150 1
4386 12854 1
6737 12940 1
6737 23994 1
20309 21420 1
34246 37531 1
32037 35604 1
4353 44070 1
19445 39259 1
214 2135 1
16111 47438 1
33662 45178 1
6290 22588 1
4753 29504 1
19390 35877 1
19403 39470 1
19428 21030 1
19443 49160 1
6274 10860 1
6319 28288 1
6319 28350 1
4729 15095 1
33746 48776 1
16001 42088 1
6344 33304 1
19506 21326 1
19509 31240 1
32447 32559 1
4860 9581 1
6196 8884 1
4860 9546 1
19188 30489 1
4853 36995 1
6207 18432 1
19222 47388 1
19229 36566 1
4701 25744 1
6231 48931 1
19287 41323 1
142 9764 1
4773 18326 1
19355 38064 1
19357 39772 1
16149 33921 1
4758 24146 1
32249 37059 1
19698 23354 1
19710 21584 1
1219 16556 1
6441 39782 1
15805 22276 1
19778 26334 1
4585 33918 1
6465 46648 1
43148 46917 1
4626 6916 1
19811 23841 1
33959 49470 1
962 29845 1
6481 29155 1
1228 1341 1
19824 22805 1
15720 32736 1
19865 37496 1
977 31824 1
15976 28765 1
15974 34782 1
38431 42132 1
19560 34089 1
32336 34705 1
4663 6182 1
1213 16693 1
4655 23445 1
0 2 1
6408 34327 1
15858 43231 1
15856 47967 1
15852 37644 1
19662 28927 1
6422 6467 1
32308 47214 1
974 2660 1
36738 45285 1
355 9000 1
9322 15493 1
29956 39097 1
26252 37954 1
11331 18463 1
2464 5075 1
9357 40059 1
11301 28467 1
36711 36873 1
11259 33387 1
11254 46765 1
11253 28693 1
11238 24045 1
2447 14995 1
2440 4150 1
2425 16208 1
11224 46056 1
26067 46948 1
30084 40127 1
11494 20015 1
9235 10655 1
9240 19569 1
29 35106 1
36653 46364 1
2523 48225 1
26054 32376 1
9454 42752 1
26089 34088 1
11412 49354 1
39509 41577 1
26145 26552 1
1631 18367 1
2481 39787 1
2476 3988 1
9574 19888 1
364 454 1
9513 49250 1
39367 43374 1
11094 13892 1
1673 19010 1
36850 45692 1
11075 14550 1
26917 33421 1
2347 2849 1
29691 48940 1
29684 31054 1
11041 18795 1
1688 3924 1
27044 44236 1
9612 41734 1
27058 42387 1
11186 38148 1
36768 39326 1
26455 42020 1
26479 27703 1
9460 25392 1
26501 45210 1
1662 2535 1
2385 45445 1
26602 35657 1
638 706 1
26615 37703 1
9480 19973 1
9482 41365 1
11165 39749 1
612 871 1
2356 18387 1
2353 11515 1
25484 42575 1
8948 13758 1
8957 14877 1
1597 15435 1
36298 46281 1
423 9950 1
11857 15529 1
25476 35592 1
36330 38255 1
11896 15046 1
8997 28171 1
2641 20305 1
30109 40174 1
11792 49171 1
25648 29244 1
11787 13204 1
1607 36375 1
25338 32317 1
667 36323 1
25230 40390 1
2723 8667 1
12001 43997 1
508 16011 1
2722 40230 1
37828 44323 1
8864 37315 1
2620 4895 1
2702 3887 1
2699 17648 1
37820 42833 1
8899 46602 1
25370 49550 1
2677 7970 1
11908 48080 1
25902 49453 1
25872 45282 1
9134 19324 1
9138 12825 1
9138 37667 1
36415 48615 1
36438 47315 1
9145 43644 1
25900 45253 1
2566 3704 1
11554 39317 1
36482 39673 1
11545 41416 1
30086 38376 1
2545 33839 1
2544 37031 1
36501 40981 1
9088 48075 1
2614 43643 1
9032 29343 1
9041 37135 1
25704 38974 1
36397 36872 1
2590 5879 1
39615 46307 1
25799 32292 1
11001 34529 1
25817 45580 1
2574 27596 1
11622 23553 1
36398 49820 1
36414 42055 1
9122 45870 1
11614 45156 1
10467 25932 1
1983 4303 1
1746 2452 1
1753 47241 1
28275 31762 1
28288 49769 1
10468 16674 1
29244 45397 1
28324 36663 1
37292 47086 1
28369 30308 1
10018 17263 1
10018 24141 1
28404 47941 1
542 2479 1
28463 42603 1
1927 36244 1
10535 38738 1
10561 26088 1
9945 12158 1
9952 24617 1
1737 34418 1
37213 37903 1
9957 12156 1
48064 48162 1
10536 45133 1
10440 30678 1
28140 31201 1
37224 43885 1
1739 38406 1
1740 2866 1
10517 18712 1
39080 46266 1
28201 35658 1
29117 31816 1
28778 34431 1
10098 38129 1
28780 34554 1
10104 48793 1
1865 14735 1
10311 15462 1
10289 24881 1
1 2080 1
28746 46883 1
37597 42424 1
28907 48351 1
1843 3101 1
1831 4412 1
1830 26507 1
29003 44410 1
29113 38908 1
10397 48550 1
10427 37897 1
1923 23146 1
10045 49602 1
1923 13588 1
10416 32309 1
10411 34532 1
10061 10198 1
28572 30855 1
9936 12975 1
28645 33239 1
38995 48229 1
29176 43673 1
1794 9914 1
10383 12123 1
28668 46561 1
28673 32620 1
9740 28428 1
27363 42948 1
10864 26643 1
2171 26594 1
37069 38298 1
10854 28234 1
2167 8969 1
29546 31932 1
27528 34396 1
39212 41547 1
27540 43891 1
10820 14223 1
27597 45043 1
37091 37609 1
10807 15663 1
27607 36781 1
9788 12681 1
10964 35354 1
29630 47813 1
9619 20046 1
2262 30878 1
2260 30355 1
9634 47041 1
9638 42766 1
2249 20562 1
10964 39898 1
27607 49510 1
29610 42526 1
27184 30467 1
27186 45672 1
36948 41810 1
595 49687 1
47362 48732 1
9702 36286 1
29455 42118 1
37146 45625 1
568 46597 1
9875 27830 1
10637 19703 1
27889 44178 1
9902 11456 1
10621 31174 1
1725 25240 1
27868 33131 1
27959 31832 1
9912 45470 1
27961 28829 1
9917 14327 1
27961 43330 1
2029 10606 1
10593 47235 1
9828 44564 1
2120 46273 1
380 3465 1
2109 12616 1
37098 46704 1
9814 11990 1
2109 10160 1
27684 39136 1
29515 43061 1
8283 39466 1
27720 31013 1
27786 48184 1
9851 42455 1
1715 14221 1
37136 44442 1
9867 38962 1
10665 11893 1
38704 39352 1
1569 7504 1
8686 11137 1
58 168 1
36021 44187 1
24131 41494 1
8340 37986 1
24876 33384 1
2911 3086 1
2901 27247 1
1503 23545 1
30514 35356 1
676 3082 1
1551 27063 1
24141 34824 1
8670 15391 1
8572 10303 1
30357 35914 1
2848 6423 1
2990 9506 1
2891 14715 1
3031 16539 1
12566 23472 1
36202 43376 1
2930 34609 1
30372 40263 1
45435 46433 1
30654 33710 1
24934 49612 1
24088 40399 1
40056 45311 1
8330 33031 1
30513 35267 1
24290 43985 1
45327 49074 1
3043 17681 1
8478 8890 1
2828 8719 1
8477 36916 1
24131 26622 1
12216 12439 1
8546 14164 1
2918 9063 1
2858 30041 1
24708 25019 1
2879 37268 1
8628 22774 1
24756 32859 1
8422 35695 1
12325 41466 1
12302 34483 1
12681 25995 1
39867 45319 1
710 3307 1
24250 27806 1
8416 23356 1
39883 45049 1
8613 48438 1
24219 27202 1
55 191 1
24783 40433 1
36136 48857 1
24153 26737 1
24218 36323 1
326 2599 1
40007 42024 1
12279 32913 1
12729 25991 1
1554 22609 1
8369 28065 1
2848 32563 1
12627 49076 1
24829 44398 1
12722 26190 1
12720 48067 1
8380 36523 1
37836 40280 1
713 23303 1
8388 15611 1
710 5950 1
30545 49916 1
8392 12096 1
45227 49417 1
36122 41759 1
35994 48430 1
24819 39633 1
312 2167 1
8296 11364 1
8306 24562 1
24002 49701 1
24384 26796 1
30277 48910 1
25057 39697 1
2950 46363 1
25027 42376 1
2938 16917 1
23998 33338 1
12145 20576 1
25030 25410 1
24474 43073 1
2785 7693 1
2821 35283 1
36039 46154 1
24408 38526 1
333 2436 1
24462 30644 1
8523 9003 1
3083 37730 1
2787 3222 1
39955 43022 1
12498 35919 1
8788 19618 1
8787 32936 1
2789 14601 1
12840 30569 1
24437 26722 1
12059 18975 1
12190 22928 1
12167 25089 1
24981 35079 1
25086 43376 1
23934 42186 1
12469 32084 1
8292 48859 1
3063 11965 1
39794 49226 1
8711 17531 1
24036 30492 1
12807 36669 1
29571 47595 2
27824 37398 2
291 2087 2
1517 2439 2
23353 28321 2
18976 37316 2
30557 49864 2
23039 36836 2
27892 45889 2
320 5990 2
18988 46326 2
1538 18447 2
3273 7784 2
5058 28197 2
24453 30084 2
1195 3937 2
32543 36342 2
4994 10272 2
4715 30993 2
4988 32503 2
27235 44690 2
299 364 2
18828 31081 2
4718 6592 2
5007 17220 2
4709 23403 2
38691 45695 2
1705 19689 2
2222 6558 2
18889 20108 2
40272 49085 2
18925 26263 2
29499 47643 2
1181 4020 2
2191 20118 2
2138 43672 2
19082 27256 2
24324 25344 2
30494 33182 2
2139 10713 2
208 2302 2
1465 33881 2
19350 26121 2
2138 46431 2
32433 37981 2
19299 30977 2
23454 26216 2
19177 23183 2
2964 44923 2
23148 37394 2
4859 24555 2
23138 30294 2
19200 37811 2
19259 44080 2
23141 30954 2
27547 30300 2
1188 19874 2
23141 34520 2
4834 47365 2
27547 44369 2
19223 46949 2
4916 31507 2
27368 34964 2
18989 35728 2
27379 49569 2
1184 19149 2
412 21181 2
2092 8254 2
19402 45970 2
2097 38092 2
27409 44024 2
24413 41407 2
2102 19302 2
19028 31400 2
19441 46822 2
4754 21270 2
23271 23569 2
27687 48883 2
4757 7350 2
1533 21864 2
3366 30080 2
27448 38226 2
27477 49522 2
19376 27592 2
4895 20349 2
4765 33270 2
19365 30557 2
17856 48993 2
17928 39996 2
5405 6299 2
5406 43270 2
17922 27872 2
1132 8488 2
3063 16485 2
5428 42890 2
23740 30569 2
28626 46283 2
462 29080 2
23752 43184 2
397 36612 2
29171 33951 2
1874 7000 2
1118 1370 2
23766 31246 2
23664 39358 2
28509 40575 2
3176 27063 2
1138 26151 2
18033 39334 2
28529 31425 2
17963 31767 2
1918 7873 2
28564 42459 2
17782 27764 2
5393 6022 2
23666 43827 2
23689 34488 2
28566 48418 2
3158 23868 2
5400 23883 2
184 24370 2
38950 40954 2
42175 46442 2
17669 45507 2
40080 44187 2
176 1057 2
1849 5550 2
28905 30554 2
5522 9577 2
1848 20052 2
28887 38859 2
23946 40721 2
3097 4038 2
23936 43343 2
1824 7149 2
29104 44812 2
5571 6823 2
25200 45908 2
24091 48217 2
17704 29055 2
3116 45116 2
1496 26207 2
1106 12543 2
28842 44959 2
28842 37899 2
32951 42354 2
1863 3097 2
17747 36546 2
5481 40422 2
1864 18101 2
23798 39160 2
29143 43501 2
23787 25385 2
23983 42501 2
41850 45782 2
23436 26665 2
2018 4226 2
2018 3401 2
5133 5789 2
1155 3468 2
28101 42780 2
28120 43540 2
18539 45429 2
385 14979 2
1119 11521 2
3236 32729 2
24144 36653 2
1150 6556 2
23477 33693 2
3221 8194 2
5163 43639 2
5081 5944 2
24197 47852 2
2048 7739 2
3020 40310 2
18701 27395 2
23405 35218 2
41788 43186 2
18682 44431 2
3255 10776 2
18454 33961 2
40004 43132 2
18654 30720 2
18630 30581 2
1161 42324 2
28021 39970 2
28034 47483 2
5119 47312 2
5326 47007 2
18264 19324 2
5276 10175 2
5292 46034 2
18189 36474 2
3182 7009 2
18166 36800 2
39051 45089 2
461 1498 2
18270 23024 2
23651 41220 2
28386 32261 2
5331 18218 2
18113 28804 2
24108 48821 2
1939 29055 2
28443 40367 2
27920 28408 2
23644 47156 2
29311 46602 2
28277 35758 2
3199 31846 2
1975 8593 2
3201 4151 2
28217 39398 2
23568 33293 2
5206 31873 2
303 999 2
5203 47563 2
29385 44410 2
18431 44166 2
28186 47103 2
5176 31367 2
4098 21562 2
3680 10279 2
38726 49297 2
1319 7354 2
31721 37162 2
1314 30105 2
4087 5838 2
21057 31295 2
30100 39658 2
39604 40816 2
39817 49900 2
21029 33101 2
25853 32232 2
22150 32442 2
4111 4993 2
31750 46515 2
1567 28800 2
22179 43496 2
40950 49800 2
1322 5997 2
4012 7406 2
25682 33308 2
40936 47889 2
2826 3195 2
25734 43130 2
2598 19801 2
21219 38927 2
41017 43670 2
2596 10609 2
4057 11263 2
271 18613 2
22086 45534 2
21146 35437 2
25781 46735 2
1322 3243 2
3683 5692 2
20723 21054 2
2543 24912 2
39547 44999 2
20763 42812 2
4191 35640 2
3618 29968 2
1304 18833 2
22286 38062 2
31105 43616 2
3618 48338 2
20716 29607 2
20707 31248 2
30051 46872 2
25991 29838 2
26000 26855 2
2526 3061 2
24825 39349 2
39854 44147 2
1567 2768 2
3637 4638 2
2559 43216 2
41031 44748 2
20890 26837 2
31150 32224 2
20884 27801 2
25898 34840 2
24833 38480 2
1401 4628 2
20866 42850 2
20831 44121 2
2553 5840 2
20828 48733 2
1417 3280 2
20784 29108 2
3619 47034 2
1571 11369 2
2711 9310 2
21866 27499 2
21888 30205 2
3843 32446 2
21639 44538 2
2686 8366 2
21634 38969 2
2677 23482 2
3830 4955 2
2676 4180 2
31478 36140 2
25448 34966 2
21597 28549 2
1592 2697 2
25455 29335 2
3906 18371 2
39688 44577 2
2778 5835 2
21832 49175 2
3777 4950 2
25180 35000 2
3784 15509 2
2731 14405 2
21755 36199 2
3803 28532 2
25086 37170 2
3740 43747 2
31323 47688 2
1589 2061 2
2716 3555 2
1363 35470 2
1591 18758 2
40741 48823 2
31389 37386 2
21337 33392 2
39678 43808 2
22003 34073 2
25519 31588 2
21363 40640 2
21361 34220 2
3721 7092 2
1343 48718 2
24958 39965 2
30283 35777 2
31575 38837 2
31602 33647 2
1328 7307 2
3985 7390 2
3989 7996 2
3998 5893 2
2613 27071 2
25680 32877 2
21446 27640 2
21477 22230 2
31510 48278 2
25458 39773 2
21468 47716 2
3928 9896 2
25036 25265 2
21461 38788 2
1385 34097 2
31874 40730 2
21441 24438 2
3938 29311 2
21422 46712 2
2664 29234 2
2664 17872 2
3957 6721 2
2797 42709 2
32224 44232 2
26781 41904 2
19986 20657 2
2335 45916 2
2327 2404 2
26852 38399 2
30389 46593 2
4536 13708 2
1674 15098 2
26775 37529 2
19904 42631 2
26888 27598 2
22812 35460 2
4561 19956 2
26902 30555 2
26905 49973 2
2315 33329 2
22819 49121 2
20052 35717 2
39890 45964 2
32095 48182 2
2394 30379 2
26603 49691 2
2909 7261 2
26642 32786 2
20054 34326 2
2372 44392 2
26932 30049 2
32109 41938 2
1444 23328 2
20027 28310 2
22764 36570 2
2348 26370 2
3463 31831 2
24541 48031 2
32119 34613 2
24460 36691 2
22943 35869 2
4630 5308 2
29629 37399 2
22955 27335 2
30971 43453 2
19647 36233 2
3389 19659 2
22995 31296 2
22936 31956 2
4669 29807 2
1211 5008 2
4678 35836 2
29607 48679 2
1702 16651 2
19560 24018 2
27173 36205 2
23001 39019 2
29634 29772 2
22835 33293 2
2303 12169 2
26968 48641 2
22838 47162 2
4581 10410 2
24482 34631 2
4588 10185 2
4592 20859 2
3504 17205 2
39275 47391 2
4595 20919 2
369 772 2
19708 23789 2
3444 10623 2
24473 28719 2
3427 8065 2
29958 32513 2
1284 7799 2
4283 8050 2
20508 44000 2
40495 44237 2
20494 38435 2
2475 11402 2
22410 39041 2
31984 47835 2
26173 47126 2
26250 48532 2
280 1894 2
29948 45411 2
24766 30116 2
22424 47359 2
20361 25753 2
2460 24652 2
22435 29945 2
20562 20607 2
1423 21740 2
3608 30347 2
1426 2738 2
22369 30065 2
26055 38564 2
2853 15510 2
26078 26151 2
20567 40571 2
29884 41344 2
4268 25652 2
2505 3655 2
2501 28536 2
20553 30503 2
4269 40927 2
38784 46299 2
24805 44720 2
4444 23073 2
1657 5639 2
20161 24929 2
2426 37135 2
4429 26130 2
3535 37984 2
32081 43174 2
20141 32774 2
2422 23107 2
20161 26840 2
4447 21645 2
3523 8600 2
22531 37879 2
4452 19377 2
20117 26175 2
22536 37145 2
2409 11047 2
4460 24522 2
20281 46511 2
20349 30513 2
4370 14790 2
26302 32911 2
20302 32318 2
20299 38306 2
20296 21818 2
26346 34646 2
31019 35684 2
32343 44659 2
2448 11429 2
20256 34644 2
4398 7757 2
1261 19106 2
1646 47506 2
40476 45268 2
2873 12888 2
9433 41072 2
6502 23554 2
15691 49509 2
958 9207 2
33988 38774 2
6538 23304 2
8506 12528 2
8507 8829 2
11222 17101 2
90 319 2
12482 19599 2
15615 32622 2
11237 32277 2
12465 34860 2
6546 28994 2
14134 15997 2
6547 42191 2
15722 48294 2
6455 7854 2
6457 26032 2
7495 15395 2
37890 39716 2
7474 8529 2
12549 17067 2
8495 30659 2
478 29591 2
34036 46866 2
37882 48877 2
9467 16951 2
14078 23388 2
15712 30200 2
9465 33284 2
36774 49993 2
6501 18052 2
36705 46493 2
15393 16299 2
15386 28262 2
7398 9699 2
6664 47048 2
6676 16604 2
11401 17060 2
11401 37695 2
11411 23067 2
8554 34572 2
14227 31151 2
15352 27484 2
11426 24422 2
7388 49810 2
6700 11987 2
15320 16846 2
9263 26341 2
12419 27070 2
6559 37780 2
34037 45552 2
949 3858 2
11298 42417 2
14170 16747 2
34873 42552 2
6593 49894 2
9336 12766 2
15793 20614 2
11341 15359 2
34873 38162 2
9315 19093 2
9309 48313 2
15435 23429 2
9298 48403 2
9295 48403 2
33696 34067 2
8412 13543 2
996 1926 2
12639 20203 2
7559 21406 2
38192 45487 2
9570 13487 2
16050 32988 2
12638 12800 2
817 2810 2
16018 18201 2
9564 33157 2
16015 17851 2
15992 43903 2
6346 45887 2
9560 19668 2
980 32760 2
7580 15884 2
7600 9312 2
1005 9651 2
16192 33693 2
7592 29560 2
47155 48368 2
16188 39305 2
6248 16941 2
706 17209 2
9553 16114 2
11017 33084 2
7578 44437 2
6274 7762 2
6277 36554 2
9586 20240 2
16098 16633 2
45273 46492 2
11162 16099 2
7522 9698 2
701 13220 2
15851 49619 2
9492 40522 2
33880 42978 2
15837 30115 2
134 3302 2
134 1405 2
6405 47994 2
15835 37244 2
14035 44462 2
15819 26381 2
33882 36740 2
14040 40701 2
12556 17927 2
46890 47280 2
15908 37137 2
13993 29979 2
818 5402 2
15951 33363 2
15948 46266 2
11101 33640 2
11108 35546 2
704 22460 2
12619 24249 2
15292 39460 2
12590 37375 2
11135 30631 2
14017 28665 2
34967 36312 2
9507 13576 2
15883 25664 2
11144 18338 2
665 10338 2
36328 42879 2
14843 16469 2
8961 37371 2
11863 17005 2
7022 31224 2
14805 38480 2
7030 7162 2
8698 30809 2
8687 10605 2
14434 45578 2
11937 34559 2
8901 9703 2
7064 34637 2
43 441 2
11949 17207 2
14713 24782 2
34661 37279 2
34334 44247 2
12267 15556 2
36200 49222 2
654 4386 2
43612 49424 2
655 48672 2
34351 47876 2
34666 42346 2
14709 20421 2
14897 29947 2
34645 39406 2
14882 24386 2
8682 43758 2
14423 35510 2
36 180 2
6996 35419 2
7193 10580 2
34525 42121 2
14478 15630 2
45712 49933 2
12153 18119 2
12059 43399 2
14531 44820 2
36243 41792 2
7190 15827 2
36236 47538 2
12112 20089 2
12097 32054 2
12065 47242 2
8801 37662 2
7211 27652 2
7210 17998 2
14492 25181 2
12011 44185 2
508 27912 2
34554 37298 2
11975 34067 2
8873 19470 2
11992 15463 2
39 427 2
11999 41088 2
7245 27553 2
35 125 2
14613 29581 2
14442 29078 2
7152 40586 2
14576 37399 2
12176 48467 2
12158 39687 2
7168 37769 2
34292 37592 2
11539 46941 2
12325 12352 2
845 3702 2
6796 19068 2
36451 36669 2
7349 20919 2
11565 24376 2
14287 38612 2
11530 23240 2
15148 29805 2
907 1410 2
6825 40774 2
46215 46870 2
8613 44177 2
15123 21560 2
9134 9749 2
6754 14228 2
37867 39238 2
6714 41564 2
15281 25673 2
833 30655 2
15274 16433 2
6736 8256 2
6739 12256 2
34243 44743 2
681 7057 2
15241 25770 2
6760 8126 2
15227 30048 2
6774 21136 2
9210 40194 2
6776 47380 2
630 30664 2
14982 15903 2
9074 46833 2
45572 45835 2
34327 49812 2
15006 49352 2
9066 42739 2
6914 41386 2
96 1051 2
6917 17152 2
6908 42292 2
12288 14826 2
11726 25142 2
14938 19773 2
6949 36776 2
9035 13331 2
9028 36332 2
14929 43190 2
9107 22259 2
11602 11703 2
11612 26455 2
15113 41523 2
906 932 2
34301 40111 2
34321 47000 2
15062 29567 2
15059 19040 2
11070 12269 2
15030 22841 2
15024 40410 2
14325 33872 2
9088 10220 2
34719 37217 2
36167 48229 2
12301 23774 2
5878 30913 2
8253 11732 2
7780 30336 2
5916 11278 2
16836 30043 2
13597 35163 2
8251 16438 2
10595 43901 2
9926 18029 2
13560 41512 2
16894 44551 2
5889 6544 2
9937 32405 2
35261 39583 2
10564 13410 2
10323 14791 2
16912 33575 2
12920 49912 2
12677 13553 2
10528 36590 2
5671 32610 2
17303 18241 2
16965 37417 2
7986 11700 2
17282 48560 2
12937 30326 2
533 9932 2
9973 11938 2
8230 13606 2
10302 19956 2
9838 10742 2
10707 32497 2
1082 4106 2
10165 24384 2
9860 47628 2
5972 37583 2
8269 20793 2
10678 29195 2
16746 40425 2
736 23882 2
10284 29881 2
16771 26624 2
10135 30765 2
37580 46794 2
12948 17906 2
16785 28773 2
10628 46600 2
10623 14656 2
169 13742 2
10619 23698 2
9908 12995 2
47889 49828 2
16803 27033 2
13624 48173 2
10608 17017 2
13612 37940 2
16831 19653 2
12918 43313 2
1067 47635 2
7886 33048 2
10018 49254 2
1054 7004 2
44711 45978 2
10019 19490 2
10369 14125 2
542 1106 2
10376 24859 2
1070 22864 2
33264 38811 2
5780 34429 2
1058 37618 2
10381 35162 2
10024 48020 2
37425 45631 2
10449 17135 2
749 37159 2
17148 38485 2
13408 34413 2
13395 16059 2
4 2557 2
10046 11431 2
7928 8543 2
10404 20161 2
66 6853 2
5737 6758 2
13081 28866 2
8120 36556 2
17011 31074 2
5688 7478 2
738 39707 2
5845 10144 2
7846 25864 2
7960 38316 2
12953 42466 2
8222 9865 2
13477 28096 2
10366 15768 2
16989 33149 2
16992 21238 2
12962 45102 2
10481 16632 2
38007 39395 2
44785 46127 2
12978 18493 2
12985 34741 2
17026 45320 2
12989 36737 2
10010 34778 2
13345 23411 2
17030 43403 2
5808 41646 2
17051 23306 2
10012 33770 2
13041 35058 2
7883 19121 2
13840 20384 2
173 29739 2
7646 13390 2
35846 49283 2
8055 42183 2
16502 24015 2
13202 23836 2
5597 26305 2
7680 19713 2
6077 14222 2
44857 47314 2
16515 33880 2
10206 11595 2
12767 14627 2
16469 28949 2
35017 44626 2
6075 14052 2
9650 13380 2
7705 15003 2
18 29308 2
44909 49187 2
33563 37088 2
17473 42445 2
12828 34773 2
13718 18047 2
6068 24239 2
17515 27305 2
10893 49358 2
9678 19455 2
13787 31067 2
6186 7938 2
16305 16471 2
35504 35536 2
6159 18027 2
0 6 2
8021 47399 2
35891 39696 2
13778 47679 2
16368 47148 2
7675 20663 2
16527 45736 2
809 4177 2
12768 48539 2
33583 48137 2
13797 19990 2
6134 6311 2
10884 11628 2
10870 20695 2
47378 48357 2
7675 24498 2
35063 43214 2
47394 49040 2
36934 44334 2
37899 46086 2
35004 39032 2
33529 38350 2
42854 49433 2
9806 16587 2
10740 27749 2
765 2936 2
6000 22435 2
765 43359 2
16655 22213 2
8348 35807 2
5574 5640 2
12853 26373 2
8396 37968 2
575 13054 2
16658 33589 2
10178 12551 2
45096 49916 2
45094 46988 2
733 23496 2
16218 25369 2
9619 10534 2
42306 49427 2
13166 26241 2
16556 24790 2
6207 38718 2
16529 46972 2
7713 49096 2
17459 35992 2
57 41690 2
33545 42886 2
12836 19560 2
1005 14756 2
9741 17762 2
6050 30602 2
7718 26017 2
47565 48318 2
6047 37745 2
10827 29378 2
17445 21850 2
10819 19423 2
6038 32570 2
17414 48619 2
5627 35547 2
13689 44012 2
731 11721 2
7608 27586 2
3204 6533 3
36169 48390 3
8665 36674 3
8115 46276 3
8118 30503 3
23587 33697 3
804 5319 3
1482 18614 3
331 689 3
12156 48604 3
30285 46835 3
13168 33768 3
751 23703 3
24957 35042 3
23524 39488 3
23469 39955 3
12196 18412 3
24946 47622 3
8091 12161 3
23812 44761 3
44943 47359 3
24944 49972 3
24942 38738 3
2819 38996 3
23486 24134 3
30771 35650 3
2837 25475 3
8764 30022 3
13099 45754 3
8105 24364 3
23435 37426 3
2834 19638 3
24883 37816 3
30287 38850 3
23424 46917 3
8684 16550 3
8097 46107 3
3212 42252 3
30752 46179 3
3246 38825 3
12216 47073 3
8694 16008 3
12524 12574 3
24388 26492 3
12837 37396 3
1500 26870 3
701 11563 3
12842 24277 3
30664 48805 3
3093 7270 3
3096 11389 3
12534 17087 3
45381 45640 3
8486 36750 3
12880 30363 3
12515 43694 3
3106 4467 3
12495 41874 3
51 530 3
51 266 3
12893 22174 3
2931 27773 3
2927 3439 3
23892 26254 3
2995 35921 3
12666 44432 3
24208 25556 3
8410 20572 3
35898 49816 3
24223 31502 3
8427 48207 3
30644 47625 3
35557 35716 3
24260 27624 3
12772 46869 3
24555 40649 3
8458 42970 3
12588 28891 3
24076 27607 3
3054 13602 3
2980 41804 3
35808 42977 3
24008 26075 3
8486 29147 3
30507 33626 3
2857 22167 3
8601 27078 3
8602 49687 3
12956 23781 3
8604 31382 3
24766 35791 3
23730 41841 3
8208 19204 3
8207 49161 3
36138 36150 3
8150 39184 3
24729 46029 3
24800 38061 3
23653 39809 3
35664 36553 3
39861 43042 3
35640 41246 3
46 12806 3
8632 11463 3
8635 33069 3
13079 48744 3
13080 47176 3
36093 38524 3
691 14711 3
24575 42428 3
24576 39040 3
24581 36166 3
24581 44598 3
23868 44262 3
24599 42138 3
8248 10857 3
23827 25737 3
24628 40125 3
3194 30672 3
23809 29252 3
8573 20596 3
30678 42643 3
12371 21781 3
685 39010 3
24690 40180 3
12945 14862 3
8590 15557 3
426 24332 3
1709 9749 3
572 3099 3
47671 47932 3
9831 23583 3
27707 32636 3
10738 26558 3
9819 47028 3
10742 36007 3
10749 40279 3
10782 37526 3
2090 2525 3
10804 39949 3
581 1288 3
2134 14095 3
9767 13056 3
9749 23498 3
10845 37909 3
29545 47328 3
9737 19607 3
27966 32379 3
10561 36355 3
9943 21343 3
39104 41174 3
1735 17425 3
10596 34478 3
28015 28780 3
37161 41384 3
2030 35276 3
9735 23071 3
9917 32729 3
10611 28980 3
9908 27951 3
9869 18888 3
27854 41325 3
9867 48257 3
27798 29406 3
27787 48093 3
10998 18999 3
37724 49873 3
27179 48579 3
2241 10603 3
10942 15393 3
10943 33204 3
10966 11173 3
2259 8131 3
36903 42324 3
9629 26832 3
2232 39094 3
27101 34215 3
27066 27391 3
11003 38504 3
604 3799 3
9608 11778 3
27044 41703 3
27013 41945 3
11024 49429 3
1708 9560 3
2162 2714 3
39188 43558 3
2162 12699 3
2164 10924 3
9734 47834 3
9734 28437 3
16 103 3
2184 12867 3
37208 40930 3
27334 28483 3
27299 46610 3
37000 39969 3
2212 34755 3
39229 44227 3
2221 24164 3
9674 41431 3
9673 32577 3
10093 43228 3
28897 33417 3
37588 41872 3
528 11966 3
1800 43286 3
1867 11169 3
10112 30604 3
10346 32746 3
1872 3227 3
1872 28608 3
10244 21617 3
28719 32000 3
29163 35695 3
10092 28463 3
1889 43838 3
37513 40644 3
10079 13352 3
48915 49106 3
10391 22281 3
403 25633 3
29105 49947 3
10197 21641 3
29102 29984 3
1813 6370 3
38890 43334 3
29052 40877 3
1821 26715 3
29036 36697 3
28635 28957 3
29013 36681 3
0 5411 3
10215 13616 3
28969 37374 3
28941 31688 3
402 10915 3
10180 12253 3
10239 21775 3
10502 32016 3
1968 16000 3
10476 12104 3
10476 31883 3
10480 37766 3
9998 26955 3
28253 48693 3
547 938 3
37363 37500 3
37319 41471 3
1764 14542 3
28206 32316 3
48336 48615 3
37287 43878 3
7 36190 3
1739 3184 3
1995 41815 3
28140 42687 3
2005 9639 3
28466 30171 3
10078 25985 3
39002 48038 3
28611 49880 3
10074 49518 3
10425 24758 3
10043 14373 3
10435 15154 3
37471 49877 3
26981 27019 3
28449 28722 3
10022 30375 3
28403 39588 3
28379 37429 3
10016 11240 3
28343 33098 3
1960 21051 3
1773 44035 3
25734 31343 3
11642 21921 3
25785 44164 3
9084 19713 3
11693 25783 3
25773 42590 3
25756 33082 3
2598 4841 3
11708 48141 3
11709 37836 3
9101 23597 3
25713 39726 3
36378 47615 3
25664 32571 3
11770 23597 3
11777 16098 3
2633 10580 3
2639 17705 3
36348 49237 3
9180 41768 3
9248 26707 3
11502 28319 3
30009 39152 3
1615 8669 3
11514 33255 3
25968 41902 3
11519 32656 3
9185 14029 3
2647 25301 3
9180 18507 3
25922 32874 3
2554 13378 3
36448 49558 3
511 14760 3
25877 47694 3
2564 7529 3
11618 21190 3
1582 6124 3
8851 27024 3
1583 32686 3
8849 35935 3
25224 32385 3
2736 46480 3
8827 24660 3
12045 30614 3
25162 32043 3
25140 26563 3
30195 32028 3
335 17310 3
25101 34389 3
25095 31828 3
12064 20570 3
2776 27079 3
25084 42466 3
8805 49632 3
8795 15141 3
11892 38026 3
2648 14787 3
423 7492 3
8994 40995 3
11817 17677 3
2661 3293 3
8985 30760 3
8979 22626 3
25460 31009 3
26045 32119 3
11900 49888 3
36275 43719 3
8920 19489 3
2674 2712 3
45877 47220 3
8876 15388 3
25326 38631 3
11998 33696 3
9484 26967 3
39389 39705 3
11135 41574 3
26756 26858 3
26738 28956 3
2350 12070 3
2358 3408 3
26681 29446 3
2368 15740 3
26647 29718 3
2342 38117 3
39409 41286 3
29800 38124 3
11180 18147 3
11181 20937 3
46837 47809 3
2382 35640 3
9468 16106 3
2387 11973 3
9568 26456 3
20 6920 3
9575 18942 3
29701 37990 3
36862 41456 3
1675 12876 3
26948 38568 3
2306 19710 3
26920 31087 3
26555 31865 3
2317 2572 3
26881 40655 3
26878 41675 3
9550 11045 3
11121 17848 3
26821 40995 3
1668 2647 3
2335 3158 3
11397 15899 3
620 31217 3
29928 32454 3
2469 7227 3
1635 21871 3
9340 23380 3
9337 14473 3
2472 43281 3
26233 28867 3
11391 37360 3
36736 44199 3
9286 15669 3
11419 41320 3
2512 22890 3
11429 16987 3
11454 17743 3
2520 12307 3
9251 30733 3
29985 33501 3
2427 32904 3
26530 43669 3
9460 19654 3
26485 39710 3
11196 20908 3
26473 48629 3
24 28079 3
26442 41064 3
616 4524 3
8783 10743 3
2428 17579 3
11233 13718 3
1655 11325 3
9417 13902 3
11262 17318 3
11293 24283 3
1644 16581 3
9384 26848 3
1214 4777 3
4587 8502 3
4588 44033 3
33896 42105 3
38451 42376 3
4607 44262 3
6434 11440 3
19703 23765 3
4637 13147 3
19660 44760 3
4585 23854 3
4650 10744 3
1214 3208 3
6395 12718 3
32332 48083 3
19598 28453 3
19597 48117 3
6393 8709 3
218 224 3
19584 47926 3
451 21597 3
19960 33762 3
34005 39769 3
4525 43987 3
1242 6043 3
15621 23109 3
1240 5129 3
4530 8762 3
15647 32878 3
41405 44642 3
15928 37488 3
4552 36959 3
961 25089 3
19847 36258 3
19845 24765 3
15746 22050 3
4578 47391 3
19804 21886 3
6464 22409 3
4814 31619 3
33652 35175 3
6268 35958 3
16138 45684 3
6259 13481 3
6241 13735 3
32439 40935 3
19276 45787 3
212 31386 3
19272 20031 3
6281 15459 3
212 5587 3
6228 14880 3
211 49162 3
19227 20553 3
6211 26497 3
16250 43278 3
33643 35219 3
6202 35950 3
33634 36739 3
33685 49569 3
33818 49861 3
476 5887 3
6354 36244 3
1207 34411 3
19526 46212 3
1203 20655 3
6346 7068 3
33803 41669 3
139 10034 3
4506 16975 3
19433 23708 3
4739 9584 3
19413 30979 3
4746 40580 3
6298 7257 3
19397 21233 3
16088 27453 3
6294 33396 3
31929 32286 3
15118 36592 3
15118 45463 3
906 45390 3
31924 49671 3
6832 23854 3
4279 45369 3
15161 32785 3
4288 7703 3
6796 27543 3
15035 43500 3
4306 7489 3
6790 13167 3
1280 2308 3
6787 9485 3
4322 18505 3
4322 27596 3
6778 11548 3
20418 29344 3
4343 24115 3
6929 45672 3
14905 33619 3
247 6329 3
20867 46589 3
4162 42767 3
6955 22997 3
4175 9418 3
4182 5464 3
14967 16209 3
4188 4814 3
4348 10581 3
31796 37998 3
14999 29694 3
1298 45519 3
4221 43649 3
20669 47053 3
20661 47887 3
6905 21708 3
20659 20920 3
15532 36313 3
4453 8672 3
15439 21695 3
4459 4859 3
6634 15527 3
6632 46679 3
6631 20157 3
15455 16598 3
230 1124 3
15520 23926 3
937 21306 3
1251 2419 3
6580 17917 3
43280 45739 3
943 1931 3
4484 19038 3
15609 35037 3
20011 33112 3
227 25453 3
34172 43736 3
15215 32142 3
6747 8089 3
4373 16794 3
121 28577 3
1262 11442 3
4396 33197 3
6729 7489 3
4414 8841 3
20169 21334 3
1007 6926 3
124 226 3
4431 12521 3
15363 48890 3
6676 24035 3
1254 3016 3
20127 23372 3
6662 36334 3
15409 47841 3
5401 10198 3
18069 20187 3
17076 37952 3
17077 46243 3
18031 43111 3
1055 2844 3
18007 37610 3
17975 34209 3
1132 9553 3
17139 35952 3
1052 1526 3
5754 27787 3
5741 33430 3
17193 31185 3
1061 15122 3
5408 30588 3
17912 20429 3
5418 21968 3
5729 7042 3
5424 27490 3
18210 42080 3
460 6671 3
33376 33478 3
18283 28669 3
16968 47576 3
190 7958 3
5843 21514 3
18238 37821 3
1042 38285 3
5842 35986 3
5719 14806 3
5833 10055 3
5300 45246 3
5309 46981 3
18130 45140 3
32758 37527 3
18122 18264 3
5342 5744 3
5797 26346 3
5535 13957 3
17716 23548 3
177 12048 3
17393 43276 3
5634 49341 3
17699 40943 3
1106 1153 3
32991 36593 3
17416 42141 3
32999 44163 3
5493 21495 3
5538 43873 3
17618 18612 3
17602 20463 3
17482 20001 3
1085 12659 3
17584 19780 3
17577 37372 3
1099 2912 3
5567 15427 3
17276 27780 3
5429 16375 3
32865 49292 3
17852 28577 3
17252 21072 3
33162 35371 3
5694 9271 3
5448 34091 3
5449 9424 3
17828 31471 3
5246 7337 3
38334 45827 3
5456 44386 3
5463 6093 3
17784 44186 3
17773 43752 3
17360 45969 3
5655 14430 3
5489 41288 3
16581 31581 3
4970 12914 3
32503 34701 3
4982 48051 3
16523 32116 3
38223 44985 3
41731 49648 3
16554 19303 3
18780 38251 3
33542 49657 3
16516 22616 3
5060 6961 3
16604 29494 3
5061 41392 3
16609 28594 3
18702 44886 3
33527 49953 3
6011 16511 3
18688 43321 3
1163 30864 3
16384 30102 3
6191 21966 3
19185 32101 3
42832 49435 3
19161 22054 3
19142 34714 3
6190 10542 3
4893 28019 3
19074 26721 3
16361 43675 3
5085 28910 3
16398 30721 3
33579 36031 3
19003 25772 3
16424 35435 3
6124 21978 3
42785 44694 3
18966 40330 3
1182 2945 3
16906 33876 3
18493 45021 3
16807 17279 3
5166 36388 3
5171 12745 3
38262 45901 3
16853 18634 3
16865 45686 3
33380 47096 3
5184 46779 3
18503 41080 3
18412 44453 3
16909 45520 3
5205 8241 3
18388 42059 3
18349 18655 3
18337 21402 3
32742 46876 3
18318 25462 3
5127 9485 3
18660 19349 3
41814 45850 3
16665 44742 3
18632 38877 3
5095 32219 3
16685 37501 3
16702 31723 3
32636 39878 3
16708 34436 3
13209 14594 3
42634 47822 3
16766 45019 3
18561 24591 3
18549 40985 3
1034 29452 3
16787 25991 3
458 46094 3
5154 21236 3
14025 23080 3
3632 10154 3
22229 48576 3
14003 16466 3
22220 30958 3
7529 24132 3
3644 26072 3
3660 15756 3
273 3389 3
7549 8291 3
3670 29403 3
3678 9470 3
34944 41194 3
14074 16170 3
31199 46845 3
3687 49305 3
22084 31601 3
14100 47434 3
3602 5616 3
3559 4267 3
808 2532 3
281 575 3
7643 46765 3
35018 39922 3
22388 32396 3
44443 44527 3
3601 18452 3
31251 38173 3
22318 24778 3
7588 12226 3
34993 39554 3
13941 19784 3
3623 32587 3
3628 49394 3
22250 23727 3
31110 42223 3
21778 35655 3
7371 8802 3
3775 18922 3
7368 29406 3
21804 47997 3
34786 44738 3
21797 43170 3
31368 42878 3
34771 44175 3
21846 22189 3
40722 48952 3
21760 47064 3
7361 15627 3
7339 7532 3
14324 47765 3
95 468 3
38519 46279 3
21694 29407 3
7442 17795 3
827 5480 3
7453 18705 3
1389 14701 3
3713 19294 3
7450 47156 3
14118 24311 3
14120 25054 3
21988 23818 3
3550 49448 3
14151 42658 3
14156 29572 3
14166 22261 3
1373 17579 3
21933 35557 3
1371 29723 3
7414 42830 3
14196 37178 3
23109 33894 3
3330 31698 3
1463 3713 3
7953 15629 3
772 30123 3
3338 12524 3
7938 10763 3
3345 29868 3
30923 39581 3
7965 10260 3
7900 20699 3
23052 25691 3
13429 20109 3
3381 26486 3
37970 42094 3
30940 49598 3
22994 40852 3
782 27273 3
13272 19824 3
3266 25036 3
8038 27680 3
8038 13645 3
35494 40767 3
23349 33658 3
3279 26153 3
3279 33868 3
8010 30721 3
7861 28765 3
3295 7298 3
23263 40793 3
30789 32970 3
72 2473 3
13297 46870 3
772 10561 3
13308 23207 3
23200 41306 3
3498 35529 3
3470 5974 3
13657 28455 3
30993 35060 3
35148 49111 3
283 24490 3
3489 6635 3
22687 45474 3
13688 19427 3
40420 42961 3
804 40552 3
31003 33827 3
38020 38442 3
282 3166 3
22516 47751 3
35110 47302 3
1442 4095 3
7702 13884 3
13514 27977 3
22986 46637 3
13484 14093 3
785 3964 3
289 1663 3
3409 41855 3
7844 27837 3
22915 35349 3
22896 32649 3
14899 32017 3
30982 39020 3
3436 4865 3
7797 35898 3
3454 26603 3
13627 17673 3
3462 34113 3
7764 13668 3
3465 31607 3
4104 8403 3
3963 31307 3
21158 34290 3
21482 22790 3
34467 44720 3
21490 26024 3
14480 28179 3
4033 8495 3
14812 34961 3
7248 45314 3
14484 48906 3
34586 47238 3
4078 21487 3
7173 25734 3
14707 48030 3
3895 41240 3
7118 18230 3
7212 15194 3
14825 37602 3
3894 49720 3
20988 42789 3
7252 33569 3
7119 16301 3
14493 34018 3
14474 26058 3
7228 23051 3
892 3615 3
34519 38201 3
7094 20353 3
43757 46684 3
7060 40165 3
21459 46584 3
14744 26416 3
21437 38272 3
7197 15491 3
3878 33341 3
21083 35545 3
7229 32300 3
21081 24919 3
21358 22515 3
7238 41164 3
14780 27000 3
3976 37521 3
3922 32225 3
866 15185 3
255 25553 3
4144 12692 3
104 2509 3
21101 22747 3
14562 46918 3
20947 30907 3
14357 15012 3
21658 29102 3
14616 38417 3
14869 19171 3
21661 40800 3
31756 48862 3
14557 45194 3
14730 31946 3
3994 41596 3
4001 4967 3
3959 34841 3
21234 35136 3
34706 45580 3
20890 41287 3
14611 49571 3
21372 35834 3
21126 29324 3
31483 35788 3
14548 33569 3
104 111 3
7002 42674 3
14848 22308 3
40805 41489 3
21420 25342 3
3871 10863 3
14631 29438 3
20958 45172 3
21596 27096 3
3864 8108 3
14416 45485 3
34357 45318 3
34670 45805 3
34689 37048 3
4023 9025 3
7288 38019 3
1345 31621 3
20953 38119 3
32750 34202 4
1448 2938 4
1138 2174 4
30188 46961 4
556 1220 4
30672 41045 4
29364 46666 4
35206 43262 4
37290 45565 4
1497 23219 4
30676 49230 4
791 34226 4
34277 38859 4
1047 11607 4
35360 48228 4
33328 49204 4
786 808 4
33325 47654 4
1774 15400 4
30976 38509 4
35420 47626 4
33156 45069 4
1298 3110 4
33151 40808 4
34327 43673 4
32938 39690 4
33105 41676 4
32961 43348 4
901 3709 4
523 809 4
752 18743 4
33103 41651 4
35612 40189 4
31859 42805 4
1085 4141 4
1304 27606 4
20936 49669 4
30138 38829 4
35557 40583 4
1305 30787 4
29115 44528 4
1306 28354 4
34347 48749 4
33079 36204 4
1605 3656 4
33028 41724 4
31908 37338 4
33251 47048 4
33250 49323 4
909 1365 4
33231 35727 4
29234 41802 4
30739 48989 4
1779 3269 4
1789 30743 4
36251 47073 4
30962 40147 4
35350 44627 4
741 7846 4
783 8485 4
1149 33985 4
33200 33620 4
37617 48168 4
31885 32535 4
30155 43071 4
30740 49732 4
30911 34036 4
30905 39108 4
897 970 4
30743 30840 4
773 43875 4
32462 49705 4
1190 5726 4
1691 27428 4
36074 39406 4
36064 45687 4
696 16566 4
34642 38779 4
33986 49266 4
29833 43917 4
31262 32775 4
32458 43666 4
1702 31445 4
1229 31025 4
33618 42019 4
31299 40335 4
1239 44260 4
1538 13135 4
824 11082 4
701 3916 4
1705 33313 4
670 29421 4
29556 39760 4
1184 43863 4
1243 2256 4
1408 7931 4
1013 49774 4
37062 40786 4
36805 37363 4
608 1120 4
1665 38524 4
33834 37313 4
1212 33715 4
34756 48804 4
1668 21956 4
682 8423 4
29758 37551 4
31448 48658 4
1559 34672 4
1559 13835 4
607 7506 4
36760 49114 4
32402 36330 4
29727 38807 4
36125 47066 4
31458 47384 4
1356 30814 4
850 19351 4
32290 43789 4
31346 40622 4
34695 47313 4
1220 3962 4
33649 41710 4
33940 47896 4
31584 39113 4
1716 16330 4
1436 22250 4
29480 48018 4
29959 47862 4
35811 48711 4
30215 43202 4
35793 42586 4
35789 41327 4
36148 43161 4
1254 3386 4
731 1163 4
32690 45429 4
33414 39851 4
29454 37720 4
31003 31500 4
29435 42294 4
34104 48359 4
1582 18348 4
29405 30320 4
732 30772 4
29403 45659 4
1143 39899 4
1499 7759 4
29400 33331 4
34444 36261 4
29889 38530 4
1652 15905 4
31173 49700 4
1648 19126 4
31166 44223 4
866 24781 4
951 1719 4
33548 39193 4
29879 46937 4
1416 1652 4
582 47533 4
1016 3511 4
1516 26698 4
34203 48622 4
32564 38220 4
29524 34786 4
30589 45048 4
707 1139 4
1027 8414 4
1506 1762 4
30267 39578 4
714 5042 4
716 2920 4
33439 45139 4
35000 41797 4
30223 49518 4
6992 22673 4
6869 22704 4
6869 47334 4
6871 30713 4
6880 13339 4
6910 21316 4
15007 44068 4
6915 8536 4
6948 17692 4
6959 19491 4
14914 33673 4
6967 23978 4
15082 48248 4
7028 19963 4
14778 21162 4
14734 15772 4
14702 17046 4
14616 44244 4
14614 15057 4
14534 37296 4
14533 44902 4
7199 12647 4
7204 43402 4
14494 21177 4
15263 19245 4
6573 41651 4
6587 11111 4
6601 32551 4
6608 34414 4
15473 32304 4
6618 42144 4
6641 40013 4
15361 19031 4
15348 20336 4
6692 33329 4
15316 33504 4
7222 15305 4
15258 47842 4
15227 49059 4
15208 37499 4
6779 35812 4
6783 12405 4
6797 7907 4
6804 8014 4
6809 33569 4
15138 26220 4
6835 41859 4
7522 24049 4
7382 8777 4
14236 44276 4
7401 27909 4
7425 37219 4
7426 15437 4
14173 17428 4
14127 45820 4
7456 23970 4
14106 48954 4
14099 30384 4
7477 49661 4
7377 13941 4
7536 18580 4
7576 35332 4
13939 38243 4
7595 30889 4
13877 19950 4
7608 17924 4
7609 37031 4
7625 45504 4
7631 11564 4
13820 20725 4
14370 22327 4
14464 21031 4
14437 23366 4
7246 22301 4
14434 14945 4
14432 29414 4
7257 7577 4
14409 25133 4
7265 19771 4
7275 30640 4
14388 34549 4
14378 47959 4
15571 18744 4
14363 34649 4
7312 36867 4
14333 32205 4
7321 47883 4
14279 19191 4
7358 41257 4
7360 38475 4
14266 43901 4
14264 15703 4
7375 22927 4
5920 20245 4
5781 8311 4
5786 16795 4
5788 30826 4
17069 38401 4
17065 43277 4
5824 6570 4
5828 25315 4
16983 41677 4
5848 10375 4
16887 45515 4
16838 28678 4
5779 17399 4
16827 39293 4
16786 27814 4
16738 22025 4
16711 35329 4
16682 41336 4
6002 46362 4
6009 10631 4
16615 27963 4
16609 46081 4
16609 36497 4
5687 41965 4
5562 14262 4
17535 34611 4
5586 21379 4
5592 15875 4
17412 25735 4
17404 23656 4
17385 39827 4
5647 31280 4
17372 19794 4
17338 21797 4
5678 12378 4
6029 16651 4
5698 21239 4
5699 25868 4
17249 21197 4
17246 22237 4
5715 9528 4
17223 39519 4
17199 18170 4
17149 27879 4
5767 12981 4
17109 41361 4
15742 49987 4
6333 43090 4
15988 18848 4
6365 25927 4
15932 30789 4
6393 40083 4
6407 45383 4
6421 33814 4
6427 19175 4
15813 23568 4
6449 8870 4
6469 10643 4
6333 31988 4
6481 8182 4
6488 39259 4
15712 41972 4
15698 47440 4
6516 40237 4
15659 19558 4
15619 18764 4
15610 35312 4
6550 9646 4
6561 10367 4
16260 35414 4
6041 25569 4
16565 42454 4
6059 13143 4
16538 26763 4
16526 28248 4
16516 37861 4
16429 22935 4
16415 37381 4
16402 34793 4
16272 35686 4
6198 14427 4
13792 27577 4
6205 17985 4
16239 16435 4
16206 30411 4
6255 42476 4
16131 27294 4
16099 17251 4
16072 18800 4
16050 33842 4
6317 35627 4
16022 16778 4
11468 42369 4
9121 18887 4
9121 41380 4
9142 17830 4
11590 13353 4
11587 17283 4
9161 9919 4
9170 41156 4
11550 25297 4
9196 47468 4
9200 45450 4
11523 40285 4
9067 20056 4
11418 20443 4
11389 19971 4
11329 14063 4
11304 32684 4
11279 30983 4
11234 18077 4
11231 47014 4
11198 28917 4
11189 11631 4
9488 45685 4
8895 16618 4
8675 20837 4
12226 19141 4
12208 22852 4
8710 23079 4
8719 17878 4
12156 20799 4
12145 17383 4
8839 18283 4
12000 28619 4
8863 18145 4
11966 35959 4
9493 40325 4
8915 34513 4
8919 23566 4
11918 23011 4
11862 43451 4
8971 19424 4
11826 43224 4
11794 21082 4
9005 19149 4
11787 29424 4
9028 13922 4
10459 45791 4
10544 19552 4
10541 19011 4
10523 11313 4
9973 11405 4
10508 12415 4
10505 28296 4
10505 11655 4
9986 34611 4
10492 11376 4
9994 11950 4
10461 41856 4
10600 43895 4
10455 11048 4
10447 11186 4
10385 23532 4
10097 19978 4
10315 32864 4
10300 27991 4
10264 33236 4
10260 43005 4
10260 11206 4
10213 49195 4
9720 23840 4
11127 35143 4
9553 10418 4
11075 35429 4
9575 10799 4
11010 28779 4
9633 12934 4
9660 22060 4
10934 42248 4
10933 44236 4
10927 39559 4
10916 28020 4
8643 17344 4
9725 18197 4
10822 13972 4
10809 35040 4
10808 13948 4
10748 22333 4
9830 25674 4
10724 20356 4
9865 16578 4
9873 29980 4
9874 27922 4
13155 13934 4
7989 46138 4
13295 45444 4
7997 9954 4
13274 36671 4
8013 14349 4
13237 31229 4
13222 21694 4
8036 18404 4
8043 22421 4
13170 20771 4
8071 20187 4
13349 23177 4
13140 24612 4
8091 46506 4
8130 34757 4
8133 18478 4
8136 44588 4
8137 27297 4
13064 19319 4
13053 20142 4
8151 47775 4
8215 40154 4
7780 14669 4
13788 35416 4
7669 49330 4
13723 29105 4
7717 47354 4
13695 25023 4
7739 16860 4
13670 48290 4
13658 41014 4
7754 44365 4
7755 43915 4
13622 18653 4
12950 19226 4
13529 18045 4
13528 35934 4
13487 45921 4
13482 28718 4
13471 27437 4
13458 20310 4
7880 19117 4
7891 19366 4
13395 38774 4
13352 31771 4
8557 20309 4
12588 39059 4
8473 33225 4
8491 9443 4
12551 16241 4
12540 15213 4
8498 35238 4
12516 14845 4
8539 25377 4
12450 42098 4
8544 44158 4
12440 25188 4
12628 19641 4
8558 42156 4
12364 35616 4
8597 18884 4
12342 19644 4
12322 40185 4
8610 44693 4
8616 12651 4
12314 29554 4
8622 34191 4
12307 42863 4
12778 26919 4
8269 15073 4
8273 32297 4
8275 15309 4
8288 23349 4
12838 23749 4
8303 47815 4
12818 36287 4
12806 32365 4
8319 11631 4
8319 45371 4
12794 41372 4
17645 43236 4
12767 34247 4
8364 24867 4
12730 15946 4
12700 22707 4
12698 42777 4
12697 34711 4
12680 25514 4
8408 47974 4
12661 41448 4
8428 47616 4
24694 27946 4
2796 3728 4
2799 24521 4
24997 44762 4
2829 28972 4
2831 9759 4
2832 27062 4
2845 39889 4
24831 33148 4
2870 21995 4
2871 4122 4
2888 10538 4
2793 26631 4
24684 45519 4
2895 24345 4
24538 40586 4
24538 34364 4
2949 49519 4
2954 18340 4
2962 39217 4
2970 3050 4
24365 36794 4
2976 25441 4
2670 12139 4
2542 6021 4
2548 17606 4
25836 36590 4
2621 26360 4
25600 44724 4
2637 7215 4
25560 41569 4
2651 25548 4
25462 32510 4
2669 9310 4
25456 30145 4
2977 7274 4
25319 35315 4
25284 37737 4
25284 27750 4
2721 4154 4
2725 15562 4
2752 27804 4
2761 8698 4
25087 49611 4
25060 44407 4
25045 25972 4
23165 46818 4
23580 45219 4
23549 33527 4
23538 44825 4
23513 31538 4
23471 32583 4
3247 40168 4
23417 33167 4
3306 12980 4
23237 24739 4
23210 37046 4
23209 33345 4
23588 33990 4
23124 45096 4
23124 37474 4
3347 16474 4
3366 36116 4
23065 47459 4
23052 23604 4
3387 13273 4
3388 14229 4
22972 36501 4
3398 38283 4
3081 43419 4
24322 24635 4
2993 10752 4
3003 22665 4
3009 7675 4
3012 3851 4
24222 25453 4
24185 42626 4
24146 43323 4
3032 12338 4
24097 35441 4
24066 25981 4
25960 43226 4
3092 23232 4
3099 48888 4
23894 43208 4
23886 37837 4
3113 16744 4
23863 49560 4
3121 20732 4
23804 43232 4
23713 37407 4
3184 49209 4
2070 16656 4
1993 3393 4
2000 34110 4
28134 43606 4
2008 32721 4
28089 49923 4
2020 24935 4
2021 12389 4
2021 20051 4
2048 20532 4
27905 48285 4
27831 49412 4
28167 46952 4
27808 32552 4
27791 29737 4
27766 36436 4
2104 27044 4
27671 30461 4
2126 3482 4
2144 15610 4
27498 42166 4
27340 41588 4
2203 11041 4
28532 39928 4
29070 29197 4
1818 4373 4
28867 33402 4
28820 37802 4
1869 29506 4
1883 40013 4
28705 46622 4
28665 32813 4
1897 12200 4
1922 2133 4
28537 38858 4
2211 40518 4
1961 49713 4
1964 22863 4
1964 34298 4
1965 34342 4
28280 29931 4
28261 29222 4
28251 31906 4
1985 39255 4
28188 35819 4
28175 34105 4
2464 28443 4
26506 46353 4
26498 45998 4
26406 48411 4
26389 38474 4
2442 4553 4
2442 41845 4
26352 34121 4
2448 23645 4
26314 27729 4
2458 5635 4
2461 5015 4
26617 42661 4
26258 36752 4
26257 48038 4
2473 3480 4
26230 32272 4
2478 43206 4
2485 35694 4
26141 35193 4
26051 40868 4
2526 4048 4
2526 6175 4
26974 49459 4
2212 7085 4
2224 7020 4
27177 40812 4
2244 11581 4
27165 45751 4
2248 3461 4
2263 21442 4
27093 33761 4
27089 49601 4
27007 36139 4
2290 33025 4
3407 47337 4
26974 32066 4
26968 42896 4
2303 18937 4
26911 27490 4
26883 40786 4
2320 39292 4
2321 14960 4
2324 12508 4
26820 47529 4
2343 18493 4
19328 20903 4
4661 37856 4
19604 48750 4
4669 40041 4
4681 11659 4
19557 30082 4
19538 40167 4
19528 41447 4
19521 44512 4
19505 26512 4
4724 28349 4
19341 24645 4
4656 6837 4
19272 27264 4
19244 25143 4
19219 37873 4
19192 34797 4
4860 40217 4
19072 39841 4
19014 29742 4
18990 19409 4
18954 25563 4
4951 47198 4
19893 32239 4
20074 48922 4
20070 42035 4
20064 24349 4
20033 34679 4
4490 47466 4
4523 36676 4
4527 35970 4
19932 31428 4
19916 49499 4
19915 35522 4
19906 36333 4
4976 7452 4
4546 22344 4
4574 6174 4
19805 22142 4
19772 31143 4
19751 21157 4
4603 6743 4
19710 41525 4
19692 42986 4
19648 28171 4
19622 25446 4
17809 24955 4
5365 36432 4
5369 12177 4
5389 6079 4
17964 35690 4
17953 40640 4
17898 46976 4
5422 15069 4
17868 28951 4
17864 21876 4
5445 9018 4
17824 47745 4
18113 25766 4
5468 37908 4
17776 23943 4
5475 11547 4
17746 47272 4
17740 46727 4
17720 30527 4
5499 15442 4
17698 20293 4
5505 34149 4
5517 13780 4
18489 36779 4
18845 20589 4
18785 48033 4
18746 19701 4
5066 36895 4
5077 17760 4
18618 43242 4
18604 35621 4
18574 20023 4
5136 18691 4
5145 42283 4
5156 11952 4
4447 5535 4
18461 23773 4
5183 10589 4
5239 24780 4
5241 10161 4
18307 36223 4
18264 33889 4
18226 18420 4
5312 29164 4
18141 27308 4
18129 22130 4
21934 25167 4
22086 24974 4
22072 31339 4
22066 45297 4
3702 39055 4
22050 29032 4
3707 44638 4
3710 41400 4
3726 29063 4
3731 12627 4
3740 14937 4
21935 25568 4
22125 30198 4
21915 39398 4
3763 7259 4
21814 46454 4
21788 36747 4
21744 33803 4
21706 38043 4
21700 39750 4
3827 39079 4
3833 12053 4
3842 4770 4
3562 13098 4
22896 32521 4
22869 43827 4
22801 47321 4
3470 19732 4
22716 35271 4
22641 25219 4
22580 34433 4
3539 47340 4
3549 20351 4
22467 41367 4
22447 43063 4
3842 49065 4
22417 26876 4
22348 42772 4
3610 13360 4
22311 23034 4
22247 43978 4
3630 36709 4
22239 34843 4
3633 4088 4
3644 8409 4
22171 35223 4
20522 31976 4
20775 26169 4
4194 40222 4
20743 37393 4
20697 34630 4
20664 48512 4
20662 32554 4
4226 45009 4
20647 46314 4
20579 35876 4
20543 43793 4
4275 5326 4
20846 31854 4
4296 5036 4
4307 21867 4
20454 29458 4
20451 35319 4
20352 46229 4
4394 5479 4
20216 40959 4
20158 29425 4
4431 18082 4
20145 27005 4
4010 40276 4
3851 9359 4
3860 37355 4
3868 14133 4
21473 48053 4
21407 41488 4
21338 46679 4
3979 8404 4
3979 36008 4
21330 34037 4
21320 32525 4
3988 40608 4
1814 22305 4
21145 37128 4
4076 6909 4
4078 43359 4
4081 32671 4
21016 33440 4
4120 47947 4
4133 18704 4
20944 33809 4
4134 15583 4
4161 10739 4
89 14637 4
48693 49344 4
39395 46357 4
41789 44152 4
39607 45303 4
42017 44300 4
9 24574 4
167 1300 4
293 345 4
42258 44222 4
384 16897 4
48716 48869 4
38724 43266 4
42967 47317 4
40146 48864 4
39117 48690 4
39743 44235 4
42062 43666 4
340 1559 4
38431 49231 4
39632 40077 4
46054 49058 4
439 16552 4
43279 49418 4
45508 48217 4
22 38933 4
40678 41857 4
317 27574 4
217 2723 4
338 39989 4
43999 45746 4
98 6960 4
346 18909 4
189 271 4
43232 48170 4
408 27459 4
13 1025 4
43156 46132 4
281 353 4
68 44823 4
53 21526 4
282 2684 4
43421 46813 4
40845 47109 4
504 998 4
40976 42613 4
45636 48066 4
42509 45806 4
39282 40434 4
40239 46678 4
39051 46749 4
418 4266 4
42155 46703 4
36 56 4
244 5177 4
181 8965 4
41385 48062 4
156 11346 4
38370 43662 4
323 444 4
44531 44765 4
39493 39497 4
38192 42006 4
312 1524 4
45 24838 4
38099 38513 4
157 6692 4
39970 40791 4
179 30382 4
389 45588 4
132 195 4
111 3889 4
40881 48314 4
407 26938 4
43560 44783 4
313 631 4
40380 42180 4
39842 43389 4
38688 39389 4
38 257 4
310 13105 4
44191 46224 4
312 18164 4
42330 45487 4
43311 49507 4
43606 46704 4
47286 47336 4
42295 49246 4
42313 48570 4
49746 49775 4
48139 48764 4
670 8653 5
6261 25293 5
5764 40555 5
9535 40747 5
13744 20195 5
13764 42967 5
28633 35689 5
11104 44126 5
18561 25705 5
19844 30816 5
12382 39345 5
15995 33342 5
31775 32509 5
29191 36234 5
26857 46750 5
9868 12262 5
4290 16353 5
2323 3095 5
10672 12915 5
42451 43173 5
5762 25405 5
9539 11573 5
3292 4208 5
108 3813 5
17080 48244 5
31786 45102 5
17079 21638 5
825 7650 5
191 6740 5
39898 49464 5
4553 45517 5
21056 36392 5
1886 11197 5
31385 46925 5
17335 33289 5
8668 9433 5
24587 42592 5
1107 10364 5
3309 7721 5
1318 17813 5
667 2755 5
13465 14072 5
12247 20298 5
4372 17295 5
6262 14860 5
9870 43097 5
5772 6553 5
19665 49831 5
26870 38642 5
41713 44080 5
14728 28696 5
14726 27399 5
6959 27697 5
1898 45263 5
26901 49399 5
7073 18745 5
3314 7343 5
19563 22876 5
11757 37056 5
10706 13748 5
19977 24120 5
23388 25050 5
5660 7998 5
684 6946 5
38028 43656 5
17021 47428 5
13 108 5
3268 3560 5
1936 3690 5
7105 23795 5
21351 46660 5
1291 29824 5
5817 23752 5
20479 49434 5
34960 48119 5
12386 30986 5
3260 15131 5
17358 32567 5
14664 17813 5
7110 29922 5
13 123 5
20508 21467 5
19573 21669 5
7833 49295 5
12192 29120 5
4417 16425 5
6949 34172 5
14667 27754 5
16209 41930 5
3407 4483 5
1785 7567 5
10527 14675 5
13438 44572 5
36644 45865 5
26938 35682 5
4086 18344 5
13793 43590 5
13452 20660 5
4086 29625 5
7080 37660 5
7674 11460 5
16175 47022 5
10692 17809 5
83 14755 5
1365 4111 5
825 7345 5
663 1010 5
16173 42820 5
1913 10184 5
16171 35063 5
7644 20661 5
299 2474 5
21293 46987 5
14919 25617 5
13831 19907 5
107 4774 5
32902 48709 5
19160 21428 5
38526 41567 5
322 718 5
36144 42682 5
31852 39794 5
4246 24813 5
2306 2894 5
13809 32328 5
12209 41490 5
2933 31986 5
20480 37943 5
110 118 5
3977 45722 5
12331 19604 5
2868 32494 5
7815 46047 5
11162 31236 5
8604 40821 5
3366 3436 5
643 28180 5
39405 44856 5
1818 42474 5
19849 28331 5
29067 45991 5
16021 38421 5
26643 26805 5
857 7297 5
2872 20103 5
5673 11872 5
26590 48765 5
24740 30314 5
1343 4371 5
11153 21797 5
2360 26149 5
645 1931 5
9928 14214 5
21342 37980 5
16017 24497 5
14851 41580 5
13489 18081 5
31522 39937 5
18863 35700 5
19532 28823 5
3360 4994 5
11665 15561 5
33136 49663 5
14908 20173 5
11167 29326 5
8601 12143 5
9486 19280 5
17277 25218 5
17287 41049 5
4989 49257 5
23041 42626 5
24794 25433 5
1073 22317 5
5686 18497 5
20306 40936 5
110 458 5
5683 14600 5
38086 40835 5
11151 12233 5
6318 30327 5
4824 19663 5
29102 36022 5
9940 26417 5
6316 39939 5
31475 34692 5
47978 48704 5
5679 9757 5
18308 48470 5
4227 8730 5
34705 38562 5
857 2506 5
36473 47938 5
641 10964 5
16048 28735 5
1097 48377 5
21045 24171 5
17167 23647 5
38869 42431 5
2336 17167 5
5747 31498 5
21614 23550 5
1326 2012 5
1866 3875 5
6283 31468 5
839 1250 5
11128 24031 5
1362 14442 5
3330 37720 5
7027 46790 5
31635 45689 5
13633 28556 5
8658 41032 5
2325 49471 5
7728 37092 5
17147 44565 5
26838 34214 5
24805 38812 5
36292 40151 5
28749 34084 5
24628 47249 5
12285 12950 5
23197 39273 5
38315 42708 5
5755 31285 5
21050 36414 5
661 854 5
7737 9416 5
18336 40605 5
24829 28431 5
6300 44868 5
5732 12436 5
14821 32618 5
2882 4313 5
34593 35728 5
1092 4239 5
4116 21052 5
1090 38146 5
31577 49461 5
28967 48991 5
26735 34397 5
4994 12522 5
13590 17652 5
26734 31651 5
5239 22565 5
26726 33767 5
26575 38532 5
4233 15891 5
650 37380 5
28930 44852 5
4495 25642 5
7779 36625 5
7023 22505 5
10610 13939 5
28893 42362 5
24837 48398 5
11132 37557 5
6961 15796 5
109 223 5
18331 41503 5
631 38408 5
31632 43341 5
23787 35038 5
23806 30193 5
16682 18281 5
7245 7540 5
1222 11632 5
14154 15290 5
16690 22948 5
782 35597 5
6137 28519 5
27360 33450 5
2068 17092 5
7235 18177 5
3136 34330 5
32256 49884 5
12054 29707 5
44290 46199 5
8936 13203 5
3019 18131 5
16713 16714 5
19608 30237 5
8833 21532 5
14400 29691 5
9729 15520 5
37 15127 5
10946 24872 5
6000 9392 5
5999 42324 5
3825 11993 5
1216 42512 5
14123 30557 5
777 28205 5
5997 29352 5
5185 38749 5
2176 33365 5
24128 40421 5
6125 12342 5
3033 44174 5
1168 26064 5
5950 45308 5
16372 30343 5
32217 39128 5
27954 41129 5
35259 40389 5
8803 8977 5
3007 22544 5
7475 8519 5
5193 20475 5
14071 22816 5
24217 29909 5
7222 11523 5
24252 25154 5
14068 46346 5
16780 19241 5
27281 27738 5
8947 35364 5
7480 20032 5
4279 13290 5
21745 38869 5
44302 45678 5
736 1088 5
10834 23603 5
18430 19603 5
3143 14699 5
43908 44675 5
7454 22846 5
32622 45302 5
1214 3308 5
11892 15546 5
24198 37942 5
12063 23724 5
5964 11741 5
14473 23216 5
3148 45777 5
19067 39323 5
16379 31556 5
18463 22001 5
3091 13483 5
7308 16786 5
7354 40989 5
193 5647 5
42779 45114 5
14356 45221 5
20551 44363 5
219 15867 5
311 1396 5
7353 36678 5
10927 49409 5
21706 24611 5
23924 29339 5
6082 26499 5
16500 41038 5
14260 37707 5
27702 33432 5
7296 22765 5
16525 45147 5
32428 39989 5
23986 34109 5
3083 25419 5
7319 49618 5
21712 35526 5
11983 49110 5
7313 32772 5
14342 15297 5
3062 6809 5
7347 30724 5
10902 15028 5
23952 37139 5
32456 47343 5
6051 28196 5
11999 33851 5
12000 19486 5
3815 31778 5
10867 29134 5
16470 16908 5
10873 16266 5
147 22506 5
12024 49572 5
16464 18819 5
14392 21388 5
19029 35688 5
24083 33855 5
47246 48774 5
23887 34412 5
18995 33306 5
23865 30040 5
20221 47594 5
7399 37088 5
774 21949 5
14193 33050 5
7408 25346 5
9724 16236 5
7381 36886 5
27490 38534 5
27707 30408 5
27473 40646 5
7289 9502 5
8894 38402 5
18469 43655 5
35599 36768 5
20225 29759 5
9762 25472 5
2097 2331 5
2096 14349 5
7280 21705 5
44199 44767 5
3807 25715 5
6022 30305 5
12022 35623 5
10877 34502 5
1967 3159 5
1131 1380 5
6209 46397 5
3220 27914 5
6210 22178 5
18384 37683 5
10742 16307 5
35061 48985 5
23504 38539 5
28295 37002 5
8990 30238 5
105 11015 5
8745 22595 5
21802 25701 5
14615 35974 5
3229 18837 5
45707 48763 5
3229 28688 5
7133 42313 5
10755 30967 5
3207 43542 5
16913 33234 5
7564 23407 5
2971 5227 5
6199 43347 5
5873 27562 5
18946 47483 5
14578 45186 5
7575 28292 5
13912 29364 5
809 14386 5
462 2002 5
3216 16586 5
16247 33365 5
5862 6841 5
7580 21521 5
11822 35968 5
8990 10119 5
7117 19574 5
4385 19857 5
4961 35812 5
39944 46204 5
42856 48514 5
28356 36058 5
1951 34853 5
16998 21118 5
13872 41303 5
17004 20039 5
11805 32722 5
36088 38862 5
6229 26578 5
19656 19890 5
300 8573 5
32871 44486 5
3999 36074 5
11075 24074 5
7111 35632 5
13895 15375 5
18381 26638 5
106 107 5
21101 22239 5
18381 25052 5
16236 17456 5
1962 16069 5
35047 39672 5
39273 40581 5
16276 32015 5
35035 42829 5
13892 39608 5
2951 20817 5
6220 21811 5
39054 39485 5
8735 45289 5
32846 33685 5
31943 40308 5
154 49827 5
19641 31900 5
11870 14224 5
3175 3357 5
19597 35914 5
18411 20501 5
1150 5948 5
2216 8218 5
16816 37880 5
1243 42131 5
3795 32444 5
2016 42163 5
5916 35465 5
2222 4755 5
24276 27018 5
32110 32815 5
41136 44730 5
14011 31726 5
2993 34210 5
39117 44567 5
252 22426 5
11879 20292 5
10999 20610 5
35841 36053 5
14057 23012 5
14057 21300 5
23680 49721 5
21764 29447 5
24290 35436 5
32165 47021 5
252 15786 5
7495 14868 5
792 38443 5
23673 24473 5
8948 26286 5
27254 37624 5
18975 19852 5
16290 41163 5
3837 44260 5
27161 42218 5
2247 3470 5
21787 34485 5
24338 29685 5
3202 13849 5
7169 15473 5
3838 4083 5
16896 37102 5
20258 28289 5
27153 27779 5
32771 48815 5
35966 40611 5
4409 5285 5
804 43903 5
16907 47079 5
20261 32090 5
27143 40697 5
7539 27842 5
2004 3565 5
6171 14932 5
6171 28634 5
5151 38594 5
45924 46777 5
13999 33908 5
32734 36890 5
24312 30736 5
19147 28099 5
13991 23814 5
16866 31212 5
3195 49235 5
449 39916 5
13990 27505 5
4647 37768 5
28166 47103 5
11849 24131 5
3571 25169 5
1622 10881 5
563 11227 5
563 6972 5
2 317 5
15247 16240 5
1618 20459 5
25260 49599 5
22406 27832 5
17773 18186 5
30951 39599 5
5287 12942 5
1451 18015 5
42124 43893 5
37230 43147 5
25961 36305 5
12616 20603 5
8177 20164 5
9388 18397 5
6478 40111 5
20432 47507 5
13082 43950 5
31001 47029 5
5085 31677 5
5482 27952 5
2529 8679 5
10096 35715 5
5030 25420 5
6768 7119 5
6767 39660 5
22428 38196 5
4353 8537 5
37187 49695 5
15725 40923 5
5481 35448 5
29996 34348 5
25306 26855 5
4765 38674 5
10120 15814 5
12981 18131 5
30144 43398 5
1465 1921 5
1465 7636 5
8214 45698 5
25302 32602 5
5085 7803 5
22335 35561 5
2716 22971 5
3904 28518 5
2713 36850 5
25899 43299 5
30885 34686 5
15660 34302 5
5432 33139 5
39560 41109 5
6496 12140 5
3941 30819 5
3583 14300 5
18775 28235 5
20852 34584 5
9374 29387 5
3713 20226 5
1607 2968 5
10375 28290 5
30916 36455 5
4449 24862 5
180 25658 5
181 278 5
43158 45248 5
2720 4750 5
993 9802 5
4358 5956 5
11556 45787 5
12544 35917 5
18634 32058 5
10407 48306 5
17654 20903 5
4141 38776 5
11553 23997 5
10065 20911 5
29701 33163 5
2493 23056 5
6444 39618 5
26156 49721 5
15146 31968 5
415 34665 5
22519 47759 5
13175 35931 5
17676 40415 5
8044 31203 5
4 210 5
11253 13833 5
15115 24775 5
44894 47029 5
471 34056 5
5531 28307 5
19804 46701 5
2774 22078 5
38237 39060 5
3510 4666 5
69 17282 5
1680 23896 5
4 11 5
5525 10176 5
26193 33367 5
6440 11741 5
4447 37492 5
17729 22045 5
21404 32334 5
39527 43602 5
13105 45447 5
2522 9300 5
31028 33886 5
31027 31666 5
12579 35458 5
21537 28672 5
42133 49525 5
5485 10747 5
25180 37400 5
31023 40702 5
13089 16206 5
18656 20207 5
18225 38862 5
22443 41264 5
335 37896 5
31089 33451 5
11542 21040 5
133 288 5
21397 44376 5
19308 32940 5
13154 42506 5
17700 36286 5
1663 21623 5
3906 10324 5
1661 2499 5
22485 49719 5
34312 40620 5
25171 29389 5
6790 31524 5
10079 19449 5
5493 38157 5
22132 27079 5
5351 14778 5
8313 45741 5
18075 35440 5
273 916 5
22148 39740 5
12720 26490 5
2660 30681 5
3916 47580 5
37541 43244 5
15438 21958 5
8367 22353 5
8317 11486 5
12729 25225 5
19770 36116 5
18697 25946 5
30690 31647 5
19429 29940 5
15413 31340 5
15568 36729 5
45116 46905 5
20805 22077 5
20380 45740 5
25464 29510 5
12845 49856 5
125 17674 5
15560 43649 5
5332 25731 5
20803 29458 5
15556 17827 5
1536 24745 5
18067 43183 5
12820 15504 5
10176 44905 5
15431 44816 5
1533 3680 5
4592 31939 5
6623 7867 5
11397 48642 5
521 17694 5
9311 23012 5
12770 46936 5
8336 13182 5
9291 26136 5
1514 27561 5
18132 43952 5
25548 29445 5
8351 40918 5
25548 42952 5
12746 17728 5
11367 26345 5
2638 35815 5
4187 11385 5
18710 37798 5
1524 7097 5
30682 33975 5
19401 43745 5
11420 15720 5
20391 31677 5
8323 34237 5
9273 20048 5
25656 43846 5
38688 44192 5
10168 41656 5
2622 10499 5
46540 48585 5
20406 43237 5
3683 6962 5
4745 17336 5
25523 48214 5
15454 20111 5
4326 45917 5
33762 49184 5
25339 42283 5
6709 15776 5
5295 43163 5
11488 17432 5
30839 43716 5
25844 27295 5
15313 30511 5
3620 44492 5
15630 33263 5
258 366 5
2572 3595 5
15329 18185 5
41597 44651 5
5396 22957 5
3629 43635 5
12675 35057 5
12930 27469 5
20834 32550 5
12947 21460 5
8419 30793 5
182 2328 5
25327 37862 5
37669 45269 5
12942 24266 5
33737 41807 5
25811 30812 5
19782 49376 5
17906 20283 5
30854 30898 5
15300 39800 5
40535 44266 5
15643 18255 5
40539 43660 5
11461 30847 5
11464 18681 5
3638 30074 5
10164 25547 5
25430 38143 5
1554 16760 5
1482 1610 5
5372 8989 5
25780 46044 5
33847 45080 5
12689 47906 5
25749 49624 5
8281 44944 5
5052 45292 5
9328 48005 5
9326 17524 5
11344 36125 5
186 22868 5
1479 40197 5
2695 34940 5
22245 36606 5
8272 9575 5
25395 33693 5
15359 22932 5
10265 10942 5
41295 41466 5
186 221 5
1062 48802 5
25406 34286 5
38629 46745 5
8399 10874 5
540 1597 5
6549 26088 5
5385 36047 5
1480 16940 5
11619 13551 5
248 6560 5
13282 14450 5
2463 4468 5
1051 5738 5
1376 8608 5
1761 2255 5
3448 42080 5
5576 33787 5
17400 26745 5
4612 48296 5
22699 38762 5
29413 40396 5
7999 47056 5
15016 45732 5
5001 22070 5
6372 39838 5
15062 22664 5
31207 31767 5
24976 35873 5
31246 36535 5
43094 47650 5
9421 16727 5
11625 12342 5
468 19148 5
2780 3325 5
11593 31845 5
38857 42765 5
15024 20844 5
18255 33725 5
17462 25685 5
1040 12513 5
357 1618 5
6363 7430 5
1767 23897 5
22902 23755 5
5639 16776 5
3425 4733 5
19490 26180 5
22736 34992 5
19497 44501 5
22737 34252 5
11238 27193 5
13305 28621 5
15937 44502 5
3478 4787 5
1397 43832 5
4576 28455 5
22866 35712 5
3472 9678 5
9150 15206 5
4439 11228 5
10445 23637 5
4312 14491 5
17429 32729 5
17428 36927 5
17428 40085 5
41073 47783 5
2792 3216 5
4132 33438 5
2816 26932 5
3428 14631 5
6388 7531 5
4132 13349 5
12439 35065 5
36758 45307 5
1401 2828 5
2427 34733 5
15881 32677 5
2789 20484 5
22843 48413 5
1726 23844 5
9996 23952 5
15920 44115 5
24960 45694 5
9450 23444 5
3480 7122 5
19481 34805 5
7953 30456 5
877 39287 5
15992 42796 5
29369 46919 5
12398 19891 5
29579 35323 5
4622 9784 5
18847 47649 5
7949 26471 5
6842 15752 5
14958 31454 5
26248 41041 5
15888 16660 5
10051 40967 5
8558 28416 5
10513 29012 5
15897 16185 5
25068 36120 5
38553 48333 5
29387 38740 5
5657 42272 5
26520 43919 5
22623 23612 5
1696 49056 5
2474 12598 5
22626 43176 5
15041 20998 5
4613 7595 5
8507 25928 5
3956 7645 5
286 637 5
3885 16754 5
15993 22749 5
1779 4965 5
8568 36772 5
33215 39538 5
22935 26439 5
22931 35785 5
12469 48133 5
13231 30407 5
22662 31968 5
11627 16696 5
36959 40674 5
3451 16043 5
19807 41671 5
5103 10383 5
7944 43227 5
24895 29280 5
11625 19751 5
261 17419 5
33314 47169 5
1388 16905 5
1739 35684 5
1030 42711 5
13327 48372 5
20693 46684 5
43969 48493 6
25783 41026 6
374 28871 6
7267 13106 6
6988 18946 6
5039 43823 6
33859 41954 6
26410 27556 6
792 12609 6
15882 31550 6
9125 22313 6
43248 48692 6
24795 30488 6
10978 35635 6
33286 36314 6
14450 28291 6
26 24686 6
15924 18959 6
9082 22683 6
25879 41553 6
24180 41180 6
15338 36251 6
11324 38988 6
6141 6744 6
113 40297 6
26653 46067 6
25781 41487 6
347 20799 6
3908 6777 6
2864 23342 6
18615 26782 6
14486 37109 6
6978 21864 6
6318 10767 6
2201 37307 6
2440 2903 6
43892 47921 6
25801 40275 6
12748 35333 6
15305 26394 6
7218 37195 6
6679 12162 6
787 24300 6
3911 15537 6
11466 12829 6
2203 20420 6
15305 31605 6
19705 33222 6
114 44255 6
6553 24784 6
27295 29050 6
2812 7979 6
34701 45297 6
3964 18866 6
2580 7157 6
20248 44489 6
24781 28415 6
11231 14477 6
3862 46419 6
6152 15551 6
24966 27126 6
27315 48429 6
6145 14012 6
4013 35710 6
27460 41554 6
3970 16999 6
9102 34224 6
2831 10447 6
6959 32682 6
24038 34854 6
27502 37930 6
24892 34333 6
46823 48900 6
330 36196 6
2654 34819 6
9267 42330 6
2157 39482 6
46791 49359 6
20408 26386 6
6353 45963 6
861 31399 6
18997 21432 6
6634 37928 6
24851 30327 6
771 34060 6
6340 6972 6
20317 30525 6
9266 46423 6
7282 14187 6
24067 24391 6
16470 30108 6
25494 34221 6
5119 32544 6
20478 22584 6
3922 5701 6
15480 26866 6
2398 2543 6
8879 43376 6
9679 12660 6
11370 34070 6
7317 23517 6
199 42224 6
2633 3731 6
3077 34779 6
7311 13742 6
27527 40695 6
15463 45320 6
35455 40621 6
18726 27059 6
2838 3445 6
6346 25014 6
35454 48510 6
6620 39230 6
15456 38121 6
32460 39042 6
44076 46162 6
4336 5965 6
27507 37499 6
3066 20557 6
6942 31497 6
35441 39457 6
948 41935 6
18979 22600 6
25732 40692 6
1087 14565 6
35353 46371 6
6376 7524 6
16022 43377 6
2383 21773 6
14409 35579 6
11918 38162 6
35346 37463 6
25453 39011 6
2382 13608 6
3826 7511 6
7260 39224 6
1168 43050 6
14901 16520 6
9484 44634 6
21460 22020 6
6130 23643 6
11171 36472 6
15383 23051 6
2381 42143 6
4653 16158 6
2425 6146 6
11913 13423 6
33889 35083 6
316 5886 6
2188 14782 6
3027 31504 6
480 1039 6
2615 2966 6
2614 27445 6
136 16337 6
11355 13559 6
18590 29541 6
46075 49720 6
27456 40473 6
23 29490 6
3875 8464 6
2165 48525 6
2168 4334 6
14395 42927 6
15550 29285 6
11617 17641 6
222 2918 6
15942 39163 6
4934 49104 6
9659 9844 6
3041 30064 6
7270 40067 6
20483 20780 6
3928 38678 6
24109 47890 6
26592 35419 6
1172 47075 6
2384 3346 6
6917 11021 6
11437 16937 6
11274 17478 6
9002 17802 6
6793 17020 6
2942 3486 6
11123 28192 6
2941 26161 6
15170 29417 6
21315 24861 6
26102 36157 6
2751 8626 6
38208 45346 6
21400 46938 6
6451 48337 6
43448 43713 6
1120 7317 6
26122 43505 6
2749 30656 6
6852 29151 6
11122 20075 6
818 8851 6
11752 16971 6
3952 16332 6
2464 6962 6
26135 38328 6
26982 46762 6
26976 28380 6
6812 38990 6
1031 46696 6
34958 36617 6
9181 10248 6
16204 36462 6
5022 17771 6
14794 18785 6
6221 14590 6
25048 26355 6
2459 33623 6
6221 15722 6
2950 37830 6
41707 48362 6
15089 21131 6
26798 44063 6
334 528 6
4355 23611 6
8999 14689 6
2896 28081 6
33006 45934 6
34411 38852 6
38335 44463 6
33399 45405 6
906 31926 6
837 9657 6
14635 19914 6
41816 46780 6
26801 33985 6
33000 45223 6
26073 32614 6
15753 34884 6
26812 32910 6
6853 22197 6
14650 19376 6
15755 45993 6
2782 25616 6
2772 47176 6
9419 13842 6
26194 36529 6
20287 23680 6
26923 44862 6
15826 42274 6
16168 33515 6
2314 29842 6
2484 30714 6
26201 44935 6
26203 44063 6
14717 22516 6
26906 41294 6
15822 16250 6
43484 46606 6
1110 1317 6
7079 9159 6
16152 16251 6
2773 3041 6
26905 34955 6
9032 14145 6
2918 42371 6
9534 10311 6
11257 39149 6
198 527 6
11113 39493 6
6262 20106 6
39904 42691 6
6435 21161 6
11113 16825 6
2475 4403 6
354 36830 6
34397 40696 6
16128 25256 6
900 29788 6
11787 13160 6
34339 35019 6
21559 46965 6
6240 13479 6
11782 34415 6
34347 48846 6
9408 36483 6
24496 40286 6
42948 48851 6
7087 35775 6
3953 19437 6
15139 30305 6
25045 37268 6
26266 42068 6
14703 45859 6
14707 15109 6
26931 27707 6
26927 33396 6
32941 46648 6
11555 32039 6
15834 27414 6
322 404 6
2766 9438 6
141 19594 6
1111 31989 6
21622 37010 6
18563 25126 6
1091 42665 6
1088 10571 6
27195 37262 6
14828 49853 6
8963 44457 6
33713 38733 6
21370 31662 6
14527 22710 6
140 788 6
2235 30215 6
5128 6158 6
11507 19698 6
4948 7899 6
39254 48187 6
4349 16708 6
15700 23305 6
2230 7485 6
15254 43456 6
6186 38335 6
2247 48985 6
8971 42255 6
7020 7340 6
20365 41475 6
9510 26228 6
33384 48341 6
6303 14246 6
25947 29743 6
43810 45134 6
15859 27949 6
1138 2261 6
5009 29265 6
8960 44382 6
2560 41664 6
26683 38545 6
24753 33069 6
5105 45384 6
2442 48907 6
925 10390 6
925 2072 6
27236 38781 6
19648 21489 6
15872 37102 6
39710 42914 6
2997 13299 6
24270 47089 6
15284 37245 6
20329 47926 6
11306 20659 6
797 1063 6
16344 26329 6
15656 35767 6
26691 29182 6
6725 46624 6
16332 19747 6
5126 49960 6
2875 2952 6
26355 40403 6
5127 6406 6
2228 5681 6
9505 24086 6
27203 31958 6
18665 36636 6
25226 28433 6
34786 47498 6
6755 27816 6
25985 32478 6
3899 15870 6
33391 33915 6
2534 29294 6
4002 30892 6
7137 8021 6
16088 42863 6
9200 41588 6
16089 37882 6
885 15984 6
15225 29519 6
105 18775 6
9516 48037 6
2889 40755 6
143 5644 6
14616 18004 6
15217 18272 6
7031 32383 6
15215 17267 6
16099 40745 6
2739 5370 6
24442 37606 6
27067 27353 6
21408 36064 6
2525 31459 6
2952 3125 6
2274 21902 6
9052 38714 6
3840 26341 6
4984 7353 6
1093 18640 6
34434 37361 6
4583 5857 6
6195 7753 6
11838 33771 6
4322 11641 6
11052 16501 6
18624 26412 6
14573 44265 6
14577 18195 6
39970 42862 6
19733 22180 6
9380 23518 6
1151 7799 6
9380 36983 6
363 42799 6
6203 44629 6
11835 19330 6
2261 8703 6
2262 8484 6
4980 11064 6
14809 39072 6
7142 36813 6
4295 16047 6
11824 41260 6
16081 19505 6
25254 33557 6
2343 8190 6
13634 41817 6
1648 7888 6
13648 25492 6
13108 26531 6
23179 23933 6
40479 45728 6
1435 49987 6
12284 16242 6
5493 16930 6
19332 23435 6
31636 34359 6
17169 17984 6
22477 43081 6
22480 40461 6
166 7024 6
4695 18628 6
40306 45128 6
28897 43551 6
1850 18982 6
1846 42011 6
4233 15973 6
10635 21214 6
31705 42049 6
17147 26168 6
165 2469 6
4094 36998 6
37143 44535 6
22440 37292 6
7731 10863 6
8470 17813 6
3320 6136 6
38792 39179 6
18330 29655 6
19198 30602 6
8119 17598 6
1322 48871 6
8654 40187 6
37128 41732 6
660 30903 6
3325 5424 6
232 1579 6
8652 17886 6
31533 34252 6
20021 23267 6
12313 14450 6
17699 33604 6
12569 19508 6
1668 41508 6
10591 17045 6
13154 19034 6
45520 47883 6
7807 40343 6
23089 38408 6
17236 27483 6
19301 24214 6
38930 46892 6
31508 43741 6
36449 36470 6
5242 12102 6
13548 17957 6
8492 25940 6
38922 49952 6
23074 25491 6
8099 17907 6
17209 30527 6
3339 33692 6
18330 22391 6
17213 27733 6
29827 45914 6
1841 44677 6
17219 27985 6
3344 19012 6
1841 31535 6
4094 26882 6
13596 15380 6
8097 49376 6
3348 15553 6
5239 19576 6
3542 12024 6
8093 13036 6
45539 49452 6
28977 44078 6
1431 14904 6
4245 34457 6
21830 38595 6
4509 14155 6
4203 4979 6
9850 41986 6
1928 34783 6
13825 37422 6
12205 48367 6
37262 41447 6
17054 27907 6
37258 39320 6
4766 42937 6
13790 15492 6
8451 16417 6
21072 39374 6
8453 8545 6
3577 7058 6
18220 39631 6
3716 49999 6
42127 42744 6
19570 20682 6
30137 44542 6
214 630 6
36089 46094 6
12183 42687 6
13862 24693 6
17013 24973 6
5828 48044 6
37673 48855 6
1942 46007 6
31924 39712 6
28413 45808 6
5219 21411 6
28416 42934 6
1287 1490 6
20594 46781 6
20188 28788 6
18369 48010 6
4081 48084 6
4471 38469 6
12996 28405 6
28458 44005 6
13726 15309 6
446 4143 6
8150 28327 6
20128 31531 6
17110 40653 6
1313 4645 6
21859 22612 6
22429 39395 6
13054 19716 6
28673 34306 6
19343 24085 6
13743 18629 6
23246 41997 6
10097 48199 6
445 43838 6
81 36244 6
13711 37953 6
22431 33697 6
8665 38395 6
22439 41048 6
1442 3190 6
5783 45058 6
23315 47714 6
23311 34545 6
36181 39922 6
12222 42762 6
8454 12868 6
3568 4188 6
4508 6681 6
4772 42172 6
13757 44343 6
13545 40196 6
23288 29112 6
12233 18614 6
8158 20147 6
8677 22709 6
7691 40724 6
397 1780 6
28643 48574 6
8673 33731 6
12 4444 6
29318 30528 6
1712 9135 6
12436 29725 6
29520 45573 6
13275 15852 6
20676 28926 6
10426 12929 6
3434 15842 6
40454 44625 6
5617 8037 6
22856 39127 6
20039 31046 6
31284 49673 6
597 6117 6
31201 46498 6
1716 7072 6
4221 34953 6
5611 13006 6
38847 42272 6
29503 37683 6
1383 41185 6
1703 5609 6
5646 34409 6
22913 35652 6
36993 49921 6
7900 26964 6
3418 16103 6
36992 38424 6
29593 34174 6
3419 45847 6
29581 46460 6
5640 8309 6
5560 16455 6
5640 7858 6
9983 48581 6
4708 4915 6
13408 15744 6
42224 46985 6
20979 45559 6
12434 35157 6
10497 16053 6
1406 22731 6
7977 48831 6
10018 25919 6
19499 36273 6
602 39523 6
1740 2176 6
22727 26090 6
12468 42135 6
31228 48530 6
1392 8924 6
20686 42869 6
22741 30461 6
18260 35714 6
12476 21797 6
409 598 6
22751 49511 6
10449 38942 6
7972 36266 6
5575 47100 6
1732 38664 6
5574 32821 6
10451 49041 6
13297 47865 6
19254 21203 6
29503 31472 6
287 1032 6
29494 45100 6
41556 48181 6
12491 30410 6
10438 49742 6
12452 37536 6
22708 40808 6
13221 28225 6
36802 45524 6
10010 42593 6
41025 42562 6
29384 33490 6
174 39189 6
1398 44353 6
4710 10803 6
3459 33268 6
29391 30905 6
3748 10101 6
1806 2753 6
4796 6372 6
442 469 6
37060 47429 6
1357 2078 6
3383 5510 6
3383 36501 6
17286 45997 6
10405 40017 6
7841 30536 6
8062 27323 6
1358 2370 6
31442 40921 6
3521 22120 6
3520 46967 6
3728 5446 6
10064 28537 6
5679 46894 6
9949 16757 6
1801 3412 6
21907 47065 6
7822 7897 6
7825 10246 6
7826 16488 6
18311 39912 6
45512 46116 6
8066 15993 6
5703 6316 6
36487 43503 6
38906 42322 6
13524 36051 6
29137 44534 6
5518 21833 6
1193 6236 6
1354 24017 6
8597 45325 6
19521 37291 6
290 12480 6
23031 28879 6
23029 43087 6
4142 27604 6
12535 17739 6
29188 46984 6
4489 14912 6
10058 47760 6
12536 44231 6
29660 45469 6
5660 46331 6
13444 16137 6
4137 24725 6
29215 39664 6
29659 31241 6
8583 16976 6
19516 35288 6
5530 26115 6
1780 33574 6
169 5455 6
36670 37172 6
38863 41887 6
5652 15217 6
29235 47793 6
10517 26441 6
38577 44253 6
13492 31762 6
17312 47208 6
22554 33596 6
10545 47396 6
20140 24990 6
40367 49310 6
17324 21818 6
19244 30366 6
3392 36984 6
17804 31678 6
31114 36205 6
5274 26461 6
12543 40216 6
8584 9384 6
437 47095 6
13476 18870 6
1684 34983 6
1792 20968 6
9961 25274 6
12092 40288 6
17992 30453 6
10164 18081 6
749 5444 6
7498 8797 6
5933 15977 6
30771 39092 6
30348 41225 6
45228 46159 6
523 1609 6
10255 29437 6
4889 30089 6
7506 45749 6
18128 39043 6
17969 46092 6
37648 46728 6
49426 49978 6
22205 49453 6
7478 40464 6
3645 40411 6
14191 26950 6
12796 32855 6
1597 11680 6
23692 33061 6
9763 14556 6
40598 45189 6
1479 9284 6
5195 9638 6
426 42266 6
8359 8873 6
16620 49260 6
16790 38464 6
16794 47419 6
41966 48682 6
5400 8813 6
28137 31658 6
27744 31182 6
5901 40235 6
42681 44547 6
227 972 6
6025 28356 6
32090 36115 6
16604 30134 6
22245 37686 6
10787 17131 6
10785 17011 6
4068 7681 6
8767 29390 6
12905 22557 6
28156 30055 6
3627 16016 6
4065 9320 6
20813 27565 6
23879 32981 6
10267 21909 6
5393 15835 6
32336 49008 6
7521 7720 6
10872 31950 6
5910 49918 6
10250 41409 6
12098 25997 6
18402 20362 6
1519 8990 6
32343 37479 6
4173 25185 6
35616 36907 6
18398 21298 6
3670 15336 6
533 45502 6
2074 2237 6
5357 17718 6
27863 28373 6
272 47018 6
12705 39520 6
22136 25672 6
4525 46373 6
3131 45738 6
8289 25495 6
20087 23380 6
41897 43814 6
40131 45338 6
32257 49997 6
519 3716 6
10837 21574 6
10844 35659 6
20083 37063 6
1532 6689 6
3661 5231 6
7424 27737 6
12043 29606 6
5990 14981 6
7430 21830 6
8822 49725 6
227 1569 6
10234 44713 6
30446 31298 6
1538 4849 6
3657 4375 6
16662 19979 6
32274 35841 6
4402 22479 6
206 2348 6
527 2521 6
22071 35059 6
16640 39063 6
8365 31298 6
537 751 6
18442 42450 6
14093 29922 6
14089 23523 6
536 21683 6
14189 17715 6
23736 25548 6
1232 3624 6
12885 14000 6
3696 18499 6
27962 28172 6
27790 39452 6
23617 41166 6
5336 13793 6
23764 41347 6
3671 29921 6
16645 23176 6
12061 22806 6
35763 48909 6
12723 45477 6
27908 41649 6
12878 27483 6
5367 44304 6
22185 49860 6
12056 16538 6
9748 45222 6
3803 32523 6
5976 47583 6
13894 24633 6
3219 3606 6
1 42842 6
13930 36988 6
16569 41270 6
3236 26502 6
3615 13078 6
19965 25759 6
5316 36535 6
20768 36935 6
19371 19525 6
1265 48633 6
20553 29020 6
5208 12087 6
160 775 6
30854 44084 6
241 11898 6
208 6893 6
35558 43665 6
16922 40807 6
37632 37759 6
3102 32883 6
7341 27407 6
4451 48480 6
41111 49139 6
38734 44649 6
35991 47536 6
9702 29140 6
36030 38189 6
10308 35710 6
39 8415 6
759 3421 6
3090 38075 6
12755 34406 6
2115 3671 6
14285 43570 6
12958 16552 6
18149 26747 6
19419 34702 6
3784 5403 6
9697 16809 6
5852 7297 6
16918 43115 6
12648 18202 6
4876 8202 6
36028 41666 6
1269 22481 6
31976 39575 6
16567 37626 6
28329 37635 6
17870 48767 6
10901 26557 6
4876 6296 6
12147 32714 6
19122 23595 6
2122 8146 6
1281 39453 6
710 891 6
31946 46318 6
16995 27234 6
1985 49316 6
2101 48437 6
5888 9897 6
86 32344 6
30614 33424 6
8256 9740 6
13877 22160 6
8256 33710 6
18446 38364 6
7557 27156 6
13970 20755 6
12925 42179 6
18133 43246 6
16997 35868 6
23449 46761 6
10782 12467 6
156 15891 6
3200 7407 6
16542 35084 6
4249 14061 6
5326 9585 6
10141 19691 6
12664 35554 6
27733 29566 6
388 3430 6
40206 44100 6
8243 36978 6
4171 6460 6
7374 20971 6
19119 32543 6
4881 28194 6
3209 4932 6
6055 6172 6
13964 38522 6
28207 44218 6
35973 46515 6
695 24521 6
1571 33355 6
22333 25911 6
21807 28136 6
17852 36032 6
5885 25062 6
8409 19418 6
8331 19413 6
16548 21429 6
10137 16811 6
3692 9500 6
9295 36997 7
30478 32083 7
15121 18776 7
1506 43241 7
19265 43079 7
357 2290 7
33456 42120 7
11388 39021 7
30628 32317 7
6611 30409 7
11382 34433 7
8344 9318 7
13269 13752 7
4185 26100 7
20936 36718 7
4716 41747 7
1518 1632 7
8358 22861 7
2471 4031 7
356 47568 7
29566 41793 7
15098 31579 7
8337 9572 7
25638 37865 7
33410 43533 7
25640 40843 7
15456 32533 7
8490 24119 7
2466 25009 7
30657 40019 7
12776 29330 7
13275 26674 7
19713 35824 7
2629 17118 7
956 2053 7
1027 10561 7
8041 14801 7
13210 20050 7
8038 44079 7
30504 35927 7
11396 20956 7
12484 18090 7
46576 48976 7
8031 14745 7
19282 34623 7
1525 2915 7
12764 29487 7
8360 18694 7
1697 2639 7
4804 9145 7
2621 5059 7
9277 38433 7
8240 11010 7
26012 43553 7
38196 39400 7
8253 49057 7
33651 40992 7
41039 46399 7
1002 1937 7
11522 42354 7
2534 10149 7
13057 24714 7
15296 15677 7
25876 34529 7
41765 45914 7
11493 35125 7
19446 35658 7
12610 44664 7
1620 14309 7
19732 25144 7
26018 45957 7
13070 41542 7
15308 23758 7
29907 49489 7
33633 46720 7
437 2399 7
8121 43394 7
426 2234 7
4326 35885 7
29898 40082 7
30831 37306 7
20742 24135 7
2572 42437 7
13104 36406 7
1563 30893 7
15269 16652 7
33681 49003 7
4767 31406 7
25913 41328 7
4160 27652 7
33716 42030 7
2551 9994 7
8216 14021 7
30914 48254 7
4729 5592 7
12996 15860 7
1598 28452 7
9217 29527 7
4763 22529 7
33704 37166 7
15268 44260 7
1592 7415 7
29865 33858 7
30095 45044 7
12961 14669 7
25947 43257 7
11500 30124 7
8178 49365 7
33676 40775 7
63 10419 7
5031 28712 7
13524 20427 7
8449 16050 7
1468 6621 7
4167 41260 7
1450 14688 7
4761 44698 7
8420 24628 7
237 20616 7
15393 38152 7
15384 17768 7
30363 47244 7
11546 47018 7
12882 30139 7
12884 47204 7
33512 38105 7
31099 34698 7
15399 17842 7
46299 47632 7
33894 35164 7
43456 45565 7
26146 34818 7
4143 4178 7
1482 7804 7
11455 38542 7
38184 48152 7
19390 36319 7
12869 13958 7
33921 42826 7
12546 36510 7
433 621 7
9170 29171 7
8296 24645 7
30417 46613 7
20749 24436 7
26181 32273 7
26186 36057 7
30725 44532 7
8495 9877 7
11434 17196 7
6831 19244 7
977 41834 7
15188 39722 7
12673 13418 7
11467 43362 7
9243 19796 7
2582 31942 7
1435 3742 7
12898 28089 7
11537 23979 7
8403 14232 7
25800 43838 7
8270 31536 7
26095 27881 7
4149 7213 7
12892 23766 7
3933 27582 7
30708 37357 7
476 37057 7
6797 42651 7
1667 2939 7
33563 43569 7
8089 35445 7
2503 8552 7
5043 23737 7
8395 8550 7
19307 44329 7
15155 26968 7
13160 17444 7
6810 43258 7
12551 37143 7
20894 33702 7
20419 39973 7
18955 20112 7
14011 30955 7
2006 2579 7
12105 14912 7
19093 48062 7
2226 38822 7
8777 17111 7
43843 48625 7
7538 10441 7
11857 46401 7
27187 38970 7
1255 44764 7
14544 15051 7
28117 48745 7
39090 42497 7
4255 27699 7
28172 49464 7
7556 8774 7
13971 25444 7
14551 35233 7
1258 24531 7
32760 35531 7
32044 39465 7
28191 33263 7
27145 47335 7
4887 40744 7
27279 44692 7
19074 29414 7
2210 14094 7
27988 31978 7
1240 4282 7
27254 48748 7
41134 46293 7
373 1664 7
21145 26325 7
8954 31390 7
7207 35972 7
2256 2935 7
386 2086 7
2221 2283 7
14033 17132 7
14028 17767 7
28087 36039 7
14023 20141 7
2224 21879 7
32714 37543 7
2010 3449 7
32725 43276 7
27211 27352 7
14645 26358 7
14621 15299 7
40978 41862 7
2274 12803 7
14625 19963 7
13889 40624 7
12167 13088 7
31949 46649 7
32855 38616 7
1950 40851 7
13867 45132 7
38470 42036 7
7614 28861 7
14618 43979 7
7622 9464 7
1121 47178 7
7627 39598 7
7630 41598 7
26987 45717 7
13835 17655 7
12195 44510 7
28451 48638 7
31873 34351 7
1293 4199 7
1293 13530 7
18946 27908 7
27137 49987 7
28229 43287 7
28233 29394 7
13943 34128 7
7574 37489 7
28243 47761 7
32030 41744 7
28248 29433 7
12141 25301 7
4646 33353 7
12143 30670 7
14064 32301 7
8753 21551 7
32008 37965 7
27081 27655 7
1267 17225 7
1269 3539 7
28291 43589 7
85 35279 7
2271 4892 7
19141 31279 7
19576 43174 7
31980 40745 7
27759 28348 7
4038 4538 7
14250 40883 7
11951 26817 7
4658 48090 7
20539 36170 7
44036 49882 7
19620 28234 7
32350 35596 7
19025 40788 7
7279 16274 7
2092 2782 7
27453 28903 7
7291 33419 7
32334 47438 7
27450 45988 7
2089 33850 7
14209 18567 7
4022 18887 7
4915 32581 7
11923 48631 7
14399 44598 7
7411 25254 7
8832 20498 7
4021 20647 7
12004 13655 7
27596 40636 7
4923 23916 7
4032 6337 7
7316 16110 7
21222 25765 7
27627 37777 7
11970 25784 7
4923 21869 7
14291 25488 7
14346 21587 7
14280 37489 7
32317 33609 7
14350 48193 7
94 31165 7
4658 23774 7
44160 46644 7
44163 44925 7
27685 44656 7
4027 21453 7
44042 49791 7
1204 5246 7
27705 37324 7
1183 12506 7
8809 24393 7
2189 30201 7
7240 45509 7
27881 32953 7
7236 21562 7
4014 20599 7
7453 11149 7
44310 47633 7
2199 45192 7
4053 13345 7
2200 7718 7
19067 30960 7
27307 35773 7
2062 6712 7
27926 47701 7
4943 5636 7
14100 39576 7
2050 6995 7
14083 16123 7
8945 23478 7
7474 11021 7
12068 35415 7
2206 8962 7
2207 2503 7
27964 48560 7
7425 26634 7
7268 19425 7
14184 16066 7
2079 2352 7
19050 44102 7
14180 42197 7
27396 48438 7
27813 38486 7
7417 10270 7
4908 15787 7
27390 47140 7
2179 24124 7
2295 14580 7
451 49099 7
7428 8826 7
11916 43686 7
4016 39789 7
7246 45740 7
12045 36721 7
21243 32726 7
1164 40528 7
27363 44161 7
14146 29554 7
27877 47008 7
8574 27961 7
1797 18159 7
7860 21703 7
33177 48391 7
1795 20218 7
41076 45144 7
1795 5779 7
12378 15789 7
1789 28486 7
18848 47523 7
7873 26039 7
8578 19097 7
7878 20094 7
26578 31685 7
4302 23859 7
7883 8896 7
18848 33351 7
7892 11333 7
29241 30797 7
13428 37557 7
33221 46835 7
20986 45269 7
1371 21799 7
12413 22465 7
2408 11232 7
1805 15850 7
256 1378 7
13531 38173 7
77 15793 7
26628 38643 7
12337 16149 7
21003 36842 7
2377 22718 7
1078 5566 7
33146 41959 7
29116 39294 7
14896 41812 7
8555 30374 7
14900 44532 7
31442 38982 7
31440 43134 7
26594 37996 7
13498 18991 7
110 22502 7
33167 37082 7
13490 30949 7
4823 16479 7
11648 23338 7
13488 17360 7
12461 21960 7
39450 40807 7
6909 42235 7
15015 23277 7
2430 41962 7
1052 2046 7
13361 42515 7
20682 23769 7
4124 45101 7
7942 21698 7
1388 5472 7
12454 34513 7
29361 35959 7
11612 33287 7
15032 31293 7
1048 1940 7
8534 13928 7
1391 24614 7
15046 36157 7
11598 28275 7
9136 31110 7
13324 36557 7
11595 13434 7
15054 26071 7
13319 13426 7
6918 6942 7
19699 42464 7
1768 43922 7
7902 32555 7
9116 11723 7
9119 38231 7
1762 26856 7
6931 9439 7
13386 36743 7
26463 28393 7
26439 35655 7
26436 34697 7
31485 39605 7
33277 45077 7
13374 18869 7
13370 27225 7
20977 45259 7
1754 16089 7
13365 44896 7
2422 47776 7
26429 27665 7
4124 26020 7
43521 46587 7
8542 39211 7
21059 38370 7
31781 43863 7
13766 35725 7
7075 13493 7
397 5143 7
26904 34859 7
8673 16446 7
1897 6342 7
209 31594 7
28666 48255 7
1314 21830 7
13732 30491 7
44511 47963 7
8682 39547 7
21303 47806 7
2320 24962 7
32962 38915 7
38985 42113 7
13710 29768 7
14737 28600 7
12253 15559 7
9034 37839 7
1319 20940 7
13696 18102 7
32979 38276 7
13797 24799 7
8703 17445 7
26961 33817 7
14691 30235 7
26952 38732 7
26951 33045 7
8698 46890 7
32911 40135 7
7650 30507 7
1115 17747 7
4866 15132 7
38326 49318 7
18892 48333 7
2309 49985 7
13780 48380 7
13778 42446 7
28557 39936 7
1915 21817 7
32944 47470 7
1302 4671 7
1912 23747 7
32947 43141 7
1912 16609 7
31785 34213 7
33070 38940 7
7020 7393 7
21016 45173 7
14824 26336 7
13593 22667 7
7785 10807 7
28975 40461 7
13585 28094 7
14833 20115 7
13577 14742 7
28990 36296 7
26720 36013 7
26701 49767 7
44623 47230 7
4831 27964 7
38931 46648 7
2358 11292 7
47 7839 7
2358 30566 7
33089 37625 7
13552 24305 7
21008 33587 7
6994 16558 7
11690 17482 7
9081 20687 7
33010 47899 7
398 42620 7
1102 6753 7
13689 16606 7
12263 38730 7
32991 44612 7
464 27654 7
3984 13223 7
7740 17355 7
7747 35184 7
7752 44883 7
14796 31675 7
26305 46580 7
7033 11807 7
7755 30094 7
7032 45270 7
1861 32007 7
11731 43332 7
7756 14601 7
1332 31861 7
401 6998 7
13632 19139 7
1334 15084 7
1842 26338 7
17104 32750 7
17723 33878 7
22002 40686 7
296 4910 7
34828 41297 7
25106 37972 7
10252 10275 7
11124 13060 7
36232 36468 7
23935 44200 7
11259 40354 7
24642 46375 7
16590 44352 7
18349 32547 7
46722 47812 7
17843 47101 7
34371 39295 7
5491 10135 7
42960 44038 7
16564 25079 7
17133 45206 7
17976 45119 7
17976 40440 7
3811 41736 7
759 2962 7
6281 14459 7
18565 47851 7
4422 5744 7
23230 30350 7
5336 39623 7
759 19444 7
34844 37885 7
18159 26672 7
3114 29785 7
3712 8059 7
21834 27298 7
2885 19405 7
3663 8645 7
516 2172 7
20085 23000 7
17833 35627 7
15842 35316 7
2780 37220 7
16077 41121 7
2883 36900 7
161 3682 7
3115 37419 7
40109 46950 7
10377 37907 7
2881 40289 7
897 44835 7
19859 36317 7
4400 6882 7
4377 39595 7
6296 8010 7
23328 25620 7
16093 41867 7
675 42742 7
3643 5997 7
16605 46506 7
10673 12904 7
10083 43643 7
38099 38433 7
23914 49265 7
11124 16793 7
5490 9546 7
24550 44885 7
4355 6614 7
3756 36291 7
5506 18276 7
10939 17755 7
35396 49650 7
36425 46176 7
25181 34199 7
6470 17001 7
11293 34866 7
17850 37072 7
6468 10477 7
5720 42832 7
25174 26214 7
9537 30599 7
2747 5584 7
16483 34901 7
20021 20145 7
15730 47106 7
15730 28215 7
4539 9829 7
22111 33388 7
910 1308 7
34285 48009 7
25229 29517 7
645 2218 7
39932 49043 7
17965 31864 7
10588 14456 7
6248 35176 7
9543 30713 7
10580 13952 7
16453 27787 7
18333 23427 7
3546 5641 7
10639 34358 7
34346 35694 7
5758 16613 7
10907 15962 7
16547 18465 7
16543 33185 7
37099 40065 7
2758 10145 7
17164 36537 7
9403 26020 7
23182 35525 7
24601 27339 7
23178 34204 7
40299 43585 7
15853 31188 7
5234 28138 7
149 10031 7
25154 27085 7
10927 14870 7
489 7414 7
19910 42263 7
5280 29423 7
6080 41276 7
21703 28795 7
22232 23309 7
6087 28336 7
5440 17737 7
23135 42304 7
6458 12390 7
3061 33128 7
23591 41217 7
5948 31744 7
24927 32896 7
22420 24611 7
5359 49490 7
5476 24597 7
37898 49476 7
534 49562 7
10244 22079 7
23699 36923 7
24786 38943 7
15965 35666 7
21786 41689 7
3791 21323 7
3874 10830 7
9460 45713 7
6358 24957 7
23606 31852 7
5874 7078 7
9453 49346 7
3562 17740 7
16922 18962 7
10755 42015 7
274 5006 7
488 1198 7
20198 32244 7
871 44789 7
10752 16734 7
4514 47791 7
3218 47330 7
10355 32976 7
35787 41220 7
10745 27905 7
16813 42761 7
35851 40057 7
18403 25072 7
42569 47547 7
2842 38537 7
24856 41463 7
11182 27968 7
34566 44959 7
863 3142 7
5469 23988 7
24852 29991 7
22016 41845 7
2849 27598 7
5196 8809 7
34582 39642 7
21594 27064 7
16003 23736 7
4463 41463 7
3865 48220 7
18039 29375 7
5910 22211 7
10815 42374 7
35908 41861 7
40160 44125 7
42995 44755 7
864 37468 7
2838 7778 7
6327 9779 7
10817 20591 7
5195 13092 7
5940 14773 7
3864 34533 7
23606 34706 7
22439 46987 7
10841 35548 7
846 25720 7
22066 44215 7
10722 46390 7
2795 24151 7
5979 13531 7
5483 7519 7
18578 22742 7
16687 21441 7
17017 20835 7
300 4539 7
3660 26437 7
17014 28139 7
5829 36488 7
25018 48690 7
22162 26229 7
11157 41521 7
25032 44551 7
5215 32665 7
18020 31032 7
23816 26623 7
21823 45750 7
4559 6334 7
22441 43611 7
11146 45592 7
19858 39028 7
23359 38511 7
309 46629 7
6412 32185 7
21567 21905 7
5484 35945 7
9428 22628 7
10733 14130 7
10742 16067 7
16766 41674 7
6314 46613 7
5957 46113 7
24961 47564 7
40485 41995 7
23477 23893 7
35775 46920 7
9443 45338 7
4365 7192 7
34720 35359 7
3782 42707 7
17797 41227 7
37879 46344 7
2870 13315 7
21706 28794 7
9755 23973 7
558 11561 7
10091 20637 7
10731 47404 7
734 35873 7
36070 44226 7
18375 39062 7
6311 27717 7
3137 40283 7
10241 25886 7
11231 34460 7
2871 22281 7
5833 16177 7
6311 11863 7
738 14377 7
2658 48132 7
22587 49455 7
624 47749 7
11360 12046 7
24469 41489 7
38131 43450 7
24469 25757 7
3413 12297 7
17556 39146 7
5275 38292 7
16245 37408 7
25488 27492 7
5426 10875 7
17541 20868 7
22937 49457 7
6166 7464 7
24426 39995 7
9557 31620 7
24427 33474 7
3745 6077 7
5521 6831 7
15620 20622 7
19779 34639 7
17953 47339 7
5153 28895 7
16216 29079 7
18679 49811 7
17559 17903 7
22972 26765 7
11319 38360 7
629 37951 7
48751 49068 7
20053 35975 7
21927 43040 7
18290 29316 7
10205 46179 7
3534 22298 7
18153 26159 7
22703 23579 7
6143 36861 7
20384 28024 7
4431 25980 7
9571 23996 7
21512 23010 7
17350 40313 7
17928 35439 7
3016 48040 7
5080 9155 7
4590 7555 7
9555 28729 7
270 46215 7
17666 20768 7
626 657 7
184 24958 7
3449 46438 7
5523 7748 7
24259 46715 7
36835 40026 7
15584 26739 7
793 4054 7
38136 46325 7
2999 44035 7
35019 44062 7
49106 49842 7
5592 7797 7
18540 24388 7
9616 41119 7
21 367 7
17481 35268 7
25443 37392 7
40531 49483 7
25443 43526 7
9329 43163 7
15576 33865 7
11069 12539 7
795 3224 7
3616 7723 7
17477 29758 7
21490 23639 7
2673 6807 7
38007 49531 7
42192 42480 7
17522 36854 7
10500 20339 7
11074 13823 7
6546 49695 7
17401 31830 7
6215 15496 7
5422 40665 7
19895 30807 7
48825 49222 7
3431 8883 7
18684 49698 7
3918 30039 7
9992 18424 7
10203 18016 7
22853 42565 7
9337 19500 7
25467 26673 7
5614 10726 7
606 927 7
22082 32254 7
5613 28723 7
17490 19736 7
17460 41709 7
2948 22621 7
40358 45746 7
40465 46536 7
17625 18755 7
36516 38735 7
15703 33491 7
16253 45725 7
10565 35061 7
5272 49129 7
41356 45656 7
5548 40949 7
22652 28626 7
481 3726 7
3031 7721 7
147 261 7
2984 24997 7
2721 42089 7
15699 29906 7
10273 32195 7
11313 44165 7
4349 5617 7
6133 20865 7
15507 26326 7
25528 47706 7
3029 12233 7
10547 20942 7
805 5074 7
42904 49820 7
21895 36007 7
6197 24619 7
17621 41777 7
2640 2938 7
11369 30881 7
3839 23468 7
11085 22889 7
35112 37031 7
6605 42645 7
5542 27670 7
36541 46296 7
25258 42402 7
9548 14196 7
41194 42658 7
6191 20313 7
18129 38074 7
35331 43010 7
5159 30621 7
10401 13949 7
40345 49050 7
916 4725 7
10129 11150 7
6517 17891 7
15650 37608 7
17321 49015 7
18240 19415 7
5551 6115 7
6179 23458 7
6234 29178 7
6235 10951 7
22992 31528 7
22996 44207 7
4441 8249 7
36612 40061 7
17325 45190 7
6588 39700 7
22982 47437 7
17330 37911 7
24489 31254 7
18672 20556 7
21517 43060 7
17919 40516 7
4479 22106 7
4 6090 7
15522 40922 7
4664 20712 8
32198 34536 8
28033 47918 8
7451 37962 8
28025 43899 8
14563 22577 8
4542 6038 8
35122 40671 8
39231 49009 8
4282 35212 8
2054 29120 8
27193 28209 8
4948 40184 8
3624 14318 8
1612 38567 8
89 923 8
9602 11415 8
16351 25527 8
2023 6985 8
14048 37973 8
28041 31994 8
4052 22271 8
12658 41726 8
20851 26239 8
27140 31843 8
8176 45514 8
6179 6788 8
2218 25078 8
1234 24961 8
32193 35628 8
12054 44720 8
3796 18876 8
3139 8430 8
23780 43430 8
32737 34157 8
10112 17548 8
4760 13921 8
2996 5953 8
27952 47990 8
10827 49848 8
35779 37513 8
19600 33642 8
5937 44886 8
9756 24547 8
35781 46678 8
19080 28489 8
19074 26598 8
9606 47891 8
10136 14509 8
371 10970 8
27210 38704 8
13016 33617 8
1142 11019 8
2042 33910 8
797 1562 8
9756 37297 8
2042 11738 8
4520 45031 8
19074 40193 8
19600 26029 8
2257 7566 8
501 7830 8
18428 28894 8
22284 42494 8
1233 16529 8
16767 23405 8
16294 18836 8
5960 7534 8
2988 26715 8
3163 11708 8
11032 11162 8
4945 5067 8
10298 34296 8
16300 27500 8
3619 3768 8
6179 6918 8
14052 31144 8
14547 48749 8
17789 43657 8
35198 47819 8
7194 36192 8
35141 36009 8
378 1721 8
9682 24048 8
16400 21009 8
27594 47326 8
27577 29346 8
17874 44947 8
45849 46255 8
9677 21697 8
2139 11092 8
23994 34058 8
4271 13878 8
3828 11297 8
28365 46683 8
19908 35274 8
2144 2453 8
22345 26921 8
6085 26276 8
14365 35040 8
11958 19396 8
20842 34713 8
3097 49233 8
1584 14867 8
14463 39943 8
14462 27149 8
27333 44642 8
27651 35770 8
16388 42024 8
27345 30090 8
7244 38437 8
3021 47504 8
23962 26591 8
21213 26049 8
4657 18292 8
494 13647 8
8865 48016 8
435 466 8
7337 17376 8
3604 22351 8
14394 31843 8
8909 18368 8
10952 32074 8
1172 8140 8
8909 35035 8
1590 20981 8
24113 48254 8
18488 28460 8
16461 17653 8
17864 45044 8
14395 37598 8
27430 41783 8
8220 22292 8
8425 16802 8
37324 44786 8
24097 46287 8
4539 49555 8
14432 35372 8
10313 14908 8
2159 2460 8
35416 39449 8
14384 21788 8
3031 35672 8
39204 42482 8
7283 16202 8
35302 46827 8
2199 8058 8
35403 40362 8
3053 9104 8
14424 20196 8
20532 24604 8
21691 31829 8
16426 36963 8
21689 31807 8
10953 18862 8
20221 37663 8
1583 12257 8
27279 36360 8
19047 38423 8
32309 39639 8
10857 47369 8
1458 19217 8
10863 46511 8
5185 19716 8
3123 17580 8
16627 25088 8
14201 25914 8
38383 40748 8
6160 9510 8
16622 39655 8
27285 34119 8
6015 30641 8
14209 34173 8
740 1428 8
4051 31136 8
14491 20827 8
23801 49029 8
8816 35391 8
6161 9681 8
27864 43993 8
2211 16420 8
18433 26152 8
6016 14094 8
2210 27493 8
3128 49463 8
27843 31112 8
741 26739 8
7420 16636 8
7419 37773 8
3002 5739 8
16656 39689 8
5442 21743 8
11888 37439 8
1203 20156 8
16380 44492 8
316 24036 8
24200 47733 8
9701 48197 8
4037 40317 8
14262 34913 8
32365 33172 8
12632 37210 8
8855 20989 8
4530 9750 8
32626 39195 8
41688 42230 8
16565 26008 8
1469 28011 8
32621 36167 8
16603 40058 8
16612 17535 8
454 4366 8
752 9978 8
8846 28252 8
3833 10491 8
23894 44549 8
14477 33124 8
27725 41925 8
24266 26354 8
10317 22576 8
16593 31278 8
93 20369 8
35589 48423 8
11888 24205 8
23909 47638 8
18447 22721 8
35568 42058 8
5697 10699 8
12353 23285 8
5683 11815 8
9944 45970 8
581 26243 8
13514 24705 8
12343 34520 8
4825 21965 8
23046 41131 8
8073 23505 8
4825 24947 8
9938 46026 8
31474 49123 8
1804 12448 8
1814 14136 8
17258 22663 8
31481 31880 8
1350 41041 8
7827 40852 8
21896 44367 8
5704 37697 8
13531 40151 8
23072 37234 8
40339 44352 8
1348 25704 8
1363 2048 8
20665 36247 8
17341 38031 8
40371 49552 8
627 13101 8
29192 31887 8
12384 19067 8
5666 9491 8
22964 43146 8
29187 31301 8
36631 44971 8
7867 42883 8
5705 7945 8
29171 35602 8
20901 21907 8
13168 16081 8
3395 31713 8
13478 41630 8
7853 24796 8
582 977 8
17677 39120 8
634 15208 8
18293 48569 8
1804 2435 8
5235 21451 8
1837 22125 8
28952 29031 8
17223 28804 8
3345 6393 8
3340 7195 8
28934 36852 8
10605 19110 8
17209 33869 8
3339 26662 8
1845 17505 8
31579 48888 8
4838 38799 8
3349 32216 8
19312 22688 8
4105 30459 8
4499 5481 8
654 5955 8
5737 16782 8
20167 32156 8
8637 12333 8
31611 36502 8
1855 4145 8
28859 49731 8
13632 46223 8
22498 23525 8
13544 44151 8
37698 38568 8
10576 17725 8
17253 35902 8
21895 26247 8
1821 25349 8
10586 13500 8
4230 22257 8
12319 32365 8
31532 40611 8
191 510 8
20665 37923 8
29013 35339 8
77 46805 8
211 26714 8
646 24989 8
28991 38482 8
4493 7435 8
4833 29998 8
3539 7594 8
8082 29941 8
4108 35404 8
19534 23126 8
10028 14720 8
13275 38602 8
3729 31100 8
21965 24772 8
3734 11080 8
4715 25625 8
10435 19287 8
22705 38277 8
17558 44298 8
174 42176 8
13295 23232 8
12486 22651 8
31134 47743 8
10413 43895 8
22721 41463 8
10412 41564 8
22729 41093 8
19265 42909 8
5270 9056 8
20141 30755 8
7977 8298 8
5576 38714 8
1736 3380 8
4711 10609 8
5267 26783 8
40455 44507 8
13224 14819 8
12527 24936 8
3505 33268 8
3503 29649 8
22624 29180 8
31164 31449 8
10053 14366 8
13241 21843 8
45377 46846 8
1691 9085 8
17606 19253 8
8049 19070 8
13248 37646 8
1705 24330 8
29569 45804 8
37002 42523 8
37006 43088 8
12512 44765 8
19278 22650 8
13260 18590 8
3495 36055 8
13265 31765 8
8011 8999 8
12423 34008 8
4719 28560 8
5610 15132 8
4124 30281 8
21935 24520 8
13191 17698 8
29288 47609 8
29285 33905 8
618 44944 8
7 38 8
12428 36045 8
1374 8371 8
17393 24233 8
22834 27091 8
4120 38233 8
5520 6320 8
13420 41590 8
169 42732 8
12400 35521 8
10518 13625 8
17365 31328 8
4821 46992 8
1784 7916 8
13434 42543 8
3528 4076 8
29374 47260 8
31248 49051 8
22754 42007 8
10019 30329 8
17489 45433 8
607 20771 8
36827 44524 8
5594 41447 8
10465 23279 8
29384 45173 8
13343 49930 8
21940 26124 8
4103 16293 8
17476 19031 8
31259 48957 8
20683 32851 8
3455 4504 8
10470 37287 8
22804 26614 8
8052 49805 8
7944 37172 8
7942 48038 8
4813 42497 8
249 4078 8
301 316 8
28359 47827 8
5834 35143 8
40236 45558 8
3246 9016 8
28353 45949 8
20065 20942 8
5839 15235 8
19145 31850 8
44991 47497 8
12167 24067 8
23464 26987 8
1957 2551 8
13870 24682 8
13899 42941 8
13901 49412 8
16978 23894 8
3233 12388 8
9821 28629 8
436 31186 8
1274 5483 8
45705 48028 8
28306 31759 8
22430 31451 8
503 2653 8
28428 35360 8
8712 15558 8
10090 44467 8
448 31075 8
12585 38486 8
8714 26035 8
7635 10522 8
569 6351 8
687 12521 8
29905 46815 8
84 26597 8
9838 16126 8
13921 34370 8
13843 14586 8
4081 34791 8
23399 45603 8
12189 24443 8
23406 33471 8
8129 46763 8
17011 39733 8
37150 43997 8
23429 25164 8
13867 41229 8
15479 21822 8
1449 11508 8
4518 9508 8
13994 24353 8
4156 44653 8
30963 34006 8
12106 23925 8
4066 22302 8
47553 48393 8
3792 24800 8
28135 46144 8
22413 32489 8
32106 44722 8
20206 25758 8
10785 14642 8
32110 33060 8
32110 48340 8
32118 45666 8
2013 45503 8
39101 42155 8
12095 27570 8
40492 40751 8
7509 47087 8
35888 46841 8
7505 15803 8
1450 30047 8
1261 4662 8
18384 44085 8
18387 29136 8
3219 3922 8
40223 41652 8
4676 36195 8
5870 11295 8
10760 36104 8
2 2924 8
16914 36315 8
1623 17309 8
5884 21256 8
12196 12738 8
1260 16494 8
39083 39607 8
4675 40141 8
13969 18287 8
13971 28976 8
563 29023 8
502 15860 8
1994 14662 8
20201 29224 8
28150 42759 8
1997 11009 8
4420 34102 8
666 22478 8
13728 36080 8
4444 34097 8
11 43749 8
18347 30931 8
667 2625 8
397 29492 8
10653 10915 8
40290 43450 8
10654 35360 8
17112 33857 8
12241 27178 8
38807 49830 8
28659 45621 8
10388 36948 8
17106 34799 8
17103 20474 8
4241 11287 8
19455 30578 8
3767 7177 8
29859 31024 8
13748 46282 8
12579 21120 8
5781 49108 8
29802 48525 8
36362 45855 8
7759 32224 8
13646 19447 8
9899 30634 8
18334 44131 8
4100 22641 8
510 2686 8
44581 47998 8
5753 6526 8
8655 15260 8
250 5910 8
28623 44866 8
3319 25645 8
23205 33901 8
21996 49507 8
9886 38365 8
3314 38210 8
36273 43975 8
4237 42185 8
36266 42991 8
17139 34994 8
1318 3758 8
23238 30368 8
19167 34966 8
18363 36257 8
28538 44471 8
10691 13696 8
8690 31450 8
10691 29721 8
8692 13394 8
21076 27200 8
3279 26202 8
9853 27868 8
3278 9659 8
8699 11669 8
31851 49268 8
21836 31995 8
13089 44836 8
31854 36650 8
13827 34548 8
4680 40344 8
19981 32971 8
3775 6724 8
17042 34469 8
8120 12781 8
5483 14064 8
683 1116 8
10705 34649 8
1912 45458 8
7689 27712 8
39010 39719 8
17094 20437 8
4419 40290 8
4863 45628 8
3553 13634 8
13769 39035 8
10677 11904 8
41667 45118 8
4419 16121 8
17076 25122 8
16803 49313 8
5799 49707 8
20609 42970 8
13774 14508 8
3284 9422 8
5801 22212 8
3283 41390 8
41530 42814 8
13091 23609 8
5803 19669 8
4245 26424 8
7669 40626 8
2427 18502 8
12849 16452 8
360 419 8
21582 32881 8
61 151 8
5109 13361 8
45128 47737 8
19820 27930 8
875 1165 8
6386 13627 8
2811 48125 8
9122 37580 8
39456 46460 8
15911 20425 8
11608 22678 8
8302 21471 8
1051 13115 8
33312 34846 8
9130 38444 8
24982 26483 8
6898 19053 8
39449 48209 8
24877 40295 8
18604 35548 8
39827 45900 8
30397 48907 8
2832 14990 8
33228 47753 8
137 7528 8
4304 48390 8
2411 39215 8
14972 15548 8
34474 40512 8
11622 22375 8
2826 13094 8
12854 33228 8
15952 43491 8
9121 27200 8
33262 36266 8
330 49963 8
14983 17642 8
15949 30758 8
25056 30119 8
2453 4090 8
3881 11958 8
116 165 8
1534 5593 8
43501 48797 8
5102 41825 8
11584 20721 8
1492 1622 8
12815 13119 8
18806 22584 8
6410 8933 8
5011 20707 8
6859 31438 8
4736 10239 8
4313 10220 8
11577 37936 8
20801 29444 8
12812 32780 8
25061 49708 8
6848 13266 8
46779 48087 8
9437 40279 8
15887 48486 8
37519 42264 8
15882 32717 8
20455 37119 8
3657 21336 8
38275 46780 8
20753 32867 8
26366 33446 8
24876 40060 8
11599 41809 8
33335 47784 8
30719 38951 8
3963 15782 8
26352 44000 8
41727 44162 8
26346 49764 8
8376 14936 8
19812 32631 8
6308 27523 8
16097 22057 8
2338 29739 8
14799 22471 8
2340 13322 8
2888 32136 8
6299 34033 8
3647 9175 8
4984 15030 8
1091 18200 8
16063 24296 8
140 27938 8
2350 8124 8
33053 49022 8
8392 11533 8
24733 37606 8
7002 49683 8
21605 26004 8
26689 30149 8
6998 15964 8
3650 14106 8
6282 33060 8
24610 44475 8
9038 12955 8
6280 23721 8
21313 42538 8
9525 32886 8
7054 15698 8
2331 3910 8
6281 33422 8
19866 34506 8
9043 28419 8
14855 32615 8
18574 19184 8
2335 26460 8
2896 3014 8
6287 11357 8
4378 32720 8
16103 23365 8
26794 30004 8
11125 46062 8
14799 18522 8
15997 41936 8
327 6350 8
11656 45513 8
1073 24257 8
12866 24297 8
9476 39203 8
16021 36918 8
11647 47454 8
21595 42405 8
21348 23776 8
863 989 8
24803 32183 8
9104 12907 8
26546 40095 8
19837 22781 8
20805 23213 8
9107 29276 8
15994 23676 8
6946 23544 8
21590 32146 8
6349 26136 8
2867 33105 8
326 991 8
19852 46387 8
2365 39361 8
26652 42565 8
14873 25081 8
2869 8485 8
6983 36159 8
11162 23747 8
34711 38285 8
6847 15642 8
33118 42736 8
18860 20745 8
9084 22559 8
16042 39373 8
5124 20499 8
5122 13024 8
14886 15965 8
9086 16728 8
24796 29773 8
41452 45188 8
8355 42769 8
12766 28960 8
1515 44148 8
6690 26975 8
6539 26278 8
6539 26336 8
11469 38020 8
11331 28301 8
15622 16465 8
10204 27271 8
6535 42598 8
6544 31217 8
25401 26329 8
9340 24178 8
15596 38258 8
200 48009 8
124 35874 8
11462 39713 8
11462 29006 8
25764 38586 8
475 38612 8
39563 45373 8
25275 48589 8
920 30100 8
4324 28526 8
6730 44156 8
9218 19806 8
25900 31161 8
25318 43165 8
1518 7690 8
2706 40714 8
3914 32271 8
34190 35269 8
18153 26391 8
927 38596 8
34186 40498 8
25356 49529 8
18674 46851 8
985 7898 8
4325 6427 8
20423 27702 8
34043 49326 8
15448 23537 8
25657 25925 8
1509 7937 8
959 11172 8
479 919 8
2622 39377 8
520 608 8
15515 44211 8
11400 32605 8
6594 36429 8
10200 47682 8
6600 37365 8
2641 3177 8
3921 4629 8
1507 7974 8
2630 18438 8
34034 35324 8
43294 49641 8
15471 18894 8
11381 46824 8
25699 29646 8
6563 32460 8
15384 18600 8
338 22793 8
15572 40967 8
15567 39628 8
2668 3847 8
18729 48319 8
18150 20870 8
2605 2865 8
5326 46977 8
30631 49380 8
258 42284 8
30607 31307 8
2612 12683 8
11350 36119 8
964 15781 8
30630 40666 8
21484 39026 8
126 2890 8
20788 41173 8
33472 46958 8
19398 24791 8
6823 37482 8
5015 35407 8
3888 5993 8
3673 29217 8
5334 15077 8
6815 41837 8
9178 32085 8
9179 36594 8
38250 38674 8
26147 49665 8
15801 39816 8
354 35623 8
2498 3662 8
19401 40966 8
1014 17706 8
9184 42561 8
19719 44125 8
3891 40976 8
15114 17513 8
11252 27242 8
1031 30402 8
891 5816 8
11252 29073 8
15104 44020 8
2777 37277 8
11565 47456 8
6434 39478 8
26225 28258 8
18092 41513 8
11538 37908 8
18632 19764 8
1027 19376 8
5014 6549 8
26212 48781 8
2481 5316 8
6832 9790 8
895 12853 8
6437 44224 8
6831 8083 8
11297 48252 8
9198 27181 8
1498 11563 8
2729 43212 8
46435 48112 8
15233 46562 8
2534 3688 8
272 2012 8
9203 14709 8
20360 26319 8
8325 36020 8
25232 43883 8
3942 39924 8
25266 33270 8
39723 41842 8
30541 46193 8
25947 31529 8
15252 20686 8
6746 17678 8
11307 43722 8
21426 32303 8
2514 11543 8
45166 47643 8
133 183 8
12733 28998 8
2750 14336 8
9188 13256 8
6793 27455 8
11277 15476 8
26091 32468 8
483 702 8
14575 38795 8
34299 42072 8
3948 9095 8
1008 14332 8
25188 32595 8
15203 39303 8
5022 22203 8
3898 32808 8
474 7515 8
26002 35703 8
11760 36839 8
4452 48297 8
6213 33080 8
370 495 8
20267 48701 8
2308 5816 8
11073 40128 8
20 14105 8
810 3437 8
2941 21964 8
27082 41365 8
11789 41773 8
18909 38630 8
4283 48106 8
34949 45492 8
20273 37262 8
32945 40771 8
4954 16148 8
320 3651 8
2267 13760 8
2962 25749 8
16181 43034 8
231 9285 8
16246 38383 8
24492 31259 8
16214 36404 8
26931 46346 8
7083 15392 8
368 5380 8
16178 34020 8
45985 48889 8
2942 11246 8
231 513 8
16231 16319 8
19650 44817 8
11785 37833 8
3633 33207 8
16144 38105 8
7065 15651 8
12665 26522 8
9021 15692 8
32844 33205 8
10272 23563 8
32822 38395 8
2934 10190 8
19877 41980 8
14705 34025 8
16184 43307 8
4643 6170 8
3994 16338 8
2919 22473 8
108 3448 8
9565 13486 8
17931 48474 8
35036 47083 8
3989 22723 8
17935 45260 8
61 18920 8
21634 30336 8
30331 49541 8
8996 14217 8
11102 20366 8
16266 16425 8
11793 44919 8
8997 43925 8
10286 39706 8
818 1261 8
21 2613 8
20506 24701 8
7117 10128 8
9565 12461 8
7131 31858 8
2923 4119 8
39962 40223 8
8946 28137 9
10 824 9
38001 38682 9
10992 19125 9
8633 18370 9
1833 25272 9
7777 25999 9
2506 3299 9
5720 16689 9
53 582 9
18927 29010 9
6780 10802 9
13587 14569 9
8265 9170 9
906 43810 9
6774 33696 9
28959 46499 9
6229 6778 9
31566 43645 9
44616 44810 9
8362 22670 9
25167 40123 9
6223 6917 9
38741 43785 9
1338 3062 9
28941 33371 9
17231 40204 9
28927 29852 9
8626 49443 9
23120 32766 9
8321 19474 9
26070 40948 9
1336 34505 9
7786 25534 9
317 5145 9
17236 22862 9
33581 33631 9
30822 47650 9
15720 35712 9
9204 36730 9
36463 38088 9
19435 46759 9
18158 35434 9
228 3364 9
1348 42717 9
12668 17598 9
2535 19473 9
17941 34076 9
35221 45284 9
270 38188 9
23074 33272 9
5029 38647 9
17679 25826 9
2277 35876 9
43404 47897 9
5703 19496 9
812 29307 9
913 3565 9
24268 31210 9
9207 42241 9
27246 27474 9
1582 1964 9
31470 48542 9
23057 40523 9
6749 19999 9
3900 43755 9
2541 42362 9
6747 27309 9
2724 26841 9
3376 21717 9
2739 41087 9
28859 29397 9
8079 11283 9
31071 36167 9
5331 15948 9
4644 45923 9
38933 46383 9
11531 25796 9
1007 11575 9
2734 4474 9
32661 46514 9
8998 26968 9
39275 43081 9
40333 42657 9
44943 48320 9
1832 1978 9
19731 27824 9
10594 15925 9
5714 19939 9
29028 31362 9
6160 30536 9
403 18361 9
9928 39896 9
7811 32943 9
10588 15765 9
4699 48954 9
8263 48596 9
5242 6395 9
47 21390 9
22501 36224 9
20650 45701 9
1821 26921 9
17243 17695 9
7107 29237 9
3311 3908 9
21553 34761 9
22481 38924 9
17134 29745 9
14469 16557 9
1316 10975 9
3887 48417 9
493 27610 9
26179 30917 9
9167 28307 9
33483 38071 9
6440 13305 9
1893 16009 9
31738 43653 9
9410 18846 9
33477 47328 9
2486 32990 9
3313 48764 9
20343 25655 9
23222 45099 9
898 1018 9
19879 35270 9
2941 26280 9
8663 39350 9
15143 21993 9
7720 37595 9
25108 34755 9
786 2624 9
8101 15110 9
4422 10099 9
25122 43284 9
48881 49346 9
11262 18245 9
23234 33847 9
19999 22133 9
26225 26869 9
471 36812 9
18802 21742 9
11901 28583 9
18505 45050 9
1494 4357 9
46758 47806 9
24483 25287 9
8935 46297 9
321 11490 9
16129 43819 9
8404 23192 9
1306 14304 9
8117 11130 9
33436 45159 9
6840 37323 9
20341 47393 9
6433 40714 9
33459 38330 9
15132 22410 9
21393 38048 9
47751 47821 9
32890 36067 9
9630 13591 9
2771 3105 9
10661 18968 9
8673 18854 9
6445 6769 9
16209 36091 9
17103 36650 9
4966 16018 9
36222 44714 9
9867 10992 9
33451 41765 9
7230 12357 9
27018 28172 9
5234 49820 9
1665 27216 9
18115 32956 9
34326 35607 9
29783 43979 9
28848 39358 9
31635 45552 9
3332 35638 9
9905 42608 9
21034 31068 9
17173 48611 9
10628 27067 9
11272 11824 9
7755 40055 9
18641 20594 9
13645 19367 9
19547 23715 9
16369 38713 9
13145 14831 9
3337 41486 9
903 17684 9
3676 44528 9
12799 41985 9
1853 6941 9
3336 3364 9
41004 42122 9
2498 8397 9
18647 45835 9
34322 46290 9
3010 8760 9
18792 26715 9
6151 46189 9
2218 29819 9
34325 36853 9
21047 48890 9
10275 45871 9
10077 46066 9
14473 24856 9
13672 14416 9
17162 42809 9
787 5108 9
1433 6064 9
15801 42103 9
31669 35885 9
36318 44052 9
12265 33181 9
13125 24475 9
8365 9794 9
8476 47217 9
6814 32081 9
22114 42377 9
295 5718 9
15152 23309 9
1863 3757 9
44970 48716 9
11269 11682 9
7751 42427 9
1665 6494 9
400 6449 9
23179 40106 9
30205 40153 9
10216 39011 9
2497 9596 9
9894 27980 9
38980 40094 9
28804 48170 9
30500 45033 9
28794 29929 9
400 791 9
39628 40829 9
27109 29051 9
15559 25205 9
14588 22235 9
2236 47770 9
3465 8146 9
15407 40874 9
15406 47171 9
38340 41005 9
2982 13907 9
8530 49871 9
33921 47229 9
939 27113 9
40403 47009 9
608 1128 9
6208 10171 9
10018 26820 9
38366 46683 9
3471 13068 9
22576 28957 9
27163 33954 9
15551 30789 9
8498 35475 9
33953 47774 9
3837 18839 9
5570 44797 9
1730 32860 9
125 3018 9
17525 40647 9
19264 32167 9
1395 33038 9
3469 37703 9
18538 21350 9
801 21941 9
25709 26615 9
19289 47162 9
1385 3811 9
10060 10749 9
2676 9962 9
25770 28852 9
216 8591 9
11457 44006 9
612 8831 9
6556 44471 9
38546 38717 9
18743 37025 9
5262 41257 9
24316 34257 9
1750 45297 9
17462 28798 9
10197 42420 9
18270 41958 9
13363 31513 9
18686 41395 9
369 11387 9
33905 36187 9
22082 35143 9
8535 36042 9
11853 18996 9
18960 24589 9
2595 27557 9
6669 32037 9
30597 32077 9
32753 36775 9
6 311 9
34101 49070 9
7949 11979 9
5047 37594 9
10007 13884 9
17474 41526 9
29361 30377 9
338 13908 9
12513 19553 9
9292 46145 9
2643 40150 9
29570 35228 9
4336 9676 9
45213 47564 9
1508 2713 9
25532 26514 9
25635 41123 9
11040 47037 9
2646 33523 9
1474 4762 9
29554 40525 9
8512 23919 9
18191 29382 9
8347 31595 9
13207 31202 9
1709 16236 9
253 20612 9
8033 12873 9
20699 46568 9
18708 28357 9
8028 16566 9
8981 29912 9
953 7095 9
1695 43764 9
20056 27581 9
1710 4055 9
6614 14992 9
175 1346 9
27139 35716 9
25603 48575 9
6604 46298 9
24368 35817 9
9577 33396 9
1134 27868 9
22715 34035 9
10036 39413 9
803 3504 9
6634 12893 9
946 25418 9
13294 41202 9
17913 20899 9
20050 37898 9
1133 20629 9
10199 44358 9
12536 16804 9
12750 23465 9
3917 18766 9
20411 37512 9
15536 24872 9
589 2346 9
43312 46339 9
42194 49744 9
42226 43669 9
21264 23330 9
12749 23644 9
4596 7541 9
20054 30425 9
39673 42940 9
2621 17587 9
25519 36050 9
3733 24004 9
31278 47762 9
33977 49609 9
1402 37827 9
16293 34467 9
12505 29513 9
43302 47675 9
18244 21788 9
5561 49887 9
44823 45055 9
24432 41300 9
35196 43652 9
459 22893 9
13457 30732 9
19791 39100 9
3534 35258 9
34198 47049 9
38690 40460 9
5668 31516 9
9354 11262 9
45345 49238 9
15286 17828 9
6523 6677 9
3396 44459 9
19892 43592 9
15660 47200 9
17334 18553 9
25317 33677 9
3404 24927 9
5658 12874 9
30588 32723 9
20422 35947 9
40760 48021 9
2571 2941 9
10529 11429 9
1146 42564 9
25359 43508 9
3747 11786 9
6705 40517 9
810 3739 9
21251 27204 9
1365 19855 9
19292 32563 9
16338 20140 9
31374 36687 9
20032 29574 9
11307 24589 9
4430 8015 9
13499 42491 9
15256 27281 9
22285 47690 9
15254 26760 9
19177 39806 9
8596 32474 9
9 141 9
36540 44230 9
43860 47115 9
23037 48798 9
9614 31256 9
13521 18206 9
6496 39277 9
33671 43498 9
9941 32811 9
4794 47649 9
40364 46207 9
10192 14999 9
3393 5546 9
122 1641 9
29737 45089 9
547 876 9
5144 8995 9
4226 34252 9
17309 38351 9
29217 46899 9
17305 42766 9
17298 35147 9
2716 17936 9
15681 39462 9
2551 46801 9
25284 38232 9
993 22393 9
11819 13047 9
9341 46637 9
11465 12412 9
21934 23314 9
5633 27627 9
3426 41021 9
7922 16631 9
4010 26275 9
6677 42089 9
618 22890 9
10197 11553 9
933 5694 9
7141 10186 9
15616 20421 9
13391 14901 9
29275 40266 9
17399 24281 9
31301 37293 9
9243 49384 9
31111 42705 9
976 7059 9
22850 37084 9
12764 18831 9
7187 8919 9
3437 35421 9
31285 36246 9
9339 11928 9
1754 4008 9
37032 38915 9
22559 30169 9
243 3997 9
17412 48233 9
9603 12042 9
29302 47383 9
2587 3094 9
1379 3429 9
29300 35980 9
1675 29477 9
24297 48712 9
4707 12802 9
24297 36156 9
10515 21342 9
1775 9847 9
13427 18153 9
3413 41751 9
15333 32065 9
1146 2740 9
37766 49203 9
11011 36754 9
258 2764 9
21979 24590 9
31346 35894 9
20133 45703 9
13431 23011 9
10195 21038 9
8961 45840 9
13400 33435 9
258 8155 9
24307 42964 9
170 17323 9
11063 13098 9
3422 20510 9
15620 31035 9
4487 23234 9
9941 27845 9
36720 45172 9
29249 39601 9
1771 18151 9
13417 41662 9
10511 33961 9
5644 21153 9
29 35130 9
10069 13104 9
11672 28167 9
22393 31764 9
38064 41450 9
24024 38924 9
3863 17668 9
20301 23194 9
42618 45510 9
14357 31480 9
6080 15401 9
5951 18297 9
6981 8203 9
11163 43588 9
27515 32646 9
16141 43082 9
6267 49312 9
14354 28815 9
3637 30133 9
19072 22412 9
6975 7907 9
24564 32229 9
8800 29388 9
23683 47285 9
39878 44937 9
12073 29041 9
12613 18830 9
24798 34966 9
6973 27325 9
4273 21227 9
19619 32904 9
6976 11336 9
6976 35035 9
3062 27819 9
1234 15690 9
14726 45518 9
3854 36242 9
30939 39369 9
16524 29269 9
3585 10157 9
12619 21772 9
21337 25248 9
10835 17310 9
206 2241 9
14122 42342 9
26666 47320 9
64 164 9
30098 43461 9
11160 13204 9
14731 45277 9
3861 17961 9
9675 34200 9
20851 22065 9
14848 42756 9
20299 35944 9
32265 48842 9
14350 22821 9
18036 25696 9
27940 41222 9
14093 14376 9
451 14106 9
30076 47794 9
8179 20425 9
24593 33081 9
12617 17722 9
24808 39231 9
9752 41962 9
14108 31561 9
42639 47333 9
24018 33891 9
46044 47518 9
91 519 9
7455 29667 9
3291 4217 9
16156 24486 9
30013 43574 9
26533 37638 9
44362 48116 9
10801 26624 9
4301 40899 9
2009 28842 9
6091 17906 9
34559 42928 9
14923 37860 9
23647 23766 9
4258 16845 9
2395 44658 9
14717 27795 9
8165 8176 9
2395 29553 9
30895 46793 9
16854 45759 9
2163 2707 9
21695 29952 9
7537 35400 9
4025 4248 9
5203 19182 9
32092 32215 9
7076 43795 9
3853 17154 9
1245 3648 9
10247 46995 9
10790 25267 9
1251 43967 9
11950 31305 9
11188 29062 9
5904 37867 9
3186 24946 9
7531 27762 9
33164 42926 9
14042 38971 9
1593 9226 9
4764 45588 9
450 43364 9
11956 34054 9
9477 48481 9
11764 46886 9
5360 13035 9
8791 10029 9
30037 43461 9
11653 49734 9
11178 41262 9
21596 26696 9
39909 44243 9
828 43597 9
12698 18736 9
1074 17642 9
35423 45117 9
5922 36268 9
5923 10102 9
14918 22086 9
562 19968 9
26561 43120 9
2393 4432 9
2020 2173 9
16821 20035 9
34743 43869 9
2020 28231 9
242 1969 9
6960 30037 9
2844 13125 9
21351 32970 9
14910 47071 9
6261 21158 9
1192 3542 9
10889 27426 9
4030 10078 9
21611 38146 9
4200 45618 9
14254 37179 9
23913 46570 9
17841 46730 9
45785 46693 9
11757 36447 9
27588 31491 9
40095 49808 9
10923 38625 9
1192 7336 9
7324 24261 9
1105 18550 9
27686 46461 9
6040 8075 9
19912 33135 9
3858 20754 9
12996 14766 9
10880 14988 9
20222 37531 9
4175 14354 9
7027 38562 9
3107 10426 9
2096 41799 9
6041 8199 9
4633 9423 9
30130 30722 9
499 1369 9
1598 42587 9
4162 22801 9
19022 37204 9
11119 25805 9
11732 38805 9
45848 48345 9
23949 25404 9
26844 39708 9
5441 34370 9
32401 44001 9
2127 36856 9
6053 9784 9
10906 13053 9
16125 28131 9
23948 25313 9
9038 37724 9
14311 36340 9
8867 16354 9
11119 39020 9
14306 33737 9
12684 38099 9
4531 16487 9
239 240 9
4293 9406 9
14266 15580 9
8873 32311 9
19018 31621 9
762 28332 9
17 275 9
33000 33573 9
41687 48280 9
32418 44126 9
16612 47614 9
1193 32988 9
7051 38528 9
758 30575 9
30777 42994 9
27657 27993 9
8432 19265 9
40082 41930 9
743 39356 9
16665 19783 9
33057 38245 9
2353 3400 9
11707 24250 9
38441 45973 9
5186 16481 9
4536 8562 9
30105 36995 9
22375 24055 9
20851 21275 9
26732 40107 9
20850 40143 9
45780 48129 9
557 7871 9
26876 30774 9
14184 20445 9
8184 14225 9
536 38452 9
19617 48311 9
14151 46313 9
43656 46156 9
24593 39630 9
27852 29812 9
7007 14863 9
16686 36207 9
45774 48558 9
22370 37228 9
9738 35429 9
5989 27240 9
3981 16804 9
3127 24194 9
27829 38964 9
3127 13560 9
3127 3641 9
14174 18986 9
41715 42339 9
10866 48742 9
8185 15039 9
748 14517 9
4265 21454 9
453 35817 9
18014 21109 9
23986 36493 9
19610 23994 9
23990 35592 9
27760 39388 9
20076 30530 9
21611 33762 9
16618 35289 9
7318 26971 9
264 8399 9
54 3467 9
6021 30415 9
23993 28027 9
14186 14706 9
4910 11046 9
32316 47624 9
12038 13850 9
832 5812 9
2881 9611 9
1091 12402 9
14326 16621 9
2842 33560 9
488 12029 9
17829 27126 9
8835 14128 9
24722 39171 9
11138 47787 9
4632 16075 9
1092 33845 9
98 532 9
5394 48778 9
9139 29328 9
2448 8923 9
40900 45358 9
2446 3613 9
11595 37772 9
1939 11488 9
30452 37042 9
13838 31164 9
12588 15671 9
15872 34297 9
1045 28432 9
4081 9132 9
18983 32059 9
4873 7445 9
12713 14655 9
15867 31493 9
3608 41115 9
13832 33624 9
3776 33712 9
13833 40529 9
11787 44269 9
25036 43746 9
18493 21299 9
15059 27186 9
26370 32871 9
19978 23266 9
7634 11849 9
15058 25636 9
23395 28133 9
19572 40264 9
19154 25433 9
15056 20598 9
6392 15521 9
4249 21823 9
28345 40440 9
21684 35249 9
33316 40440 9
14700 33395 9
15899 25041 9
16440 28499 9
695 28032 9
5840 22880 9
3236 35346 9
7090 8137 9
16441 49630 9
6116 22979 9
24109 47742 9
31961 41718 9
2808 35493 9
5215 47944 9
30437 43844 9
6896 38220 9
1172 1920 9
15031 33400 9
20837 38988 9
16997 46085 9
18489 37494 9
10726 11093 9
2178 4802 9
8922 14456 9
22319 26074 9
23433 28692 9
8131 19649 9
63 8387 9
5831 24689 9
3849 11242 9
38398 40381 9
678 4954 9
783 5288 9
3663 34965 9
36167 38892 9
34397 48486 9
7098 40745 9
26286 37243 9
25064 30031 9
3883 17851 9
22042 45139 9
7658 13144 9
316 9548 9
9152 27751 9
20608 32963 9
13091 20508 9
8694 11517 9
28549 40420 9
572 13237 9
16394 28580 9
1917 15953 9
31807 38411 9
784 5269 9
26258 49548 9
11252 29234 9
19805 22954 9
20341 35654 9
11567 45626 9
23311 30244 9
20610 49231 9
447 25876 9
18163 30573 9
8120 13301 9
23350 47673 9
1588 2729 9
549 46602 9
6865 10056 9
13827 45724 9
21372 37548 9
8705 12032 9
11914 15321 9
28480 43062 9
9145 18795 9
31873 40562 9
11914 29782 9
12196 17337 9
2936 19481 9
3776 4138 9
15062 28834 9
1048 8482 9
12580 14817 9
34430 44131 9
2937 8938 9
17047 42352 9
37136 43362 9
9643 48029 9
18364 41242 9
1035 33346 9
7096 34208 9
38707 42444 9
21079 48532 9
7651 9634 9
12208 37719 9
24151 38879 9
17052 49445 9
26467 42375 9
3788 27131 9
8758 49210 9
26465 45280 9
3565 40469 9
13040 14714 9
43548 49222 9
5878 25411 9
16908 25537 9
7570 8767 9
23566 26551 9
3711 4216 9
27446 27940 9
23571 36421 9
1986 2293 9
14710 45954 9
2166 33469 9
24937 38135 9
4073 47932 9
24953 34920 9
15945 28401 9
10752 30663 9
16943 20235 9
20109 48707 9
14993 37823 9
16924 38459 9
4176 43638 9
705 39579 9
1976 38289 9
12966 14262 9
23548 25407 9
2418 20649 9
32943 34882 9
35986 37766 9
18996 31733 9
20578 31575 9
7543 22240 9
6937 42546 9
4156 28265 9
2164 42018 9
24549 27690 9
7542 48483 9
8384 35461 9
13984 22487 9
12115 22082 9
20277 30850 9
20577 40183 9
12112 38027 9
22413 45566 9
18396 49821 9
5360 8008 9
26479 43370 9
17965 43778 9
14711 31343 9
20114 20210 9
3202 32223 9
5889 16742 9
14976 31290 9
9795 44430 9
16462 42119 9
23475 28938 9
23596 39855 9
38657 44521 9
28168 32241 9
21783 31582 9
5894 18126 9
32056 48243 9
35952 49794 9
8138 23201 9
7582 41200 9
2425 9846 9
3232 29819 9
29968 35224 9
6242 19154 9
16976 28200 9
1274 3851 9
5432 26387 9
11613 15251 9
5855 23827 9
36035 37760 9
1634 16984 9
390 35179 9
19139 19164 9
1054 7849 9
17756 45886 9
41174 46441 9
13060 33067 9
449 3010 9
12152 15748 9
1054 7616 9
8144 30366 9
18831 34526 9
16952 22049 9
24962 25843 9
18827 48889 9
13907 28823 9
875 7932 9
18176 46710 10
4182 22657 10
22189 33976 10
18121 23617 10
8036 10359 10
180 1919 10
188 397 10
17995 40351 10
38729 43193 10
22459 45238 10
12812 40932 10
13092 46852 10
30274 36142 10
3693 7386 10
246 634 10
20810 36401 10
245 34049 10
4179 45782 10
13034 46325 10
3610 13250 10
416 19347 10
19122 25579 10
4162 10320 10
17846 42637 10
17918 46527 10
4779 21202 10
5537 10043 10
1585 43498 10
8276 11902 10
17739 23593 10
40469 46323 10
1646 2877 10
30486 31318 10
5279 7417 10
1562 1889 10
12810 16475 10
8327 38736 10
1540 3682 10
1667 1736 10
17879 23821 10
1635 15483 10
22067 27767 10
29855 30384 10
42115 43257 10
30197 37432 10
3600 17391 10
3580 7617 10
12979 36501 10
30394 36305 10
22348 42162 10
1525 19562 10
22084 24111 10
58 294 10
8210 13820 10
30335 32342 10
22363 43395 10
8306 12056 10
8317 18552 10
4176 4808 10
177 474 10
22530 27276 10
4750 9906 10
17830 40032 10
30034 36135 10
8049 42384 10
30155 44902 10
30266 38839 10
58 2177 10
22493 42984 10
5385 7228 10
5482 8044 10
12966 12970 10
13131 43269 10
5454 27291 10
22573 33245 10
17753 17822 10
8259 32322 10
20835 45589 10
5517 14244 10
3693 17250 10
30381 35843 10
12888 40387 10
12910 48510 10
30462 49291 10
17820 28711 10
30140 44744 10
5320 18408 10
13039 13756 10
13118 40466 10
5474 12225 10
12833 25590 10
1595 45765 10
30362 40286 10
19302 32754 10
417 31557 10
3621 7245 10
8169 35269 10
8182 41453 10
5338 40251 10
12918 36116 10
13182 34295 10
3661 35309 10
22114 28838 10
12815 27494 10
5368 13624 10
22076 28874 10
29888 37641 10
20887 45501 10
8082 38932 10
8132 46874 10
3624 24932 10
1617 3724 10
4773 47180 10
4742 6788 10
1658 10268 10
24539 29833 10
2301 4197 10
7095 7586 10
16191 22485 10
26949 37756 10
2304 18966 10
16188 42933 10
3852 8201 10
6251 10317 10
6236 27326 10
16150 38299 10
21303 22150 10
2912 6181 10
7065 8595 10
26861 49899 10
6274 49838 10
18894 38299 10
2901 22964 10
26966 32765 10
26976 41184 10
14676 42998 10
7110 45196 10
107 737 10
7115 44154 10
5140 22701 10
2278 24733 10
27049 37670 10
262 39410 10
7126 43644 10
18931 28820 10
24439 39815 10
21282 34001 10
4954 48430 10
18868 19533 10
18847 26770 10
360 33467 10
6944 27414 10
24859 48205 10
5117 9110 10
6328 8577 10
21345 34064 10
139 433 10
14906 23705 10
16022 36343 10
6324 12017 10
14872 33384 10
16053 16544 10
14864 21423 10
2361 6593 10
16246 35431 10
14846 18465 10
24741 33704 10
2877 45069 10
14829 47315 10
3982 13799 10
21608 34879 10
2344 12182 10
2341 26217 10
18879 21343 10
24670 30270 10
2896 10065 10
2335 40629 10
43716 43751 10
7056 9786 10
14756 18969 10
14450 26881 10
3034 3534 10
6129 22872 10
6130 35234 10
4941 8292 10
40021 41595 10
39204 49778 10
24165 43911 10
2190 2808 10
6124 45058 10
14457 43191 10
14458 25897 10
7230 9924 10
2196 24350 10
3017 39242 10
39995 49121 10
3010 32990 10
5153 24904 10
16434 30534 10
2176 2528 10
3044 37549 10
14396 39765 10
3046 9371 10
27430 40314 10
3046 12280 10
6106 49130 10
44022 44216 10
2167 35993 10
44024 48060 10
194 10898 10
16484 33379 10
21700 35449 10
264 1363 10
7187 22032 10
7139 24560 10
2960 19978 10
4005 7720 10
27110 33578 10
7151 32380 10
27120 27195 10
6195 10662 10
16278 19430 10
6193 16413 10
14563 23120 10
2250 13645 10
2978 6187 10
14552 15485 10
21658 29910 10
6177 20702 10
15977 20497 10
24299 34855 10
14524 26289 10
14522 38627 10
14510 32123 10
18969 42308 10
6164 21476 10
4945 5362 10
27238 48526 10
6162 8056 10
18974 38781 10
7209 10755 10
101 2381 10
39976 46614 10
7216 24763 10
24258 36783 10
3937 9593 10
15238 43971 10
25264 30403 10
21521 32066 10
2723 8000 10
2547 28587 10
21429 42912 10
6726 35828 10
25885 47387 10
6757 20365 10
15643 19383 10
15304 38990 10
2566 8094 10
2705 25098 10
2568 13106 10
15317 16876 10
5080 8436 10
21506 29948 10
25245 33711 10
15728 16751 10
39538 46492 10
2733 25265 10
15232 18646 10
25997 48618 10
25225 33215 10
15218 17864 10
25207 47971 10
26073 37297 10
15173 33525 10
15777 47522 10
15782 47589 10
6798 19337 10
21400 45905 10
25468 33794 10
2635 14763 10
25605 49593 10
5070 47447 10
2628 34559 10
6591 25353 10
21481 30885 10
2650 46250 10
2623 3584 10
15522 44515 10
18698 42782 10
3925 11575 10
25666 42710 10
25498 40473 10
2611 13845 10
21464 34978 10
21400 25955 10
15418 18083 10
25721 28049 10
125 673 10
25760 34871 10
25770 34921 10
15363 39368 10
15587 19071 10
25434 27669 10
2686 32802 10
15350 43196 10
3934 44408 10
6698 18787 10
39600 41712 10
2697 7258 10
43357 44895 10
2795 32702 10
2802 33553 10
6890 18933 10
26373 36556 10
6889 12718 10
15880 41468 10
25018 47574 10
15041 23329 10
6886 24788 10
26403 29397 10
2445 44279 10
5103 5151 10
2449 33854 10
6869 47677 10
18809 19817 10
21379 24814 10
25042 49779 10
6863 32281 10
26410 38167 10
5106 24448 10
3965 17078 10
136 906 10
15004 24732 10
6378 37048 10
15947 38635 10
2818 19648 10
26435 39884 10
14978 29874 10
15954 20895 10
2415 38428 10
2414 5523 10
15965 29668 10
6937 24967 10
6825 43977 10
26128 35394 10
25140 42745 10
2757 11209 10
2496 39091 10
15149 26577 10
15147 34479 10
6445 11457 10
2494 35736 10
2760 34542 10
26162 39598 10
15143 31221 10
5016 32754 10
2490 5875 10
2763 8217 10
2765 39322 10
24050 34858 10
25096 27936 10
26221 33940 10
2475 42302 10
355 4300 10
2472 42115 10
26266 31252 10
26275 44379 10
6850 27234 10
15836 31606 10
15098 18112 10
2782 6975 10
6424 27693 10
21387 26653 10
6423 32646 10
134 22245 10
7738 14127 10
7767 9827 10
28892 32002 10
44598 49311 10
21031 28142 10
3328 31190 10
13651 38602 10
13660 36037 10
1870 16164 10
7767 35706 10
28770 46677 10
41910 49431 10
5755 9710 10
7733 25903 10
13685 37608 10
23202 48015 10
17150 37371 10
13693 40289 10
17204 44551 10
17206 17690 10
13621 13981 10
3343 11235 10
5723 13457 10
4834 49321 10
40325 44733 10
19224 45887 10
19225 35188 10
28995 29383 10
23102 49637 10
1825 14672 10
5715 30291 10
29020 36308 10
29044 40838 10
17101 31618 10
28494 45877 10
3277 49419 10
7655 35900 10
4865 29422 10
13779 19166 10
23331 40461 10
23329 26170 10
13768 16402 10
21840 49556 10
13767 25477 10
1909 43280 10
23299 39060 10
1903 40697 10
1902 17297 10
21848 27221 10
3361 22602 10
1902 9468 10
28628 47217 10
23268 37922 10
17103 24437 10
7695 41601 10
1895 2395 10
5771 20193 10
28674 41915 10
41664 47134 10
1889 11903 10
1888 4417 10
1886 32360 10
13716 43142 10
13710 27251 10
5762 7779 10
13323 46299 10
7984 11678 10
29449 30987 10
17540 26585 10
3477 11258 10
7982 18407 10
1729 36282 10
17520 24307 10
29408 35491 10
7988 48164 10
17474 32673 10
3452 8206 10
20973 39716 10
3739 38055 10
1751 28045 10
22867 33285 10
1754 30709 10
7930 22832 10
40441 40870 10
1725 5268 10
13275 49532 10
4134 4573 10
13262 31070 10
3496 4572 10
13251 16180 10
3498 5292 10
283 6890 10
1702 3981 10
13242 23343 10
13238 16938 10
29610 37197 10
20934 24355 10
19285 26780 10
13455 43063 10
13545 18137 10
4826 8489 10
23056 32628 10
17269 31135 10
42344 48866 10
13515 18176 10
23028 27854 10
13494 29672 10
19241 44364 10
5672 24218 10
22975 27549 10
5669 10658 10
1794 5046 10
7872 40916 10
3402 33735 10
28484 39367 10
1787 2735 10
3405 38293 10
289 4782 10
5657 25686 10
29234 32869 10
21931 26052 10
22929 24662 10
13429 15606 10
17372 33401 10
17375 24262 10
75 451 10
13412 14138 10
7913 11563 10
7916 17611 10
29298 40135 10
5997 42017 10
3144 24827 10
16719 21853 10
5975 17334 10
3137 15100 10
16698 25882 10
3132 32605 10
14171 18543 10
5993 6747 10
7453 43635 10
27803 36421 10
3121 27449 10
5185 34335 10
2080 2098 10
27794 48945 10
16643 38298 10
3804 33735 10
23859 27897 10
23768 44561 10
27913 43933 10
3146 49252 10
16755 27235 10
4053 37259 10
16757 20438 10
40135 45851 10
3153 6241 10
40729 41571 10
18419 42815 10
14066 38123 10
5946 22913 10
5943 38446 10
7481 17321 10
42598 43966 10
2117 46487 10
3060 4467 10
2153 31932 10
2152 6838 10
7295 44215 10
3068 30215 10
7305 45804 10
24009 44846 10
27555 37180 10
2133 29706 10
27571 41157 10
2132 9184 10
2130 5996 10
4925 6427 10
16552 31530 10
6052 18220 10
2029 2766 10
7357 8034 10
16577 47708 10
6039 38607 10
2104 5578 10
2103 17354 10
381 7975 10
18445 21833 10
21192 33301 10
27734 30058 10
23888 23906 10
4040 8553 10
19032 31636 10
14203 40061 10
21183 24138 10
19038 27122 10
7622 13302 10
3225 8732 10
13917 18130 10
23503 28492 10
23500 24247 10
28311 41920 10
40716 44458 10
13910 32618 10
16979 20870 10
23464 34719 10
5842 24738 10
21090 22722 10
19146 48515 10
28369 30466 10
1947 18339 10
13863 26336 10
23511 26161 10
13853 29356 10
5215 18991 10
19149 49910 10
5825 42645 10
28434 33035 10
3260 11159 10
28444 45339 10
7635 44479 10
21087 23452 10
23367 34393 10
21086 48574 10
17039 34795 10
7640 33580 10
5811 15567 10
3277 18864 10
7533 41404 10
7491 27014 10
14050 15848 10
306 47153 10
28046 34023 10
3174 4587 10
3175 8931 10
5928 6594 10
14033 31457 10
18407 28730 10
23652 46625 10
2014 31757 10
21776 26252 10
3183 19041 10
19093 27114 10
44375 45171 10
3506 6177 10
23611 32143 10
303 23353 10
13988 38345 10
251 15175 10
13968 16462 10
19105 44240 10
19111 29875 10
23549 44708 10
28210 44232 10
4071 29809 10
28220 32044 10
7571 49399 10
28241 40256 10
28268 35887 10
13929 29470 10
12224 21444 10
37381 37626 10
9072 9789 10
9413 23704 10
4390 5358 10
19615 24630 10
35648 37348 10
8617 48786 10
4604 49196 10
10283 34254 10
10053 31736 10
9001 48660 10
9257 10316 10
11160 32684 10
34212 40050 10
12647 17850 10
1470 1532 10
19753 25877 10
9001 23620 10
9720 41839 10
9194 45992 10
31186 33461 10
11255 17551 10
32064 32333 10
4216 30036 10
34376 37161 10
9260 20255 10
36981 44255 10
8513 28307 10
1083 43309 10
971 13156 10
11108 39687 10
11707 19579 10
19821 45275 10
32393 46789 10
36012 41105 10
973 7782 10
1463 1708 10
32896 34211 10
41172 47171 10
8584 45846 10
19591 36672 10
20 159 10
11317 18811 10
11317 33240 10
4541 47702 10
921 1785 10
1412 12741 10
41487 46517 10
36537 41503 10
1251 38644 10
34903 40905 10
1412 8752 10
636 12446 10
4389 6187 10
11701 39627 10
12109 45160 10
31166 43899 10
11981 48641 10
33127 47560 10
11119 31952 10
1365 34570 10
33115 35450 10
19622 20559 10
31642 40592 10
9270 49170 10
599 21280 10
4612 15392 10
12283 37817 10
19500 23280 10
12677 20923 10
1079 6162 10
4535 29540 10
691 4025 10
963 36667 10
38097 39704 10
9940 30594 10
786 11984 10
31563 37050 10
1170 1778 10
1483 17322 10
1169 7857 10
36870 48083 10
19708 28440 10
689 29377 10
11238 21511 10
1136 29652 10
8529 24075 10
8746 48476 10
12659 16168 10
8513 41828 10
37939 48281 10
37806 44016 10
10607 21747 10
1184 10036 10
11195 26986 10
621 1637 10
9617 48858 10
10892 17084 10
34594 45737 10
37772 48999 10
10603 37030 10
36512 43231 10
33609 48753 10
20308 24368 10
4454 28018 10
11814 49783 10
19557 40696 10
10039 11783 10
4530 33546 10
11192 45290 10
12664 40186 10
9145 19315 10
10727 41142 10
20539 31549 10
9423 22869 10
32508 41179 10
10984 48564 10
559 1123 10
37222 49193 10
19607 25430 10
33283 36219 10
9899 23268 10
9565 13418 10
32200 41420 10
41374 44928 10
8801 27216 10
9545 15055 10
1215 15310 10
4549 15683 10
49030 49978 10
20421 47602 10
4660 29599 10
38117 40364 10
37100 45097 10
10826 26503 10
8 38674 10
12035 18238 10
11765 19997 10
4315 4397 10
19881 39934 10
37818 48509 10
19466 34337 10
34276 41753 10
8459 18381 10
711 720 10
35069 49968 10
10542 11281 10
12247 20311 10
1102 35220 10
9966 49111 10
9221 40909 10
10634 18055 10
11072 20204 10
815 44410 10
32260 38239 10
10084 14756 10
34979 46020 10
19797 19895 10
906 2401 10
31466 41347 10
8472 19960 10
36660 41446 10
37263 43160 10
33003 37268 10
11069 25612 10
11491 32564 10
12581 42492 10
8826 23292 10
9960 19307 10
1030 23170 10
10821 16068 10
12042 32372 10
10393 31637 10
9789 22283 10
510 2610 10
20203 27133 10
9013 14076 10
33045 36959 10
45456 45710 10
34934 47185 10
9803 17105 10
707 10783 10
4642 38807 10
4729 24118 10
33289 44318 10
9588 42573 10
32908 40208 10
8442 25846 10
1116 8092 10
34 1246 10
10844 23051 10
12017 37674 10
34923 42020 10
33051 44936 10
10648 25856 10
10306 10317 10
9738 41423 10
10304 43853 10
4349 7682 10
31139 37640 10
1345 5556 10
8612 20332 10
4409 39596 10
1052 20982 10
1247 15486 10
1422 5012 10
34939 43737 10
732 15374 10
12603 39557 10
19885 22096 10
19449 20297 10
19964 23471 10
20265 30180 10
31094 37271 10
10074 24366 10
1210 3057 10
8662 39189 10
4726 45897 10
9753 11886 10
31491 43040 10
667 3600 10
10318 33895 10
37278 39266 10
4727 37669 10
32346 42716 10
46246 49623 10
12366 35443 10
31115 39542 10
34256 45755 10
9955 15256 10
8451 13353 10
15 518 10
35755 40749 10
46031 46991 10
9936 16267 10
34540 43365 10
20107 43229 10
32683 44815 10
37975 49141 10
20175 43573 10
617 23283 10
9173 48794 10
8380 27867 10
1487 2341 10
8695 38408 10
10224 40334 10
20088 23027 10
11336 17072 10
6 27450 10
9182 24454 10
11219 18551 10
8544 47840 10
8567 26259 10
1376 22064 10
32753 39923 10
31969 48870 10
9088 23850 10
34129 38844 10
9309 17345 10
4394 30300 10
952 11852 10
35424 38589 10
11594 21730 10
12718 40614 10
9860 34287 10
31892 39492 10
20102 27891 10
1163 6610 10
641 1447 10
4609 22522 10
12718 45989 10
9510 29687 10
946 49030 10
1013 34675 10
10225 39627 10
36142 40826 10
20676 22917 10
10932 29737 10
4486 5909 10
1368 3975 10
10225 14503 10
1046 26032 10
32635 41733 10
10669 34129 10
37740 48562 10
19626 46686 10
31628 35075 10
4395 10011 10
20391 30674 10
879 25640 10
1141 20153 10
11558 32423 10
1146 9011 10
837 11884 10
32642 41976 10
12742 17635 10
10207 23215 10
45922 46097 10
879 1489 10
10722 14483 10
10202 21164 10
12748 17093 10
771 11890 10
1070 8651 10
11847 28715 10
30676 47368 10
20182 20260 10
10724 14659 10
20293 45224 10
37568 41950 10
776 46581 10
32657 33012 10
8350 18835 10
11636 46197 10
1379 3608 10
38356 46883 10
9436 29478 10
10458 31552 10
19416 40301 10
11365 32628 10
4678 7604 10
433 909 10
866 2449 10
8930 20508 10
11187 30408 10
11912 32378 10
32664 48876 10
1275 33971 10
1505 28621 10
9324 48588 10
1017 5172 10
20764 49558 10
11356 29547 10
37642 40904 10
34041 40051 10
36463 37706 10
1161 41569 10
19815 27511 10
4738 10280 10
836 1033 10
1165 4790 10
37639 38510 10
37748 39642 10
10777 46725 11
9973 32513 11
581 37547 11
23558 43318 11
11266 35926 11
23560 35772 11
8056 16179 11
4893 13404 11
29723 31574 11
1934 26159 11
8795 15581 11
4295 18044 11
2759 5813 11
41178 47211 11
25138 40559 11
10680 27233 11
26562 49339 11
5125 17508 11
16047 43396 11
7 20037 11
29716 39609 11
7495 18980 11
33040 37018 11
7924 25942 11
18558 41743 11
4366 41085 11
1901 7611 11
14033 26849 11
584 2967 11
4258 31147 11
17655 34323 11
2867 37967 11
3982 6883 11
4123 9701 11
8717 45971 11
1027 42238 11
19596 36016 11
585 14075 11
38227 49013 11
8048 8328 11
217 26585 11
19719 41541 11
4321 14693 11
14031 34605 11
26733 28530 11
4479 4509 11
23336 35016 11
38575 49832 11
13845 31530 11
2539 8927 11
4516 15144 11
14819 49585 11
14820 48087 11
9406 21506 11
7633 23881 11
30 802 11
4375 17199 11
29270 44384 11
32142 42200 11
19291 25219 11
43070 48514 11
38456 41579 11
7915 13179 11
36800 37392 11
13400 20794 11
18281 33053 11
37066 47458 11
7921 15239 11
1778 8029 11
40844 43157 11
16914 18154 11
3313 16269 11
4708 14660 11
5030 5037 11
15883 42685 11
8098 14838 11
23620 28832 11
162 9360 11
31 385 11
17151 36863 11
3547 33281 11
9508 46616 11
7 33 11
5139 15970 11
1431 35587 11
7041 13766 11
9392 41218 11
662 3072 11
2938 42976 11
15143 27346 11
3893 22652 11
4209 43194 11
1661 1791 11
20884 43278 11
32222 38005 11
9171 49474 11
18226 27366 11
5617 15821 11
6728 45628 11
14086 43406 11
625 29415 11
34309 48285 11
1930 24069 11
5018 11184 11
15280 18207 11
35949 46169 11
9791 31903 11
7643 45316 11
2055 24179 11
33143 37792 11
20884 26114 11
26831 42288 11
2880 23845 11
13421 49936 11
4664 8280 11
9221 23234 11
67 320 11
816 42399 11
37128 44716 11
10083 48906 11
1102 1997 11
27900 41121 11
232 4469 11
16831 49847 11
12572 40555 11
20035 24597 11
29830 48281 11
14111 45611 11
8101 24344 11
9777 12788 11
6920 23253 11
12203 43257 11
10807 21978 11
38027 44753 11
989 36291 11
6727 39024 11
1315 2736 11
20061 30434 11
23197 23813 11
23200 31614 11
14059 23361 11
35957 42436 11
37645 42702 11
14061 30814 11
29259 29922 11
10397 22465 11
15139 19325 11
12075 39128 11
35962 45495 11
25931 27119 11
18394 39278 11
16895 35195 11
33502 45983 11
15137 43153 11
12405 15325 11
17456 44541 11
22937 24525 11
4213 11255 11
41755 46604 11
2495 26838 11
7024 8437 11
37086 42277 11
84 19416 11
35965 39405 11
20598 34615 11
20658 42730 11
17680 21459 11
17459 38017 11
613 25041 11
7637 20297 11
2755 36392 11
24718 38968 11
1768 19800 11
3318 4578 11
4408 25722 11
22844 23845 11
3878 8655 11
15772 34062 11
5761 41921 11
2040 30295 11
17447 19019 11
34321 40651 11
25160 43907 11
11731 49606 11
12202 43084 11
5611 13754 11
27969 36222 11
15778 28784 11
5763 25519 11
6958 37263 11
1932 14666 11
2034 2113 11
6 39517 11
2549 30969 11
5609 46110 11
29757 45958 11
31308 35852 11
31307 41913 11
15262 31188 11
4212 49311 11
3863 31962 11
5657 34709 11
18229 28486 11
9103 16863 11
7572 10180 11
11564 44290 11
31783 48482 11
2908 31042 11
39077 43080 11
17576 36730 11
16986 41124 11
14960 39411 11
889 23338 11
838 1048 11
17574 29518 11
4676 18262 11
28228 43635 11
5642 22186 11
1263 12164 11
598 45984 11
8760 45388 11
18789 29676 11
2812 49565 11
1919 3583 11
4807 25033 11
5097 14629 11
25061 27030 11
3484 8371 11
21342 37370 11
18256 46874 11
8684 21372 11
23445 38313 11
39518 49904 11
10726 15736 11
13300 30445 11
1726 3748 11
6271 7464 11
1258 6439 11
1792 1975 11
1988 10152 11
3775 41424 11
21359 21485 11
22672 23630 11
5779 17645 11
17032 40234 11
5643 32585 11
16135 28116 11
12166 35515 11
12128 42865 11
13281 45879 11
8515 23129 11
40887 43424 11
22698 36356 11
17031 46518 11
15874 41361 11
24740 35354 11
22684 44023 11
12164 16645 11
31206 48546 11
4380 4519 11
15922 20165 11
1790 4897 11
16985 32856 11
5555 9972 11
1745 15089 11
17382 49097 11
16107 20822 11
40714 47956 11
13920 30937 11
7879 13255 11
31256 37790 11
28288 34254 11
36882 44267 11
13919 26394 11
13312 25953 11
11536 30561 11
22744 42222 11
4481 48583 11
7674 8114 11
51 338 11
5100 48761 11
15856 49207 11
36727 46055 11
18628 25670 11
12149 39986 11
13913 33763 11
17018 33200 11
16110 18687 11
31807 39366 11
22904 48940 11
49 231 11
4812 25630 11
6977 25983 11
15173 26974 11
10022 28044 11
45717 49481 11
14886 17041 11
39412 47939 11
36086 36401 11
7882 36620 11
23386 37674 11
15847 18990 11
4376 16150 11
18373 18866 11
1788 48586 11
13931 24676 11
34746 38317 11
21093 26429 11
26632 35891 11
24615 41917 11
22749 36199 11
22909 40797 11
2481 36071 11
10656 13338 11
5212 13782 11
1009 42682 11
34421 42985 11
1915 30647 11
1973 39642 11
23431 49740 11
6979 28755 11
5270 41864 11
513 11976 11
10718 41985 11
17543 40422 11
1301 3784 11
36235 42167 11
23272 41057 11
24626 28615 11
31163 36896 11
19092 48809 11
286 1394 11
6934 8466 11
31157 37181 11
19282 21837 11
112 1000 11
2355 28797 11
6936 10671 11
10414 44647 11
11220 11978 11
9200 15099 11
7690 30524 11
21832 49324 11
9199 11939 11
3279 3396 11
12187 32958 11
4118 10980 11
4135 27406 11
44871 49485 11
7690 27122 11
31164 44784 11
25104 44517 11
12214 47910 11
6382 7428 11
8020 14398 11
2916 13125 11
6438 7198 11
6763 29980 11
17098 38323 11
1307 39540 11
1903 8740 11
69 18307 11
6260 46797 11
484 44151 11
69 35214 11
40966 41194 11
4249 9775 11
29639 45171 11
1088 24462 11
23545 26043 11
4137 14593 11
2534 31680 11
16080 20642 11
33054 46063 11
3214 20946 11
13220 15059 11
3224 4301 11
5264 33829 11
3973 7223 11
1778 31441 11
13850 17394 11
38858 46502 11
1692 19780 11
1692 44328 11
6836 21968 11
21079 43006 11
23235 35798 11
14015 19661 11
22584 34940 11
28126 46501 11
4514 46628 11
42526 49059 11
6391 30975 11
609 761 11
1748 45213 11
3461 16869 11
20484 36051 11
13433 37521 11
13980 40590 11
20191 36129 11
10512 20576 11
17041 30551 11
1282 5213 11
5216 31339 11
31188 40162 11
26593 38721 11
594 3158 11
3945 20032 11
26680 49350 11
5127 43499 11
5771 18429 11
9419 31183 11
18378 41940 11
33468 49062 11
667 17712 11
6774 6958 11
2502 12635 11
22657 42535 11
6265 11482 11
13876 20078 11
13275 21739 11
20663 30909 11
22625 34765 11
23246 36525 11
298 46645 11
6765 7645 11
19508 20639 11
1908 5110 11
32089 41043 11
20994 44760 11
8773 43587 11
11628 41525 11
1410 4727 11
44864 46204 11
31173 31916 11
13250 21737 11
5029 10854 11
4364 25082 11
41837 48830 11
26689 45291 11
413 4738 11
5217 26742 11
20940 27206 11
19682 37690 11
3229 5929 11
17479 49505 11
26016 29365 11
9073 36119 11
17045 27100 11
8512 24849 11
39887 49233 11
10739 20472 11
29538 40209 11
6047 9157 11
20515 25171 11
2611 3708 11
426 704 11
5004 15983 11
9624 29289 11
21722 40803 11
16559 25457 11
19791 48387 11
19792 31084 11
11954 37583 11
6049 42362 11
11429 38821 11
4930 48596 11
4587 5612 11
20516 20756 11
17988 36340 11
2609 5027 11
22235 38771 11
11962 40527 11
5250 48069 11
15650 45910 11
2608 2975 11
39184 44224 11
2432 47109 11
7295 41406 11
20818 41120 11
1572 9428 11
32474 36499 11
7293 27703 11
27488 43021 11
20076 24192 11
40028 47162 11
16015 24680 11
27436 45627 11
24232 28841 11
11366 40390 11
6340 7923 11
3681 47863 11
18123 20700 11
38130 46312 11
11938 40648 11
9922 41577 11
18124 38939 11
4461 9828 11
3086 30984 11
14605 48615 11
7272 31791 11
41949 44742 11
3013 8220 11
4651 24426 11
2436 37051 11
32488 45930 11
19533 49249 11
27460 34656 11
7281 10614 11
8407 14229 11
18513 49807 11
11947 19683 11
2847 24224 11
30546 32985 11
3642 9696 11
105 4277 11
31590 43464 11
25530 42027 11
20112 35316 11
30319 33568 11
5238 12544 11
27547 46137 11
8877 27944 11
2665 13626 11
317 31573 11
27556 33433 11
12650 23627 11
6905 18422 11
15408 21017 11
3626 28383 11
4167 45372 11
1582 32286 11
4563 9995 11
34615 41217 11
9612 48560 11
35204 36003 11
8238 26112 11
25322 40903 11
5411 7177 11
19409 31098 11
16329 36495 11
12953 15771 11
32429 46840 11
6009 11531 11
5707 5815 11
21214 33051 11
4198 31299 11
11435 33397 11
5736 12147 11
23146 37155 11
3684 9927 11
19616 45332 11
1122 3699 11
12945 43598 11
372 17294 11
1127 4341 11
2143 15475 11
26832 38094 11
12658 24306 11
4832 9292 11
32464 41595 11
21028 30607 11
3105 12154 11
36522 47856 11
268 9030 11
1127 5163 11
8247 14341 11
11195 41058 11
245 29776 11
9261 11343 11
5082 5404 11
14487 46879 11
1559 4713 11
1471 3115 11
23893 37160 11
1324 5790 11
17957 33161 11
15418 37132 11
2279 9711 11
9000 16716 11
12269 49900 11
15656 18527 11
4286 23138 11
1052 2754 11
27043 29792 11
9000 18841 11
27040 31634 11
25525 41516 11
3670 47386 11
1330 2758 11
2251 4171 11
16505 35479 11
18712 48820 11
2193 3684 11
2193 11627 11
937 9689 11
32604 35894 11
27 440 11
1337 22608 11
34028 37315 11
16403 39163 11
38356 42862 11
7168 9328 11
30443 32481 11
28850 32810 11
33332 43879 11
12854 33276 11
11911 20289 11
24019 36233 11
28949 37025 11
14564 25119 11
37557 40413 11
7237 24787 11
12709 46479 11
937 39459 11
25438 29176 11
30429 43223 11
28846 30174 11
24019 41083 11
8975 47931 11
3667 33191 11
7234 39446 11
18115 28565 11
42356 43828 11
3059 48713 11
22110 45444 11
15994 31271 11
41003 41114 11
23062 28942 11
31578 42016 11
24144 34247 11
6564 7116 11
27176 27955 11
38144 46560 11
25548 36490 11
8364 48888 11
12290 13218 11
6567 49780 11
18 43637 11
5169 20358 11
15043 41060 11
20756 49450 11
14539 49748 11
20526 46839 11
7171 35446 11
12718 45074 11
9 3459 11
769 3345 11
8373 24604 11
20380 42095 11
18500 39307 11
16409 36689 11
15577 19867 11
27322 38977 11
13597 42524 11
2179 2463 11
9143 20873 11
535 49361 11
647 18410 11
27399 30624 11
15985 24188 11
14584 44866 11
14531 46021 11
35263 45243 11
12888 17446 11
36 12612 11
10169 17147 11
11413 13032 11
21676 41633 11
5306 8875 11
7784 16221 11
27121 33191 11
23985 32739 11
11933 21335 11
27418 44651 11
2696 37188 11
2439 45500 11
25463 33439 11
8626 25626 11
40067 40621 11
14404 33879 11
24190 41606 11
3054 36297 11
2175 25829 11
24877 41797 11
12684 21483 11
23119 24952 11
8920 30328 11
12785 48334 11
16487 31204 11
19204 20390 11
15039 16245 11
34140 48480 11
3071 48736 11
2185 26551 11
766 25615 11
4102 40951 11
6551 16320 11
38345 49300 11
864 11748 11
12862 23664 11
35449 42096 11
32587 42444 11
766 34385 11
46194 49495 11
4194 12167 11
8328 39878 11
129 29754 11
18163 41290 11
25633 38156 11
45582 45612 11
12871 16026 11
4653 9322 11
3361 27091 11
43199 46363 11
3911 46491 11
21694 41047 11
16521 21396 11
12875 17039 11
45890 46023 11
2210 5731 11
263 25731 11
4281 32260 11
3715 18840 11
2730 36184 11
7406 18158 11
13064 17416 11
16244 19506 11
18538 47567 11
558 12030 11
31486 48973 11
15726 48629 11
4914 29233 11
1110 6708 11
5461 8810 11
30642 31466 11
1816 47309 11
8463 36922 11
5161 41701 11
44220 49486 11
12746 31324 11
25502 48561 11
24108 29485 11
32956 41103 11
6112 29241 11
16779 19260 11
37637 40518 11
811 36490 11
8633 31008 11
10943 24851 11
44537 45512 11
38439 41518 11
774 24413 11
8958 42486 11
2081 3783 11
2953 49223 11
26428 37315 11
22085 23793 11
6205 39502 11
22378 27278 11
4562 34256 11
6578 8629 11
37266 46792 11
34653 48187 11
8163 24946 11
18214 43415 11
15542 38842 11
6492 12849 11
11769 15976 11
23175 29191 11
11469 26639 11
1819 12150 11
21643 29822 11
10333 11645 11
25255 41713 11
25821 31054 11
13616 35070 11
9154 32581 11
35092 45669 11
17324 38918 11
32699 33802 11
13536 39677 11
43338 48681 11
6692 44536 11
15095 23789 11
4207 9013 11
35787 46924 11
15957 36441 11
37263 40042 11
3824 7233 11
40803 44450 11
29105 47420 11
22432 36961 11
21168 22279 11
37645 42273 11
44972 47592 11
224 22702 11
15738 38003 11
5751 23884 11
29874 35607 11
18760 37844 11
15103 27565 11
1055 48026 11
4228 36536 11
29878 42151 11
2322 2637 11
32278 45959 11
3175 7385 11
35885 47890 11
2563 10050 11
14140 41568 11
26855 30019 11
19455 28234 11
9656 41204 11
12344 40889 11
2860 35625 11
35887 37305 11
18583 41521 11
14742 28435 11
20520 27804 11
7705 44566 11
660 41461 11
22982 37963 11
23185 29511 11
41544 44808 11
1511 10168 11
16234 23951 11
35823 36028 11
39335 49490 11
20494 31765 11
6482 33999 11
43734 43783 11
35047 39313 11
19454 36278 11
78 3552 11
11294 16573 11
33343 46557 11
5670 46061 11
4187 16152 11
35162 40989 11
3395 4091 11
20006 21853 11
9767 26214 11
9934 9993 11
464 4489 11
18658 40190 11
4049 8211 11
4588 44873 11
21309 25309 11
7428 33352 11
2565 19977 11
6368 39743 11
10102 48086 11
32967 46482 11
21311 43662 11
32737 42088 11
32897 38216 11
13553 26954 11
10853 36134 11
5005 37135 11
772 6594 11
20736 27057 11
32397 36951 11
12984 45257 11
4765 45969 11
11453 13488 11
6124 19001 11
18914 23754 11
10559 12507 11
2215 10557 11
23826 47947 11
9253 14382 11
7342 39600 11
1598 46848 11
15692 34047 11
45833 48439 11
12986 22564 11
8332 11413 11
1824 10238 11
15086 15275 11
28909 29979 11
20847 42700 11
1199 12917 11
4035 35226 11
974 40752 11
8855 22677 11
4945 5064 11
2113 18176 11
16630 29946 11
18730 42954 11
6572 47587 11
3999 5881 11
6003 39178 11
30657 44880 11
1343 25255 11
1466 37069 11
5416 36571 11
1120 3972 11
39811 46817 11
19228 33122 11
22035 35153 11
4843 5034 11
10612 17874 11
2129 13897 11
23844 48531 11
4641 30670 11
45981 48198 11
547 7344 11
3997 37267 11
3616 44025 11
4657 12429 11
5116 15915 11
8430 24730 11
8212 38374 11
34049 39597 11
8869 21217 11
41043 47165 11
25747 43384 11
14300 29583 11
26978 34618 11
17199 35582 11
2100 28080 11
7727 44169 11
10838 13550 11
12616 32800 11
11052 46362 11
17848 47558 11
20030 48431 11
25794 26007 11
33845 36158 11
37300 42337 11
30937 40255 11
27736 32166 11
4113 7654 11
42835 46006 11
14524 48974 11
978 20330 11
1114 1470 11
24124 47103 11
32350 36675 11
20557 29284 11
3962 27404 11
15359 18751 11
19193 28030 11
13693 40848 11
31492 43650 11
20655 35379 11
29054 34338 11
2309 2462 11
2966 3128 11
10831 47119 11
8173 28440 11
13017 39075 11
3132 3179 11
46874 48066 11
15698 23307 11
2111 10244 11
32379 42923 11
19444 31928 11
37324 49269 11
22319 27271 11
27675 32391 11
2095 5421 11
17866 28180 11
7202 42834 11
5987 37385 11
21053 42867 11
2963 46526 11
27704 29426 11
30952 48454 11
17861 29947 11
22329 41294 11
18291 49073 11
4268 19036 11
17855 29875 11
21296 44460 11
21583 42187 11
17253 24562 11
41789 42033 11
13003 14310 11
11305 26491 11
15351 17055 11
17174 34717 11
40988 42973 12
24858 42123 12
15020 35105 12
10584 11441 12
672 5491 12
24859 29977 12
23293 33069 12
208 21959 12
16057 23675 12
251 769 12
33335 41227 12
21079 46398 12
1925 25384 12
1045 35777 12
2445 31322 12
34750 45508 12
7766 11479 12
17140 23399 12
9882 31499 12
28720 47777 12
13710 19797 12
13709 18152 12
26429 42847 12
446 5050 12
33 2333 12
2865 32803 12
3330 6012 12
16049 32420 12
11163 14315 12
20171 25062 12
657 30915 12
9126 40257 12
6910 17768 12
21871 45115 12
21359 29665 12
15013 35483 12
2429 4195 12
17195 32162 12
13683 35914 12
4237 15166 12
23149 39633 12
9487 18925 12
17161 38370 12
14988 45219 12
28679 42408 12
19847 36827 12
28693 31903 12
19705 21527 12
20004 38482 12
33282 46107 12
1895 5482 12
1317 7019 12
40296 49209 12
31691 37151 12
1886 3522 12
9487 39379 12
28713 29716 12
3326 49374 12
13713 47457 12
5746 33063 12
20307 36932 12
31717 35206 12
1883 35214 12
12249 13249 12
12240 33540 12
1859 1892 12
21851 38431 12
21605 24820 12
31804 37307 12
19845 32861 12
7674 36798 12
24851 49974 12
21071 23643 12
7756 30191 12
13642 21391 12
19709 25860 12
23113 27564 12
15032 17168 12
37834 46961 12
12 25130 12
28548 48202 12
6947 28865 12
13787 37848 12
42443 49336 12
13792 40021 12
11151 17643 12
17242 33207 12
26519 48140 12
1922 1967 12
1870 6986 12
445 1286 12
10616 11759 12
19850 33298 12
3310 17545 12
40307 43252 12
1908 20934 12
4503 20757 12
326 1896 12
4497 15285 12
13765 24216 12
7681 10327 12
3295 27540 12
1869 17313 12
11159 40558 12
23255 29634 12
37832 43904 12
17213 43872 12
5224 10205 12
1866 6606 12
6895 15213 12
8686 22888 12
9472 14271 12
26393 33877 12
5186 17517 12
35142 39532 12
5185 28635 12
4527 4793 12
40952 45677 12
16653 25121 12
11032 15842 12
35702 40457 12
11032 45786 12
21294 34209 12
9591 10039 12
16293 22876 12
9734 31002 12
2124 47181 12
26964 34504 12
2977 28999 12
24343 28409 12
4288 4452 12
14690 21811 12
23806 32327 12
5989 13619 12
2976 24653 12
14266 24227 12
7095 15966 12
16692 18615 12
14324 41886 12
150 32467 12
20540 20849 12
9617 24927 12
11808 45392 12
9616 32936 12
9616 10758 12
10880 21562 12
10879 16353 12
11968 41165 12
47175 47253 12
2994 13088 12
9001 31489 12
18433 25957 12
27563 31395 12
21216 34321 12
18922 33765 12
16627 40639 12
16628 29442 12
27601 28812 12
18519 33593 12
14665 43886 12
42808 48735 12
3121 7738 12
2125 20312 12
2079 33471 12
731 3199 12
3155 5197 12
5955 14893 12
47067 47670 12
14202 15587 12
40137 47359 12
27783 45368 12
39325 46918 12
5951 37132 12
4639 18875 12
35052 37707 12
37907 47706 12
35075 47164 12
12039 49094 12
8826 45080 12
32301 47588 12
6217 31115 12
7416 39093 12
32299 41625 12
41099 49845 12
153 5907 12
26888 29765 12
812 30596 12
32287 49599 12
19611 47865 12
5146 46938 12
24377 25489 12
32912 34397 12
32352 42569 12
1205 20504 12
3993 47379 12
1113 8412 12
14248 15848 12
23776 48513 12
21654 47630 12
4039 9944 12
11056 18534 12
9709 16459 12
16256 17891 12
10828 10967 12
4039 39885 12
12023 33775 12
35774 36033 12
19610 39219 12
7395 37988 12
47090 47423 12
4659 27912 12
93 711 12
3989 47317 12
9642 38062 12
7219 39996 12
14538 19167 12
38362 40713 12
3058 19478 12
32640 38473 12
16489 29797 12
47236 49992 12
9643 22936 12
2202 35013 12
2244 7410 12
6133 35716 12
14550 15332 12
16423 46940 12
35425 47998 12
18463 44963 12
2249 16135 12
11904 35209 12
6081 26273 12
7232 35078 12
16508 45024 12
14563 28093 12
1164 1209 12
4015 15749 12
27142 40872 12
7207 23959 12
21250 49749 12
7192 29816 12
4945 15878 12
7196 15211 12
14514 21237 12
32731 42563 12
43832 45780 12
4649 10215 12
2220 14832 12
11861 15533 12
18479 35667 12
27198 30027 12
149 355 12
19903 34250 12
6126 31024 12
35341 45069 12
6095 8246 12
16477 31366 12
40028 46395 12
35413 35718 12
14535 40483 12
7219 34125 12
8947 33461 12
27181 38516 12
18449 19702 12
27444 41796 12
11940 14030 12
8988 44931 12
27083 41417 12
6151 26027 12
2166 25992 12
32503 41500 12
1131 3741 12
39988 49005 12
7134 19142 12
3003 23253 12
3002 11829 12
23967 33292 12
16354 40907 12
4927 8631 12
16582 31242 12
16584 38331 12
5179 46814 12
7128 21400 12
8997 9649 12
2148 35595 12
45963 49491 12
14363 21317 12
27506 47561 12
7266 27955 12
6142 13477 12
8978 11918 12
14434 18326 12
16385 38014 12
7158 9197 12
19896 38115 12
3018 38201 12
32781 43100 12
20533 36535 12
10925 38417 12
7265 9351 12
813 20943 12
11921 38897 12
4391 30803 12
787 1976 12
7269 11926 12
16378 41491 12
32539 49222 12
5174 22838 12
32532 39156 12
3012 6217 12
7275 23625 12
27443 38270 12
7586 34371 12
2906 4892 12
7576 43278 12
11672 41349 12
32027 39742 12
4073 23869 12
32012 49028 12
24617 37969 12
18371 34501 12
13930 35882 12
21109 22477 12
3250 3416 12
28276 38734 12
18375 29089 12
17006 33726 12
3252 31012 12
21812 43628 12
9834 39008 12
19137 23035 12
38055 39324 12
1271 5623 12
5826 20987 12
33149 33778 12
9839 35386 12
23390 43025 12
11693 16719 12
10741 36362 12
1994 8129 12
159 6278 12
32056 35945 12
9074 29558 12
36056 42916 12
7552 48245 12
7554 13396 12
12127 23483 12
26667 34353 12
4255 5626 12
3236 40388 12
3262 5294 12
36063 37912 12
9531 20440 12
28195 38703 12
2369 6254 12
38310 43741 12
13958 16822 12
8760 17033 12
13952 32615 12
1081 4241 12
449 9035 12
1978 48972 12
1936 21636 12
13851 39393 12
2888 45734 12
7624 47868 12
10693 16652 12
17055 40233 12
28405 49762 12
24701 44996 12
7628 22883 12
19981 48376 12
7631 13956 12
33186 37291 12
17065 34438 12
2890 30613 12
20592 40068 12
42482 49016 12
3286 40857 12
4625 47349 12
12197 35089 12
39036 46547 12
13829 32766 12
5795 17948 12
18356 36336 12
11139 13923 12
19982 28309 12
17035 32001 12
16110 16818 12
13903 45390 12
12159 13440 12
1959 20376 12
1278 15000 12
18570 35872 12
12160 34361 12
21823 30150 12
38056 48714 12
24655 48437 12
12169 46360 12
28153 39886 12
8730 42133 12
11653 31114 12
16101 36627 12
6288 28496 12
28366 36976 12
12183 12494 12
13866 14482 12
1284 31022 12
5806 42507 12
39891 48065 12
506 2415 12
4978 25559 12
4385 6291 12
38024 47750 12
817 1607 12
2328 17281 12
11077 31917 12
321 6380 12
2052 42934 12
16840 39772 12
6233 25055 12
24484 44746 12
8808 42349 12
21316 25087 12
10809 16058 12
11746 37349 12
5902 21125 12
38312 39433 12
8806 13979 12
9551 40396 12
2936 5408 12
14076 37056 12
35953 37256 12
6238 18125 12
11727 42784 12
27971 48181 12
35884 48829 12
452 739 12
32284 36609 12
11758 23922 12
18416 19403 12
9564 32046 12
5938 11129 12
9034 23106 12
23663 40215 12
16802 33679 12
10814 44426 12
35878 39913 12
19051 31863 12
27979 45913 12
9560 35437 12
24452 43628 12
14144 48203 12
14136 45272 12
14134 32530 12
5198 6062 12
1224 4585 12
3177 46901 12
2945 35174 12
2060 16475 12
32979 41074 12
26704 30827 12
16169 16533 12
24549 38190 12
2012 3164 12
302 6442 12
40224 43406 12
16947 24042 12
12098 30023 12
14008 15169 12
14841 18979 12
26709 32474 12
21797 24737 12
10747 34589 12
7514 38010 12
33070 34318 12
18868 41441 12
26701 31243 12
10743 13003 12
7538 9104 12
37883 49254 12
36029 37671 12
11701 12697 12
2915 7472 12
23493 33192 12
28150 45153 12
16906 21764 12
196 13184 12
7027 36357 12
14062 49263 12
21149 32980 12
8799 20600 12
14054 37395 12
20274 24279 12
7489 32338 12
27999 46602 12
20570 28503 12
6249 12155 12
6952 33016 12
385 758 12
10773 44967 12
14045 38190 12
40207 41328 12
28047 35043 12
3206 9647 12
88 13597 12
16180 21041 12
9065 45860 12
40222 42911 12
3209 26053 12
12924 21824 12
20992 28364 12
8249 39338 12
33647 45826 12
3744 26285 12
19375 24954 12
8563 18537 12
17960 29462 12
617 31033 12
591 44338 12
25705 30651 12
37242 41682 12
4153 48511 12
5540 24462 12
37260 37715 12
41322 45416 12
33503 42052 12
11549 38731 12
3637 3792 12
1571 1871 12
26196 32242 12
17976 38887 12
13242 14882 12
15133 42783 12
1472 49382 12
39731 49197 12
5386 34588 12
3742 3771 12
13074 46000 12
29586 42630 12
34208 43323 12
15900 30361 12
30252 37992 12
21415 27587 12
22613 27801 12
11556 30118 12
19509 36488 12
1018 4159 12
13056 33553 12
22255 49943 12
613 4324 12
22385 36043 12
22021 44664 12
29968 39213 12
4816 14604 12
1631 4543 12
15825 23761 12
8237 17089 12
6812 20275 12
2710 42953 12
17467 32499 12
13385 16100 12
968 28588 12
15332 47056 12
37425 46826 12
30233 31538 12
22864 46069 12
13418 44515 12
18272 23790 12
30229 34642 12
8243 25927 12
9176 19531 12
10153 18053 12
12917 19666 12
15145 49073 12
2573 45749 12
29251 39479 12
9179 22215 12
5260 29140 12
6652 32797 12
6695 23206 12
24989 25609 12
25363 32557 12
15927 22541 12
929 2515 12
13225 29043 12
5255 16947 12
17371 24186 12
2479 42516 12
4822 14031 12
12904 43807 12
31389 48684 12
18725 33403 12
589 2545 12
3642 8952 12
5057 45415 12
4172 33436 12
12381 26895 12
2534 4203 12
12381 33468 12
9349 27365 12
18024 43355 12
5526 36466 12
4465 9851 12
9976 22139 12
20078 25479 12
1797 16134 12
3412 27799 12
12676 20885 12
41616 44503 12
1795 44687 12
1560 45540 12
17367 35324 12
21391 25987 12
9203 11079 12
18283 48064 12
37490 43494 12
7861 7912 12
12914 16837 12
8132 22381 12
22906 45009 12
24967 32914 12
3638 31018 12
20870 48806 12
18632 41290 12
4135 43216 12
20423 25812 12
3421 4684 12
1635 48374 12
22605 26009 12
2483 46990 12
5536 24472 12
25999 37074 12
12914 35058 12
7883 24500 12
15131 15590 12
2568 42013 12
22052 23573 12
875 1558 12
539 3343 12
40498 41392 12
17987 23087 12
1789 2883 12
19737 36239 12
9354 23173 12
39713 46488 12
25845 26123 12
5529 47755 12
10334 24487 12
9445 12050 12
6483 16216 12
12386 34189 12
22907 43848 12
15316 28154 12
882 8778 12
890 1185 12
5045 35200 12
25061 43291 12
39714 44509 12
4813 12395 12
26092 48023 12
15695 16099 12
8190 46486 12
30128 44244 12
1602 1932 12
3710 9197 12
44785 46390 12
1603 11740 12
8185 12548 12
347 905 12
12480 40529 12
6776 31130 12
25765 45359 12
13021 48691 12
29502 42164 12
15835 28774 12
15167 46829 12
6682 9099 12
7955 45673 12
1720 1907 12
15352 40297 12
4806 27207 12
12985 19687 12
9433 11744 12
30048 49045 12
13338 14338 12
2507 48040 12
13334 45146 12
2591 32252 12
29497 48000 12
12483 34576 12
39741 42760 12
2723 11119 12
2588 11694 12
33837 42403 12
22332 49442 12
11311 40337 12
7982 43819 12
29462 45332 12
10445 13225 12
7986 26030 12
10436 44942 12
5439 19107 12
8177 36571 12
20692 28617 12
25055 42008 12
8522 9555 12
30082 41007 12
1395 24421 12
19260 47196 12
6500 39163 12
46773 46808 12
2512 40221 12
8174 32319 12
3710 30710 12
11252 14617 12
38615 39272 12
5586 33466 12
29432 36488 12
36902 45234 12
33872 34311 12
17568 43014 12
31231 47394 12
1723 37791 12
21959 33374 12
12482 35526 12
8543 40315 12
34220 41335 12
6692 18630 12
25077 47447 12
8544 21104 12
15662 18775 12
2501 4561 12
6517 15778 12
4155 43808 12
13367 15890 12
20360 38297 12
22651 37168 12
34449 48079 12
436 660 12
15402 17389 12
29323 32418 12
12449 14811 12
12645 48434 12
611 11191 12
63 1084 12
34277 39510 12
64 33731 12
1586 1912 12
18263 20021 12
4155 9132 12
2500 14713 12
3624 27346 12
25309 28659 12
50 929 12
10287 36346 12
1587 6430 12
8421 23971 12
12649 34369 12
44831 48302 12
4436 17625 12
1588 4094 12
1464 5069 12
12973 22567 12
37735 38493 12
29507 40035 12
25288 49202 12
37268 42252 12
17885 23867 12
13350 33792 12
4573 44707 12
6510 16302 12
11467 26980 12
5551 42077 12
15687 49009 12
25755 29011 12
17830 19344 12
4364 8520 12
13286 32383 12
13346 46484 12
12636 22390 12
10049 35577 12
31273 34632 12
3587 35518 12
6513 28875 12
5454 32141 12
48583 49160 12
9193 11704 12
5417 25945 12
6833 31706 12
42061 47097 12
5594 24847 12
15398 40075 12
31266 37253 12
10134 18230 12
12506 26923 12
38617 41461 12
1343 19586 12
57 903 12
15575 44241 12
7799 30581 12
7800 18024 12
13111 40228 12
12719 41491 12
3555 12426 12
2456 45616 12
2643 29693 12
7804 39621 12
18700 49659 12
29847 49734 12
7805 26919 12
5010 19911 12
338 14254 12
867 12190 12
1655 25739 12
479 43640 12
9219 25323 12
40634 43611 12
13115 18769 12
34067 47518 12
11194 34851 12
5283 15641 12
15498 30172 12
1653 32483 12
13113 20473 12
1829 12028 12
9324 49466 12
11586 45644 12
17284 49347 12
23024 30024 12
30489 46051 12
997 41434 12
5676 9852 12
15961 36553 12
20906 44245 12
8304 15106 12
3922 45792 12
10070 16965 12
19391 39698 12
36581 39309 12
31108 43325 12
10069 37070 12
15290 28490 12
19235 23903 12
4314 5682 12
22528 42670 12
38918 46017 12
1350 1812 12
25588 45967 12
1037 24975 12
13184 13556 12
41610 48777 12
31045 41780 12
8058 17557 12
13186 21478 12
17670 27590 12
22998 45785 12
52 2694 12
4193 10487 12
20906 25599 12
22517 38834 12
36550 41047 12
13190 33746 12
13551 13700 12
2676 17870 12
22481 41644 12
8339 15836 12
28930 43959 12
21999 23576 12
23060 29770 12
21588 45299 12
12766 25639 12
1515 12180 12
2555 3675 12
30599 40779 12
25917 37484 12
1432 5963 12
15281 17058 12
948 2800 12
5071 25858 12
11279 40634 12
866 11443 12
12751 13046 12
19319 44049 12
1847 11357 12
18313 39844 12
5072 47927 12
12747 20179 12
30609 41776 12
37104 43771 12
21996 39914 12
37624 39243 12
36480 38424 12
15277 29164 12
25502 46488 12
5116 29066 12
4838 35851 12
3751 8357 12
1666 30054 12
18647 24369 12
18225 45946 12
29821 43790 12
17737 43266 12
3536 9839 12
30525 45304 12
19295 22063 12
4357 5256 12
22102 32362 12
20392 44677 12
15981 16165 12
12733 45285 12
4311 43393 12
48919 49841 12
580 31989 12
524 559 12
13581 45182 12
1344 3520 12
10389 11319 12
1500 22141 12
1836 40596 12
29815 41617 12
15281 31583 12
6591 23063 12
30561 35316 12
17723 24496 12
30573 48109 12
15259 22695 12
25899 30241 12
1662 2109 12
23057 31469 12
2834 19591 12
7782 12860 12
41987 42666 12
588 1088 12
5254 11998 12
214 9899 12
18225 24921 12
15945 40974 12
3402 21579 12
19714 21242 12
13093 17460 12
2620 34552 12
4358 14312 12
9274 34626 12
25653 44038 12
38255 49469 12
1416 4150 12
427 2830 12
2471 3078 12
9452 33309 12
12702 25406 12
37535 38228 12
9224 25976 12
6620 22987 12
4735 16307 12
30335 49616 12
9961 45691 12
22184 49334 12
34503 39311 12
6625 16966 12
20128 49441 12
20658 24293 12
8117 18237 12
37057 38812 12
871 46179 12
25867 27075 12
29637 36624 12
18045 41555 12
427 2088 12
39798 49646 12
244 45771 12
356 15594 12
36665 43991 12
12876 24254 12
10168 12196 12
13511 40913 12
15108 25477 12
33657 38908 12
15300 39818 12
31140 35019 12
9288 14128 12
2695 23031 12
12894 13607 12
12689 23104 12
22014 38113 12
13196 16056 12
8112 16489 12
20881 33508 12
2684 23811 12
3564 41358 12
9162 26033 12
13488 29114 12
2815 7276 12
26277 35380 12
15108 40358 12
569 28174 12
5518 14510 12
1558 43559 12
15588 36396 12
33658 42794 12
4752 40016 12
21390 40809 12
25439 47473 12
33744 43034 12
18609 25360 12
20811 43176 12
38712 47241 12
30743 36692 12
8113 13111 12
22973 32325 12
33428 40593 12
22013 47380 12
2821 4259 12
6374 27136 12
21438 39067 12
9453 47344 12
10540 39898 12
23767 25549 13
25190 46916 13
31007 33104 13
13088 16168 13
35763 41002 13
27937 40561 13
15312 21312 13
21649 31430 13
27934 34224 13
9044 13357 13
35840 44321 13
1660 47986 13
21159 21734 13
25865 46570 13
6711 8915 13
14323 23871 13
9750 27371 13
18537 39052 13
26801 35507 13
21542 23209 13
32232 34880 13
14177 33446 13
3568 8819 13
11293 17518 13
1640 34888 13
34946 48062 13
21195 48946 13
14251 39591 13
8803 46555 13
17848 33846 13
26798 37912 13
42594 48032 13
23607 33019 13
2100 7618 13
20714 24248 13
10837 14827 13
3137 8455 13
1220 8537 13
27961 31509 13
4049 6383 13
562 45559 13
9792 9957 13
32283 33380 13
32920 38933 13
38783 46039 13
16233 27083 13
2724 24596 13
13135 26083 13
9578 22945 13
3164 21621 13
2045 35267 13
501 11622 13
37105 38175 13
27729 42558 13
17844 23373 13
9789 28013 13
37673 44919 13
12066 18880 13
16864 27285 13
5472 18493 13
1107 3497 13
10314 38823 13
2724 3363 13
22381 48722 13
570 5120 13
3577 22839 13
32329 48536 13
5485 7234 13
2088 3666 13
32305 42417 13
154 281 13
11477 24366 13
8816 13193 13
40152 45756 13
11767 21252 13
23653 35411 13
7438 42081 13
2313 42029 13
5482 43012 13
9759 19820 13
5199 46804 13
33753 46697 13
8817 24826 13
8838 31200 13
6471 11266 13
9222 25348 13
11067 17329 13
5951 11864 13
6487 11273 13
23700 26223 13
33744 48459 13
21173 39452 13
18218 39177 13
3716 24943 13
21525 34319 13
37137 47463 13
24413 46559 13
5461 37192 13
8135 18749 13
4663 37148 13
12034 42413 13
12592 23586 13
22446 33970 13
911 19153 13
3989 20803 13
31033 36315 13
1635 2357 13
813 44339 13
435 13279 13
14234 45412 13
31048 36012 13
25895 43064 13
32971 34623 13
14737 44356 13
9382 21273 13
4157 11329 13
9377 12670 13
16800 47916 13
15715 36985 13
25809 29292 13
35766 35966 13
1441 25849 13
14164 15817 13
19325 25402 13
6232 19165 13
24479 42165 13
2581 40344 13
3146 12234 13
180 26309 13
18222 30613 13
15720 22549 13
12033 13086 13
10327 24374 13
22381 26388 13
1624 6070 13
27896 48024 13
7395 49873 13
10330 12339 13
34997 43202 13
4049 26351 13
34957 36146 13
46465 46620 13
27754 38424 13
914 1036 13
27856 40748 13
9391 46571 13
14225 44647 13
4972 26213 13
15716 24724 13
2559 31545 13
8475 29899 13
27366 38038 13
11335 41224 13
42782 43600 13
35449 39137 13
8929 18001 13
21679 28222 13
3662 34195 13
8929 17584 13
3816 4487 13
2187 6067 13
129 1809 13
11335 11484 13
14435 42136 13
1166 19995 13
533 3665 13
7249 15840 13
16519 48030 13
6143 18847 13
5308 32188 13
3074 39698 13
30437 49822 13
43821 47101 13
4192 37204 13
11385 18050 13
16406 21970 13
528 5232 13
2196 3723 13
20803 24280 13
21262 47927 13
18093 45277 13
6069 48834 13
6559 7176 13
6135 25795 13
37561 43217 13
25594 36448 13
3698 32477 13
9296 27070 13
25439 30914 13
18083 27754 13
16508 46722 13
14398 19154 13
43188 47445 13
3910 39125 13
38635 42029 13
11332 23028 13
536 7724 13
24211 35874 13
23973 38594 13
2265 12361 13
14599 47370 13
32548 34436 13
14600 26365 13
24228 48920 13
15444 27472 13
12898 27746 13
537 42152 13
3644 4909 13
35508 37396 13
14394 46944 13
18007 49592 13
30765 46702 13
27128 43075 13
2181 14020 13
3017 12732 13
15613 41684 13
18041 26520 13
25397 27413 13
16529 30402 13
12693 12710 13
2260 39760 13
27158 36241 13
244 42277 13
6064 22630 13
32786 39928 13
11831 17748 13
27111 34446 13
5155 7678 13
4343 45044 13
10980 28588 13
1150 2035 13
5321 49236 13
34064 44897 13
12742 43642 13
4742 43341 13
27197 32479 13
7204 24875 13
0 1 13
35349 37134 13
27194 33054 13
18152 21641 13
10934 25005 13
35342 49937 13
7206 14084 13
24072 47893 13
14494 26479 13
16430 20988 13
11871 48258 13
27191 48268 13
24130 25601 13
6111 46174 13
22078 49151 13
25491 47333 13
9654 23911 13
10950 12627 13
43281 49845 13
7192 20749 13
2228 4413 13
3689 37480 13
22083 42271 13
30554 40384 13
2228 10607 13
6586 45533 13
128 334 13
16455 35686 13
9320 16776 13
37626 48974 13
25516 49557 13
5320 31164 13
6107 6955 13
2202 33371 13
9648 49943 13
2668 6787 13
38676 40608 13
45213 47974 13
524 47194 13
4459 20801 13
10223 42057 13
316 1102 13
57 213 13
16422 39883 13
2202 18227 13
18702 38123 13
951 6538 13
2640 5241 13
8311 14737 13
6608 13282 13
22125 49223 13
22126 43479 13
11895 34090 13
6129 19766 13
6591 29096 13
222 16157 13
21477 47700 13
7213 11546 13
245 3450 13
203 32165 13
3681 5298 13
8325 29332 13
11854 48362 13
12672 43483 13
12789 23253 13
30669 39865 13
949 21151 13
30522 42309 13
32656 40867 13
32650 36610 13
8362 12833 13
5329 21993 13
2979 35638 13
4164 11225 13
16650 43724 13
25745 42890 13
37366 38972 13
5049 15112 13
7102 27438 13
20546 25520 13
24329 42136 13
42824 45241 13
19009 23449 13
18201 47924 13
20547 29241 13
1463 6580 13
38183 48942 13
94 35031 13
2119 24024 13
1596 29675 13
11792 17763 13
21209 26725 13
6008 14955 13
27578 31584 13
30180 40122 13
37922 40155 13
32881 37456 13
39629 41927 13
1590 23066 13
21286 39454 13
25734 44175 13
2130 3554 13
5997 40698 13
3118 38477 13
7330 9985 13
15401 37895 13
27604 46535 13
9729 10878 13
26985 44080 13
4966 14545 13
2291 13529 13
16305 28844 13
5985 6130 13
2300 27919 13
30107 44315 13
18204 18929 13
9589 12821 13
7094 16567 13
2106 8200 13
41390 44345 13
1203 7240 13
30104 41023 13
30111 39153 13
44175 48128 13
35742 41287 13
10839 17404 13
18205 25150 13
6194 7375 13
25278 39302 13
15701 41104 13
3933 16210 13
22336 41502 13
19612 19967 13
24333 48288 13
1597 4251 13
2118 3052 13
8435 29416 13
258 11744 13
2592 20981 13
6671 9926 13
1460 23546 13
12001 12194 13
5411 20939 13
15 10816 13
4598 24463 13
741 38895 13
42087 42422 13
12996 20262 13
15371 46591 13
10845 12188 13
30114 44394 13
25690 42939 13
16355 19816 13
3810 28692 13
33951 35352 13
2154 47048 13
9696 17568 13
2154 5915 13
27069 41852 13
9699 34978 13
3927 11982 13
37479 46271 13
30850 34997 13
10892 32502 13
17970 46871 13
20824 32944 13
62 5627 13
19004 29443 13
12919 42542 13
1574 47548 13
8249 43825 13
790 13197 13
1178 8660 13
7278 28291 13
8263 8922 13
16371 20847 13
964 48628 13
37946 47892 13
24245 35434 13
15641 23731 13
3833 4097 13
2710 2823 13
8896 24735 13
27073 29399 13
16554 28508 13
32485 47196 13
4347 10777 13
4025 21609 13
456 1026 13
12912 19628 13
4172 7167 13
21736 33945 13
7312 29241 13
30857 47364 13
22039 34558 13
35179 35435 13
6170 31044 13
1190 8488 13
27544 42363 13
38739 40029 13
16618 40923 13
27533 31028 13
19617 26939 13
6656 10223 13
9722 43974 13
30878 31414 13
27561 44905 13
14653 44315 13
18926 19791 13
40470 42171 13
38 14301 13
14352 30373 13
15422 37678 13
14629 45567 13
10267 31689 13
8245 17332 13
47183 49535 13
33934 42374 13
8889 22189 13
3631 14845 13
12927 14192 13
4523 39136 13
260 33311 13
22248 26383 13
17950 24467 13
17947 23701 13
4273 17461 13
19892 49669 13
37411 39606 13
7311 21840 13
21935 32798 13
1765 43660 13
190 25249 13
33510 49483 13
19859 24570 13
22860 28559 13
9861 41178 13
14922 23777 13
45445 45637 13
16074 37486 13
28480 41916 13
29265 46164 13
6818 7875 13
26171 33316 13
3292 6441 13
9864 21338 13
3431 35899 13
9107 28999 13
7894 46167 13
1776 5221 13
19717 44298 13
17095 30952 13
12190 23235 13
33556 45962 13
9512 33108 13
9183 44524 13
45651 47913 13
22805 30321 13
24705 41345 13
13845 16665 13
22808 26666 13
26573 33433 13
1377 22385 13
5127 9284 13
37846 41477 13
15885 34196 13
9437 23956 13
2392 38130 13
1375 19181 13
2497 13867 13
18265 30886 13
24720 47806 13
24722 32640 13
1062 2125 13
33456 45842 13
10661 20093 13
1915 35204 13
7877 41106 13
13446 39964 13
76 84 13
3418 24498 13
4864 19599 13
8578 32574 13
26511 31210 13
13435 42456 13
31374 35798 13
33224 34654 13
28569 47844 13
1790 5895 13
4705 26815 13
1911 8342 13
15924 32346 13
7867 41697 13
621 2263 13
44 2922 13
45621 46241 13
8697 14268 13
8695 19109 13
11634 49852 13
6949 8475 13
17097 49558 13
11634 24161 13
84 928 13
20992 31607 13
7888 8441 13
45442 46757 13
24739 40263 13
29219 43098 13
1367 40821 13
10497 14624 13
13788 46487 13
2875 26639 13
618 15918 13
5637 37526 13
876 3591 13
1389 6096 13
686 1309 13
19505 25208 13
6794 34943 13
17021 25064 13
13342 25046 13
5130 8391 13
4575 5547 13
9187 14120 13
4875 23144 13
15872 26390 13
34818 39869 13
6800 10420 13
26114 36987 13
33157 41156 13
9847 16873 13
23370 46304 13
24654 42913 13
683 6396 13
4126 5968 13
15162 32594 13
28304 31135 13
29426 29484 13
4075 32412 13
15183 18125 13
26620 26643 13
16118 38458 13
12481 42404 13
22737 44615 13
33138 40190 13
284 4617 13
4813 12068 13
24656 39393 13
11667 13194 13
25040 39082 13
31250 34696 13
2900 25037 13
21817 34146 13
10458 23226 13
6974 41629 13
9837 30540 13
15867 28672 13
12184 43119 13
26590 37548 13
42264 45921 13
8721 36291 13
5597 38248 13
18365 39152 13
610 765 13
36150 49211 13
26585 27581 13
4081 5049 13
18575 38379 13
12182 19116 13
26127 42124 13
8088 15619 13
16085 38093 13
408 890 13
41623 42476 13
5598 25372 13
3455 4206 13
3773 7021 13
13847 32146 13
10702 29610 13
23366 34425 13
26118 36573 13
21571 38103 13
31262 34603 13
1953 6650 13
17036 48693 13
7943 37259 13
17485 27232 13
10460 45599 13
4298 29661 13
36716 45317 13
5812 23219 13
8730 28352 13
31266 37945 13
11649 27295 13
7940 42457 13
20290 22600 13
16093 46361 13
13359 13635 13
5807 24986 13
28811 39162 13
3340 12208 13
13574 22064 13
5009 9521 13
3378 22392 13
20626 34452 13
3377 40763 13
858 37224 13
31662 35883 13
5690 6054 13
6872 46635 13
3340 4388 13
3376 36765 13
43514 43986 13
17225 24033 13
7789 22332 13
6875 7952 13
17231 49606 13
23043 23169 13
41250 42669 13
28820 49282 13
10554 26326 13
3387 5459 13
3761 36815 13
15086 47517 13
18332 19182 13
1824 16546 13
4424 29890 13
656 12709 13
4096 22603 13
7810 23686 13
5738 24717 13
5723 34236 13
655 1257 13
29020 35154 13
24813 30794 13
24896 31946 13
7803 47076 13
19225 43767 13
26416 33265 13
9130 10827 13
2830 29074 13
23080 28479 13
5717 36960 13
12303 13524 13
5715 21732 13
167 38742 13
1336 12996 13
644 24785 13
10573 31258 13
3369 13063 13
9936 49162 13
28891 43397 13
1337 13888 13
10585 11449 13
2837 14668 13
191 217 13
2445 8440 13
5005 7527 13
4371 6218 13
1846 21170 13
36452 49019 13
34557 41932 13
21036 44517 13
28977 38441 13
3374 42944 13
23119 32322 13
6341 9244 13
18306 32958 13
511 1641 13
28974 37934 13
4428 43517 13
18812 35740 13
13594 18236 13
18805 41937 13
4108 31496 13
19221 32992 13
24 407 13
233 6338 13
23058 36032 13
1859 36800 13
9140 31146 13
1041 27965 13
12303 48687 13
8591 26588 13
19701 32314 13
21360 36363 13
29134 42601 13
9162 10179 13
13742 15313 13
21929 30362 13
38286 46126 13
6929 14698 13
6843 12291 13
4862 6512 13
1059 12785 13
3316 12725 13
26237 27266 13
6318 25182 13
1896 43205 13
21928 41277 13
23206 34350 13
1804 22922 13
1895 4278 13
4860 33115 13
16052 18734 13
9163 13807 13
1362 24738 13
26492 30338 13
2409 3314 13
16053 19734 13
13757 35454 13
12376 44742 13
1796 5052 13
31396 40502 13
1905 20791 13
19185 41890 13
31400 36503 13
10651 24270 13
1797 49653 13
38871 43047 13
31400 44137 13
36265 48970 13
8676 16149 13
12372 21312 13
17364 29464 13
13699 33633 13
10540 43458 13
31483 36258 13
29079 42797 13
9157 43958 13
20655 43335 13
24798 24937 13
3329 6671 13
31714 49262 13
1032 39881 13
4828 6407 13
34667 39592 13
5672 35476 13
29058 34504 13
22992 30929 13
33397 34995 13
36353 40140 13
12332 24377 13
9953 40482 13
20624 41589 13
15088 24371 13
19188 28127 13
20004 34159 13
1893 14985 13
9890 21554 13
22944 37250 13
3321 13701 13
2419 14032 13
5753 26902 13
14990 15311 13
12344 49799 13
10533 42364 13
9515 31641 13
2859 25116 13
17336 21006 13
13720 18245 13
6321 14941 13
28702 37447 13
31724 45927 13
7831 44956 13
25 47 13
16033 29898 13
4142 26152 13
12549 34184 13
16144 43551 13
5209 36515 13
29554 32480 13
7542 28097 13
16960 17301 13
22633 24430 13
22629 24162 13
475 7568 13
266 8313 13
7492 42314 13
18393 32961 13
335 24658 13
12115 28610 13
2757 37227 13
15219 38644 13
11526 20385 13
11511 38654 13
5539 47065 13
10776 26816 13
8797 14446 13
21970 28288 13
2530 13707 13
14848 37960 13
33678 48564 13
23563 35849 13
21132 28382 13
19279 23189 13
2347 35404 13
9413 11701 13
26778 33258 13
3732 38507 13
15833 41327 13
29746 49713 13
17690 32387 13
28181 44604 13
1715 16565 13
10736 18283 13
15831 28674 13
25071 38770 13
28178 28369 13
26679 34403 13
8513 29751 13
4144 34171 13
2777 15821 13
9065 15698 13
4068 32759 13
21334 33446 13
16975 45700 13
25080 36264 13
196 41442 13
8765 20781 13
3536 32492 13
12077 19462 13
1710 2730 13
1993 22485 13
5849 9542 13
24566 43042 13
1707 3490 13
11113 30319 13
14831 44696 13
589 1690 13
9205 12287 13
704 38025 13
2353 30508 13
9536 18013 13
32114 36515 13
10059 34981 13
3215 46711 13
588 1202 13
40464 40941 13
15806 43527 13
43125 49075 13
38832 44650 13
20198 44673 13
1693 24965 13
11521 38797 13
10061 12885 13
191 10196 13
22537 32747 13
17654 22920 13
32124 46790 13
31137 42412 13
1686 8268 13
2536 17732 13
43399 47399 13
8784 44130 13
8046 44745 13
31132 45329 13
24549 25726 13
218 10019 13
3221 10545 13
11259 43136 13
3942 30175 13
13236 18188 13
897 33954 13
1251 22650 13
3523 21533 13
707 32776 13
7018 48322 13
34363 43756 13
7529 24059 13
21973 29962 13
9202 29879 13
4061 22114 13
19077 45307 13
24558 49276 13
490 17606 13
28129 40836 13
29619 46636 13
20925 41857 13
8496 34633 13
13199 49822 13
15805 43580 13
10769 32884 13
25983 29048 13
37065 38581 13
34907 49479 13
4986 8798 13
1250 1586 13
712 18943 13
1095 17384 13
15783 25126 13
5890 10939 13
598 9355 13
12072 16348 13
22714 47509 13
2371 4066 13
19579 32368 13
32043 36969 13
21338 43407 13
39080 39387 13
18240 28082 13
44606 44765 13
3248 5001 13
1728 23049 13
1984 3126 13
4147 23668 13
13967 23399 13
10441 27560 13
20954 46654 13
24620 46244 13
3541 28480 13
12489 23310 13
6275 8859 13
7030 21208 13
2037 26932 13
5835 18525 13
2518 45411 13
38046 47689 13
14064 38024 13
1429 46504 13
44800 46170 13
14064 26643 13
7572 49812 13
17578 28185 13
3247 17243 13
36924 48909 13
32190 48291 13
6778 31122 13
17561 25371 13
9829 49548 13
33105 46635 13
19116 41593 13
18774 45562 13
29492 44382 13
17711 33816 13
7977 38162 13
6245 43123 13
10393 41918 13
13926 34354 13
42897 47775 13
4074 10928 13
3493 26724 13
2912 33982 13
8751 12142 13
37868 44046 13
5505 19575 13
891 41865 13
1731 33935 13
16125 37567 13
34852 46238 13
10445 21583 13
12556 43053 13
20483 36796 13
13967 36309 13
13278 43424 13
14983 47777 14
15053 26172 14
25517 32671 14
27150 45369 14
1046 40802 14
2658 6293 14
5006 19978 14
14823 30481 14
6318 48022 14
26797 45779 14
11739 26551 14
7038 32975 14
4011 4329 14
16033 16628 14
15986 32826 14
34012 36343 14
11756 46319 14
5036 11157 14
992 40149 14
2948 8753 14
9629 27464 14
21388 39601 14
4611 17284 14
3023 21903 14
16397 35271 14
15466 40437 14
20519 34639 14
2631 4953 14
814 21535 14
34358 44373 14
1096 26118 14
6622 46243 14
2450 10096 14
15523 20302 14
11202 19720 14
16040 22699 14
2655 8880 14
15601 40939 14
27141 39235 14
24861 39058 14
1031 4562 14
20270 32780 14
25404 46004 14
5111 41531 14
26439 47511 14
34560 40424 14
35018 43248 14
11839 15386 14
6319 45233 14
16436 26809 14
39489 39789 14
9282 35599 14
15529 21759 14
1032 11933 14
15280 19387 14
24869 37797 14
6547 36164 14
25635 45262 14
16389 40939 14
11081 46759 14
4295 46060 14
4339 37087 14
350 13973 14
7159 35790 14
2742 46436 14
41413 45516 14
2935 3493 14
20445 23777 14
5004 12690 14
2343 46128 14
25896 38690 14
33031 41385 14
221 21825 14
34969 39716 14
14767 40513 14
11751 33436 14
7054 44605 14
16015 34603 14
42888 43241 14
5075 15622 14
15557 16752 14
2746 43359 14
33387 41473 14
6890 24449 14
2663 29773 14
6900 49298 14
15571 17385 14
6330 14047 14
19735 26448 14
335 45210 14
11859 13453 14
34527 46719 14
7050 34792 14
6340 8818 14
15786 26141 14
16182 22162 14
2754 5897 14
14529 14680 14
25531 47479 14
9043 28459 14
3964 17758 14
21372 22061 14
9323 17762 14
43716 48485 14
24818 38574 14
6353 6432 14
38087 49423 14
3033 9316 14
6336 11524 14
15983 44881 14
6594 47394 14
10956 45385 14
16209 29757 14
16183 20232 14
14781 46537 14
2436 6271 14
14562 29273 14
33292 44246 14
2556 4229 14
2550 14379 14
9467 11956 14
7022 35641 14
11843 32551 14
38108 45115 14
9399 22011 14
3922 21806 14
11724 33524 14
18775 46390 14
11581 21663 14
2929 3964 14
782 43167 14
24464 33868 14
14819 16239 14
6854 40853 14
1092 6750 14
18821 49624 14
6343 29251 14
1047 1275 14
5088 6169 14
21474 23939 14
11339 15170 14
11180 47288 14
34321 44781 14
132 31614 14
2244 3035 14
2456 32353 14
136 39805 14
11079 21506 14
113 28514 14
364 734 14
2642 5859 14
25563 33277 14
6228 36753 14
3965 39725 14
4588 40973 14
34032 38375 14
18557 27041 14
15481 33027 14
321 34084 14
11718 16205 14
24488 37067 14
34326 45380 14
5065 6465 14
41860 46221 14
1083 28257 14
15882 40400 14
34894 45315 14
21336 45471 14
25077 43096 14
475 40095 14
2713 16548 14
11059 46478 14
2727 18961 14
2312 9887 14
42938 45385 14
25816 48803 14
40771 43936 14
21405 33687 14
6658 29827 14
2498 38591 14
6658 32601 14
16316 18608 14
6268 30236 14
18517 28919 14
9435 31799 14
6401 47727 14
9518 25133 14
3836 8066 14
473 24348 14
21299 28473 14
14866 42049 14
26046 33744 14
21517 46042 14
9180 18561 14
11004 24351 14
18727 31895 14
1020 7362 14
6771 27892 14
9260 15395 14
14633 32170 14
9103 20308 14
15897 22315 14
6814 24768 14
2495 12823 14
39533 48878 14
43761 48626 14
25823 48676 14
2779 8138 14
15149 46054 14
317 27319 14
11008 26061 14
11252 39504 14
4000 19704 14
9510 38123 14
1068 6145 14
24288 49691 14
33540 41248 14
11062 39605 14
16142 20033 14
14855 27856 14
27019 27089 14
15174 17689 14
4628 31062 14
2517 14503 14
6188 26860 14
11234 17567 14
19794 27808 14
25036 35635 14
11314 28167 14
11310 20127 14
881 43746 14
35110 40652 14
15172 35126 14
25280 45202 14
135 265 14
9246 21151 14
40827 42252 14
2511 9232 14
14690 42643 14
5022 6990 14
11790 22927 14
11039 34403 14
33873 47346 14
354 763 14
2976 15005 14
20339 42703 14
2975 22011 14
2302 43082 14
39303 42645 14
11536 20961 14
15684 30514 14
11540 36911 14
4987 17289 14
4332 49790 14
9376 15356 14
11317 35284 14
24394 30927 14
15880 18322 14
15386 15852 14
3951 8652 14
26116 38373 14
11674 40166 14
33110 39440 14
43430 45333 14
9025 27776 14
488 44867 14
11247 37467 14
978 35547 14
18747 23050 14
26104 44583 14
808 2192 14
15707 16400 14
24637 48553 14
11661 13068 14
6406 21645 14
9190 29665 14
26101 41843 14
21520 22925 14
14609 15569 14
25658 42819 14
11826 32857 14
14971 15549 14
9348 11134 14
3895 46553 14
25376 40341 14
11826 32014 14
1116 27913 14
25854 33899 14
15309 27516 14
9115 11014 14
2320 4174 14
5154 11676 14
6940 19710 14
2619 48844 14
25201 47485 14
9350 26063 14
6311 31362 14
21468 23404 14
15807 22166 14
24561 46910 14
2737 13988 14
109 4333 14
25360 37283 14
896 34017 14
11481 31582 14
8991 23613 14
6941 18216 14
24202 24222 14
2862 49705 14
2471 16852 14
26455 37736 14
34360 37035 14
1133 33280 14
932 6978 14
3968 9127 14
2261 24839 14
6542 10965 14
3935 21810 14
25650 45093 14
25387 45667 14
16045 16259 14
20495 28784 14
20302 30305 14
1087 38930 14
2865 21266 14
8987 17494 14
33434 44415 14
39497 43288 14
41741 46564 14
16376 47080 14
34500 40828 14
33775 49831 14
3969 20620 14
132 4843 14
39884 40354 14
32954 44909 14
4317 17014 14
9565 38455 14
16239 20963 14
6643 8449 14
926 3203 14
3886 9475 14
4546 32009 14
20442 31386 14
6263 17158 14
9261 15747 14
2877 17143 14
20476 49282 14
15136 39233 14
15899 49374 14
6160 16819 14
16353 44046 14
9236 41936 14
18863 49888 14
3001 11640 14
4285 25148 14
7125 36302 14
488 8659 14
27052 38856 14
6436 7695 14
912 16212 14
38200 46176 14
20265 31984 14
34374 40493 14
14947 38048 14
18847 28453 14
9110 34017 14
24247 31334 14
7072 8662 14
15642 36191 14
14844 43285 14
6944 17705 14
15432 48688 14
25999 34341 14
26901 39407 14
15916 17777 14
11151 34657 14
2402 8685 14
11203 35926 14
26204 32165 14
18757 28730 14
2357 20401 14
11562 38677 14
19 6250 14
34363 46925 14
3886 13391 14
2272 3976 14
18562 39384 14
2399 9552 14
26 8494 14
2609 46627 14
6948 41957 14
28091 33233 14
5420 7183 14
39105 40320 14
7511 8224 14
2016 41958 14
7514 38881 14
16914 37813 14
22761 23587 14
4063 16605 14
5873 30211 14
7950 10617 14
1389 5042 14
23547 48699 14
20970 27031 14
19596 24762 14
40408 41820 14
3214 29193 14
4410 18788 14
19594 35163 14
5419 16855 14
41559 41761 14
4257 13014 14
19970 48287 14
31278 46497 14
12444 41191 14
40229 46220 14
39110 41860 14
27982 48973 14
7965 11957 14
1739 5523 14
22151 43587 14
1392 6718 14
23578 42215 14
18199 49241 14
7485 14740 14
16897 26728 14
7491 35816 14
7960 26275 14
22747 38853 14
1252 1354 14
28024 32938 14
17515 32687 14
9801 12124 14
12083 49636 14
14046 40765 14
30412 46392 14
12085 36078 14
9802 47908 14
12707 49176 14
8787 33489 14
17509 18228 14
5350 19549 14
7562 44104 14
1765 19751 14
449 35906 14
4254 28279 14
4254 14800 14
10298 41569 14
1260 2652 14
29251 40852 14
19368 23044 14
12130 27087 14
9997 13575 14
8762 37014 14
5842 9545 14
9826 17746 14
449 34788 14
5413 24635 14
22282 46174 14
546 4680 14
3434 5448 14
5839 9088 14
1468 8221 14
13943 49927 14
40644 47712 14
5834 42850 14
19121 46470 14
44727 48544 14
10472 30862 14
13999 26295 14
4885 44017 14
28138 41004 14
7935 9271 14
3222 37257 14
42532 43220 14
2000 25826 14
17475 36988 14
36803 39239 14
7929 8605 14
3452 31051 14
3785 5250 14
5349 39582 14
20082 23986 14
7540 22483 14
8765 28668 14
13983 25147 14
547 4163 14
38537 39977 14
9822 19590 14
18056 48899 14
1550 28530 14
190 6084 14
8286 38750 14
1990 12435 14
1405 14871 14
13248 23081 14
4805 44782 14
4134 16484 14
528 665 14
729 18386 14
7416 18211 14
12512 28956 14
206 448 14
41514 46129 14
1707 5527 14
1407 5493 14
30468 47259 14
21972 31636 14
8011 35155 14
7425 8673 14
3612 7332 14
12715 39703 14
20207 25205 14
5934 24860 14
12043 42062 14
32278 46423 14
44839 48386 14
22645 36519 14
7432 43272 14
3612 8897 14
23722 24347 14
13222 26559 14
8438 12080 14
5274 16812 14
32336 36698 14
16758 29619 14
16758 43404 14
3709 30824 14
4215 15908 14
93 2153 14
29603 42559 14
5533 32290 14
1213 2077 14
8007 20685 14
7400 13871 14
29592 36995 14
4803 13643 14
20793 26852 14
1700 4030 14
5955 14576 14
37001 42392 14
17628 26013 14
4910 25076 14
17620 22535 14
32322 33601 14
4264 28023 14
22734 47304 14
35912 48818 14
16845 43555 14
22144 26547 14
4130 4518 14
20956 36653 14
21155 46974 14
36896 46019 14
16868 42143 14
1232 28084 14
21782 38929 14
3474 40514 14
1488 12273 14
22705 47940 14
14069 42007 14
27964 33425 14
21786 38154 14
2037 24533 14
12710 15790 14
22305 31063 14
1595 3710 14
35956 48258 14
5890 13846 14
27980 47060 14
1542 11720 14
1486 21385 14
13297 22497 14
23659 30309 14
19955 37807 14
21965 45701 14
213 361 14
1717 2033 14
2060 22803 14
14121 24917 14
9775 31837 14
3490 16437 14
19061 26533 14
5920 8064 14
3181 9012 14
17406 37830 14
12060 46984 14
1227 1374 14
29473 42665 14
8378 21928 14
14107 37020 14
16841 17879 14
32239 34343 14
37562 41853 14
1539 1848 14
31216 32185 14
16845 37881 14
36932 43870 14
5683 14854 14
4829 8515 14
7703 9892 14
20619 28349 14
20816 47670 14
8614 32596 14
28681 33208 14
660 36933 14
17164 44666 14
3384 4759 14
210 2664 14
1317 2882 14
7712 40928 14
23194 43019 14
1318 4165 14
36532 46551 14
1471 42845 14
36345 42412 14
12248 45076 14
28715 36277 14
13573 40735 14
23032 44179 14
18296 18654 14
7729 27007 14
19194 44031 14
9903 25524 14
45 11792 14
19235 26847 14
13531 48059 14
4087 41818 14
23237 38093 14
31773 41688 14
5297 15024 14
38997 40030 14
21862 32062 14
23229 27122 14
9879 20137 14
4422 18089 14
13542 21750 14
1877 2142 14
9881 32950 14
1899 31380 14
31751 39699 14
10644 33882 14
29054 30333 14
17311 30222 14
3315 19077 14
40566 46397 14
10546 23694 14
28665 41391 14
83 3415 14
3318 14522 14
5704 12264 14
23127 44527 14
5697 7809 14
3639 29326 14
31565 45055 14
13651 34245 14
1568 8755 14
12664 30605 14
12283 45003 14
18309 30093 14
37792 43887 14
31639 38923 14
4851 16186 14
10601 38798 14
38967 41474 14
28850 31026 14
30285 39405 14
28854 43915 14
7772 47122 14
291 30885 14
8256 12264 14
38966 42422 14
5709 25237 14
3753 18214 14
20021 45185 14
37801 40663 14
19200 31116 14
31552 37241 14
17184 29275 14
12265 20391 14
28766 35644 14
28770 37305 14
4855 18455 14
13672 43117 14
13672 19428 14
40346 48625 14
17201 47513 14
10 2860 14
17970 28494 14
3392 49447 14
21881 41030 14
3339 9782 14
28781 41741 14
23135 31133 14
10161 36843 14
1472 3963 14
28804 35899 14
23131 34564 14
649 11335 14
5238 11997 14
28956 47591 14
23129 44709 14
4225 7231 14
12888 14999 14
17026 22831 14
161 262 14
29216 34581 14
1 4104 14
12174 28192 14
5366 14692 14
4432 10817 14
7878 9074 14
1788 23717 14
20812 40712 14
5810 34675 14
10715 28800 14
13460 37200 14
1284 37771 14
13860 19224 14
22913 30629 14
3415 23817 14
9976 46605 14
17368 37208 14
5650 24026 14
21837 36721 14
30797 34654 14
10683 49612 14
3285 7777 14
31347 49549 14
1 116 14
12143 46794 14
7581 11699 14
1777 4505 14
3779 10435 14
8567 17524 14
7888 47075 14
274 7417 14
32004 44097 14
36091 39426 14
1555 1612 14
1967 28125 14
8714 33645 14
19577 25469 14
23408 24254 14
7591 30861 14
31349 44553 14
31984 45223 14
3621 35786 14
13911 28585 14
29221 41224 14
23397 49873 14
5823 27068 14
36111 49506 14
22885 38756 14
7676 49082 14
8689 45181 14
17935 33072 14
18349 41739 14
10526 45151 14
31812 43211 14
12217 18529 14
7842 40626 14
21001 38914 14
8596 25429 14
7840 37487 14
44507 46809 14
29109 43030 14
12651 38794 14
17114 30626 14
628 28896 14
45 68 14
19523 33489 14
9870 37600 14
17335 30799 14
3397 37588 14
45 5102 14
17126 19221 14
1909 2837 14
36248 44047 14
29083 37560 14
4246 28842 14
31892 44354 14
8714 8901 14
31882 38291 14
17364 32995 14
17067 42409 14
36177 37428 14
448 12471 14
5795 19046 14
38872 44614 14
42049 47063 14
30203 36921 14
19243 22336 14
8808 34654 14
28481 38128 14
1559 3378 14
8701 34751 14
45074 49347 14
18284 34382 14
5787 46005 14
36209 43127 14
625 2279 14
5221 39868 14
169 2431 14
12359 12363 14
17741 29443 14
30556 36555 14
21716 22777 14
1650 12111 14
29851 33701 14
3091 3188 14
8901 20979 14
6050 35831 14
42720 47017 14
3092 6537 14
1656 2466 14
37027 37655 14
18453 26965 14
13125 13494 14
29834 33459 14
32481 33181 14
20132 47257 14
6036 12211 14
10190 30767 14
4782 38142 14
575 20266 14
35572 48717 14
23910 24811 14
10886 12937 14
10921 45163 14
40066 44149 14
41339 49874 14
16539 20370 14
27405 32701 14
2176 30863 14
21713 28563 14
27405 35163 14
14404 40486 14
6059 42560 14
11923 19454 14
10346 22681 14
9710 31815 14
10347 20205 14
8330 11173 14
554 560 14
437 13806 14
23967 39121 14
20537 32382 14
13099 42549 14
37149 46338 14
12778 44225 14
10905 18894 14
8086 16681 14
4926 30138 14
5182 43351 14
10869 35550 14
21735 22283 14
227 1224 14
16619 39509 14
23871 46070 14
38614 44782 14
19313 22972 14
22106 38721 14
16626 19528 14
39181 45895 14
5437 22114 14
94 46813 14
1668 14448 14
31065 42441 14
11979 21085 14
31067 40725 14
22492 37097 14
7326 13954 14
2129 19222 14
19462 35691 14
20710 35134 14
7309 18214 14
39184 40329 14
1185 5010 14
1523 27006 14
40103 40979 14
310 13416 14
12784 27741 14
8177 11365 14
1524 24615 14
499 7219 14
7305 45874 14
22002 24583 14
19624 36643 14
5496 18658 14
12573 32552 14
8090 30845 14
30074 43710 14
32449 33069 14
12734 40056 14
13007 30663 14
5329 10463 14
38422 49456 14
553 638 14
1156 1285 14
22366 49641 14
14489 26058 14
20102 26297 14
8949 20223 14
8165 30839 14
32660 32823 14
3590 15256 14
1448 41690 14
14485 45603 14
3590 7031 14
18213 38155 14
16475 29995 14
27285 42533 14
8456 44750 14
37637 40570 14
37948 43915 14
3058 4479 14
29992 49885 14
8945 48572 14
17810 29305 14
194 2490 14
21700 48464 14
21702 27689 14
43858 44198 14
17837 40316 14
24111 38297 14
13017 16174 14
6114 19646 14
27212 49825 14
3041 3156 14
9658 17025 14
35371 36743 14
16450 43064 14
32712 35269 14
7199 42754 14
24048 40028 14
10319 11015 14
11868 28190 14
7204 20757 14
9654 33510 14
2217 4166 14
24075 48523 14
2216 8807 14
7206 10882 14
6097 16381 14
19416 40016 14
4018 6887 14
7243 19442 14
8336 22106 14
14438 32762 14
22405 27379 14
14435 48152 14
32585 40463 14
3687 8380 14
5287 6489 14
24003 37098 14
4940 24546 14
7251 42771 14
27362 40747 14
32566 47454 14
22410 29423 14
17775 44672 14
32563 44760 14
10926 21726 14
14416 42930 14
4019 25681 14
8331 38656 14
29895 37886 14
30654 44886 14
7260 43735 14
10195 22891 14
769 35047 14
4014 5891 14
24046 35714 14
8343 9381 14
13054 15922 14
16489 45648 14
436 1001 14
24045 32314 14
3063 6554 14
13069 42137 14
8138 41914 14
7283 44181 14
24035 31861 14
38599 44925 14
24035 26993 14
11899 13864 14
9672 9685 14
8351 31760 14
12591 26663 14
27349 32095 14
8933 25661 14
6079 40473 14
5976 46088 14
7352 47525 14
8861 11625 14
94 32707 14
21213 23852 14
42080 48072 14
19936 23806 14
3136 6011 14
14256 19230 14
5998 28594 14
11992 49391 14
30486 40007 14
14252 16143 14
23786 33191 14
29701 30764 14
29685 40597 14
17677 19448 14
37080 41277 14
4736 16077 14
14296 41809 14
32405 42003 14
7339 26455 14
735 21562 14
30499 37140 14
3141 47410 14
30477 42552 14
11983 21057 14
32375 44545 14
740 1217 14
30495 48918 14
23803 31839 14
17867 29666 14
5515 8538 14
2108 33603 14
10842 17565 14
8851 26712 14
16682 29834 14
10127 38440 14
2109 19280 14
45828 47358 14
17877 42634 14
39164 48662 14
16688 27812 14
37579 46360 14
10846 25323 14
19019 33681 14
14274 26414 14
5993 6031 14
7355 24103 14
2104 18688 14
3676 33465 14
12730 46467 14
16656 22984 14
500 24557 14
39172 44338 14
9730 38706 14
16648 22758 14
2126 4776 14
8491 36269 14
93 10200 14
4039 16490 14
19471 21824 14
8065 35292 14
13172 31934 14
20088 25226 14
29683 47917 14
14311 30493 14
1207 6192 14
38592 39660 15
4153 20574 15
13612 18517 15
7825 15795 15
29930 35830 15
22245 36047 15
24926 30320 15
38510 48356 15
17667 31176 15
9456 26396 15
22984 34367 15
37035 45779 15
6679 15505 15
5468 20772 15
29085 34881 15
4152 15119 15
1471 2537 15
22039 47073 15
41337 44619 15
29096 33674 15
4430 8379 15
13610 20059 15
15726 32924 15
6700 8837 15
28918 33899 15
39807 48671 15
2573 5390 15
6881 44819 15
20859 40104 15
26024 32582 15
18638 40992 15
17802 20854 15
15825 40275 15
8604 38135 15
5704 32895 15
4160 39772 15
12333 13650 15
6755 41368 15
3392 25025 15
176 550 15
15317 45381 15
9456 39566 15
13018 37736 15
12516 46878 15
3577 12605 15
11575 39816 15
13083 24979 15
5470 42003 15
6844 20851 15
24944 35454 15
5659 22594 15
26 7590 15
15111 25968 15
10314 19824 15
6433 7941 15
1640 15230 15
11567 26418 15
22309 35745 15
9969 36445 15
1583 1760 15
12510 17455 15
7766 24329 15
8588 36732 15
8514 27902 15
22268 29335 15
10252 38648 15
11485 13415 15
1694 16655 15
4471 19870 15
20142 30822 15
5473 5711 15
22955 32646 15
15102 38062 15
4469 40935 15
31159 34415 15
4198 16391 15
24913 43192 15
1809 4714 15
3497 5475 15
13080 13237 15
2818 4842 15
29701 45199 15
29922 37950 15
11293 39329 15
1638 14026 15
13270 35382 15
10530 48068 15
1850 13993 15
18751 36834 15
6773 18421 15
37477 42293 15
13505 20781 15
21976 42370 15
2767 11017 15
4448 35612 15
48232 49752 15
8623 40529 15
15691 24166 15
9938 17932 15
17660 32202 15
19743 46249 15
9198 14504 15
6495 7774 15
45555 46825 15
5288 31461 15
15803 39829 15
12608 48935 15
330 1534 15
13246 42558 15
1620 10536 15
36490 36512 15
19381 32071 15
17879 27611 15
31550 43396 15
3587 8417 15
33351 43672 15
24886 45610 15
18636 18645 15
3379 21532 15
5451 12112 15
15334 30279 15
6758 12218 15
36499 36717 15
7781 43364 15
20644 47268 15
1041 24892 15
25980 37694 15
20364 25736 15
1339 2854 15
3373 5385 15
5536 29970 15
13592 14006 15
19381 48579 15
29685 31997 15
21370 43139 15
8156 40527 15
25099 29984 15
30021 32248 15
189 3155 15
31166 42726 15
5692 9049 15
41937 45597 15
278 23501 15
9940 45258 15
12538 18501 15
6353 13021 15
2579 14538 15
10552 48581 15
5273 31429 15
8463 25419 15
476 35674 15
1630 2667 15
911 12413 15
13014 24986 15
2827 3977 15
36542 38430 15
5425 19788 15
30950 46843 15
13260 25462 15
37339 48825 15
18606 24236 15
4313 5555 15
10154 22501 15
6698 20583 15
8140 34944 15
17603 43065 15
40562 42976 15
47991 49407 15
3942 37732 15
38828 47672 15
33396 48893 15
21972 47932 15
23071 34643 15
4831 13300 15
17660 41381 15
37660 42855 15
28996 36256 15
28998 31941 15
2724 11441 15
8618 17233 15
13603 25638 15
25092 43509 15
9238 27306 15
6768 29768 15
22384 43493 15
30852 45568 15
22644 32018 15
17612 31323 15
29666 32218 15
13047 16261 15
4369 42796 15
22529 23523 15
13259 23832 15
13558 22461 15
26300 45669 15
38830 43002 15
1681 40884 15
636 7550 15
29424 35668 15
2544 13497 15
22475 32877 15
6397 26554 15
4577 7921 15
19467 40693 15
1592 16537 15
8549 16218 15
12967 15029 15
13381 17383 15
6398 12836 15
17472 47502 15
5033 24553 15
5019 13854 15
6398 42729 15
1376 2801 15
3929 28637 15
22340 45638 15
21402 37468 15
6806 45988 15
8214 24650 15
25006 25912 15
17719 42740 15
20413 30135 15
11445 21834 15
4597 24578 15
43431 49265 15
13139 27698 15
7936 15497 15
12966 30878 15
4120 49588 15
37122 43661 15
30899 32030 15
4607 34602 15
20983 44883 15
9437 39580 15
1765 40032 15
15891 29975 15
20707 27549 15
5042 31168 15
29446 45596 15
33529 35003 15
3949 6063 15
29774 32994 15
29264 43573 15
38109 39760 15
2786 38598 15
29268 29583 15
40684 44774 15
19248 41593 15
22472 34258 15
13395 16383 15
5282 9505 15
990 5450 15
26141 28462 15
6446 47040 15
8527 30431 15
68 269 15
22762 23614 15
22303 36464 15
9428 42593 15
31092 44225 15
15777 29034 15
43132 46095 15
12458 20483 15
4795 23530 15
12566 42324 15
10019 40396 15
21426 39291 15
11232 43357 15
25919 39609 15
17509 28227 15
3601 9876 15
3938 46988 15
17514 39251 15
11275 49881 15
5437 21490 15
4795 20041 15
10077 41698 15
17852 41118 15
4787 41754 15
6668 6726 15
20045 46348 15
38857 43646 15
36856 38461 15
1425 19620 15
11502 12129 15
9397 34573 15
20060 37216 15
36881 41330 15
2501 16131 15
1606 26428 15
1384 14342 15
39713 47006 15
36813 44741 15
20973 32685 15
20973 21210 15
1746 38122 15
34223 34763 15
31244 33755 15
41180 49332 15
1595 42787 15
26084 36391 15
1746 12026 15
17901 35991 15
12454 30258 15
6509 37154 15
22503 42517 15
26111 45192 15
39766 49669 15
33720 48407 15
4812 13817 15
9398 17569 15
5574 11204 15
1401 1631 15
13471 14616 15
12979 27602 15
9449 18032 15
26213 48874 15
13464 14589 15
13090 38014 15
19809 49673 15
19519 31834 15
283 20317 15
620 47194 15
1720 35549 15
9448 22613 15
7998 12698 15
1721 20386 15
33447 34444 15
2742 22516 15
34485 41709 15
620 1627 15
9985 12360 15
5053 22964 15
20952 41956 15
11562 39960 15
33462 49833 15
17920 31005 15
2601 16010 15
11313 18475 15
3425 11395 15
618 14644 15
15301 25280 15
1641 2386 15
20717 45589 15
5086 13862 15
15738 27463 15
6377 21075 15
20037 34626 15
20844 21933 15
6473 24522 15
39710 49698 15
33441 38325 15
9225 22290 15
41946 43091 15
15834 32795 15
37688 47829 15
2754 27124 15
5475 42237 15
34499 42435 15
17584 33857 15
30899 40466 15
22688 35424 15
20855 26422 15
44695 49878 15
1797 45872 15
9449 28600 15
5479 6479 15
31020 31482 15
2478 42572 15
19267 23632 15
8562 12259 15
29844 44899 15
25887 37238 15
33499 44749 15
3883 14592 15
31217 44040 15
13121 26782 15
1589 8818 15
17417 28356 15
22322 33269 15
13424 39905 15
2745 20936 15
39583 41855 15
5624 41379 15
29240 44127 15
12410 31714 15
3894 10250 15
21961 28126 15
15663 47025 15
1658 6196 15
11225 20276 15
574 607 15
10483 31560 15
14517 33360 15
24983 35171 15
8101 14850 15
6725 25346 15
22851 41506 15
9244 25669 15
25871 39178 15
288 434 15
10363 15217 15
5049 12386 15
4433 7993 15
7991 40086 15
5278 27615 15
22879 44054 15
9375 28721 15
516 5511 15
18651 33457 15
11559 24286 15
3484 21101 15
15738 22603 15
2722 40880 15
11285 30859 15
34406 46405 15
30182 37835 15
9256 42916 15
15136 16035 15
10374 32177 15
570 951 15
4715 14347 15
17676 37324 15
34221 36211 15
13429 38678 15
17749 45564 15
3801 35114 15
14203 32085 15
7399 32148 15
16761 49287 15
14207 25159 15
480 12614 15
3843 5237 15
1211 5583 15
4404 38506 15
38432 45183 15
16758 21938 15
3156 8013 15
2963 27116 15
11342 27130 15
144 1320 15
14236 22570 15
14239 36460 15
21189 41658 15
4972 6445 15
2964 18045 15
16724 19705 15
23701 46950 15
19665 39717 15
14182 42549 15
12813 25361 15
44224 48683 15
14719 22489 15
4405 39890 15
18108 34282 15
8830 13078 15
22069 39670 15
8315 16416 15
32325 32755 15
3989 17291 15
19040 34550 15
4913 10516 15
5952 47618 15
939 1478 15
12034 39002 15
23711 48988 15
2086 31802 15
26974 46288 15
35727 39365 15
380 15887 15
3129 39642 15
7357 17407 15
10850 12784 15
19014 23115 15
151 27095 15
1197 1913 15
3121 32361 15
7095 29239 15
318 1083 15
15498 16504 15
7100 43375 15
9008 21112 15
3121 23578 15
24324 25080 15
24322 46117 15
14669 30113 15
19010 27683 15
14256 32906 15
21194 24352 15
11053 26178 15
14245 22446 15
32913 36248 15
6198 14595 15
6565 11427 15
9743 43573 15
21657 30029 15
144 9514 15
35818 46415 15
20263 43424 15
14697 26446 15
4181 7288 15
5980 12793 15
7093 39533 15
23800 44095 15
27692 36153 15
1116 28766 15
6191 7264 15
27928 46151 15
21154 47925 15
10795 26777 15
8807 30687 15
16848 28720 15
8303 13397 15
7043 9190 15
2333 13978 15
10796 13637 15
26807 27332 15
44311 45177 15
46595 47782 15
3186 24945 15
2052 2130 15
5905 25672 15
10799 16160 15
37563 40177 15
8377 39844 15
7054 27715 15
22133 29495 15
9554 20786 15
5893 23611 15
1094 1813 15
2632 41850 15
19604 31026 15
15586 40303 15
711 48885 15
11728 49276 15
34110 45336 15
18396 30995 15
33022 35639 15
18095 23214 15
6556 44533 15
2039 14677 15
1488 2424 15
30433 31005 15
3199 3413 15
23600 49932 15
19072 43948 15
9791 27405 15
35944 40928 15
18103 32880 15
14138 22129 15
12825 39432 15
4907 6796 15
23659 39580 15
126 30567 15
44275 47271 15
12047 41772 15
23664 25077 15
12819 49474 15
5339 35539 15
21168 46167 15
7065 24547 15
2072 31426 15
27822 49535 15
10823 15499 15
23690 43371 15
16784 49261 15
2640 2948 15
1107 23840 15
6229 11531 15
30442 47499 15
9335 40866 15
26824 29549 15
2056 25853 15
32251 33794 15
3847 41683 15
3180 36438 15
12826 41992 15
21775 34277 15
2291 44342 15
37902 49945 15
26841 29498 15
12057 33120 15
14745 43218 15
1225 5489 15
2637 10775 15
2637 15925 15
11071 40160 15
2675 13214 15
8976 49967 15
34064 35896 15
4277 6534 15
16519 20130 15
11839 43785 15
7159 22209 15
2185 26145 15
99 3617 15
14438 27615 15
19897 29175 15
14568 26158 15
9633 39252 15
2190 3447 15
14443 46277 15
25511 41997 15
8354 33815 15
1163 8238 15
10205 45736 15
3688 39447 15
11897 49489 15
20247 27617 15
27118 44214 15
6059 18580 15
4952 11356 15
943 3066 15
23992 47959 15
2177 39286 15
8921 17899 15
21265 26584 15
23999 42838 15
18461 20994 15
16502 17463 15
18509 28398 15
14580 38485 15
14417 27315 15
18946 42458 15
32780 44536 15
2181 25833 15
10927 26412 15
7158 26466 15
4017 4650 15
14490 14722 15
3057 11874 15
32657 44277 15
14483 28510 15
1143 15148 15
35328 42176 15
24057 45938 15
8346 46777 15
3054 32008 15
18961 21258 15
24055 27020 15
1507 11083 15
2657 9121 15
16463 32735 15
495 36350 15
27236 37717 15
6108 40794 15
16454 36214 15
16443 17308 15
19900 24069 15
8943 47966 15
11895 46118 15
39677 42973 15
24038 27828 15
14466 45486 15
18467 43034 15
20527 32693 15
40745 44889 15
14472 32040 15
45944 47395 15
19623 44250 15
24049 31606 15
11849 17445 15
27296 29550 15
6586 14435 15
11360 12447 15
35306 42372 15
27291 32772 15
430 2692 15
16422 28303 15
7313 19622 15
3116 4496 15
151 3261 15
16625 32552 15
14649 16837 15
6170 47555 15
0 4691 15
798 4084 15
27026 42262 15
6569 29919 15
18122 23417 15
14656 43554 15
14336 46646 15
38422 40570 15
41121 44626 15
2141 9550 15
43769 46126 15
7309 22784 15
42679 46033 15
1186 34267 15
20253 25787 15
21214 29266 15
27614 47335 15
27610 38472 15
4401 8893 15
16645 19318 15
22111 42647 15
47141 49294 15
6568 10908 15
24302 30999 15
3804 27148 15
27048 46490 15
19887 33258 15
23837 40183 15
2645 31514 15
16 6328 15
2990 39360 15
16323 47251 15
7323 23099 15
23859 38628 15
14657 30924 15
2166 30476 15
24249 41900 15
35256 43738 15
3091 3999 15
5325 6498 15
21273 46051 15
23953 37913 15
149 43311 15
20251 26414 15
9322 25576 15
4745 5733 15
32808 41506 15
1177 6223 15
376 20753 15
4023 31382 15
761 15610 15
16545 40456 15
4739 11044 15
8987 20212 15
18992 49422 15
6037 8488 15
1524 22083 15
27051 32319 15
793 4404 15
14631 26557 15
17 135 15
5181 8143 15
18157 32961 15
4398 21432 15
2273 38609 15
9928 24235 15
15507 42826 15
10191 46125 15
7292 23685 15
27477 33086 15
3002 16439 15
10893 22569 15
7291 20104 15
7289 32153 15
145 47685 15
36228 42753 15
8265 27444 15
5774 13412 15
38486 46828 15
11629 20609 15
4622 6682 15
24748 40840 15
7676 38509 15
6944 7130 15
395 46911 15
45 416 15
395 17795 15
14948 45160 15
26515 28145 15
15626 43218 15
19388 41398 15
3971 19321 15
1920 3054 15
23282 35789 15
45618 47239 15
20611 43540 15
3312 29517 15
16049 36917 15
2868 9642 15
6934 27731 15
25667 30255 15
28623 48667 15
36259 48354 15
40838 42731 15
33240 40511 15
40704 47412 15
1306 47430 15
21860 23508 15
1306 28170 15
18844 48910 15
26494 44369 15
1563 12665 15
5771 7164 15
1562 2492 15
34733 35496 15
4081 22169 15
16078 16997 15
3282 36294 15
33976 40727 15
7627 38703 15
7627 8288 15
678 5012 15
1943 17748 15
28399 44395 15
4378 4889 15
8272 30166 15
536 3634 15
23342 29580 15
28376 30334 15
2892 17701 15
1947 18532 15
5217 19891 15
2894 6616 15
10249 11542 15
34800 35021 15
20601 43691 15
18353 20167 15
7657 21741 15
38486 45932 15
5782 16102 15
9504 21782 15
19571 24968 15
8268 41512 15
33203 47768 15
43306 44194 15
4241 48340 15
9103 38927 15
1929 11480 15
18678 21831 15
23314 31194 15
4082 5005 15
20599 32376 15
11331 18660 15
5802 8467 15
17217 43512 15
4691 18498 15
1568 5112 15
16009 27499 15
33321 46334 15
12910 41345 15
2437 39248 15
19551 21976 15
26408 30702 15
11604 27975 15
648 10766 15
3343 28287 15
6898 9626 15
39633 43552 15
1868 15079 15
4853 19689 15
23134 29001 15
17990 39926 15
3866 4947 15
18331 25986 15
3755 10425 15
28867 43802 15
15044 48726 15
26364 33420 15
26370 26419 15
2443 7983 15
28856 48144 15
11188 19974 15
1330 24303 15
8409 19214 15
21881 27506 15
15040 47213 15
25333 37285 15
37802 48432 15
8643 48291 15
9262 10904 15
40879 41472 15
33328 48172 15
28830 30919 15
13648 24044 15
19703 29630 15
3325 17663 15
13721 22958 15
1317 1692 15
12905 26538 15
18339 23045 15
28668 37021 15
17997 20349 15
42412 46705 15
14980 43910 15
28702 30435 15
11621 44754 15
7696 46897 15
6315 45969 15
31742 43758 15
28657 49674 15
10251 45788 15
17144 34213 15
446 20866 15
26476 37756 15
6324 43108 15
31673 39430 15
18825 21893 15
17180 46551 15
4857 10879 15
46527 49722 15
22215 39237 15
20621 47827 15
1054 2621 15
28729 32882 15
14061 24111 15
7721 30581 15
7721 27271 15
7718 27577 15
853 3033 15
3328 29643 15
2424 7060 15
6322 41235 15
17166 25769 15
10734 21903 15
35994 36366 15
3979 10884 15
14863 39419 15
34878 40523 15
21790 31246 15
41420 42284 15
6994 30475 15
19104 25979 15
34876 38516 15
20190 26372 15
23541 29755 15
5061 6659 15
1990 22718 15
7549 24776 15
2919 48865 15
18059 47922 15
2368 19309 15
18046 33270 15
22166 31809 15
530 28617 15
28215 44190 15
16986 22387 15
1983 31024 15
2909 3764 15
9531 12044 15
4674 7789 15
10236 13607 15
11399 47830 15
16984 22171 15
3661 19141 15
19105 47907 15
26652 29610 15
18873 27975 15
26702 26870 15
5133 25086 15
26698 45018 15
21472 38404 15
28123 45461 15
7539 15146 15
8773 44465 15
20486 34470 15
387 23827 15
34900 49187 15
11702 19439 15
2007 49045 15
34136 44526 15
21495 23178 15
7527 28791 15
14004 47210 15
14015 17610 15
2696 3676 15
16147 49048 15
1997 10653 15
828 11943 15
3217 4580 15
5853 5976 15
13990 16692 15
2009 24491 15
10240 22238 15
700 11297 15
8288 36542 15
21 36385 15
26685 28960 15
5061 19248 15
18163 37475 15
33091 47642 15
9835 32098 15
23399 29771 15
160 36087 15
18036 46837 15
4510 4756 15
9795 45249 15
13917 35062 15
23572 32856 15
41678 47056 15
2030 29709 15
24519 41835 15
9524 20627 15
34124 34520 15
303 1764 15
11121 32414 15
21617 36894 15
14884 22256 15
32147 43995 15
2032 12075 15
16101 47376 15
17042 44093 15
85 282 15
44469 46640 15
9847 42309 15
13883 23826 15
110 5842 15
7605 24749 15
28224 44514 15
17030 46090 15
8800 35396 15
8737 37263 15
43625 43983 15
8395 41477 15
14897 21351 15
23383 28760 15
3263 8240 15
18861 27773 15
30363 44641 15
28244 37356 15
4595 34641 15
2373 4018 15
42514 49516 15
10172 22215 15
3247 47138 15
10235 22462 15
16911 47099 15
5832 43205 15
6547 25195 15
4516 6673 15
157 36092 15
9832 39592 15
32121 47073 15
2350 12250 15
32133 40662 15
16178 19956 15
1481 49656 15
12148 35054 15
32039 40441 15
11335 28792 16
34131 43211 16
19794 38785 16
18147 49903 16
34183 39009 16
22309 26781 16
2552 6602 16
10133 38976 16
10314 45631 16
529 2365 16
22085 23628 16
5085 9825 16
922 1059 16
20120 41170 16
25486 42273 16
6527 14066 16
22078 34959 16
17982 28005 16
5421 41421 16
6509 6728 16
5076 13846 16
2707 3063 16
3596 10330 16
520 4748 16
22084 26773 16
11319 39071 16
17878 46174 16
17950 39545 16
6515 12421 16
10279 15245 16
40598 42104 16
922 15201 16
10251 12856 16
18013 33786 16
4471 31902 16
6520 41719 16
549 11967 16
10248 14011 16
5405 5868 16
22120 46859 16
549 13120 16
10292 16010 16
10215 48228 16
3648 7573 16
15623 42339 16
5335 7179 16
3603 17219 16
17856 38314 16
5436 31167 16
37355 48675 16
15576 20428 16
34082 38690 16
11334 13445 16
11343 24401 16
22316 44858 16
17869 39400 16
18106 32893 16
18138 29729 16
21520 49570 16
5321 28341 16
40623 49339 16
5339 47132 16
5322 12386 16
25359 36890 16
15638 31699 16
2701 35078 16
20075 23101 16
15637 39298 16
17997 31908 16
3658 40540 16
5324 26671 16
5081 31221 16
22093 31149 16
3906 28990 16
5308 26735 16
15689 28529 16
3673 16267 16
22065 43302 16
5315 46927 16
10192 13131 16
10149 45739 16
40555 44956 16
21488 46741 16
37372 47948 16
18000 46636 16
42555 47293 16
3187 22768 16
16846 45989 16
716 3407 16
21633 33869 16
23600 29027 16
821 26621 16
9549 31504 16
822 1518 16
24495 31661 16
21632 37013 16
11088 46852 16
3848 23803 16
24506 34283 16
5890 8252 16
21629 28689 16
10776 32988 16
21789 30998 16
23555 26580 16
3208 4858 16
6252 9290 16
5206 18740 16
6255 10775 16
9803 42675 16
3179 33877 16
23682 28404 16
5195 37363 16
35848 41350 16
23665 49929 16
16806 18841 16
19953 49838 16
16225 49178 16
3176 14919 16
10812 31284 16
16823 43556 16
3846 22253 16
34922 39990 16
18406 44047 16
5918 29657 16
18546 28423 16
5916 10770 16
23643 26450 16
9779 10573 16
42563 47253 16
16842 16957 16
16842 46414 16
11078 15642 16
839 3005 16
36082 47366 16
6276 14517 16
3248 5883 16
5831 25856 16
20289 32379 16
17009 17242 16
17017 37232 16
6282 6812 16
17023 30948 16
5819 41305 16
3269 4230 16
47665 49361 16
17041 41737 16
19980 47438 16
161 1035 16
23341 37617 16
678 3178 16
324 44395 16
9511 18565 16
34763 43499 16
9861 38926 16
9862 14573 16
3291 31419 16
3234 7414 16
2920 41436 16
16942 30211 16
9814 36604 16
21796 25191 16
700 21019 16
16956 33401 16
20192 48366 16
5850 23605 16
5850 16583 16
3232 7187 16
699 917 16
35838 38075 16
698 812 16
24577 38814 16
16982 19826 16
16136 19548 16
39901 43691 16
20190 21162 16
34859 48982 16
3780 11347 16
832 48249 16
10727 28894 16
37994 43355 16
3025 6795 16
24174 31857 16
41860 44833 16
10977 42321 16
24180 44030 16
3018 29148 16
20232 30388 16
3017 37804 16
16531 48163 16
19 4924 16
16535 31810 16
21682 25905 16
317 1899 16
16542 49906 16
16550 45010 16
10909 16979 16
788 4144 16
10904 35430 16
10901 48179 16
23944 33698 16
3093 14364 16
37942 48367 16
16579 22663 16
18498 30781 16
313 2148 16
9653 27832 16
16471 16884 16
10932 46980 16
9668 47589 16
6093 28451 16
3032 3060 16
10956 49111 16
35304 44360 16
9647 40419 16
5158 5167 16
226 17418 16
24046 34047 16
24151 24806 16
35288 49965 16
3063 8976 16
10928 25389 16
35433 40502 16
35440 48500 16
19907 41386 16
42805 49225 16
35443 38074 16
23765 34326 16
3838 5114 16
16282 28131 16
11045 11661 16
3136 4670 16
16706 30439 16
16271 35272 16
23780 41659 16
18534 22994 16
2966 5002 16
5966 8444 16
6201 28268 16
151 47677 16
18426 43984 16
5958 28410 16
24424 25481 16
21756 40987 16
320 6649 16
42615 48550 16
10825 33990 16
5945 9187 16
20212 39960 16
24442 43655 16
37923 46445 16
10893 11086 16
18447 30389 16
10891 12534 16
6025 32809 16
3834 5655 16
18444 46231 16
16352 29496 16
23887 30677 16
310 9758 16
18443 23864 16
16339 29927 16
3292 6100 16
35177 48012 16
310 491 16
35171 45112 16
16313 45203 16
11019 32653 16
24322 39769 16
11023 26787 16
318 844 16
16300 32736 16
4387 26428 16
10426 37555 16
3470 39570 16
22740 40557 16
22736 42618 16
2789 48631 16
3477 4797 16
17540 20558 16
36893 37091 16
17549 42648 16
886 6492 16
17568 20890 16
2780 3495 16
10459 31696 16
891 9713 16
5552 49928 16
594 39123 16
36977 48941 16
5273 23686 16
10420 42897 16
11259 32152 16
593 868 16
10055 34126 16
20058 39281 16
17637 35868 16
6 291 16
10483 35859 16
3741 47603 16
17446 22347 16
10481 39528 16
21574 24008 16
5106 13786 16
3449 29652 16
3450 6403 16
2802 15887 16
3454 15952 16
42286 43603 16
17643 46839 16
5 34878 16
17490 26954 16
34448 47050 16
17494 32619 16
21571 29623 16
17499 36024 16
19814 34715 16
36842 48087 16
6409 37010 16
5577 44269 16
17764 25593 16
15764 36134 16
37105 38163 16
42168 42649 16
6458 29798 16
576 1031 16
4444 49479 16
20061 20191 16
2744 44247 16
22013 46457 16
2 45711 16
37167 37686 16
5499 6312 16
37215 47398 16
5471 23845 16
41206 41270 16
22403 26225 16
9387 18068 16
22390 37326 16
42113 43781 16
5460 14031 16
2728 28034 16
5458 6540 16
5456 43778 16
3889 40504 16
3516 3612 16
6441 39278 16
10409 39067 16
5521 7023 16
18238 25135 16
11262 25491 16
4580 25289 16
38101 41848 16
25131 34115 16
3889 31453 16
21551 45158 16
24981 36640 16
17671 24567 16
3533 28904 16
15796 37980 16
48879 49293 16
37086 48175 16
21544 47794 16
5502 37905 16
577 33633 16
904 2094 16
9398 18294 16
17235 37161 16
10627 14171 16
19847 23946 16
856 27385 16
9472 26758 16
4563 27347 16
24831 26893 16
17229 28061 16
18597 48354 16
9472 11428 16
11185 44073 16
23123 43197 16
6321 7315 16
36415 42403 16
3352 28279 16
47934 49942 16
17237 21306 16
21892 32088 16
6343 35651 16
23089 24581 16
643 6203 16
23078 32174 16
19829 23133 16
639 7467 16
2870 33419 16
34755 43878 16
23298 44385 16
40289 41093 16
10667 34228 16
40289 47026 16
2875 11251 16
36239 47608 16
34737 44971 16
2873 12852 16
667 25967 16
3765 28022 16
18301 49669 16
4421 14763 16
42968 48804 16
5763 16894 16
23217 33297 16
6318 29700 16
662 3882 16
9892 48033 16
17162 36685 16
23190 35295 16
9893 12618 16
5638 8598 16
625 17369 16
17358 30304 16
18611 23046 16
4488 5673 16
17361 23478 16
5654 36789 16
15939 47370 16
5651 36133 16
5639 10647 16
9442 13827 16
42310 43864 16
18289 31542 16
15904 21965 16
22878 24358 16
36754 41841 16
36756 45781 16
5257 8525 16
18273 31977 16
5623 15996 16
5106 36121 16
37746 38967 16
11223 24274 16
5672 6156 16
17274 43299 16
639 1827 16
21910 41368 16
23038 30660 16
17281 45852 16
2830 10590 16
3383 7548 16
24902 49020 16
15965 16071 16
17298 49472 16
36551 39014 16
481 33380 16
9456 48771 16
2825 3051 16
21924 26010 16
9455 29854 16
15949 38176 16
2821 32169 16
6370 17150 16
22968 41961 16
2819 33743 16
10534 48935 16
14456 26940 16
33603 47945 16
2515 4164 16
4941 24992 16
7847 30142 16
21402 37219 16
2512 11184 16
7243 33197 16
19238 45801 16
8442 37249 16
4823 39211 16
13492 25947 16
12356 34123 16
26092 38826 16
13002 15674 16
204 228 16
38205 46418 16
8940 23602 16
1799 21464 16
8449 26287 16
29158 31927 16
27309 40404 16
30074 45340 16
32536 34925 16
1598 27886 16
30129 40612 16
11945 49512 16
352 2231 16
11945 20798 16
19524 49185 16
38896 43426 16
11945 15633 16
33626 34269 16
33611 41458 16
15197 47257 16
2505 15517 16
7271 8830 16
1808 42908 16
8920 45953 16
4607 6109 16
1356 8520 16
12622 37060 16
15189 35723 16
30920 45835 16
15187 38398 16
13503 29948 16
26200 29501 16
29211 30129 16
32704 40765 16
1784 14804 16
11863 39333 16
33519 36422 16
9176 30527 16
4770 10640 16
20441 40145 16
1146 27608 16
12611 14833 16
11562 25071 16
4224 6288 16
14525 36859 16
1775 25975 16
8965 44274 16
13421 19965 16
8557 35993 16
2240 14153 16
29987 42310 16
13046 14471 16
14550 38582 16
13054 26575 16
354 23351 16
7223 39283 16
7223 25962 16
38868 47512 16
27294 37506 16
14480 15411 16
2504 8047 16
64 9483 16
13014 14485 16
26120 49637 16
8582 36647 16
14388 38091 16
13015 47309 16
7873 31877 16
7876 8032 16
29192 48394 16
8575 10085 16
15154 25746 16
45918 49256 16
7203 25533 16
6811 16395 16
1785 13336 16
31558 34326 16
7373 10820 16
2562 39257 16
19212 42316 16
32366 34396 16
13604 27460 16
14268 28968 16
6725 12991 16
6728 10045 16
31569 44355 16
1470 49014 16
13587 23276 16
32362 37939 16
11996 37118 16
4033 25608 16
14300 18746 16
1831 37554 16
379 7174 16
25921 28761 16
28992 42495 16
28993 44894 16
14318 38078 16
1830 2890 16
11483 21707 16
19037 31717 16
4102 16316 16
4040 4563 16
1572 16044 16
8643 14489 16
7764 12015 16
2570 47174 16
30255 37094 16
7386 20622 16
8252 10182 16
27591 29207 16
2097 31273 16
30253 45175 16
15310 45488 16
32349 32666 16
31597 39320 16
2566 34394 16
25859 27184 16
13625 48198 16
43364 45000 16
1578 7571 16
32473 42159 16
15240 15952 16
4164 10263 16
33656 40235 16
2535 2805 16
7300 19429 16
2145 7235 16
456 710 16
4828 6856 16
2151 12919 16
43406 49979 16
1004 8783 16
27509 33514 16
21228 24287 16
12634 48306 16
8894 13844 16
14371 38249 16
19441 38273 16
8207 43345 16
11950 12712 16
2162 22601 16
45872 47979 16
1353 17252 16
120 5775 16
25933 26160 16
25933 29545 16
19614 40074 16
27565 49013 16
41753 47339 16
1468 47098 16
1343 19674 16
30882 34743 16
13559 46138 16
11972 41645 16
8973 37808 16
2137 48209 16
8424 14372 16
46438 46811 16
15251 24420 16
12320 16662 16
15250 47892 16
9208 24152 16
4112 9026 16
1186 7010 16
1821 45081 16
39438 44302 16
11622 28546 16
13289 23813 16
43724 49076 16
1103 17472 16
8091 10066 16
26496 38022 16
14963 36058 16
14963 17427 16
8089 46253 16
39356 41739 16
14756 17629 16
18839 36369 16
29508 38093 16
1061 1078 16
14768 17672 16
20944 34107 16
13270 46039 16
2403 21292 16
41027 49259 16
14780 19737 16
3984 19762 16
44827 48433 16
29469 47807 16
8099 28126 16
18832 32601 16
12575 35330 16
21300 48464 16
367 1299 16
26912 27864 16
1110 16850 16
38811 38952 16
7983 41632 16
26909 37979 16
45335 46832 16
4617 4939 16
13130 24659 16
13295 41365 16
3968 33216 16
9028 23940 16
7073 8422 16
108 690 16
31211 48921 16
32975 43548 16
29795 44599 16
11686 36413 16
13232 30661 16
26586 28138 16
4136 7921 16
4718 6252 16
14847 21851 16
7000 27387 16
6999 28275 16
11700 24123 16
1414 18562 16
2385 10159 16
13209 18057 16
26727 35880 16
20928 48284 16
9089 24849 16
9078 36091 16
4987 32662 16
26599 46118 16
6980 42270 16
6980 16770 16
6974 49663 16
6977 38353 16
1077 24382 16
21322 33125 16
18884 46358 16
26800 27081 16
9047 33684 16
20713 29729 16
3983 45083 16
26537 40043 16
4623 4928 16
8077 21844 16
2340 3810 16
26557 49595 16
20464 36714 16
44863 48841 16
1067 35193 16
39385 43488 16
31081 37077 16
9061 29606 16
31182 48109 16
19695 26053 16
29572 38961 16
437 22828 16
8508 18157 16
8128 37581 16
9156 29251 16
13379 17135 16
7141 38451 16
29302 36956 16
2460 4247 16
11821 37638 16
29303 41849 16
8991 40401 16
21377 46444 16
27073 29563 16
4284 5831 16
13379 27628 16
8540 10695 16
29915 43757 16
1386 35940 16
8127 10811 16
29350 30785 16
1123 6415 16
20972 36043 16
14643 39871 16
11590 21311 16
12581 21072 16
2257 5395 16
14556 20502 16
461 12637 16
2251 36787 16
2252 5152 16
7902 30957 16
29963 47121 16
439 32046 16
13403 18945 16
14572 36962 16
4008 11678 16
18817 44348 16
1136 1605 16
38529 44131 16
20516 24468 16
13391 24269 16
2260 31356 16
13074 21805 16
29929 37044 16
6849 7392 16
14585 18077 16
7146 19623 16
107 12936 16
7966 16134 16
18914 21106 16
7097 15833 16
13109 35832 16
7094 29264 16
4614 17717 16
2302 8771 16
29409 39622 16
1436 1734 16
26951 27870 16
7090 38578 16
2296 35534 16
1734 2170 16
4615 7322 16
11611 13684 16
463 32337 16
14707 45047 16
20958 42646 16
8475 43177 16
2310 14302 16
19705 29934 16
29820 35741 16
3963 8177 16
26343 42233 16
13348 26493 16
13345 25054 16
4311 5310 16
31018 41907 16
4962 16036 16
9002 13009 16
13089 29325 16
26998 39385 16
29379 49958 16
39045 40095 16
5005 5720 16
19256 39887 16
19656 31173 16
4967 6601 16
18919 41842 16
14677 27779 16
1438 2202 16
12467 14486 16
2294 5937 16
18917 44815 16
9293 22701 16
6670 29347 16
4074 9732 16
2583 39217 16
6592 28683 16
28451 41426 16
32004 44996 16
2584 9382 16
21168 39955 16
19127 43647 16
2598 9758 16
1955 3301 16
27862 49958 16
8333 15507 16
12051 16904 16
2627 8743 16
4740 8726 16
4255 19861 16
25797 27689 16
1894 28341 16
12795 25228 16
4262 9087 16
30470 38848 16
30388 37150 16
28810 38750 16
38192 41213 16
1974 17972 16
21137 49854 16
12078 18874 16
8731 43801 16
21069 30072 16
7562 13788 16
34030 49370 16
13733 17482 16
2012 4480 16
38703 45762 16
2649 5146 16
15497 43319 16
44252 47871 16
2583 8531 16
21090 24507 16
15370 43377 16
1960 4719 16
30663 37722 16
7494 12686 16
12151 46384 16
20783 35569 16
4905 22138 16
11396 21078 16
12692 33530 16
11450 43792 16
2025 3991 16
12055 22635 16
19586 35419 16
31739 42550 16
33959 44486 16
4904 6632 16
4063 5872 16
20742 45259 16
28187 28947 16
4598 29336 16
7664 10553 16
31668 38268 16
12051 25228 16
25792 27460 16
1312 12529 16
950 13667 16
20600 41237 16
426 16563 16
27934 44293 16
8794 27445 16
27872 43027 16
6643 11897 16
28080 33336 16
9263 40983 16
12190 41134 16
28747 31393 16
43294 46562 16
5061 27911 16
30476 39002 16
31696 44893 16
14130 48297 16
1535 1621 16
25721 46379 16
12906 41646 16
2602 3733 16
39153 44159 16
4334 38314 16
30685 47090 16
12117 31805 16
2601 24724 16
13916 17891 16
15413 36789 16
20786 39413 16
12804 31597 16
4101 6168 16
43 2848 16
39152 40546 16
13872 32905 16
12870 49193 16
28516 38089 16
30819 35016 16
18751 39314 16
28671 28888 16
15462 30205 16
4335 6919 16
39107 39619 16
28145 41516 16
31925 42107 16
18692 30849 16
41771 45502 16
44511 46041 16
1569 4574 16
15451 15706 16
7481 8446 16
12909 26880 16
32079 41497 16
8665 41169 16
19543 23912 16
2054 8078 16
27787 34837 16
15408 46745 16
6628 30633 16
6639 8997 16
45725 46382 16
1248 37121 16
28357 35197 16
13942 43343 16
19069 39985 16
33942 44632 16
6689 26295 16
1285 9122 16
12836 46220 16
15345 36531 16
19590 20775 16
1865 45735 16
1861 8460 16
30503 32143 16
1890 26471 16
13820 25961 16
7484 25434 16
4681 27343 16
32021 36041 16
32171 34965 16
15423 27707 16
8340 28360 16
28714 46154 16
1512 4722 16
947 8351 16
13915 47592 16
12066 24598 16
4685 13034 16
27816 42647 16
4087 30851 16
391 1953 16
7421 23143 16
6690 31895 16
1555 8542 16
7710 21188 16
27824 37304 16
6625 21926 16
2009 12547 16
4174 7408 16
41243 44187 17
31247 48133 17
9008 38662 17
14694 20472 17
3485 23081 17
11773 23915 17
3294 41101 17
5569 16217 17
18245 22520 17
9019 9664 17
28514 33780 17
2306 41656 17
24370 33107 17
29421 35190 17
11052 13437 17
805 34710 17
1115 30993 17
16292 37997 17
39315 45369 17
9829 43174 17
20961 40031 17
16283 28320 17
12137 28512 17
4253 9133 17
7560 47335 17
1736 21785 17
32906 45303 17
14690 35153 17
36870 47861 17
10732 24066 17
4000 40326 17
28157 34068 17
4646 5777 17
5153 14734 17
7543 7946 17
32828 48973 17
31263 33458 17
32841 34045 17
795 12708 17
14632 25656 17
19648 34458 17
1750 27530 17
14635 41431 17
5224 7596 17
7947 31110 17
9611 22322 17
7543 15470 17
6169 47318 17
40290 42641 17
23478 27787 17
1914 8793 17
388 1146 17
16955 46712 17
3227 19244 17
14611 23429 17
31287 45312 17
1380 9301 17
6153 9216 17
4956 17394 17
14615 23883 17
6155 28500 17
24283 34176 17
1130 7969 17
4437 7325 17
35245 49534 17
4670 39946 17
3003 21678 17
159 992 17
24258 28103 17
24258 40485 17
40231 45684 17
16302 31144 17
107 2368 17
4390 4674 17
3837 10638 17
16307 39847 17
14668 14843 17
31255 45256 17
4414 30148 17
5779 9975 17
3737 10688 17
6179 39984 17
2290 3295 17
1920 48603 17
4254 40575 17
1987 24577 17
8529 11269 17
7100 24028 17
4812 39948 17
18253 36289 17
14681 38023 17
10025 10382 17
5586 17451 17
12458 15781 17
242 2995 17
2993 21917 17
12219 19314 17
7548 12829 17
12218 49321 17
1992 8405 17
9823 42557 17
1122 3685 17
3736 47659 17
23475 44319 17
35174 39354 17
38556 41779 17
24294 34319 17
5 5466 17
2289 9469 17
14664 35640 17
39089 46212 17
1301 5525 17
24541 47277 17
5542 22946 17
16180 17461 17
18557 28703 17
3501 45452 17
13875 18752 17
824 38291 17
23338 48936 17
3982 6973 17
36991 44328 17
11095 16466 17
14817 17112 17
19871 32682 17
26733 43550 17
17037 21808 17
3981 44398 17
14826 38571 17
17630 27665 17
14832 33929 17
3854 18377 17
13873 41605 17
38469 47337 17
1094 6730 17
17597 40771 17
4079 14596 17
11734 16084 17
17598 22479 17
16192 23521 17
108 44506 17
8009 29428 17
4871 4925 17
19875 41031 17
11727 28224 17
12521 14523 17
6245 8147 17
28343 29577 17
2341 29622 17
18878 28225 17
13884 14823 17
3280 15678 17
413 933 17
12169 14899 17
11713 17065 17
10406 24752 17
16131 49113 17
39395 48325 17
1416 16282 17
8729 24318 17
4419 11274 17
29675 29826 17
10065 30732 17
11682 43352 17
110 152 17
9081 31089 17
31924 44025 17
22534 25514 17
1946 3462 17
6276 15229 17
12181 30375 17
24624 43591 17
449 473 17
2311 2679 17
24627 44894 17
5130 8729 17
3524 8616 17
5525 6127 17
20182 44538 17
2356 10532 17
1283 1535 17
17641 25416 17
10689 33723 17
1693 15283 17
17648 46583 17
14850 19860 17
26686 39529 17
19473 25797 17
21822 49494 17
24579 43837 17
9850 35464 17
38040 41724 17
26662 48153 17
9076 34752 17
14862 27461 17
12176 15874 17
13868 44951 17
8046 24489 17
16940 35348 17
13821 17535 17
13304 16368 17
3768 36991 17
492 4708 17
5833 16646 17
4251 14694 17
7582 12186 17
8521 17318 17
28268 40407 17
16241 43923 17
5787 23550 17
1109 1770 17
448 12142 17
11069 11400 17
41616 45307 17
26903 41320 17
28476 49920 17
17080 19899 17
38322 47073 17
31860 37381 17
12495 36451 17
19660 34418 17
3479 18818 17
3246 6042 17
26932 28883 17
19974 30362 17
14707 35102 17
20501 49506 17
29437 33671 17
21646 24692 17
28507 46397 17
26924 35380 17
11758 14966 17
40442 48084 17
32032 38601 17
599 24669 17
7077 45491 17
42848 46718 17
7077 16577 17
3482 5193 17
10430 21961 17
4130 30713 17
2939 18849 17
9040 47481 17
7596 25792 17
8740 25189 17
8716 14132 17
31975 46047 17
8006 48794 17
14775 18353 17
11751 16774 17
21820 22728 17
17594 19383 17
14766 32108 17
9858 25566 17
820 1887 17
2335 20361 17
36117 38603 17
1278 32670 17
21 11146 17
23332 36021 17
6237 23287 17
11080 40305 17
11739 30201 17
22683 38368 17
2322 6723 17
5793 31982 17
24449 49403 17
51 1182 17
5557 24546 17
31871 34150 17
16227 35222 17
8516 33748 17
7061 28231 17
22688 47906 17
9021 23903 17
2325 3564 17
5825 48004 17
29503 43799 17
31875 35882 17
2327 4340 17
5824 19575 17
491 4392 17
21095 29887 17
24471 34940 17
2142 8645 17
21734 48992 17
12052 41024 17
36542 44860 17
634 6004 17
17295 35095 17
9716 48614 17
4527 36798 17
1870 14347 17
2142 5336 17
8887 42241 17
37928 39374 17
3748 6688 17
13550 33774 17
31671 33243 17
36377 46944 17
14113 39920 17
13673 39050 17
6026 34432 17
23148 24981 17
14359 15528 17
8608 20035 17
29014 34274 17
35651 46126 17
27578 38505 17
12050 29268 17
14323 39228 17
21012 43355 17
7799 23900 17
13561 46147 17
35640 42644 17
23661 34182 17
21737 26276 17
150 23630 17
27548 45095 17
4028 19311 17
749 1398 17
16617 47914 17
13557 41898 17
14328 45487 17
14132 32804 17
35632 36106 17
723 20809 17
378 5905 17
14106 35056 17
23944 38794 17
3334 7441 17
2052 13503 17
23944 48954 17
1875 29189 17
204 20543 17
10899 40804 17
35911 38122 17
10537 28914 17
3185 34158 17
32243 32888 17
90 771 17
39119 42414 17
22966 25847 17
19957 37975 17
4275 14331 17
11937 20002 17
10910 44307 17
48220 48958 17
4532 43458 17
3400 6902 17
7292 24638 17
8608 9378 17
14359 47887 17
9909 43487 17
36573 45722 17
1348 13270 17
8893 11094 17
23919 24930 17
19927 31197 17
16836 19542 17
14110 45431 17
27586 36309 17
632 9477 17
7822 30367 17
35892 45743 17
32248 38903 17
20563 22907 17
18449 35529 17
29081 33537 17
44661 46502 17
9958 44202 17
168 369 17
19540 39247 17
5969 43758 17
27795 30380 17
16725 24089 17
3347 25789 17
19211 28556 17
31597 34209 17
28893 43576 17
3140 35309 17
19949 43956 17
5969 43298 17
10835 26859 17
2101 12122 17
3137 29871 17
27709 28560 17
5188 30894 17
10580 28724 17
23072 48995 17
7771 16209 17
32358 45412 17
27819 40637 17
23708 25677 17
2087 5882 17
23728 25081 17
16760 36257 17
20021 37647 17
7761 24523 17
7762 15113 17
10589 13701 17
23100 27488 17
3150 23673 17
44598 45537 17
14175 40156 17
500 25912 17
23762 41068 17
7754 20185 17
19024 49904 17
20641 22173 17
27736 31150 17
382 5488 17
16739 40472 17
41650 44315 17
4692 27311 17
27835 43723 17
5693 32906 17
1340 12201 17
3168 25164 17
27632 32036 17
8623 11636 17
638 5797 17
32281 41718 17
5937 8952 17
5689 12067 17
744 29760 17
1837 9777 17
9729 16599 17
7330 20673 17
23035 42058 17
7330 17824 17
5933 43094 17
649 32834 17
79 1711 17
4401 5173 17
13571 28293 17
12317 12424 17
9740 23639 17
3166 10937 17
20644 44856 17
10573 34937 17
4839 47158 17
21168 41016 17
4920 29665 17
36482 36516 17
14264 46402 17
28921 29424 17
39170 49005 17
7835 27153 17
14270 35504 17
1336 31385 17
9738 30573 17
4838 10976 17
3168 5251 17
14277 20112 17
192 5888 17
1339 27781 17
35716 38661 17
1371 1826 17
32119 48590 17
7699 12728 17
1143 49428 17
9990 11699 17
21140 22608 17
29243 41819 17
19898 37702 17
10954 28581 17
5624 12209 17
3314 26445 17
12408 42337 17
14537 15666 17
4819 16091 17
1772 6683 17
9992 25340 17
3827 29689 17
14548 16844 17
10483 33163 17
31763 46721 17
31314 47668 17
203 25860 17
2225 37678 17
8959 22068 17
16454 26952 17
7198 18397 17
28064 35080 17
27219 28887 17
6112 15365 17
2223 43817 17
372 726 17
45921 48715 17
21061 24314 17
10970 33839 17
38529 39810 17
4223 10325 17
1147 1171 17
16440 41040 17
13429 41910 17
19185 36988 17
20244 21595 17
13738 27529 17
8564 10077 17
27198 46305 17
27113 48107 17
24188 33647 17
2258 4710 17
28594 32246 17
27127 31328 17
1135 4779 17
32100 46431 17
24195 34014 17
11832 36990 17
5602 20490 17
12106 13312 17
21679 25257 17
32097 44642 17
16954 36123 17
19509 22597 17
18510 19965 17
32790 44003 17
14591 30421 17
31780 44296 17
4953 41863 17
5224 13794 17
18264 27494 17
14019 30161 17
4682 9309 17
1903 31415 17
20516 44294 17
24153 48665 17
16942 21383 17
10970 36960 17
17138 22692 17
18950 41758 17
13412 32523 17
20576 49815 17
4487 5011 17
5861 21148 17
1765 13615 17
4007 7822 17
613 12411 17
2255 44129 17
5227 40620 17
2008 2606 17
16385 24365 17
7684 25725 17
3409 4235 17
3815 29607 17
4408 10345 17
31451 39339 17
35465 39815 17
2183 23818 17
8803 27623 17
14074 42547 17
44311 45586 17
11913 32339 17
7847 16032 17
233 35277 17
23604 41036 17
35953 39158 17
6076 16113 17
4115 20169 17
7243 12690 17
4015 27220 17
48260 49749 17
7236 8369 17
20997 45576 17
7235 17333 17
232 44441 17
5202 17236 17
5903 13572 17
27940 48573 17
8661 27386 17
22958 41701 17
27414 36183 17
7836 38614 17
13514 42728 17
9679 15605 17
23618 25687 17
1234 14373 17
41254 46667 17
97 38401 17
29115 48410 17
36654 48452 17
5661 41432 17
5661 14476 17
27388 38333 17
7468 40625 17
28731 37961 17
21247 47533 17
7493 28188 17
621 45642 17
36712 37678 17
24063 24253 17
5645 41357 17
8796 28140 17
14048 49272 17
3763 11689 17
1241 2326 17
1150 12863 17
1892 7528 17
9891 38617 17
7205 36105 17
36304 41155 17
1786 19082 17
22904 46769 17
7882 9427 17
5876 42438 17
1896 4129 17
3045 33010 17
21249 38997 17
28697 29500 17
17168 21171 17
8934 19690 17
13719 20008 17
41077 41722 17
8937 41217 17
21243 49515 17
22929 29303 17
2197 9730 17
27321 45631 17
6083 16914 17
3011 22617 17
6086 14905 17
14057 44008 17
8798 21742 17
7216 48565 17
27274 35392 17
43880 46405 17
3202 45067 17
35400 43152 17
2209 37553 17
357 22968 17
13087 37999 17
2725 3137 17
30322 31433 17
15982 27418 17
20419 42520 17
10104 23995 17
18012 37477 17
21520 39761 17
9464 11629 17
2586 49396 17
18175 23903 17
15053 41739 17
4567 9700 17
5479 6401 17
33348 45387 17
12585 39542 17
1559 23364 17
2588 3264 17
5368 42599 17
11191 25710 17
15375 34994 17
3650 16326 17
21458 42768 17
22425 23732 17
46161 46915 17
3564 4114 17
3930 33405 17
12888 33872 17
15382 24189 17
10347 48851 17
34563 41569 17
5010 20506 17
15315 23235 17
13077 34933 17
19382 46366 17
5468 13901 17
22402 44811 17
11480 22197 17
2572 22148 17
4570 12662 17
30838 47603 17
43339 47354 17
25241 25553 17
24904 33898 17
22404 37130 17
911 3183 17
8261 16360 17
1556 9893 17
6864 16796 17
4454 28574 17
15966 28952 17
17995 24458 17
15723 20159 17
15328 33309 17
30306 49580 17
2457 7166 17
3703 22566 17
6867 32696 17
2831 9283 17
30807 35281 17
270 8442 17
15347 41578 17
6354 13532 17
1659 25924 17
34630 44094 17
24811 36034 17
3661 18870 17
481 2464 17
46903 47749 17
1434 33058 17
21514 40740 17
966 23124 17
5056 49267 17
25339 36171 17
4148 47918 17
14998 27898 17
30405 40530 17
14997 37516 17
11168 42848 17
15648 18607 17
1486 3207 17
4210 21278 17
29803 43422 17
9122 48843 17
15638 37945 17
16040 26366 17
25359 38355 17
6923 24960 17
10234 49952 17
6924 12572 17
11165 22492 17
17721 32750 17
5346 39290 17
29801 44843 17
15637 32335 17
6657 38785 17
9467 14962 17
5362 13036 17
6508 8746 17
46842 49935 17
2844 19101 17
13091 37171 17
4209 8852 17
38651 39254 17
25307 30120 17
6513 14538 17
15402 30941 17
15404 32680 17
37513 48081 17
18047 46755 17
6518 14888 17
40569 44719 17
22446 28948 17
858 39934 17
30378 31983 17
24830 42635 17
11319 29657 17
5485 36233 17
1655 31994 17
22013 39835 17
15420 47906 17
6902 10955 17
2431 26389 17
26418 32714 17
8388 40899 17
20806 34971 17
5443 6469 17
39757 48256 17
15221 17569 17
8209 38636 17
33580 39233 17
2770 31693 17
30151 39730 17
11232 17347 17
3615 38819 17
30062 49516 17
21555 31842 17
8430 35066 17
15874 27253 17
40661 44005 17
1002 11618 17
8175 18007 17
5424 7086 17
22355 27667 17
5418 24529 17
1466 3481 17
8428 20209 17
38784 39981 17
33552 44287 17
25960 36673 17
25129 44942 17
8170 13827 17
20742 22016 17
11512 11722 17
18640 44305 17
6745 34248 17
37273 41495 17
15798 38797 17
2511 23285 17
888 32376 17
12627 15806 17
11252 20415 17
25065 49885 17
12627 16682 17
11246 43964 17
4730 43500 17
2785 10240 17
4161 4831 17
9426 31604 17
1008 23644 17
15201 41540 17
10310 41749 17
2789 21035 17
270 569 17
9401 12226 17
15208 45707 17
19365 22007 17
4769 5234 17
8181 13164 17
9428 38630 17
30134 39428 17
34436 40496 17
10120 44977 17
15217 40508 17
4203 18944 17
4204 30604 17
30903 42170 17
9188 26211 17
15870 16758 17
2818 9203 17
3585 23202 17
37438 40485 17
5458 28267 17
348 27101 17
25180 33325 17
19346 31725 17
2744 26199 17
38115 41865 17
1028 8869 17
15742 28514 17
11292 31417 17
33433 48667 17
11569 40569 17
17808 31827 17
558 21124 17
6722 20682 17
2567 4961 17
12591 31808 17
11573 19116 17
4571 7638 17
24936 28904 17
22391 25544 17
20353 31740 17
908 24169 17
2737 30041 17
19738 22205 17
17796 27640 17
42116 42423 17
5112 42805 17
30260 30501 17
15953 46687 17
9399 36799 17
22023 25017 17
10290 11827 17
261 4856 17
545 5107 17
26148 36241 17
30012 43618 17
12650 20371 17
1020 24481 17
9176 12892 17
33695 43310 17
8163 19977 17
22270 44011 17
8454 20566 17
21427 42841 17
3954 14759 17
26618 27231 17
5106 43911 17
15124 25815 17
8417 11301 17
6387 36378 17
19453 41292 17
37413 45500 17
5399 9806 17
15763 45972 17
25168 29748 17
4773 47642 17
15918 32677 17
331 45839 17
6723 46055 17
25895 30597 17
10212 34909 17
9321 34428 17
22512 47969 17
9286 19793 17
2886 7241 17
34770 34821 17
41467 46859 17
17682 35498 17
17670 28813 17
2399 48540 17
931 14379 17
25475 27563 17
9294 26243 17
2630 17564 17
2629 27151 17
3923 25428 17
25654 46830 17
8053 23742 17
1423 21961 17
33161 45869 17
14964 28970 17
1520 29853 17
11365 20705 17
16109 43302 17
11416 35766 17
5314 32355 17
14897 37185 17
37075 44279 17
18682 34393 17
46060 49016 17
22086 39127 17
4588 28373 17
6941 7362 17
42172 47310 17
2681 46088 17
3537 38635 17
17707 45752 17
197 1553 17
10186 29009 17
22489 32744 17
40670 47628 17
15509 35767 17
2693 12270 17
30534 48545 17
1062 10235 17
488 3152 17
847 14799 17
31080 39421 17
14951 45153 17
1523 43066 17
949 7006 17
9342 11057 17
10234 35173 17
12822 38967 17
4142 8717 17
577 19029 17
6284 42563 17
3920 19481 17
19865 27688 17
16075 39896 17
13157 48843 17
3674 40889 17
0 16657 17
18147 31258 17
9116 32774 17
26476 38204 17
3524 17277 17
6633 11447 17
2397 49708 17
29698 41718 17
3669 11524 17
6964 7028 17
39640 45298 17
13154 49465 17
34025 44915 17
20106 43620 17
3677 45944 17
14928 47151 17
12547 15690 17
2654 33933 17
5276 7049 17
34828 48472 17
10393 28515 17
6596 13394 17
20474 28621 17
2617 9038 17
6562 13260 17
46589 46929 17
26599 48166 17
8352 44317 17
9335 34156 17
12834 21181 17
5276 12559 17
2686 2724 17
26521 30826 17
6599 12377 17
963 40342 17
956 42067 17
26551 38311 17
37700 48969 17
21473 25321 17
12745 35760 17
11425 19534 17
39645 41354 17
579 4364 17
29726 34162 17
5062 44181 17
2386 3116 17
23026 45195 18
3287 6265 18
20221 46871 18
17020 48434 18
23834 26902 18
11982 26792 18
12945 45747 18
10864 36020 18
8875 35935 18
4921 37828 18
40255 46352 18
10566 25597 18
21737 48978 18
13911 24224 18
4471 4682 18
6008 33809 18
1274 30867 18
9215 41034 18
1469 8173 18
8741 17254 18
25149 47653 18
17924 44116 18
3624 5594 18
10865 14818 18
19422 47944 18
8418 17960 18
27563 34538 18
86 343 18
3367 9236 18
9331 29677 18
16690 35584 18
8749 29562 18
40830 45999 18
7776 43155 18
18354 28794 18
12732 21015 18
36202 46883 18
2745 35077 18
4680 49425 18
3252 49612 18
27681 28816 18
5988 25572 18
27671 44673 18
12792 40595 18
5833 6443 18
2677 34607 18
16711 28373 18
4523 24076 18
4428 18350 18
7377 10397 18
3632 17050 18
17087 33208 18
10837 19688 18
10677 27927 18
28902 35463 18
6713 38137 18
32352 37822 18
1848 47527 18
3292 11212 18
1577 30147 18
21475 21940 18
37410 47325 18
17079 42912 18
3290 20057 18
6458 22990 18
15275 46882 18
1582 17682 18
1583 10355 18
9306 12308 18
28296 32172 18
18370 40450 18
7794 16207 18
3288 8795 18
14316 27183 18
11502 32170 18
2551 22977 18
5185 26172 18
3938 40402 18
3119 21558 18
2565 10064 18
2115 49889 18
31562 35802 18
5993 43460 18
22250 44929 18
1198 44720 18
9939 46445 18
20647 21570 18
3769 44341 18
31564 35987 18
3127 14180 18
20552 49474 18
15753 31674 18
19800 20045 18
8240 24547 18
9848 12218 18
3395 19643 18
40084 45147 18
7831 20155 18
2528 5782 18
8435 16978 18
10899 40547 18
42493 47435 18
23363 29536 18
2159 21554 18
8200 25781 18
35516 41946 18
11947 23861 18
8437 16646 18
27451 49249 18
1812 3979 18
1513 2047 18
2651 47771 18
9957 12145 18
31475 45893 18
2158 37670 18
19441 29523 18
26007 32323 18
40094 41089 18
14372 23865 18
18449 32392 18
29078 31026 18
3392 40984 18
8735 45018 18
9698 44887 18
4358 30527 18
48 92 18
28344 30882 18
21237 48571 18
3609 4487 18
12749 41830 18
25067 32381 18
253 5349 18
15536 44143 18
12183 33437 18
11360 11760 18
18991 23697 18
17053 18560 18
22029 34114 18
30918 49000 18
27402 44464 18
21404 49883 18
11356 38165 18
47350 48387 18
5665 8315 18
13540 16793 18
21002 25329 18
1174 36552 18
17047 20493 18
34386 49091 18
7274 39974 18
25482 38044 18
3398 30590 18
32518 41194 18
678 48173 18
12987 17279 18
21926 24533 18
23962 38154 18
33628 47189 18
11531 12677 18
8339 30041 18
10879 37875 18
2759 15822 18
13836 38457 18
12781 18011 18
8740 18247 18
10686 19748 18
2762 2871 18
5294 19508 18
998 17477 18
25948 26300 18
25970 43694 18
1591 23984 18
8716 28542 18
8887 44845 18
12777 43249 18
14353 29132 18
10711 35375 18
1185 11885 18
16613 22714 18
12318 43697 18
6567 25275 18
339 40412 18
77 32984 18
11270 13726 18
49128 49726 18
54 27163 18
5797 36104 18
8878 13381 18
8224 39161 18
6745 7743 18
17070 17997 18
25144 26690 18
8229 22479 18
9323 13910 18
36164 48748 18
3747 30032 18
25096 28478 18
23927 26328 18
27489 43450 18
22989 49912 18
37626 41754 18
10131 30813 18
15229 16346 18
1183 38285 18
22293 29323 18
27499 31523 18
25467 32794 18
2769 8009 18
12188 32377 18
3890 22274 18
12328 32444 18
10889 32306 18
8331 40817 18
19931 41514 18
3772 4686 18
12971 25094 18
25990 43618 18
23898 39783 18
3283 18992 18
21417 42465 18
455 48010 18
38193 42446 18
25113 28849 18
39670 40033 18
13549 47392 18
7540 15708 18
16869 24357 18
13991 46391 18
519 694 18
6626 33519 18
1884 11947 18
18048 21820 18
10244 14953 18
12830 16323 18
32082 48495 18
15407 21670 18
3305 29998 18
23615 32781 18
12873 47121 18
1551 2762 18
2693 15634 18
28742 44682 18
345 31121 18
37888 45990 18
11318 35008 18
1234 1733 18
21150 25675 18
10629 22236 18
6627 19076 18
27963 31508 18
10174 34887 18
10782 46895 18
13717 37764 18
18669 46476 18
9795 33368 18
18093 45224 18
3308 4782 18
56 13071 18
7547 20463 18
5235 6388 18
25289 36867 18
18099 44579 18
4902 38879 18
5048 7613 18
11455 28759 18
8657 9348 18
12714 45299 18
13684 18396 18
8655 14781 18
1872 7279 18
32252 42003 18
22057 28429 18
12125 34836 18
9341 9826 18
8270 22117 18
3906 17381 18
508 2372 18
8275 35869 18
28 2911 18
10622 15994 18
17188 20187 18
5310 23884 18
18172 48210 18
30768 31649 18
28754 49671 18
17180 47710 18
1320 22659 18
4596 29797 18
12260 13657 18
28568 32791 18
11441 27326 18
15625 30146 18
3926 28352 18
9886 27168 18
11326 23943 18
15437 28286 18
8786 14707 18
8295 17674 18
12836 40369 18
3318 4909 18
7689 42417 18
7525 14321 18
11 3650 18
3217 30563 18
45727 49664 18
5351 11271 18
6638 19605 18
7504 41018 18
5861 7048 18
28625 29500 18
38992 41138 18
18080 38998 18
15632 25289 18
10644 23515 18
12850 39936 18
12840 40104 18
4193 37207 18
15437 45965 18
17143 48944 18
3666 49829 18
13746 36587 18
23229 33885 18
8676 46452 18
25667 26615 18
9894 14249 18
15644 31810 18
32161 46782 18
1488 44652 18
19559 37748 18
5230 24369 18
4735 4979 18
1316 16610 18
40198 41885 18
25658 37199 18
4094 4706 18
25699 34653 18
12072 16885 18
34208 45548 18
387 14292 18
7680 43167 18
41684 45913 18
13666 16449 18
28596 41856 18
15644 21161 18
3789 39169 18
19082 32721 18
28596 42737 18
35967 44149 18
23249 45122 18
3764 19339 18
8385 40178 18
42550 48555 18
14003 38134 18
16950 31966 18
17152 21905 18
14044 40676 18
7501 20812 18
5716 27834 18
4522 17403 18
3353 44320 18
1263 42449 18
36076 41048 18
732 26245 18
8409 28936 18
6483 41714 18
14220 46691 18
27766 42752 18
15469 35109 18
8412 14491 18
297 25034 18
23099 48676 18
9756 11591 18
45602 47210 18
7390 39963 18
36077 40342 18
5719 5867 18
1296 40312 18
8643 22017 18
1859 26938 18
19384 47730 18
12663 36432 18
3351 38364 18
5836 34827 18
12731 46255 18
27779 48717 18
28234 33525 18
1494 23779 18
31641 38028 18
3350 19718 18
13806 15220 18
15306 17359 18
8250 25511 18
10266 23958 18
1575 20522 18
25855 30334 18
17245 43634 18
12922 38676 18
15307 36674 18
44493 49674 18
5969 17919 18
986 2390 18
17251 42725 18
3633 6074 18
33768 49517 18
23074 46296 18
3140 16553 18
10835 25832 18
7657 16321 18
18322 48234 18
7381 10705 18
4879 27054 18
19579 22941 18
25441 30450 18
15582 32886 18
20406 40343 18
8641 17200 18
17974 28258 18
16929 41624 18
8845 10228 18
32033 42320 18
18190 49448 18
336 2060 18
25225 30686 18
23132 28540 18
28554 47121 18
649 48677 18
27859 46017 18
37492 38230 18
14154 37762 18
18683 26276 18
30800 33239 18
21765 32025 18
14149 21267 18
16798 35083 18
671 4449 18
31664 43506 18
13658 18416 18
5376 12855 18
4414 31367 18
8315 11925 18
9376 32179 18
15459 39076 18
10 222 18
9774 17262 18
33858 38901 18
16810 20887 18
20609 31749 18
9822 19760 18
15701 36073 18
4051 12232 18
14129 36450 18
15457 35788 18
10249 20902 18
5079 6315 18
32252 49955 18
7449 11962 18
20021 21798 18
27814 44669 18
648 17299 18
5728 38540 18
3162 10593 18
13654 20043 18
27809 33384 18
18325 30761 18
17098 24280 18
6691 17617 18
6488 38775 18
22114 40062 18
21173 39238 18
1299 10288 18
38434 48983 18
9921 24931 18
10594 40481 18
25859 42261 18
16785 37186 18
1921 19942 18
13656 26617 18
27819 46596 18
539 780 18
3642 37946 18
4520 44768 18
21762 48960 18
2578 5897 18
38624 39964 18
1219 27881 18
30477 41364 18
6552 42793 18
1300 29699 18
3643 20805 18
29921 48309 18
9146 26397 18
1380 9383 18
26797 32166 18
12558 17998 18
10993 39192 18
24737 34293 18
1669 2690 18
21377 30687 18
20875 37575 18
8543 33378 18
2335 20823 18
22792 41473 18
15970 25375 18
20713 46508 18
4391 9230 18
26516 38433 18
13079 16635 18
15964 37884 18
13372 27331 18
11635 29371 18
22646 43556 18
6305 43056 18
16074 24796 18
22403 27986 18
10052 12137 18
17478 33638 18
20977 38807 18
38791 43466 18
32822 39971 18
36805 46041 18
32823 32924 18
6864 30497 18
65 15454 18
41342 45904 18
2279 4061 18
20068 25045 18
34738 42882 18
29767 46250 18
5153 12269 18
36965 37067 18
13354 24392 18
37215 38912 18
16205 18513 18
238 18162 18
27038 31986 18
18227 33678 18
1040 4907 18
40489 49830 18
847 24858 18
12569 28163 18
15080 37512 18
5549 15979 18
8128 15694 18
3459 14383 18
41826 43865 18
5286 13537 18
13356 30782 18
4996 14795 18
43796 49465 18
34943 36998 18
106 4911 18
27055 43795 18
32838 39312 18
35220 43594 18
11633 41108 18
46944 47636 18
4285 37277 18
783 15276 18
5273 39070 18
39790 49658 18
872 33535 18
29250 47372 18
9450 39493 18
14565 20670 18
20718 46723 18
14811 44146 18
52 9188 18
2254 2374 18
17685 17816 18
8978 9036 18
2884 4294 18
19248 29472 18
2468 8109 18
17691 49277 18
19821 36549 18
3028 4619 18
22854 36181 18
3504 26751 18
11091 47490 18
283 562 18
5135 13413 18
18235 27442 18
2887 45821 18
41039 43637 18
7901 27535 18
36988 47074 18
1409 14472 18
13169 38689 18
24706 43575 18
6842 39561 18
21682 29861 18
4952 27595 18
20295 35323 18
40851 46834 18
13387 37280 18
26287 43635 18
26554 38502 18
17784 21550 18
7921 47225 18
34518 45280 18
29275 47550 18
39996 43545 18
16375 33022 18
5601 21566 18
20450 20686 18
10006 43302 18
27094 37483 18
14605 17453 18
1634 6801 18
613 7517 18
27135 45598 18
17606 24163 18
2257 9288 18
10978 36356 18
2467 3550 18
24938 27383 18
45337 46355 18
4000 5396 18
45010 45357 18
6244 11466 18
2465 30811 18
1134 33765 18
20124 43053 18
44993 45196 18
6243 38971 18
39312 47168 18
26948 28508 18
42157 42553 18
16235 17194 18
6332 9167 18
14720 15627 18
806 47098 18
13291 40515 18
9580 25730 18
7975 39380 18
19707 38518 18
4619 6868 18
21642 21771 18
36889 43667 18
29422 40285 18
2969 3392 18
2954 7103 18
14728 30699 18
13321 34874 18
9489 24841 18
3487 5581 18
6335 44956 18
21307 24823 18
7096 30158 18
10038 48767 18
34 49922 18
33263 38909 18
48946 49164 18
10027 18143 18
138 35249 18
13110 44548 18
2416 8616 18
10377 17332 18
2433 4728 18
42836 48941 18
2419 6103 18
13307 45877 18
7984 23841 18
19455 42942 18
11767 46794 18
31048 38985 18
2315 4418 18
31223 46364 18
13297 28242 18
9123 25285 18
31053 44592 18
10439 40182 18
3548 21397 18
1056 7218 18
2859 20688 18
3483 14407 18
11174 12345 18
2967 38071 18
7976 12743 18
21958 22193 18
29434 49578 18
5003 17835 18
2863 47805 18
14707 22611 18
40667 43349 18
35020 42631 18
851 5798 18
178 7426 18
6926 10087 18
34658 43672 18
16239 22309 18
9486 12176 18
20151 35774 18
17763 18275 18
11595 19292 18
24466 42993 18
1741 45702 18
7108 21083 18
17763 32057 18
6344 19648 18
24757 25286 18
9006 15003 18
197 8371 18
13091 18463 18
24306 48915 18
21951 34777 18
32978 40543 18
21659 23924 18
22747 24900 18
8118 21125 18
9464 36358 18
5152 25871 18
22419 45072 18
15987 31879 18
1122 15091 18
20971 38297 18
491 5871 18
22422 31645 18
12579 40097 18
11020 21941 18
17505 19292 18
42998 47404 18
43724 44922 18
3835 14970 18
22488 28949 18
6173 7496 18
31257 45966 18
13104 27264 18
9115 38367 18
10366 23757 18
26393 32429 18
7099 43236 18
6313 39976 18
19459 36348 18
11603 11693 18
21364 30652 18
2410 16509 18
10025 10679 18
67 7190 18
34707 36427 18
11792 11870 18
17576 40880 18
16010 17052 18
24343 26065 18
3963 24787 18
16307 18278 18
24463 24485 18
39442 40921 18
4543 22315 18
801 5332 18
801 15765 18
20065 30549 18
17718 23552 18
9102 9605 18
15999 45295 18
11026 18569 18
39292 48672 18
38847 46317 18
2294 21053 18
48952 49633 18
598 4446 18
5128 10644 18
14478 17344 18
2205 21720 18
7221 24831 18
33099 43882 18
11884 18239 18
6405 16525 18
3598 4514 18
2797 16376 18
34810 46136 18
24057 40992 18
18470 28686 18
9186 27429 18
9089 28732 18
26655 29705 18
26115 30049 18
2210 12050 18
27260 30634 18
10405 11402 18
14476 34690 18
769 41927 18
15167 26249 18
242 46153 18
24047 30582 18
22522 39304 18
8944 23704 18
11117 46621 18
11892 13155 18
16490 29093 18
13201 22806 18
838 867 18
22923 31871 18
10930 23176 18
14858 40497 18
33167 36933 18
5020 38357 18
175 6871 18
135 8939 18
6101 37194 18
12611 40747 18
20438 48341 18
10940 26212 18
3050 29930 18
322 4369 18
11125 40949 18
24081 31195 18
9660 38934 18
30955 31839 18
1084 8716 18
2386 9905 18
11893 23318 18
8173 32035 18
17837 46209 18
33440 46697 18
10317 23808 18
838 22523 18
27248 30113 18
24582 35994 18
31382 39374 18
6968 19750 18
1363 8048 18
10402 17052 18
13468 39006 18
13469 44088 18
4280 16353 18
32672 40414 18
99 374 18
25051 37634 18
77 197 18
19291 19653 18
11122 14491 18
1803 39499 18
16115 32893 18
2184 16804 18
29687 45836 18
1607 16516 18
5436 12128 18
5170 8080 18
6786 38174 18
15855 17329 18
2513 32961 18
2512 4381 18
1457 3600 18
26613 36612 18
1804 14551 18
18461 43098 18
44002 48748 18
10309 37251 18
2902 13864 18
7840 40540 18
3976 5948 18
33608 34144 18
7260 20880 18
31460 46243 18
38755 43513 18
11122 45648 18
11534 27113 18
23995 47138 18
119 289 18
4537 27642 18
22540 22633 18
1012 1539 18
5651 38043 18
3062 41012 18
29143 34262 18
1159 37743 18
15168 41933 18
5653 36894 18
4554 6041 18
2794 4549 18
33157 37386 18
16499 29791 18
22536 38264 18
21341 30411 18
4988 17037 18
38818 43631 18
362 2831 18
20434 40118 18
11897 45549 18
15860 27114 18
11905 12592 18
27339 35038 18
552 12437 18
1163 4101 18
7234 17297 18
14894 43578 18
14883 49812 18
15857 35224 18
4396 19197 18
1078 12777 18
2791 8207 18
10058 15693 18
11212 28273 18
2233 8770 18
15917 18373 18
22511 30235 18
2388 2752 18
2919 33578 18
779 22669 18
3034 11066 18
21935 26807 18
8027 22174 18
7186 10623 18
5014 17177 18
9989 43983 18
26205 30083 18
8153 27017 18
22590 34250 18
3744 6113 18
20244 43076 18
11112 38520 18
5278 20483 18
4474 8442 18
34482 39853 18
7192 40366 18
14522 46629 18
6826 10636 18
3428 4956 18
24562 47548 18
6817 44360 18
9067 20354 18
15115 46434 18
19348 27969 18
31097 47345 18
825 25028 18
31317 33212 18
11098 31146 18
6835 14564 18
12515 46699 18
22505 31567 18
171 26472 18
111 3327 18
29588 30271 18
17426 35923 18
51 4307 18
1016 9284 18
33450 44340 18
11563 25000 18
13240 16200 18
11101 13930 18
9537 26081 18
14829 17187 18
27178 33811 18
32748 36201 18
11135 16646 18
42195 44957 18
70 13309 18
26208 48201 18
16424 18060 18
1018 7580 18
9176 25057 18
8570 31436 18
8167 13713 18
4117 35956 18
18800 32563 18
13431 33486 18
3040 10429 18
1019 17647 18
18854 40509 18
19519 31640 18
19718 43593 18
1421 23275 18
1367 33852 18
12523 23674 18
18486 29513 18
1782 8871 18
19902 23763 18
27214 44541 18
42110 42765 18
6116 15185 18
4138 46253 19
12756 40450 19
7692 34231 19
13747 14235 19
4461 31119 19
29767 44391 19
245 11202 19
3501 13084 19
28640 49790 19
38846 44547 19
45377 46724 19
8326 12969 19
22146 25501 19
3533 10917 19
8496 33600 19
4461 22325 19
30699 33044 19
37063 47307 19
30594 48909 19
12745 46001 19
7635 22528 19
9863 11937 19
1682 2322 19
8319 39725 19
394 19078 19
3313 16699 19
12192 40248 19
17591 48266 19
5559 33518 19
9886 15722 19
4215 17578 19
17090 27166 19
7615 47025 19
1496 13299 19
17565 21512 19
8008 8027 19
4141 7211 19
23210 25723 19
19474 34645 19
13125 37955 19
13180 16145 19
30701 41266 19
3294 3477 19
12748 27012 19
10054 11539 19
22695 45175 19
413 31509 19
30415 48805 19
17625 44242 19
20772 44323 19
243 31770 19
1668 1859 19
30607 31036 19
8061 25700 19
20915 26291 19
19184 22507 19
30706 46019 19
20803 24068 19
41532 44580 19
19393 38684 19
1523 3252 19
31111 37783 19
47692 48690 19
23329 45593 19
44894 49492 19
5802 17924 19
30524 35933 19
1517 11527 19
1300 5100 19
29528 36336 19
8688 20177 19
5334 31201 19
1306 11401 19
10426 17025 19
19147 44924 19
1402 2004 19
42223 47818 19
19155 27076 19
17637 46623 19
13768 42857 19
10665 23367 19
5514 49876 19
37620 44364 19
5505 10201 19
4716 23962 19
4739 24710 19
175 390 19
28548 37336 19
13203 13264 19
41303 47919 19
429 15826 19
10076 18001 19
1911 6591 19
1717 10063 19
5497 6207 19
84 49701 19
31055 46354 19
36984 37015 19
18238 34035 19
37007 44578 19
17635 29321 19
8505 18693 19
29709 40214 19
8326 14418 19
5800 29923 19
45182 46217 19
392 24182 19
13290 20927 19
29534 38638 19
22498 48269 19
4211 17173 19
12711 16589 19
12809 17290 19
8355 31811 19
12782 35345 19
17076 36340 19
19159 47178 19
12226 46668 19
10411 15165 19
36253 37158 19
8514 32686 19
8369 20627 19
3307 6049 19
22138 32400 19
22660 28701 19
28469 29020 19
5513 37668 19
5555 47315 19
4806 7924 19
37602 44691 19
37579 45061 19
12213 13130 19
30441 34407 19
18299 32613 19
10280 34321 19
23038 28875 19
21014 40381 19
12932 23218 19
1341 38596 19
4429 21235 19
8238 32640 19
13586 14955 19
31558 40222 19
29242 40643 19
12409 44914 19
19534 21841 19
10147 16676 19
13424 32244 19
5696 5817 19
1581 3053 19
13045 19819 19
28960 47557 19
22272 35228 19
17914 36686 19
22364 32869 19
619 11346 19
5637 40322 19
12390 17786 19
30959 41403 19
9942 17207 19
30196 31694 19
30216 46507 19
22887 28326 19
12942 34348 19
12611 33179 19
22380 45581 19
75 1118 19
7795 30469 19
45522 47847 19
3378 38929 19
1630 2272 19
8632 33436 19
3439 28305 19
8241 48534 19
18317 22381 19
1580 3238 19
12927 14271 19
41045 41808 19
17439 49855 19
40561 47587 19
22857 49302 19
20153 23388 19
20152 39966 19
8145 41845 19
45444 47873 19
270 659 19
3365 9718 19
1577 13598 19
78 5599 19
17810 35883 19
7897 35643 19
10278 18829 19
10112 34099 19
8240 15067 19
13045 23690 19
7779 32452 19
17420 37946 19
19372 46547 19
10505 20222 19
12929 16262 19
9994 30676 19
3369 26743 19
29248 47437 19
8629 13940 19
28920 43973 19
1335 28539 19
12298 28502 19
17333 48706 19
9960 31629 19
10302 32989 19
12339 18777 19
1800 17690 19
8435 41492 19
1597 23266 19
3395 35198 19
21925 44087 19
552 31549 19
36615 45868 19
30086 31901 19
10129 33751 19
22305 35432 19
20656 38776 19
1609 31878 19
623 36589 19
7828 14471 19
7825 47532 19
8194 33253 19
12998 32796 19
22955 45589 19
4159 13428 19
405 1901 19
41066 45749 19
1602 36795 19
17860 24847 19
17353 45309 19
7824 11614 19
36624 47229 19
12987 18111 19
441 28971 19
13498 41193 19
31466 35252 19
625 4264 19
1359 39332 19
288 25893 19
5295 7605 19
12636 22108 19
13463 24491 19
3595 11877 19
1365 2102 19
12639 12647 19
10120 13896 19
7811 38484 19
20119 26691 19
4432 5651 19
13467 16115 19
29030 37736 19
63 20448 19
13441 20615 19
7880 9194 19
7880 49871 19
8573 25424 19
22904 25313 19
1826 38519 19
7820 7951 19
20995 44402 19
7860 14838 19
22988 38217 19
10542 25163 19
31393 32114 19
30069 38739 19
22296 46835 19
9977 10715 19
13066 35681 19
1362 48316 19
40690 48125 19
30898 35834 19
190 35400 19
45513 48271 19
5676 18911 19
30159 39822 19
5443 21745 19
8662 26194 19
37511 39628 19
20876 41851 19
12882 22692 19
1877 12306 19
30363 37188 19
8113 37081 19
1551 46006 19
19433 47111 19
1437 12705 19
30350 49264 19
20878 24438 19
23172 47536 19
10628 36541 19
31034 48290 19
44569 46392 19
17173 32399 19
41069 45117 19
31035 36121 19
18030 45554 19
62 1169 19
7742 46446 19
5581 33958 19
4686 9716 19
28775 47678 19
1872 6976 19
3651 27519 19
23143 38164 19
8528 29838 19
3563 3644 19
10100 41366 19
5738 13762 19
20964 41192 19
1875 3940 19
17757 19804 19
605 984 19
31693 33644 19
1484 20123 19
4463 30246 19
1731 42926 19
4149 6134 19
13730 31874 19
23193 26154 19
20806 24110 19
3662 4861 19
13308 14803 19
30615 44256 19
3552 18096 19
12857 19224 19
10440 37910 19
28672 39883 19
4240 4530 19
5491 9335 19
600 5492 19
1397 17949 19
18074 37505 19
4781 24117 19
4685 11315 19
604 865 19
40482 43821 19
659 7957 19
19328 20503 19
3475 8730 19
3736 26466 19
41654 43579 19
20017 22296 19
1886 22292 19
5282 20714 19
8474 47979 19
10027 28376 19
28684 32946 19
22462 24902 19
12869 15437 19
29422 43443 19
1861 7011 19
17469 38584 19
612 14345 19
3355 8476 19
41920 47822 19
645 42394 19
13077 41030 19
22808 33793 19
12436 16921 19
1378 1599 19
20676 23760 19
12439 24303 19
13370 17055 19
13367 32060 19
23117 37537 19
38591 48976 19
41946 46401 19
12906 46539 19
4235 9559 19
19206 19365 19
13068 16442 19
8552 13526 19
19534 37871 19
22840 23719 19
4435 15515 19
17247 45121 19
36785 47750 19
8137 32983 19
19550 37755 19
30253 39064 19
7913 15911 19
3448 19072 19
20980 25278 19
10588 26100 19
37239 38393 19
17976 22295 19
645 3118 19
10345 36050 19
3344 6959 19
79 136 19
36840 42315 19
23131 24002 19
4724 40776 19
22781 36041 19
22207 27576 19
12676 14111 19
1747 18041 19
31665 42136 19
17495 27075 19
40412 42903 19
5589 42329 19
45259 45901 19
37497 39209 19
23136 36154 19
9914 24825 19
37217 40548 19
8262 10793 19
7934 24219 19
12905 47843 19
46 76 19
19254 44150 19
30827 39691 19
22406 34458 19
36404 38365 19
20619 24175 19
47918 48237 19
608 5470 19
20639 43618 19
29914 35334 19
30312 44160 19
17222 34650 19
8468 28393 19
649 9861 19
42769 46206 19
37948 43452 19
18620 29198 19
332 1272 19
6402 19446 19
32563 47106 19
2501 10906 19
16520 46337 19
15161 25140 19
24005 36216 19
15160 42753 19
42760 44127 19
27366 34821 19
11539 14876 19
2189 11336 19
11907 41513 19
7240 8286 19
4572 31772 19
9673 23672 19
14452 29992 19
4318 35694 19
9671 42517 19
27326 28235 19
2803 2861 19
6813 22728 19
9437 36008 19
34437 46319 19
26063 47440 19
219 30087 19
3094 21683 19
14385 42987 19
26074 31612 19
7283 12818 19
40082 47953 19
20230 48906 19
35521 37643 19
6790 47568 19
41474 42903 19
1011 3001 19
38242 47891 19
27428 33151 19
9187 36741 19
47371 48514 19
2504 18882 19
1173 9968 19
25023 26865 19
204 4747 19
2177 9589 19
9677 34586 19
16534 36320 19
18987 31725 19
14500 26311 19
263 46364 19
9162 34125 19
21249 35655 19
38373 43451 19
32690 48283 19
35388 41859 19
20240 22063 19
4539 5145 19
11869 43175 19
16457 28735 19
24091 46394 19
6844 16823 19
18475 21875 19
6844 47781 19
2470 3237 19
39489 42031 19
3875 35614 19
27216 36585 19
6845 16243 19
1031 5340 19
26268 28619 19
18805 37569 19
6847 45803 19
6848 7082 19
4365 15764 19
43074 48539 19
33489 49296 19
6822 37942 19
11888 22437 19
4652 6416 19
11885 26728 19
21578 29084 19
225 37651 19
35418 41415 19
34485 48606 19
14486 48608 19
39501 46134 19
38408 49221 19
6832 48378 19
16475 46531 19
11872 31201 19
24066 30213 19
3052 15390 19
20238 42467 19
11871 28772 19
6096 36432 19
2480 21481 19
6834 30470 19
24072 49678 19
9734 47621 19
23804 25328 19
2549 11104 19
994 23726 19
2547 38615 19
2113 19128 19
9737 36249 19
5089 14086 19
3940 20959 19
41206 45643 19
5992 8612 19
8856 21995 19
2755 23023 19
4269 7433 19
39 19529 19
11509 47106 19
34327 42959 19
2118 6965 19
41180 45664 19
2544 2867 19
33678 48928 19
4322 12770 19
7345 27216 19
11515 45053 19
2764 5934 19
34356 49375 19
5980 9117 19
8846 34831 19
9392 24124 19
21433 49350 19
16717 34950 19
1206 38115 19
11501 20967 19
2101 4343 19
4603 40792 19
19940 34709 19
12016 36537 19
15280 17830 19
40843 41717 19
25972 38346 19
19021 38785 19
6456 27796 19
14260 16162 19
25916 48935 19
7369 23983 19
15774 24160 19
15780 39982 19
15266 48509 19
27684 42111 19
14265 42160 19
19018 40558 19
8890 30433 19
11531 40078 19
16612 17398 19
4656 33927 19
11964 13574 19
7307 34511 19
9714 15353 19
35603 36894 19
9421 49371 19
2145 17534 19
41817 46579 19
2145 32113 19
2521 4787 19
26028 39161 19
40806 44294 19
14364 16623 19
27496 30934 19
5179 39468 19
32475 45353 19
37939 48355 19
16578 42404 19
3099 29410 19
27475 44800 19
21725 35798 19
10895 45382 19
15219 38607 19
25972 40367 19
4032 5320 19
46710 48405 19
18776 46932 19
4320 35151 19
18779 37500 19
21556 27420 19
32410 36813 19
15821 43144 19
26001 42313 19
46307 46918 19
15823 48571 19
35355 42299 19
6011 46152 19
379 492 19
41437 43624 19
34382 48819 19
4925 26686 19
14325 17983 19
7317 34669 19
47388 48962 19
6772 16939 19
9418 41697 19
32439 41982 19
16243 22579 19
845 33377 19
35101 47642 19
24410 45640 19
14714 37374 19
6951 11165 19
844 35949 19
16074 30386 19
18848 42733 19
24721 48571 19
6303 15163 19
20266 21815 19
7074 35525 19
26922 36173 19
18899 33352 19
4547 7980 19
16077 42382 19
35 80 19
2953 12049 19
6961 9525 19
33 45953 19
14736 46230 19
4292 21310 19
14738 49390 19
14739 34786 19
11646 33510 19
24759 24975 19
256 19035 19
14680 40990 19
6187 21198 19
9590 26337 19
6188 21493 19
2977 8560 19
9489 12282 19
9014 21781 19
24350 28877 19
18519 36568 19
6931 41558 19
16278 43534 19
11755 17973 19
11775 21295 19
16053 22404 19
5126 16743 19
492 10418 19
24748 43627 19
11157 26156 19
16262 35311 19
26515 31816 19
18907 22019 19
6205 16766 19
14712 49878 19
26674 38486 19
1093 43977 19
6272 10773 19
24523 25324 19
2369 19145 19
11090 45756 19
19687 21529 19
2911 8091 19
3852 20401 19
11094 46470 19
39392 39910 19
7016 27040 19
26668 29223 19
26619 33432 19
21619 36734 19
26690 40845 19
16148 31491 19
18873 24664 19
11108 18596 19
11113 13979 19
4985 7243 19
26721 30088 19
14834 32113 19
7005 25279 19
24559 41911 19
7049 12343 19
19862 22982 19
21314 41244 19
18853 46283 19
26589 49540 19
11647 27750 19
16100 31412 19
24670 40369 19
20483 29899 19
24472 37033 19
14774 30014 19
39430 39888 19
9041 33296 19
1057 11372 19
14791 21491 19
24637 30470 19
1077 1930 19
9054 16950 19
14800 15371 19
16111 44843 19
11085 13332 19
39897 45530 19
323 8659 19
2902 16989 19
4294 8553 19
5155 49163 19
24882 27316 19
1138 36979 19
27148 28144 19
15060 23519 19
16397 40073 19
3023 45208 19
2451 16543 19
357 11204 19
34551 47224 19
783 49365 19
10975 40114 19
3021 9629 19
15069 49832 19
41494 44837 19
42807 42827 19
24188 42908 19
785 19278 19
6145 27588 19
4005 38850 19
32788 41079 19
14585 18805 19
41702 45041 19
2264 22903 19
33333 37637 19
16375 28911 19
5009 43647 19
32732 40237 19
2465 6354 19
18961 22822 19
6848 15578 19
1033 1948 19
15092 25377 19
11851 16416 19
39248 43991 19
24904 32413 19
486 13942 19
38260 43163 19
21254 29875 19
787 9349 19
10958 25197 19
4009 30286 19
14543 34042 19
6867 37780 19
32 43 19
7173 41746 19
18494 46375 19
103 37795 19
24886 29275 19
2246 31605 19
26313 42418 19
9484 9833 19
16349 28219 19
24273 26087 19
33312 41632 19
27029 31354 19
26414 37805 19
35178 45918 19
32871 34996 19
33292 46883 19
20 24 19
11179 26080 19
14657 33727 19
1121 36049 19
2998 48949 19
7108 24930 19
11014 32719 19
9124 14578 19
6913 9551 19
26430 36073 19
2856 25595 19
14997 20049 19
11793 14438 19
33276 41378 19
9486 18823 19
16304 20329 19
21278 35765 19
15039 46037 19
24227 43137 19
26374 27746 19
5153 35174 19
15999 38249 19
20250 24914 19
18598 42890 19
11602 12070 19
3009 41940 19
5004 17142 19
2438 31324 19
146 270 19
9851 47943 19
8992 37630 19
9624 31500 19
257 348 19
24834 34694 19
4001 42733 19
4957 7286 19
859 15855 19
16010 41342 19
27065 48403 19
2275 41459 19
1050 1291 19
2646 22595 19
35994 45532 19
15597 33248 19
33955 36228 19
3177 3533 19
2013 4130 19
14117 21409 19
23471 30821 19
980 22972 19
5973 7906 19
21816 30887 19
12097 22037 19
721 12420 19
3257 17359 19
12058 38920 19
12153 40655 19
32195 35202 19
15354 43440 19
3907 23246 19
5843 9297 19
3793 40034 19
45774 47330 19
15428 27681 19
689 21959 19
15565 19899 19
505 1192 19
15382 25139 19
40156 45996 19
3928 9280 19
15499 32781 19
10721 31294 19
25671 27088 19
9770 44231 19
2666 20265 19
9806 10103 19
46678 48361 19
15638 16222 19
35870 49798 19
6532 19783 19
5870 13394 19
15323 33467 19
4328 36392 19
28315 39672 19
16922 20713 19
27849 48126 19
25333 37075 19
725 16829 19
12071 22586 19
31978 40758 19
40829 43340 19
15331 19994 19
25826 35840 19
25355 43573 19
711 27844 19
2575 32749 19
8741 28985 19
2596 16909 19
5931 7670 19
21123 38049 19
25347 35987 19
25436 28374 19
8810 13347 19
28282 31268 19
12061 34366 19
21517 26031 19
33866 42334 19
25779 27364 19
91 176 19
5081 39929 19
3206 17803 19
14040 25516 19
32211 47758 19
33875 41926 19
2043 9367 19
16989 29321 19
955 32275 19
3249 44663 19
14091 22940 19
32129 45940 19
2603 11236 19
21779 22776 19
6502 16025 19
9305 43709 19
8788 44288 19
43160 44653 19
4055 15037 19
6563 8663 19
15484 41628 19
2043 37570 19
11374 32580 19
5830 16393 19
34071 49176 19
40249 48974 19
35892 39838 19
33821 38939 19
4260 48735 19
13918 40612 19
8801 39362 19
13939 40377 19
2056 8518 19
956 1282 19
2585 6542 19
88 548 19
2671 33336 19
6642 16152 19
16797 36695 19
4053 9868 19
16835 47763 19
2719 4705 19
15489 22187 19
300 47573 19
15705 42759 19
19099 38342 19
25782 44297 19
23425 35237 19
9782 22514 19
707 13715 19
15363 20333 19
10801 33641 19
35783 40565 19
703 2319 19
25391 27760 19
21749 39048 19
36022 47329 19
27760 30630 19
32334 49565 19
28362 40491 19
5192 6565 19
9256 9719 19
25506 31195 19
23743 42663 19
12026 23415 19
4916 15554 19
11419 23563 19
25846 40205 19
733 2032 19
2088 28639 19
21146 44620 19
12103 28458 19
2690 47892 19
12174 40153 19
32078 36091 19
4343 21484 19
2597 26681 19
23716 46347 19
158 807 19
10752 39961 19
9282 9560 19
12033 29791 19
5074 31610 19
1948 18268 19
12076 39180 19
14243 29441 19
13996 27154 19
21745 36244 19
20181 27565 19
4885 39856 19
23773 45527 19
4356 8308 19
32089 41214 19
4404 19854 19
20385 45858 19
5209 23243 19
34051 49903 19
5810 13424 19
25594 30697 19
4512 44731 19
41 496 19
16727 47043 19
5968 21364 19
14242 23430 19
11285 47174 19
14239 45294 19
2600 9052 19
23499 45423 19
6470 17082 19
6545 14161 19
13868 43057 19
733 7696 19
18763 43601 19
15459 21279 19
4417 6679 19
14019 35751 19
17029 18459 19
20412 26915 19
7575 9245 19
2601 4112 19
28333 36625 19
16929 45693 19
20359 26508 19
9360 22278 19
27802 36627 19
6533 19246 19
27810 49780 19
7416 49956 19
23444 41445 19
23378 34203 19
23380 45600 19
124 46490 19
3233 24911 19
14180 30903 19
153 41793 19
39682 40424 19
19792 44992 19
14175 35113 19
1961 22806 19
4064 43914 19
44239 49019 19
942 17012 19
40195 46502 19
15724 38453 19
41767 45021 19
28161 33319 19
28161 42958 19
19121 33119 19
9268 36245 19
37870 44221 19
28109 31903 19
7605 29740 19
34175 42214 19
14201 29896 19
4079 34308 19
9388 27187 19
25218 37828 19
2699 5430 19
15577 48326 19
3246 23633 19
7483 17573 19
4515 46508 19
34286 36680 19
27792 31860 19
730 15628 19
15 212 19
5951 35870 19
25400 34567 19
9336 45212 20
22471 40901 20
15470 21015 20
16038 41988 20
4336 46066 20
38066 43332 20
26442 37234 20
18714 18731 20
4563 19043 20
3968 4785 20
20456 28959 20
3674 12960 20
4447 38888 20
34598 38593 20
13110 48111 20
245 2616 20
42974 46463 20
21500 34288 20
957 9539 20
26412 26733 20
15026 41171 20
1493 3433 20
13108 35737 20
12576 29513 20
16010 38476 20
8473 13523 20
15615 25556 20
15028 15432 20
26394 31249 20
9343 36856 20
15432 43237 20
25426 35185 20
30497 43659 20
11618 19256 20
9337 25948 20
4148 32336 20
6554 9838 20
3697 3705 20
11613 11635 20
13121 29641 20
5489 23263 20
6325 26724 20
3549 9229 20
3913 19598 20
15014 18223 20
15014 31008 20
3675 6618 20
4723 13789 20
139 322 20
46146 46556 20
22455 30845 20
15605 39110 20
2378 14013 20
13192 40262 20
2899 23736 20
15555 47902 20
18139 39512 20
34048 44403 20
25478 35769 20
8351 33221 20
6574 17516 20
2663 16238 20
9084 30666 20
26629 38554 20
22533 38345 20
14880 20397 20
12538 42064 20
46637 48782 20
2908 20270 20
29683 44034 20
24639 44759 20
837 5436 20
21478 31101 20
6286 6830 20
21344 49380 20
15561 34005 20
9521 22301 20
3685 18334 20
38141 44089 20
6291 7291 20
3685 9125 20
18688 24865 20
16091 45601 20
11130 14078 20
8060 8535 20
45383 47350 20
13209 25087 20
6994 8559 20
8037 11516 20
18148 28475 20
43645 49604 20
1505 39807 20
22575 47868 20
19476 38234 20
17653 20690 20
11701 23964 20
8345 35619 20
20384 39497 20
1507 47888 20
29621 30463 20
6585 20403 20
1413 5884 20
1676 23780 20
6587 9376 20
26662 39043 20
15540 45101 20
9316 9390 20
127 749 20
14867 24706 20
3728 15983 20
12758 32993 20
34872 48312 20
5520 26117 20
2908 30163 20
29679 36907 20
11119 13563 20
13201 15396 20
22537 33597 20
8486 18473 20
11160 15614 20
8087 39038 20
9110 43829 20
2673 30446 20
2874 32118 20
3971 13472 20
11368 12776 20
16056 26583 20
26497 29459 20
14939 42151 20
40883 40909 20
6603 20694 20
20477 37491 20
43264 49807 20
2642 6636 20
8325 41139 20
3540 21880 20
30510 38726 20
19320 21509 20
9493 16198 20
360 22074 20
34717 38944 20
11623 19576 20
13137 27614 20
20714 41964 20
40621 43022 20
2867 4337 20
3546 5995 20
14976 46712 20
9120 27995 20
14979 21370 20
4617 39907 20
3536 11590 20
2889 9524 20
10071 40517 20
26579 40218 20
8494 16730 20
3534 28328 20
842 12649 20
38059 47235 20
11646 27279 20
34770 45221 20
13177 28924 20
2887 47897 20
4300 28719 20
9100 31301 20
13167 16259 20
4744 12723 20
39664 49385 20
25463 30387 20
3919 33512 20
9510 40107 20
25533 46944 20
2393 3841 20
11639 48755 20
41483 46013 20
15568 29908 20
21477 28361 20
34036 46550 20
19699 32869 20
188 1463 20
342 1290 20
43601 46255 20
24735 44380 20
15192 16661 20
15197 38972 20
5379 10244 20
6776 15626 20
1458 25625 20
6487 20492 20
982 6346 20
34402 39948 20
12905 14081 20
2522 7734 20
21444 38351 20
25256 31657 20
1457 35697 20
118 18766 20
21523 41131 20
6492 48229 20
12999 33677 20
2732 10403 20
33635 40482 20
2776 21185 20
474 1289 20
8256 10331 20
11473 21862 20
3709 46227 20
25837 28073 20
22222 26140 20
9424 22958 20
15726 28784 20
2523 12045 20
5299 44319 20
2778 45190 20
12993 33771 20
11472 36147 20
15198 15508 20
6680 44138 20
33600 45980 20
25039 45491 20
882 1488 20
12616 41839 20
38189 39728 20
13004 49987 20
43439 45154 20
8266 16763 20
13001 47325 20
5290 48341 20
11538 46390 20
5440 31841 20
8450 44602 20
30057 43204 20
17848 20718 20
2585 31798 20
33636 42567 20
38756 46148 20
30329 38590 20
34432 39862 20
25043 48483 20
2790 10022 20
20813 44001 20
26082 27417 20
25044 33841 20
26072 28617 20
26070 36781 20
5434 23844 20
30104 49036 20
5302 35409 20
2517 18606 20
3643 11906 20
238 1857 20
8245 48184 20
25870 45816 20
17926 24075 20
275 23307 20
6475 21260 20
21529 45188 20
12650 39025 20
2753 40984 20
11502 30696 20
198 7181 20
10263 11679 20
22038 22559 20
17964 35345 20
22046 49647 20
25942 31543 20
3634 5295 20
12952 14474 20
2743 24378 20
8348 22340 20
20829 37898 20
482 42917 20
25165 30057 20
43152 46325 20
350 11946 20
12929 36289 20
5088 5400 20
335 39073 20
25893 31042 20
37424 37996 20
4324 42559 20
25173 41653 20
6723 38908 20
8208 20933 20
2735 28987 20
547 31577 20
15811 36351 20
6483 10496 20
25228 38125 20
10254 43957 20
17887 36086 20
34365 37859 20
11481 40983 20
18780 47651 20
34284 47373 20
4765 38461 20
6436 27855 20
2528 3518 20
25235 38824 20
39736 48764 20
1613 5498 20
4165 44801 20
15244 26767 20
3897 20973 20
11514 36128 20
20741 23403 20
3935 17789 20
30171 31909 20
15732 15894 20
6706 7206 20
21526 26576 20
10259 29679 20
17911 27412 20
996 2379 20
4170 43400 20
6448 34495 20
19391 30339 20
34524 39715 20
24898 34365 20
25337 49302 20
4570 7155 20
10338 16334 20
5286 48721 20
6867 29097 20
26308 39899 20
11583 20585 20
19342 34413 20
29912 39159 20
15070 49263 20
13085 21026 20
12581 31728 20
15069 24916 20
199 682 20
33379 38849 20
11579 42997 20
6641 26082 20
20318 22897 20
18609 23424 20
4448 43082 20
15650 19852 20
8468 15659 20
9158 10988 20
12590 22632 20
29935 44987 20
24931 26238 20
24932 34356 20
33950 35137 20
15423 36797 20
9260 41504 20
1047 46163 20
17762 42857 20
2443 26518 20
930 1669 20
6887 7829 20
30727 45744 20
15042 32282 20
33984 46957 20
2694 22959 20
6344 12131 20
12827 48038 20
10360 21211 20
41563 47539 20
22430 27652 20
25649 27766 20
30440 42149 20
29872 45587 20
1032 2588 20
22138 30389 20
2443 31273 20
5059 15495 20
2617 39543 20
33343 35503 20
3566 6876 20
357 12079 20
1042 3745 20
12837 32384 20
26334 30536 20
6537 17800 20
22067 23221 20
6352 21160 20
5347 25468 20
5476 10027 20
34235 43378 20
5085 8983 20
2589 35525 20
13030 13618 20
37499 49520 20
10116 24984 20
10322 20038 20
18025 42722 20
6397 33096 20
12679 28169 20
15898 33049 20
37267 45424 20
2592 13261 20
25751 31610 20
22377 29177 20
131 2197 20
6832 8117 20
1447 12690 20
6811 23211 20
5368 5797 20
1559 16423 20
30034 38710 20
18798 47123 20
9367 23967 20
12614 37325 20
1014 10751 20
3594 48707 20
2502 23966 20
18175 21491 20
11464 15876 20
18212 25815 20
26116 27273 20
33835 34522 20
30369 43554 20
2476 7815 20
43165 44851 20
29968 33948 20
26224 31396 20
17809 40140 20
1028 45805 20
12591 41503 20
3714 7203 20
2814 39706 20
11318 26007 20
12872 46462 20
12697 24063 20
18057 19300 20
15409 19260 20
5465 25884 20
11574 36985 20
18823 22393 20
2477 25050 20
34494 42910 20
22383 29745 20
2597 6366 20
61 17734 20
34222 42951 20
9254 48352 20
5084 6261 20
19820 23427 20
22174 35611 20
17814 18712 20
33902 35688 20
9448 31388 20
33897 40195 20
9363 12833 20
10836 35511 20
27697 36644 20
13611 42348 20
16694 44544 20
5981 15198 20
10839 12464 20
20025 49681 20
17255 20779 20
8848 24194 20
12017 21284 20
4038 6885 20
28902 30850 20
1203 7644 20
20555 31129 20
20644 41335 20
14246 21341 20
19023 21356 20
23079 47365 20
28893 37551 20
23085 40999 20
32347 45395 20
4234 32812 20
31614 37021 20
47416 49575 20
7348 20871 20
23823 29734 20
14285 20930 20
14281 21354 20
12304 29642 20
743 1703 20
40116 45286 20
23056 49793 20
41092 47062 20
16671 26963 20
12018 39172 20
1337 29609 20
32385 37839 20
44615 46264 20
7359 35015 20
7778 24265 20
17267 31381 20
13602 15703 20
32373 49200 20
7363 48772 20
2105 23730 20
4853 12753 20
19047 32098 20
17231 24327 20
4661 5164 20
32295 44365 20
23128 42253 20
16787 21809 20
14173 48281 20
727 15818 20
2069 26654 20
19551 31887 20
1216 1850 20
14170 45079 20
3173 3326 20
44587 46701 20
35873 36565 20
28791 39502 20
21168 37965 20
20162 32094 20
3174 49723 20
10604 46503 20
1324 7141 20
27768 36749 20
3357 32447 20
5964 19660 20
5963 40879 20
1208 24356 20
381 44558 20
5718 32212 20
731 33069 20
1329 22484 20
23110 41851 20
13639 16217 20
15 33979 20
37912 40313 20
5192 26621 20
18422 35175 20
28836 36338 20
7400 48186 20
21888 46644 20
7401 35379 20
12283 21575 20
7414 7724 20
5949 10371 20
9959 10806 20
18453 28266 20
16551 30094 20
23962 47915 20
14392 38574 20
760 39548 20
1178 14563 20
32492 47440 20
7280 25183 20
6051 30742 20
27466 37880 20
6055 29762 20
22977 23173 20
29099 41109 20
29090 41701 20
35529 38984 20
27470 41380 20
42333 49751 20
758 3660 20
16572 39598 20
756 33679 20
1348 6232 20
20153 43185 20
8925 47266 20
32565 36896 20
6070 9931 20
44001 45916 20
2181 5260 20
1169 30615 20
18461 29969 20
27392 37740 20
1808 2327 20
9678 44380 20
264 8241 20
4020 43525 20
22959 42786 20
23979 35703 20
22960 33546 20
289 20938 20
22962 29475 20
5667 36410 20
11933 28839 20
6057 16783 20
18454 35885 20
27621 28668 20
23033 45710 20
32413 36276 20
14317 39519 20
3749 4057 20
8622 16603 20
16645 17032 20
7330 30437 20
9941 49021 20
2126 26880 20
1194 45502 20
5687 38253 20
17276 36996 20
3377 44735 20
32406 43292 20
35693 37158 20
4527 7193 20
39 49 20
13584 41316 20
23827 25486 20
8624 29163 20
28977 47925 20
11972 13652 20
14361 14613 20
35579 40564 20
36571 42635 20
23901 42766 20
3106 3822 20
40360 48769 20
12321 23140 20
23887 28361 20
10873 32268 20
42657 44361 20
1224 2585 20
20029 32328 20
4925 14766 20
5685 14132 20
27560 30462 20
16627 25244 20
23852 33750 20
2130 33773 20
8873 46193 20
36519 49285 20
16628 21672 20
20584 26128 20
3781 4997 20
7667 16737 20
28539 49059 20
12130 25159 20
21118 44054 20
1262 33789 20
3243 5277 20
31834 35179 20
23452 29232 20
3243 17015 20
21113 25368 20
21850 30529 20
5836 14834 20
692 48318 20
8756 39611 20
44420 48307 20
28260 28655 20
1296 10168 20
18353 39341 20
9832 28684 20
8752 25079 20
28494 40036 20
28568 36532 20
8780 21132 20
16951 42724 20
7683 13647 20
9875 31865 20
4066 5936 20
28574 34578 20
4413 48831 20
36028 45666 20
28148 39921 20
8683 15045 20
9862 36034 20
28153 37997 20
32060 43649 20
1913 36919 20
504 605 20
699 36502 20
31806 36451 20
227 15360 20
4865 5767 20
4884 28166 20
296 49311 20
36129 45646 20
20587 30159 20
5822 31761 20
7602 45698 20
8738 12992 20
1287 1678 20
299 23196 20
4869 43125 20
9845 21405 20
3281 5586 20
5817 9773 20
160 43007 20
17036 25714 20
36132 40347 20
7609 38897 20
28402 35900 20
1285 4951 20
13858 34947 20
5808 14419 20
506 1839 20
20179 47173 20
7615 38651 20
28296 41995 20
4510 15457 20
23423 31034 20
18354 35467 20
10725 17540 20
31997 42851 20
690 2001 20
36184 38922 20
7590 47108 20
8704 17341 20
19158 33125 20
19971 24423 20
13831 15295 20
8745 25801 20
161 19614 20
5824 43852 20
13908 46225 20
28319 39301 20
1963 11940 20
23328 45249 20
7598 17803 20
12190 47853 20
7713 23733 20
8807 31039 20
7464 19625 20
4095 8903 20
19069 22155 20
40 22005 20
21779 24708 20
16857 37145 20
10787 36311 20
14081 16410 20
12067 14621 20
3331 25310 20
47768 48694 20
10631 23600 20
27967 35695 20
32192 36347 20
20567 21026 20
27981 32661 20
27981 34115 20
23587 35452 20
27986 47931 20
31726 34465 20
38984 45161 20
3758 19717 20
36384 45434 20
27890 31759 20
36379 48158 20
1870 43224 20
2058 2186 20
451 42252 20
16831 44751 20
31686 43086 20
4854 27962 20
191 12678 20
45608 48137 20
9777 28613 20
40159 44954 20
4424 47770 20
3183 3294 20
17192 47597 20
9785 30517 20
8809 12675 20
14107 15607 20
1229 1646 20
16927 22111 20
2015 45567 20
10765 18759 20
23545 39568 20
23220 28820 20
7518 17957 20
1899 7465 20
19184 21833 20
28650 46085 20
23543 29333 20
21793 25045 20
10766 49106 20
28105 45537 20
28634 44788 20
28108 38198 20
23540 29264 20
20612 34392 20
7690 47866 20
5766 6308 20
14022 37925 20
12231 18825 20
23533 28103 20
18340 43147 20
13727 43502 20
8667 28719 20
7703 37285 20
5228 21067 20
12079 19313 20
28024 48711 20
28037 43085 20
2022 49841 20
42548 49097 20
21224 25099 20
5206 8309 20
14035 46991 20
12244 23991 20
13733 39519 20
7700 28000 20
4062 39969 20
3209 13287 20
28069 41182 20
4668 22246 20
9803 32621 20
22788 35508 20
2998 47195 20
34974 41088 20
29349 37679 20
27049 37742 20
7942 47301 20
4133 30294 20
3738 22933 20
26821 41885 20
12452 30694 20
7117 40481 20
7940 19727 20
4437 30881 20
11815 31465 20
32824 44399 20
10423 14767 20
32824 36572 20
13363 18331 20
6159 11029 20
14647 28591 20
3466 27126 20
16313 49620 20
4965 45096 20
32886 45350 20
6231 18076 20
14757 24328 20
9002 47465 20
43990 49803 20
1390 1687 20
6153 16213 20
5588 9109 20
22660 48154 20
13347 17338 20
18257 34549 20
11010 17809 20
14641 42997 20
24279 45892 20
9000 43045 20
2254 2543 20
14792 33196 20
22832 31267 20
4950 36548 20
1764 9225 20
24181 29436 20
7910 32705 20
10052 10881 20
10974 45930 20
11736 15871 20
14780 41076 20
16393 35361 20
3444 18060 20
3828 36612 20
12425 22229 20
13413 49063 20
13416 27369 20
42291 45669 20
5613 24563 20
29294 34038 20
10991 15257 20
11821 23527 20
18942 41986 20
10981 19557 20
1131 6896 20
11824 44556 20
10471 39930 20
3011 5834 20
2987 29741 20
5550 13158 20
2267 8715 20
16374 46212 20
22812 25382 20
22654 47559 20
27095 42513 20
6149 6368 20
8987 11610 20
16257 37726 20
7078 7138 20
2963 14790 20
20498 47568 20
463 47828 20
8525 47595 20
14741 29917 20
16221 46593 20
9560 13010 20
18894 38322 20
3488 12514 20
2308 28738 20
19261 36065 20
366 831 20
40783 44236 20
21651 26587 20
3477 41497 20
602 23494 20
24387 44504 20
6210 31281 20
254 279 20
3485 14858 20
19660 38784 20
13303 15216 20
35043 47660 20
2951 43429 20
21964 36942 20
26909 36947 20
24384 48229 20
7066 35530 20
24422 36365 20
14714 42323 20
32968 38545 20
6208 39724 20
22704 27621 20
9574 13356 20
8523 25873 20
2944 34632 20
19886 44552 20
32981 36805 20
9592 33572 20
1119 17851 20
38558 40875 20
801 36696 20
1391 6535 20
2293 42053 20
20507 27262 20
17528 28418 20
29392 46994 20
1402 44335 20
8514 44404 20
12464 42903 20
32888 45802 20
17515 38261 20
17591 43068 20
32986 35149 20
29421 32957 20
31206 40668 20
18911 37568 20
11777 20529 20
14699 23508 20
39942 49427 20
18529 28602 20
13288 15324 20
22734 44707 20
14837 17197 20
26851 30106 20
6192 12422 20
16286 27557 20
1735 17892 20
42236 47623 20
11789 17802 20
18249 37748 20
145 1771 20
16454 30891 20
1147 8040 20
17614 32976 20
14469 43689 20
18969 41087 20
2351 10244 20
17401 36877 20
29165 34176 20
12514 36393 20
18962 34101 20
29584 32378 20
1410 2280 20
5636 10197 20
7226 20049 20
7199 13091 20
513 13288 20
20698 28406 20
20935 32034 20
31404 39399 20
7017 35820 20
14517 20230 20
2921 32373 20
34936 44054 20
170 40452 20
20992 47788 20
3040 3342 20
2226 2468 20
24039 37668 20
3036 29690 20
4550 8052 20
24126 41326 20
7227 29324 20
5630 32183 20
441 6308 20
13470 29647 20
10414 49283 20
11872 31688 20
5647 19537 20
8951 39539 20
22913 25659 20
36999 40744 20
21692 46087 20
24068 44647 20
1150 8980 20
5641 31314 20
39393 42401 20
14486 29568 20
16469 38119 20
29204 49770 20
10928 25585 20
9539 25227 20
7204 24607 20
13245 13988 20
48349 49705 20
2205 4842 20
13477 25237 20
619 18325 20
22619 27318 20
2219 23900 20
16173 49093 20
774 2097 20
17396 42712 20
19633 46490 20
40458 46812 20
10503 13407 20
18955 45171 20
7027 8264 20
31318 31787 20
8929 17982 20
11848 15840 20
1360 2364 20
19908 22676 20
13231 33340 20
17424 40446 20
7173 44172 20
3067 14878 20
7899 44898 20
14536 23385 20
4119 9356 20
827 15363 20
8020 27360 20
41152 47629 20
7180 28695 20
29247 41676 20
33061 43472 20
24505 49634 20
2243 16702 20
13497 26438 20
32753 35561 20
7028 12452 20
1709 42500 20
7170 46278 20
1359 9307 20
16407 46833 20
11843 41209 20
8512 45440 20
12415 39021 20
14555 18843 20
6126 42662 20
8963 9694 20
9652 25530 20
1776 3384 20
21251 31272 20
32742 41985 20
2348 41005 20
22627 42808 20
6258 8857 20
16497 48830 20
33054 41937 20
4946 41613 20
14532 42538 20
19246 39101 20
38565 45864 20
19676 37156 20
5622 38839 20
10495 16620 20
769 1452 20
142 2461 20
5136 18433 20
24022 44557 20
27183 35920 20
21968 29699 20
19680 42449 21
21508 38024 21
20614 44324 21
5141 37969 21
20173 35564 21
4601 30542 21
5218 16093 21
19574 32602 21
3698 10298 21
20485 22443 21
40887 48945 21
21975 28691 21
3846 18669 21
269 13759 21
4334 9729 21
21981 42468 21
19583 42045 21
4983 15293 21
5132 9498 21
4989 18418 21
20395 37080 21
3780 35396 21
18686 19144 21
4628 8280 21
4595 31092 21
20493 49662 21
21104 45436 21
21489 48789 21
19135 37542 21
18889 43249 21
19470 47081 21
20100 22177 21
20760 46776 21
4737 48406 21
41586 47993 21
4635 15937 21
20396 23100 21
4073 41387 21
254 18477 21
21471 28161 21
4590 7855 21
237 13698 21
20753 33498 21
20141 47502 21
5135 7904 21
245 5374 21
4185 33780 21
4993 23083 21
21804 21874 21
18852 34446 21
4631 16180 21
20768 32902 21
18890 43057 21
19992 35356 21
20794 37864 21
21125 39287 21
18856 40922 21
18558 23834 21
20289 32939 21
21840 44005 21
40673 46537 21
21121 29829 21
4320 20460 21
21424 29831 21
19802 38647 21
21385 28855 21
3943 44256 21
4763 46269 21
20342 26418 21
3887 13522 21
4604 41592 21
20873 43970 21
195 10934 21
223 1777 21
21912 30212 21
5112 7598 21
4832 7860 21
4231 21139 21
41893 42858 21
18642 23837 21
5033 7351 21
19435 24761 21
249 7184 21
20041 44962 21
4151 19518 21
4647 25200 21
18648 28631 21
19825 33178 21
4699 20542 21
18224 30838 21
20041 28438 21
41175 46512 21
4922 9008 21
5295 36109 21
211 10062 21
4402 7924 21
5103 11293 21
19716 39569 21
4576 11089 21
21394 46961 21
20854 23074 21
20860 31199 21
19628 40434 21
4769 26803 21
19915 20100 21
213 37121 21
3880 10074 21
3745 21904 21
4704 25164 21
4654 5680 21
41874 42704 21
21707 24243 21
21573 21584 21
20282 38543 21
5288 26268 21
4393 42086 21
21222 30631 21
3885 4725 21
20226 46013 21
19714 27642 21
4117 12556 21
20655 35227 21
21592 43337 21
21923 39126 21
3821 17509 21
18999 42628 21
21717 35169 21
3949 8421 21
4274 15570 21
20119 27587 21
3995 15274 21
20811 22606 21
4684 49512 21
4998 6440 21
4970 26591 21
18247 42152 21
18911 45433 21
19434 44098 21
3863 24397 21
20567 40898 21
19068 48913 21
4483 35113 21
18406 22005 21
20061 31653 21
4813 12876 21
3864 34048 21
18921 27999 21
19184 31718 21
19781 33043 21
3989 10961 21
20373 48726 21
4736 8744 21
3699 11742 21
20372 29750 21
18232 41159 21
4146 20295 21
20966 32731 21
19092 37232 21
4712 18706 21
4666 43742 21
19656 48513 21
217 10141 21
5145 24857 21
3841 23836 21
18512 31469 21
18325 20051 21
4044 9684 21
4040 37990 21
4846 28383 21
4565 10016 21
18426 18470 21
5037 5325 21
21749 36768 21
21665 39528 21
4761 6179 21
3753 25724 21
4602 25163 21
21266 22531 21
19538 25828 21
20312 31229 21
268 49339 21
40643 44893 21
41197 49304 21
4197 18670 21
4172 7221 21
18595 19178 21
19607 29337 21
22007 44128 21
19796 19818 21
211 425 21
19052 23273 21
20421 38057 21
18752 49946 21
19954 48650 21
4437 46155 21
3934 14818 21
202 8800 21
13630 26040 21
1129 26645 21
1859 16090 21
1140 18298 21
28843 42807 21
13635 37693 21
8961 11992 21
1148 2949 21
16470 19254 21
6098 20863 21
28866 40868 21
8956 13179 21
11875 45173 21
13632 39284 21
6090 49739 21
16460 47786 21
16457 21873 21
15630 21252 21
6115 36334 21
25366 25975 21
1695 47938 21
1159 19175 21
11905 35035 21
2701 20627 21
3033 45313 21
8350 24519 21
6756 17472 21
11918 27665 21
12769 44577 21
23969 49818 21
16541 28905 21
16539 35044 21
1092 15766 21
6967 23062 21
9056 35069 21
32991 36879 21
42747 47220 21
30585 33057 21
32955 41495 21
6073 34768 21
7752 11503 21
39434 43726 21
29611 34340 21
1118 21362 21
9008 20512 21
148 1056 21
9008 12423 21
24035 36455 21
312 29391 21
15622 20922 21
6088 36250 21
38337 44587 21
13635 39334 21
32833 35346 21
1127 24913 21
6177 15674 21
24259 42558 21
32378 33238 21
3000 44798 21
32370 43320 21
2709 30952 21
32335 42338 21
16327 22373 21
12026 37373 21
7802 27934 21
32303 46774 21
6175 21313 21
12743 26716 21
14991 40708 21
3003 17693 21
16309 42138 21
1828 2294 21
15655 27362 21
16294 23048 21
24340 28245 21
16290 28796 21
32251 40772 21
1227 4542 21
1701 25737 21
38689 45617 21
24368 44182 21
6195 8257 21
26499 29306 21
11921 13278 21
8915 39005 21
8911 35896 21
3027 22275 21
8910 15088 21
32495 49785 21
11949 27618 21
24168 44270 21
16396 24455 21
24174 26174 21
6528 12757 21
6142 44472 21
3020 7379 21
8029 22962 21
28982 44958 21
15644 18213 21
2406 32771 21
3015 27706 21
455 36700 21
7794 7883 21
26478 49601 21
11984 16023 21
11990 32710 21
1198 36029 21
26475 45256 21
13569 27167 21
43655 45733 21
3179 32661 21
1004 2027 21
1538 42253 21
14832 33934 21
11533 14403 21
23658 41581 21
305 12237 21
30459 38186 21
23666 35208 21
28662 30450 21
23676 36505 21
23676 44353 21
38991 39251 21
5913 6199 21
33484 48547 21
1023 39270 21
3166 9378 21
9165 16594 21
13736 17417 21
33438 49161 21
3158 38062 21
1029 1167 21
8312 33026 21
3156 24771 21
33405 38660 21
2673 37144 21
5958 49527 21
15542 46382 21
11417 21872 21
15523 45540 21
13810 43714 21
969 41774 21
8291 9996 21
30405 41125 21
23584 44156 21
477 43642 21
23594 29525 21
5892 33625 21
5893 34360 21
3199 17248 21
26768 48232 21
8313 17399 21
28558 29763 21
984 9523 21
33791 36552 21
6576 10479 21
11484 40969 21
33749 38160 21
13769 49868 21
33730 34913 21
8294 39421 21
15563 16181 21
11516 20858 21
13760 36032 21
3100 25604 21
9108 11347 21
1063 3318 21
2687 8344 21
33 21901 21
6024 28284 21
1065 14566 21
1066 27451 21
11639 34422 21
1067 17745 21
14878 45834 21
3103 12408 21
8037 21100 21
11671 20698 21
9110 22530 21
13678 37764 21
6044 24515 21
26635 37823 21
25404 37867 21
38980 40330 21
45177 49436 21
12773 46612 21
33048 39719 21
23941 42208 21
3093 34642 21
23958 34219 21
6052 46442 21
11610 19954 21
11580 43311 21
3150 27410 21
9151 10068 21
1890 30453 21
16749 25480 21
7708 26350 21
11589 14111 21
26669 31918 21
338 5187 21
23782 48305 21
13200 37392 21
2367 33219 21
23787 46878 21
26423 26430 21
5985 14616 21
5993 9205 21
46100 49388 21
33282 46503 21
8318 13408 21
13691 45018 21
38286 49247 21
23843 31433 21
45147 49134 21
2540 6202 21
6752 13240 21
9111 13213 21
12446 26538 21
13364 13535 21
6374 19746 21
49 9455 21
15113 22432 21
1486 10264 21
15116 39567 21
12433 38255 21
332 615 21
24984 43099 21
31299 32868 21
7938 38109 21
1713 14179 21
1380 4718 21
29315 38297 21
45419 47872 21
12452 29743 21
15879 27284 21
26205 31783 21
6404 14194 21
29343 43694 21
7944 33806 21
15872 23320 21
15859 31855 21
15858 36467 21
1396 25821 21
31226 43748 21
8524 38403 21
29517 35593 21
8633 26025 21
8628 20104 21
1339 1915 21
1339 27669 21
13415 22085 21
1340 7222 21
8014 36846 21
7910 41646 21
15990 29130 21
8616 33035 21
48 57 21
15986 30427 21
6860 8632 21
1399 8231 21
1354 2795 21
45485 49378 21
6359 31941 21
6360 21228 21
31461 40996 21
1489 15119 21
7930 31701 21
24928 26871 21
31394 33157 21
29312 45889 21
31383 34469 21
1364 3460 21
8443 48561 21
1434 40197 21
8473 39998 21
29435 31653 21
31029 42928 21
29444 31695 21
26104 49972 21
8470 23014 21
12591 36887 21
1729 34432 21
12606 18530 21
436 579 21
25168 34347 21
29447 49153 21
39528 45255 21
1727 47726 21
30928 31924 21
45288 45516 21
12624 21226 21
15746 24393 21
25217 49627 21
2515 15156 21
25212 44495 21
119 206 21
2740 3262 21
25206 43964 21
12646 49133 21
15143 48846 21
8521 47620 21
8514 36124 21
13277 38872 21
15137 40949 21
31173 33782 21
2779 4938 21
2778 7953 21
7953 8624 21
2775 22351 21
31163 34868 21
8506 13388 21
73 531 21
38569 48223 21
8634 15408 21
2729 5218 21
15153 49454 21
2766 7856 21
12544 28321 21
15805 46040 21
25243 27009 21
7965 36024 21
15157 42910 21
31057 42852 21
25136 47538 21
15158 43344 21
1432 8370 21
1277 16457 21
16211 48012 21
32052 47405 21
1258 16699 21
358 39967 21
32048 43840 21
15033 31591 21
6241 37945 21
29576 41245 21
26376 35634 21
12136 21663 21
8758 19698 21
6516 26951 21
31983 39371 21
1258 2680 21
31947 42305 21
31921 34988 21
1800 35552 21
2926 11720 21
1288 41923 21
6252 17957 21
31880 32103 21
31878 42875 21
7850 45669 21
8701 34809 21
8700 38911 21
24553 46720 21
12211 16429 21
13531 37213 21
1235 32546 21
6907 32756 21
24389 36243 21
32160 42010 21
6907 27869 21
1239 17068 21
7821 27833 21
15020 39158 21
32128 34825 21
12095 20299 21
29065 42980 21
6202 22429 21
6203 23215 21
24556 43913 21
42852 45818 21
30659 41895 21
6520 30012 21
2953 44041 21
12118 41235 21
13525 30520 21
6222 9481 21
6892 47741 21
24462 28019 21
2946 23207 21
7842 23679 21
2943 7815 21
6866 28995 21
6867 48349 21
26311 36732 21
29217 36170 21
16053 22682 21
6310 39702 21
6311 11710 21
30696 34859 21
2866 37349 21
2866 5425 21
2864 25389 21
7891 34691 21
13422 28677 21
8651 33072 21
24738 26799 21
6320 40958 21
24786 28138 21
8648 23101 21
1327 36810 21
24812 32540 21
357 4503 21
25295 26676 21
407 27113 21
30700 46584 21
8636 10230 21
31595 32451 21
15085 40208 21
12731 46942 21
24565 33137 21
24565 35573 21
15050 20258 21
16143 21534 21
15050 25398 21
16131 29227 21
8687 21418 21
29139 30132 21
13484 14797 21
6880 49423 21
26349 27511 21
1309 42930 21
24640 35460 21
15526 40714 21
16105 24397 21
13477 24704 21
8675 15352 21
7864 8343 21
16101 24786 21
24686 42513 21
7881 47014 21
26019 37879 21
1314 44152 21
31734 40659 21
12248 33761 21
29217 32008 21
103 4529 21
36372 46036 21
30061 38331 21
17669 20888 21
36336 49775 21
30080 31390 21
2232 2447 21
10644 14599 21
22533 22758 21
508 49074 21
6717 10474 21
2066 5635 21
13000 30570 21
36225 41256 21
17675 21465 21
44280 45703 21
10674 26294 21
10679 19678 21
10689 12778 21
22603 26371 21
17632 40985 21
10695 27560 21
2240 16371 21
17610 29330 21
5543 36952 21
17609 35100 21
9851 10976 21
36139 49124 21
3544 40718 21
7206 36359 21
3556 24143 21
2218 13322 21
2218 35976 21
9947 17603 21
2220 33533 21
27231 38266 21
7199 28372 21
641 34148 21
47958 49996 21
7199 9821 21
8163 20615 21
3546 3953 21
10699 41770 21
27782 46888 21
36417 42353 21
30020 41796 21
6657 13088 21
27209 42002 21
14517 24147 21
5504 7396 21
36374 49438 21
17696 49614 21
3537 37260 21
17682 23801 21
13021 42761 21
37913 40097 21
10777 19552 21
25676 31148 21
30112 37979 21
3460 44850 21
7154 33635 21
39269 44358 21
27121 44064 21
12996 28823 21
7471 18523 21
3450 39000 21
10824 28164 21
5602 21083 21
14071 45251 21
10764 36152 21
735 1368 21
2263 36596 21
10836 13054 21
14063 27727 21
22840 29574 21
10840 20665 21
8071 34562 21
14595 19844 21
35695 44040 21
17420 35161 21
10856 23957 21
2032 32366 21
7482 26209 21
9819 14127 21
22664 28694 21
14132 17552 21
15427 49856 21
22694 39046 21
3487 24579 21
10717 46121 21
5558 33323 21
3483 43933 21
10720 40441 21
6641 42591 21
17547 36008 21
174 27998 21
10738 11678 21
9967 45209 21
22731 44623 21
2250 3543 21
8183 33132 21
17530 23722 21
9813 12172 21
36014 41628 21
3470 9688 21
3469 7105 21
36013 49101 21
27915 31241 21
25682 49850 21
7459 45530 21
37332 43396 21
18083 44398 21
539 26808 21
5353 36786 21
2586 16513 21
13125 15602 21
22163 36669 21
18054 48818 21
27625 39173 21
27427 32793 21
18040 44623 21
14302 20208 21
37411 44692 21
10134 21897 21
29898 31168 21
10311 23150 21
43312 48896 21
2173 15773 21
10326 43279 21
37245 45276 21
8132 33382 21
3641 48620 21
5381 43380 21
10340 27294 21
29772 38357 21
1667 8371 21
2 4455 21
8083 41459 21
2580 5063 21
2578 11215 21
14382 15715 21
22084 37424 21
3686 31302 21
10190 10873 21
22090 41426 21
10212 48690 21
37583 47952 21
7313 22797 21
37574 43483 21
18122 27110 21
13118 36459 21
15349 39023 21
3632 13539 21
41975 49264 21
1660 15872 21
10177 31972 21
10239 30349 21
37523 43088 21
18109 22358 21
27559 39356 21
40620 48379 21
37517 48712 21
14320 49087 21
10249 35709 21
13105 16155 21
616 13659 21
2099 7235 21
7245 30802 21
27726 29858 21
29975 34561 21
7381 10543 21
5451 35214 21
13041 46295 21
36808 49261 21
2596 3747 21
5456 5768 21
22384 48615 21
14465 40100 21
7225 41831 21
7376 47816 21
17794 31887 21
22397 31701 21
10496 30525 21
42120 46134 21
5469 36148 21
17781 43167 21
36740 38090 21
5470 30507 21
48411 49817 21
14477 20944 21
43865 46369 21
44215 47953 21
14261 23093 21
14406 44772 21
5395 7589 21
573 9878 21
3627 6229 21
17918 44959 21
574 814 21
7353 35076 21
8138 26299 21
22282 23368 21
27668 30775 21
14271 23222 21
17908 34092 21
7362 17433 21
7650 30378 21
27690 30547 21
25768 38927 21
7250 34198 21
17883 44703 21
2183 3196 21
5426 12259 21
36956 49945 21
5429 10332 21
5432 8232 21
5434 8671 21
10426 48594 21
44947 47129 21
25562 29749 21
2308 9036 21
23296 34910 21
43744 49084 21
1575 11445 21
7079 16821 21
28283 33031 21
9433 33772 21
15488 40112 21
26 70 21
2546 21255 21
23335 23416 21
44898 45558 21
3282 8997 21
23286 47335 21
9419 49040 21
1966 30186 21
17057 31277 21
15256 18930 21
34365 39409 21
1571 4212 21
23349 26688 21
3277 9136 21
23353 45305 21
3274 41301 21
484 14728 21
12909 49149 21
17119 30311 21
2296 21548 21
28223 32545 21
38063 40086 21
34687 38433 21
7098 10602 21
34666 47827 21
13951 26222 21
9485 12568 21
17127 35492 21
3308 44189 21
30211 33862 21
164 555 21
900 3577 21
2637 4689 21
6742 18675 21
2307 6973 21
34572 48812 21
34571 35870 21
15479 28731 21
5778 5802 21
24 536 21
11191 32860 21
7087 14194 21
34532 43836 21
15479 33114 21
9316 13206 21
14748 23745 21
28414 34008 21
933 1456 21
13843 21593 21
1554 5643 21
16976 40300 21
28451 48543 21
38141 44174 21
2331 20781 21
23480 31093 21
34056 35684 21
34053 42318 21
13831 47167 21
16985 18235 21
23510 43803 21
9316 12336 21
28466 30484 21
28466 43749 21
28474 28783 21
2542 39435 21
7649 19716 21
302 13517 21
9298 30765 21
23548 41401 21
11391 15142 21
33987 49334 21
30327 31103 21
34323 49424 21
9400 16033 21
7598 36371 21
42508 46473 21
23373 24505 21
7073 22225 21
3265 19085 21
13898 38740 21
908 20121 21
1681 36023 21
2318 7415 21
28336 33128 21
9711 32903 21
1560 13653 21
5828 24726 21
13887 27719 21
9374 35826 21
1954 3899 21
34236 39614 21
922 46995 21
926 3961 21
23450 36704 21
12888 42887 21
26835 28826 21
1556 37876 21
2627 8364 21
22995 43786 21
385 23508 21
769 32286 21
8204 46879 21
9668 18467 21
10933 34772 21
30140 45926 21
7128 17069 21
2011 42405 21
9657 29207 21
28106 45493 21
780 1094 21
782 32787 21
3387 49402 21
25905 25953 21
7532 21571 21
35260 47086 21
42358 49414 21
790 1152 21
796 2430 21
7534 19595 21
5704 19953 21
47163 49081 21
3368 3868 21
17257 36694 21
3364 10524 21
758 32719 21
2615 42072 21
7486 15072 21
17406 26805 21
12993 35228 21
10887 33560 21
2267 3291 21
17385 21766 21
5649 9929 21
3414 6258 21
28005 32121 21
35558 39850 21
5655 31160 21
11160 46901 21
12988 15097 21
5658 14588 21
7503 24869 21
10912 11316 21
22960 31225 21
5668 21925 21
17334 37706 21
2618 27747 21
497 31969 21
766 5406 21
12985 18640 21
423 33733 21
14672 33192 21
11131 45626 21
3327 49088 21
40301 41101 21
15475 21088 21
1588 12840 21
2292 17073 21
823 13649 21
3331 15273 21
3340 36528 21
34936 46190 21
3324 37728 21
29734 31144 21
23161 32656 21
34910 47583 21
39565 44417 21
28188 47764 21
34827 38819 21
9533 30455 21
1985 41309 21
28196 39060 21
23152 27586 21
9568 22205 21
17251 40583 21
23087 49545 21
12945 41614 21
9577 10108 21
43371 44963 21
68 44045 21
23095 23917 21
844 22712 21
26985 33878 21
34757 38994 21
35060 37317 21
17238 20285 21
13980 26001 21
45061 45789 21
39657 46294 21
11137 38275 21
7537 33654 21
34783 45047 21
9602 31260 21
11016 28350 21
38821 45547 22
29739 37179 22
8063 42337 22
8014 40980 22
29821 40021 22
13688 16085 22
1673 15465 22
20894 21511 22
20946 25449 22
8047 11579 22
1680 8448 22
7999 26526 22
19288 46781 22
1674 4545 22
20895 28509 22
20884 37107 22
7998 16465 22
8073 49206 22
1688 5469 22
29609 39971 22
13159 14352 22
20908 45512 22
13232 33887 22
44870 49660 22
13291 20918 22
247 46515 22
29691 36217 22
20931 44103 22
7507 23824 22
7558 19236 22
13974 20971 22
7552 13776 22
28172 29524 22
13980 30283 22
13993 35805 22
14013 35687 22
28119 31992 22
14027 27858 22
4063 17094 22
19116 26487 22
19091 42827 22
28048 37864 22
4060 21184 22
21143 45770 22
4892 33823 22
2027 6914 22
14053 44513 22
14060 43220 22
7480 30034 22
19132 36984 22
1955 45367 22
4079 4783 22
85 17705 22
1963 36518 22
28313 48431 22
39069 40944 22
1967 24477 22
1968 19205 22
13920 27492 22
28287 36887 22
14084 20586 22
4074 28388 22
13926 16532 22
13926 25621 22
7580 11276 22
1975 41142 22
1976 5935 22
13954 24118 22
13955 21099 22
28213 39833 22
14310 22909 22
27727 45546 22
381 12476 22
14258 47122 22
2114 31486 22
14285 39863 22
27645 34494 22
4034 13263 22
21212 40063 22
27644 34594 22
14295 31269 22
14240 28651 22
27615 29319 22
39174 49431 22
14319 14632 22
44116 44775 22
4028 45856 22
19005 48169 22
7318 41951 22
14352 31602 22
5317 19061 22
383 3195 22
21153 44618 22
2046 5037 22
21160 42598 22
27904 48295 22
7454 29786 22
27882 35646 22
27876 35980 22
7436 37970 22
7424 43189 22
13889 14911 22
7415 15426 22
7412 22498 22
7407 38551 22
14198 17030 22
21181 38669 22
27768 33089 22
27753 44435 22
14225 45472 22
27742 29499 22
7801 27989 22
1797 15638 22
29133 43287 22
29129 42496 22
38896 39048 22
21004 39416 22
29083 39549 22
21008 22462 22
4828 22514 22
13559 47889 22
7803 36857 22
4117 33646 22
13581 49791 22
4109 37494 22
13586 35911 22
1835 36025 22
28964 45702 22
1838 35039 22
211 1624 22
28910 45590 22
19218 39028 22
1747 12731 22
29482 41864 22
44790 46409 22
13310 34213 22
7972 30988 22
7965 9906 22
29395 31440 22
13338 27548 22
29373 34238 22
1746 9211 22
38952 46354 22
7939 11555 22
29319 35028 22
19253 29556 22
20983 26293 22
7902 18682 22
1772 45306 22
19247 19482 22
19244 43910 22
7888 8842 22
1921 19192 22
1894 6065 22
38989 38997 22
1896 44340 22
1897 37432 22
1898 36237 22
4088 34780 22
28600 36104 22
28573 48962 22
13774 14885 22
44501 46736 22
28693 36621 22
13803 34064 22
1923 13367 22
393 46010 22
4866 37672 22
7643 49859 22
1933 21873 22
1941 32103 22
39045 39468 22
7624 18512 22
4097 21840 22
7768 10517 22
4850 6715 22
1860 10686 22
28839 31430 22
1866 40476 22
1867 1907 22
28798 47352 22
21045 36095 22
13678 21056 22
213 349 22
7298 43193 22
7730 24057 22
19195 27903 22
13690 46807 22
1878 19842 22
13691 24896 22
13698 15102 22
4094 10575 22
19191 30946 22
863 3168 22
4378 28643 22
840 44026 22
19863 30246 22
849 22587 22
4375 9756 22
34700 48772 22
852 31976 22
487 16825 22
34634 42487 22
856 33700 22
9479 43039 22
20308 47786 22
34609 36994 22
9529 11699 22
11192 33180 22
46804 47637 22
9453 42251 22
11207 19912 22
11215 23997 22
9434 20612 22
46789 47166 22
9433 15330 22
11239 13068 22
891 9867 22
892 1362 22
892 35617 22
895 943 22
801 2011 22
767 1327 22
10928 19170 22
770 6416 22
9661 36299 22
10942 12152 22
774 4209 22
35385 40840 22
775 5093 22
4540 48911 22
9632 13894 22
35276 40184 22
35263 45225 22
9613 26638 22
38099 45100 22
9589 35368 22
47104 49584 22
9566 48950 22
9566 16909 22
35009 41982 22
34962 46775 22
11079 22885 22
9546 42719 22
4384 9723 22
826 16581 22
4550 18246 22
4551 23290 22
9215 14884 22
952 35568 22
11385 31578 22
34009 49218 22
9267 41464 22
9266 21084 22
972 1508 22
972 21104 22
9252 18336 22
11472 17555 22
33801 47056 22
20422 29958 22
11483 11821 22
9219 13411 22
38149 49658 22
11511 22517 22
19731 32132 22
1001 3210 22
11527 16958 22
33627 42565 22
1009 27229 22
11538 25614 22
38218 40413 22
20440 25118 22
9165 12945 22
11572 32923 22
33402 34375 22
4585 18898 22
20343 22575 22
34295 45041 22
34295 38924 22
11291 25546 22
9389 23258 22
9386 25163 22
9384 24813 22
912 1133 22
9382 43476 22
34275 40973 22
915 20693 22
11309 25500 22
46692 46885 22
10927 33206 22
11324 31565 22
11326 22406 22
34180 48995 22
34156 42300 22
34141 49119 22
11338 48928 22
9322 45193 22
9320 16673 22
946 20327 22
34050 38812 22
9313 22908 22
19760 25407 22
37730 44305 22
10073 46480 22
4479 5918 22
590 42600 22
10415 33799 22
10422 21003 22
10424 43136 22
48817 49421 22
10046 16978 22
20150 25519 22
4 33078 22
41346 48068 22
36917 48463 22
10026 15862 22
3 413 22
36849 47263 22
36848 42670 22
20044 37731 22
611 2417 22
36799 39981 22
9995 48732 22
4486 34377 22
513 39096 22
10506 26893 22
10508 29571 22
10525 25258 22
36643 37803 22
37469 42664 22
520 2297 22
522 23006 22
20097 34858 22
10185 21097 22
4458 34380 22
37558 46864 22
10234 48615 22
20109 21368 22
534 4936 22
10167 35044 22
37490 38489 22
4454 36180 22
10254 11697 22
36638 41790 22
4468 22210 22
541 1575 22
10268 45848 22
37303 42928 22
37296 40594 22
4473 8038 22
10337 48284 22
563 20983 22
37200 46358 22
37153 43504 22
10086 21301 22
575 1221 22
35697 45361 22
36005 46733 22
9810 14279 22
19965 21693 22
713 30771 22
10784 31352 22
35941 46192 22
10788 24866 22
723 21117 22
727 38165 22
35808 44983 22
730 7535 22
19944 27809 22
738 16668 22
703 742 22
4526 11435 22
10861 21642 22
9721 43380 22
35618 36279 22
35599 36880 22
10886 39584 22
4529 16986 22
9705 26905 22
4531 6135 22
35522 44739 22
761 12953 22
10924 23529 22
9889 22856 22
36632 39203 22
9944 18336 22
36502 47681 22
36498 46064 22
9930 15572 22
646 36459 22
9924 33893 22
10599 34883 22
649 16029 22
650 1474 22
10608 45760 22
20166 33185 22
9900 38391 22
9153 37129 22
36286 46186 22
19992 49945 22
10652 21604 22
37833 46252 22
19986 29838 22
673 1547 22
47683 49781 22
36131 48534 22
4417 14776 22
9841 13536 22
36077 39379 22
36024 43556 22
12619 12768 22
8503 11650 22
12539 40863 22
1422 14908 22
12554 33499 22
12560 27517 22
19460 27196 22
8478 16936 22
1433 12768 22
1436 26153 22
1438 6356 22
31008 49081 22
8462 39670 22
30956 46131 22
4214 15655 22
30905 41820 22
30899 31379 22
4731 12408 22
8431 36410 22
8426 31667 22
30881 37961 22
12654 21310 22
1475 14431 22
4197 14625 22
12665 43809 22
30772 48380 22
12704 19841 22
12427 18108 22
19534 44230 22
31560 38580 22
31555 38776 22
31548 48840 22
31507 49211 22
12338 15737 22
8590 20360 22
12366 19172 22
1363 3146 22
31363 34118 22
31359 39909 22
243 3639 22
31308 34571 22
20755 33694 22
31298 33102 22
31297 36829 22
12454 15941 22
1390 15551 22
1390 32942 22
12480 46598 22
12511 18582 22
31175 38009 22
12513 39118 22
45400 47638 22
31172 32222 22
12525 37325 22
30116 48844 22
1573 21472 22
1574 41288 22
1577 10589 22
8245 13624 22
1588 29293 22
19369 29957 22
38744 41742 22
30167 44662 22
45051 45267 22
41601 47168 22
1595 44402 22
45042 49426 22
8200 16256 22
12917 27869 22
1606 11314 22
8182 10147 22
30007 47001 22
8157 36645 22
13053 19247 22
29966 33116 22
4776 49737 22
20870 45004 22
8135 13210 22
1637 39855 22
4777 5447 22
8108 46046 22
30553 47566 22
12713 28123 22
1493 1554 22
19430 24524 22
8359 28089 22
8358 30615 22
30651 34931 22
8353 20267 22
30636 41269 22
1505 2119 22
30635 44405 22
8350 19754 22
1510 14152 22
20777 38118 22
4233 49232 22
30550 44087 22
12796 46676 22
30508 37734 22
4748 9790 22
12808 40177 22
12809 26816 22
12840 48688 22
30378 36959 22
4753 23311 22
12891 49729 22
20817 29197 22
30304 39254 22
1158 23904 22
9022 32010 22
20505 36540 22
32890 33377 22
11799 46011 22
8998 10169 22
32775 44800 22
32744 41737 22
11862 13196 22
1149 10523 22
4649 27457 22
11876 22021 22
1156 12491 22
8943 45543 22
9027 46207 22
32580 32648 22
8927 28513 22
11917 48346 22
8923 22263 22
11951 19126 22
11954 32639 22
11963 36513 22
1185 2510 22
32460 41057 22
32451 33579 22
8880 20028 22
8877 15055 22
11625 19881 22
1037 8853 22
11586 15173 22
38268 38697 22
9144 15418 22
9139 40356 22
11608 35311 22
1055 10852 22
33277 42077 22
46084 49626 22
4619 41373 22
4305 33951 22
46069 49066 22
11625 12272 22
1194 12072 22
1063 49793 22
11649 17460 22
9093 12798 22
4298 13616 22
9075 18881 22
1084 39741 22
1085 2165 22
465 1364 22
11702 20652 22
19677 35157 22
9060 16507 22
32972 39962 22
12237 24080 22
12142 29904 22
4249 4918 22
20599 41434 22
12211 36137 22
31810 42788 22
45617 49809 22
19567 20970 22
12231 43999 22
31765 38809 22
31757 43660 22
20615 35597 22
4682 34661 22
4241 6847 22
32043 33335 22
1318 14783 22
8663 14849 22
8663 10925 22
4237 13920 22
41534 43916 22
20636 46657 22
20637 41238 22
12274 32617 22
8649 8816 22
1330 47480 22
8639 12898 22
31603 39926 22
12088 29157 22
1200 1995 22
1200 16830 22
32350 45037 22
4265 20652 22
4264 7100 22
1218 1965 22
32281 40258 22
219 568 22
32206 45493 22
1234 6638 22
32188 45603 22
8798 47556 22
8797 49093 22
4782 9186 22
19597 19871 22
38456 45543 22
32116 32912 22
41 214 22
32106 42512 22
12122 29418 22
32061 34400 22
8765 19042 22
32053 36240 22
20579 46082 22
32047 34524 22
1259 22869 22
6092 9878 22
3576 23426 22
6089 37212 22
5024 8428 22
3571 31773 22
15220 17002 22
3057 42577 22
2533 6008 22
25991 46348 22
22412 41857 22
2526 10034 22
257 13025 22
6748 47439 22
6748 19800 22
6747 8590 22
22432 36738 22
21425 23535 22
16476 22553 22
6744 8276 22
18464 29352 22
6067 35197 22
6069 11512 22
6800 15308 22
5665 40812 22
3071 16101 22
17340 37910 22
6789 34519 22
24010 40021 22
42782 44900 22
17754 47393 22
22389 43594 22
6776 26026 22
18787 20768 22
26043 40861 22
15199 46657 22
3409 35172 22
43414 48343 22
17806 24787 22
3012 4647 22
15312 28933 22
2571 33928 22
3021 33506 22
18753 20426 22
25823 45077 22
16382 46417 22
5155 15520 22
3432 27151 22
15356 35381 22
25865 35884 22
3831 43815 22
16373 20808 22
25794 48934 22
17423 42988 22
17432 23767 22
146 157 22
6671 28800 22
39622 45209 22
3827 21750 22
3428 4445 22
16461 32952 22
6739 16904 22
15268 29987 22
288 405 22
15280 45439 22
6132 19359 22
3031 15924 22
2491 48519 22
178 35978 22
42793 43067 22
15297 19782 22
6713 12561 22
6134 20953 22
16406 46833 22
22456 25494 22
39583 43102 22
22314 47015 22
23709 47855 22
23713 26435 22
308 9451 22
23761 26472 22
14951 17795 22
18199 40973 22
22292 38922 22
40133 40620 22
3612 24232 22
3160 24334 22
14971 16583 22
41900 45671 22
26456 39701 22
3605 6406 22
23038 31317 22
14993 22363 22
43541 47643 22
16707 49553 22
2387 8896 22
23045 42817 22
2374 11851 22
26629 29010 22
16831 32015 22
21906 27108 22
3179 7634 22
5921 22223 22
14899 29416 22
14909 20633 22
5997 19426 22
26582 36521 22
17908 40911 22
21763 35340 22
5415 16612 22
26555 45056 22
14927 34927 22
5294 19501 22
16785 31084 22
22024 28592 22
26303 36884 22
6028 28900 22
40358 45504 22
18806 24610 22
26300 33576 22
15087 45274 22
23918 37322 22
26293 38968 22
6046 37691 22
2456 41696 22
15104 18358 22
40504 42466 22
26225 46576 22
6049 46258 22
3811 9008 22
23966 25822 22
15128 30245 22
3954 23349 22
3113 33870 22
15014 36483 22
16652 44586 22
22330 45859 22
26380 38451 22
23844 48461 22
40105 46740 22
6886 23655 22
6883 46165 22
6670 14477 22
23879 27774 22
6878 15199 22
15060 17292 22
23883 36592 22
15064 19206 22
3108 6899 22
3960 20234 22
18808 36000 22
24804 42250 22
18257 32054 22
2726 26650 22
3899 44612 22
24782 46485 22
18584 47459 22
2736 14089 22
15732 49668 22
22617 47686 22
25198 41541 22
5125 32113 22
22756 27539 22
6332 30092 22
6466 14513 22
43141 45903 22
17505 35050 22
3467 44030 22
5088 20162 22
15786 16955 22
24726 43976 22
6525 35975 22
2899 4673 22
2897 37171 22
6287 6784 22
6521 40599 22
3857 46797 22
22549 23973 22
25318 41667 22
6294 42751 22
6345 23145 22
25297 27993 22
2721 3604 22
3464 23790 22
6310 15960 22
5523 49293 22
336 20644 22
25273 46516 22
22567 31585 22
2817 45217 22
2771 21559 22
335 1542 22
43121 49897 22
24916 49192 22
6368 20926 22
6370 35178 22
15842 45114 22
2784 15616 22
25044 38965 22
24907 27382 22
15942 32424 22
25026 45009 22
6391 40212 22
15889 43755 22
2803 28434 22
3880 6198 22
25016 31371 22
22724 36601 22
2764 2964 22
21547 21594 22
6346 36930 22
15786 28118 22
15990 22207 22
22670 24971 22
5554 22676 22
2759 14336 22
25128 44957 22
17475 33391 22
3470 25362 22
2765 30976 22
18605 49141 22
25119 39881 22
15809 16599 22
3874 15872 22
5094 39391 22
6440 8001 22
24390 43214 22
25618 28646 22
5147 12416 22
24377 30968 22
16268 47160 22
15467 22614 22
24388 33795 22
17711 27072 22
15467 42301 22
16266 26434 22
25621 39392 22
25592 31059 22
24397 40279 22
25590 38039 22
16256 21413 22
25587 38440 22
41777 44598 22
6206 27522 22
176 24499 22
15423 34817 22
6670 14470 22
2595 25317 22
24286 38178 22
25744 35567 22
16317 33967 22
6173 39875 22
25737 27734 22
15418 34809 22
189 6856 22
3448 16493 22
21937 33065 22
21465 37352 22
25673 34706 22
6636 21496 22
15447 18526 22
2623 38548 22
25632 39326 22
22488 34077 22
6547 40932 22
24533 25772 22
21621 32448 22
25434 37234 22
25426 35986 22
6550 43156 22
3913 5279 22
16154 49654 22
6263 8463 22
2687 19129 22
17661 17785 22
6272 17100 22
6279 31508 22
22537 28816 22
189 38311 22
2697 44511 22
17659 22213 22
15636 43470 22
39703 42433 22
16184 22996 22
25539 30337 22
6225 34322 22
16217 20153 22
16216 22445 22
16200 17589 22
5511 8973 22
25519 39185 22
6239 14057 22
17189 37415 22
6587 41605 22
6247 29863 22
2656 5083 22
3739 20935 22
25468 49662 22
3528 17647 22
5135 15857 22
2927 7418 22
5857 43510 22
17112 48773 22
4942 12979 22
7241 42383 22
21243 35046 22
18091 27667 22
3704 7383 22
14742 19835 22
42359 48797 22
5714 9503 22
17074 49021 22
3338 48285 22
160 15582 22
5857 39008 22
2321 13784 22
41997 46901 22
21850 49202 22
14647 28275 22
7114 17631 22
14656 37128 22
27328 40707 22
17208 45427 22
14731 15515 22
7178 23172 22
7122 35669 22
18393 38226 22
5802 15190 22
14801 22792 22
7038 9287 22
14622 18739 22
7259 7451 22
40698 48867 22
3203 20641 22
23410 35826 22
14793 25657 22
5205 37405 22
41708 43663 22
5215 5867 22
5327 22727 22
23422 35091 22
7057 30260 22
23257 40973 22
5875 46535 22
14644 18947 22
27019 31384 22
21853 24005 22
7248 27309 22
27194 46804 22
14712 24554 22
2294 9215 22
17999 21474 22
16979 30616 22
18961 40320 22
5332 26901 22
14704 18821 22
5376 23338 22
14524 32622 22
3292 14672 22
14702 18988 22
23292 37734 22
4968 20422 22
26974 32816 22
4969 6397 22
2305 14383 22
5788 37680 22
23461 25121 22
2303 39099 22
23467 29082 22
39245 47598 22
14689 39105 22
7196 33176 22
5367 49218 22
22191 34382 22
27301 49869 22
14664 24898 22
5386 29454 22
254 3791 22
23435 35843 22
292 8440 22
39331 43040 22
14668 14717 22
297 45223 22
2331 40650 22
3245 3966 22
14516 31797 22
14715 39624 22
18905 46263 22
3989 46390 22
2313 37426 22
27189 43761 22
3291 3365 22
23087 28561 22
16974 49046 22
5724 8680 22
3278 5677 22
268 1834 22
7138 18332 22
21232 42030 22
23373 35626 22
290 37156 22
192 1492 22
26697 35449 22
3322 4472 22
2168 16973 22
18136 33575 22
14577 44645 22
3265 17858 22
26722 44187 22
43661 46201 22
23064 39134 22
3198 46990 22
5893 37948 22
22091 45188 22
27075 29986 22
5823 9705 22
17160 28299 22
23369 32064 22
27108 29866 22
14590 29028 22
22078 43192 22
17033 24681 22
4026 9754 22
2156 33907 22
14600 43574 22
4929 47454 22
2370 45351 22
255 14685 22
14397 17240 22
16849 20052 22
2266 4029 22
6985 26744 22
26654 42508 22
2261 18390 22
21828 23026 22
21874 31669 22
44028 48967 22
23623 41450 22
23152 32327 22
27067 36563 22
7160 12202 22
27142 42585 22
23239 39606 22
4956 36636 22
23195 34527 22
2272 3494 22
14815 48866 22
17915 49612 22
26779 42107 22
23337 48258 22
2346 11363 22
204 3667 22
3653 41272 22
27393 35134 22
16890 28893 22
41965 42365 22
5734 11932 22
109 1072 22
3203 6771 22
23405 46287 22
18992 34861 22
2255 14538 22
5142 23441 23
2952 11681 23
3273 8121 23
23358 27571 23
8764 8989 23
2895 15326 23
2924 3532 23
31898 47098 23
34356 43045 23
4521 15157 23
24543 49672 23
9771 18962 23
814 2114 23
42460 49495 23
879 4625 23
19571 36657 23
41444 47406 23
8709 19223 23
890 2175 23
17083 37432 23
9436 33567 23
31863 44066 23
25 150 23
31861 48146 23
3452 8718 23
24518 39604 23
9774 39602 23
12095 17352 23
3279 6270 23
24527 41750 23
24507 45845 23
3279 26592 23
4405 17214 23
18553 26992 23
817 4997 23
17058 20761 23
12152 13554 23
21644 47191 23
32008 35523 23
9773 15623 23
17076 22106 23
12141 18220 23
34371 43234 23
12097 26511 23
34431 40119 23
31902 43255 23
4577 7564 23
17454 25429 23
1243 4804 23
12191 18604 23
12190 14959 23
9428 18252 23
17463 18133 23
24490 33238 23
31919 48696 23
34360 34870 23
11235 33312 23
12112 43776 23
5601 46292 23
38474 49258 23
9756 14329 23
2965 7657 23
12321 18749 23
2828 21062 23
217 529 23
31470 35125 23
9813 10244 23
38511 46275 23
9491 25833 23
8603 13635 23
11115 37818 23
31495 33444 23
8606 45446 23
19531 31335 23
6354 26766 23
18253 21576 23
5578 39350 23
12343 27000 23
165 520 23
5116 49244 23
2842 7225 23
17207 25607 23
18346 30754 23
24847 41188 23
36007 44915 23
31563 42837 23
3868 5790 23
4550 13704 23
42986 46239 23
12296 18124 23
10754 47485 23
24831 29788 23
9820 40553 23
12704 32625 23
15886 38225 23
34810 41052 23
24980 45090 23
15912 20103 23
9519 23011 23
12411 23040 23
6388 40339 23
1368 4920 23
20667 40159 23
6381 14842 23
23154 47837 23
31366 36067 23
31375 33759 23
16017 21319 23
3322 35370 23
5569 39816 23
832 10326 23
3474 11727 23
46938 49422 23
3322 5941 23
242 30078 23
1359 39701 23
8594 17794 23
46918 48638 23
845 16843 23
9501 45305 23
9532 10816 23
8684 13054 23
31742 49239 23
17476 44993 23
34527 42906 23
32375 44714 23
34526 42060 23
486 24757 23
3768 3921 23
11200 38836 23
21614 35079 23
38089 43916 23
2901 36860 23
4367 23385 23
2902 34747 23
823 10494 23
1315 24518 23
31795 46084 23
12220 34747 23
35936 43650 23
4681 21062 23
17222 35714 23
21887 22052 23
20320 49718 23
6264 7805 23
8689 30991 23
20325 22386 23
17230 44714 23
19570 39029 23
3853 12819 23
8652 26535 23
296 406 23
8636 14770 23
39853 45065 23
2852 22667 23
31641 40580 23
21856 31571 23
42432 44403 23
1326 41031 23
705 3004 23
858 13727 23
17102 49975 23
2864 3901 23
8652 25191 23
16048 25759 23
10795 33704 23
35978 48346 23
12274 16944 23
2874 25971 23
8657 27366 23
9538 36292 23
8661 26385 23
6310 16223 23
34552 47972 23
23139 36432 23
34540 37535 23
16067 17127 23
12248 31235 23
3296 21048 23
18296 49558 23
1070 1177 23
23025 35942 23
5876 9494 23
16593 18813 23
958 3675 23
9281 28923 23
3751 23505 23
42341 47180 23
33195 33384 23
4596 8215 23
23885 31174 23
16909 38171 23
4622 33894 23
11426 25098 23
4303 13319 23
33173 48245 23
9613 10028 23
6014 36711 23
11448 14393 23
3116 17660 23
33252 48943 23
23855 49584 23
41478 47489 23
16899 40244 23
11619 25168 23
33267 35246 23
3119 25954 23
1056 29917 23
16652 23461 23
20415 20565 23
1087 2325 23
11763 48773 23
32962 38098 23
9034 42942 23
766 2998 23
3076 38987 23
9053 15992 23
34046 48426 23
3814 6694 23
11727 27624 23
24001 40232 23
3391 14995 23
22987 49447 23
33046 39538 23
9309 40508 23
23067 46921 23
23940 27179 23
33081 44516 23
16559 35868 23
20484 48763 23
16929 48488 23
9074 21607 23
17 29998 23
9077 45289 23
35442 46367 23
19758 24276 23
16585 32322 23
19757 46268 23
9095 21854 23
4543 5830 23
33605 37425 23
33788 49217 23
5900 17093 23
18416 25835 23
11557 32040 23
985 7819 23
495 1070 23
5939 38516 23
38235 38240 23
11543 21130 23
9638 10396 23
472 36935 23
3167 22319 23
11540 30368 23
1010 23865 23
5940 14114 23
33732 36022 23
42585 46971 23
40152 44195 23
5924 31432 23
992 3978 23
5200 41195 23
3184 29758 23
9207 13855 23
4321 33072 23
9214 22044 23
11519 42607 23
475 563 23
5913 6017 23
997 19460 23
20455 21542 23
16697 35891 23
1050 1148 23
974 7192 23
1049 47897 23
17279 17732 23
19893 39104 23
9133 13826 23
35211 45997 23
1048 1108 23
11601 13951 23
493 16972 23
9624 19436 23
9238 37619 23
18299 28906 23
1108 2410 23
23776 37214 23
33802 48875 23
4311 35893 23
308 15609 23
4312 34460 23
5962 29015 23
18426 24678 23
38259 39683 23
11479 17360 23
5192 7562 23
1032 26063 23
23061 26439 23
16768 31714 23
23059 25229 23
35658 36706 23
8850 12466 23
23638 29315 23
3002 4224 23
5723 6273 23
10851 47754 23
20548 41664 23
915 5809 23
8870 43006 23
16374 28263 23
1192 1339 23
11305 42528 23
8877 44898 23
5624 29915 23
1188 6376 23
21664 27775 23
4349 38667 23
3351 41255 23
4273 33127 23
16383 16621 23
9366 17581 23
3251 4977 23
3743 8924 23
24155 49515 23
240 22623 23
11313 49678 23
11938 14527 23
16410 24621 23
23103 27652 23
1171 4426 23
4264 12432 23
4261 10452 23
8802 34717 23
34301 36610 23
18532 18713 23
20565 25926 23
2972 5624 23
1226 14064 23
5608 29856 23
12053 38050 23
10837 15214 23
23371 33533 23
34288 43208 23
6176 46970 23
2989 27755 23
37925 45293 23
21660 42419 23
1216 4275 23
12037 25852 23
12035 43478 23
35743 44247 23
910 7766 23
1212 6667 23
11294 49874 23
8845 18291 23
38430 47607 23
12017 45035 23
23388 38367 23
22843 35627 23
12015 20338 23
24027 30210 23
17241 25440 23
32824 34612 23
11819 16171 23
36 450 23
21698 24129 23
20380 27187 23
6089 8921 23
19925 32159 23
938 34429 23
18322 27080 23
11798 42828 23
17352 49315 23
21804 25816 23
35126 49597 23
1133 29872 23
16961 22244 23
3069 5443 23
11782 30900 23
5854 42622 23
1114 13141 23
5855 8874 23
1112 26221 23
4642 12622 23
5857 38237 23
19659 22510 23
38326 45291 23
9681 19509 23
11361 15622 23
1108 3083 23
3052 13291 23
810 48120 23
16989 29648 23
927 3597 23
24130 45912 23
24123 36150 23
5627 21455 23
17410 35064 23
4586 14176 23
3780 15328 23
11877 22200 23
5718 18900 23
6103 35737 23
5162 42694 23
17368 41888 23
483 15020 23
480 42630 23
17362 24213 23
32729 43879 23
8961 40034 23
34164 35319 23
18474 44414 23
8969 48284 23
4545 33618 23
5211 36318 23
11845 47914 23
11843 21946 23
9699 49059 23
32776 37315 23
11334 36828 23
13642 23607 23
1856 8643 23
26575 42472 23
2390 2531 23
21033 36640 23
4102 41137 23
14910 32334 23
6964 22329 23
14909 24536 23
21348 26307 23
361 2195 23
19202 47009 23
13649 41099 23
21043 44103 23
7746 41686 23
10411 47756 23
7744 41819 23
2378 9434 23
3976 26764 23
1844 48694 23
2406 13240 23
5423 22234 23
4441 7809 23
2403 23618 23
1836 32214 23
402 21544 23
19220 45580 23
26516 34652 23
36995 49752 23
37035 37557 23
1845 22309 23
14945 43663 23
6949 13309 23
1847 7232 23
4843 5284 23
3971 35842 23
28902 32169 23
43594 46210 23
1899 35946 23
109 31160 23
26687 49990 23
4986 30846 23
7008 31988 23
21062 42812 23
14831 17645 23
10390 41097 23
2350 12567 23
19179 23227 23
362 26053 23
18874 22635 23
26741 33184 23
229 2790 23
1918 10518 23
1920 42379 23
14810 35746 23
13795 34807 23
39379 43085 23
2372 2881 23
13678 17885 23
26636 28637 23
10407 32001 23
7733 49491 23
37067 42284 23
2372 48828 23
2372 26231 23
80 5312 23
4109 45241 23
18194 40559 23
18862 37395 23
1886 3759 23
20060 43309 23
28698 40331 23
14859 38536 23
22275 29016 23
10079 13912 23
15120 39865 23
7956 28956 23
2490 37042 23
13350 16521 23
20971 46203 23
12441 24541 23
18801 46135 23
40662 42707 23
7940 47167 23
13358 22681 23
6815 43582 23
15100 16712 23
19253 45318 23
5011 26851 23
29288 34852 23
29268 41827 23
2461 4290 23
13397 21087 23
1769 2073 23
26120 44220 23
7991 15115 23
2514 2545 23
1727 26003 23
15177 31891 23
26087 28497 23
7978 8709 23
26105 34873 23
1731 19740 23
20957 43757 23
26302 27165 23
5461 9668 23
13313 18642 23
41617 46856 23
29401 35124 23
6806 38772 23
43452 49842 23
5455 42617 23
26161 28860 23
13547 43949 23
4824 29144 23
18824 48912 23
13522 45091 23
39467 48277 23
1812 4452 23
6896 18203 23
15027 40991 23
15024 24740 23
13547 28540 23
29128 35195 23
6912 24514 23
13549 35146 23
1822 11771 23
2421 11792 23
6920 10336 23
1829 2835 23
13567 28527 23
17861 40911 23
20993 28102 23
6865 17779 23
5009 47958 23
41014 48746 23
19245 49137 23
13427 23981 23
1779 29498 23
10449 20699 23
19244 42800 23
13804 21967 23
26327 48823 23
76 7046 23
6883 22927 23
7852 43446 23
20050 22199 23
39468 47562 23
21367 22861 23
5436 34686 23
27808 32527 23
14152 30137 23
22068 33735 23
2066 47950 23
7426 15634 23
27823 44326 23
188 379 23
27193 48716 23
4909 7710 23
4046 29881 23
383 30453 23
27796 44919 23
4915 14653 23
7208 8646 23
2087 20901 23
27771 41647 23
10180 25582 23
7396 47416 23
7396 33582 23
2052 5329 23
7151 25280 23
14081 35303 23
370 3689 23
27953 30531 23
14089 18209 23
7156 44093 23
90 378 23
14092 17227 23
384 2180 23
44214 48341 23
7456 32781 23
104 2438 23
22152 26659 23
10167 17938 23
3670 8237 23
4455 20489 23
7176 44346 23
18098 21580 23
27457 48757 23
7348 24861 23
27414 31245 23
27642 47222 23
27420 49386 23
27627 39225 23
4022 11990 23
7335 18719 23
27604 35427 23
2168 5085 23
19011 44421 23
14324 38805 23
21231 47397 23
377 1305 23
3689 26107 23
377 25157 23
7315 7349 23
2148 25243 23
14369 30350 23
27713 49863 23
21188 23580 23
27357 34985 23
27750 31559 23
27750 29231 23
18119 33051 23
2187 22754 23
2099 4722 23
39160 48251 23
4953 5506 23
2183 5540 23
3682 47887 23
41693 44886 23
14261 45895 23
2111 26075 23
18987 27716 23
7268 47501 23
27409 38186 23
3990 4156 23
39046 42084 23
37176 37225 23
26879 40423 23
21090 25677 23
4974 14634 23
17983 18744 23
7599 14892 23
3642 22487 23
37678 38481 23
7617 35036 23
37228 39115 23
13919 23607 23
26918 27916 23
4878 40766 23
10325 38761 23
4472 22224 23
13929 41159 23
37675 39718 23
1932 23329 23
10079 48078 23
3629 3847 23
7647 22601 23
3983 47377 23
10085 12244 23
364 8183 23
7044 34625 23
2332 11338 23
19154 31868 23
28262 34546 23
26826 42783 23
21087 46896 23
7058 29347 23
13844 16091 23
1939 42689 23
17965 26120 23
26868 45345 23
7623 49572 23
2270 13105 23
7527 14429 23
545 587 23
2280 30735 23
7121 24088 23
18172 49222 23
14031 41108 23
2018 8022 23
10153 34487 23
2020 8028 23
14001 17950 23
19086 29907 23
4469 8335 23
18043 42999 23
3656 13697 23
2269 2720 23
14051 15829 23
20114 26339 23
14061 17439 23
28188 30711 23
5373 10077 23
20070 20629 23
21294 43858 23
13952 14200 23
368 501 23
21118 37413 23
4968 5489 23
7104 31223 23
43472 47421 23
26984 40851 23
1987 47552 23
5370 8599 23
18016 39545 23
37370 40742 23
2002 8834 23
40971 43353 23
10286 13671 23
2686 11459 23
25381 37867 23
15616 48794 23
19414 33680 23
15614 19273 23
665 32172 23
30557 31341 23
6550 21000 23
8325 47375 23
1525 2606 23
1507 9831 23
665 1702 23
6553 7726 23
427 25908 23
30493 41466 23
4180 9517 23
15584 35133 23
36263 36646 23
10645 12831 23
4188 32335 23
2719 40245 23
6511 9734 23
25309 25379 23
1495 17590 23
15667 25982 23
18666 19778 23
4189 29482 23
30659 38214 23
5519 23094 23
1501 1747 23
15655 43434 23
6523 24202 23
1502 9007 23
19421 21276 23
2707 6054 23
15642 29875 23
2703 34004 23
6601 17304 23
11 484 23
2649 5230 23
25527 45982 23
9912 15168 23
2646 5293 23
30305 35753 23
4497 17219 23
4757 13441 23
8257 45570 23
15520 23386 23
25561 40023 23
8254 48007 23
18227 41111 23
19376 35584 23
25567 45764 23
6610 27317 23
30237 41265 23
8240 46023 23
12858 14966 23
25445 25487 23
19396 24537 23
6569 6722 23
12822 20098 23
12832 37834 23
3915 13867 23
2667 25682 23
2657 3446 23
175 20528 23
15524 36649 23
12868 42988 23
4499 44139 23
30377 38675 23
7992 10400 23
8277 46688 23
3532 5019 23
15523 20160 23
8489 25502 23
21559 32577 23
25092 27123 23
43124 46851 23
12531 33866 23
8501 19379 23
8491 26092 23
21964 25898 23
31084 42516 23
134 679 23
8486 42611 23
1428 1783 23
1431 5721 23
15800 23327 23
45326 49916 23
45317 48117 23
2758 7689 23
17591 45154 23
18622 36679 23
9824 32530 23
25016 47028 23
696 8859 23
1388 8530 23
8537 10192 23
6404 44165 23
19503 35255 23
15863 41652 23
5272 33239 23
8525 15333 23
6416 6584 23
45419 46595 23
1402 14741 23
1402 46956 23
15839 46214 23
31184 43943 23
10725 26336 23
12679 32933 23
2743 26516 23
6475 7087 23
25193 40163 23
21526 34939 23
41812 46860 23
10693 24790 23
1470 41647 23
25267 39470 23
5539 22291 23
6496 46072 23
12688 29159 23
433 1856 23
10671 21187 23
47713 49759 23
12711 15760 23
1489 36719 23
671 20954 23
8453 12193 23
25157 25622 23
4208 11544 23
31004 37260 23
6452 32871 23
12607 15114 23
244 940 23
6459 10019 23
15759 26014 23
10623 30490 23
8444 42595 23
2746 19336 23
17600 31269 23
681 16490 23
3894 12042 23
8441 9733 23
30913 49346 23
30910 38708 23
3943 36745 23
2585 5697 23
3552 5634 23
2586 16325 23
10510 35459 23
29925 43990 23
1638 5003 23
29619 35639 23
15362 26850 23
18747 19761 23
4793 5245 23
25774 39701 23
8056 41069 23
25880 37365 23
8029 9064 23
2537 4482 23
6720 42039 23
13073 41751 23
29716 37521 23
17728 49199 23
15378 25931 23
15378 34700 23
1627 14938 23
22472 43264 23
13183 19139 23
15231 19359 23
1700 3732 23
29704 33413 23
1670 4707 23
13158 45028 23
15258 21087 23
13163 49501 23
8078 15593 23
19291 46430 23
8093 8441 23
25840 36443 23
15320 34237 23
29822 46611 23
351 850 23
4797 46855 23
6714 44822 23
44935 49405 23
6747 39248 23
29835 45910 23
10545 31618 23
17746 26504 23
8051 17965 23
8106 29621 23
8108 10022 23
6751 11068 23
29849 47431 23
15244 28856 23
13105 32125 23
9973 44490 23
30158 35890 23
19363 38252 23
6636 8366 23
8162 35792 23
38846 38962 23
6635 7210 23
5033 9726 23
1598 46469 23
200 38916 23
3946 6563 23
12984 33576 23
25637 48599 23
25627 47315 23
3926 7339 23
412 17240 23
12969 42048 23
12968 41534 23
423 46118 23
126 30307 23
26039 33814 23
13280 15651 23
29487 38113 23
1581 49255 23
18711 26427 23
30200 39973 23
8231 34294 23
22409 28066 23
30005 40864 23
19359 32490 23
350 1067 23
15397 39085 23
38784 40261 23
30014 32781 23
15222 16030 23
248 1903 23
6654 17918 23
9929 23121 23
19362 38316 23
1607 24331 23
22440 36520 23
25697 28361 23
13171 42002 23
9924 45174 23
17778 37604 23
30098 49045 23
18727 23594 23
10699 18021 24
17597 37711 24
9966 40315 24
5311 37870 24
10467 12135 24
5461 16154 24
17839 39921 24
17288 36807 24
5631 12989 24
18112 40314 24
20045 32350 24
17845 37174 24
10187 31925 24
11120 44372 24
17358 43696 24
188 7987 24
10738 27277 24
11115 49154 24
9697 19068 24
10730 37900 24
17565 31827 24
17330 33408 24
9997 13224 24
17206 38816 24
19973 38278 24
17538 21001 24
47681 47865 24
48524 49927 24
10233 40829 24
9680 41039 24
17326 39284 24
17576 24122 24
5676 7475 24
17220 24815 24
5311 42409 24
17821 43667 24
9844 17076 24
5331 7935 24
49544 49766 24
10849 14206 24
10800 21651 24
5393 18067 24
10634 38389 24
17662 28557 24
5495 31452 24
4492 13744 24
11023 30759 24
9653 28216 24
11017 38881 24
47117 48614 24
11047 38443 24
10795 14483 24
9876 11126 24
5377 21919 24
17275 24693 24
18271 28143 24
9569 23497 24
17473 34494 24
5281 27138 24
9918 15048 24
5247 36534 24
10 395 24
10079 25134 24
17465 33218 24
5505 8610 24
18193 36179 24
17729 23858 24
15 17 24
47179 49879 24
5693 32312 24
17257 39785 24
17714 23539 24
9744 13848 24
42181 45135 24
17250 48761 24
10161 12163 24
17640 21261 24
18057 46273 24
5440 31511 24
20075 47330 24
11069 45875 24
10938 15470 24
228 42204 24
9963 49743 24
18238 46867 24
4547 27802 24
10877 45801 24
17414 33261 24
18067 47154 24
10252 18857 24
18087 29353 24
5345 28675 24
17287 31155 24
10780 30974 24
5291 43430 24
10855 13069 24
5489 8572 24
10942 36651 24
8 48973 24
17481 48991 24
5265 16189 24
10866 29348 24
10531 47307 24
17280 18515 24
10867 11945 24
9959 24079 24
19800 46150 24
9801 37915 24
1 643 24
5528 33603 24
13168 13817 24
71 29402 24
8014 12315 24
18783 40976 24
13249 33893 24
15220 36590 24
13231 13402 24
19284 44974 24
6754 32592 24
13195 46480 24
8059 20345 24
121 12906 24
7997 20982 24
43366 49586 24
4794 17612 24
19299 20441 24
13156 21851 24
8087 29640 24
13120 38426 24
15334 34741 24
6687 22540 24
8110 48251 24
13097 16263 24
8126 9265 24
7923 17746 24
14977 17753 24
112 22590 24
13553 43400 24
6894 29434 24
13495 23289 24
15048 26736 24
15054 17514 24
15079 31198 24
7887 28436 24
13391 40014 24
13391 39826 24
15376 24582 24
6847 37128 24
15107 28856 24
13361 45618 24
6835 13251 24
19255 21579 24
15152 33269 24
13328 43850 24
18794 35835 24
7974 11561 24
15189 41570 24
8344 24934 24
61 289 24
45137 47188 24
128 24818 24
8313 19663 24
41588 43506 24
19397 23334 24
4751 5689 24
59 907 24
19405 23287 24
6548 31722 24
45181 48262 24
12861 22377 24
12747 17636 24
6521 16537 24
8372 24822 24
6499 14988 24
12712 40384 24
8380 9931 24
19431 38110 24
6498 18527 24
56 13089 24
19433 32155 24
12693 39120 24
12919 24668 24
13046 34112 24
13043 23923 24
13039 20047 24
18729 34947 24
13001 49156 24
15424 44722 24
8183 41679 24
12976 21712 24
8218 18104 24
15476 21047 24
5062 46252 24
7792 19334 24
5067 32336 24
12919 23858 24
12907 17496 24
6595 15031 24
8263 16060 24
12902 17735 24
12893 48207 24
12887 49875 24
12873 30192 24
6586 36226 24
18945 39339 24
19054 20332 24
7174 47209 24
19055 43769 24
14128 28175 24
7174 33948 24
14120 38057 24
14116 26408 24
14114 38833 24
14550 32714 24
14092 40016 24
14081 19212 24
7184 9297 24
4954 6235 24
14049 25807 24
14613 35822 24
7137 31813 24
19085 33041 24
4890 5667 24
7507 11800 24
14027 45153 24
14644 16217 24
7531 29972 24
4885 11378 24
7239 37856 24
14368 44514 24
14368 36308 24
14388 22024 24
4925 10218 24
4932 10984 24
14291 28273 24
14403 39732 24
14414 25699 24
7258 14283 24
7253 18018 24
4941 17646 24
7112 34306 24
19035 49484 24
7400 8498 24
14517 15018 24
14194 42040 24
14194 15242 24
7407 16015 24
14187 29949 24
14177 16386 24
7427 7475 24
14153 45360 24
7734 42089 24
18878 35737 24
14812 18186 24
14823 19696 24
13750 36376 24
7694 28247 24
13728 46747 24
19186 26994 24
6994 49855 24
13718 28907 24
6985 20507 24
14876 22045 24
14803 42716 24
13678 16393 24
14887 35653 24
13637 18010 24
7764 19956 24
4843 30423 24
13598 14514 24
43580 48018 24
19221 41306 24
112 431 24
14962 17145 24
6940 27912 24
4877 29179 24
7108 25786 24
7107 23502 24
7553 15368 24
41711 48139 24
13931 28499 24
13930 17652 24
14699 17016 24
13925 22452 24
13920 32197 24
7080 7499 24
4972 26672 24
8414 45482 24
14716 42198 24
14717 34437 24
7073 35511 24
43737 47383 24
13882 22737 24
13875 14267 24
4976 47744 24
14752 42293 24
13837 19792 24
7645 34236 24
11513 33075 24
16616 22862 24
16640 24538 24
16658 31397 24
11605 44553 24
9133 33603 24
9143 36938 24
19712 19720 24
16760 25095 24
46289 46629 24
16798 28590 24
9199 36269 24
16615 47519 24
16849 29405 24
16853 17031 24
16859 23359 24
9233 25515 24
19738 31320 24
156 13375 24
9239 20058 24
11467 22435 24
4598 47461 24
9250 30801 24
46497 49629 24
19667 23321 24
6090 25874 24
8998 48932 24
6083 16094 24
9000 37274 24
9004 36867 24
11770 16677 24
11770 14802 24
11766 14261 24
6074 40084 24
9041 18800 24
220 27844 24
157 365 24
34 16507 24
9063 26659 24
16537 42014 24
6046 35840 24
16575 36052 24
9094 31163 24
6033 41069 24
11640 32790 24
16596 45772 24
11636 47234 24
5780 11221 24
11263 44254 24
9415 12914 24
18361 23170 24
9433 23131 24
41425 42228 24
11211 15682 24
11208 23855 24
11207 21626 24
11205 29426 24
4569 35369 24
42449 45461 24
5216 25116 24
5778 7796 24
11187 29636 24
17136 33257 24
17136 42054 24
18341 46587 24
11163 38635 24
17158 45414 24
11155 27997 24
5229 15734 24
9512 19719 24
17177 32702 24
16969 17826 24
11444 43501 24
11436 23621 24
9277 31516 24
5877 41522 24
9281 40294 24
16920 47475 24
16950 40925 24
158 1150 24
19769 20509 24
16962 26893 24
11356 22485 24
6092 9776 24
18382 27457 24
11346 24300 24
16982 20837 24
11334 15436 24
160 525 24
11324 40496 24
11323 20124 24
5834 10591 24
5214 36541 24
5828 19471 24
16017 22679 24
15950 49791 24
8584 39601 24
8586 10150 24
12339 47567 24
15975 32993 24
15987 24244 24
45517 49988 24
5117 41627 24
16009 35541 24
46 11029 24
5118 17867 24
15948 25764 24
16037 21458 24
139 504 24
19557 41736 24
8653 36482 24
16058 49901 24
8668 25726 24
6302 28653 24
8670 31231 24
6299 21519 24
12229 36578 24
12219 24436 24
6445 13020 24
19441 19535 24
8436 29459 24
6466 9461 24
41574 46057 24
19445 44492 24
15790 28352 24
15790 45456 24
15791 36213 24
12578 47022 24
6449 15192 24
4722 21129 24
16166 35505 24
15804 32373 24
6427 28573 24
197 20842 24
8524 27862 24
6418 30384 24
15878 37987 24
8542 25780 24
6402 16540 24
12390 20790 24
4705 28604 24
16402 31053 24
16361 25579 24
12005 13009 24
146 308 24
8862 34435 24
16369 46868 24
11973 48784 24
16381 18709 24
6145 42504 24
16381 31767 24
11959 46667 24
11950 37656 24
16348 32428 24
6133 9333 24
16430 23485 24
16436 33378 24
6118 35478 24
11886 49204 24
16443 38261 24
45914 46262 24
16463 29963 24
16469 35289 24
6093 23770 24
8780 26146 24
8702 19379 24
8731 10001 24
16178 44125 24
18556 19679 24
12138 18684 24
5138 14708 24
8764 10464 24
6235 25459 24
8764 24369 24
16218 17060 24
16236 49728 24
11126 37732 24
8781 28031 24
16244 30000 24
12094 34868 24
196 2974 24
16256 25382 24
144 14099 24
16300 44683 24
16302 19656 24
12040 13599 24
8839 14422 24
1624 1653 24
1637 34726 24
23219 24698 24
29947 35350 24
1633 30173 24
23224 43775 24
845 18805 24
38787 44798 24
34742 44086 24
3737 47841 24
421 27664 24
1663 9251 24
25120 37099 24
1609 5606 24
34656 38684 24
30140 41046 24
3730 42314 24
23260 33266 24
34629 46320 24
21975 45296 24
3727 40523 24
2791 6690 24
21189 26335 24
4351 6807 24
25412 28868 24
1721 2673 24
35106 39937 24
21900 25150 24
1705 21877 24
38840 45215 24
3338 4059 24
25319 42212 24
29644 30911 24
30167 37054 24
825 16573 24
29687 35025 24
21187 26011 24
2721 4526 24
1678 9069 24
34903 42487 24
34857 49630 24
29774 38431 24
29786 38500 24
914 13148 24
30388 46906 24
24952 49970 24
30410 33614 24
1544 9037 24
23351 39024 24
427 4864 24
30459 34942 24
1529 47828 24
909 45556 24
30582 32882 24
22297 46760 24
30620 38369 24
24864 47866 24
34236 43946 24
23380 33940 24
22282 46884 24
30646 46203 24
30653 34370 24
1497 29281 24
277 4649 24
21987 31746 24
23273 43864 24
34534 44963 24
30170 41490 24
25024 38337 24
30210 47361 24
1580 3860 24
23290 39339 24
1574 2083 24
30254 42298 24
1571 4971 24
23133 29809 24
878 2788 24
4085 9526 24
1557 42448 24
30343 31464 24
4311 6957 24
22299 43785 24
21076 23465 24
3286 7152 24
30344 35602 24
21300 23628 24
40895 45831 24
35769 49239 24
28777 39161 24
28811 39977 24
35749 45140 24
738 1503 24
25687 48596 24
35722 43927 24
1861 13992 24
1856 2367 24
20276 35313 24
23006 28304 24
745 10750 24
35640 37008 24
28907 31125 24
21298 27689 24
25646 34735 24
1842 3305 24
3380 6872 24
38947 40485 24
28651 47969 24
36106 49642 24
3580 42055 24
2566 24428 24
25837 44622 24
20252 42075 24
3789 5006 24
21790 25906 24
37896 49578 24
21799 47783 24
28628 39880 24
3377 22077 24
3412 23319 24
3783 4793 24
28700 48064 24
25769 44570 24
25748 41427 24
1883 8434 24
20272 46102 24
267 4261 24
21330 32408 24
1743 26322 24
4005 10565 24
4365 28431 24
2657 16193 24
22358 43536 24
25479 27308 24
785 2716 24
29253 34525 24
29282 48764 24
35240 47664 24
38858 39787 24
29167 47687 24
797 23815 24
4019 34689 24
35149 48057 24
21894 47284 24
20351 46925 24
23129 34553 24
4022 31471 24
35126 48456 24
38850 47495 24
23063 24376 24
1837 13052 24
20303 39747 24
20308 22479 24
35527 37960 24
25635 32152 24
25613 47915 24
29023 41605 24
765 46205 24
4000 46890 24
35446 47119 24
38670 39488 24
771 20723 24
29072 44080 24
29104 46149 24
29108 45844 24
342 2817 24
25562 35225 24
3364 39240 24
20315 30752 24
1801 23344 24
1243 39059 24
20591 38494 24
22136 33082 24
3035 11961 24
22233 39698 24
3036 3795 24
20607 21675 24
4245 44458 24
450 1203 24
1071 12845 24
20781 39396 24
1268 4052 24
4240 37197 24
1239 6541 24
23717 25332 24
32195 49195 24
1234 2055 24
4238 4240 24
3049 23868 24
3055 48992 24
465 6163 24
1211 7826 24
3017 9405 24
4159 8163 24
2997 36667 24
22116 24118 24
24270 43669 24
3184 32276 24
1302 10762 24
33318 42731 24
24242 43041 24
22121 31990 24
38480 46592 24
1096 1411 24
3181 5292 24
33258 48717 24
1059 2915 24
24171 40492 24
1060 1872 24
1279 41062 24
4177 8225 24
24139 26366 24
33197 36939 24
32821 41091 24
32474 45122 24
4228 28004 24
32877 42433 24
3094 6803 24
20657 20833 24
32860 45451 24
309 16985 24
22177 42801 24
311 5176 24
32538 45817 24
40118 40658 24
32567 32714 24
23905 31600 24
20674 46475 24
310 5401 24
1150 24279 24
1142 19062 24
32746 34175 24
3648 8611 24
1147 4752 24
1195 23325 24
33015 35815 24
3065 20899 24
33010 49439 24
32345 38946 24
3068 3169 24
274 391 24
3075 3968 24
4200 10135 24
32391 35854 24
38429 45860 24
1310 1914 24
3641 31681 24
20644 30237 24
1107 11857 24
20644 33869 24
4233 34350 24
4205 14013 24
3655 4952 24
4211 22352 24
23950 32993 24
24587 47866 24
4117 38948 24
38612 49471 24
2904 12641 24
30941 45657 24
2906 3954 24
1445 32267 24
24602 35279 24
41153 47246 24
33971 34291 24
4286 47624 24
30913 39591 24
31006 36483 24
2913 6231 24
24573 36022 24
24568 43189 24
3698 24763 24
20963 45228 24
4127 32851 24
20517 45729 24
41016 44896 24
24769 44252 24
34172 36472 24
4298 14289 24
34165 34900 24
30731 42552 24
936 3622 24
936 15646 24
2855 4766 24
326 46796 24
942 10310 24
21013 26366 24
31157 39746 24
1477 1745 24
34047 34936 24
21009 46528 24
2880 9987 24
24726 41962 24
23459 41352 24
22052 35871 24
3235 4272 24
40543 48632 24
38496 48434 24
33541 37091 24
2979 7002 24
1346 13586 24
4149 11558 24
241 3003 24
20559 33927 24
40200 45920 24
1023 5710 24
1335 3880 24
2990 7895 24
24407 30343 24
1332 41312 24
1325 4065 24
1324 6647 24
1323 12526 24
1030 43528 24
33424 42320 24
1321 27454 24
31729 45196 24
1312 46565 24
31251 47345 24
31172 38896 24
38566 43781 24
1407 14226 24
33795 38125 24
984 3686 24
4135 4854 24
1395 10508 24
985 2796 24
31250 34235 24
20930 21981 24
29456 46848 24
4137 13602 24
24471 38547 24
20928 25217 24
1380 4183 24
1000 44406 24
1005 6150 24
24431 45388 24
24422 49764 24
3684 27520 24
39174 48095 24
3808 10978 24
355 805 24
27741 30592 24
2099 5736 24
2101 4999 24
26248 46919 24
36706 37519 24
27702 42066 24
26284 41430 24
36750 40991 24
20175 20652 24
2115 39274 24
21483 46682 24
27616 40567 24
616 44916 24
2089 48211 24
21486 42854 24
21491 37490 24
2128 4010 24
26341 44368 24
611 1852 24
21506 49041 24
2447 5549 24
21510 35447 24
36818 48031 24
3907 15478 24
2142 4699 24
2443 7244 24
27486 45270 24
3480 15724 24
36869 43366 24
3446 19964 24
21415 25860 24
22853 32261 24
27990 38902 24
40393 41404 24
26040 29399 24
36341 44857 24
2031 36619 24
27968 40445 24
20213 46077 24
3804 5569 24
2508 27373 24
651 1011 24
26097 38134 24
649 36817 24
26153 35544 24
36870 49859 24
27829 32217 24
27823 32146 24
27814 37968 24
3806 18136 24
3454 34112 24
3926 16299 24
2082 43169 24
4414 19725 24
36583 37421 24
2089 20515 24
36597 45204 24
20185 33495 24
20183 30938 24
26214 42109 24
3532 5181 24
37338 37851 24
2386 44618 24
26598 30448 24
3863 42258 24
544 2488 24
22557 38894 24
37430 43012 24
41289 44967 24
2284 7615 24
4452 34772 24
26651 35219 24
37483 42158 24
539 3831 24
37492 49720 24
536 27286 24
3514 32256 24
21619 33142 24
26709 29975 24
26715 43291 24
37545 41249 24
2353 10882 24
26759 44670 24
26867 37285 24
21647 34222 24
26809 47606 24
2337 48397 24
20103 37269 24
22495 37252 24
37640 47981 24
2339 16711 24
21568 25741 24
2163 6736 24
21695 35391 24
27435 29152 24
26426 39455 24
27405 41234 24
39452 45933 24
22695 29751 24
27387 45401 24
2180 8346 24
2422 28837 24
2186 39457 24
27358 41757 24
20153 34807 24
26476 49140 24
2201 25251 24
3561 30868 24
581 9148 24
27248 37674 24
575 46333 24
575 931 24
27207 39030 24
37160 38191 24
27194 33893 24
26524 49538 24
20142 28472 24
371 2632 24
558 2075 24
26537 26760 24
3828 10358 24
26565 31427 24
3578 10189 24
1997 36439 24
2023 8070 24
28316 49203 24
505 37601 24
685 5183 24
2017 7316 24
28058 37069 24
506 866 24
2529 47239 24
21369 38752 24
3579 22050 24
22402 42932 24
3435 31140 24
21781 49076 24
36148 47467 24
25893 26957 24
28319 43909 24
28182 37633 24
3794 13515 24
28365 32839 24
20217 41455 24
39542 49434 24
3962 16645 24
28104 41571 24
22898 27808 24
25999 39873 24
28125 46022 24
3797 4612 24
19332 48747 25
12204 18518 25
2220 34466 25
14513 14671 25
14514 36210 25
12211 12427 25
2404 27876 25
42808 47596 25
7193 12796 25
31595 31818 25
6672 27534 25
12287 40478 25
27241 27496 25
2582 49130 25
18487 23586 25
6906 11230 25
26480 44030 25
1349 10678 25
8605 49502 25
31501 44618 25
5160 9263 25
16308 20975 25
8613 13468 25
31535 45772 25
2217 42221 25
2984 20610 25
16372 34380 25
1342 1546 25
21684 23288 25
4771 8473 25
7165 9381 25
26527 39262 25
2246 2483 25
16369 19484 25
25804 31862 25
8677 37286 25
4768 8039 25
12235 23531 25
2253 6389 25
27172 41249 25
1890 33785 25
31751 45181 25
2997 25001 25
4156 28825 25
31823 48963 25
15371 41302 25
41605 47003 25
2589 11843 25
31713 40908 25
8660 32959 25
14537 47077 25
26518 46488 25
14932 35330 25
7180 36671 25
26512 40370 25
1887 16196 25
7159 37956 25
14930 42460 25
8641 29440 25
5310 49715 25
13909 25061 25
7260 42822 25
15000 44469 25
5217 11316 25
113 268 25
6263 39378 25
16143 34755 25
19258 36061 25
28739 39902 25
125 8750 25
24556 42168 25
16156 21631 25
1419 44234 25
3695 44965 25
24552 31938 25
27379 31255 25
6254 30962 25
7274 33559 25
4825 28926 25
21320 43283 25
6654 23724 25
21702 34626 25
7735 29801 25
12598 16683 25
15407 47765 25
19251 33594 25
24541 39941 25
15272 18439 25
4983 6137 25
27402 27551 25
8468 42265 25
97 27290 25
16133 21429 25
42943 45408 25
4125 11729 25
18137 28051 25
24467 28370 25
31266 39453 25
12448 36337 25
12445 22756 25
271 541 25
1378 14005 25
6933 19736 25
24448 29886 25
13715 29040 25
14489 23670 25
27248 43426 25
1884 9886 25
31339 43009 25
247 34801 25
7715 9724 25
2963 7341 25
18818 33974 25
7234 34941 25
2182 42820 25
2185 15281 25
21826 41343 25
12503 33004 25
16203 17324 25
12496 47937 25
21561 25965 25
12492 49389 25
24364 44746 25
31244 43216 25
6928 15987 25
8529 20649 25
26467 36507 25
7228 14489 25
19287 33791 25
1883 8693 25
14480 25329 25
2353 20941 25
2573 28589 25
23972 46108 25
32419 41903 25
20724 28759 25
26923 29161 25
20720 47869 25
5357 29853 25
11974 29311 25
3853 24492 25
38 1262 25
11963 38546 25
1184 3519 25
13859 14875 25
11959 25243 25
1923 13592 25
3851 5732 25
2351 10919 25
2307 28317 25
13767 25867 25
26972 44093 25
2576 14549 25
1916 12697 25
1202 41333 25
32383 37450 25
26961 33280 25
28553 30005 25
14727 27420 25
45846 46266 25
3076 5066 25
5207 7067 25
18529 39029 25
43365 46350 25
2575 3633 25
38427 41523 25
16541 19519 25
14798 39346 25
41847 42468 25
23896 49847 25
3650 26681 25
26790 32831 25
1156 12719 25
11880 48451 25
32650 36281 25
32683 34937 25
11896 15754 25
28426 32591 25
19500 26371 25
32697 39898 25
11868 33659 25
25864 49691 25
1149 10564 25
2338 14375 25
7029 25468 25
32514 41077 25
14736 32867 25
8895 11501 25
28397 39905 25
37 48856 25
26767 30597 25
26835 27553 25
11947 20653 25
8905 33751 25
18574 36085 25
14756 15574 25
7637 22674 25
13834 33784 25
16566 42659 25
3653 25379 25
13836 33186 25
3653 7815 25
32595 34760 25
18507 43879 25
32004 45114 25
13899 30364 25
27099 39548 25
147 314 25
27096 33971 25
6688 20673 25
14603 46458 25
18092 22105 25
31992 38041 25
14610 45105 25
1256 12941 25
32078 33399 25
16446 17323 25
7694 22849 25
13888 40794 25
32082 44040 25
4183 46885 25
8732 18275 25
6681 43000 25
12194 35846 25
27133 48129 25
1288 20672 25
45651 46955 25
14578 18162 25
1286 4789 25
3870 4394 25
7128 17242 25
12171 30996 25
14916 38808 25
2261 44106 25
16417 17294 25
369 39612 25
12157 37661 25
7148 27301 25
31984 36605 25
1906 19461 25
4991 41133 25
5210 7877 25
1951 19047 25
4189 27204 25
1228 3541 25
40718 42169 25
32256 46934 25
1223 18345 25
8800 49096 25
8820 22703 25
12043 16544 25
3064 13996 25
12032 26626 25
4197 38063 25
2285 4214 25
39284 42630 25
39400 45675 25
20772 48342 25
26614 27547 25
16447 23054 25
24090 35881 25
12095 14221 25
14625 32042 25
32134 34800 25
32136 33871 25
12094 22787 25
20827 29353 25
1242 33790 25
8797 29777 25
14629 22058 25
6977 14789 25
21603 46175 25
4189 11335 25
32172 38052 25
13145 18315 25
4916 21595 25
5049 20697 25
15460 42151 25
8059 16702 25
8064 41743 25
15708 41582 25
2728 7668 25
8083 20793 25
2068 44976 25
7506 46738 25
8085 35641 25
2071 44741 25
2072 7082 25
27823 37462 25
6485 24299 25
25215 48893 25
5260 49336 25
92 227 25
2704 6550 25
6523 46440 25
14148 42220 25
29633 31118 25
14149 39279 25
13211 23609 25
15663 34560 25
6515 23724 25
1644 25210 25
8043 48078 25
26149 26263 25
6511 46739 25
25305 45159 25
7798 27822 25
21459 23999 25
4040 8629 25
26164 29465 25
6831 33860 25
13589 30438 25
6465 38890 25
4057 14906 25
2750 48680 25
30049 38677 25
14198 18309 25
2765 38592 25
6438 30703 25
30000 34335 25
30117 41404 25
6424 12484 25
5181 37716 25
15850 29684 25
27773 42138 25
45047 46371 25
25986 43380 25
7784 41741 25
21467 47116 25
25192 46581 25
5262 26054 25
5264 7756 25
5184 46432 25
14033 31378 25
6473 11487 25
2081 4995 25
18259 30968 25
258 9437 25
13586 31023 25
13062 17495 25
7789 49024 25
132 13673 25
14191 14380 25
7789 36198 25
2746 12019 25
8157 16399 25
29250 43604 25
13445 34130 25
1787 8634 25
29204 32033 25
15534 47571 25
6770 11131 25
29246 35703 25
7901 13505 25
6612 7436 25
6583 47820 25
7504 13902 25
25476 45558 25
29277 29481 25
29278 33513 25
15473 17479 25
26046 49325 25
29293 35985 25
7935 13622 25
7493 38780 25
28021 46242 25
13517 18981 25
3944 6869 25
25576 40681 25
15493 30793 25
7493 48552 25
4003 6121 25
6598 42930 25
4942 8195 25
14051 30831 25
25541 32973 25
29162 33800 25
27995 40396 25
26038 32153 25
1790 5699 25
7494 17504 25
7816 48840 25
18999 33039 25
13557 40003 25
21441 46462 25
13560 49022 25
21861 27240 25
7449 14015 25
13300 26854 25
7027 16447 25
91 6824 25
2681 29019 25
14124 14803 25
15616 29653 25
2063 30119 25
19000 30017 25
72 75 25
14146 49538 25
26103 29322 25
2701 42150 25
15577 24352 25
13363 31559 25
29359 29728 25
29359 48263 25
7476 10433 25
21893 25167 25
15190 46765 25
29385 41891 25
21439 25125 25
21124 39495 25
7962 20803 25
408 42744 25
15185 23987 25
7967 43596 25
2049 7282 25
6555 14239 25
26096 45484 25
29417 32251 25
28816 48750 25
6880 30782 25
44088 45402 25
4106 47665 25
30713 45415 25
6649 40794 25
1489 35681 25
38967 46410 25
30722 32482 25
25699 49388 25
30734 33120 25
4976 13777 25
21022 23077 25
18407 21760 25
8381 35390 25
19220 28095 25
21711 28798 25
2141 8450 25
14317 22253 25
2836 41342 25
13847 25287 25
6644 11984 25
24864 36574 25
19205 26702 25
5293 43254 25
15069 26329 25
24782 40945 25
7326 12069 25
30644 33189 25
12745 44318 25
6874 10796 25
3707 48235 25
3912 38272 25
39178 42829 25
4843 27651 25
7743 28571 25
18183 34575 25
41630 42612 25
1475 16084 25
4827 14865 25
7296 45768 25
14368 15870 25
6304 7948 25
39076 40137 25
2146 22563 25
27470 44697 25
16084 19751 25
2894 13193 25
8433 43104 25
28274 39885 25
12633 29497 25
12632 14644 25
12629 30051 25
1977 23783 25
12699 34473 25
41648 42390 25
45227 45664 25
12697 40516 25
18673 23731 25
2863 4375 25
1482 1584 25
1481 10708 25
5012 5790 25
13652 26529 25
2868 4060 25
4111 10991 25
2143 28490 25
4830 15932 25
19229 24030 25
18670 23377 25
12671 21567 25
4080 35117 25
26246 29684 25
13616 36627 25
7542 49682 25
12915 15584 25
2804 19014 25
12910 14228 25
2102 25767 25
30293 34598 25
12920 19244 25
38720 48583 25
24974 39142 25
30306 37073 25
30310 39675 25
30312 34771 25
24966 37254 25
6385 38318 25
8268 37638 25
4880 41733 25
3764 22789 25
12967 46565 25
21765 47202 25
1591 15315 25
21397 39150 25
8219 11324 25
6839 24748 25
21116 32625 25
15922 39183 25
21115 26924 25
30184 33397 25
6409 11205 25
15869 27752 25
14229 33244 25
7391 7944 25
63 591 25
1847 8764 25
12803 28056 25
28184 34074 25
6637 30410 25
39484 40242 25
4090 33092 25
5074 10718 25
6639 9591 25
8314 22971 25
28186 38326 25
12856 49726 25
30507 46011 25
1524 48698 25
15252 36517 25
39838 40934 25
30585 34327 25
58 325 25
30590 38422 25
43024 46650 25
1556 20776 25
7375 33853 25
26283 35135 25
24955 31482 25
12890 14313 25
93 37274 25
44179 46977 25
15449 25614 25
1556 23614 25
2158 8080 25
2106 11899 25
27683 47242 25
12883 23044 25
5071 21888 25
1552 5573 25
18225 27997 25
78 8341 25
3718 38554 25
5616 19637 25
17450 26364 25
10627 30541 25
47805 47814 25
17448 24461 25
22849 42886 25
36309 44659 25
17777 35475 25
17440 36969 25
9281 46706 25
23442 44062 25
9302 20217 25
17003 22683 25
9313 28821 25
945 12534 25
226 17751 25
5469 5980 25
9265 44611 25
977 46931 25
4410 13608 25
3214 11097 25
10584 32111 25
968 28797 25
17456 29732 25
36412 49754 25
11428 21371 25
20493 23429 25
28 47711 25
17923 48965 25
36402 48536 25
10605 43018 25
655 815 25
5848 24237 25
9904 28065 25
9367 26488 25
19691 28014 25
34187 43640 25
17017 49290 25
9860 37994 25
923 10974 25
17018 21040 25
11318 36177 25
9359 26596 25
22890 46086 25
10687 48996 25
4396 43642 25
34269 40010 25
22898 28007 25
17788 20071 25
680 22722 25
23361 47108 25
36209 41366 25
36241 45027 25
3619 48219 25
5414 29735 25
10665 23132 25
9321 41900 25
939 18919 25
9327 12604 25
23426 44162 25
9243 27532 25
5628 29034 25
19680 42811 25
34152 40697 25
9862 48221 25
4628 16570 25
675 806 25
3430 3873 25
4502 5289 25
10485 16649 25
22751 42934 25
10486 17815 25
1019 10439 25
11544 37301 25
1019 10305 25
9179 49919 25
10486 18051 25
33510 49538 25
22786 38610 25
17484 48016 25
19988 28619 25
1013 14371 25
19618 46671 25
9188 21300 25
48327 49736 25
9162 29532 25
5483 10161 25
16872 28679 25
11569 16717 25
20015 23004 25
609 664 25
281 1279 25
40551 42392 25
40187 45771 25
38201 42054 25
5890 23478 25
3202 3283 25
1024 4601 25
36801 49593 25
33502 45714 25
5886 33883 25
5583 48467 25
9953 24363 25
19628 34554 25
9222 45801 25
33757 41191 25
36584 49154 25
36581 39436 25
33787 44636 25
40400 46709 25
33796 35046 25
36620 44162 25
634 22449 25
5873 23157 25
11470 31033 25
17464 30547 25
5403 28661 25
638 5323 25
19643 21634 25
33670 37545 25
9979 31819 25
9978 19636 25
622 4891 25
4506 38003 25
623 8411 25
36663 45292 25
33666 44107 25
303 869 25
10698 10901 25
11511 12428 25
9217 48015 25
4419 15111 25
36651 41064 25
629 1241 25
10536 31015 25
16915 33151 25
3369 7851 25
17866 36072 25
10894 15252 25
164 41786 25
498 517 25
35499 45904 25
34720 37038 25
9681 14205 25
488 6990 25
756 1338 25
42094 46508 25
222 3268 25
17833 37700 25
10936 25389 25
34758 36137 25
47243 49898 25
17254 44047 25
35634 42512 25
3586 20949 25
500 22914 25
11177 38199 25
5675 9261 25
35723 42090 25
5452 42947 25
9736 44058 25
9729 13930 25
23074 38606 25
20296 49101 25
23017 29370 25
10872 13023 25
34684 41824 25
34694 38453 25
5689 19344 25
851 15321 25
492 1620 25
37985 45410 25
41456 47135 25
11099 40456 25
42098 42173 25
293 6602 25
822 1066 25
17234 39045 25
9557 46570 25
4574 45452 25
17232 24203 25
11011 15374 25
5438 22549 25
1146 17339 25
35136 39731 25
17848 41122 25
5439 8294 25
9528 13981 25
777 4536 25
22 132 25
9518 29154 25
35350 36800 25
47239 48697 25
5759 33928 25
9649 20940 25
3325 6874 25
17106 17435 25
10962 45012 25
35300 36130 25
5712 47805 25
4589 5567 25
17841 48554 25
17170 42500 25
42360 49579 25
4311 22003 25
36065 48264 25
10735 17773 25
47573 48479 25
35991 45671 25
35980 39237 25
11257 29919 25
17073 49527 25
9802 41665 25
17378 33228 25
23303 45311 25
4311 38106 25
3581 5283 25
3412 48039 25
3411 13646 25
11250 32357 25
34418 48857 25
36104 39631 25
9849 24783 25
3274 9377 25
22900 43911 25
36121 38667 25
10709 20006 25
685 37097 25
3275 14225 25
11281 34683 25
3292 7844 25
11277 31156 25
4540 10182 25
904 1983 25
36080 38916 25
22912 44263 25
5802 34804 25
17889 33200 25
42086 47330 25
37910 49989 25
5666 6547 25
869 2923 25
35771 46310 25
11199 49771 25
22970 43985 25
41232 47295 25
23281 30731 25
5458 14391 25
35759 49257 25
34541 41081 25
10835 29107 25
11183 33026 25
487 1441 25
34600 48903 25
857 1267 25
32742 33256 25
9764 26864 25
17098 33262 25
34488 39035 25
5781 21777 25
875 3265 25
4320 10795 25
22942 35949 25
3293 25127 25
877 26474 25
3409 7052 25
9437 35204 25
9781 40826 25
11231 38343 25
34441 35860 25
17088 17865 25
8983 33897 25
594 41723 25
16836 26603 25
16833 37547 25
5508 39194 25
9122 23271 25
5936 17657 25
17626 24594 25
10421 27521 25
16737 33714 25
3641 22268 25
19589 32820 25
23667 28483 25
32971 38528 25
5371 38109 25
282 3336 25
37592 44118 25
23663 33490 25
36981 41233 25
37464 38653 25
3530 8034 25
22228 38531 25
17633 35291 25
33009 40877 25
19512 40084 25
10142 38674 25
19591 28394 25
37409 43610 25
16636 41228 25
36934 45270 25
11658 35003 25
3508 8788 25
17714 35505 25
36950 47045 25
36966 39530 25
9090 31539 25
10145 46328 25
9124 46180 25
10049 23914 25
42012 45174 25
9047 21684 25
11745 31450 25
37501 41077 25
530 9769 25
4455 29704 25
3175 26752 25
22509 44468 25
10373 42831 25
462 15047 25
16691 24706 25
16675 30181 25
3128 6074 25
5924 15194 25
567 7980 25
20081 33448 25
3 9959 25
4485 5298 25
11793 46452 25
23802 43119 25
10085 44012 25
10381 24804 25
32880 40004 25
1062 3877 25
16704 29499 25
37580 47120 25
11824 19295 25
10346 36680 25
4674 39679 25
11812 12666 25
37017 41177 25
10101 22563 25
5511 20895 25
5974 18266 25
19552 30118 25
22485 28776 25
37483 43339 25
16656 22587 25
22673 30430 25
5491 7033 25
37047 42239 25
3495 27393 25
566 1379 25
4227 19297 25
4493 20186 25
4445 15639 25
556 1972 25
37671 48396 25
8969 23520 25
37285 44658 25
11848 39007 25
10019 41817 25
33011 48594 25
22597 45410 25
17703 26806 25
3646 14425 25
5565 6238 25
1044 2792 25
38354 47143 25
308 5534 25
17651 42979 25
33372 38510 25
5958 41409 25
308 8960 25
23609 35898 25
9078 35469 25
1038 14077 25
11844 49500 25
10198 44943 25
1038 6209 25
11685 12680 25
23614 48143 25
9062 11246 25
3112 6808 25
33023 40750 25
37620 38690 25
10029 10222 25
33300 36952 25
16783 17096 25
5532 6612 25
37323 44005 25
20017 36748 25
10115 18878 25
22242 37908 25
22589 32899 25
19512 36704 25
4460 16480 25
17635 19949 25
16848 31622 25
1083 31530 25
10285 27915 25
48720 49379 25
5370 12445 25
3855 37418 26
14699 17745 26
25713 41951 26
15334 18682 26
14695 18639 26
28804 34590 26
6689 9509 26
14913 24518 26
4474 12231 26
10759 42617 26
18388 45818 26
7742 35987 26
5130 48987 26
35940 36320 26
21317 32980 26
18564 30825 26
22917 34503 26
21794 26729 26
10130 19348 26
38972 44604 26
3986 29816 26
27094 31918 26
4543 8722 26
27083 47297 26
18356 46805 26
17674 29814 26
10838 17586 26
738 42712 26
534 36835 26
28984 35857 26
10130 20158 26
1863 32755 26
3989 14663 26
18517 24833 26
10822 48498 26
3411 4344 26
3835 11603 26
28713 45045 26
17810 32751 26
6972 7180 26
7121 21461 26
5215 8544 26
724 36091 26
40372 47848 26
6685 16304 26
41721 49620 26
28671 35263 26
5655 20623 26
7712 19859 26
17359 32169 26
7707 11035 26
7707 33278 26
5126 17632 26
721 4822 26
27065 47518 26
733 32795 26
18853 45686 26
14849 20453 26
14912 46053 26
26652 27771 26
37474 47177 26
2292 16990 26
13682 35388 26
21348 23683 26
28634 49704 26
2601 6420 26
35978 42278 26
2289 20241 26
22970 34093 26
10301 47690 26
22943 41328 26
27039 47527 26
35965 43936 26
15346 29970 26
6977 17733 26
13408 20056 26
7041 35283 26
26801 44488 26
1771 31461 26
39373 42901 26
10983 25337 26
13412 31571 26
10193 47102 26
2662 18568 26
1774 11920 26
4575 32130 26
4012 9817 26
3758 8878 26
1763 49284 26
789 9103 26
18973 38243 26
15558 16172 26
268 2049 26
21261 27341 26
4950 33669 26
3843 4146 26
26819 29431 26
7873 12022 26
17686 20526 26
3594 14033 26
13443 30495 26
26768 41058 26
4360 11684 26
7879 38487 26
3359 4368 26
29211 46891 26
13434 28027 26
7886 44028 26
2661 9460 26
5235 41513 26
29447 32476 26
2677 5851 26
799 15344 26
492 34529 26
15582 45767 26
15584 23866 26
9598 19868 26
17214 31602 26
7980 21101 26
17224 27002 26
18314 34164 26
35126 48303 26
4350 31055 26
3751 20230 26
7996 34622 26
9588 16251 26
18997 39841 26
4030 19567 26
35206 47259 26
5720 12663 26
15567 34601 26
35227 36754 26
2339 4381 26
1751 36396 26
7942 29924 26
13355 23471 26
25447 49819 26
780 49822 26
20341 29911 26
35198 40522 26
17234 18973 26
13330 24695 26
26785 26956 26
5726 6208 26
37641 44527 26
9695 14394 26
10892 17045 26
13590 13974 26
9700 34327 26
28982 36925 26
2316 4941 26
10898 24656 26
13891 19003 26
13583 43666 26
10888 37565 26
38936 48284 26
7796 26199 26
7074 18176 26
1829 44550 26
10923 39968 26
15471 43648 26
20312 25715 26
7074 8714 26
7774 18932 26
7762 34935 26
10848 16546 26
9734 19153 26
17823 25883 26
23015 23387 26
2356 22173 26
7080 29006 26
37532 47154 26
9675 44864 26
26710 27867 26
21858 39521 26
750 12724 26
14710 22444 26
126 16585 26
42335 47882 26
13593 28252 26
15504 45429 26
522 42217 26
19821 44712 26
23077 32363 26
13479 27060 26
4954 7932 26
13479 25206 26
25538 36943 26
76 719 26
13495 47075 26
5145 10231 26
341 16370 26
7057 29575 26
29179 37920 26
4006 34211 26
2649 4833 26
15518 20314 26
37576 38748 26
13551 16937 26
35447 40998 26
44648 45117 26
37557 46688 26
25595 34787 26
17831 26234 26
29063 31978 26
7829 42673 26
1860 12353 26
7831 14077 26
13510 48326 26
14740 46595 26
13504 36322 26
35370 44522 26
26767 39911 26
523 2683 26
2082 31423 26
18638 46958 26
14419 24867 26
631 38608 26
6834 26602 26
17481 32281 26
14997 24622 26
6917 12306 26
17478 32001 26
2091 27158 26
36971 49719 26
43995 49713 26
9945 26369 26
6829 15957 26
22806 40225 26
5056 42808 26
6825 9794 26
26185 37088 26
39493 44830 26
623 5011 26
21729 47415 26
10521 18291 26
41772 43995 26
22701 25839 26
7261 14107 26
44195 46428 26
14236 28880 26
5055 46162 26
2179 4847 26
22681 38151 26
7388 19774 26
4419 24167 26
26232 45374 26
27383 38351 26
36645 40978 26
17775 28678 26
3930 6622 26
14168 33429 26
20038 21977 26
4409 28738 26
17774 26561 26
7434 43213 26
287 1164 26
26126 37588 26
10568 30745 26
18482 40548 26
18740 30100 26
27335 47173 26
18741 23536 26
27312 35415 26
10599 20478 26
10599 31364 26
2072 16730 26
9 143 26
594 13822 26
2074 17120 26
15138 35637 26
286 19222 26
7420 17824 26
7241 14163 26
14982 45144 26
3890 42507 26
14177 15881 26
593 3212 26
21459 48091 26
5604 35525 26
9940 33873 26
43966 48072 26
36496 47007 26
27555 44797 26
21710 23782 26
18660 44567 26
7313 16532 26
15042 18277 26
15059 35463 26
27545 35102 26
22747 48497 26
15063 47615 26
514 11758 26
14370 18522 26
36761 46114 26
2440 22569 26
233 38986 26
40826 44318 26
27605 40303 26
21531 49898 26
7309 39525 26
14353 43757 26
21515 39234 26
14357 42411 26
7299 18467 26
10020 44407 26
27498 29572 26
14367 22363 26
14346 46938 26
27607 44714 26
6883 28178 26
10464 14135 26
22729 36227 26
10452 17807 26
3479 42501 26
22741 44567 26
36809 48887 26
5178 45523 26
6853 31480 26
2111 41727 26
6906 45696 26
14262 24129 26
2463 16031 26
22788 24089 26
10027 48609 26
4428 35728 26
41370 43070 26
3920 6619 26
27405 33359 26
7372 7608 26
7267 8079 26
41383 45127 26
27704 37122 26
621 49357 26
5175 28520 26
2440 3242 26
18651 42452 26
7331 12747 26
36759 48713 26
15073 42226 26
2454 48213 26
6861 7438 26
2124 5456 26
7440 40952 26
14296 49956 26
7342 8577 26
17501 49093 26
21715 33974 26
14285 38074 26
9989 47752 26
18699 30062 26
13949 46767 26
389 463 26
5537 5604 26
36180 48122 26
5535 26576 26
6949 39628 26
27153 41616 26
13950 33702 26
2250 16777 26
13967 29937 26
15258 29161 26
17398 40770 26
10325 16873 26
28243 41162 26
44405 46721 26
677 30331 26
15278 22088 26
25908 49668 26
13983 22369 26
44379 46173 26
18799 33695 26
1998 20269 26
9866 13078 26
15252 25741 26
2238 22039 26
28159 46204 26
15252 33322 26
18809 26500 26
28168 49256 26
1989 24973 26
10336 49414 26
3827 32067 26
4398 4830 26
6745 20296 26
21390 45786 26
20128 34007 26
10310 46964 26
28418 46090 26
36102 46883 26
3966 48320 26
36097 37866 26
39039 47210 26
27113 32093 26
5640 12827 26
10311 19396 26
6708 10379 26
2570 48493 26
9830 25286 26
27102 40994 26
7148 23998 26
14597 36972 26
36058 40578 26
1954 42290 26
6729 11052 26
6726 42225 26
2256 48428 26
10694 25351 26
43801 46744 26
13906 27940 26
1959 3874 26
36129 49161 26
671 9234 26
5638 42168 26
36126 40107 26
7613 17024 26
1944 1965 26
15299 32417 26
20240 37221 26
3869 10781 26
2213 47139 26
172 1062 26
14972 25341 26
18758 19564 26
7466 23696 26
27961 29271 26
17452 27341 26
3500 10207 26
36359 39488 26
14103 23580 26
2038 2310 26
3503 4109 26
6774 29285 26
3938 7639 26
10633 47289 26
2410 13235 26
3940 28943 26
2060 10754 26
5043 31972 26
10600 12472 26
7442 10774 26
14975 27969 26
118 242 26
2062 4982 26
14478 24478 26
27288 44072 26
14053 24211 26
5607 25402 26
39123 48942 26
3934 15184 26
2057 7578 26
48852 49757 26
4520 5862 26
9913 32963 26
14526 26789 26
14034 30652 26
28071 36517 26
5626 37771 26
22613 36435 26
7191 31459 26
14025 21848 26
265 22973 26
2232 4148 26
3432 4687 26
4529 23103 26
37193 49951 26
5110 6756 26
120 2160 26
44378 49272 26
565 19862 26
36216 36249 26
665 6382 26
5192 10540 26
21416 31467 26
21415 41067 26
17619 37349 26
17435 22887 26
17737 38426 26
10086 24961 26
2025 36963 26
36039 42741 26
10086 39482 26
5028 31242 26
26022 43701 26
2022 17163 26
7499 12048 26
4401 12857 26
17420 34815 26
19234 37217 26
23432 44584 26
9306 45816 26
9105 45257 26
3249 18595 26
6126 14850 26
16055 33785 26
20789 23633 26
12141 31269 26
945 6588 26
2879 43228 26
3033 49833 26
16815 43765 26
30867 33436 26
4637 30269 26
23451 49842 26
30879 47121 26
23472 43681 26
2867 3428 26
24774 31175 26
32054 39150 26
12135 40745 26
941 22951 26
5388 8782 26
2867 3125 26
4109 27887 26
8396 21931 26
4248 42344 26
24127 46025 26
11352 27302 26
41009 45531 26
1263 1928 26
5412 42546 26
30793 45384 26
40657 45985 26
16806 40611 26
16121 36176 26
16102 26271 26
4250 31975 26
4177 28253 26
9281 31904 26
1458 22864 26
12625 28117 26
6283 26649 26
5390 22261 26
23479 43779 26
42529 47403 26
31977 38489 26
958 31767 26
5854 13862 26
3225 37533 26
24610 35651 26
19250 32628 26
1276 39224 26
9292 38221 26
12151 34389 26
34016 47649 26
1468 13719 26
6297 31079 26
9293 16602 26
30884 47251 26
8427 37544 26
4824 9447 26
11339 44141 26
24667 48156 26
8746 10699 26
8434 24043 26
33215 44927 26
1061 23083 26
11399 34057 26
12631 27283 26
12772 47864 26
34287 39783 26
16468 37230 26
24915 26626 26
12082 22535 26
6103 13176 26
22027 44661 26
34281 42907 26
2835 19255 26
38705 46489 26
12091 47961 26
33140 49367 26
30588 43807 26
6348 16554 26
32104 35743 26
11301 17611 26
12763 28189 26
12755 39275 26
41658 46463 26
6375 23108 26
12849 29127 26
1542 2761 26
16747 26950 26
42787 45814 26
20760 40594 26
9080 34335 26
24947 32724 26
9378 46762 26
24941 45510 26
15946 18853 26
1529 4191 26
15946 47415 26
9390 22278 26
466 516 26
3717 5946 26
1079 27747 26
4629 14363 26
3619 22721 26
45213 49667 26
467 4105 26
32080 46963 26
20483 30258 26
6327 13967 26
5931 43097 26
11334 49250 26
5295 9966 26
57 153 26
21021 32935 26
23418 33215 26
16028 28474 26
23419 32595 26
12119 12486 26
12708 21518 26
22233 37045 26
23385 47762 26
24868 49733 26
11307 22782 26
11308 12031 26
8350 10925 26
23380 23768 26
24107 32999 26
3170 9152 26
9094 40653 26
12164 36931 26
430 7612 26
6343 18223 26
19210 19639 26
6342 48284 26
32098 33138 26
4105 40965 26
16014 20778 26
12367 27577 26
31369 41401 26
218 2340 26
8579 16877 26
31377 44030 26
5911 9444 26
19310 24673 26
46147 47412 26
16369 18902 26
144 4609 26
31410 47216 26
31422 42543 26
45478 47802 26
24367 43553 26
16354 41700 26
6163 12708 26
5883 16972 26
6188 28169 26
1369 27107 26
1000 7474 26
22085 28696 26
12432 49314 26
16912 22993 26
33289 35680 26
12421 41896 26
2952 21459 26
24439 24801 26
6185 7882 26
8561 14397 26
19619 29548 26
4166 5959 26
1012 47955 26
12211 47580 26
22092 27230 26
24405 46282 26
2963 35059 26
1321 23710 26
11584 19389 26
16325 35084 26
9151 18220 26
24294 28320 26
5331 17044 26
19346 45882 26
4262 44466 26
5332 18877 26
23614 33529 26
24291 39292 26
4260 8101 26
31701 36541 26
12259 45226 26
6169 13299 26
8662 33572 26
18113 45652 26
5895 12195 26
8677 37995 26
31510 45273 26
24324 36030 26
443 11416 26
16304 42051 26
447 10333 26
8613 37777 26
9173 11236 26
12232 30606 26
19293 31149 26
1043 4378 26
1022 10977 26
24297 43222 26
4779 10007 26
23593 37005 26
12237 12394 26
8635 45851 26
4758 9020 26
5870 10806 26
8729 9598 26
20579 36114 26
975 2872 26
20954 37373 26
31925 46564 26
4130 24903 26
8501 25863 26
31939 36387 26
9243 12340 26
2923 29173 26
16394 27938 26
981 31707 26
9240 17601 26
4131 8556 26
5918 15515 26
11471 15702 26
38464 46694 26
16411 19843 26
5858 10787 26
8466 27553 26
9271 40662 26
45691 49486 26
33949 40222 26
5309 10846 26
16939 33147 26
6141 30698 26
19582 38394 26
16938 27671 26
16935 32603 26
9251 12099 26
11459 40962 26
12563 49217 26
8486 13244 26
22260 39624 26
4652 40375 26
11496 14643 26
42570 46911 26
31853 36500 26
31254 41362 26
31259 41991 26
1296 7592 26
2941 17078 26
8531 36138 26
5874 35246 26
2945 23677 26
50 40038 26
18144 19331 26
31849 35973 26
50 6987 26
16223 37774 26
3208 37155 26
5402 40728 26
1408 2361 26
3212 12844 26
18156 23976 26
24493 27631 26
39998 44024 26
31877 41131 26
20943 26131 26
31875 45836 26
24079 48807 26
11481 12673 26
5402 34540 26
9124 21684 26
24231 42938 26
3211 4874 26
12479 27905 26
2940 7262 26
3131 8580 26
8115 24712 26
6051 18895 26
1643 31264 26
9513 30325 26
6474 12936 26
4052 22706 26
29915 37134 26
3739 26067 26
1647 9086 26
11795 42352 26
23223 34439 26
4700 14329 26
11139 31942 26
6473 8259 26
8889 37572 26
11142 21751 26
417 47803 26
8088 23610 26
29772 37197 26
13126 26936 26
6049 37123 26
32843 37523 26
29841 38017 26
32865 36748 26
8900 41501 26
15741 33291 26
18265 39558 26
1654 32338 26
25195 38003 26
32487 39676 26
1652 10929 26
13107 17491 26
1649 14157 26
23255 23547 26
13034 44193 26
2748 12051 26
6458 26991 26
25146 28844 26
23972 28569 26
3608 8958 26
30053 31787 26
2756 39026 26
6463 14547 26
25113 27454 26
2768 6619 26
1609 12961 26
1609 6410 26
35 9497 26
4892 18009 26
21142 44927 26
6467 8420 26
23246 49299 26
9501 13246 26
29985 33385 26
9495 13082 26
23964 30482 26
32891 34161 26
19070 22491 26
23795 44908 26
25253 32204 26
4331 7484 26
848 2595 26
46914 47377 26
13041 28979 26
8164 11138 26
30015 40842 26
30016 35893 26
35050 42153 26
3105 15802 26
29619 30154 26
29619 37626 26
44874 45475 26
45894 45917 26
25358 33088 26
13220 44392 26
8034 49937 26
11837 44610 26
25332 28714 26
17203 42082 26
21205 22504 26
18297 32895 26
13219 40631 26
3102 34340 26
6039 8445 26
15623 29658 26
25400 25479 26
5735 19014 26
11055 35803 26
8952 25269 26
9575 22310 26
23867 28116 26
8006 48898 26
1712 2210 26
19015 36788 26
29545 43152 26
47086 47259 26
17205 29284 26
13240 42714 26
310 20751 26
21217 33778 26
25365 37248 26
5435 30315 26
11105 12075 26
39722 46986 26
18280 44669 26
17168 21951 26
21182 33821 26
25271 31519 26
20382 26913 26
4719 19879 26
2722 7292 26
2724 11375 26
6496 14415 26
17859 37992 26
832 1204 26
9528 14610 26
4044 12006 26
13142 42718 26
18287 34889 26
25321 33475 26
23930 31406 26
16644 20755 26
3746 17497 26
16577 49976 26
40116 44250 26
11084 40378 26
822 6792 26
23344 39064 26
19024 45078 26
22332 49995 26
8044 11065 26
23932 35796 26
15681 33863 26
34908 48098 26
3331 8794 26
875 27814 26
3612 41668 26
30305 46380 26
23302 28211 26
16498 48556 26
5966 6028 26
30299 39236 26
30298 47978 26
4196 38806 26
15896 20857 26
3146 10932 26
12025 12527 26
11221 14263 26
12918 14412 26
38773 39148 26
4870 5266 26
12930 31275 26
9051 12526 26
8234 16193 26
19123 27121 26
25033 30519 26
1586 30625 26
39749 40167 26
15864 35068 26
17099 37774 26
33007 37560 26
12959 22758 26
8852 10130 26
22316 32121 26
8218 36507 26
9075 9650 26
32254 33129 26
17890 48493 26
8291 37062 26
30390 39481 26
20458 43294 26
17059 38467 26
30376 34648 26
24954 48821 26
897 37246 26
12881 21555 26
11260 36039 26
30355 49242 26
30349 30649 26
15933 28353 26
135 11180 26
11259 14954 26
11254 18019 26
3147 11101 26
3289 40872 26
1559 10705 26
38098 41161 26
15919 42688 26
4083 37265 26
3291 24743 26
8268 15260 26
30333 48268 26
2810 8054 26
15914 48526 26
3056 23188 26
2787 39134 26
8874 42698 26
11760 35645 26
45038 48493 26
12987 23282 26
334 38088 26
1196 5500 26
4887 29876 26
8189 34922 26
34646 35730 26
19098 43455 26
39746 44228 26
12994 34348 26
38067 38089 26
854 6665 26
23773 49898 26
30142 48789 26
43106 46160 26
5772 14737 26
8855 25836 26
32389 34125 26
215 42010 26
25052 40643 26
3307 11759 26
30165 32274 26
8181 46607 26
424 2041 26
15824 49199 26
28835 48657 27
23625 27967 27
5920 12872 27
22711 29063 27
3103 5467 27
23909 43101 27
5564 9727 27
6063 14127 27
3056 20465 27
7021 35007 27
281 5925 27
16601 42536 27
24081 45887 27
23693 49826 27
2406 5987 27
6910 9113 27
16580 20993 27
3033 19734 27
22634 44571 27
6022 15970 27
24069 36941 27
16615 21401 27
23886 49610 27
23762 28874 27
2344 11399 27
6023 49026 27
16342 35642 27
3501 48468 27
21686 30888 27
310 11735 27
2995 19261 27
24059 35496 27
16350 40661 27
3135 29474 27
2441 19542 27
3537 5428 27
6130 22450 27
17979 29616 27
3192 14347 27
5565 7425 27
23623 27270 27
152 1957 27
3663 8040 27
6030 43392 27
26562 48322 27
5545 31040 27
3655 37479 27
5493 41082 27
17990 25783 27
24023 46664 27
24002 35144 27
14829 14999 27
14831 48237 27
22504 41271 27
42720 46775 27
18479 44452 27
26517 49482 27
3126 35633 27
17660 49774 27
3068 13246 27
14946 35709 27
16431 37236 27
40765 47550 27
22127 41794 27
16509 27104 27
17652 21755 27
5966 11031 27
361 754 27
26447 41349 27
3546 30022 27
16522 22386 27
22557 43717 27
3131 29309 27
26450 29366 27
3075 6436 27
22674 44235 27
3838 9401 27
16574 33583 27
18049 28048 27
178 47125 27
16830 32248 27
23675 41162 27
6135 23264 27
6043 49906 27
24092 24848 27
18073 21827 27
5509 27920 27
3553 46147 27
18107 36207 27
3162 10414 27
24235 44747 27
5524 11801 27
187 13465 27
5337 8965 27
21675 34823 27
23969 25992 27
3823 21913 27
5373 32239 27
111 738 27
22468 26146 27
26700 41695 27
16722 34612 27
23964 30316 27
6113 6843 27
6654 14659 27
6671 45024 27
17356 19061 27
25005 29491 27
25016 34627 27
5659 42670 27
3296 13925 27
15405 45387 27
40706 46525 27
5780 34609 27
25036 49378 27
15862 20390 27
15408 19051 27
5669 25101 27
6412 23007 27
22938 48625 27
3586 18743 27
43098 45733 27
18358 31236 27
3300 8621 27
43102 47441 27
17329 49961 27
3391 21752 27
289 43352 27
2612 40173 27
15845 18750 27
18239 36198 27
25668 43060 27
269 946 27
5206 5932 27
15980 24342 27
3792 18170 27
15289 33835 27
25873 37601 27
6365 7929 27
15293 36289 27
6370 16352 27
3275 46346 27
25863 36434 27
40263 49735 27
15942 27310 27
15309 25602 27
5806 7273 27
25661 30827 27
40373 46168 27
2577 3263 27
22301 36329 27
17083 29469 27
15346 44048 27
5281 6116 27
40498 45838 27
2807 26265 27
25800 37725 27
15905 19652 27
15372 27659 27
2807 6006 27
22310 25643 27
17089 17147 27
2701 8843 27
337 358 27
3333 8869 27
23108 40565 27
6570 19417 27
17192 46993 27
2712 11357 27
5736 13546 27
15568 18521 27
5722 30010 27
340 2414 27
2710 9353 27
39686 40320 27
17847 34025 27
337 15176 27
21884 49291 27
41928 47430 27
5241 40957 27
22346 44966 27
25377 38501 27
15587 16254 27
2683 47542 27
18313 18995 27
2696 40529 27
3341 41785 27
25392 46053 27
15599 20346 27
190 36539 27
3601 7933 27
17148 40675 27
6624 33279 27
3375 20453 27
3607 22968 27
5693 6206 27
5266 36278 27
17268 36911 27
21941 46478 27
17267 36857 27
6467 10912 27
5228 21095 27
23072 26537 27
3366 4262 27
6606 11253 27
5264 29121 27
6478 42675 27
15734 22856 27
6595 29669 27
3318 43765 27
25526 25947 27
2732 32737 27
17152 30537 27
17154 43463 27
25242 49790 27
15722 25237 27
25492 35957 27
167 47038 27
18278 36543 27
2658 38067 27
26184 35777 27
16911 28596 27
6222 18394 27
6224 28888 27
5320 29083 27
2945 41225 27
26222 27042 27
22082 24013 27
6233 31067 27
24483 36786 27
2484 34610 27
22793 38259 27
16200 17432 27
5316 21648 27
22072 38498 27
24409 42239 27
6249 42530 27
6255 7404 27
26178 37393 27
24552 39694 27
6819 24445 27
16923 24684 27
142 1043 27
24565 35862 27
15141 35265 27
22836 33108 27
42042 44230 27
43446 46266 27
3699 45348 27
22066 22478 27
2982 5669 27
16870 29419 27
15050 38585 27
2991 5485 27
3559 19199 27
22106 46963 27
43510 43710 27
3469 3763 27
2990 40640 27
42247 47976 27
24314 30183 27
24315 39260 27
17510 22332 27
23577 46775 27
6179 6723 27
16134 28852 27
5173 9135 27
3203 4330 27
24326 30809 27
16904 22305 27
6194 15179 27
3683 30860 27
3465 32902 27
2967 16463 27
18451 42414 27
26298 45430 27
6854 7866 27
3462 38510 27
42025 42095 27
6851 45737 27
24828 27465 27
265 13805 27
3250 25876 27
17408 29603 27
5195 17064 27
2538 31185 27
3251 6925 27
5414 33362 27
3704 18635 27
6751 15302 27
351 2580 27
2853 28504 27
18409 22320 27
3795 4575 27
24815 44664 27
17426 21105 27
18194 28214 27
15252 33381 27
15999 16401 27
2841 21229 27
3266 4406 27
6740 11521 27
15267 30670 27
43382 48261 27
18204 47231 27
3423 23052 27
17039 19693 27
25885 42037 27
5812 31918 27
6718 23561 27
21747 26737 27
40228 49268 27
17924 22748 27
16949 34634 27
118 333 27
3445 23481 27
16955 26172 27
6795 9471 27
21741 43131 27
6282 33556 27
2896 24976 27
39516 49685 27
15179 17925 27
17452 34518 27
26062 33793 27
16869 32624 27
15197 32883 27
23473 36759 27
17449 39768 27
16097 30830 27
280 601 27
17442 47373 27
3441 32251 27
23448 29812 27
26033 48349 27
24731 48640 27
16059 33135 27
5620 11125 27
2871 9899 27
12283 17123 27
1366 12962 27
31367 42609 27
1366 5794 27
12354 23088 27
12347 40307 27
38518 39771 27
12347 34815 27
442 594 27
8603 19853 27
12321 30697 27
12316 43048 27
31556 32013 27
1339 2833 27
4790 29452 27
19345 21953 27
31645 43738 27
31650 37173 27
4773 14148 27
19354 33394 27
31731 47616 27
31739 37092 27
31744 44199 27
19360 20169 27
1307 47657 27
41043 45376 27
1305 1755 27
12221 34592 27
31252 45320 27
31094 32527 27
31097 39951 27
31115 45638 27
4130 35709 27
1414 2044 27
12522 14716 27
1412 3036 27
19271 41292 27
8508 19383 27
8514 22398 27
51 1407 27
12496 49899 27
38558 47375 27
8687 42668 27
12459 16049 27
4799 11901 27
31286 44077 27
31293 43421 27
12439 46017 27
4144 5372 27
8548 22583 27
12430 31709 27
8553 24937 27
1373 2489 27
440 10601 27
12402 44443 27
31340 48507 27
11910 19050 27
8846 35843 27
20729 23496 27
4728 19246 27
32415 44357 27
19446 40033 27
32448 48423 27
8883 10417 27
32471 33689 27
8914 29361 27
37 12478 27
8920 28911 27
4718 9112 27
12024 21209 27
19486 37501 27
32602 36566 27
1163 2498 27
216 2578 27
32619 34735 27
45909 47337 27
11888 41969 27
11869 23761 27
1139 41247 27
11843 37039 27
8980 9051 27
11838 25536 27
11815 16364 27
8755 45324 27
1299 33249 27
8695 11859 27
12208 12640 27
1292 14212 27
8709 9114 27
41597 44934 27
31941 32288 27
1279 8041 27
20806 46685 27
8742 26378 27
1271 49769 27
8753 20567 27
1265 6302 27
1423 38482 27
12140 44910 27
32041 43434 27
32081 33310 27
8773 39137 27
8778 15097 27
12105 13042 27
20767 21902 27
40 4511 27
8815 26920 27
8817 15738 27
32270 42225 27
8820 36381 27
32332 46343 27
19107 21388 27
21150 30110 27
13022 47084 27
8173 13112 27
21146 22362 27
30077 45496 27
30111 30112 27
12994 32912 27
12980 33708 27
4066 10780 27
1596 24683 27
8210 10877 27
19098 19352 27
12967 40297 27
4899 5366 27
8224 29848 27
30177 47349 27
8224 45116 27
21111 38662 27
38743 41221 27
30200 33942 27
12925 13699 27
8258 29951 27
1567 20133 27
12907 42715 27
4081 26173 27
30301 43028 27
1667 29829 27
21199 39985 27
19020 30950 27
19024 20322 27
1684 10001 27
8049 45745 27
1681 10480 27
13187 18033 27
44908 46177 27
416 639 27
8069 9106 27
1673 33475 27
44924 49106 27
19151 37422 27
13127 19527 27
8101 23503 27
1656 1833 27
13115 43795 27
21172 22803 27
8120 26750 27
4052 7329 27
13081 44936 27
19059 31553 27
1636 3356 27
13069 36338 27
8147 37315 27
8156 30755 27
30910 36877 27
8402 9128 27
19229 33909 27
12668 49398 27
21004 43256 27
8408 11487 27
30836 45808 27
30843 36132 27
1469 24859 27
21001 44354 27
21001 27740 27
54 26900 27
54 14714 27
12634 31786 27
12679 33025 27
20990 28215 27
12621 30945 27
8445 15323 27
1451 32929 27
8468 9404 27
12579 26513 27
1435 23654 27
12576 19305 27
8476 16311 27
8477 31804 27
1431 4415 27
8487 49614 27
4102 32714 27
4869 46565 27
12895 33739 27
12891 16286 27
45099 47220 27
12856 13520 27
1542 49209 27
21056 39320 27
12792 16789 27
8329 36416 27
12775 37205 27
38700 39867 27
1516 13668 27
12754 41998 27
8998 10318 27
30622 35670 27
30635 48451 27
30686 33543 27
21023 44350 27
30693 49173 27
19219 31162 27
21018 43939 27
8382 19385 27
12706 14034 27
8385 10779 27
12703 14019 27
30761 32758 27
30765 35353 27
36207 47274 27
10804 44664 27
10804 22019 27
9791 32756 27
9794 41846 27
711 11596 27
13 1318 27
4394 16302 27
683 7659 27
36128 36400 27
37857 40252 27
678 40132 27
9857 48487 27
506 36178 27
726 17639 27
667 44710 27
10654 26949 27
10653 13474 27
9874 23176 27
20219 44093 27
36250 39130 27
36277 44891 27
36279 48445 27
10638 13378 27
19940 23542 27
9891 27117 27
20216 21333 27
35483 48881 27
11038 48986 27
11028 14481 27
799 8306 27
797 1722 27
35219 37274 27
11001 12093 27
9627 27400 27
783 35933 27
776 7750 27
9664 39668 27
769 17455 27
9673 10900 27
35471 49678 27
660 39571 27
9703 22250 27
4560 47829 27
35633 39867 27
35688 49690 27
35720 48199 27
15 1191 27
9746 41805 27
10830 11835 27
731 3993 27
35803 42503 27
10824 27392 27
4384 29731 27
35849 48089 27
37303 38451 27
588 33623 27
10396 11069 27
37113 49063 27
20152 35264 27
10379 21632 27
37134 44030 27
232 30427 27
37201 40462 27
10108 32295 27
10330 30718 27
558 4046 27
556 46838 27
599 13670 27
20124 41028 27
20120 38733 27
10279 23703 27
10270 28605 27
10154 19808 27
37506 38122 27
527 7543 27
525 721 27
4459 45642 27
10207 24893 27
10194 31731 27
20094 25590 27
36742 43972 27
36365 39456 27
9918 43987 27
9 17620 27
10582 35017 27
36456 42837 27
20197 38831 27
9940 43639 27
10566 45549 27
10551 47397 27
36566 44824 27
36573 43101 27
632 24925 27
19975 26674 27
11051 43995 27
10495 28293 27
7 21 27
20170 34024 27
36775 41862 27
48486 49582 27
10473 11799 27
48644 49559 27
36843 44117 27
20018 27216 27
48718 49816 27
5 27 27
10445 22606 27
600 41224 27
33568 41042 27
1045 22932 27
11597 18948 27
9153 17373 27
1032 29533 27
33413 35007 27
20562 41896 27
4263 13005 27
33436 39234 27
33464 41672 27
9164 30903 27
4267 20321 27
1017 9608 27
11542 12460 27
33309 36613 27
11525 26716 27
9205 48866 27
4276 31418 27
33792 37389 27
46492 49976 27
982 10979 27
29 31151 27
973 16741 27
38181 49144 27
9267 37357 27
4643 32384 27
479 1178 27
33061 45114 27
19525 31147 27
1122 4845 27
32886 49001 27
38330 41223 27
1114 1144 27
1110 28841 27
45986 47352 27
32955 48873 27
1106 19421 27
9039 34721 27
11747 27200 27
11706 23030 27
34005 35221 27
11690 17644 27
19558 29863 27
11670 21277 27
11656 31503 27
1073 4712 27
11650 29351 27
33182 46521 27
1069 6786 27
9106 46039 27
11627 47607 27
11623 36132 27
19586 46464 27
4256 10142 27
486 48270 27
892 30838 27
11252 35630 27
19711 24623 27
4611 43510 27
34388 35563 27
11236 39996 27
4316 19102 27
19715 25533 27
11229 39434 27
875 8208 27
870 5678 27
9457 33486 27
9459 19995 27
4601 35297 27
11163 31512 27
19745 31800 27
844 12443 27
34869 36126 27
38035 40066 27
21 20228 27
11088 33047 27
9549 26751 27
9549 42509 27
814 9709 27
19790 28193 27
35055 45868 27
9346 17007 27
9294 24062 27
954 5638 27
954 1012 27
4637 31477 27
11384 32010 27
9301 44611 27
951 4772 27
950 19961 27
34051 47197 27
34064 45256 27
4632 6414 27
9326 23564 27
19680 21128 27
26788 38601 27
11325 49276 27
34199 39279 27
9359 12130 27
11318 21834 27
9362 21763 27
19697 42921 27
38127 39114 27
11296 40237 27
910 6173 27
4619 4621 27
900 16659 27
4309 10146 27
27240 37444 27
14530 48602 27
29123 47456 27
257 10926 27
13505 20832 27
7369 24888 27
14528 20410 27
27207 28281 27
27207 34346 27
18934 20113 27
7366 24062 27
13954 38578 27
13550 33011 27
7800 11164 27
3999 15287 27
14285 49962 27
13974 35208 27
13575 26577 27
7795 9151 27
13597 17667 27
21295 26129 27
2121 5805 27
7572 15995 27
27639 34110 27
18619 19961 27
5104 22610 27
27242 29728 27
28893 46325 27
2211 28712 27
7763 10568 27
14229 23291 27
13422 30444 27
28123 35156 27
18580 27159 27
29210 35606 27
14617 16928 27
7396 35503 27
2269 49443 27
7135 18141 27
14219 35593 27
3923 24757 27
14584 15749 27
21263 31447 27
1999 45786 27
13462 20291 27
7222 38638 27
13464 23448 27
1793 5418 27
14236 26146 27
3921 40406 27
27712 32118 27
13989 16010 27
18605 30865 27
2248 33267 27
7172 17469 27
21582 36540 27
27709 33961 27
21476 28616 27
14532 45723 27
39188 47018 27
13719 18519 27
18638 42736 27
13721 15705 27
28346 36335 27
28686 29595 27
13868 18196 27
28674 28969 27
18860 39725 27
1947 11112 27
18641 21058 27
7699 10056 27
1942 8668 27
18830 39073 27
7694 32175 27
21553 26210 27
7642 7859 27
18852 32814 27
13808 35121 27
2153 18627 27
28623 42185 27
14387 33176 27
7689 9150 27
18848 48799 27
13767 29379 27
13771 43830 27
27473 38692 27
3897 34167 27
7660 30603 27
21525 49907 27
14446 24272 27
4973 37576 27
13932 17676 27
3959 18840 27
7747 38167 27
7747 32385 27
7746 44694 27
13661 47624 27
7736 36514 27
7734 30800 27
14316 42392 27
199 2776 27
1970 18158 27
27548 28179 27
13682 34211 27
14536 26822 27
28735 33654 27
39074 40950 27
13919 22641 27
2190 4454 27
7725 14291 27
7315 8402 27
1965 42119 27
1881 18301 27
13908 30869 27
14330 32351 27
7257 15230 27
13901 47363 27
18870 19454 27
44083 44475 27
41749 47490 27
13255 35623 27
18549 47297 27
200 42986 27
2036 3009 27
8019 21855 27
7421 47789 27
38855 47865 27
7974 8090 27
14177 22111 27
2057 3614 27
14052 43766 27
2068 8994 27
39121 47983 27
28045 29263 27
19011 29282 27
44790 45589 27
7966 22260 27
28067 34431 27
38841 39942 27
44752 44987 27
21410 23301 27
44749 46182 27
2287 18423 27
2272 40120 27
13294 30942 27
2038 33133 27
13292 15959 27
1721 16109 27
1725 49300 27
14713 21305 27
3850 46850 27
3853 10646 27
7435 47632 27
18559 37702 27
27871 32892 27
2024 16127 27
29513 46494 27
3853 40107 27
2309 25877 27
14158 30628 27
26875 33597 27
8006 13687 27
7091 7228 27
40842 47943 27
1730 2750 27
1711 29409 27
29430 39373 27
14768 32516 27
1761 1934 27
7920 45453 27
27046 34527 27
13386 39833 27
14184 24529 27
7906 40794 27
26823 33825 27
7411 11269 27
2077 38790 27
14110 35600 27
14769 21185 27
14790 23357 27
18545 32604 27
13413 37808 27
13417 29289 27
18578 49316 27
8038 25043 27
29314 34723 27
2280 6061 27
4922 9160 27
29317 34059 27
29319 41550 27
829 5725 28
7314 47286 28
2153 39193 28
33452 49064 28
11199 48873 28
33387 37346 28
23188 39574 28
5747 11193 28
15167 45950 28
23239 25300 28
5904 26953 28
34724 49764 28
34530 44272 28
7311 17037 28
876 1484 28
16840 28784 28
5743 7561 28
11152 11730 28
34465 46351 28
27911 43831 28
2065 4846 28
5907 45073 28
23593 31754 28
11598 20105 28
17094 41273 28
11102 31360 28
5781 45402 28
34486 41630 28
11203 36665 28
9534 33314 28
43506 47165 28
9489 28226 28
17128 45445 28
9483 9761 28
9521 27077 28
9137 26690 28
845 40606 28
34806 35999 28
34796 49566 28
17123 44852 28
14126 26200 28
23253 24895 28
34761 43528 28
9510 18734 28
9148 19252 28
2124 4237 28
27871 36200 28
2140 23295 28
835 15310 28
11176 26546 28
23266 26626 28
14337 49860 28
9147 49841 28
33420 46111 28
834 1604 28
11179 36847 28
9476 26584 28
848 6098 28
5898 7073 28
34543 35851 28
14133 16580 28
9336 38497 28
42541 44003 28
943 25999 28
11441 16542 28
9320 31652 28
33917 45291 28
6842 43341 28
11338 42799 28
7416 7851 28
3252 11968 28
38132 40261 28
2092 6777 28
9665 40332 28
15104 25493 28
5867 12061 28
23541 27664 28
27700 44941 28
923 5086 28
9249 9780 28
9248 45705 28
33875 45943 28
27694 29946 28
27782 39547 28
11413 16710 28
14193 19628 28
958 7175 28
16968 28473 28
960 4598 28
11404 34665 28
11398 42182 28
5846 23007 28
14200 42203 28
46534 47037 28
15138 35127 28
27764 36401 28
33971 44886 28
9273 33238 28
14190 37708 28
5841 46029 28
23456 24479 28
2091 44745 28
23445 37197 28
15115 26002 28
3288 38552 28
897 41290 28
9198 28519 28
896 20280 28
16910 17663 28
23322 23527 28
2461 3132 28
27859 27978 28
5884 25021 28
2460 31070 28
6817 46620 28
3289 21898 28
2124 23195 28
27623 28813 28
11546 45146 28
43503 46482 28
34405 49786 28
9429 49747 28
27580 37910 28
9172 15587 28
3275 31990 28
9368 20442 28
7418 10291 28
17031 36351 28
14273 20452 28
982 14886 28
14281 42321 28
985 1491 28
11497 24271 28
33723 37215 28
34295 44429 28
9166 42063 28
9397 48371 28
33667 46100 28
904 1373 28
903 40694 28
903 9580 28
17052 45071 28
5804 18335 28
38113 42841 28
9401 42232 28
14296 35314 28
617 23091 28
10571 16752 28
5605 24142 28
5603 46642 28
2385 17188 28
638 3215 28
36525 36868 28
14906 41457 28
3455 11665 28
2384 34008 28
26597 27597 28
10504 33482 28
9986 13557 28
6974 35166 28
36469 45167 28
36758 45859 28
26604 38479 28
14623 37271 28
9994 22295 28
14632 28217 28
14634 32123 28
10465 24719 28
10464 25489 28
26621 49365 28
14883 17223 28
10452 11972 28
36864 44736 28
36315 45612 28
13 18 28
17407 25511 28
507 683 28
14551 29400 28
9875 12780 28
27147 49632 28
27141 36311 28
7157 40394 28
9886 49110 28
10639 30175 28
26546 47602 28
14919 19373 28
2257 28091 28
10024 24528 28
17446 28756 28
36319 40571 28
7153 15707 28
10627 38502 28
10626 22102 28
14609 26476 28
47837 48792 28
10 3646 28
649 1065 28
17454 18455 28
26572 32289 28
27071 38051 28
26892 48807 28
14723 19592 28
10125 20785 28
37322 49787 28
10300 41711 28
10136 19524 28
14724 18908 28
10148 12355 28
2323 39018 28
541 46278 28
3525 43830 28
17661 27194 28
49035 49969 28
37468 46466 28
37475 40615 28
10167 28036 28
2327 7507 28
10239 15886 28
10232 10325 28
7021 29051 28
519 17120 28
3539 12033 28
176 13809 28
43693 47050 28
5499 21005 28
585 21833 28
26641 27074 28
14876 35781 28
36871 45189 28
6984 27340 28
26987 45728 28
368 3191 28
22696 48665 28
5558 46897 28
5557 37187 28
2295 20787 28
36944 47554 28
39308 49396 28
37018 37781 28
10686 16182 28
583 42909 28
17596 26857 28
37060 41730 28
10381 42696 28
26935 43133 28
26927 43125 28
10100 17735 28
5537 48555 28
516 45353 28
14832 45914 28
10324 14496 28
9656 12682 28
2176 22578 28
10998 20212 28
7264 23093 28
23104 28543 28
5716 6930 28
9636 38015 28
35285 37491 28
23091 38423 28
9640 33091 28
9641 22140 28
10967 46555 28
10960 32967 28
10958 18041 28
27432 40551 28
14035 42265 28
5704 37867 28
9666 45234 28
35396 38986 28
27379 39901 28
35455 47163 28
26434 43844 28
23050 48609 28
35563 39738 28
14426 18867 28
27364 32123 28
7282 9262 28
9549 21363 28
23153 27100 28
14380 34196 28
26410 38170 28
5735 43823 28
27465 41448 28
11065 36506 28
11046 11915 28
3338 16326 28
35118 36470 28
293 457 28
9589 29225 28
23034 31630 28
17214 23740 28
9591 26754 28
6907 12938 28
11026 35717 28
11023 11037 28
3346 9364 28
2428 34945 28
11006 29968 28
797 912 28
17234 20666 28
17234 36290 28
36009 47798 28
10814 45270 28
10813 32860 28
2214 40259 28
9791 16125 28
5657 10283 28
17360 34154 28
714 15901 28
22934 39163 28
14497 30191 28
10780 48619 28
35968 36410 28
10774 27755 28
5649 21012 28
14972 24254 28
47656 48412 28
3416 48369 28
693 5294 28
17388 27617 28
9835 16627 28
9835 23041 28
26510 38171 28
10694 21954 28
10692 27838 28
39246 46109 28
10688 13728 28
5671 30480 28
17280 18381 28
9709 33050 28
754 30239 28
14981 47607 28
744 8336 28
10852 36665 28
5680 26510 28
5679 22804 28
40364 47231 28
2192 8278 28
22994 31465 28
9741 24290 28
9744 42442 28
34942 45808 28
35752 41655 28
3395 12390 28
7233 34827 28
35755 41215 28
43955 49171 28
734 10076 28
35781 36728 28
14454 17723 28
22947 35062 28
22947 32416 28
27317 27935 28
27272 27674 28
24705 47784 28
38653 47642 28
13502 35593 28
38882 47660 28
12681 43619 28
8399 15482 28
6607 37651 28
7823 24722 28
29059 32695 28
24750 31790 28
38623 39770 28
7808 9217 28
7802 44305 28
8420 10347 28
12649 40196 28
13496 32221 28
13601 30382 28
13604 16074 28
15451 28384 28
7775 10515 28
6627 36363 28
16112 35451 28
1453 13769 28
30939 34922 28
12598 23947 28
7769 18939 28
31008 38411 28
1439 14195 28
16000 49819 28
25489 37945 28
25506 34473 28
430 2682 28
2649 8731 28
29174 33798 28
8352 27741 28
2842 13265 28
38691 38794 28
12744 19010 28
1502 4986 28
30672 40440 28
7864 26661 28
31029 35773 28
2846 11388 28
24837 28087 28
2847 47332 28
1496 1938 28
6594 46127 28
8368 15518 28
13473 15798 28
24824 42745 28
12719 13462 28
12711 24912 28
76 4021 28
6597 7783 28
1801 5654 28
24448 48671 28
80 19059 28
2599 12428 28
12456 32812 28
31265 32814 28
12444 44564 28
25735 41095 28
2947 26321 28
8546 12923 28
16228 30496 28
6659 45571 28
13696 18436 28
6669 8299 28
28721 48016 28
31251 46615 28
8552 46736 28
13715 42438 28
12417 14164 28
24438 41939 28
1884 21883 28
24430 45216 28
8566 12122 28
7712 33818 28
319 41030 28
2963 9206 28
1366 21654 28
8574 40731 28
7708 47995 28
16170 34726 28
13627 33288 28
1436 47596 28
15437 23294 28
12576 16138 28
13629 24289 28
28837 32587 28
31055 36591 28
2915 15366 28
15426 37157 28
28835 49103 28
2279 26378 28
78 36738 28
25712 31516 28
2833 43676 28
6655 30991 28
31171 34178 28
6249 30875 28
8510 31779 28
24521 44279 28
31196 33111 28
16194 24398 28
16198 30573 28
24486 27776 28
16198 39756 28
8517 15174 28
28761 43546 28
8149 24779 28
13111 24966 28
38804 42276 28
29887 32666 28
29507 46202 28
6474 10254 28
2741 28488 28
1724 3273 28
45014 48582 28
25190 36936 28
8140 26785 28
13062 32977 28
15745 25656 28
13058 43104 28
6552 18872 28
1654 13834 28
29450 49355 28
13042 26154 28
25419 29922 28
6464 43864 28
6463 32662 28
30027 40891 28
1616 10277 28
13014 49419 28
1611 18682 28
30075 38550 28
15593 28315 28
1691 13876 28
70 144 28
29640 40947 28
2712 30693 28
13210 14182 28
2710 3570 28
25313 35887 28
8041 47332 28
13219 48288 28
29659 40045 28
13203 43509 28
15653 26608 28
1691 2965 28
6502 17496 28
7975 13290 28
13186 32936 28
15707 45828 28
1694 27404 28
29596 39427 28
1700 3374 28
25266 43010 28
13158 25797 28
13127 23829 28
29514 47412 28
29840 32335 28
2735 2953 28
8004 20537 28
25208 41139 28
6375 47163 28
15913 49714 28
15914 36852 28
12903 14420 28
30333 45403 28
15916 37785 28
6386 42976 28
30334 48009 28
1559 19432 28
29239 41609 28
1556 1974 28
30374 42624 28
15538 47593 28
8292 49194 28
1779 17607 28
2661 35179 28
1534 5353 28
30474 31220 28
1531 9006 28
428 3078 28
29203 31218 28
1526 20263 28
24935 30270 28
30514 31714 28
24915 39220 28
13460 18433 28
12787 37239 28
1519 16324 28
12973 48421 28
13006 16473 28
6429 32779 28
6429 14186 28
30120 48591 28
1602 3089 28
8191 20121 28
12992 31191 28
30121 36200 28
1597 7012 28
29400 35124 28
8208 33938 28
13329 37570 28
7960 16882 28
25773 28926 28
38747 41710 28
25446 38802 28
25450 34052 28
29341 37222 28
8234 45090 28
2798 38656 28
12923 31583 28
1570 3441 28
30290 34466 28
44742 44880 28
43064 44662 28
7904 33731 28
13991 24671 28
13993 15378 28
1158 7920 28
11889 49512 28
1155 15637 28
11871 36879 28
7535 9131 28
6022 10252 28
32707 49858 28
23883 49094 28
16613 22600 28
23882 32954 28
1140 8120 28
15243 22298 28
1995 42200 28
3113 46607 28
28130 49820 28
8980 15007 28
23863 31728 28
11834 44313 28
3119 23591 28
32785 34197 28
6004 12929 28
11827 17790 28
8988 11318 28
7523 10941 28
32828 41812 28
16665 24608 28
32550 35688 28
15254 47256 28
16553 26813 28
16554 17453 28
11968 12987 28
32470 37324 28
11954 27554 28
16555 32506 28
8908 32505 28
1177 1860 28
13951 23233 28
1983 34279 28
8920 45396 28
32837 47255 28
32561 36026 28
32570 35425 28
32584 49313 28
28166 40981 28
6038 43569 28
23922 28205 28
28164 31389 28
6035 20307 28
32603 40008 28
32619 34354 28
16595 19708 28
23908 25121 28
1160 6845 28
2517 5189 28
11665 40776 28
9089 22102 28
11657 14562 28
5942 9058 28
43424 47755 28
26060 37938 28
33176 35362 28
307 1319 28
9097 30440 28
33176 37294 28
1069 39720 28
44333 48788 28
11640 18795 28
33192 37354 28
15196 41177 28
11629 34194 28
14072 32839 28
33246 46505 28
27954 32007 28
23652 31094 28
1058 41545 28
14085 24036 28
1057 4488 28
304 3596 28
1056 41611 28
38283 45746 28
7463 39459 28
5916 6220 28
7485 34165 28
25984 29242 28
9000 45987 28
7522 14895 28
15229 49428 28
9002 28836 28
11795 24411 28
32902 48834 28
5982 41536 28
38332 43805 28
15221 35085 28
2710 31093 28
16705 38202 28
26024 30225 28
32451 48462 28
11739 45301 28
11734 17348 28
11729 26547 28
7484 41002 28
7477 35159 28
7476 19832 28
9079 36901 28
11684 39730 28
33116 47950 28
16767 41790 28
16770 18744 28
33120 40337 28
2573 15652 28
16338 18181 28
7690 12725 28
1917 3440 28
12227 26966 28
1921 11582 28
31778 36373 28
6694 14148 28
24268 45394 28
12221 34903 28
31792 46114 28
31806 42775 28
13802 19411 28
7657 28082 28
28534 36747 28
8698 43522 28
31870 48880 28
13806 25209 28
16374 42898 28
7653 31590 28
16381 46901 28
31905 36137 28
38475 38857 28
31927 44461 28
3024 21633 28
25846 34447 28
31950 47167 28
3026 42203 28
25812 34247 28
1361 26710 28
24374 37692 28
28674 43697 28
24365 49011 28
31460 39889 28
24343 33118 28
28669 29087 28
1895 33470 28
6182 32692 28
8604 21500 28
8610 17630 28
28657 47610 28
38499 45455 28
7649 24354 28
12305 47787 28
24316 33260 28
1899 11730 28
45558 47642 28
6176 38101 28
8630 42812 28
31582 40200 28
8634 45020 28
31635 34198 28
7690 34919 28
6690 26977 28
2577 5922 28
1321 18857 28
40 67 28
8828 23035 28
32319 32510 28
312 42083 28
32327 39968 28
1213 2635 28
8845 35298 28
1206 12239 28
6079 30086 28
1205 19326 28
12016 21743 28
148 1797 28
6076 47534 28
3071 24023 28
3072 44493 28
12009 33651 28
12006 13710 28
6067 30119 28
1197 14662 28
8861 19627 28
6738 9677 28
23979 37727 28
2549 49538 28
28246 30857 28
1192 1228 28
11971 47688 28
16550 36161 28
7573 18225 28
6113 8261 28
31982 43912 28
315 7041 28
7634 19723 28
12146 18983 28
3033 32875 28
25868 35077 28
28388 30694 28
32033 45014 28
8760 12220 28
32077 37200 28
24115 47335 28
28364 33886 28
8779 34438 28
1954 18148 28
450 4064 28
41 54 28
8792 40828 28
32239 42926 28
7598 42802 28
24068 25072 28
25906 39597 28
7589 31243 28
32286 41763 28
20649 36608 28
215 6196 28
4731 23221 28
215 16931 28
215 31760 28
20711 33548 28
41070 48311 28
20693 27217 28
22250 43614 28
22252 24022 28
22256 42299 28
19523 21915 28
20755 41438 28
5404 5474 28
5405 7660 28
4693 9329 28
40547 46483 28
3625 31044 28
17922 26478 28
4684 4758 28
19571 25375 28
4674 5359 28
4257 16504 28
4258 28654 28
19315 45976 28
4809 28848 28
19280 28297 28
4801 5053 28
40620 47289 28
4144 42078 28
22173 35279 28
20891 21990 28
19302 21604 28
19309 31159 28
5362 13538 28
19310 37534 28
4258 43615 28
22197 35111 28
19345 29254 28
4774 6194 28
4156 15885 28
4760 8488 28
17998 27298 28
19388 38886 28
4179 15963 28
4747 45995 28
19418 48325 28
4188 29369 28
4396 27306 28
17841 33978 28
19786 47934 28
19808 49636 28
20320 33527 28
19830 36326 28
4372 20165 28
22381 39998 28
19849 43607 28
4378 32769 28
19869 41033 28
3569 36623 28
19772 30915 28
5476 7473 28
17767 18387 28
19931 31646 28
20224 41414 28
20208 24945 28
20201 32614 28
4518 9058 28
3561 13256 28
20171 28021 28
4425 13865 28
4496 48512 28
41251 45727 28
19704 23112 28
42060 47455 28
5414 48953 28
5417 48663 28
19638 48603 28
19650 26423 28
4632 40520 28
4627 49255 28
4626 10116 28
4624 28272 28
22317 22993 28
19699 48250 28
22321 44725 28
4810 10948 28
20455 48671 28
20446 20584 28
4318 4423 28
238 2909 28
19722 25126 28
20430 30705 28
17852 23626 28
4592 30877 28
20392 38821 28
20386 22941 28
18244 47306 28
21931 28614 28
18674 44617 28
21505 33612 28
41787 41845 28
5069 28501 28
21472 37379 28
3740 31331 28
21462 27993 28
18735 45917 28
5267 30638 28
5049 9518 28
5037 46965 28
21547 26201 28
18774 22661 28
3943 33286 28
18782 21257 28
5027 42275 28
3945 33660 28
21982 41007 28
3959 7289 28
18808 24357 28
21373 40146 28
5003 5117 28
21993 45429 28
256 34567 28
18475 38002 28
3796 33632 28
18398 26407 28
18440 25825 28
21731 39869 28
41910 49215 28
18396 29222 28
3814 39133 28
3782 47377 28
18471 44783 28
3820 6766 28
3821 35541 28
3969 8089 28
21671 23895 28
40763 49625 28
3838 15229 28
3770 30760 28
3849 10385 28
3859 48924 28
3862 38526 28
5124 15188 28
18582 35756 28
18585 47608 28
5240 45940 28
18646 32542 28
4102 9849 28
4062 43662 28
3682 10633 28
22102 40155 28
5329 33151 28
18117 26359 28
21091 28716 28
4874 41808 28
19171 31727 28
4089 6927 28
18103 26713 28
4095 8845 28
21053 24256 28
4887 18482 28
19204 29698 28
4848 8979 28
5340 8425 28
19212 49458 28
19216 24158 28
19220 49452 28
4834 7412 28
5345 36193 28
18074 47861 28
4817 19592 28
20962 23061 28
20957 39788 28
18937 36429 28
5000 17116 28
269 49957 28
3713 11642 28
21343 34249 28
21343 30722 28
4986 10618 28
3982 4018 28
3987 4285 28
21292 39495 28
40920 40997 28
4958 26535 28
21284 35409 28
5302 6007 28
4017 17138 28
18160 37755 28
3697 11032 28
21188 48000 28
21184 42001 28
3690 17821 28
5320 33954 28
4906 7471 28
4895 25909 28
21145 48050 28
4440 5290 28
20073 44374 28
20112 44039 28
20049 42945 28
41263 45323 28
20059 39148 28
3051 14757 29
16484 19987 29
34135 42949 29
30975 35905 29
15666 19923 29
12609 44039 29
11331 17533 29
18785 32535 29
19252 31793 29
15400 23872 29
20480 36940 29
38613 43825 29
3303 12442 29
3902 43340 29
6960 13341 29
9369 35305 29
8481 11001 29
952 3387 29
31107 43018 29
2142 5060 29
40061 48494 29
9314 21927 29
31058 32303 29
11354 25829 29
10405 17577 29
10405 33364 29
27516 29132 29
43110 45561 29
11343 16740 29
22315 29850 29
162 39005 29
8470 38950 29
24054 46302 29
22316 31766 29
6117 32580 29
25728 34522 29
1474 4608 29
2004 9587 29
483 8133 29
30799 47747 29
11276 15425 29
377 27971 29
12680 30542 29
17142 26163 29
2789 25158 29
2001 15819 29
5763 46543 29
6120 33708 29
198 4207 29
24126 49410 29
21015 46647 29
3316 15101 29
14877 16567 29
12639 41982 29
15662 45529 29
12536 45743 29
2468 7212 29
20997 28237 29
14030 17978 29
24080 49201 29
2469 6464 29
21831 47470 29
38128 46821 29
14021 25885 29
14020 24372 29
3950 9308 29
14009 31929 29
908 19840 29
28133 31487 29
12658 18614 29
12660 26541 29
974 10708 29
2294 3347 29
17055 21424 29
17055 24091 29
14964 32809 29
21501 35191 29
17897 25475 29
15827 17386 29
29 7410 29
3078 11726 29
27993 49948 29
33885 36530 29
39110 44004 29
15084 46267 29
18776 25111 29
12471 22294 29
1393 46375 29
22164 26066 29
8526 8715 29
33925 40655 29
9231 38732 29
33738 43000 29
22470 29215 29
1377 26129 29
12436 39925 29
3548 31185 29
5810 43051 29
31295 45378 29
11485 42824 29
12441 32369 29
3656 24830 29
4797 23443 29
14054 28985 29
10070 34869 29
9237 31732 29
2775 24840 29
31266 41532 29
9241 26677 29
3069 5788 29
9271 49545 29
11415 23148 29
38566 47130 29
2717 7565 29
6076 26849 29
27522 32376 29
3537 37968 29
4641 11711 29
20498 29401 29
11422 12492 29
20497 33509 29
33999 40372 29
11396 25316 29
31145 37280 29
17092 40960 29
6080 8484 29
4809 13225 29
30730 47913 29
17074 42689 29
31223 34621 29
7311 9240 29
25743 47435 29
9261 23424 29
15488 47451 29
25856 31436 29
3287 6157 29
5422 39071 29
5537 10098 29
46601 49501 29
26511 39263 29
1402 30716 29
14346 20147 29
19651 42589 29
963 24430 29
22305 23637 29
4806 8944 29
9269 14706 29
15519 48925 29
28238 36009 29
257 1089 29
21066 32695 29
24259 29266 29
34848 42522 29
4338 42484 29
8293 35730 29
14415 16890 29
22353 37354 29
1542 9632 29
18111 46251 29
13932 20711 29
9531 25311 29
25895 38171 29
30381 39902 29
427 2283 29
8284 43874 29
34890 41393 29
1551 4607 29
7567 30229 29
7564 42277 29
26194 44704 29
8303 23313 29
4336 12400 29
24243 34730 29
4338 7892 29
3009 10546 29
15874 21131 29
25888 39873 29
1551 13688 29
2797 45094 29
15874 28821 29
16364 21261 29
10056 15655 29
16363 40647 29
841 904 29
11129 14881 29
6397 13469 29
25699 46404 29
13924 39178 29
7247 11285 29
26947 46594 29
24301 37152 29
35016 35428 29
12921 14995 29
8247 20674 29
2185 36433 29
8252 26458 29
9565 35390 29
30230 47110 29
1580 21824 29
41181 46733 29
2608 46893 29
145 11790 29
808 44184 29
20369 43855 29
15140 25192 29
363 3958 29
3675 44294 29
14417 29590 29
21072 22090 29
8275 18586 29
16344 30736 29
20377 43623 29
15635 18062 29
9542 40901 29
1984 26658 29
24293 25108 29
12916 27252 29
27375 32947 29
8256 23313 29
337 19002 29
7583 17140 29
13926 43234 29
1973 11725 29
11209 27745 29
30668 37601 29
20433 31838 29
3030 26180 29
15865 37836 29
11220 24319 29
21030 35119 29
117 400 29
3326 38842 29
22328 37280 29
6986 9964 29
21781 48080 29
3893 7091 29
28167 36929 29
17857 36696 29
871 4133 29
1993 2287 29
6136 30617 29
2793 4242 29
28141 45595 29
33687 38099 29
18652 21158 29
22323 49444 29
355 28657 29
14625 46732 29
23194 39840 29
4610 8648 29
17153 23266 29
25324 46850 29
34438 46083 29
30704 37352 29
6843 10437 29
30699 33010 29
23193 28528 29
3032 7185 29
3031 43862 29
30684 42280 29
46905 47881 29
11178 43469 29
20427 21877 29
34656 45745 29
18359 29490 29
1522 41825 29
26671 39362 29
34667 49590 29
21050 48516 29
12788 13474 29
46851 49002 29
293 1550 29
14693 15184 29
316 15915 29
12805 22204 29
60 89 29
849 5454 29
6148 9034 29
26199 47028 29
6992 12921 29
16400 17514 29
16398 34582 29
30603 49800 29
18578 22946 29
38697 40011 29
6987 28177 29
2300 35659 29
11190 49563 29
46822 49130 29
27467 44851 29
3023 5302 29
19735 43742 29
24177 39786 29
12775 37346 29
4603 9928 29
11179 38019 29
3602 9923 29
6141 36445 29
2443 21758 29
12130 19103 29
5971 24684 29
8969 47526 29
7106 19547 29
381 753 29
4750 5957 29
4750 7666 29
16712 27291 29
11841 14743 29
16726 42125 29
4707 33079 29
1136 8157 29
14142 14542 29
20669 33759 29
2105 3945 29
8988 9375 29
2423 12634 29
16910 28981 29
23783 34990 29
5398 5804 29
32638 46292 29
32143 35830 29
4741 12477 29
23603 38582 29
32669 37185 29
22250 32520 29
5380 27629 29
8778 11143 29
38461 40593 29
41 2956 29
1148 1242 29
1147 41994 29
2066 24192 29
19504 19573 29
11862 33714 29
7375 16387 29
1144 8028 29
32953 39632 29
12173 35351 29
22265 40203 29
1281 32236 29
31930 42379 29
6488 44440 29
5170 31171 29
124 16351 29
23540 29010 29
20650 21156 29
1109 1496 29
31889 46406 29
31881 46302 29
23536 35546 29
18005 28071 29
191 7614 29
3124 26328 29
5874 38686 29
23557 33784 29
1128 9681 29
4225 34699 29
20108 43073 29
571 24703 29
17996 40674 29
11805 14053 29
32875 45641 29
4228 19167 29
10369 17353 29
4751 45276 29
4700 13745 29
37508 38980 29
44164 49190 29
11790 26385 29
1274 47827 29
10095 18244 29
32907 49682 29
3634 12661 29
14192 16230 29
19460 22760 29
23668 42517 29
14179 23683 29
4721 11321 29
12011 26962 29
18721 19112 29
18718 38305 29
11949 37272 29
12011 23517 29
16792 27978 29
19439 49965 29
21470 22069 29
23674 24335 29
18727 39705 29
5940 9397 29
113 14358 29
1211 29333 29
1197 22556 29
32422 38581 29
5930 14421 29
1195 26448 29
5926 16652 29
8863 35369 29
4206 46341 29
1191 13987 29
15025 20658 29
20707 43475 29
5265 32060 29
3178 35936 29
32386 46619 29
8886 36707 29
5055 7029 29
15016 38320 29
16798 19375 29
23731 37313 29
11902 43716 29
16850 28511 29
1161 10666 29
18337 39585 29
14171 16484 29
16853 39850 29
1235 47634 29
12074 35942 29
20762 28816 29
32604 38454 29
8941 42072 29
8796 42503 29
20768 34973 29
15009 24648 29
12090 27621 29
15730 16297 29
3762 44447 29
18264 35384 29
23682 44642 29
18466 19052 29
2429 15813 29
25812 37679 29
3857 46794 29
42567 44700 29
20745 27518 29
8917 43221 29
39160 45896 29
2647 4599 29
17960 37121 29
4214 10960 29
32302 38288 29
11918 29103 29
5947 39325 29
20698 32272 29
4737 16875 29
17960 26387 29
11555 44868 29
8610 21321 29
27588 47591 29
1347 42917 29
31493 39081 29
17729 43128 29
20560 45797 29
2131 46402 29
23914 27799 29
15317 15696 29
1349 29546 29
18032 45163 29
3618 46433 29
2040 43542 29
17908 30502 29
18770 40483 29
2293 19895 29
23401 43035 29
14065 28791 29
42514 43198 29
11591 30279 29
22187 25949 29
16603 39220 29
4259 8863 29
14082 21454 29
11585 21454 29
242 1815 29
11583 23637 29
4271 4679 29
27599 29220 29
11578 37746 29
37084 43352 29
7327 22830 29
1343 3621 29
537 23545 29
47 9586 29
247 19587 29
7319 12730 29
7320 11887 29
23937 27133 29
14965 43937 29
21427 29119 29
6502 32134 29
15823 33845 29
9209 43749 29
18683 36899 29
7102 32849 29
21815 31198 29
8563 36811 29
996 2605 29
15824 26771 29
45447 47629 29
995 21311 29
37202 40652 29
6140 19711 29
15695 38956 29
31449 46939 29
5364 34372 29
133 7121 29
7479 13632 29
18036 21357 29
3789 15927 29
15314 48885 29
33569 45142 29
20543 34117 29
1342 1467 29
7479 32507 29
3098 29836 29
8581 20478 29
11524 14807 29
12385 23108 29
7481 10682 29
11522 20126 29
27563 29654 29
31763 32703 29
14288 41771 29
1306 17224 29
20633 34692 29
5172 17597 29
31776 41148 29
15712 33121 29
14985 33315 29
19560 20311 29
8681 22757 29
20619 27865 29
3230 21053 29
9083 25971 29
23483 49516 29
26326 36240 29
15712 22331 29
9087 9830 29
2574 3114 29
31816 34712 29
5163 8727 29
3217 46600 29
19547 45067 29
16654 32114 29
5533 14426 29
8690 20989 29
31829 33386 29
14285 39734 29
7348 28344 29
4682 20882 29
33045 34328 29
1301 5917 29
1301 6081 29
2118 44796 29
27644 29221 29
9069 31640 29
14114 49880 29
12279 45883 29
12266 34669 29
14100 20738 29
5173 12260 29
37163 38973 29
3779 7908 29
2454 19504 29
6019 6475 29
9128 12908 29
19350 29323 29
17647 24852 29
5037 11600 29
27612 40253 29
26463 49650 29
33337 41775 29
566 31953 29
46 49182 29
444 858 29
21809 46502 29
8673 34042 29
27627 31361 29
27923 33534 29
4771 25475 29
1315 4987 29
7338 44520 29
45 27524 29
115 39392 29
5845 24136 29
6505 10789 29
16626 20224 29
1320 2320 29
3789 7158 29
6673 38820 29
1321 9480 29
5257 14632 29
25138 31824 29
16130 21008 29
5622 22134 29
20253 43668 29
44770 47594 29
7653 43356 29
18981 19911 29
17424 48201 29
4542 7477 29
10751 45019 29
3435 33358 29
13356 27990 29
3717 20129 29
18166 43866 29
44747 49640 29
372 800 29
20116 49292 29
29294 46656 29
5103 23836 29
3431 29528 29
21234 25579 29
10777 14274 29
29416 42391 29
40734 40784 29
13316 15661 29
2903 26485 29
37896 42568 29
26827 47190 29
10758 10822 29
13812 18997 29
2268 8633 29
29380 31885 29
18845 41498 29
36153 38827 29
16108 27178 29
41400 49432 29
22412 46723 29
17775 31359 29
17609 25472 29
1773 22311 29
22416 48988 29
681 29883 29
1909 47877 29
27205 38778 29
1774 16496 29
29239 38378 29
3801 4069 29
18324 47196 29
3802 17897 29
25491 48793 29
21774 40544 29
13385 20765 29
21751 45393 29
5614 48707 29
13392 27805 29
279 44459 29
3880 24807 29
7195 29781 29
29262 31957 29
17446 47932 29
7909 9664 29
29261 32380 29
2308 43626 29
10703 18246 29
17379 32903 29
29682 49850 29
35757 37361 29
10042 14109 29
7047 14235 29
1689 49918 29
354 483 29
7136 9407 29
15584 44673 29
13201 14552 29
13835 49664 29
15177 21042 29
13220 19344 29
9770 23764 29
17388 18129 29
24508 31597 29
4385 7949 29
5652 27372 29
7038 30566 29
13169 23618 29
26092 40645 29
10845 44261 29
15443 30713 29
3694 18807 29
47457 47847 29
16180 49566 29
2334 7007 29
29724 31730 29
29721 30152 29
15267 48927 29
36958 41448 29
7628 34569 29
14778 32589 29
15582 23204 29
502 9380 29
1715 33165 29
44477 48762 29
4930 31668 29
1927 34839 29
6258 42801 29
1723 7641 29
18549 20202 29
5312 8481 29
35957 38056 29
7986 18533 29
28497 29166 29
37384 49895 29
28498 42381 29
101 684 29
7647 23825 29
14774 17425 29
28445 34364 29
3882 8647 29
26075 42978 29
26816 46947 29
25439 28740 29
43889 44303 29
22392 24388 29
29587 30250 29
7882 8314 29
8016 12568 29
38846 40235 29
8010 42256 29
16171 34178 29
15183 34715 29
13267 38080 29
36722 48887 29
7072 11291 29
13581 21718 29
1832 3282 29
21585 41057 29
227 23581 29
48299 49369 29
9979 45193 29
5484 29091 29
21332 49512 29
10505 27070 29
13593 15178 29
18193 39062 29
18605 28672 29
24819 32688 29
13714 28098 29
43295 48489 29
1846 1941 29
7806 42132 29
1890 8792 29
2530 32941 29
16041 35818 29
7167 31156 29
6356 44062 29
10549 36613 29
7811 11520 29
5486 33199 29
632 1528 29
1825 34234 29
6320 30065 29
14554 27210 29
9968 41107 29
10523 48512 29
10027 29150 29
48662 49918 29
25961 27041 29
7746 26321 29
3708 45937 29
36854 42930 29
1874 29525 29
21325 38161 29
36882 49780 29
15467 29166 29
2266 20011 29
10028 27974 29
2836 13814 29
13688 33334 29
127 9379 29
36911 39878 29
18209 39166 29
10470 20115 29
7769 9245 29
1851 33477 29
36770 41243 29
25604 36007 29
13633 20632 29
22033 28762 29
3486 9045 29
10565 25252 29
10468 38192 29
48540 49385 29
3760 37797 29
7150 11038 29
7751 27340 29
15999 16201 29
7147 36702 29
10626 47367 29
20211 22043 29
10625 36451 29
7183 10003 29
4991 9372 29
5591 17430 29
7854 47781 29
7692 16631 29
18943 30965 29
29157 46242 29
6305 21350 29
13489 28770 29
22766 39381 29
6306 44067 29
26027 35655 29
7183 34491 29
15203 36343 29
26876 45886 29
7876 12695 29
664 16680 29
29178 48841 29
26926 44158 29
21269 32125 29
3457 6175 29
9916 15248 29
7066 49778 29
22791 48030 29
24699 49289 29
1794 23826 29
36342 47020 29
10628 45045 29
2244 30598 29
5583 10493 29
10578 24076 29
7830 49958 29
20200 39331 29
5112 24160 29
22749 32158 29
27168 48723 29
13540 19484 29
10280 21276 29
19966 21322 29
5112 39719 29
7170 9917 29
13541 19623 29
3874 48086 29
18185 25014 29
1819 12435 29
3976 24808 29
26887 47218 29
40412 43941 29
13509 21057 29
9919 46574 29
13516 21360 29
36427 47316 29
6360 7995 29
7242 15600 29
36429 37125 29
2239 12889 29
15216 36870 29
29109 36230 29
18424 34419 29
14540 35261 29
10428 30197 29
4050 16704 29
14440 49257 29
19 2057 29
7593 16585 29
9609 13985 29
26939 38601 29
22083 35610 29
21361 39594 29
17270 17471 29
22096 46104 29
1648 37307 29
17282 36833 29
19068 37495 29
5664 42760 29
5100 10851 29
13101 16384 29
21166 22643 29
7015 30365 29
19845 46937 29
13848 24552 29
10883 22012 29
19073 20898 29
1948 41045 29
2690 34257 29
4364 20261 29
19832 49182 29
6231 26742 29
10884 12648 29
28330 32262 29
20333 47598 29
5452 23450 29
35566 41158 29
18624 20005 29
13865 35245 29
23010 23767 29
13118 39134 29
363 9096 29
21895 30915 29
7020 36375 29
13857 15045 29
30160 45528 29
2956 17939 29
35508 37596 29
6388 30942 29
26781 49575 29
15615 26872 29
16292 35121 29
19810 26756 29
10999 47331 29
24338 42513 29
2974 29257 29
4576 33636 29
29951 30771 29
22098 37857 29
10918 21447 29
3379 6944 29
13074 32203 29
13073 18361 29
7618 23659 29
5671 38414 29
16245 48855 29
67 204 29
8216 28072 29
4431 35265 29
29982 47428 29
10900 29230 29
4051 6237 29
17823 40287 29
28313 41999 29
13060 37285 29
9691 10417 29
1645 2182 29
16293 40309 29
13063 43981 29
764 2987 29
18539 31722 29
14463 16231 29
25383 29434 29
5702 28992 29
35626 47439 29
35627 37412 29
7237 25595 29
20365 47274 29
38016 43101 29
1669 47130 29
38743 39388 29
35158 47498 29
9593 12685 29
5185 25739 29
9647 28966 29
19 201 29
11026 14230 29
27361 28136 29
30052 33177 29
26795 41795 29
26152 34165 29
3584 10014 29
6798 7502 29
18629 32249 29
24388 30556 29
1955 2009 29
7241 23636 29
10861 29567 29
9604 32995 29
168 38274 29
3368 33156 29
25898 39897 29
290 1292 29
1668 23941 29
9650 18422 29
24990 40009 29
15887 15912 29
10960 11030 29
2939 9100 29
2552 3236 29
4367 6125 29
30058 44090 29
40341 42855 29
39933 46484 29
4880 15714 29
35613 38361 29
35139 44839 29
21367 27278 29
41337 43918 30
2419 22920 30
31788 47867 30
8744 17085 30
12808 16500 30
24255 33531 30
6651 31224 30
13540 19485 30
25165 25343 30
16089 32142 30
14722 17996 30
23786 44930 30
44406 45878 30
37278 45237 30
19398 19406 30
21135 33363 30
8203 24682 30
7692 10865 30
26732 37623 30
2798 16694 30
15773 39369 30
21140 33496 30
30111 42125 30
15794 24059 30
19090 20203 30
207 15063 30
8747 31951 30
15793 45977 30
567 10335 30
31879 45395 30
13517 34453 30
3703 16623 30
1285 8887 30
22122 29377 30
7696 8748 30
8181 47816 30
15786 24867 30
13748 48033 30
31833 45315 30
8711 21915 30
2058 20797 30
5991 11252 30
2362 7191 30
10221 15367 30
23824 41541 30
8706 24191 30
31871 43182 30
31836 39924 30
27886 34117 30
8698 19973 30
4892 49988 30
28668 37811 30
1808 11436 30
1298 1814 30
7449 23975 30
21839 30087 30
31801 38698 30
38918 49684 30
16697 46629 30
2319 24750 30
1892 45023 30
8738 23190 30
21388 26847 30
7068 11545 30
8734 20436 30
12169 21829 30
26951 47112 30
18131 43633 30
39758 46521 30
14725 39950 30
16374 38267 30
8729 9023 30
1606 2756 30
13733 20869 30
12181 30923 30
24375 40642 30
1283 25287 30
23827 49309 30
12840 41262 30
14135 21081 30
21113 48766 30
8826 31321 30
5945 19910 30
28842 30820 30
4973 20751 30
8827 18454 30
1862 45643 30
32279 49406 30
3638 4890 30
15747 34539 30
16000 20379 30
1573 19525 30
24995 33355 30
1213 15712 30
32268 49725 30
40142 44980 30
21805 26553 30
3158 38304 30
12063 39832 30
16015 16761 30
32228 34336 30
6334 32462 30
12954 30466 30
32270 39834 30
37427 48179 30
1222 5885 30
17639 33619 30
12044 36708 30
7422 32430 30
7764 48639 30
22486 42373 30
20111 24464 30
399 23487 30
3710 31725 30
2834 44170 30
80 174 30
21621 37302 30
13920 25449 30
8856 17413 30
399 32252 30
18877 42966 30
10308 23379 30
42006 46204 30
27807 28850 30
2609 5193 30
16811 17625 30
24870 40956 30
15995 18292 30
18874 35072 30
24849 43602 30
26717 36551 30
12024 23577 30
3928 41646 30
17672 47607 30
13652 15351 30
6905 39837 30
32210 45608 30
4072 28187 30
21315 30468 30
6183 11906 30
43739 46662 30
26910 31955 30
7738 49905 30
1576 45149 30
12113 25130 30
13564 19811 30
7437 37698 30
3144 20279 30
1889 33567 30
19175 38544 30
45719 45835 30
2634 15523 30
32044 39087 30
16036 35754 30
1553 14572 30
7712 49171 30
6620 15189 30
8281 41457 30
19410 37510 30
8780 35244 30
7440 26220 30
29050 39602 30
21135 25497 30
16709 38468 30
32010 32284 30
24984 39945 30
19178 20499 30
6457 11888 30
7092 10348 30
23766 33573 30
1964 10230 30
29014 36143 30
32032 33933 30
10367 34907 30
29006 31755 30
3999 47835 30
13606 18748 30
26705 28399 30
19421 41186 30
25173 34611 30
15462 32138 30
1237 2876 30
16335 37266 30
12966 28389 30
426 1188 30
18574 26536 30
2992 34392 30
7718 16282 30
2070 33903 30
14718 29467 30
12962 33652 30
18862 30464 30
30333 44157 30
26921 37787 30
7785 13714 30
28251 38832 30
18915 19405 30
3819 33759 30
8788 40006 30
4967 32884 30
3998 6597 30
7790 24260 30
19416 34287 30
14160 37335 30
21084 31943 30
20086 26409 30
30344 34680 30
15438 40114 30
8013 14573 30
2407 25044 30
31213 41598 30
31220 42267 30
88 23714 30
14885 25552 30
39093 44370 30
24531 31001 30
6120 25333 30
31236 38179 30
42910 45373 30
14800 46284 30
12477 27951 30
1714 37781 30
30752 41159 30
4834 24349 30
2401 46235 30
19234 22977 30
7497 26175 30
8508 35675 30
21614 28583 30
1477 7704 30
312 22301 30
29591 47777 30
12511 19684 30
6123 30003 30
21172 44782 30
8018 23005 30
14948 28787 30
14049 17945 30
6116 6627 30
24531 29755 30
12683 13891 30
7974 17274 30
31278 44113 30
13817 33228 30
13814 41555 30
8543 12366 30
12444 40085 30
20906 40214 30
12717 19008 30
6435 31164 30
13314 32706 30
22000 38055 30
5017 30158 30
248 965 30
3087 44253 30
6054 10222 30
1492 2822 30
6376 26219 30
2792 23206 30
8534 13307 30
1926 49828 30
23998 41946 30
38848 46262 30
10104 20733 30
12463 48588 30
1647 37998 30
6415 14161 30
23987 33957 30
1489 11632 30
20913 27633 30
13995 22636 30
13305 23834 30
30715 46140 30
4043 6444 30
5350 7487 30
18151 25680 30
16194 47587 30
29722 43661 30
16488 34021 30
19244 23946 30
2783 7089 30
44936 49619 30
29719 46629 30
15839 22533 30
1464 17195 30
13194 42335 30
2398 10256 30
7520 10530 30
38611 46913 30
7038 9844 30
13164 23690 30
201 3045 30
12625 45107 30
29741 29807 30
28077 33825 30
7509 14014 30
40061 43392 30
8483 32114 30
12614 43545 30
8067 18547 30
24059 29569 30
2016 40717 30
2390 15364 30
8454 43475 30
7037 11766 30
16451 23983 30
14044 48453 30
8038 49090 30
13152 25254 30
7498 23548 30
7102 10961 30
31155 49268 30
45389 46241 30
12520 34391 30
31121 36646 30
24506 42701 30
16210 31413 30
37481 45829 30
1692 3616 30
13144 27202 30
3690 42189 30
8043 30095 30
45280 49625 30
13840 21929 30
6086 21624 30
15487 46052 30
3529 7429 30
3063 10299 30
25741 34591 30
8552 14657 30
37219 38154 30
31099 39572 30
28436 32275 30
8495 35304 30
37215 41458 30
6634 24407 30
17652 22417 30
6019 24211 30
12297 48802 30
8157 29480 30
41035 48783 30
7688 43838 30
7422 10883 30
6140 30525 30
21257 42163 30
1327 17177 30
7895 32028 30
13434 49069 30
12276 38739 30
45022 49652 30
7879 34402 30
6445 11896 30
6017 34934 30
12271 42300 30
13440 45501 30
5279 26897 30
1989 43826 30
7021 11570 30
28178 44319 30
24653 26698 30
5367 25266 30
15950 33539 30
25650 47590 30
13768 15975 30
13444 24980 30
4010 23729 30
3935 30644 30
24664 24792 30
4149 34188 30
2961 9583 30
16608 47892 30
16609 23648 30
18524 33455 30
26746 47292 30
30564 42976 30
3116 16582 30
3974 17261 30
2964 10960 30
1794 17086 30
19358 36972 30
21269 33183 30
40960 42222 30
2888 4379 30
19361 24642 30
16632 19352 30
14731 30626 30
4157 9654 30
3114 12584 30
6673 21614 30
6292 43742 30
28364 38884 30
8657 18430 30
13453 28081 30
21349 29605 30
5024 45242 30
13419 33584 30
13464 18763 30
13465 29822 30
16085 45497 30
18372 22559 30
3954 36877 30
38866 40180 30
22184 23281 30
430 45195 30
343 583 30
3723 23587 30
13355 38503 30
14063 27724 30
16412 28114 30
1639 28033 30
14870 37414 30
4439 34169 30
13366 24271 30
12380 20283 30
25754 38396 30
42698 47799 30
23931 35732 30
2602 24314 30
19299 22662 30
4937 39279 30
12416 34696 30
16231 28633 30
4906 10398 30
31321 43079 30
13335 17371 30
8561 8877 30
6041 14502 30
24138 45449 30
10299 30301 30
25745 28800 30
29880 38881 30
1495 30212 30
5143 21989 30
18983 26328 30
1768 11379 30
15912 32105 30
1628 32653 30
13400 40483 30
6282 13202 30
8606 40503 30
1915 38934 30
4011 47532 30
7904 14560 30
38784 49012 30
1768 45907 30
4781 18409 30
16599 29817 30
12318 31009 30
12759 42976 30
6612 13189 30
4098 21731 30
12355 28159 30
4846 22520 30
5015 8354 30
420 5267 30
7084 13686 30
15818 32930 30
1920 45040 30
3519 41116 30
5039 28703 30
12354 38211 30
21617 47880 30
4944 21037 30
31458 37877 30
26479 29110 30
24631 33014 30
5539 6245 30
25837 28178 30
969 40472 30
9378 17782 30
43853 44208 30
9437 16283 30
9851 18538 30
4676 44393 30
11439 42605 30
20039 29895 30
10970 36617 30
3444 14073 30
21608 27459 30
15177 19118 30
4534 32817 30
20436 34802 30
23190 25891 30
5685 29597 30
27458 33423 30
10684 21873 30
33928 35641 30
22837 26415 30
11662 25934 30
15253 30047 30
10825 47279 30
46048 49799 30
2452 5796 30
9646 20260 30
7313 7963 30
42334 45760 30
5643 9273 30
697 3070 30
14479 35415 30
9828 20684 30
11302 31892 30
129 43328 30
9652 12797 30
36077 46534 30
4303 44849 30
27045 36262 30
19817 33647 30
677 5880 30
470 1455 30
3916 47172 30
11610 24678 30
6743 44349 30
9836 10634 30
33914 45196 30
4456 46423 30
33284 44636 30
225 5236 30
5612 45138 30
27212 28696 30
9843 29672 30
25270 43002 30
14273 21084 30
9625 43651 30
27668 34772 30
17703 21233 30
6881 34646 30
2480 6402 30
3290 4268 30
11200 33020 30
17827 27962 30
17339 43668 30
7274 17731 30
3455 38508 30
874 45599 30
1100 16498 30
9042 18779 30
18613 22170 30
11753 36407 30
16941 17678 30
5865 11878 30
11762 13598 30
36310 37116 30
34560 47938 30
14628 23131 30
11305 13004 30
20620 42050 30
731 2091 30
6838 8889 30
9076 12308 30
36200 44654 30
11304 42555 30
4286 8833 30
46032 48257 30
9865 10786 30
4431 39487 30
115 13595 30
2494 6937 30
972 46954 30
100 293 30
4301 9400 30
2450 8375 30
3908 11284 30
9867 23308 30
25324 43679 30
760 1007 30
5431 35762 30
38312 39118 30
33022 45630 30
18336 41360 30
20526 38456 30
6810 12307 30
23367 47901 30
33656 41920 30
5639 37455 30
9232 37696 30
20265 33602 30
1001 3154 30
19634 39191 30
2688 14339 30
5819 16054 30
20465 45328 30
20539 34114 30
11529 22319 30
9794 11932 30
1006 1334 30
33627 39302 30
10782 17491 30
9234 22983 30
25283 39181 30
2457 8937 30
33600 36725 30
27569 34149 30
22876 48579 30
4433 9129 30
14613 35991 30
33743 48252 30
7233 32269 30
22982 33252 30
116 5848 30
907 33840 30
11488 17061 30
25314 41232 30
720 2085 30
9214 41196 30
3272 22702 30
15161 24242 30
11487 13825 30
2457 20344 30
475 614 30
35921 41117 30
9391 32079 30
6731 26376 30
33680 38774 30
10789 49769 30
35478 47221 30
5815 41934 30
10789 42975 30
42307 47927 30
15512 25892 30
18447 47035 30
702 1022 30
27333 38909 30
36000 37976 30
5541 25594 30
6561 23125 30
15686 34309 30
17420 23122 30
10409 22378 30
11577 29877 30
27536 46259 30
3282 9424 30
1037 30880 30
1039 1095 30
33445 34431 30
41475 45611 30
3245 15809 30
23451 44348 30
14505 26068 30
3419 9013 30
14505 42424 30
4569 29617 30
14312 29482 30
22612 31690 30
3789 34240 30
36041 46875 30
10778 11818 30
902 23712 30
5465 32373 30
9796 15662 30
19639 24691 30
27069 43937 30
10049 17687 30
4564 7438 30
11297 41208 30
2571 13272 30
19612 35204 30
4269 21761 30
962 11228 30
240 7268 30
11468 23638 30
10931 27950 30
10776 11475 30
708 43379 30
3257 20072 30
15300 43471 30
1022 4450 30
6560 47981 30
27582 49548 30
6711 18915 30
10760 10778 30
10759 10815 30
5785 12293 30
162 19803 30
4373 46857 30
32595 40236 30
32594 42100 30
26105 46679 30
10861 16292 30
34769 48673 30
5906 5951 30
3798 28450 30
15674 25329 30
10437 42831 30
23079 27146 30
22705 27221 30
2467 4989 30
9347 16117 30
9310 37159 30
14363 48044 30
17096 21838 30
10484 18448 30
36762 38724 30
9343 21691 30
34998 36630 30
2259 4326 30
6895 16798 30
27373 27498 30
41901 43553 30
9999 34194 30
15134 24865 30
10522 27897 30
11395 34598 30
10519 33851 30
35085 43491 30
2437 48165 30
25992 28009 30
9976 20095 30
14559 39610 30
27152 43093 30
36711 48135 30
14231 48014 30
19490 30311 30
4424 25403 30
8937 10122 30
3631 22714 30
36712 41472 30
11389 47165 30
15678 42785 30
21472 42915 30
11139 17610 30
15028 40710 30
20080 27883 30
36720 40582 30
5786 31249 30
6800 27536 30
32596 36945 30
42142 48373 30
17599 43110 30
11346 37624 30
34082 39962 30
5719 42668 30
3179 6472 30
36848 45534 30
34898 45693 30
16827 41265 30
604 31390 30
4340 10100 30
823 37026 30
2558 33798 30
23287 30391 30
27002 33691 30
14357 49272 30
20025 32264 30
5926 15076 30
10448 20066 30
7146 42279 30
19772 35487 30
938 1188 30
26172 40376 30
5548 45011 30
46660 49309 30
480 16918 30
3355 12990 30
5093 16762 30
755 4292 30
11076 39580 30
5712 19807 30
14410 41274 30
34143 40796 30
3409 28359 30
20706 39882 30
10086 40087 30
18641 23222 30
3597 9094 30
3349 18002 30
17345 45505 30
123 35677 30
32511 34769 30
5779 12655 30
10627 30873 30
15243 34001 30
11359 27336 30
2703 16279 30
36988 40300 30
34131 38159 30
19464 45427 30
17636 19156 30
10466 18000 30
17579 45136 30
5782 13669 30
32482 33661 30
2082 39717 30
3405 47104 30
22754 41483 30
27178 49082 30
5070 39415 30
1118 19364 30
20203 33130 30
22361 40322 30
41430 49037 30
41090 45078 30
3210 4546 30
173 45531 30
5170 19752 30
17503 18396 30
37795 43219 30
18425 34584 30
10380 11189 30
650 4627 30
26359 36915 30
1130 10151 30
14617 20905 30
18326 19891 30
39730 44809 30
32811 44063 30
11016 18274 30
5069 21263 30
11842 14500 30
27173 37398 30
11842 32618 30
10617 20271 30
39269 49018 30
863 10729 30
862 3399 30
9470 19510 30
34215 43982 30
9905 35918 30
10621 38423 30
36372 47881 30
17485 41707 30
42377 47697 30
20424 48098 30
22428 22688 30
628 678 30
38161 44913 30
23542 39411 30
18332 27531 30
11777 19277 30
19741 30507 30
9485 28477 30
23543 43316 30
15564 19214 30
5102 14763 30
3753 4749 30
5590 8860 30
2173 19109 30
4520 5180 30
25228 42128 30
10559 27480 30
17363 29128 30
10556 15385 30
14247 45793 30
3508 29670 30
16894 31622 30
121 6715 30
277 22370 30
9498 16885 30
11051 36654 30
27743 49943 30
35556 36788 30
15221 18728 30
11873 40989 30
34745 37794 30
20189 41231 30
32674 47353 30
7225 23874 30
11880 23518 30
7166 13195 30
120 124 30
36616 39526 30
36623 47579 30
2531 44543 30
23072 37169 30
25337 29477 30
19969 29298 30
10239 17560 30
11853 25491 30
5664 26426 30
2285 18039 30
3468 35580 30
850 6337 30
9600 20625 30
36491 47768 30
22360 40888 30
11856 44121 30
22 14968 30
17515 27467 30
3176 28230 30
32757 46131 30
6846 9891 30
9699 19363 31
4375 48624 31
29814 30035 31
25678 35498 31
10914 36781 31
28395 43768 31
37367 46871 31
19001 38827 31
15917 17492 31
19053 29862 31
7028 13974 31
757 25618 31
21169 48908 31
1657 8290 31
761 3984 31
29867 39700 31
13114 16980 31
15163 28045 31
418 26093 31
1945 23132 31
14465 32274 31
22961 39456 31
2686 9466 31
22956 23891 31
425 16449 31
28289 42064 31
2189 35761 31
2696 33018 31
63 1433 31
15281 42611 31
4075 8383 31
12931 26844 31
2493 4673 31
26720 41584 31
11065 16119 31
30225 49966 31
5185 19843 31
27367 47076 31
30232 36139 31
30233 39532 31
21560 37450 31
2651 18798 31
1591 17168 31
24336 29804 31
21120 26359 31
23044 45584 31
2556 4245 31
1593 39740 31
1594 1845 31
20340 31957 31
3792 18589 31
4886 15315 31
790 1817 31
36985 41256 31
6590 27489 31
10052 30869 31
7580 28361 31
3676 46056 31
5094 22881 31
8259 11941 31
3887 10362 31
4872 23692 31
1563 17223 31
8264 31180 31
6647 16906 31
2604 41063 31
4082 48689 31
38718 43350 31
9625 41086 31
818 28324 31
39570 49261 31
27374 36974 31
27372 39077 31
1575 7329 31
12920 40561 31
25524 37153 31
11073 44517 31
390 21999 31
35026 36576 31
3594 13904 31
21103 31328 31
35028 37513 31
21904 29269 31
4899 32900 31
16248 24284 31
16249 17910 31
19833 29815 31
2191 5614 31
143 37322 31
22090 23895 31
19072 35202 31
29989 36428 31
5201 42034 31
24408 30503 31
20314 24418 31
30000 37334 31
3792 26631 31
13035 27425 31
4898 13217 31
13045 41756 31
35437 40049 31
6209 42140 31
767 25925 31
3842 4591 31
26133 32919 31
22987 29373 31
8146 20739 31
35468 37373 31
64 34039 31
262 1208 31
8141 37647 31
17613 48308 31
1633 49312 31
6196 21383 31
21141 44621 31
2692 3479 31
6393 22545 31
35283 48385 31
30115 44124 31
30115 47535 31
28321 48119 31
8180 32535 31
9628 45809 31
18536 43304 31
2805 4438 31
548 3743 31
12985 20174 31
12985 16118 31
29940 48602 31
23003 36136 31
10968 33946 31
16269 39763 31
21841 36372 31
10421 46456 31
5005 5520 31
22094 22601 31
10952 36906 31
28343 29998 31
13029 20599 31
24401 45167 31
28346 31016 31
13488 15318 31
36409 37719 31
651 21592 31
3876 6546 31
37392 37831 31
6362 9824 31
15564 40790 31
9907 30833 31
13488 27891 31
10618 28727 31
22637 24137 31
13749 25768 31
22787 32745 31
6300 14085 31
21272 22269 31
13477 25880 31
15207 18079 31
660 48792 31
15969 29761 31
14552 18960 31
29041 42834 31
10559 37810 31
1821 3178 31
22743 42673 31
2866 3094 31
1818 30149 31
36523 49454 31
15956 30443 31
42252 47291 31
6312 43740 31
16052 29484 31
5583 16199 31
404 8926 31
25630 28000 31
26024 33953 31
18938 33573 31
16096 21085 31
36216 49789 31
21620 27254 31
18173 38051 31
4947 5877 31
5304 15709 31
1778 2129 31
20228 23622 31
27202 46538 31
17740 21408 31
19918 43443 31
10679 19485 31
1911 38633 31
19915 32452 31
4946 9228 31
3714 45322 31
4011 17075 31
11 25199 31
36301 41545 31
7861 26068 31
14734 27703 31
7185 13336 31
10644 17800 31
7870 7876 31
10647 36249 31
20218 36987 31
18931 27260 31
18348 49367 31
16091 34000 31
10652 24495 31
5122 21223 31
233 45180 31
36234 38415 31
26873 46304 31
6744 39951 31
6755 14814 31
21879 26762 31
20011 26303 31
22691 48745 31
28737 32210 31
14717 23991 31
14589 43719 31
24845 38044 31
24844 45029 31
28820 41998 31
36832 49393 31
36805 41183 31
13647 21375 31
4973 45861 31
21593 49293 31
13643 15583 31
7756 47042 31
6345 30110 31
41829 44452 31
1876 3037 31
3498 3512 31
15534 16662 31
80 1876 31
1874 37290 31
41369 48990 31
13682 14821 31
22026 49541 31
4983 48648 31
233 5025 31
10450 28143 31
18412 48298 31
17745 21668 31
6351 23486 31
20163 35328 31
37734 48686 31
620 30190 31
4420 29813 31
7788 40509 31
3713 5077 31
1835 4810 31
40907 44674 31
7713 22761 31
13720 15896 31
17539 32321 31
4505 44542 31
22451 26505 31
10553 29717 31
29036 48600 31
7812 19408 31
18186 33067 31
26903 39085 31
1856 27443 31
36764 38107 31
3991 6945 31
27134 28875 31
20005 21703 31
44541 44621 31
18907 33626 31
6353 22331 31
2849 26185 31
36759 40201 31
9990 24546 31
15237 31242 31
5563 34700 31
27143 34951 31
14719 17237 31
13836 20734 31
24525 39486 31
5512 23022 31
18839 20838 31
13228 36140 31
9774 16472 31
4547 41421 31
10815 35732 31
8031 19839 31
22912 44865 31
723 1955 31
28439 44322 31
18320 39483 31
2680 19902 31
3416 3602 31
13210 15247 31
16186 44877 31
1687 44613 31
8014 11559 31
22072 31373 31
5188 11107 31
13267 33050 31
16172 30854 31
2925 20728 31
8011 33592 31
7215 41402 31
6555 37092 31
4028 7556 31
20269 28067 31
2927 11737 31
10808 28295 31
29591 37537 31
22904 46888 31
5459 24000 31
28416 39908 31
8077 29068 31
16202 28908 31
22080 33153 31
6234 37872 31
22936 32790 31
18150 21030 31
10868 19640 31
1669 41240 31
26789 31019 31
35622 45468 31
416 16788 31
3882 43812 31
25425 36150 31
22383 48363 31
24471 24774 31
3582 7127 31
20289 23425 31
4554 7657 31
13188 29902 31
1679 9646 31
28425 41172 31
10160 47738 31
29706 34220 31
8059 31623 31
4554 8733 31
29515 38998 31
739 2763 31
8063 29031 31
3411 21337 31
739 36138 31
29731 30289 31
10845 29354 31
27298 44419 31
9734 32866 31
39520 46915 31
13803 34820 31
29333 48254 31
27219 34957 31
29339 45837 31
21241 28800 31
5137 38544 31
14508 40799 31
4019 5597 31
15450 29204 31
13367 18214 31
2326 21716 31
3849 24954 31
7956 13306 31
1741 31318 31
2620 22638 31
5308 22419 31
7956 40385 31
14703 32429 31
2544 44517 31
681 2926 31
13408 33721 31
2899 17191 31
4536 22071 31
15572 27050 31
505 39127 31
15948 16700 31
37560 49142 31
36108 45434 31
22464 44795 31
6775 28168 31
20242 37714 31
13376 38900 31
2622 2841 31
18169 18605 31
4546 4780 31
7987 10013 31
35964 44149 31
13298 37882 31
1725 7817 31
18549 19145 31
15938 40026 31
21230 43559 31
41234 47114 31
14773 24220 31
13833 48272 31
29504 32528 31
1715 7685 31
14405 18533 31
1729 7840 31
2816 8197 31
1924 2193 31
13323 35385 31
707 26695 31
7056 31966 31
19885 28628 31
1733 6716 31
13137 30406 31
14612 23994 31
3431 7003 31
28505 33035 31
29450 34422 31
18621 29727 31
22874 46745 31
5468 9527 31
8638 9001 31
4150 13710 31
5126 40839 31
3507 44293 31
8633 9704 31
31582 45767 31
6930 23649 31
16995 20856 31
1333 4457 31
38268 39975 31
33340 48409 31
16993 19589 31
8642 28933 31
11599 15721 31
335 20217 31
11599 32691 31
1326 29145 31
5840 26329 31
6670 32642 31
10357 35490 31
15078 29288 31
19320 33399 31
33458 46444 31
16595 18789 31
360 11066 31
5526 15121 31
10076 17715 31
33437 40094 31
15076 34577 31
16600 20155 31
1033 14861 31
7325 35971 31
11589 21298 31
31551 33663 31
40830 45794 31
16960 32065 31
6699 12619 31
4244 18347 31
7339 31652 31
38308 46349 31
12237 15751 31
10080 17571 31
14114 35487 31
11684 47695 31
4462 26062 31
27924 33619 31
14290 37380 31
6694 34692 31
25147 27328 31
27642 48041 31
6450 13960 31
448 1406 31
23500 44534 31
33240 33819 31
1053 49298 31
6497 29861 31
14097 40772 31
17914 39660 31
4673 9395 31
11618 20740 31
14306 19912 31
516 1260 31
33241 42948 31
9112 14231 31
38300 39907 31
19353 22063 31
3232 15382 31
2050 38378 31
48961 49945 31
18576 43967 31
7316 30630 31
2458 2829 31
25086 27735 31
17052 37396 31
27540 43450 31
19633 24580 31
20895 42228 31
9226 42330 31
987 1014 31
3617 6072 31
33809 49352 31
1377 5044 31
40611 46959 31
25285 47533 31
3088 12833 31
31301 43027 31
23959 40318 31
11502 48565 31
7486 22297 31
18039 42916 31
11449 47772 31
25857 30230 31
21719 48757 31
15680 30026 31
31213 38921 31
149 5314 31
5799 43817 31
2140 43278 31
5174 48570 31
5814 12212 31
9252 32047 31
3076 36358 31
15312 23935 31
28010 36071 31
981 3277 31
27999 42883 31
9181 41297 31
4466 13840 31
1010 3695 31
31410 31681 31
5823 21735 31
11541 30714 31
15697 40224 31
6040 25676 31
14065 26965 31
10357 21685 31
6934 41795 31
25105 46510 31
9180 20554 31
8591 24609 31
15081 45885 31
11544 20447 31
12345 41904 31
40689 48152 31
30 1424 31
31327 33917 31
31330 38291 31
4275 36588 31
26488 30639 31
25090 49448 31
6937 12073 31
12389 19409 31
3270 7295 31
8576 17756 31
21 23549 31
5818 21893 31
11522 47973 31
2132 37634 31
15820 20847 31
31394 37713 31
11917 44775 31
32212 37516 31
18739 18901 31
11911 30288 31
11912 21240 31
16771 26488 31
16772 33773 31
32210 32703 31
8824 30095 31
41559 45671 31
5907 42624 31
1219 29060 31
19432 33682 31
23694 42104 31
18257 27389 31
27763 48527 31
5392 26292 31
14163 43878 31
11879 14707 31
5396 38236 31
5396 23009 31
8943 48312 31
40573 46538 31
450 13127 31
8916 38399 31
18712 32348 31
26987 44831 31
32164 35314 31
5958 7224 31
1238 12358 31
16763 44214 31
2287 15369 31
32202 40461 31
3926 43886 31
11963 21809 31
18723 45860 31
32383 49767 31
4209 11072 31
2435 35725 31
26412 44813 31
38423 38452 31
14192 19845 31
11976 26110 31
5056 12501 31
8875 37278 31
2080 46002 31
5929 7207 31
11977 26150 31
14188 15064 31
5916 21180 31
32313 47983 31
1174 7635 31
3924 49249 31
5943 32091 31
11938 44981 31
6468 36390 31
20745 21712 31
7401 49125 31
11940 14584 31
32106 43229 31
12024 46499 31
22236 37250 31
6682 39707 31
5938 31146 31
5391 29750 31
7419 30452 31
18382 23870 31
12188 25431 31
3 326 31
20103 37467 31
7359 40835 31
17644 24149 31
14124 15172 31
4758 32369 31
8718 12503 31
32955 41329 31
7116 32021 31
7441 24480 31
1110 24608 31
1111 42138 31
21795 46528 31
12180 28860 31
22208 39200 31
21448 28873 31
23512 25535 31
33031 44718 31
27652 30787 31
31829 35881 31
15491 18620 31
23820 48587 31
10080 37389 31
4692 40227 31
41348 42781 31
6451 32459 31
1297 1858 31
2753 11645 31
1295 20064 31
4169 21508 31
31859 35533 31
1102 1219 31
3144 29544 31
27872 36557 31
11846 17418 31
2443 6918 31
43529 44472 31
5067 14846 31
26430 44832 31
8967 28664 31
11853 36508 31
12126 25069 31
11835 16685 31
3202 36559 31
27861 29660 31
1147 1781 31
23768 42930 31
1148 1359 31
4219 44478 31
15336 30075 31
20686 37090 31
9015 19811 31
4231 19268 31
14136 31178 31
43153 49383 31
5981 13791 31
25252 49554 31
2063 10133 31
39732 43115 31
11792 46795 31
1123 18289 31
15049 28433 31
15773 33367 31
1268 1527 31
535 39249 31
8374 14649 31
5341 9241 31
6840 49989 31
8367 9984 31
14390 14921 31
46775 49851 31
18651 22468 31
27464 38363 31
28164 38463 31
883 980 31
14381 21406 31
40295 43824 31
10110 44343 31
6124 35089 31
2648 32382 31
1484 30972 31
11256 16339 31
19725 48335 31
21731 43530 31
486 1004 31
15652 16809 31
7546 44872 31
10113 47278 31
17859 20200 31
42425 47783 31
4845 9462 31
26644 39288 31
8356 21309 31
3324 44386 31
25718 28176 31
40024 40736 31
38687 44738 31
15407 34106 31
23233 37235 31
16442 41160 31
26607 47030 31
37053 48826 31
8405 14548 31
30806 48295 31
19233 22697 31
11279 13501 31
19227 40746 31
42431 47486 31
26597 28055 31
3608 7811 31
30848 45290 31
12657 46674 31
15661 43884 31
23249 46944 31
38108 48669 31
8388 27143 31
6412 43597 31
3809 9599 31
26626 33665 31
34348 47996 31
4615 24011 31
12685 42802 31
1481 20520 31
7532 24819 31
34332 46083 31
5021 49447 31
4110 9801 31
14888 33207 31
16366 17506 31
24254 33800 31
9524 14268 31
12851 41110 31
18645 44053 31
36996 39393 31
11128 41388 31
11135 27625 31
6823 23415 31
2178 3664 31
3007 3023 31
1541 24943 31
18111 31608 31
15135 30351 31
9511 15974 31
5441 11090 31
17844 33202 31
8272 17806 31
828 2533 31
16347 27307 31
10317 20234 31
14418 34673 31
3354 4434 31
18300 26933 31
41895 44697 31
1549 35838 31
23115 37288 31
3890 5505 31
22466 32120 31
30394 43904 31
4862 19814 31
24255 36182 31
11166 34556 31
10322 15610 31
344 31498 31
5014 10321 31
24189 26093 31
3019 5138 31
4329 47325 31
28184 33926 31
854 30246 31
11179 22884 31
34611 41446 31
28181 35997 31
26209 39107 31
49512 49565 31
2273 16917 31
3674 33330 31
30436 48701 31
1539 14535 31
1537 39815 31
11148 11245 31
6998 21172 31
27397 46128 31
39992 40114 31
2402 19548 31
316 40025 31
12815 29461 31
11159 39012 31
20412 31447 31
4093 26158 31
30486 32945 31
4094 6383 31
21603 32460 31
46685 48099 31
12524 19906 31
40514 40524 31
34177 44600 31
2465 18100 31
15847 16876 31
34000 45847 31
20983 32430 31
2778 49986 31
34184 41330 31
11399 31204 31
9356 14008 31
30942 49043 31
8507 37982 31
26568 28599 31
917 13971 31
4290 4581 31
2401 40490 31
24011 42149 31
15403 36031 31
8433 35336 31
4287 13317 31
12633 43046 31
6961 35512 31
11373 38928 31
17096 23118 31
27517 28139 31
2294 13456 31
31087 43681 31
25063 47726 31
14680 20595 31
7101 9369 31
7304 8738 31
45355 49797 31
25569 28485 31
11319 17585 31
11336 37744 31
267 7431 31
28048 36554 31
11389 26084 31
31005 38445 31
23277 43344 31
88 8248 31
22503 41483 31
3069 3606 31
23277 26918 31
2148 34924 31
2274 35956 31
12514 36108 31
15855 26677 31
31180 41534 31
8429 37062 31
19274 28593 31
24003 32969 31
34271 37973 31
11423 36394 31
8429 37854 31
34283 41839 31
40057 43903 31
26592 36039 31
5178 30143 31
11301 35183 31
28101 36831 31
20951 22857 31
3049 3769 31
8508 45379 31
8417 49711 31
15731 20707 32
14231 46690 32
5508 29632 32
7431 35023 32
25015 38991 32
21376 49158 32
28713 32686 32
25379 43091 32
25070 28884 32
13721 21588 32
43891 49071 32
14181 47804 32
15692 44496 32
5128 16070 32
7165 44620 32
3753 18364 32
17686 34130 32
2715 30337 32
14342 35297 32
2290 21063 32
21941 43839 32
5247 11743 32
39075 39979 32
18680 44140 32
3887 31861 32
15679 49547 32
49429 49652 32
43161 48800 32
28743 36461 32
5248 29401 32
14237 29812 32
28308 36090 32
39731 49340 32
1886 6717 32
4455 29381 32
43045 48731 32
21460 46953 32
39034 45421 32
5012 34241 32
27120 27710 32
18874 49277 32
7587 7622 32
40838 48746 32
28739 38512 32
28232 29316 32
334 16739 32
27537 34825 32
6667 13047 32
27786 49961 32
7094 37670 32
25299 47743 32
5511 18328 32
39774 49896 32
27056 46479 32
7727 22991 32
14200 19795 32
3749 14051 32
28741 39511 32
18781 28163 32
39223 42047 32
7410 28706 32
15548 49573 32
6511 9965 32
25184 39960 32
2743 37621 32
25578 39423 32
37500 49036 32
7410 19787 32
14571 49428 32
5507 12879 32
25179 35798 32
2029 4477 32
18317 28876 32
5116 15841 32
398 29925 32
27757 40223 32
43179 46344 32
6517 24584 32
27596 40415 32
27642 36619 32
2227 7195 32
7612 32684 32
25278 45535 32
37538 38398 32
2057 15414 32
14463 15817 32
7290 27282 32
18851 43238 32
28086 48125 32
2807 18831 32
3965 13326 32
2042 49638 32
96 45052 32
27898 46877 32
27659 44647 32
2042 20112 32
21871 30201 32
21395 45146 32
3539 41435 32
15656 23324 32
21614 25046 32
27190 30615 32
7512 15420 32
380 10236 32
28337 40460 32
5085 9193 32
14511 28647 32
7197 22924 32
2809 37599 32
1923 2546 32
13799 23968 32
21974 27299 32
2048 17994 32
5511 46726 32
15709 34844 32
15607 43686 32
7671 12859 32
2760 23635 32
28536 46716 32
14018 36197 32
4993 15503 32
2045 43599 32
7335 44685 32
539 35454 32
6519 18947 32
14103 27197 32
28109 34500 32
2003 48856 32
13853 13875 32
27904 45398 32
27162 37624 32
15499 22841 32
25283 41868 32
40692 42948 32
25104 36909 32
7440 41318 32
27696 31841 32
3725 7554 32
2708 37349 32
25124 33269 32
5067 26705 32
18740 30196 32
18701 46274 32
3937 20535 32
2794 6988 32
130 3100 32
14470 31623 32
25168 26497 32
27416 37627 32
27988 28442 32
14471 42399 32
2693 33150 32
15763 34107 32
39675 44066 32
26946 36487 32
44335 48161 32
24893 35735 32
377 17134 32
13985 15984 32
14445 18951 32
7116 40840 32
2812 3453 32
39065 44501 32
27253 47882 32
37478 43538 32
5043 28273 32
27361 44532 32
25398 46966 32
1993 10229 32
367 43217 32
27457 32482 32
14683 35122 32
2751 16901 32
7544 40405 32
13823 22735 32
27457 30799 32
27875 36046 32
21347 46389 32
26925 38764 32
7297 34509 32
2666 18549 32
9189 21896 32
33396 39545 32
19603 44667 32
11578 28341 32
5205 43445 32
21715 28945 32
19604 25782 32
11559 40542 32
19617 26805 32
22283 32944 32
46196 46928 32
46385 47992 32
9202 12090 32
10401 17226 32
26312 45608 32
6704 30778 32
11519 28320 32
11515 14017 32
4654 24956 32
33677 38577 32
17904 19134 32
9214 49893 32
38303 46161 32
11729 49566 32
11729 43619 32
11721 13343 32
11714 22249 32
26350 46267 32
16953 35037 32
23507 33537 32
26341 48567 32
33087 43616 32
33098 47246 32
9085 12641 32
11655 44619 32
33736 42257 32
10080 13447 32
11643 45953 32
18392 29372 32
20582 46042 32
33266 47069 32
37086 49834 32
33287 39097 32
33290 36968 32
33334 43782 32
11599 20582 32
26252 44719 32
34094 37785 32
34108 46810 32
933 8554 32
11329 37676 32
11328 23925 32
582 43078 32
4625 11521 32
34221 40153 32
34259 42120 32
37059 38477 32
19678 42945 32
4619 33736 32
482 2858 32
19701 47282 32
26247 26515 32
9400 30254 32
4308 42312 32
894 4448 32
23213 32299 32
26 1626 32
893 22262 32
890 5508 32
34425 44622 32
21724 30645 32
33743 45583 32
9236 47850 32
40273 40609 32
33810 37977 32
978 5487 32
4280 26658 32
9246 31254 32
11439 11805 32
33964 36154 32
5795 7383 32
4692 13154 32
5790 31391 32
4641 12433 32
958 1166 32
26269 44595 32
17093 24325 32
954 8452 32
26268 30954 32
951 44640 32
9305 43139 32
947 1201 32
34058 46328 32
9322 21898 32
4728 20269 32
32356 42679 32
8853 14663 32
8854 13646 32
15018 21696 32
516 2203 32
12001 36162 32
1196 27165 32
16806 37873 32
2435 10935 32
11984 18827 32
19445 44589 32
32346 33585 32
4727 37986 32
8872 37078 32
3635 45307 32
11975 12381 32
10211 12520 32
16828 43748 32
5211 11190 32
4722 20978 32
16830 46065 32
8898 21715 32
32488 38394 32
4746 47007 32
359 24736 32
113 1596 32
4183 8395 32
17989 48504 32
22218 45691 32
1245 17068 32
3151 12347 32
20049 23830 32
1238 40031 32
23652 31986 32
12069 32633 32
23706 41571 32
113 10126 32
5949 22882 32
23696 46251 32
8825 17687 32
13680 25273 32
21697 38336 32
38438 46161 32
3168 5696 32
9010 25495 32
1145 24366 32
16903 41098 32
32752 42497 32
11840 16981 32
3205 26869 32
23558 48908 32
32815 37311 32
32818 46440 32
1131 1218 32
8999 27871 32
32724 43907 32
19533 38728 32
1117 32668 32
35 10415 32
48926 49430 32
3214 21686 32
17926 31344 32
11764 18618 32
37124 47905 32
9044 44011 32
15052 40291 32
39469 39496 32
1097 3850 32
359 4089 32
1179 38230 32
11948 20780 32
38406 47670 32
22238 44818 32
45880 46026 32
11930 17217 32
1173 44012 32
8918 40046 32
4718 24012 32
23630 45526 32
20700 30982 32
1167 2349 32
9430 37926 32
11905 28897 32
38392 40779 32
3192 5453 32
15341 28297 32
11895 27056 32
17635 24908 32
3630 36617 32
38386 43756 32
16866 34337 32
16867 37431 32
16879 37919 32
9841 43966 32
5469 31627 32
17419 34529 32
22861 32051 32
36068 49999 32
693 14899 32
10726 37296 32
17433 17676 32
9839 36143 32
22845 33905 32
4395 11645 32
37864 45598 32
17775 23928 32
36198 41874 32
36206 38944 32
10427 36084 32
17608 19287 32
15204 41681 32
47756 49205 32
35887 41482 32
10875 26232 32
3804 12515 32
742 3649 32
47445 48174 32
10841 31944 32
736 29818 32
729 38241 32
22915 25334 32
35830 44657 32
35843 47145 32
17475 47530 32
3422 21880 32
9778 26912 32
37901 44284 32
225 2376 32
40376 42853 32
5634 9199 32
712 4385 32
15262 19847 32
5628 46180 32
15260 18104 32
4386 16278 32
3485 36451 32
3471 34344 32
9971 31871 32
4419 24988 32
17752 34392 32
620 2646 32
2533 12396 32
36728 36736 32
10487 23751 32
9994 22124 32
4513 15361 32
614 32979 32
611 18529 32
36813 37449 32
42227 47473 32
10014 28031 32
36919 45632 32
10446 12205 32
17595 44842 32
22648 47972 32
10030 46792 32
662 35335 32
5598 7271 32
10638 20383 32
2525 35101 32
19948 32153 32
20208 44310 32
37724 43193 32
10615 41548 32
2544 23907 32
20203 37469 32
41384 45162 32
10428 20289 32
9712 20144 32
642 4497 32
26015 30731 32
6768 17147 32
36458 42564 32
5581 25845 32
20198 38153 32
3468 31286 32
37785 48932 32
638 32390 32
637 21612 32
3468 41878 32
9536 15316 32
11151 16309 32
20395 26900 32
19764 28934 32
34841 36771 32
23120 30265 32
22351 26772 32
22354 38257 32
9529 27186 32
26183 46142 32
5731 13944 32
23103 24702 32
5717 9247 32
5444 38177 32
20375 29481 32
23089 37126 32
20371 49078 32
11080 14762 32
23086 32355 32
34969 49455 32
34971 49118 32
11199 19848 32
37025 49425 32
17155 18363 32
116 13846 32
2563 24375 32
34449 47268 32
39500 40204 32
25 209 32
5746 40447 32
9447 45331 32
34488 35516 32
17174 24743 32
3331 32914 32
9557 43123 32
25885 34852 32
15123 16401 32
37007 40170 32
857 47437 32
15128 46380 32
17851 22197 32
19748 25099 32
3600 13107 32
847 6109 32
9686 47410 32
5677 49821 32
35350 41720 32
10943 48363 32
35432 43265 32
26133 35909 32
4371 5065 32
17333 27135 32
2552 15199 32
17291 25941 32
6803 17812 32
760 4590 32
9690 47002 32
3401 6151 32
15272 33232 32
41227 49617 32
20300 39283 32
21740 47263 32
10881 36078 32
752 37989 32
4580 5760 32
23080 35061 32
2558 9101 32
35051 48948 32
17831 38909 32
2492 19218 32
38023 42839 32
11035 17126 32
35127 38434 32
19800 38583 32
802 1808 32
17977 36089 32
9606 15477 32
5693 31077 32
39566 41638 32
4577 18342 32
3591 4766 32
22371 46649 32
3382 24806 32
19815 20527 32
10969 26758 32
8179 38883 32
21151 22198 32
19073 42725 32
26753 41897 32
13033 41694 32
14825 28990 32
30055 48276 32
2350 7495 32
318 34031 32
6641 11944 32
12990 14702 32
1596 11229 32
26729 28082 32
2352 32783 32
4068 6577 32
8210 24084 32
12970 22297 32
1592 27819 32
8120 12370 32
13205 45675 32
19026 33991 32
10294 32410 32
24494 36600 32
29748 44569 32
22519 23968 32
8101 33349 32
8103 22354 32
6636 36179 32
2948 33499 32
364 3303 32
26778 36575 32
26769 47359 32
6216 40359 32
13071 19943 32
2955 8956 32
29954 39112 32
8146 11087 32
4901 9875 32
1534 23779 32
6648 16824 32
8295 16615 32
12851 30706 32
41667 42179 32
61 199 32
3007 48983 32
12828 13642 32
30458 36144 32
4092 37121 32
5337 41755 32
3019 3548 32
3021 11337 32
30568 43592 32
8330 30830 32
1514 25743 32
1511 17091 32
1509 46747 32
1509 21503 32
62 25949 32
4070 31865 32
6185 16873 32
1590 12020 32
30178 33413 32
8232 26871 32
30228 43476 32
30243 33516 32
8246 10512 32
12921 13660 32
10127 43916 32
12920 31979 32
1690 10509 32
2990 9387 32
20127 38880 32
10228 32187 32
8265 11753 32
8266 8766 32
16345 36057 32
30358 42407 32
22117 30363 32
30382 47025 32
29119 47242 32
1829 3855 32
14720 32682 32
7812 22856 32
16042 48657 32
16043 21682 32
2868 16951 32
5300 42967 32
13510 46621 32
24787 44239 32
18939 41094 32
29127 37856 32
29146 32424 32
16077 26459 32
25641 43876 32
7855 31561 32
2885 17653 32
29163 39141 32
7861 16122 32
6298 15936 32
7865 38367 32
6297 23349 32
39843 48477 32
21322 32016 32
79 13260 32
7743 25490 32
6616 7521 32
1867 2250 32
6341 48449 32
24853 33442 32
24851 41853 32
1864 4914 32
13642 15200 32
329 1255 32
3991 33689 32
1789 5276 32
3993 26321 32
13612 18554 32
28923 46230 32
21289 25710 32
21287 28666 32
28989 48442 32
6323 12904 32
21286 39432 32
21230 34192 32
7959 44206 32
21239 41338 32
13327 49451 32
18993 21719 32
4933 11450 32
16144 23784 32
6632 22355 32
7985 42831 32
24564 35910 32
253 3483 32
15446 20384 32
5308 44949 32
37375 44777 32
6633 39777 32
3696 19058 32
29498 34797 32
24552 25363 32
29523 39811 32
29614 49960 32
8027 30605 32
8029 16202 32
38833 48780 32
21204 21687 32
8038 8387 32
26857 37879 32
13423 13482 32
6287 13641 32
38862 48577 32
21251 44468 32
6285 42702 32
2897 3253 32
7905 32068 32
16110 34468 32
24634 49806 32
16723 25572 32
7920 13513 32
4013 41674 32
1758 44602 32
16118 49715 32
26846 44635 32
37386 37903 32
7940 47166 32
24586 24811 32
12386 13620 32
4788 7101 32
12369 13197 32
8587 13730 32
23929 43975 32
23927 26720 32
31430 39636 32
8593 37411 32
19315 43994 32
1354 32438 32
3098 21946 32
12336 14410 32
12334 16449 32
1342 37370 32
21813 31401 32
31634 32058 32
3111 43775 32
12283 23882 32
16616 41120 32
4774 16315 32
14965 18556 32
12483 47007 32
26489 34600 32
15384 20949 32
3079 13198 32
42745 43878 32
4800 6943 32
23980 48810 32
31261 39971 32
1388 21438 32
1385 12928 32
2418 21329 32
1383 5416 32
18044 23562 32
12416 36577 32
31334 46863 32
8567 13816 32
1367 1861 32
3776 29428 32
40086 47165 32
23938 39486 32
12386 29543 32
39618 42230 32
12194 47171 32
3130 13516 32
20826 27408 32
3131 3652 32
1284 8579 32
5986 16385 32
8733 21680 32
1279 18457 32
2588 14098 32
1278 1989 32
8743 17604 32
12195 39406 32
4179 24402 32
5977 35423 32
12144 37620 32
5975 11383 32
1265 8122 32
12142 12873 32
16712 34034 32
4182 15152 32
12132 12993 32
5972 25447 32
32046 46923 32
12225 32026 32
21690 26316 32
31713 32420 32
4772 48150 32
19355 21793 32
8671 41934 32
12239 14417 32
1309 7684 32
20847 43944 32
3027 21213 32
31782 42873 32
6675 19938 32
12217 34187 32
20838 34891 32
19370 21657 32
4762 6657 32
23817 32073 32
8701 49630 32
1452 24322 32
3038 34002 32
21015 23888 32
12626 31551 32
12688 12696 32
8441 42929 32
2394 37714 32
1455 4610 32
14914 24542 32
2375 10611 32
3665 4252 32
30968 40333 32
5495 6173 32
12586 30288 32
2373 12858 32
12708 14147 32
19218 33441 32
1468 5160 32
12651 45804 32
30874 46793 32
12654 42940 32
41317 43071 32
4826 29479 32
30878 45884 32
4441 37139 32
4113 46392 32
8514 31460 32
8423 25242 32
3046 43676 32
8430 25047 32
30803 38089 32
16442 17657 32
14912 42311 32
8432 49102 32
12633 20862 32
1434 13770 32
31132 41123 32
22131 44334 32
1421 7919 32
26516 29106 32
1493 13162 32
30688 36047 32
37255 41735 32
19261 33783 32
16497 18718 32
12718 21674 32
31076 43625 32
31035 33586 32
22548 41784 32
24009 40126 32
1412 46875 32
2400 4351 32
4844 29126 32
16494 32029 32
2288 16032 33
2299 14497 33
10226 32346 33
14865 44897 33
5164 22464 33
14869 16128 33
15242 20126 33
39320 49165 33
2526 2787 33
6906 10828 33
14855 25421 33
26245 34133 33
6758 49908 33
26924 30864 33
4458 44409 33
7078 43219 33
2428 36908 33
2429 7358 33
14858 47448 33
15027 28736 33
40744 44875 33
2361 3925 33
4461 22910 33
21719 39850 33
15088 47558 33
193 23349 33
7070 14005 33
15085 24058 33
14849 40027 33
2319 9388 33
27074 46782 33
26819 40424 33
6791 35401 33
6956 25294 33
18439 22120 33
2307 6884 33
14966 24821 33
6953 38497 33
262 2350 33
26813 37196 33
7134 45346 33
6957 14779 33
26316 34382 33
2272 14725 33
18439 29280 33
26804 35398 33
14701 48585 33
2497 6782 33
26318 43180 33
26163 40318 33
26323 36156 33
26755 30076 33
17709 46790 33
6879 36076 33
18483 37734 33
14842 26646 33
14837 23913 33
2437 16510 33
21628 25844 33
2322 8317 33
3854 22816 33
26968 36658 33
2521 13779 33
5161 8990 33
43617 48252 33
26188 37963 33
26848 32265 33
18485 47747 33
27078 28337 33
7008 43391 33
27051 44574 33
15030 33306 33
3856 23504 33
27007 37273 33
15177 33026 33
14967 32302 33
21706 26493 33
9064 33153 33
19524 48846 33
20652 21434 33
32944 36394 33
11748 44099 33
19542 29626 33
11735 15011 33
4227 30717 33
9065 22756 33
34 8996 33
9070 15661 33
10387 19449 33
33063 37807 33
33080 46804 33
33095 34924 33
11678 43019 33
11892 49992 33
8889 49187 33
32490 41706 33
32527 39233 33
11909 38663 33
4216 20808 33
19488 49536 33
32610 35749 33
20615 41213 33
32680 42755 33
4438 34886 33
8970 24005 33
11847 19452 33
1137 5474 33
1130 1639 33
20519 25744 33
9179 39197 33
46305 49109 33
33564 39209 33
998 18380 33
11498 16604 33
4651 11279 33
33508 37625 33
973 4124 33
9252 16895 33
9252 20592 33
33931 45979 33
33932 45575 33
33277 46435 33
9087 17649 33
20610 30832 33
9097 27358 33
9101 21516 33
9103 18028 33
1061 10527 33
20586 31197 33
33252 49895 33
9127 18665 33
11576 37550 33
20566 24693 33
4262 17571 33
4266 38646 33
11555 45245 33
12262 25338 33
19333 35311 33
19333 49866 33
8641 23589 33
31641 40803 33
247 1110 33
31665 33104 33
445 8142 33
31692 43890 33
31566 32764 33
12262 24192 33
1315 17059 33
19361 49371 33
20849 22638 33
31790 35191 33
4762 36986 33
31378 46030 33
38554 45564 33
12446 41994 33
4440 27739 33
8564 12577 33
8575 10792 33
19307 44799 33
12196 35713 33
12377 12720 33
31394 48714 33
31427 38940 33
4786 5717 33
1345 45824 33
19326 49465 33
45537 48925 33
570 3955 33
32297 46149 33
8830 12571 33
32321 35570 33
12036 26829 33
10373 43588 33
19437 26251 33
4199 48243 33
8807 35879 33
20738 24743 33
11995 37585 33
20729 32789 33
4203 16880 33
1191 10541 33
4209 4974 33
12133 22373 33
19383 36419 33
19388 27040 33
1279 2136 33
8743 30217 33
12150 28154 33
4179 42499 33
1266 4684 33
38463 38904 33
966 6712 33
12130 34431 33
12119 46659 33
12114 15262 33
4745 39940 33
19417 19603 33
20770 41768 33
32223 32472 33
35795 36898 33
9768 39107 33
14 14913 33
722 1782 33
717 28905 33
35915 42942 33
10786 46483 33
9796 20358 33
736 1904 33
10772 16335 33
35993 46079 33
9809 17792 33
704 16005 33
47580 49889 33
701 25761 33
36049 46509 33
9831 38692 33
9711 32918 33
764 1585 33
35481 48052 33
762 12839 33
9689 23462 33
761 829 33
10048 42862 33
35600 43003 33
692 1130 33
10047 20583 33
35707 42468 33
10851 41338 33
500 1085 33
10841 11040 33
35747 44374 33
10500 20686 33
10579 43998 33
9937 27076 33
10556 13819 33
19975 22059 33
4417 43156 33
10501 39347 33
20201 21556 33
19989 25915 33
20009 32807 33
10009 41908 33
48552 49885 33
36822 45184 33
48709 49659 33
5 10 33
36340 48685 33
9835 28481 33
9837 27443 33
41236 48550 33
36947 41617 33
10669 45312 33
47718 47751 33
10664 39223 33
19936 22687 33
10925 26692 33
4407 25115 33
9915 45377 33
645 14927 33
9932 29338 33
9933 11643 33
11211 15478 33
20444 46007 33
34439 41515 33
9434 10352 33
34444 36558 33
9435 14907 33
34464 49215 33
20433 26039 33
46728 49867 33
34517 35410 33
870 8307 33
9456 47462 33
9460 31274 33
19731 40034 33
20427 39997 33
487 23791 33
9351 36924 33
9267 23491 33
33969 38887 33
46552 47478 33
11396 37250 33
11375 13281 33
11367 19384 33
9498 35643 33
915 13581 33
20476 24441 33
913 41585 33
483 1357 33
20465 39645 33
4308 29171 33
11262 12215 33
10944 26473 33
4350 6029 33
11037 34381 33
11033 17451 33
35200 46139 33
9616 27210 33
10998 13789 33
35271 39851 33
781 1952 33
808 956 33
773 5528 33
9660 11025 33
19833 22072 33
35444 43976 33
19835 31398 33
831 6181 33
4335 48727 33
9507 9968 33
34763 39072 33
34766 41979 33
34778 44085 33
11122 42920 33
19769 39043 33
9529 48533 33
1390 28728 33
11115 41963 33
489 39036 33
824 26984 33
20374 43595 33
41445 45555 33
34963 45114 33
11069 15035 33
11066 15255 33
21354 34128 33
1940 18689 33
392 42161 33
393 730 33
13811 45493 33
13808 46471 33
13798 35426 33
3971 7133 33
13790 39175 33
13861 37851 33
13772 21346 33
39018 48945 33
13770 43179 33
13755 26352 33
10157 11099 33
37454 48018 33
40885 48951 33
3980 10361 33
2021 44960 33
14042 22573 33
7503 27723 33
28062 32405 33
18786 36508 33
18787 43427 33
14004 46526 33
7551 17783 33
28178 35412 33
13968 21572 33
1986 2141 33
10253 14520 33
21378 32412 33
28280 28463 33
7590 37103 33
28311 45252 33
29050 42481 33
1816 4496 33
1811 6575 33
405 1811 33
21274 34242 33
1803 42929 33
7850 38800 33
29024 49024 33
21273 32620 33
1794 5400 33
18953 44975 33
13437 18204 33
1782 27137 33
21254 21466 33
28877 29689 33
37438 44609 33
7735 48397 33
7736 12981 33
18886 38925 33
1869 16273 33
28802 30868 33
3986 49320 33
4976 12401 33
13649 20359 33
7500 8523 33
21299 22104 33
1847 44081 33
28955 42392 33
28988 48273 33
7795 31157 33
7283 18352 33
27362 45742 33
3885 33708 33
27370 32652 33
27376 37093 33
27383 47045 33
14407 33164 33
18646 27863 33
7281 16489 33
7239 13289 33
2160 14726 33
44037 46118 33
2152 32925 33
2151 32859 33
27520 35218 33
535 16252 33
14320 43165 33
371 10487 33
14529 41767 33
21579 43169 33
2223 42425 33
2218 42818 33
21568 49552 33
7209 19520 33
5074 47354 33
27293 38659 33
27320 45024 33
14463 17238 33
43931 47863 33
27348 36829 33
5098 15005 33
14448 23574 33
5097 37829 33
39123 45200 33
14184 37664 33
27829 31940 33
2069 34217 33
3929 15617 33
10167 41226 33
7438 24993 33
2064 5490 33
5043 14986 33
14188 40360 33
14067 19131 33
27991 44539 33
4453 42046 33
2023 4433 33
28045 49813 33
14044 21217 33
27674 35029 33
14310 26050 33
21485 30719 33
18691 30188 33
5074 10737 33
7353 37296 33
7358 7367 33
27670 47421 33
7360 11353 33
1774 12345 33
14261 34306 33
18706 37660 33
3922 21069 33
7391 20561 33
14226 41530 33
12736 49098 33
30551 45941 33
30570 47858 33
12775 19210 33
19198 40717 33
12757 38258 33
1509 46416 33
21032 40770 33
19208 30381 33
20134 46652 33
30549 37389 33
12719 25696 33
1486 13980 33
8390 15799 33
8392 25058 33
8397 19407 33
8299 25972 33
10124 33431 33
10315 31829 33
8264 32641 33
8265 37758 33
8267 19904 33
12878 33237 33
30415 47989 33
1543 20337 33
30445 44320 33
8306 33383 33
12824 12947 33
8308 24461 33
21054 37198 33
30534 34950 33
4814 11362 33
20973 35177 33
31048 39424 33
12572 25379 33
4128 7279 33
37221 49132 33
1423 23258 33
8503 17862 33
8467 17943 33
1406 38937 33
1403 7169 33
8516 22819 33
10341 48452 33
8520 28943 33
1398 32607 33
4801 41995 33
1464 24837 33
30828 46974 33
45262 49190 33
12661 29342 33
30841 39232 33
30864 46523 33
19237 36090 33
45287 45323 33
30901 35531 33
1462 31387 33
12628 35628 33
12628 35070 33
1457 24938 33
12618 30069 33
30932 49953 33
8061 14235 33
7995 46626 33
18999 35996 33
29497 39644 33
1700 9251 33
13239 24557 33
13211 42240 33
13196 32139 33
29487 32465 33
13179 42866 33
13177 19193 33
1671 14461 33
13163 44146 33
13156 35226 33
21246 49156 33
4944 6185 33
7927 11305 33
1756 24315 33
1748 4808 33
29353 34023 33
21239 42160 33
13117 42899 33
13340 19579 33
409 16982 33
18995 20839 33
18995 33681 33
7988 16743 33
12977 21440 33
30057 33317 33
19081 21060 33
21145 26513 33
38751 43279 33
30118 39696 33
37366 39416 33
208 4501 33
21147 42318 33
19113 31560 33
30175 35926 33
45069 48589 33
4474 8236 33
21105 40871 33
30219 39345 33
30247 37066 33
4077 5126 33
13075 28341 33
4046 45479 33
13097 18758 33
38792 45179 33
13083 17587 33
1640 11294 33
29926 43080 33
4052 25172 33
2265 24339 33
420 2344 33
13065 32836 33
8149 21988 33
252 23897 33
21153 48646 33
8156 8850 33
10133 36449 33
13032 24603 33
15309 21984 33
6429 24991 33
16383 43522 33
17889 34163 33
25098 30984 33
42806 48442 33
17379 18156 33
23339 42538 33
17897 37133 33
21966 28755 33
24150 45268 33
25149 30405 33
6453 13914 33
3426 3775 33
25165 28217 33
25166 43745 33
5815 19966 33
24112 49134 33
3790 26030 33
16341 42361 33
22384 36031 33
15326 46009 33
39753 45985 33
2573 5343 33
39976 46244 33
3678 4043 33
15867 34916 33
23296 25450 33
3611 6688 33
15855 35406 33
6701 46674 33
17029 41402 33
15854 41952 33
6165 10910 33
2570 35100 33
3545 40447 33
6161 30353 33
6157 33404 33
2781 9920 33
17430 42436 33
15437 17300 33
5830 10427 33
22153 33736 33
3064 7514 33
22280 45687 33
16510 28243 33
22158 37875 33
15283 36882 33
25669 35476 33
2615 24692 33
6488 17385 33
22847 25091 33
2558 16754 33
5256 12736 33
2722 20904 33
6066 33898 33
16528 24673 33
3243 48863 33
42130 48243 33
17678 29940 33
6053 7238 33
5824 10479 33
18254 43112 33
3043 8457 33
313 45911 33
3739 15867 33
3666 4986 33
16467 40268 33
6477 15043 33
6477 31733 33
3051 9759 33
15433 30482 33
5823 31341 33
5659 12170 33
3260 6762 33
5204 7397 33
5825 35931 33
23403 46786 33
2739 3463 33
22151 46713 33
24052 31745 33
3741 8243 33
25244 39318 33
2927 15944 33
5740 27743 33
15369 33356 33
24841 28548 33
24855 34968 33
2915 5793 33
15404 32679 33
5436 15068 33
16163 49201 33
16165 24886 33
22605 39020 33
5435 7076 33
3549 22746 33
17270 36192 33
24869 43573 33
22363 42726 33
5757 34225 33
2932 36593 33
24496 44530 33
180 18768 33
2934 23360 33
17825 46876 33
3695 4880 33
25767 28636 33
23118 24113 33
6297 26749 33
2882 21039 33
17630 48713 33
5718 13834 33
23125 30689 33
2596 37783 33
23125 31992 33
6312 25335 33
24773 46263 33
5731 18886 33
17838 21112 33
6274 33315 33
17201 40431 33
6268 31597 33
25770 45625 33
3705 47948 33
3335 3549 33
3334 16553 33
2848 48290 33
23152 38462 33
18230 40357 33
17315 49781 33
3588 33754 33
6383 10945 33
3773 12949 33
5282 14948 33
18132 25327 33
3684 11984 33
24403 46526 33
269 20821 33
15908 19979 33
22316 26699 33
22949 46251 33
22540 28267 33
15893 22185 33
3502 38230 33
18389 46736 33
16293 41154 33
3523 3730 33
5767 49005 33
22564 46899 33
24889 32847 33
15966 44764 33
2825 37668 33
23228 37983 33
16208 35394 33
6233 7114 33
3309 30621 33
6231 49709 33
5767 26878 33
17292 21885 33
16428 34012 33
16214 28314 33
22998 24336 33
24464 42471 33
5320 17532 33
16233 29108 33
16233 39031 33
3720 6518 33
2953 38319 33
5773 26938 33
25929 41502 33
42655 49574 33
5406 42591 33
17550 38959 33
23880 49606 33
18016 20932 33
5229 14043 33
2691 11959 33
3490 12832 33
15538 46203 33
5246 8457 33
23653 27602 33
23551 36947 33
22454 48429 33
22424 40579 33
22798 35363 33
23548 36231 33
16876 43972 33
6526 30669 33
2671 24630 33
5198 9278 33
25945 46657 33
25522 40176 33
5589 33157 33
25928 42162 33
22690 32643 33
6591 23352 33
2648 4655 33
5227 10457 33
2680 42473 33
40569 43037 33
5200 34706 33
2620 13209 33
3123 26741 33
40559 42813 33
3117 5361 33
15462 38459 33
25547 42844 33
23661 48653 33
23513 25276 33
2676 19067 33
18338 33003 33
25560 42057 33
21875 29510 33
5243 40818 33
3160 12670 33
21875 41282 33
17943 44250 33
6612 10301 33
16729 44499 33
3626 25727 33
275 25994 33
6615 13761 33
16849 23839 33
6634 44604 33
25667 26864 33
23621 48266 33
25916 38681 33
186 26420 33
16574 18816 33
5504 16328 33
23628 41351 33
17916 21337 33
25477 42342 33
17570 47380 33
43177 43739 33
21923 35692 33
17918 39986 33
3090 14758 33
186 19535 33
5963 48956 33
2668 18022 33
16588 21005 33
23771 24587 33
16935 42515 33
6624 11515 33
23615 27899 33
6050 8690 33
3193 29252 33
276 4560 33
17696 38115 33
3149 16880 33
17337 25750 34
13746 33745 34
13857 31302 34
3384 46436 34
642 28199 34
17506 49704 34
35291 49949 34
763 18729 34
21583 23327 34
3561 13208 34
9639 22632 34
20331 36317 34
13754 18442 34
7691 27462 34
20189 38974 34
10973 43907 34
633 1008 34
1947 17832 34
20317 20736 34
39024 39972 34
41211 42494 34
35398 35532 34
10563 13372 34
4997 9212 34
17516 36953 34
3970 36466 34
18848 24444 34
13805 13962 34
25481 31931 34
19822 32221 34
13806 32281 34
15940 38809 34
3871 8284 34
9663 22375 34
10961 26331 34
35482 41270 34
13846 22156 34
1941 5754 34
1914 3220 34
7149 33496 34
14553 32123 34
7166 27005 34
1919 4481 34
22381 25653 34
3763 11823 34
47053 47586 34
7801 46670 34
3365 34448 34
7800 12241 34
1829 2215 34
402 49042 34
13578 29107 34
6324 11931 34
1834 20597 34
16027 21977 34
16026 39291 34
13559 40018 34
7086 48278 34
11060 38545 34
6327 28047 34
21290 31018 34
13600 19372 34
1844 40431 34
808 5322 34
15478 22637 34
17568 37639 34
24746 44424 34
41467 41850 34
2882 3304 34
828 21665 34
24741 49280 34
19777 22952 34
34910 42727 34
38031 44151 34
11094 24654 34
4502 21217 34
2873 21728 34
7831 21722 34
17244 30037 34
16046 30362 34
29024 40506 34
1881 4315 34
28776 38911 34
15993 47484 34
4359 20905 34
22722 32367 34
18207 23920 34
18875 44513 34
25551 39154 34
3476 27785 34
795 2811 34
35226 44683 34
13700 18413 34
22733 41327 34
9962 29004 34
10987 19297 34
9957 43283 34
2302 5093 34
21298 34766 34
6333 23753 34
4971 10339 34
14692 39221 34
23063 35744 34
1853 26395 34
35118 42533 34
17259 31216 34
26960 31174 34
24897 27843 34
14681 39032 34
38967 43491 34
7100 17843 34
13637 24206 34
16001 42675 34
42993 49929 34
6339 36085 34
28782 29174 34
18887 30921 34
7741 10007 34
36280 48602 34
2187 20590 34
10630 11621 34
7247 38792 34
22872 30717 34
9808 12146 34
14432 21812 34
27777 38718 34
5248 6450 34
2088 2226 34
14207 14294 34
5262 11599 34
10645 11224 34
14406 35199 34
27407 43409 34
7269 28422 34
14403 41685 34
7388 9440 34
7272 36129 34
14237 14392 34
25171 45373 34
7447 32300 34
19954 29780 34
10797 16773 34
9787 24672 34
2685 32929 34
22888 33038 34
6552 33393 34
5046 30543 34
15601 41626 34
18625 33002 34
15729 47206 34
7429 38153 34
43189 48660 34
17405 39418 34
5053 35293 34
6469 9958 34
14177 24764 34
25187 30084 34
15741 48267 34
21465 26959 34
14375 48065 34
17776 47436 34
2122 2561 34
27471 44257 34
44139 45073 34
18276 27431 34
27604 45455 34
17471 35825 34
21932 35742 34
7319 35302 34
6504 45398 34
378 19187 34
14330 14418 34
25296 40894 34
2717 37496 34
41795 42407 34
7306 39771 34
14350 31348 34
21928 25350 34
27504 41131 34
2143 30070 34
20245 24703 34
10743 22145 34
2098 2206 34
700 4439 34
2106 15628 34
5601 10653 34
27681 44939 34
2108 5249 34
36245 39741 34
94 4316 34
44295 45978 34
9832 19770 34
5615 31282 34
5250 32910 34
22406 35797 34
3570 15054 34
21536 25772 34
2117 12533 34
688 2899 34
14286 45086 34
7349 9193 34
27467 43797 34
6493 27948 34
9925 28648 34
17356 18690 34
27203 37540 34
28220 36432 34
9713 30778 34
6566 17776 34
2795 4181 34
21577 43521 34
10869 49589 34
7193 18174 34
7551 17349 34
28230 43338 34
747 26027 34
5018 22640 34
745 8031 34
28142 33204 34
2000 34053 34
15858 29291 34
25447 39788 34
14498 33094 34
28132 34477 34
2788 21772 34
17339 48372 34
1962 6489 34
35530 46832 34
10582 42196 34
2234 5853 34
28311 30052 34
40874 44660 34
2803 9971 34
2802 33762 34
2802 12397 34
17343 18724 34
18619 32356 34
28258 34080 34
14527 48491 34
21380 30456 34
35592 44717 34
36214 48646 34
21380 38533 34
10882 39126 34
19876 38466 34
9763 47135 34
9914 10555 34
2208 11417 34
22764 33669 34
6439 33375 34
10818 30321 34
7220 15710 34
17804 48776 34
7472 15090 34
14060 43994 34
21958 23964 34
2767 5952 34
35874 45495 34
2046 10258 34
22396 39613 34
14 1521 34
3736 47600 34
2204 5131 34
14116 35121 34
18342 21152 34
4556 32039 34
2009 31643 34
44362 45936 34
128 25847 34
14023 18518 34
19962 20127 34
7516 12497 34
9741 25675 34
18786 24586 34
14038 32472 34
22956 23816 34
5650 37698 34
21568 37019 34
5272 10732 34
7493 24359 34
7491 14746 34
20274 24172 34
10827 30155 34
5462 9411 34
5356 14723 34
38278 43386 34
9128 39669 34
33291 44535 34
20907 46532 34
6059 6849 34
22164 30288 34
9137 35897 34
4801 6453 34
33348 41319 34
4803 10833 34
438 28401 34
23448 45681 34
4134 27576 34
8519 15339 34
38262 40510 34
1401 39814 34
40240 44682 34
438 8323 34
42754 45076 34
6072 27687 34
6073 15741 34
20950 24130 34
12518 17819 34
8502 34515 34
31463 48468 34
33158 49643 34
31568 36780 34
31560 35104 34
19569 38863 34
6027 34871 34
12318 31265 34
6028 6820 34
19325 29287 34
12323 17853 34
9101 17400 34
12334 25944 34
5414 34450 34
6038 9043 34
31432 46847 34
11635 26061 34
11634 14771 34
467 39418 34
18037 18363 34
8566 18305 34
9120 37364 34
12407 48067 34
4146 4683 34
12417 41015 34
19298 33221 34
1478 4140 34
435 658 34
24078 25864 34
30889 30966 34
3266 4136 34
30880 31995 34
24105 27963 34
54 27908 34
8414 27462 34
8414 17245 34
12658 39859 34
1001 49783 34
30828 43765 34
30906 48580 34
6115 39170 34
11519 23084 34
16442 29799 34
9216 11217 34
8385 18362 34
8384 14485 34
30735 41073 34
12708 31578 34
11496 39544 34
19216 43198 34
12713 14826 34
1433 11616 34
17910 42660 34
20565 41315 34
16491 41331 34
12558 15125 34
23421 32587 34
1427 13065 34
1027 2326 34
12561 16195 34
12564 42921 34
12568 27174 34
1024 18906 34
8478 21082 34
33157 45994 34
1433 14930 34
23412 47845 34
31009 41392 34
1440 3669 34
33508 34108 34
1443 31325 34
24064 32830 34
22150 38459 34
472 29539 34
187 15950 34
1124 3698 34
12011 37390 34
32769 40895 34
4222 32532 34
4198 7399 34
23691 34314 34
19517 39108 34
20746 48295 34
12045 47611 34
32824 45517 34
32265 43190 34
11810 16820 34
19427 47032 34
8998 15010 34
32848 37027 34
16797 38493 34
11802 16892 34
17932 31658 34
20653 27797 34
32115 43264 34
17990 21767 34
16736 19953 34
16921 32377 34
12111 12314 34
12120 17263 34
32063 33849 34
23770 27529 34
32913 42722 34
23770 30595 34
32607 40763 34
3629 5821 34
3187 43432 34
5903 41080 34
11917 14937 34
32648 35865 34
11925 15900 34
16878 18379 34
45879 47361 34
8910 30248 34
1258 17486 34
32483 37565 34
20715 36209 34
8880 12084 34
8880 10762 34
32406 49145 34
16810 46817 34
12002 30516 34
3172 40379 34
42586 49823 34
8854 28663 34
20861 42260 34
23833 38169 34
23833 42569 34
8677 48836 34
1309 23021 34
20635 43096 34
1083 17465 34
12243 47265 34
5852 14022 34
9076 39723 34
1319 3297 34
23862 40504 34
33100 45913 34
151 25403 34
11679 12488 34
6016 25638 34
1325 26175 34
11672 21569 34
12283 36618 34
20870 34216 34
16964 27976 34
12286 21450 34
20875 44370 34
16965 26400 34
12292 36125 34
1075 32422 34
23802 28319 34
8761 12384 34
11764 21336 34
32023 44444 34
16706 36760 34
31994 49864 34
1273 45462 34
4177 9645 34
214 11060 34
11751 40757 34
11751 34041 34
8735 19577 34
20529 29219 34
20817 47424 34
31938 41432 34
9048 9454 34
11736 17546 34
8718 34883 34
214 820 34
23814 43428 34
3124 10166 34
19366 29455 34
18158 18168 34
892 27685 34
8045 9478 34
8044 46483 34
24497 30151 34
69 17697 34
884 37778 34
5756 23110 34
8025 31113 34
5755 6148 34
5313 10456 34
38845 48209 34
19004 47327 34
8012 34579 34
29531 42252 34
8052 23224 34
13273 29123 34
11206 12322 34
29491 45183 34
42924 48280 34
17183 35828 34
20432 26133 34
1727 19543 34
42384 47039 34
13306 21399 34
13309 41395 34
20428 22001 34
13316 32768 34
487 1160 34
42885 46671 34
13111 19686 34
8107 32195 34
34278 36296 34
9386 10549 34
1656 25557 34
5432 25151 34
1660 19724 34
8099 45289 34
38811 43246 34
13134 44917 34
34292 35094 34
34294 37999 34
19039 37351 34
13319 15770 34
1668 36282 34
24475 45328 34
29745 43572 34
13165 13362 34
19038 48236 34
22076 39175 34
11267 18692 34
13170 29794 34
29734 43384 34
5763 29058 34
24490 48795 34
895 1413 34
17146 42972 34
13436 26568 34
7909 37953 34
16110 21522 34
34745 49987 34
11148 37281 34
29257 41366 34
19755 34132 34
11143 44740 34
9509 25784 34
29224 42697 34
7885 14479 34
488 26839 34
1787 3694 34
840 33561 34
24683 48733 34
18953 36409 34
7876 20559 34
4950 18161 34
21263 44332 34
29183 30643 34
29176 32819 34
13468 45664 34
20386 28446 34
7966 49114 34
34566 37347 34
862 26429 34
16140 16358 34
13327 47569 34
4020 7291 34
24581 37837 34
13333 32052 34
16132 25132 34
18165 22220 34
24591 38147 34
3308 24931 34
4327 18772 34
11176 23877 34
29323 39775 34
1751 49977 34
1753 14732 34
18978 23489 34
7927 33024 34
44742 47848 34
847 18509 34
9496 20920 34
42956 46763 34
74 12228 34
965 16775 34
240 864 34
12850 19961 34
19185 24810 34
30411 30506 34
29 32 34
17887 28543 34
5793 18003 34
21068 47367 34
12872 33558 34
6163 39176 34
4289 25863 34
1557 20709 34
30342 34169 34
30431 32499 34
5331 44314 34
19145 20409 34
4874 5485 34
6171 16551 34
11393 42293 34
34020 36851 34
30257 46967 34
9296 41843 34
22106 36300 34
3679 6308 34
30692 38092 34
33786 44150 34
6131 8362 34
3276 42371 34
30673 44345 34
19635 37987 34
19207 47611 34
33804 37973 34
19203 21025 34
22126 49800 34
21044 42852 34
4099 42708 34
1516 27517 34
12772 21710 34
23337 46784 34
11456 28440 34
8328 25470 34
24184 30389 34
30499 35208 34
1529 38599 34
41000 41419 34
1532 3260 34
12812 36389 34
1532 26717 34
17067 39645 34
30438 35247 34
927 38960 34
39970 43952 34
16264 32301 34
4058 33101 34
17102 47458 34
13017 17408 34
4895 18664 34
8166 24248 34
13040 14577 34
5322 19137 34
11326 27327 34
8152 32035 34
16246 30599 34
9331 15909 34
11323 31651 34
2957 18446 34
19064 21016 34
420 47724 34
34213 48375 34
16235 38918 34
44990 49797 34
11309 31299 34
44983 47781 34
5320 46619 34
1645 19020 34
22099 24501 34
19133 20568 34
4075 25999 34
30204 39067 34
21107 38983 34
11368 32285 34
9308 39963 34
12951 36292 34
950 12650 34
30175 46556 34
12958 32556 34
24333 36982 34
63 30725 34
16083 17841 34
3295 16340 34
4293 42636 34
251 15394 34
4631 25641 34
9322 21805 34
2974 10746 34
8196 49761 34
8194 36494 34
1600 29008 34
16280 37981 34
19679 38661 34
5428 6552 34
12995 17487 34
22468 43900 34
2511 4736 34
26222 31306 34
2623 3797 34
10173 11180 34
26416 29061 34
7029 27725 34
7039 8433 34
37031 38657 34
17716 24586 34
540 15271 34
10402 16147 34
10023 38280 34
20036 32381 34
36980 44585 34
37673 41577 34
10103 18147 34
7022 8123 34
10444 29885 34
10090 45052 34
22541 23409 34
10005 49479 34
26782 34903 34
10419 43625 34
10401 43990 34
5520 8023 34
20010 30028 34
25808 44861 34
37659 43202 34
7070 7284 34
14887 20891 34
37664 49875 34
10324 22962 34
17727 34300 34
6787 37083 34
2596 35838 34
37589 46440 34
26256 32523 34
25934 40767 34
6694 25105 34
15342 16195 34
26342 31535 34
39597 39680 34
26012 43700 34
7031 36069 34
14746 45724 34
6937 16257 34
10037 12958 34
14761 34331 34
26414 35872 34
25784 29317 34
10464 15864 34
10118 38659 34
2363 9813 34
6810 9320 34
17727 20435 34
10421 15340 34
6811 25770 34
14859 23563 34
26134 29501 34
10139 26344 34
2422 7704 34
10109 12846 34
7001 35733 34
2500 49622 34
6705 7658 34
3542 22258 34
6776 26014 34
344 25426 34
15274 31146 34
6984 47917 34
2330 49551 34
10019 18610 34
18439 20860 34
15086 26125 34
561 41586 34
39516 42174 34
10067 21068 34
10099 21030 34
6825 49604 34
18378 30579 34
37688 49543 34
15236 37043 34
22465 39956 34
2442 3856 34
6867 16142 34
41845 46522 34
26775 45497 34
2371 37343 34
25798 42070 34
3834 27714 34
15167 49765 34
15168 17322 34
176 49158 34
6911 9260 34
10310 46448 34
25800 33271 34
10264 19846 34
3546 23660 34
6648 36448 34
17911 32192 35
14305 18081 35
4136 15091 35
25267 47261 35
1392 1625 35
23451 45577 35
20930 49730 35
28355 35044 35
8163 43659 35
698 24405 35
4623 36760 35
25274 32347 35
13036 35502 35
29927 32819 35
15342 45130 35
1935 31734 35
6815 7647 35
13075 14942 35
31270 31874 35
23453 31087 35
47603 49317 35
9133 18270 35
1936 10312 35
768 21829 35
19288 27354 35
9365 14251 35
1937 11550 35
7617 30388 35
16511 27462 35
5001 46340 35
25894 32312 35
6385 13970 35
9148 35483 35
4806 6162 35
26643 43180 35
25818 36918 35
20947 32495 35
9356 18416 35
31156 34476 35
7352 14853 35
29966 36949 35
25260 40217 35
3917 27906 35
6891 12646 35
9833 30941 35
13053 30272 35
3394 21916 35
3248 44027 35
3249 10086 35
14874 19787 35
6817 12258 35
22505 25417 35
17004 18849 35
35466 35711 35
31139 47720 35
16249 44635 35
33362 37553 35
392 25447 35
33375 39552 35
9140 11960 35
28369 48063 35
3772 46476 35
14809 46766 35
131 46001 35
15435 24409 35
1401 8782 35
22976 23934 35
561 29636 35
7026 20183 35
14287 46854 35
31152 39326 35
22561 35809 35
10654 38682 35
29765 43425 35
7280 8128 35
27449 49117 35
604 48947 35
20325 30619 35
13777 23139 35
5766 46740 35
8080 8253 35
38303 42682 35
29754 32003 35
10969 46311 35
905 3628 35
29784 34473 35
5362 34597 35
19821 27950 35
83 39283 35
9109 20566 35
16579 42384 35
2499 36043 35
26802 33880 35
21921 49355 35
5767 40730 35
6522 12179 35
16581 48838 35
4912 40071 35
8595 44639 35
15166 19884 35
14776 17370 35
22423 24278 35
1073 27265 35
9091 15142 35
1674 12175 35
6733 21888 35
3109 14399 35
10648 23472 35
18855 30817 35
25359 38167 35
47236 48623 35
1076 26480 35
8635 12532 35
1898 22505 35
4246 24894 35
12322 17003 35
13163 15136 35
43320 45646 35
27415 36931 35
6634 29027 35
31531 46870 35
11647 25894 35
3746 20102 35
12317 32651 35
2708 17317 35
4440 29074 35
37497 49055 35
1673 45212 35
17285 21706 35
12316 13422 35
31301 32231 35
8116 10241 35
5140 29593 35
15027 22400 35
20894 22543 35
36168 47275 35
35388 45837 35
12435 19238 35
25291 40574 35
37842 49472 35
22835 31338 35
10165 20266 35
16227 20985 35
6051 16919 35
9852 34740 35
11311 31841 35
5473 18493 35
1381 23716 35
5773 6791 35
25281 29811 35
19052 33840 35
16549 28184 35
12436 22437 35
9665 24018 35
17775 33211 35
44971 49883 35
563 565 35
12392 16980 35
17466 19571 35
24941 39021 35
33247 35071 35
20227 39375 35
8100 15846 35
1661 43696 35
2379 3000 35
17301 49631 35
5844 8500 35
2819 41989 35
28544 29139 35
9112 30808 35
19301 27765 35
19052 19991 35
3388 21976 35
3236 20381 35
29867 37817 35
36200 39299 35
2337 34623 35
10448 39709 35
7037 9072 35
22015 38290 35
8565 30336 35
41527 43719 35
15670 47170 35
18671 32353 35
12394 33675 35
2715 10694 35
8344 14520 35
18758 45349 35
22113 30839 35
14088 35702 35
133 592 35
955 27657 35
25114 40250 35
15415 17139 35
27947 34804 35
13993 24665 35
24164 46658 35
25135 43636 35
4848 9875 35
22391 24811 35
21974 39653 35
40981 46335 35
20130 23217 35
28135 38416 35
14000 44699 35
976 18611 35
19149 39888 35
3952 12047 35
24171 29612 35
20068 38597 35
21439 31102 35
4081 23743 35
9242 22049 35
7533 23723 35
384 13485 35
9291 16519 35
44384 44727 35
24135 25515 35
12723 34381 35
23357 37403 35
20267 27820 35
24133 40276 35
36921 47383 35
15411 49901 35
6172 10411 35
10804 14308 35
10290 49635 35
12921 42446 35
35906 40784 35
19853 34834 35
2792 49186 35
3409 30494 35
22899 44407 35
1569 11430 35
3579 13858 35
33802 43678 35
28151 35341 35
47547 47994 35
955 13321 35
15798 31917 35
42183 44508 35
47412 48592 35
21394 40218 35
5340 27185 35
16327 33498 35
16419 49356 35
40990 49521 35
30438 49112 35
24235 28308 35
39737 41742 35
500 22917 35
30458 32397 35
21060 22026 35
3284 42273 35
12813 27247 35
3673 34218 35
43497 47469 35
10831 48664 35
6433 46592 35
37337 43639 35
15419 21590 35
14051 19305 35
10829 21025 35
35738 41272 35
10040 36300 35
16353 25181 35
30393 49644 35
30393 45244 35
3001 18288 35
23310 40251 35
12854 37226 35
20125 22012 35
35768 43894 35
11415 41911 35
20067 24799 35
35726 37905 35
2998 5363 35
30436 36640 35
27972 30662 35
957 36403 35
973 13917 35
10302 34183 35
501 8905 35
14018 15975 35
347 48848 35
8325 48227 35
7526 12324 35
4548 11860 35
41268 49591 35
37317 45957 35
30577 40407 35
33879 36483 35
8320 34797 35
7488 13545 35
515 12754 35
3015 5451 35
26707 31830 35
4864 47102 35
2029 36619 35
11496 32448 35
17062 20995 35
19169 33682 35
27985 38653 35
11406 11935 35
14061 30574 35
20031 22638 35
1604 1753 35
24357 48068 35
940 30930 35
22948 48847 35
34094 42286 35
12995 49782 35
18129 38100 35
14206 43787 35
17617 26983 35
16273 30091 35
17673 30498 35
16272 39560 35
12600 38377 35
8461 12895 35
33508 38010 35
2477 42047 35
23285 31316 35
3665 36708 35
12982 48018 35
46374 49227 35
20491 48963 35
24352 46515 35
33644 35917 35
19083 21010 35
11345 18538 35
85 48914 35
1970 48799 35
18075 35746 35
22514 43282 35
10892 45722 35
17021 34221 35
1430 15737 35
5457 42704 35
25819 25974 35
37444 46505 35
3254 14360 35
19257 47706 35
37664 40941 35
6089 20415 35
19893 30650 35
27718 46983 35
1430 3108 35
33455 47765 35
14255 45349 35
44439 48131 35
4452 43539 35
28556 37106 35
5181 25326 35
26218 28799 35
34114 41662 35
28332 34091 35
4123 8924 35
7602 10164 35
8469 19809 35
1440 17034 35
28268 33534 35
43688 44084 35
27746 35556 35
591 12227 35
2481 6377 35
31023 47666 35
1438 2548 35
5260 24770 35
30034 48071 35
18739 42273 35
35937 46581 35
20536 20828 35
24121 48610 35
12684 48901 35
3737 3927 35
7567 39227 35
5044 6333 35
45231 47398 35
33666 42364 35
5784 29870 35
7432 10839 35
45235 46283 35
8385 42586 35
8245 15635 35
27879 44319 35
3954 16607 35
3407 38203 35
2063 4517 35
545 22237 35
7558 13572 35
30746 31188 35
19881 42738 35
8386 12009 35
2365 2700 35
433 1053 35
1582 4555 35
545 7671 35
14145 35726 35
7562 14792 35
944 5741 35
4883 45942 35
22405 23754 35
16451 21730 35
6110 29569 35
15300 16120 35
33651 42443 35
41423 42676 35
132 8095 35
26345 32474 35
4113 35638 35
27801 28223 35
8421 14743 35
30143 45127 35
40044 49261 35
2080 29466 35
30797 34368 35
12678 49198 35
5515 8687 35
2747 31324 35
9312 40674 35
5818 6380 35
44237 47629 35
39505 45485 35
6640 38659 35
27824 46844 35
39148 40690 35
2071 32713 35
6466 8933 35
21950 23240 35
16297 42157 35
17979 49526 35
11053 25247 35
4016 4189 35
7159 7839 35
24625 40552 35
3208 48115 35
1232 33503 35
13379 13877 35
32857 39503 35
32180 39195 35
1229 26462 35
43407 46183 35
8811 39606 35
22059 23431 35
29318 30903 35
1121 39151 35
20197 20257 35
74 465 35
32876 33099 35
11797 37834 35
21241 42969 35
24813 49870 35
1123 4741 35
16766 25936 35
9942 25475 35
15550 23059 35
1847 3300 35
22743 29202 35
26545 47780 35
17529 38097 35
16783 48090 35
8828 13405 35
15218 45113 35
25498 26281 35
23130 41544 35
6585 14162 35
7901 33300 35
1831 36518 35
29245 42950 35
18584 20277 35
5940 35924 35
29242 46212 35
8841 13900 35
2528 4027 35
12056 37704 35
8996 10331 35
243 2485 35
1838 2139 35
4190 30167 35
7147 37802 35
5440 16741 35
6954 19730 35
32150 41563 35
10552 10809 35
19972 24431 35
32274 41464 35
8823 13100 35
5731 19955 35
36544 49826 35
26460 31427 35
8752 10667 35
7963 25330 35
7961 35309 35
17266 27999 35
17577 18346 35
13333 13943 35
41825 47127 35
20648 25547 35
3700 27821 35
27183 41373 35
6929 43774 35
32940 38927 35
27213 45993 35
20341 47800 35
41959 44573 35
13312 42735 35
3144 40315 35
13313 15383 35
21236 41873 35
38320 46989 35
26456 27590 35
370 19266 35
8781 16503 35
2909 7399 35
4329 10525 35
29345 48383 35
42949 48476 35
1244 42322 35
11172 35590 35
15207 39229 35
16757 18828 35
22360 38290 35
40511 42078 35
18608 20407 35
17930 45185 35
29323 30751 35
21753 24639 35
19736 39247 35
3212 18200 35
32912 33049 35
1744 40429 35
29368 41415 35
18407 29374 35
28889 41829 35
1777 5381 35
73 27512 35
18906 41614 35
22035 37917 35
3778 10425 35
23545 28444 35
1175 1274 35
34889 48712 35
24713 45691 35
8913 28950 35
7826 20487 35
5718 35026 35
3508 7518 35
9985 26807 35
13488 41587 35
23632 41981 35
10003 33703 35
43755 49230 35
4003 11371 35
15388 48204 35
21865 38960 35
26978 36588 35
8898 22999 35
3827 36254 35
18492 28855 35
139 47651 35
34862 35280 35
7847 11027 35
4505 29124 35
8902 27013 35
4720 5545 35
1817 47016 35
11896 17754 35
25979 36773 35
17570 22149 35
24736 47187 35
6751 10334 35
15393 25571 35
43742 48055 35
4956 18679 35
19490 33431 35
3356 36753 35
26925 41539 35
20010 28982 35
6613 47221 35
14712 24286 35
17573 32992 35
1806 47091 35
29100 49647 35
20003 32207 35
8948 11568 35
25579 46792 35
19494 36983 35
23630 41232 35
23627 35649 35
7835 16755 35
14947 20325 35
13518 22869 35
4509 26348 35
16797 49232 35
4010 11789 35
5386 40040 35
22495 26961 35
25608 29989 35
5933 12564 35
20680 21537 35
17575 22754 35
43609 46660 35
8857 22506 35
6320 23090 35
11998 31073 35
1137 2390 35
20188 47895 35
20370 46112 35
278 22543 35
41554 47455 35
18926 33115 35
14638 48855 35
16789 32904 35
28996 49434 35
11137 13389 35
11135 36744 35
12013 32919 35
4199 7251 35
20676 46228 35
21600 32607 35
16829 24915 35
10522 20149 35
838 26111 35
3486 5600 35
34833 49384 35
1789 13133 35
4507 34894 35
38863 43198 35
13451 44900 35
24688 44110 35
29057 39344 35
19458 27711 35
23653 29196 35
8868 39173 35
29210 33346 35
8862 25051 35
22251 38222 35
36661 45848 35
15385 15998 35
4948 23114 35
292 15931 35
46999 47608 35
40512 47206 35
8868 45720 35
573 13480 35
4461 17819 35
11982 44485 35
11980 16037 35
5156 40902 35
35010 45561 35
7733 47946 35
10600 45631 35
874 19781 35
2190 3909 35
12198 16382 35
17641 30534 35
9430 29192 35
5993 25958 35
24887 41638 35
7211 9797 35
18876 34181 35
33097 33620 35
23516 45077 35
13226 27226 35
29520 45580 35
19726 27699 35
39368 44872 35
24885 48697 35
6257 37441 35
118 4196 35
21195 24235 35
43862 48253 35
31916 38012 35
34507 43405 35
872 9113 35
13725 36701 35
101 5590 35
21226 39041 35
13723 31193 35
8040 12205 35
1289 11424 35
6014 45284 35
20621 35485 35
8712 41603 35
4171 4872 35
10241 14503 35
9079 13117 35
35234 46966 35
1704 11231 35
9905 19749 35
8685 19610 35
23833 34781 35
7226 23345 35
880 20872 35
6915 23756 35
5856 6148 35
19556 32403 35
3644 4836 35
9068 13351 35
413 19828 35
7227 40625 35
40582 48828 35
28723 30416 35
7229 9885 35
47191 48040 35
15608 34355 35
40459 49635 35
5435 49122 35
790 21249 35
15362 29903 35
13695 25032 35
9076 49392 35
794 1735 35
6005 30097 35
25434 27578 35
186 6055 35
14767 24765 35
9431 27695 35
5857 27275 35
7056 20106 35
656 13896 35
205 8226 35
2389 6293 35
3643 4957 35
13732 27071 35
21233 22730 35
35279 38013 35
35282 38191 35
16687 31586 35
2551 19851 35
11671 14768 35
892 11350 35
39244 43360 35
31633 38440 35
10239 19162 35
12272 25112 35
31630 46716 35
1683 36936 35
6782 6846 35
7744 22714 35
8051 25580 35
8051 29272 35
12289 31395 35
28799 30739 35
27378 40621 35
5200 25190 35
16611 19505 35
1279 12117 35
12295 16279 35
18349 19864 35
16685 22443 35
9051 21447 35
10631 18643 35
2215 24664 35
13975 34181 36
17241 40836 36
29008 38627 36
13976 33924 36
6320 14451 36
4031 27649 36
1900 26505 36
24783 35205 36
30247 39428 36
4948 7525 36
5763 9358 36
33742 40878 36
16096 20689 36
1576 3722 36
17227 49438 36
29797 47290 36
16312 17858 36
7510 34547 36
29068 34762 36
13982 35349 36
20033 47066 36
10342 11268 36
1694 22580 36
34911 44095 36
4875 11641 36
24514 42124 36
1552 37909 36
21412 37612 36
29775 39925 36
4310 31274 36
2871 36193 36
18156 22482 36
15358 17568 36
12935 13678 36
7799 29022 36
1919 42791 36
6353 23530 36
20065 25233 36
11250 35199 36
22929 27954 36
21183 43680 36
6166 10191 36
25833 47652 36
2827 6904 36
6249 36171 36
12940 25216 36
5689 34417 36
8234 38479 36
5149 31853 36
7698 19941 36
13192 13341 36
11373 37847 36
15063 45663 36
13785 22605 36
4985 5879 36
4292 47886 36
2017 40386 36
13478 20301 36
9535 49381 36
8093 38164 36
2984 48373 36
9565 24791 36
28183 48091 36
20045 22596 36
7669 7723 36
24678 30341 36
22100 29000 36
5785 13379 36
8058 25857 36
14897 45066 36
5298 37742 36
10980 21224 36
290 8706 36
5492 31817 36
15352 16868 36
21199 43087 36
5730 18070 36
386 15222 36
13997 29749 36
18238 33029 36
7824 21553 36
891 19928 36
38160 46218 36
17847 39915 36
13528 21669 36
9526 17712 36
827 5387 36
24767 45458 36
33993 45224 36
7683 24047 36
10969 17787 36
2361 23276 36
39423 40881 36
11119 35925 36
15851 45801 36
4959 17151 36
15388 33007 36
3292 6674 36
10850 11737 36
5686 29040 36
833 13725 36
6300 8971 36
24892 49091 36
14026 33220 36
21084 41230 36
28 373 36
17881 18626 36
4912 47288 36
3313 9149 36
21702 37443 36
11088 32850 36
21840 48286 36
34794 35338 36
18364 29297 36
28150 48875 36
6681 7220 36
4914 10000 36
37289 41763 36
13229 36036 36
7808 17216 36
15847 47131 36
35016 37152 36
15974 33212 36
40465 45291 36
29627 30440 36
4080 10459 36
24771 48185 36
12910 26191 36
6354 23798 36
139 37603 36
28565 46850 36
9538 20783 36
1999 3830 36
13556 17157 36
29037 40910 36
7874 12912 36
9538 26943 36
41256 44064 36
12913 17552 36
44536 46385 36
7675 21796 36
35685 48415 36
28558 41225 36
13349 18030 36
26628 36803 36
19728 29804 36
17336 23853 36
8167 34594 36
7998 22720 36
18371 33085 36
29914 49073 36
13081 27376 36
5777 29003 36
2814 31783 36
17200 22012 36
10910 17686 36
9348 9857 36
2371 9555 36
34174 34359 36
10911 16262 36
64 10442 36
4939 9023 36
18231 37662 36
35500 37279 36
1856 13377 36
14880 42275 36
34608 38144 36
3331 42849 36
35426 35772 36
4929 27968 36
805 35536 36
23179 36846 36
30071 35918 36
29873 31690 36
28467 45656 36
13889 42259 36
15903 41307 36
7942 39467 36
13623 19293 36
13888 25907 36
3298 27693 36
1616 3119 36
772 3492 36
24866 40471 36
24603 46896 36
18840 40072 36
4441 31727 36
18231 43975 36
28431 37653 36
13319 18311 36
3783 10305 36
6266 18192 36
3686 7563 36
18164 18790 36
7987 13824 36
26377 44369 36
13066 14678 36
2917 18641 36
17190 36430 36
22066 39780 36
21659 25180 36
14986 34536 36
15920 36464 36
18893 36507 36
2812 22036 36
19060 19485 36
29946 38169 36
7629 27896 36
28809 38556 36
2915 13432 36
29380 30519 36
6929 19112 36
9365 40602 36
29473 48496 36
9670 17124 36
24417 40385 36
10334 34863 36
21164 32627 36
4938 26199 36
869 3573 36
29985 36945 36
13047 14323 36
13047 31155 36
8148 13690 36
16004 40942 36
6925 36526 36
1870 2484 36
17638 44999 36
34198 38197 36
13839 47768 36
7990 11840 36
18996 22349 36
41713 49980 36
29264 37037 36
26594 43411 36
2853 5970 36
13407 17688 36
6901 26277 36
7787 9346 36
4883 21924 36
24336 26104 36
6229 33074 36
28729 37774 36
35222 46042 36
13407 41293 36
2575 3706 36
11356 49335 36
34279 35408 36
35576 40026 36
6190 8891 36
38860 40919 36
7651 25129 36
124 1727 36
18389 41999 36
2579 40993 36
29550 30747 36
13696 43565 36
7566 21038 36
9711 41750 36
3835 5073 36
951 1832 36
11367 39414 36
1659 6777 36
9511 17342 36
1658 4508 36
26659 27917 36
2894 21957 36
25828 49697 36
4594 17550 36
2603 12901 36
13581 21080 36
45066 46151 36
20034 32109 36
15876 29850 36
844 26996 36
12956 25472 36
6184 6624 36
3970 46649 36
5305 22899 36
235 8578 36
11365 18114 36
29835 35949 36
13912 37633 36
28293 38228 36
5540 25628 36
8192 28808 36
1757 33183 36
1966 23117 36
35104 35565 36
13817 38719 36
1753 44972 36
19089 27782 36
39946 43241 36
22084 29862 36
188 1544 36
3832 17155 36
4887 15701 36
21986 47779 36
10894 16660 36
9331 28661 36
7647 35181 36
772 24427 36
24986 27255 36
9663 15282 36
13092 37005 36
1926 2594 36
30103 30286 36
11208 33855 36
2837 3006 36
13594 38478 36
13393 36229 36
23133 41863 36
1879 12596 36
6692 19568 36
1598 1699 36
1599 20945 36
9702 24476 36
235 11394 36
390 16371 36
14868 28808 36
13265 34395 36
19752 46408 36
24814 40900 36
18485 21426 36
28931 46518 36
13102 34477 36
20418 47514 36
1843 23158 36
18225 24317 36
18844 24624 36
11053 27696 36
7262 36007 36
9089 35566 36
7260 8239 36
42527 45330 36
12299 44736 36
4525 31817 36
17918 46771 36
31542 44414 36
23889 45780 36
9890 43105 36
1333 9755 36
7254 39522 36
11667 31123 36
19563 24038 36
1079 22809 36
12285 41115 36
23477 46295 36
36238 42280 36
17808 36925 36
4528 30299 36
27455 39527 36
1355 6587 36
18035 24604 36
6731 28129 36
16593 28276 36
25368 48926 36
31523 46741 36
2616 43481 36
8614 28249 36
1343 47746 36
16600 38483 36
31541 42308 36
43391 48299 36
26089 32664 36
10617 23809 36
9070 16413 36
8681 16312 36
10243 17682 36
23510 39190 36
44 13139 36
31820 48326 36
43921 49926 36
9061 20726 36
27296 37707 36
20206 30225 36
38481 38686 36
7219 25048 36
8697 16977 36
31848 34689 36
6556 49049 36
33021 33228 36
26831 41699 36
23843 30792 36
1080 9147 36
16616 45168 36
33112 47131 36
186 9143 36
9902 17790 36
1318 5629 36
3117 4223 36
10170 16403 36
15173 15415 36
16584 30496 36
1311 9321 36
5099 14400 36
16640 27363 36
5481 25203 36
2196 5339 36
2329 5657 36
8678 44424 36
33316 37762 36
20115 42951 36
5074 27334 36
7336 22865 36
10704 37332 36
8535 30691 36
8536 48772 36
26156 32931 36
22840 42879 36
1396 23780 36
5611 11386 36
18686 42907 36
5473 12720 36
18685 45899 36
31282 35126 36
3086 12739 36
1382 23469 36
15693 27532 36
20896 41168 36
36153 48314 36
22650 28555 36
12511 16699 36
22655 33308 36
2726 40244 36
26181 26531 36
2116 13366 36
12508 19930 36
4259 14924 36
1054 11559 36
31204 32604 36
12502 16170 36
15714 18494 36
300 26327 36
40776 43369 36
15141 37950 36
17913 49677 36
31222 43267 36
33354 44403 36
2144 45661 36
40233 43120 36
6048 20536 36
33234 42020 36
19307 29516 36
2714 26844 36
14365 23163 36
20889 30754 36
23476 49554 36
36230 45230 36
2159 47799 36
21912 23048 36
15156 28072 36
40232 44170 36
20591 44019 36
18650 30512 36
12347 35307 36
18677 29154 36
19912 39906 36
1377 3788 36
6506 16525 36
1373 3359 36
604 7662 36
17460 21929 36
46089 49313 36
23457 41733 36
16984 30458 36
7035 19292 36
22762 34872 36
2141 2508 36
4428 6099 36
10678 15345 36
27518 31074 36
8565 35189 36
3174 6854 36
36590 44052 36
37610 49837 36
10211 39290 36
18420 27284 36
8856 39886 36
16903 26686 36
10539 10809 36
4202 21563 36
4418 13270 36
8862 22724 36
2281 32072 36
3859 42642 36
625 14712 36
32406 36882 36
7114 17481 36
3858 30441 36
8833 32647 36
32271 48487 36
18553 45506 36
23695 28468 36
32809 44446 36
8827 48261 36
19973 30967 36
12037 23426 36
5487 14401 36
3163 29884 36
23687 39094 36
17530 35026 36
8982 49950 36
48013 48244 36
14619 40195 36
7129 23196 36
19508 44065 36
8950 39713 36
23600 35517 36
15249 40300 36
32534 36243 36
9988 49866 36
25986 42874 36
42231 45585 36
14695 16988 36
19497 25464 36
26942 45299 36
14700 25266 36
23627 28354 36
3187 26044 36
15473 33138 36
17958 21497 36
1162 44997 36
48499 49120 36
5901 34202 36
1159 1278 36
25965 33432 36
2316 19675 36
455 662 36
16892 28150 36
11969 15024 36
7110 12974 36
10007 11585 36
11864 22883 36
185 2863 36
1185 29515 36
5920 48240 36
42576 49161 36
8993 43468 36
32482 35066 36
1180 3385 36
155 12554 36
521 602 36
7103 36030 36
3181 4263 36
19464 44078 36
26974 45990 36
3139 5708 36
16942 30848 36
19394 20148 36
9036 42776 36
34 29892 36
8745 49288 36
36441 41893 36
26055 35699 36
308 30352 36
18615 32992 36
21859 23332 36
36453 39074 36
19400 39147 36
12139 33273 36
16714 26046 36
642 4548 36
32952 44412 36
2221 40945 36
2211 22554 36
23806 24631 36
1289 2425 36
31906 47262 36
1097 10668 36
11738 20127 36
20641 39698 36
12183 48515 36
10593 12126 36
3142 17905 36
31942 36521 36
40695 48582 36
16695 34132 36
2672 7593 36
43854 49581 36
12158 44232 36
2226 33505 36
5503 14044 36
1237 6086 36
32870 42036 36
14572 41171 36
6773 14436 36
3487 45073 36
10563 29774 36
21590 44747 36
3640 17510 36
36532 41879 36
18602 30303 36
16770 36400 36
1126 41433 36
27105 35961 36
22740 35041 36
8814 13875 36
5579 8035 36
6776 11886 36
641 30516 36
8770 31872 36
36483 44397 36
16728 36109 36
20084 40179 36
14544 23270 36
14545 14958 36
9011 22833 36
39679 39802 36
526 17244 36
17989 41578 36
32129 40106 36
11793 15844 36
23757 24098 36
4515 11720 36
26290 45874 36
38617 40526 36
14197 31224 36
7473 34914 36
17023 29499 36
11465 14630 36
6476 11961 36
12635 28410 36
11466 41705 36
25871 48546 36
7007 22234 36
20271 34911 36
20259 38789 36
3739 23642 36
8345 24346 36
21940 37501 36
2563 40431 36
27796 32704 36
2079 11277 36
40032 40157 36
9199 22676 36
6135 17130 36
3790 40669 36
18074 49152 36
30984 31710 36
9759 41959 36
27979 31043 36
4390 8696 36
15733 25595 36
40002 45700 36
8453 12296 36
31 82 36
8451 14683 36
709 20481 36
14070 48828 36
20985 30162 36
12617 15273 36
6856 37473 36
17606 18026 36
1015 31083 36
35844 46815 36
40385 46816 36
8442 32778 36
11462 39641 36
33559 39624 36
15091 16058 36
10031 47934 36
15098 32674 36
5816 33107 36
8401 34501 36
33741 35043 36
15761 42588 36
40257 44553 36
9791 21886 36
24118 44194 36
25157 43420 36
9220 42108 36
37381 47539 36
42789 43295 36
2747 44842 36
4107 5427 36
24125 41735 36
10136 11033 36
20534 33882 36
33713 40635 36
35917 46327 36
12705 29841 36
17407 41762 36
3266 12012 36
2073 46329 36
24157 25038 36
982 2706 36
9775 41943 36
7017 11639 36
27929 47926 36
8355 35413 36
5204 32380 36
12742 24148 36
3617 35616 36
30653 49353 36
25180 25557 36
16449 43881 36
9204 37061 36
12731 15735 36
4490 12286 36
21008 21843 36
21010 27997 36
33659 45877 36
33760 43809 36
4841 32012 36
27847 32432 36
22155 29220 36
6864 23510 36
5148 6705 36
30996 49565 36
6437 9736 36
15292 18795 36
18782 45051 36
4390 28648 36
16489 28922 36
697 2725 36
8476 16911 36
38706 45547 36
10271 17648 36
33475 41908 36
27998 29094 36
37440 45086 36
9157 42200 36
6720 48355 36
6638 34086 36
14050 42335 36
18531 48793 36
31076 36070 36
24210 42662 36
24021 25211 36
9827 28995 36
22917 42506 36
6429 33876 36
3284 37485 36
4491 5445 36
20516 20965 36
19269 36547 36
4092 18892 36
8481 34867 36
14041 27951 36
24249 29535 36
27988 39001 36
12571 35414 36
17426 19545 36
22866 38334 36
737 5252 36
24038 48154 36
14229 37534 36
37451 42104 36
18481 33105 37
4712 42044 37
3702 49178 37
9227 25740 37
18416 37840 37
16760 27878 37
457 1495 37
573 46156 37
115 45130 37
16329 41121 37
5967 39015 37
26466 36975 37
32151 49118 37
1551 11328 37
7938 22912 37
10088 31805 37
8357 24103 37
11922 34392 37
1152 12457 37
22292 28251 37
3029 34890 37
32125 41173 37
23753 27329 37
16416 33415 37
29128 45127 37
6273 32120 37
30647 37397 37
1152 4690 37
12841 36734 37
5172 26976 37
12098 23501 37
1801 33924 37
153 918 37
40157 41296 37
9296 9409 37
30728 42961 37
11422 27337 37
11755 46069 37
21017 33487 37
12926 47878 37
3680 4041 37
5499 10183 37
12862 28652 37
12711 14934 37
12152 46574 37
8944 26029 37
30721 42886 37
9034 9489 37
23623 49853 37
3290 10090 37
5742 45678 37
5864 12645 37
18162 48588 37
5897 39674 37
4173 33014 37
6675 11289 37
29400 42616 37
11193 38935 37
1103 6253 37
11370 39953 37
11373 31474 37
520 1649 37
22492 24747 37
6750 19033 37
16428 41334 37
15098 45279 37
6754 36099 37
569 41814 37
18094 36077 37
6269 30065 37
16927 43730 37
7955 31129 37
8766 28843 37
8770 31739 37
23608 44096 37
9470 13294 37
4604 6844 37
21811 40053 37
30719 39334 37
11099 25500 37
13499 22458 37
5162 16342 37
6156 18725 37
5504 10620 37
32586 49744 37
22267 38196 37
62 44525 37
406 29519 37
4007 5423 37
26500 28351 37
975 1189 37
11461 45470 37
1138 1351 37
1186 15030 37
6861 17537 37
8849 39925 37
9512 21221 37
4648 4764 37
11412 22618 37
46565 46727 37
20716 47911 37
13433 14840 37
1134 21266 37
32788 40927 37
32329 46211 37
23688 29605 37
19173 23415 37
18456 33584 37
19762 44452 37
33904 39549 37
4734 27268 37
12766 38973 37
8981 19312 37
12810 26335 37
32337 40944 37
42582 43189 37
16804 23186 37
6764 18257 37
11992 27936 37
23575 39908 37
13450 32926 37
14964 25595 37
522 4900 37
972 38786 37
1195 21986 37
11403 25836 37
30535 34931 37
23656 26282 37
30535 32846 37
11409 32328 37
25744 26254 37
18958 20095 37
12003 45928 37
1520 14197 37
4438 32072 37
2409 16867 37
22115 36586 37
11852 32333 37
23655 28851 37
33991 46084 37
6868 47627 37
12881 22952 37
1759 40161 37
1760 47053 37
43360 43676 37
26314 27941 37
30607 49027 37
8997 15082 37
2526 17196 37
5913 14993 37
5805 34607 37
8951 22941 37
33805 34569 37
1763 2482 37
32827 33014 37
7916 39422 37
11941 20737 37
16120 20652 37
26313 33819 37
1504 13616 37
1506 8327 37
6700 21662 37
1506 10023 37
24696 41529 37
1758 27798 37
1540 2134 37
15210 36769 37
12065 38649 37
11395 36586 37
34874 41493 37
8280 16254 37
8900 12041 37
8308 27679 37
5917 48450 37
30473 47455 37
145 21304 37
1770 9334 37
30600 41379 37
1132 45615 37
5305 18578 37
24646 31983 37
32482 39265 37
11141 22004 37
30606 44572 37
3527 10049 37
30296 49683 37
37651 41717 37
30297 43568 37
20745 44559 37
18970 42687 37
5721 38958 37
17933 39550 37
13396 45326 37
22604 23473 37
4711 11810 37
22123 30491 37
29823 32675 37
1059 9558 37
12393 25033 37
5361 9516 37
6048 46546 37
34099 44132 37
8570 12317 37
4254 37445 37
15022 27171 37
22542 31676 37
19249 30424 37
20544 48174 37
4619 37443 37
908 954 37
42718 43015 37
422 1265 37
46701 48275 37
1649 2927 37
38783 42884 37
20981 32406 37
5361 39797 37
25915 42731 37
29853 35826 37
1651 25399 37
26413 30242 37
18039 18384 37
33251 48040 37
1354 10920 37
417 744 37
10327 15746 37
24073 26850 37
1455 27501 37
30926 38034 37
17875 30420 37
11343 25555 37
24073 34027 37
6714 33292 37
13150 42401 37
25808 41345 37
24474 47005 37
15015 15729 37
37202 38196 37
905 47072 37
15153 46099 37
16563 22030 37
4788 18628 37
8450 40392 37
13130 37346 37
1603 44289 37
16570 29489 37
3804 19440 37
29798 48771 37
6809 44204 37
9109 27189 37
12362 12398 37
48 9458 37
1454 31772 37
42695 46121 37
12497 44223 37
6819 20266 37
26168 45842 37
18073 21991 37
31105 38814 37
38789 39076 37
2954 32831 37
11331 15297 37
20934 38921 37
31085 37221 37
33347 47993 37
1029 12621 37
26195 39326 37
3071 16357 37
5322 12235 37
4665 49240 37
11324 45557 37
12531 33966 37
20576 29521 37
41517 43159 37
5354 15582 37
31188 47655 37
11327 28155 37
34198 44560 37
17104 33476 37
26152 48499 37
11551 49111 37
16258 46020 37
29875 33943 37
37237 46429 37
934 32211 37
1373 28670 37
13092 19672 37
21780 49910 37
12418 28327 37
10274 21662 37
23277 37893 37
4811 46257 37
4139 13036 37
9131 10507 37
2494 27103 37
13078 42385 37
12574 24561 37
20968 42488 37
1347 45413 37
918 21114 37
11611 46451 37
33483 49147 37
39950 49743 37
22169 29340 37
11716 32860 37
34476 37507 37
33665 37406 37
10241 37229 37
37284 45708 37
31839 40031 37
11725 47407 37
1298 9980 37
6709 28175 37
31840 49610 37
18006 35692 37
1712 2253 37
6916 19021 37
4767 34151 37
8407 43888 37
465 10612 37
42824 42872 37
12958 28229 37
4439 11836 37
8508 18428 37
3040 48608 37
29582 48039 37
19120 20127 37
4161 16080 37
6001 15058 37
30798 35203 37
3121 17210 37
5751 37538 37
4605 12733 37
9214 21657 37
34512 36902 37
6119 38259 37
12934 15865 37
3331 12298 37
44812 49109 37
19667 22849 37
3538 35138 37
9046 19430 37
12174 44101 37
6124 20462 37
32986 36116 37
8006 22783 37
1294 9116 37
21106 38622 37
31870 40922 37
23167 43869 37
1000 21479 37
12198 13427 37
19374 34369 37
6256 45660 37
13290 25688 37
23522 25060 37
1468 2254 37
17650 43057 37
34065 34631 37
12302 23193 37
30883 31310 37
3779 37016 37
4041 5092 37
20878 46907 37
8425 10821 37
2426 15619 37
21133 27777 37
16190 21318 37
33150 48651 37
1595 34578 37
30143 42013 37
9086 11854 37
6734 44313 37
6105 31737 37
16468 40020 37
4914 33594 37
20603 39824 37
20468 23233 37
8613 15404 37
5820 27840 37
18396 49729 37
19026 33636 37
12317 22034 37
16971 29576 37
3231 21123 37
8426 27889 37
6800 49840 37
29728 45591 37
5166 25906 37
31721 36915 37
8039 21015 37
8659 42873 37
24500 30403 37
20626 28609 37
11686 48606 37
24342 30954 37
4031 42950 37
30852 31166 37
26089 35211 37
12236 30928 37
18472 33068 37
18023 19119 37
18022 19541 37
29664 37781 37
1328 27885 37
3647 15367 37
9419 48157 37
5506 45316 37
6019 8656 37
34391 46444 37
4321 8282 37
3318 45845 37
31656 47479 37
6913 36603 37
17096 28487 37
9426 25924 37
17359 25308 37
2248 14460 37
1993 19157 37
39257 46663 37
27161 33793 37
6572 39777 37
10569 42856 37
27614 36274 37
7331 30933 37
7549 20284 37
2665 16259 37
18687 37335 37
640 9219 37
18201 27687 37
13653 47722 37
386 42825 37
3569 36197 37
20239 39454 37
5237 28151 37
6622 9352 37
2002 13443 37
5276 13165 37
24858 27673 37
6574 11066 37
26679 37497 37
21978 35578 37
28153 31360 37
13937 44971 37
10675 31655 37
17577 47991 37
25642 39815 37
7185 24373 37
17770 38739 37
6401 25538 37
4984 27016 37
14865 43358 37
28262 34018 37
15562 43438 37
7324 9674 37
37936 46132 37
7563 11352 37
35709 47978 37
28750 49127 37
28214 32536 37
5012 34421 37
7568 42129 37
6993 33302 37
39182 42189 37
9614 46860 37
2140 25952 37
9947 40564 37
10548 30669 37
21595 41549 37
14603 42640 37
7770 29095 37
36066 46115 37
10551 45054 37
2020 30404 37
5148 10173 37
14601 39999 37
28892 31645 37
3829 27417 37
7765 21175 37
17364 34017 37
6431 39439 37
7496 48241 37
25609 31692 37
7497 17708 37
6620 26828 37
28922 39554 37
2103 48906 37
36590 39348 37
15726 18144 37
1856 27525 37
14614 42178 37
5573 33740 37
14258 33880 37
27075 31947 37
17257 38741 37
18366 36300 37
7368 9541 37
7356 41050 37
25049 35112 37
28835 29439 37
259 19599 37
688 17562 37
2726 5198 37
36090 38452 37
22742 43557 37
15415 46689 37
20293 30959 37
6493 9996 37
37696 47044 37
14724 43368 37
13633 40152 37
10556 11917 37
28854 29957 37
21477 24157 37
10051 23887 37
5273 9568 37
28839 46367 37
27670 49856 37
24842 31727 37
2016 2392 37
14428 41941 37
1911 34844 37
6537 10392 37
24959 35008 37
19941 25546 37
27374 47637 37
7251 36863 37
28565 47521 37
2698 14680 37
4496 7769 37
15924 27296 37
7672 13106 37
771 43496 37
27299 44060 37
5590 16314 37
17328 21881 37
25664 41688 37
9884 30040 37
14414 14581 37
41726 42217 37
20014 39110 37
3565 31965 37
13783 20063 37
36399 43073 37
21554 27472 37
40453 48336 37
24928 43535 37
4572 47991 37
21359 28859 37
331 2983 37
27343 45620 37
18519 30779 37
17483 22569 37
2688 47650 37
2693 7770 37
772 48859 37
20213 48499 37
2190 25854 37
7653 12901 37
20314 41390 37
1923 41520 37
17737 21651 37
15932 43143 37
4407 17793 37
26616 31761 37
1933 28630 37
3386 31243 37
28545 38261 37
27392 49018 37
3767 31228 37
37816 41813 37
13798 18557 37
14468 42998 37
2199 29860 37
47809 48120 37
26598 35609 37
15896 31562 37
10895 15329 37
22418 39186 37
3878 4319 37
7198 27895 37
20309 22182 37
2805 21549 37
1890 41151 37
10592 29628 37
7275 23181 37
24901 47999 37
9693 14239 37
36422 45234 37
22674 23069 37
6567 20667 37
18545 38753 37
18870 26158 37
604 24414 37
22610 29374 37
2383 2868 37
339 2213 37
10976 17711 37
39646 49596 37
13916 28176 37
44430 47795 37
14739 18732 37
35543 37736 37
4519 45220 37
7267 8426 37
7266 31068 37
2621 26998 37
9637 23499 37
13868 15021 37
289 39222 37
1946 31147 37
17618 30863 37
7211 35551 37
36275 37023 37
497 40736 37
5249 46863 37
2708 28476 37
5600 32230 37
647 40057 37
36248 40416 37
1897 38412 37
21573 28008 37
7698 39330 37
27415 45229 37
18858 27381 37
27242 42213 37
3774 23218 37
6391 43017 37
3454 11183 37
10514 39851 37
6327 20426 37
17246 25786 37
4543 24755 37
26769 45579 37
18761 26942 37
7022 46566 37
17568 27616 37
19878 20940 37
6618 25271 37
40837 48712 37
7119 18985 37
36693 47988 37
4967 28947 37
24791 48092 37
25553 28041 37
10772 40307 37
7012 9475 37
7411 21419 37
22721 30090 37
10828 49248 37
7385 15333 37
2298 4185 37
13529 42561 37
7427 39730 37
2029 23326 37
27987 49425 37
20154 32107 37
2089 7956 37
40840 42211 37
3998 23728 37
7450 26942 37
14691 38038 37
22404 34798 37
2757 35347 37
18754 44665 37
14179 38139 37
15488 49634 37
7386 10293 37
14101 20410 37
7475 12157 37
18532 34907 37
43750 46194 37
7410 28059 37
15476 46841 37
5622 13801 37
14645 14931 37
9984 37238 37
9781 45106 37
5265 44755 37
17574 18294 37
25144 40585 37
25679 36274 37
11063 15105 37
18773 49965 37
10814 47598 37
619 6193 37
28988 45149 37
19976 36432 37
17806 26041 37
35885 39647 37
21455 35932 37
2856 13866 37
716 37368 37
26543 41803 37
35925 40825 37
11089 18353 37
25077 40769 37
14839 28646 37
5147 30618 37
21445 22467 37
13594 22126 37
36036 47773 37
2044 39559 37
15829 47552 37
22453 33032 37
10540 18146 37
2640 28874 37
5158 8325 37
9818 10696 37
3762 33831 37
36903 45462 37
381 21862 37
7442 27241 37
7124 49382 37
25592 43868 37
9572 21284 37
14627 46109 37
4345 10071 37
22359 28001 37
22037 31703 37
14687 44186 37
17784 24217 37
7411 33668 37
4147 37096 38
39194 43533 38
27905 49863 38
9799 36379 38
14395 23991 38
30016 43035 38
1619 2311 38
24140 49759 38
30665 44503 38
262 27662 38
22421 26305 38
9344 11907 38
37492 47715 38
20999 41789 38
27911 29029 38
22551 42808 38
14396 27775 38
8422 10761 38
14780 16932 38
2173 42022 38
19092 30002 38
4676 43627 38
17393 19945 38
16467 36862 38
1966 22112 38
12368 41858 38
24988 36253 38
756 16002 38
13919 22222 38
3786 6681 38
24992 37437 38
5664 9328 38
9323 47669 38
3895 20241 38
38523 45262 38
35564 48047 38
13927 32412 38
5822 38856 38
4788 11436 38
8202 22307 38
9187 45634 38
2974 24095 38
1511 34474 38
8354 42099 38
12335 12825 38
17472 48725 38
21543 23149 38
24149 44495 38
19240 22143 38
7601 14397 38
22458 35096 38
30648 36037 38
17684 47641 38
35897 48674 38
21441 28421 38
318 32746 38
13016 29200 38
4147 36731 38
4296 11061 38
2164 11630 38
10776 10779 38
33195 33653 38
668 2519 38
30643 36763 38
18757 39696 38
12356 40914 38
7595 10791 38
9238 12783 38
12361 32331 38
15752 47674 38
33735 49150 38
18137 35929 38
11499 43932 38
2579 34863 38
27840 39541 38
23878 41925 38
13086 25111 38
1933 6216 38
213 6045 38
5522 11752 38
444 37190 38
21451 28806 38
13840 21627 38
21022 26662 38
34230 37455 38
16234 32629 38
9218 26653 38
7051 21358 38
7247 20766 38
6795 36045 38
12282 17380 38
25662 38644 38
9219 47901 38
13816 29101 38
26821 33696 38
3274 5977 38
3932 44004 38
2750 4881 38
2749 30161 38
43323 48959 38
23361 28572 38
6374 26884 38
13810 44700 38
13109 17588 38
3668 4033 38
26270 45893 38
6117 9075 38
1926 5559 38
14829 34579 38
14155 46810 38
465 17989 38
41607 42531 38
15933 47962 38
11306 29016 38
6642 10570 38
18826 25917 38
22190 26822 38
9092 37309 38
13044 34522 38
5810 39727 38
1003 32847 38
2756 12290 38
22898 28448 38
22188 42194 38
2056 33235 38
12304 22822 38
22981 25372 38
2959 33128 38
40398 42771 38
6690 22684 38
18647 23043 38
33168 49678 38
9096 39661 38
1495 16104 38
19885 41576 38
2354 3590 38
14405 15193 38
35507 38576 38
19838 22537 38
4778 5956 38
22135 40634 38
9085 41168 38
37374 46507 38
8139 35329 38
25365 27428 38
12288 18088 38
10108 25483 38
16237 26668 38
2753 18299 38
3737 11407 38
8377 27778 38
30008 46582 38
23482 34684 38
14418 24114 38
4778 37255 38
21162 23788 38
11662 49921 38
1471 6543 38
6129 11626 38
29967 43894 38
7622 14220 38
17043 20788 38
10743 35480 38
9254 30027 38
24195 30667 38
4806 14129 38
36906 43564 38
8279 27134 38
5833 10558 38
30349 31078 38
12511 31758 38
22115 43756 38
45150 45616 38
20249 37343 38
31150 40950 38
30367 47808 38
3533 5023 38
9151 13425 38
2459 23735 38
20075 20560 38
10743 23242 38
18350 33738 38
24209 25941 38
23414 24284 38
6146 19054 38
20953 24723 38
3741 48634 38
12904 26076 38
12497 45274 38
1524 9426 38
28134 33266 38
6169 12237 38
27747 47341 38
12785 38232 38
25207 33095 38
4557 8649 38
14295 39386 38
43106 45152 38
19168 29034 38
18712 43465 38
1557 42690 38
6078 33194 38
24003 31780 38
1403 6609 38
10446 26288 38
8516 18104 38
1441 3951 38
21081 34043 38
1021 24185 38
22862 33843 38
12843 29687 38
41413 49719 38
46222 47994 38
11567 38460 38
2024 4042 38
697 12160 38
9158 29289 38
26189 32270 38
8310 11247 38
6148 15828 38
6082 8862 38
61 776 38
21734 23429 38
3011 5962 38
967 31370 38
3544 18989 38
9820 45788 38
25070 44643 38
21065 38676 38
37448 44275 38
3571 47666 38
7497 21061 38
5259 46400 38
2098 7856 38
4126 22296 38
23432 48100 38
10027 43986 38
7025 28660 38
14050 28916 38
6488 43373 38
1532 23507 38
18785 24302 38
9167 9414 38
30385 47180 38
8288 30539 38
25057 49542 38
24269 44277 38
4863 43758 38
2111 36820 38
30466 32409 38
3014 8689 38
6424 33861 38
31122 32637 38
2782 9686 38
12859 46473 38
7366 8201 38
10117 33127 38
4293 6225 38
12617 23892 38
2347 30168 38
18283 46411 38
15328 16828 38
26656 46404 38
31326 47098 38
35602 36354 38
16299 42092 38
4634 46898 38
28241 32399 38
12405 15768 38
26663 36475 38
18542 23082 38
18805 19572 38
8444 42716 38
30595 44444 38
5328 35673 38
13959 25747 38
26336 35196 38
41670 48206 38
31344 48194 38
7007 40206 38
1059 37052 38
27949 33666 38
26647 43684 38
12630 26944 38
22947 48627 38
3726 27972 38
1976 30741 38
6097 23783 38
22871 48931 38
980 41451 38
25715 49865 38
4396 37789 38
15275 49749 38
2978 9652 38
44409 49939 38
24341 44048 38
5804 26237 38
15440 37254 38
4668 49015 38
45288 46922 38
6816 26336 38
12466 34004 38
7005 22365 38
33513 46393 38
12475 21651 38
5825 32986 38
7334 49329 38
3079 40632 38
12453 47897 38
25041 25319 38
30308 40888 38
8263 16159 38
2002 20773 38
8326 15247 38
12782 21299 38
16526 41798 38
2554 27239 38
25669 26242 38
18055 24589 38
22411 49058 38
30291 31332 38
21642 49427 38
6177 42289 38
6408 42737 38
12767 40203 38
5610 8806 38
11543 27857 38
2740 30619 38
9302 17993 38
1379 19593 38
22938 49289 38
5785 49537 38
10701 15241 38
748 4966 38
8539 34096 38
24173 26102 38
4856 11280 38
3293 40907 38
4637 38241 38
26295 30943 38
34029 39394 38
4669 25235 38
18716 23004 38
24546 26301 38
10228 18326 38
20784 38876 38
36462 49876 38
32408 46143 38
16922 21382 38
1714 4987 38
5730 16447 38
3466 19888 38
18610 38971 38
10579 47267 38
8763 19194 38
13258 49260 38
11219 41194 38
3346 13933 38
16173 37240 38
32741 34532 38
7897 23340 38
7894 14851 38
32932 33592 38
38 20396 38
10360 27603 38
9444 31024 38
27017 41180 38
3641 4615 38
11010 38054 38
32101 41993 38
10394 17000 38
20776 40938 38
16746 28496 38
10526 28886 38
21318 40753 38
13586 22919 38
18191 40986 38
5402 45733 38
17538 48399 38
29505 42240 38
17629 18121 38
16811 19378 38
9508 30114 38
20684 44900 38
6966 40010 38
13678 39207 38
40934 47968 38
1717 6958 38
28765 42229 38
6346 11433 38
13285 21689 38
3374 35943 38
29499 29744 38
1885 5322 38
6950 12602 38
2382 36025 38
29627 36746 38
23034 28069 38
2229 45659 38
37800 45340 38
43039 44773 38
10993 32594 38
17757 36544 38
23788 41840 38
9432 33143 38
44702 48540 38
13213 27333 38
35256 49726 38
22755 30992 38
18929 25634 38
11756 26484 38
6625 32659 38
34442 36520 38
1787 6514 38
11959 16280 38
19539 46481 38
573 5058 38
7723 30973 38
11229 22287 38
29212 29220 38
16889 37429 38
366 36027 38
75 31438 38
3200 24061 38
8016 16021 38
14929 33856 38
8015 26347 38
5110 29149 38
16827 39692 38
1191 7092 38
18926 33162 38
23656 25270 38
24526 30909 38
7107 9496 38
29005 35563 38
4317 39721 38
11855 20168 38
15494 42186 38
4434 11366 38
6938 34561 38
17161 31547 38
5445 27584 38
13241 23891 38
9577 12341 38
11182 12703 38
21687 29411 38
369 38867 38
9474 29629 38
24836 33542 38
17198 28009 38
4355 13449 38
6746 49830 38
28860 39383 38
34624 45862 38
32361 44481 38
22033 40002 38
13395 27575 38
8807 37068 38
11158 34539 38
1228 41945 38
3204 7044 38
3208 9619 38
25733 45420 38
11158 35088 38
25737 40660 38
39434 47192 38
38341 46418 38
25768 29436 38
16785 25306 38
41190 49471 38
2269 32070 38
18912 41460 38
14617 23537 38
14976 26413 38
18977 28379 38
48003 48858 38
38061 41008 38
15537 42886 38
5155 37614 38
3996 10006 38
39842 45170 38
9586 10829 38
12064 21394 38
12040 13579 38
21875 24874 38
6280 23108 38
8844 33114 38
4485 36967 38
26886 33680 38
411 2358 38
13409 47341 38
25754 45440 38
34521 43002 38
23749 41939 38
3151 4852 38
18994 28809 38
14635 39033 38
5741 16137 38
28977 35931 38
798 37583 38
32898 41568 38
12097 48216 38
13665 24480 38
798 32291 38
2840 14126 38
32895 34457 38
15554 35886 38
34532 38327 38
44791 48622 38
7116 35609 38
37652 48991 38
15505 36598 38
6266 6289 38
21587 37457 38
15369 26384 38
12066 42238 38
3508 4541 38
9599 40836 38
16767 25246 38
3593 16024 38
28823 49788 38
34577 38873 38
11018 35431 38
29445 35538 38
4700 25573 38
9463 12377 38
21679 25897 38
27152 30685 38
4696 44901 38
24634 33829 38
22735 30300 38
9602 33227 38
4935 35049 38
2253 37757 38
13166 21804 38
14891 23066 38
22078 23772 38
24484 49160 38
24922 44762 38
11923 13399 38
10607 43159 38
31855 31991 38
22356 26833 38
5764 10810 38
885 16722 38
10460 41616 38
29762 38195 38
37052 41542 38
29080 43090 38
6755 10281 38
10485 25590 38
13151 20402 38
20328 44807 38
43 14541 38
28597 44870 38
5714 6110 38
5432 36111 38
23243 38033 38
7691 16456 38
11261 32764 38
9920 21878 38
5988 40457 38
10081 11703 38
11733 12644 38
21571 35301 38
5315 42022 38
31909 45148 38
32525 43787 38
26958 46611 38
12196 24093 38
576 834 38
1795 47442 38
23809 42269 38
901 7582 38
21853 33695 38
1293 14753 38
28616 47313 38
5899 35755 38
613 48637 38
6738 12309 38
375 757 38
7658 37164 38
22783 26217 38
7843 18625 38
14713 16838 38
22479 43738 38
29802 34896 38
40230 44229 38
18309 44041 38
3195 6371 38
21566 28339 38
33094 46494 38
23492 39973 38
45907 47450 38
3387 44180 38
19049 22384 38
23490 41681 38
27360 41065 38
21898 33242 38
21898 45548 38
33037 48266 38
9646 34461 38
18176 28028 38
8087 45527 38
10615 19967 38
22770 23709 38
325 1129 38
14889 44021 38
7090 10153 38
5153 11530 38
11081 25079 38
4586 18425 38
22560 32110 38
8089 44464 38
4437 43670 38
1093 19498 38
16212 21331 38
17298 22070 38
13525 42868 38
3796 47250 38
1163 21435 38
26617 32515 38
18490 22457 38
7075 19304 38
22566 29939 38
23651 41051 38
11122 23414 38
17839 23532 38
4693 6426 38
21197 27947 38
14513 45420 38
28676 33283 38
3702 7040 38
24495 46650 38
14499 21536 38
11241 28639 38
16687 18357 38
45871 47497 38
11074 20638 38
4611 16893 38
16187 33556 38
11870 20019 38
3133 20624 38
7872 35839 38
29638 33562 38
16683 38624 38
8899 44400 38
9633 28048 38
34994 42502 38
7700 28984 38
12167 34774 38
19033 26834 38
24904 31045 38
15575 43731 38
11939 40141 38
4613 31878 38
9050 28886 38
15006 26196 38
42973 48358 38
8739 39051 38
18184 47505 38
18565 28616 39
36045 49673 39
30891 37105 39
8392 45202 39
8932 10819 39
9793 43852 39
9818 30214 39
235 2974 39
26205 29044 39
1181 36973 39
19492 20669 39
20007 46256 39
21726 36679 39
5820 27069 39
6125 9706 39
40148 42915 39
43786 49841 39
369 7394 39
5919 39142 39
33591 37978 39
20964 37050 39
17422 45592 39
513 10587 39
4211 39932 39
18335 18712 39
3740 4868 39
8398 27722 39
32589 41475 39
5146 5988 39
1157 1882 39
7436 13781 39
20676 27677 39
8439 41097 39
705 36532 39
6831 42171 39
35996 36293 39
4732 41769 39
5884 16320 39
19461 37163 39
32614 48239 39
32350 35006 39
32346 40349 39
17780 18085 39
15513 19763 39
8440 9210 39
38380 38959 39
14822 18702 39
17554 20383 39
12688 17466 39
42575 49388 39
10784 44706 39
287 8775 39
26269 39427 39
7127 7327 39
14708 18544 39
11961 28211 39
3168 49257 39
19493 33776 39
20999 27890 39
3051 24769 39
16815 25250 39
5128 6454 39
32740 40997 39
8868 30451 39
1445 49905 39
3572 25288 39
17942 22424 39
2565 13527 39
47569 47849 39
14217 20640 39
6836 39506 39
32678 38387 39
9175 29648 39
8916 13304 39
2286 44025 39
8448 22444 39
32733 38426 39
11546 19872 39
30876 30910 39
4470 45313 39
30950 45430 39
39294 41419 39
4657 16888 39
10283 13963 39
14823 24917 39
37893 49935 39
3055 22592 39
3176 4344 39
19613 38405 39
1446 20237 39
1003 12535 39
27796 42105 39
8950 9220 39
14654 35569 39
12602 35264 39
17562 20143 39
1446 6425 39
10147 28563 39
2285 5611 39
38366 41591 39
11552 26103 39
15730 21456 39
18254 30249 39
4709 19226 39
18571 34364 39
1197 38854 39
39147 47203 39
10476 15602 39
1456 36046 39
14635 39235 39
4500 24014 39
2085 12275 39
1179 7995 39
6107 7482 39
5548 10825 39
1477 35011 39
10478 34745 39
3634 7335 39
22402 29883 39
20705 37933 39
10002 40826 39
21844 37623 39
2562 32966 39
27023 43562 39
30998 46822 39
1021 18814 39
16899 16929 39
7093 30570 39
25951 37992 39
12576 24987 39
6467 42540 39
4220 27201 39
18733 44396 39
16447 40409 39
5570 43596 39
8958 22006 39
1171 27656 39
41938 44726 39
10485 26457 39
25586 46639 39
33005 36183 39
33184 40704 39
150 22247 39
4147 37820 39
3652 9488 39
26126 38772 39
36247 47851 39
31485 32168 39
36423 39677 39
2331 34280 39
31470 35093 39
45511 47575 39
27223 30103 39
2673 46544 39
31464 42600 39
8598 39821 39
5506 11804 39
1066 1176 39
10598 44338 39
19327 33348 39
22208 30919 39
21547 44287 39
5089 15437 39
10239 29766 39
4244 34727 39
12190 27478 39
172 1864 39
2164 13122 39
14403 45830 39
1070 4903 39
4400 6038 39
31921 32097 39
4692 33838 39
46069 46912 39
644 33871 39
11633 23890 39
23794 36149 39
31404 49832 39
5585 27827 39
20163 20850 39
12372 35307 39
14375 27160 39
12155 39967 39
9926 43206 39
6810 22542 39
16980 28587 39
32964 45797 39
12384 44588 39
33202 40841 39
1101 29126 39
2710 3589 39
2672 10971 39
19573 24332 39
150 17411 39
6627 10188 39
6807 10269 39
25324 36627 39
31958 34785 39
14387 27945 39
2223 24709 39
2499 37699 39
27213 28882 39
2323 21175 39
3101 8381 39
10662 13364 39
2188 11730 39
6789 25230 39
15168 30276 39
31676 36982 39
7226 24301 39
655 8551 39
23511 45999 39
7227 15795 39
6789 8134 39
17481 24563 39
9063 12214 39
3112 33835 39
31649 40646 39
8649 19359 39
3804 14141 39
36339 38303 39
15264 27408 39
17690 32102 39
12243 43518 39
9076 29901 39
31734 37719 39
39215 49033 39
3119 10712 39
4768 8223 39
18630 27375 39
31640 41222 39
3750 6625 39
22204 38013 39
27329 44945 39
12229 17175 39
3114 28152 39
12264 44074 39
658 5622 39
39208 43970 39
5589 16642 39
16950 45264 39
18322 19686 39
1095 9895 39
2209 11943 39
21894 27102 39
27262 41916 39
12203 19909 39
664 1615 39
20883 44938 39
12308 21856 39
12311 16498 39
31556 35348 39
16608 40432 39
8637 45280 39
25436 40582 39
37520 39484 39
98 15598 39
11724 27865 39
5554 7705 39
5102 18649 39
31616 45451 39
22213 22339 39
6798 15407 39
14479 22940 39
21741 34452 39
17761 20221 39
27381 33188 39
6491 35358 39
7346 46321 39
14801 27584 39
21882 43548 39
3209 42918 39
11588 48614 39
15715 33746 39
32165 48777 39
10468 38189 39
8998 41319 39
15212 15945 39
9833 32609 39
8805 45807 39
22458 33493 39
104 27001 39
44156 45494 39
26181 41132 39
25254 33158 39
20759 39439 39
6574 37110 39
16530 18899 39
32890 48824 39
3844 12049 39
6495 26908 39
12092 12171 39
10224 37198 39
42747 49921 39
6068 33486 39
24002 42680 39
19419 46194 39
3917 27700 39
23744 26962 39
5202 22421 39
3864 15113 39
10266 32545 39
32304 41634 39
31127 43568 39
22227 45665 39
3162 7994 39
32802 45997 39
24022 27282 39
12540 19480 39
7139 21547 39
11824 47491 39
41411 43116 39
36573 48406 39
2269 32541 39
40792 47647 39
12031 29065 39
4190 25596 39
3759 17633 39
24010 49092 39
5355 27772 39
12055 35087 39
26780 45858 39
3570 48412 39
3867 21596 39
19430 21502 39
12052 23154 39
19431 19841 39
4705 29065 39
7363 9429 39
32277 45320 39
12133 25937 39
5866 37966 39
27518 34864 39
23778 26769 39
23943 41956 39
6508 34967 39
1058 7901 39
14339 45632 39
32045 39684 39
32933 45234 39
14331 29463 39
18609 29879 39
25940 36730 39
27501 29071 39
16558 20079 39
1366 24870 39
31359 40505 39
16557 41299 39
27502 39507 39
20160 46377 39
10449 25094 39
17580 36476 39
8753 14351 39
2520 43459 39
10465 25868 39
3907 7740 39
8565 24252 39
5256 8017 39
38461 41428 39
640 676 39
23973 26648 39
22217 42341 39
10700 21432 39
6056 20701 39
5112 25335 39
22279 35165 39
18609 29736 39
25942 30837 39
41587 43307 39
17511 39690 39
11780 16879 39
22504 33170 39
678 39564 39
36163 43121 39
7320 11306 39
5141 23272 39
5474 12988 39
3211 29803 39
9127 15124 39
28403 48092 39
764 14823 39
34202 45876 39
21162 25703 39
20312 30390 39
7629 16095 39
1634 3410 39
34226 36478 39
19064 44008 39
22379 45442 39
1636 24289 39
2375 40722 39
1935 22091 39
4624 19798 39
13080 16117 39
34239 42859 39
19058 43367 39
5003 11347 39
1622 39196 39
13039 27259 39
3302 31580 39
8158 31896 39
17106 27831 39
29993 45897 39
10917 34147 39
16251 35632 39
13865 30442 39
28377 33250 39
7621 14602 39
13054 40336 39
24429 38265 39
22983 26539 39
3586 25666 39
21179 46763 39
17130 20000 39
41173 43121 39
17303 39042 39
13134 48278 39
3386 11049 39
26417 28997 39
19041 32091 39
21354 43968 39
11288 28707 39
7659 16272 39
13143 37636 39
6905 43243 39
6367 37199 39
29750 36261 39
13762 28564 39
28605 44423 39
2434 6057 39
4051 18602 39
29892 41081 39
17623 24056 39
39947 49687 39
5771 22230 39
15938 21725 39
24951 35933 39
11304 37957 39
15938 46957 39
29870 37311 39
22968 28016 39
37026 47068 39
28505 49551 39
394 672 39
29842 35424 39
8104 18953 39
13121 13448 39
13122 31083 39
5287 16635 39
425 13430 39
34023 34901 39
5331 11141 39
499 33747 39
34029 45468 39
3680 5168 39
2986 9048 39
21104 31648 39
5276 13617 39
26665 42922 39
9304 21589 39
7560 11492 39
30201 47900 39
12946 32579 39
238 38150 39
1979 13620 39
11366 13490 39
6993 11359 39
6993 10719 39
4880 45251 39
949 9628 39
12960 45188 39
35704 40481 39
2995 43077 39
7521 36802 39
6166 10550 39
17363 20914 39
9286 33475 39
4557 6035 39
21089 26965 39
1565 5105 39
15859 22649 39
7537 28427 39
19856 27168 39
21090 40787 39
26314 43835 39
35683 43882 39
934 8181 39
13906 32235 39
9333 48388 39
2444 9242 39
18820 28238 39
2967 4492 39
19078 28100 39
10054 30604 39
35513 36609 39
10328 41728 39
34141 39004 39
9692 23265 39
40875 46196 39
21366 22084 39
6887 40274 39
3399 13511 39
11354 18762 39
5327 27067 39
2979 3044 39
9708 39246 39
13931 17063 39
13930 39646 39
9704 13148 39
1974 14303 39
18468 18585 39
20492 30769 39
5520 6617 39
16282 32782 39
28270 34391 39
23287 35876 39
21373 26946 39
19679 27514 39
15048 25723 39
35535 46415 39
1769 16411 39
14923 33374 39
34739 34769 39
24632 29184 39
25738 43130 39
7905 43395 39
3343 29254 39
39862 48997 39
26482 30515 39
20046 29522 39
29269 33542 39
4011 12779 39
5730 18834 39
11062 21123 39
13420 38947 39
7793 9988 39
13579 14704 39
18501 32837 39
13426 21144 39
11138 44112 39
13429 25336 39
3594 10660 39
29357 35913 39
6931 26522 39
9484 10774 39
4584 6486 39
11173 17741 39
13357 37062 39
13357 44272 39
2849 29999 39
17205 46590 39
1756 35523 39
39855 39917 39
24626 49492 39
25767 47179 39
1764 2025 39
22337 40373 39
7847 36580 39
21266 49278 39
18934 49373 39
34899 49888 39
5159 9275 39
3702 22008 39
822 41465 39
3358 14747 39
34933 35488 39
13504 41073 39
15394 39210 39
111 36940 39
20044 27008 39
24786 35532 39
24676 25426 39
18927 25380 39
26534 36174 39
34789 41326 39
13445 15466 39
7809 8187 39
292 5282 39
2910 46161 39
491 32092 39
18188 25215 39
34837 49911 39
26506 30113 39
21 43401 39
17157 43275 39
885 27182 39
35276 48242 39
17281 42244 39
19014 38737 39
20444 25473 39
6246 28004 39
16186 34502 39
22074 31789 39
28716 34635 39
42386 45064 39
34460 35739 39
40942 42615 39
1882 27625 39
29578 31831 39
13696 16819 39
29694 34736 39
13170 20855 39
8068 37562 39
5434 6104 39
9410 12888 39
21182 24371 39
29716 39558 39
24911 27478 39
9615 29709 39
1897 39462 39
34383 48902 39
8049 24963 39
22469 35921 39
34406 39536 39
29646 49736 39
44513 46286 39
13645 45668 39
7747 8982 39
46815 46891 39
29438 30818 39
410 27033 39
1732 8364 39
4935 38719 39
29412 43728 39
28823 44173 39
42381 45810 39
79 382 39
18900 26260 39
13329 14936 39
9472 17592 39
37099 48639 39
4972 48654 39
4582 21054 39
26566 41836 39
25735 34219 39
40937 49702 39
29531 30396 39
13684 19613 39
35181 48520 39
3328 31663 39
10364 15481 39
6919 23246 39
29487 42440 39
7740 38258 39
14989 20988 39
4605 4614 39
21233 46609 39
2051 12869 39
2567 13277 39
8298 11109 39
8299 21105 39
6852 11377 39
23313 36327 39
5808 34127 39
9778 46459 39
19206 31408 39
2759 5519 39
14846 48280 39
6134 25268 39
478 1386 39
17077 21034 39
8285 18619 39
22924 34897 39
8380 31337 39
25158 49329 39
21788 23302 39
2609 48741 39
12865 29589 39
24265 36344 39
14117 47521 39
15840 43305 39
3499 13919 39
7001 24648 39
299 2258 39
12825 21290 39
18093 49699 39
15083 17999 39
30697 37314 39
2569 19069 39
48743 49442 39
22303 35278 39
7480 14810 39
27960 42563 39
2767 49169 39
30521 32998 39
9771 13746 39
8338 16571 39
6437 28132 39
7006 37429 39
22916 26675 39
11461 31775 39
3021 3922 39
30552 40277 39
27964 29098 39
3812 22314 39
19197 30364 39
37357 45863 39
23330 30240 39
30627 32600 39
9774 43980 39
25079 44818 39
27934 41602 39
20511 35282 39
20280 23499 39
30618 41616 39
42463 43971 39
41499 41660 39
5462 9304 39
12802 39362 39
10040 17180 39
25691 38323 39
12794 30384 39
10789 42686 39
7507 33009 39
599 20806 39
9216 23253 39
46456 47394 39
1484 1671 39
6163 10096 39
2015 28053 39
12692 42002 39
6163 16034 39
959 35880 39
3765 18126 40
3633 29555 40
6749 16623 40
19476 41693 40
10073 35075 40
4034 28544 40
24530 24915 40
10229 46213 40
7724 39634 40
5973 8507 40
30910 31294 40
1155 21095 40
41623 44135 40
43826 49482 40
1704 34535 40
5584 15431 40
1110 13028 40
12137 14488 40
11878 19681 40
22326 29024 40
6949 28338 40
32588 34183 40
39932 49702 40
19013 38390 40
24074 46729 40
4033 4616 40
38882 44509 40
18865 49729 40
22639 38665 40
35248 46414 40
21216 44579 40
29613 45163 40
3378 20192 40
12149 39586 40
18449 38480 40
34450 40535 40
38208 48135 40
23192 49990 40
39342 46757 40
152 8159 40
5344 22360 40
21885 24099 40
24865 32965 40
32905 43080 40
26036 31393 40
874 8497 40
21832 47698 40
39250 49381 40
9013 11499 40
9610 35417 40
4503 21201 40
3710 38264 40
2402 11275 40
27167 36092 40
13293 30324 40
18935 29072 40
9989 44282 40
42541 46454 40
16154 45232 40
399 41535 40
27933 36088 40
32051 49647 40
8764 28920 40
6839 42049 40
11213 11646 40
28746 40591 40
19723 29481 40
32055 37217 40
15984 21679 40
8763 26092 40
24879 29047 40
42652 44677 40
13251 28104 40
11111 35981 40
39527 44562 40
8009 43877 40
5908 12097 40
16728 28824 40
11209 34131 40
35940 48668 40
4746 30532 40
8767 45383 40
7732 15172 40
11471 19253 40
599 3992 40
9054 43036 40
4915 16902 40
11512 38781 40
11733 12313 40
7690 46545 40
11890 22668 40
15956 24648 40
11507 46171 40
1905 26607 40
36001 41594 40
8704 9185 40
10102 21148 40
31877 43207 40
26716 26912 40
20458 35020 40
6363 27980 40
1675 26224 40
7474 14003 40
36771 40353 40
29715 33198 40
20457 46176 40
34370 41289 40
18560 46206 40
29749 39839 40
3385 10537 40
17288 39799 40
10968 13305 40
15809 25977 40
29761 36507 40
382 855 40
1450 8160 40
10069 35215 40
16657 21948 40
2678 45894 40
9396 47204 40
29747 38496 40
4217 24742 40
16059 33923 40
17823 44211 40
9639 15134 40
29738 32293 40
20460 38559 40
309 18248 40
44916 46949 40
33830 34659 40
13724 30111 40
11244 40530 40
34416 39364 40
20813 29393 40
1483 42242 40
9631 30123 40
566 1840 40
6358 7064 40
1100 20856 40
8733 15421 40
7845 17476 40
11750 32095 40
12619 40799 40
298 19614 40
7847 10401 40
13216 22634 40
15451 46578 40
2610 43593 40
21204 30060 40
15115 34688 40
10596 16251 40
3879 21030 40
1098 13242 40
1681 6330 40
28658 33659 40
23218 39989 40
1679 21285 40
1899 6781 40
10353 44319 40
28656 33479 40
7081 19039 40
5904 34690 40
28666 37203 40
12179 46491 40
29686 47311 40
26063 29787 40
21764 25838 40
4517 37180 40
5560 13782 40
6855 48415 40
27230 44909 40
4101 11934 40
9632 23165 40
34392 45109 40
4596 8749 40
22714 39353 40
32391 44850 40
1767 3701 40
5296 18102 40
16111 29852 40
7121 12545 40
2397 49872 40
37136 37312 40
27823 30907 40
11157 29354 40
14115 14651 40
30716 30834 40
29251 38705 40
32743 38389 40
10086 17183 40
3929 14213 40
24106 24782 40
6450 10748 40
24105 38084 40
14169 48554 40
10511 23437 40
4418 8226 40
22451 36145 40
54 46960 40
29292 33620 40
28935 32929 40
22228 49093 40
4222 28754 40
28927 43150 40
10384 13705 40
1759 12383 40
335 36096 40
21871 33994 40
13376 48754 40
7778 21957 40
30695 37204 40
4734 5389 40
22514 49245 40
26898 34953 40
28935 44722 40
10189 31179 40
9958 18820 40
17212 48169 40
35103 44729 40
519 7413 40
32491 49946 40
11158 49224 40
9795 23108 40
7124 28340 40
19982 24706 40
17541 47183 40
4585 31847 40
7883 11058 40
9974 41601 40
16038 38202 40
521 33890 40
27833 41676 40
16891 33796 40
2644 3106 40
7877 11070 40
1190 9140 40
17042 22927 40
21260 27497 40
4210 29103 40
37630 48377 40
21 49390 40
4009 19693 40
9785 23158 40
35907 43417 40
19621 22837 40
10032 15644 40
22147 38683 40
3366 48304 40
10802 41145 40
8869 41919 40
30835 42860 40
14926 15755 40
27022 32067 40
11988 46415 40
23072 43621 40
55 9630 40
3202 10768 40
16817 22956 40
25998 35119 40
7797 46708 40
10801 39182 40
625 2471 40
13568 18598 40
32433 41844 40
8879 30931 40
7799 21253 40
32199 49532 40
5739 10242 40
34948 40294 40
4824 17707 40
2419 8361 40
983 13079 40
19427 21952 40
25480 42748 40
38042 38562 40
715 8872 40
11798 22287 40
14580 29084 40
16006 24085 40
3545 31999 40
21844 49969 40
2626 20617 40
13644 16531 40
29398 44844 40
29398 45012 40
15851 46256 40
45744 46275 40
2350 40781 40
16768 19119 40
14579 25814 40
9236 19249 40
5311 16847 40
23054 41219 40
29070 32229 40
15205 42787 40
10369 13998 40
40443 43485 40
5695 23982 40
23750 26097 40
35158 45145 40
37754 47339 40
3986 8247 40
22030 22252 40
1865 10566 40
24568 27220 40
17516 38623 40
29167 39055 40
1239 40959 40
5875 24435 40
18197 38148 40
15250 18715 40
38066 46762 40
23146 43971 40
36545 44170 40
8828 44934 40
10777 18437 40
10549 19996 40
14112 41563 40
16781 33182 40
15529 31845 40
3637 31948 40
13605 31707 40
22495 33497 40
8835 46803 40
16127 23376 40
4329 20964 40
7132 7186 40
12723 48244 40
11834 38966 40
5883 9093 40
10140 40361 40
3830 14119 40
34622 49032 40
8421 33706 40
39389 46700 40
1485 32816 40
33725 38338 40
10385 33493 40
802 38978 40
1498 2717 40
11200 28522 40
39889 40405 40
38016 47308 40
4110 36363 40
2416 19583 40
985 3422 40
8991 13953 40
1004 13136 40
10020 11648 40
6201 11606 40
18541 22416 40
20484 48728 40
967 13519 40
8539 18039 40
8506 12711 40
13885 42625 40
8606 25330 40
19854 32047 40
22165 37699 40
2170 44966 40
2458 22395 40
13023 25259 40
30276 42736 40
11333 22278 40
8305 8780 40
13001 42692 40
14209 45045 40
7281 42713 40
4297 19483 40
18047 23810 40
37336 43457 40
5144 6584 40
26805 44961 40
391 47570 40
24309 39244 40
27441 29516 40
28172 45239 40
6176 11705 40
1958 8786 40
13014 26244 40
37242 45990 40
30244 42591 40
4468 34510 40
22121 41670 40
9299 45070 40
20593 35537 40
17909 18078 40
20237 34628 40
18779 38272 40
17888 42650 40
24420 27355 40
20310 35811 40
6387 36047 40
2503 39226 40
22499 32985 40
28393 38603 40
7622 43608 40
12300 24073 40
18445 19757 40
18027 34170 40
6061 7277 40
31512 46851 40
11645 27023 40
8535 12965 40
85 2487 40
10703 34006 40
15272 39057 40
18548 27330 40
18648 26972 40
45138 45393 40
20236 31991 40
7541 14297 40
1996 8955 40
4258 43058 40
6422 10134 40
22920 24846 40
10671 11555 40
950 22188 40
13940 48720 40
7303 28786 40
1593 26142 40
44075 47571 40
2981 34519 40
2719 28492 40
12392 33610 40
7300 11161 40
11365 16983 40
42521 45165 40
3661 9033 40
7366 46661 40
8573 48801 40
18459 24606 40
12387 49586 40
4665 6356 40
6047 46552 40
6190 27939 40
18677 39412 40
35739 38564 40
42133 46734 40
4643 30418 40
30173 34416 40
10050 36072 40
12416 20439 40
8292 33617 40
4862 6935 40
12961 39340 40
8549 36155 40
22942 47785 40
15055 17117 40
2717 3473 40
15676 19898 40
23471 27433 40
12399 18750 40
3089 8493 40
6507 7655 40
694 3513 40
3289 27105 40
15325 26339 40
6691 9235 40
26131 28912 40
3063 10537 40
26304 40260 40
5664 35665 40
15725 16116 40
10661 44333 40
10053 49980 40
5473 42748 40
22279 31467 40
2455 31481 40
2721 26560 40
21069 47663 40
7555 41838 40
12998 45346 40
19853 30757 40
35530 47866 40
25068 30399 40
1582 13611 40
8204 17098 40
42716 49915 40
3610 3973 40
36228 45395 40
6519 16720 40
9702 25019 40
5496 12240 40
14049 47178 40
39168 41423 40
5785 13383 40
20503 34556 40
8199 22658 40
14374 22463 40
10735 14413 40
190 32463 40
17127 35850 40
20477 23306 40
2007 15325 40
11587 24932 40
46513 47424 40
224 544 40
12595 30509 40
11399 38994 40
9278 47376 40
6899 16670 40
14029 38891 40
30527 32154 40
28 2496 40
30989 44294 40
535 2125 40
2689 7371 40
11296 17664 40
2816 42292 40
27647 28451 40
4430 25558 40
6685 9702 40
1643 10415 40
7388 30730 40
3258 36752 40
17122 35222 40
4805 13067 40
44982 46143 40
7234 21619 40
2695 48413 40
13826 26261 40
2006 30457 40
14229 40929 40
19945 30073 40
44491 46986 40
15169 19830 40
20155 43636 40
17085 21660 40
14842 21138 40
39476 40822 40
43963 44929 40
15019 24842 40
27759 41599 40
7056 16706 40
31800 33159 40
21406 31725 40
27305 32891 40
4270 19893 40
29796 33634 40
9177 23151 40
690 33566 40
17001 42042 40
4912 25540 40
7057 10398 40
5139 6805 40
1084 18171 40
27752 32320 40
586 41765 40
9904 31440 40
4818 9916 40
10824 15233 40
11 509 40
2328 29090 40
27322 45939 40
42656 46027 40
14468 32665 40
39023 47264 40
23507 44912 40
5538 33443 40
18696 47333 40
25851 43802 40
6484 20598 40
10634 31800 40
12908 30179 40
33490 34693 40
26404 35991 40
34227 48017 40
11593 43908 40
437 11003 40
14034 40656 40
41654 46212 40
2095 3362 40
16233 45129 40
8648 18310 40
11591 22635 40
13999 41694 40
18838 25416 40
21421 24674 40
7258 17137 40
6024 8611 40
11321 28317 40
6023 43011 40
159 6136 40
44477 44482 40
19937 39132 40
25916 42981 40
10714 13755 40
4080 31738 40
11445 36724 40
17587 40268 40
17443 29180 40
17920 43780 40
15849 16363 40
17913 18716 40
1400 11665 40
4154 24585 40
1526 11054 40
24446 30690 40
5595 44674 40
37316 44854 40
14272 26085 40
38490 47669 40
43380 46542 40
177 14674 41
20689 32297 41
34908 43448 41
11110 17527 41
4546 22081 41
10473 41267 41
9146 11434 41
688 3221 41
5792 9962 41
4483 24380 41
4352 5971 41
4535 8505 41
46929 47412 41
10707 12502 41
9999 40471 41
3350 5949 41
19988 31064 41
19784 30346 41
16996 41872 41
19625 23571 41
11873 26343 41
11405 24647 41
167 32572 41
5513 5869 41
22416 31752 41
19589 33071 41
22350 48208 41
19659 47549 41
34751 46061 41
9517 37358 41
459 20411 41
11857 38932 41
10208 16442 41
35674 44681 41
4491 7569 41
23593 29283 41
5568 19264 41
5564 24308 41
22724 48382 41
838 35818 41
34021 36465 41
3359 23848 41
36761 43723 41
4420 40637 41
37632 48881 41
3621 25711 41
22725 45788 41
17551 21524 41
20089 42968 41
718 37850 41
23086 35815 41
19657 23619 41
9848 13481 41
17404 29900 41
10205 47144 41
17952 49993 41
684 36773 41
22655 34314 41
20499 21259 41
999 15845 41
1055 2446 41
35631 39007 41
49046 49426 41
9545 41854 41
33704 46642 41
5418 15706 41
751 34716 41
36664 40352 41
619 16277 41
11101 11489 41
36782 45327 41
11597 31866 41
41304 43466 41
3271 34137 41
5710 24603 41
4709 46049 41
4682 39013 41
19869 42892 41
23189 49877 41
9168 13640 41
19696 21283 41
20083 42162 41
9359 23346 41
11670 42728 41
23191 39940 41
10632 16904 41
38308 46518 41
878 10156 41
19641 23608 41
34443 49195 41
19716 20071 41
47568 48082 41
10994 20894 41
10147 21845 41
23255 35907 41
11470 28833 41
1117 28265 41
34517 42703 41
4498 7745 41
9452 43223 41
20561 22786 41
4543 21774 41
298 32489 41
707 48576 41
16918 20389 41
17654 19985 41
33596 45943 41
5798 13188 41
3374 46509 41
20613 37043 41
171 24605 41
11004 39444 41
734 21505 41
9935 17010 41
3212 35938 41
11212 19080 41
4236 8962 41
23223 33630 41
10976 15545 41
784 1132 41
11544 19998 41
9761 44092 41
232 22645 41
16948 29600 41
36404 39102 41
11692 40786 41
10607 34015 41
35302 44418 41
11716 28697 41
34290 47601 41
11289 11489 41
17059 20430 41
37812 46503 41
46024 47898 41
17760 21398 41
11674 37975 41
9628 25347 41
10132 18862 41
11684 46211 41
36354 48469 41
9040 36712 41
3229 34384 41
4272 48642 41
22587 32234 41
17125 40885 41
17058 17675 41
10016 21441 41
5405 32206 41
19825 31726 41
47243 49500 41
11298 11411 41
3280 28937 41
11743 21152 41
17058 45087 41
17863 23398 41
32793 42247 41
11353 49105 41
10213 21410 41
9490 13594 41
34060 44240 41
5627 19368 41
671 1557 41
11349 33467 41
33649 44147 41
38256 40913 41
20286 43426 41
19743 36035 41
19629 29262 41
17591 21681 41
9201 12686 41
9583 10624 41
805 27784 41
20489 28708 41
46657 46754 41
4274 5136 41
9110 16281 41
49496 49511 41
11060 24999 41
11850 21167 41
846 950 41
11151 38263 41
3425 3735 41
5501 49530 41
22599 28004 41
9575 32294 41
42297 47408 41
9266 16703 41
9577 18365 41
9495 21722 41
36592 39812 41
4597 34577 41
3449 9442 41
1032 44140 41
17719 39601 41
17023 44348 41
11804 32076 41
10010 37142 41
23058 36461 41
32870 49848 41
17756 30460 41
4412 13676 41
34144 39376 41
33632 38408 41
19682 38474 41
17339 34999 41
22589 30682 41
4298 16671 41
3301 22494 41
32888 45142 41
10077 18319 41
10567 24855 41
19570 38309 41
11820 39212 41
5664 47544 41
17527 42531 41
17699 30738 41
166 36685 41
709 1944 41
635 7384 41
3578 39446 41
4278 35594 41
35132 43528 41
36660 40930 41
19799 34978 41
10659 30565 41
4679 10140 41
46524 49245 41
20352 20629 41
5845 34739 41
1067 6525 41
23317 49233 41
15905 27350 41
14450 25650 41
38851 47371 41
3120 14987 41
29449 39582 41
21362 44249 41
2698 28748 41
13877 33106 41
38856 41757 41
24978 25136 41
15580 39967 41
31840 45488 41
7218 7391 41
29492 48142 41
2921 5719 41
39057 42667 41
15592 23413 41
6260 47193 41
6552 37003 41
3751 49717 41
1822 1851 41
25314 36703 41
27498 31724 41
13347 47959 41
25307 49829 41
6510 41029 41
27521 28529 41
5078 44147 41
31247 42116 41
12717 18540 41
15691 38240 41
21495 27342 41
6067 41975 41
45214 47296 41
29064 48918 41
28313 46121 41
2211 38384 41
12240 18450 41
2175 26292 41
2709 39159 41
2159 36641 41
6010 6448 41
27112 43096 41
27078 31128 41
8019 42763 41
16037 29059 41
14602 14704 41
7144 7263 41
13838 23363 41
3999 40426 41
38845 46548 41
31935 42287 41
24165 48860 41
1515 2925 41
13216 14466 41
6138 17022 41
25534 32958 41
18100 47826 41
4922 24282 41
4807 14879 41
1930 2021 41
31194 39516 41
28465 48797 41
27058 49325 41
38842 46365 41
21286 24482 41
13233 29681 41
25513 25968 41
12758 17519 41
23816 26038 41
18098 37892 41
5989 37385 41
12206 12369 41
25446 34776 41
25441 46455 41
27250 37428 41
8004 42199 41
4025 11856 41
7161 19406 41
39931 40903 41
12181 32526 41
1284 1891 41
8345 26590 41
6384 45429 41
42654 46702 41
27567 39373 41
27171 36448 41
14544 19213 41
6571 7486 41
5987 26810 41
28417 37333 41
30609 45258 41
19203 44313 41
4806 5356 41
6445 49959 41
27885 29697 41
12678 18657 41
27901 37109 41
7882 30079 41
12380 31583 41
1366 10395 41
4954 19152 41
2743 43433 41
15750 24053 41
22058 42322 41
12347 48332 41
5045 44787 41
18801 39210 41
6454 13982 41
7443 27812 41
6290 13632 41
14004 43250 41
8556 21337 41
15837 28761 41
28065 35082 41
4951 15246 41
4113 21206 41
1377 23251 41
21969 29812 41
3947 16631 41
3948 32637 41
19306 27036 41
24686 28953 41
22148 24313 41
22174 25531 41
18047 46526 41
13996 22619 41
1369 12007 41
8412 48440 41
2773 15573 41
25089 46541 41
1758 22159 41
42671 44271 41
13375 22799 41
44688 46297 41
3919 38488 41
29117 39976 41
21936 42153 41
30755 31704 41
3650 5984 41
13385 36806 41
2902 43560 41
23896 48670 41
27703 27817 41
3110 18793 41
24994 35692 41
15699 30003 41
30729 38284 41
6020 20193 41
2904 41970 41
6021 47515 41
21475 29368 41
12707 24569 41
7337 20194 41
30897 49262 41
7347 27539 41
5072 23879 41
1756 2239 41
7843 37883 41
18802 27439 41
27783 46603 41
15738 16512 41
16594 30810 41
1772 7121 41
2740 38699 41
44732 46765 41
75 538 41
3738 13510 41
388 47740 41
7376 13101 41
23898 39200 41
24627 33963 41
27721 45851 41
29267 39946 41
1981 46315 41
12691 20115 41
7908 30572 41
14213 27005 41
3170 23182 41
2961 34325 41
45332 49716 41
1629 6437 41
13730 44124 41
26363 31659 41
15044 31244 41
29989 41115 41
42785 46021 41
6213 45104 41
19438 47388 41
1205 48235 41
22085 43577 41
267 1873 41
15021 24016 41
26415 28863 41
2569 9370 41
3060 11989 41
24045 32575 41
30005 40793 41
30001 41633 41
3813 45408 41
1428 7034 41
2402 39537 41
21685 42994 41
26481 41543 41
14969 24943 41
16231 35005 41
4970 7663 41
25741 38746 41
6663 21008 41
14950 33500 41
3974 19065 41
26528 44003 41
12856 43164 41
14993 18723 41
13071 39851 41
31074 42303 41
15357 21115 41
38587 48140 41
32424 35177 41
1425 7454 41
1547 19880 41
8839 46448 41
13673 17178 41
6747 10551 41
3800 9441 41
16842 22189 41
13665 44303 41
18425 40849 41
15198 28926 41
25934 42671 41
21104 29111 41
1580 46993 41
7758 9666 41
8230 16659 41
24877 41431 41
30182 39647 41
26096 43773 41
6758 10798 41
3193 30538 41
24057 28348 41
6755 44870 41
13664 25187 41
26099 32763 41
37 4642 41
6747 39913 41
26001 35357 41
16313 43422 41
25950 43489 41
16329 25085 41
6339 49810 41
15101 34496 41
43493 45891 41
24881 42248 41
6714 32806 41
8886 15021 41
32440 48381 41
2480 36841 41
16827 37351 41
8192 12517 41
43497 45131 41
39825 49553 41
1603 16072 41
15091 19753 41
1450 44119 41
5185 7318 41
6732 26630 41
2500 6180 41
39513 48490 41
26157 39788 41
12904 41931 41
12149 25529 41
30321 32706 41
18441 22810 41
117 1706 41
21738 25272 41
6829 9938 41
28728 39216 41
6718 10114 41
21288 27338 41
30471 31286 41
12102 19913 41
1418 27047 41
21627 37586 41
26890 34390 41
4745 14480 41
6236 12593 41
4182 29226 41
6080 30030 41
6615 24333 41
3013 20236 41
29771 30841 41
29768 46142 41
14795 25758 41
16503 47005 41
20773 45781 41
6238 32364 41
20774 32314 41
5317 47160 41
1911 37404 41
26823 39301 41
14754 26932 41
29742 46594 41
32112 47450 41
13783 16599 41
15942 22980 41
22157 23988 41
19026 21733 41
19271 20652 41
20988 29865 41
26979 48034 41
8042 12870 41
21196 46426 41
39292 44119 41
21199 32369 41
30515 37137 41
2312 47966 41
1831 27199 41
26934 48256 41
6611 36368 41
6370 24159 41
16019 35250 41
28518 41655 41
17995 24842 41
28603 48439 41
12548 45521 41
39979 40856 41
2605 12350 41
7686 14101 41
5220 5552 41
29865 42821 41
25728 33576 41
23708 38957 41
45729 47863 41
6652 11473 41
6155 26388 41
2373 9416 41
5151 7990 41
8812 17474 41
1223 47600 41
32248 37100 41
14852 28146 41
5151 13231 41
14811 21922 41
30453 47969 41
5144 23388 41
2600 30591 41
16764 45219 41
4089 39033 41
21179 27942 41
7025 24663 41
18349 43951 41
18514 35598 41
7784 34565 41
28601 40064 41
3845 35538 41
29812 31639 41
16356 48162 41
24763 30792 42
6340 46634 42
29088 41934 42
35153 44884 42
13533 19542 42
24709 43209 42
7767 45347 42
7765 33111 42
28904 47793 42
21302 39571 42
18939 37574 42
24735 29764 42
18196 26886 42
16060 27385 42
3370 27571 42
29000 39348 42
4003 8760 42
28988 33637 42
44655 48132 42
813 22977 42
6311 7632 42
1860 48156 42
46697 47929 42
8081 38337 42
4910 22047 42
29810 48146 42
22083 26182 42
4910 7606 42
8104 34845 42
29851 30452 42
5765 44448 42
26 21369 42
2950 7389 42
65 39394 42
34238 35983 42
1636 26477 42
13188 14614 42
19007 47860 42
29667 34213 42
895 21677 42
29733 33832 42
23227 38407 42
30225 45898 42
9317 30834 42
19099 33066 42
23292 42765 42
3294 48490 42
950 40833 42
2984 4028 42
8238 25423 42
24322 40685 42
30144 47600 42
952 38920 42
24305 49006 42
20495 33911 42
6175 9326 42
34024 39334 42
5898 9842 42
3608 46873 42
4300 49266 42
1629 12083 42
39961 42958 42
34187 41427 42
16252 45998 42
23266 37689 42
1618 12643 42
3320 18636 42
24383 47747 42
34090 48781 42
20401 40311 42
23130 27783 42
253 9573 42
13406 42681 42
13398 29613 42
3600 9948 42
4944 15525 42
21244 31719 42
13384 46454 42
1752 29165 42
19742 25611 42
1752 14902 42
7877 15535 42
23116 25109 42
16081 45680 42
18952 39536 42
11127 31937 42
29339 49387 42
24684 26272 42
6291 22685 42
11133 16289 42
5727 8003 42
34770 46393 42
29238 34613 42
9440 48652 42
7992 8018 42
29478 38992 42
11204 15555 42
873 1766 42
13265 36823 42
11216 20608 42
29466 45515 42
11226 26379 42
5752 9830 42
29585 40480 42
19006 22967 42
880 13114 42
6267 45507 42
18979 33454 42
7950 19265 42
6270 35264 42
46846 49758 42
13342 18355 42
76 10109 42
13323 47093 42
863 4811 42
13321 31434 42
865 8456 42
72 15186 42
7979 47464 42
23154 37383 42
16152 18480 42
26918 34313 42
26853 43095 42
26855 31587 42
18344 18622 42
10469 10737 42
14719 30262 42
21626 45103 42
7075 32423 42
10474 11312 42
26917 33453 42
5554 42545 42
10480 14544 42
18558 37775 42
18569 43683 42
5562 9068 42
9992 10519 42
9990 24972 42
25573 48503 42
6640 35736 42
36951 45673 42
14850 24773 42
10036 47228 42
5146 44009 42
25688 27676 42
7015 46762 42
17560 49327 42
43308 48293 42
26796 32321 42
4427 12677 42
10460 14579 42
5138 29680 42
634 2149 42
27078 49738 42
10551 34239 42
3559 23710 42
14584 17156 42
6579 9224 42
3869 4389 42
15546 41042 42
637 1545 42
2655 6094 42
10571 26147 42
7179 42942 42
5582 9084 42
2669 47046 42
40418 46823 42
7192 38449 42
7198 28101 42
27029 27435 42
26971 45975 42
6602 17239 42
14662 42030 42
7112 24154 42
27011 37644 42
4507 40505 42
18520 34583 42
15501 19278 42
36635 43681 42
629 14131 42
21870 22756 42
27061 27487 42
18333 36989 42
43287 43389 42
40801 42180 42
6850 17781 42
37470 39938 42
5202 21113 42
10276 44744 42
25860 35642 42
22486 43380 42
6707 46646 42
37367 44787 42
15093 30598 42
548 32584 42
15089 26830 42
15083 23762 42
37319 42430 42
39469 49345 42
15246 27722 42
25983 37216 42
10204 20792 42
15226 38300 42
26005 39828 42
3540 22950 42
37294 43301 42
10232 19768 42
10237 18468 42
5189 12284 42
15189 43520 42
10173 28236 42
26078 43772 42
2507 24077 42
6961 39939 42
14986 45030 42
6927 13328 42
10090 33945 42
10090 15487 42
15373 33547 42
26468 29827 42
26487 47392 42
2408 43213 42
2407 15057 42
22469 34401 42
2402 5087 42
18496 39207 42
21667 45604 42
14902 41371 42
17627 31234 42
17737 18791 42
3835 36188 42
175 1264 42
2369 44354 42
15335 22310 42
26316 33438 42
26330 43072 42
26355 35064 42
26355 48508 42
6885 43336 42
5169 38865 42
264 6182 42
26402 31712 42
6902 20876 42
26418 42480 42
2429 24525 42
26423 29328 42
37155 48155 42
15877 30218 42
15856 49586 42
13997 25345 42
9724 21849 42
3726 47134 42
15868 20507 42
35620 46649 42
43079 48600 42
22930 30025 42
15877 35132 42
44413 48641 42
1975 23402 42
755 42228 42
5661 38219 42
2801 39795 42
24997 41269 42
13918 22768 42
28300 44876 42
13914 22815 42
19880 40449 42
27948 39437 42
14081 36764 42
44312 44975 42
14072 32205 42
727 36426 42
3936 12289 42
21433 28287 42
27976 30722 42
235 14996 42
19871 32022 42
37920 45951 42
3942 14952 42
35724 43626 42
10972 27072 42
10974 19947 42
18858 30524 42
1892 24845 42
7706 37231 42
3977 47460 42
2831 13545 42
6364 38708 42
35234 45247 42
9620 47096 42
28721 48035 42
28752 49475 42
137 14608 42
28771 28921 42
3592 36638 42
42353 48257 42
38014 42950 42
24977 43164 42
10907 19405 42
10914 29628 42
15906 38154 42
7628 7646 42
6383 44362 42
3966 28822 42
170 13881 42
28449 49651 42
7648 18581 42
35314 40425 42
39011 41944 42
1909 10501 42
9884 13407 42
10643 12737 42
19936 24679 42
14410 34862 42
4400 11116 42
25328 29320 42
260 41519 42
18662 22882 42
27513 34714 42
10688 44445 42
677 48372 42
2137 14521 42
41404 43113 42
21492 27314 42
14313 41418 42
5255 46095 42
4536 41177 42
5587 11320 42
27257 36913 42
2680 14447 42
36382 44218 42
338 503 42
18624 34206 42
20211 28456 42
6539 25427 42
15626 25425 42
39201 45377 42
10636 14435 42
25362 30739 42
9791 25841 42
10753 43328 42
7400 14681 42
35969 46369 42
9799 45688 42
3572 41367 42
14164 38645 42
15734 43349 42
17400 43804 42
22894 47146 42
44282 49539 42
2062 40045 42
2056 28477 42
5038 30291 42
9824 30006 42
4396 13140 42
505 40563 42
18691 34555 42
3917 11154 42
7351 11452 42
14284 44785 42
14274 40494 42
4390 48085 42
10735 46969 42
6341 12700 42
18702 37058 42
14257 30671 42
259 14921 42
14250 26222 42
2097 32632 42
22863 24802 42
5261 13564 42
703 8154 42
16494 47657 42
1057 46943 42
23782 30916 42
1427 38949 42
40976 47700 42
8562 45007 42
30438 43652 42
8394 34226 42
12562 37418 42
38637 45822 42
45131 48436 42
8754 40911 42
45935 49411 42
9252 31629 42
12789 28433 42
3017 35180 42
5841 43550 42
11977 43080 42
5352 38175 42
12692 31049 42
23826 44903 42
23461 28054 42
11508 15978 42
16707 19447 42
12553 30285 42
19234 45993 42
1361 4635 42
30823 43843 42
20884 49037 42
12862 20611 42
4087 28386 42
40031 42963 42
437 19269 42
8680 17067 42
1128 32201 42
5364 33129 42
16580 35646 42
12878 36468 42
33047 43989 42
19536 48405 42
12838 37009 42
31358 46369 42
16367 45635 42
19651 20831 42
17911 26703 42
4790 18667 42
23310 49454 42
1480 10968 42
1264 23456 42
9139 44769 42
31935 35348 42
11472 30832 42
12032 29483 42
16697 23835 42
23560 45149 42
31245 37436 42
23561 35964 42
22291 30661 42
12750 34648 42
11596 25117 42
11829 45250 42
16516 43444 42
22252 35864 42
12733 33705 42
38266 42605 42
23559 38939 42
41025 49115 42
20575 30031 42
1404 1591 42
147 163 42
33364 48317 42
46203 48632 42
41594 45087 42
23351 27155 42
33798 38754 42
1099 6925 42
8858 10398 42
4107 27193 42
1415 2246 42
11825 45864 42
22143 22412 42
16661 49234 42
4729 22963 42
32811 35027 42
11605 13599 42
33398 44175 42
8326 16943 42
1297 19764 42
30707 36075 42
20524 27923 42
9050 40803 42
8535 42188 42
5979 44711 42
19645 27580 42
16991 20531 42
16980 32826 42
20822 30348 42
4099 22439 42
21046 21963 42
9197 9299 42
20864 27177 42
32076 42389 42
4782 48077 42
17884 47262 42
31500 35245 42
4271 29644 42
30865 49216 42
4216 14858 42
38303 47705 42
30946 44553 42
31470 43011 42
22237 46652 42
9075 11772 42
3147 24029 42
9283 24170 42
32573 49177 42
3210 43188 42
8920 19231 42
8918 27006 42
1253 2990 42
12106 34129 42
11682 19466 42
32221 46617 42
11927 30390 42
24087 32885 42
1068 1399 42
16973 39475 42
16456 25253 42
12897 48829 42
19334 43720 42
23477 48557 42
1231 9967 42
16598 40830 42
32609 47161 42
23766 40176 42
1128 1393 42
6012 24446 42
16473 26119 42
11412 12727 42
11904 32444 42
32500 34377 42
32626 39977 42
8678 21096 42
20544 45991 42
12086 39545 42
16349 31111 42
4116 23171 42
16448 37901 42
8644 34853 42
8791 33254 42
9293 11909 42
4779 7536 42
11535 37484 42
3109 46633 42
8439 41823 42
19172 23945 42
45600 47531 42
28538 37141 43
10942 43059 43
31149 38396 43
24820 27748 43
36656 49721 43
2645 26869 43
4997 6948 43
4819 14110 43
39788 46195 43
1455 27861 43
20013 27349 43
24939 31060 43
36821 44139 43
41370 45855 43
9567 39629 43
25507 34829 43
1829 46772 43
9147 17327 43
7633 28745 43
19389 47767 43
13567 35398 43
3389 27585 43
15526 35273 43
3392 5307 43
10549 37525 43
22161 41810 43
12088 40211 43
22002 27261 43
8436 32748 43
15989 23400 43
9659 36926 43
9034 49524 43
1838 3202 43
6327 36937 43
10538 22149 43
20314 31774 43
7787 16557 43
1104 33151 43
21291 30072 43
2649 7380 43
7032 31575 43
10021 38752 43
30927 43949 43
13574 29005 43
10457 16471 43
45705 46422 43
25507 49685 43
6381 20328 43
14679 24505 43
15488 36457 43
33472 49289 43
79 5865 43
12126 14875 43
40899 44325 43
42515 46529 43
2311 35509 43
41428 47118 43
12597 15159 43
5129 10016 43
9628 36316 43
3380 35326 43
5403 28704 43
7104 25202 43
8753 42073 43
10979 34595 43
4975 13183 43
35278 38892 43
13644 24982 43
11783 21183 43
28762 38765 43
9991 25226 43
3856 33083 43
22216 24484 43
19401 29190 43
45305 48151 43
9618 16579 43
9618 18560 43
5690 34604 43
28765 48560 43
15483 39461 43
14683 32830 43
24056 28646 43
4582 22499 43
27000 42768 43
10522 14646 43
11760 43736 43
38601 44171 43
8777 13549 43
329 1105 43
1270 49280 43
22211 27818 43
12100 42344 43
366 4535 43
26876 46655 43
7663 9540 43
28624 47922 43
6359 30929 43
24898 40904 43
2826 37705 43
9635 21670 43
30981 38557 43
1029 43945 43
3381 29376 43
779 1427 43
4425 13800 43
9976 44719 43
2290 37921 43
24026 26262 43
3973 6886 43
15493 46705 43
36265 49437 43
12340 28814 43
10649 49864 43
7420 37177 43
446 5397 43
5048 7775 43
6529 21759 43
15758 33484 43
502 15688 43
3931 14872 43
5046 45697 43
14197 23068 43
5060 49733 43
14390 23905 43
15738 16063 43
8609 16860 43
2083 22598 43
21544 47658 43
19319 21023 43
21937 35611 43
5058 6480 43
3423 14172 43
20214 48766 43
2184 36004 43
1360 31161 43
43973 49934 43
17480 37360 43
5042 26660 43
2049 4201 43
39119 42539 43
21550 49079 43
715 32948 43
19881 39016 43
36290 47571 43
31768 42704 43
27875 34445 43
18300 48313 43
22400 45949 43
12363 15318 43
1062 16234 43
19940 49536 43
5042 28495 43
2135 16878 43
6494 7296 43
9855 28885 43
8634 31682 43
16967 34745 43
20242 27852 43
444 31922 43
4392 36677 43
5851 43515 43
41396 42910 43
36078 48852 43
5611 14507 43
2722 22393 43
6499 16448 43
36125 48247 43
10705 43423 43
12269 22288 43
3568 26887 43
12268 33551 43
15710 42262 43
44130 45244 43
6495 7754 43
6494 41399 43
2123 26419 43
27736 32508 43
18706 30156 43
31704 32404 43
10666 36509 43
3904 14537 43
36027 37628 43
2713 44144 43
8618 38556 43
6027 37561 43
37890 45068 43
21527 28149 43
6482 7280 43
14352 22049 43
18676 22582 43
22201 25283 43
22416 49974 43
12300 36313 43
4238 28744 43
3438 9486 43
6487 10676 43
15723 29652 43
15723 49675 43
9864 33055 43
11656 48928 43
9049 37348 43
5112 5398 43
12189 16745 43
28222 38801 43
2239 31931 43
31257 36668 43
16946 19609 43
39683 48884 43
17350 29378 43
2662 23907 43
13928 32805 43
17503 41220 43
17503 19006 43
6411 46390 43
189 33444 43
13981 15308 43
2250 29705 43
7183 34587 43
340 3223 43
13969 27102 43
9934 49732 43
3875 48984 43
2807 13802 43
9692 13783 43
1954 32894 43
1954 7346 43
10902 18127 43
23528 38930 43
28348 47985 43
28349 44032 43
28361 46477 43
17523 37107 43
28367 45707 43
9683 29467 43
27107 38941 43
7150 9770 43
13856 35728 43
17330 25892 43
27153 27237 43
756 19465 43
13916 43581 43
7162 7661 43
24986 31329 43
11593 30063 43
27144 47964 43
5665 8334 43
21368 26421 43
21367 35296 43
1041 1295 43
22918 46764 43
18243 25387 43
39733 43563 43
2202 8262 43
19868 38620 43
18624 19493 43
37803 45365 43
15827 27485 43
2208 9045 43
2026 2902 43
20284 41704 43
4793 7893 43
12392 19201 43
8574 14944 43
5855 7501 43
15610 28680 43
22912 46823 43
2769 3761 43
35754 43011 43
12394 44337 43
2769 30684 43
27984 44043 43
17378 20084 43
8696 13030 43
14493 14857 43
23820 28507 43
23972 33026 43
9732 44563 43
2001 2121 43
21399 44136 43
12207 46891 43
2222 2536 43
646 7481 43
28145 34155 43
27254 34499 43
12214 26340 43
41613 49573 43
21967 40892 43
23957 47230 43
5024 34144 43
20292 30890 43
19959 41905 43
20906 23977 43
37921 42465 43
39100 39799 43
17501 26155 43
44366 46328 43
3029 8045 43
39917 44157 43
6257 28445 43
8952 47510 43
3205 6010 43
873 9587 43
6908 37237 43
26422 34374 43
13022 47857 43
34143 49432 43
10362 30202 43
30031 38604 43
29453 29535 43
41683 49576 43
15166 48737 43
17179 18256 43
21153 30601 43
13258 32987 43
17165 34315 43
13258 17780 43
9353 24385 43
15034 22706 43
13247 49828 43
10259 27753 43
485 31916 43
26375 26380 43
11845 27188 43
19007 24498 43
20687 35758 43
29511 33083 43
15147 19797 43
4650 20322 43
4218 42834 43
15352 24910 43
10106 15475 43
3026 5769 43
222 459 43
9283 19721 43
10176 42798 43
13000 25294 43
18984 39568 43
37127 39943 43
1607 43129 43
4630 12418 43
5437 43624 43
353 25542 43
1750 2380 43
29351 33065 43
12718 47205 43
10091 20606 43
39906 45015 43
866 4927 43
17047 22634 43
3165 13808 43
30676 39739 43
13017 22266 43
5310 21407 43
45077 45187 43
1728 10255 43
1613 36544 43
24392 26679 43
12027 29900 43
533 10448 43
10377 20593 43
32329 44216 43
20047 22809 43
24451 35921 43
11441 39786 43
8072 26541 43
1646 18180 43
17671 29925 43
6852 28906 43
5431 23055 43
11276 48617 43
13161 31302 43
26276 33848 43
26274 26542 43
2937 11756 43
8129 25938 43
12811 36025 43
38412 43651 43
20071 21714 43
15095 34677 43
16822 21869 43
30429 42691 43
16219 21476 43
11435 26818 43
4304 4960 43
8306 29662 43
9383 14658 43
20684 46669 43
37401 42912 43
3309 12493 43
10288 22062 43
29762 38605 43
13146 28348 43
23654 47662 43
16828 46050 43
13155 49680 43
30405 45459 43
1646 32576 43
10279 20074 43
12004 22116 43
8955 34738 43
15051 15164 43
21712 26925 43
5431 7361 43
19061 39403 43
17937 29110 43
11414 30198 43
13220 47041 43
5321 45062 43
34420 34723 43
16186 30261 43
15327 19099 43
11247 19143 43
1513 23180 43
5313 25402 43
42854 46568 43
4316 31291 43
29597 48381 43
15044 39961 43
38096 41102 43
12761 31882 43
3171 26268 43
24517 26233 43
8336 37731 43
557 1909 43
24445 31300 43
6862 26361 43
894 43760 43
29930 34856 43
1677 4969 43
9412 48657 43
16194 32454 43
11980 34111 43
415 30523 43
19707 24574 43
11991 42308 43
8050 13180 43
26312 46788 43
16389 22938 43
6869 43429 43
30564 32434 43
29931 46097 43
29944 30107 43
16842 48742 43
17237 32852 43
26010 29461 43
22627 40158 43
19620 22591 43
26011 44950 43
3197 5536 43
20034 23560 43
17240 17837 43
12652 26581 43
15223 22165 43
20378 39791 43
7852 10685 43
23702 29229 43
1798 20252 43
23124 35553 43
140 13466 43
10054 33017 43
25716 37285 43
11882 21103 43
6653 39811 43
4654 37949 43
1787 30061 43
10059 16581 43
34792 46123 43
2528 20496 43
16083 28462 43
7864 40436 43
32256 35285 43
26647 41509 43
10052 49000 43
13460 18178 43
1820 7706 43
22221 33711 43
5394 47241 43
12080 35222 43
34954 47462 43
38722 46624 43
39638 49652 43
9303 19847 43
4702 8925 43
29073 39830 43
20159 25011 43
9561 11175 43
3495 33113 43
29033 31206 43
29075 41033 43
41310 43283 43
955 7753 43
3496 36633 43
13547 40102 43
9555 18038 43
23095 45459 43
19523 29981 43
29117 35383 43
19481 23070 43
10035 18368 43
7837 21987 43
40136 42453 43
5954 29589 43
5220 5900 43
13531 25575 43
10444 18488 43
25683 37363 43
521 669 43
12929 32634 43
32173 32292 43
18411 43940 43
3048 7579 43
34011 38577 43
4461 17537 43
10206 45960 43
3550 32521 43
3832 19114 43
39430 41637 43
16289 23744 43
30122 31672 43
5538 14675 43
12980 28173 43
30780 47846 43
3506 10560 43
8197 23298 43
20413 28411 43
13385 14653 43
20407 21992 43
17903 38183 43
5418 8724 43
25935 33423 43
10072 34942 43
16778 20691 43
12986 37276 43
29258 38247 43
24635 42098 43
18168 39595 43
11150 32853 43
43631 48060 43
4486 7405 43
7917 18305 43
1222 13467 43
11145 42636 43
5814 44918 43
12984 40172 43
5152 46639 43
12991 26610 43
42371 47585 43
32281 37518 43
32648 39953 43
30783 31134 43
18089 35457 43
9209 26235 43
9206 17057 43
37028 45399 43
13368 49529 43
42964 48794 43
5190 38965 43
37108 41704 43
20538 20574 43
22307 33201 43
45219 49056 43
45963 48384 43
34766 37852 43
1783 7652 43
15392 32469 43
576 5383 43
10282 25849 44
455 38282 44
6000 32445 44
5095 19797 44
2539 14253 44
37542 44008 44
27560 34970 44
2530 43354 44
6543 15869 44
43481 46376 44
9869 45013 44
2709 15202 44
10180 21074 44
7288 35090 44
10146 19355 44
25320 29000 44
2532 37958 44
18419 27015 44
27481 27568 44
2162 44209 44
33059 48808 44
18427 34954 44
10278 29449 44
37423 41866 44
11919 33728 44
23489 40345 44
10661 15974 44
15118 17349 44
3915 34168 44
32672 37396 44
9876 18295 44
14335 45489 44
15282 39778 44
41391 48158 44
36174 43413 44
14334 14652 44
8678 22175 44
5391 12862 44
5497 11615 44
3199 47468 44
117 42498 44
17685 36868 44
31739 43178 44
36286 43725 44
3795 6969 44
26139 49762 44
32557 42519 44
540 2495 44
10217 37986 44
12235 44167 44
26164 29151 44
10642 12075 44
15173 20800 44
26046 48635 44
21553 33758 44
44108 44652 44
14420 27858 44
2482 35993 44
3120 6984 44
31692 31748 44
10692 25437 44
32470 33555 44
5201 6082 44
6824 8936 44
15252 16065 44
6530 41152 44
14397 43196 44
25312 28592 44
17969 43835 44
5914 20133 44
8671 37978 44
36306 37015 44
26599 39391 44
37069 42448 44
19984 35659 44
6601 30562 44
40751 41975 44
6967 27488 44
6600 26571 44
6966 40180 44
7109 38823 44
21673 37202 44
8757 9428 44
19989 28901 44
5229 8125 44
4432 20434 44
11766 12509 44
2298 18794 44
2379 12599 44
9982 32957 44
32824 35340 44
8834 9393 44
12154 27593 44
18335 41680 44
3135 8117 44
2405 29022 44
26500 48096 44
45959 47971 44
12036 23184 44
20804 47272 44
25754 31711 44
27073 36708 44
25767 29891 44
2281 42632 44
32812 48412 44
7112 12786 44
14934 32178 44
1271 48140 44
5150 39759 44
14641 42924 44
12038 30977 44
18553 27144 44
14767 39507 44
41583 47699 44
6631 14527 44
26726 43710 44
32156 45690 44
19530 40613 44
11796 35968 44
603 17242 44
45978 49131 44
5963 32374 44
23739 33186 44
15410 21625 44
9998 23914 44
18563 24145 44
32054 37291 44
25592 37327 44
32254 44461 44
4421 8708 44
14870 40680 44
8804 24696 44
42546 43240 44
8769 34554 44
9019 24678 44
15579 42069 44
2217 21150 44
18617 34374 44
32403 45961 44
17971 31960 44
2456 8152 44
15090 20807 44
4472 22234 44
41289 41394 44
36400 42880 44
7188 48473 44
5374 24510 44
5108 14467 44
10318 13512 44
15570 23354 44
33029 41663 44
18323 33631 44
42583 43689 44
25414 49618 44
31809 48105 44
26271 36964 44
6709 9010 44
22517 27931 44
6845 29985 44
36373 42424 44
25863 45553 44
39491 44322 44
21897 28256 44
5099 29673 44
42257 47975 44
44 307 44
22524 24536 44
4166 20449 44
32732 42821 44
39697 46807 44
10607 35768 44
10294 36240 44
5177 19354 44
340 12946 44
22738 24971 44
17644 21768 44
14597 35800 44
18595 29542 44
10556 23162 44
14601 14971 44
23681 24856 44
17524 38096 44
36536 44591 44
3164 46731 44
10089 10481 44
25505 39650 44
32985 38655 44
6926 35474 44
3134 6720 44
5863 6734 44
26446 28765 44
6573 47194 44
4732 32325 44
1202 20915 44
17513 47050 44
12189 38471 44
5109 32505 44
7183 22298 44
2669 7673 44
3756 44780 44
23799 30706 44
15003 31901 44
25805 41526 44
18468 24264 44
20643 23428 44
45669 48599 44
3354 11380 44
1804 38382 44
11530 40139 44
44693 46681 44
38194 38763 44
6300 40677 44
5303 8516 44
1795 3980 44
44698 46424 44
7863 14638 44
29172 30044 44
29018 40895 44
11070 22020 44
13554 46567 44
4116 6066 44
2863 6289 44
16084 18503 44
24771 46945 44
30904 38016 44
3048 13498 44
33699 49840 44
6120 38555 44
23137 31327 44
34708 43636 44
3272 10344 44
29363 43273 44
17232 17417 44
19769 33834 44
30833 33124 44
23372 29923 44
20994 41326 44
23364 40785 44
12688 14218 44
24658 39451 44
16105 49503 44
13721 21381 44
4361 33536 44
24885 45370 44
15983 21328 44
15971 42589 44
28734 35071 44
24051 32317 44
3376 3717 44
20340 49387 44
24879 25361 44
11008 41818 44
21324 44840 44
1872 31626 44
775 31190 44
3718 6604 44
31141 38703 44
10945 12765 44
17823 20466 44
12543 18940 44
24914 35967 44
7701 37420 44
23421 42101 44
16019 42466 44
30934 43285 44
12616 20675 44
492 5386 44
11046 17713 44
6097 14749 44
33548 40574 44
21286 44428 44
35059 42876 44
22358 49475 44
811 25458 44
20346 21786 44
5695 25915 44
24853 47133 44
38979 41576 44
19251 42274 44
8461 37000 44
9600 41338 44
20528 36853 44
9595 18476 44
4973 8885 44
6093 21598 44
18904 31889 44
28897 48833 44
35114 35243 44
13622 49123 44
12876 33826 44
8138 31876 44
1633 2020 44
40630 46533 44
1552 7679 44
13057 20420 44
181 29767 44
12885 34480 44
21153 49181 44
30344 47227 44
11410 23632 44
19696 35982 44
21078 49366 44
22306 49143 44
5424 19380 44
4045 17298 44
5770 23692 44
24250 38006 44
8115 42460 44
22085 36018 44
24264 29168 44
16232 18063 44
11421 42864 44
34238 40171 44
1548 1751 44
34007 37131 44
30160 47249 44
8265 13149 44
30169 33273 44
8218 46724 44
38144 38519 44
16301 39084 44
11396 17049 44
1581 4017 44
6178 29181 44
12911 16277 44
22109 28730 44
17093 29646 44
30257 40353 44
8175 25054 44
34131 49400 44
30335 41631 44
24379 27228 44
11338 26572 44
24360 37952 44
24360 32280 44
24358 28218 44
19158 21308 44
9325 17799 44
24235 41906 44
2974 17967 44
22315 27086 44
17096 36859 44
945 9815 44
11211 24906 44
1717 28285 44
6256 36310 44
4606 21091 44
4025 25776 44
1506 41359 44
3671 14515 44
24166 46773 44
11228 20744 44
19644 25175 44
33828 47704 44
13235 36966 44
29395 31499 44
34626 47247 44
19215 27741 44
16132 16458 44
985 48640 44
4938 45220 44
17903 31646 44
21238 49831 44
34584 40938 44
9227 36017 44
6266 24848 44
19731 40117 44
29743 33864 44
13177 24543 44
8317 13507 44
24209 43238 44
38111 44968 44
416 14010 44
902 2493 44
29718 37220 44
34310 34936 44
22078 33427 44
1670 5621 44
29752 44814 44
8043 46115 44
4031 46249 44
30593 33358 44
881 9746 44
34434 40848 44
8331 21753 44
11241 20604 44
5757 34399 44
8042 34043 44
4240 28141 44
9420 21050 44
29685 45448 44
42902 45599 44
5421 40550 44
1525 1617 44
10765 13245 44
35636 43044 44
7402 48258 44
382 3084 44
7552 8100 44
1345 2820 44
747 41056 44
11603 13737 44
35686 45974 44
288 32255 44
1350 22903 44
3242 3443 44
21398 42393 44
16545 18400 44
2741 28473 44
14192 43001 44
31269 35373 44
24002 27825 44
28269 32404 44
4802 12395 44
28279 45008 44
40856 43538 44
22859 25165 44
5278 30351 44
85 20388 44
6394 32743 44
9828 21803 44
6068 18639 44
8537 26099 44
7385 15362 44
6059 12937 44
11650 35909 44
42743 45282 44
5841 6357 44
12311 35955 44
3585 47052 44
1976 27403 44
2799 40782 44
27881 36629 44
2032 27164 44
5032 40435 44
9754 12997 44
6433 47493 44
31324 49183 44
2028 5759 44
735 49259 44
7444 9272 44
8586 43648 44
33239 41071 44
8570 41965 44
17382 31144 44
11622 31857 44
16565 41199 44
2040 31631 44
9108 27788 44
10804 15531 44
11622 16801 44
9782 25690 44
14167 36716 44
22883 47002 44
28110 28195 44
28113 32757 44
17914 38407 44
92 17402 44
2744 2824 44
5026 25737 44
5026 16076 44
7501 9432 44
35747 35865 44
9788 37433 44
7505 19916 44
10789 27175 44
28063 33285 44
5634 27351 44
1374 43277 44
17401 44987 44
21992 23856 44
10923 18616 44
27666 30423 44
28391 34484 44
16525 17182 44
3073 45453 44
19841 45825 44
10717 31637 44
41514 47233 44
9687 20020 44
7360 40777 44
17311 47679 44
15719 29989 44
47261 47884 44
17434 34893 44
19275 28476 44
27667 32221 44
9147 16721 44
22856 33187 44
7337 14137 44
3719 11920 44
15934 35752 44
24948 46717 44
9087 17896 44
84 24710 44
3658 21699 44
27656 44425 44
2122 15195 44
14280 34600 44
35512 39337 44
9670 39768 44
2814 8483 44
15074 24685 45
19901 37658 45
36118 43843 45
33211 48977 45
12234 19138 45
15319 48037 45
20062 47978 45
23484 44045 45
25160 48427 45
11451 11488 45
15640 17616 45
13185 33909 45
31434 45112 45
15711 21864 45
24180 49672 45
18744 44940 45
14288 18506 45
12946 42972 45
34046 36175 45
23659 34304 45
13207 18644 45
41239 49574 45
38294 48081 45
40689 46400 45
13234 17662 45
19662 23709 45
22312 24199 45
23192 35024 45
13240 47923 45
14104 16197 45
16175 45030 45
32770 38127 45
30604 35647 45
29567 48896 45
19556 25470 45
10339 34122 45
30621 35451 45
44852 47717 45
18159 23136 45
37682 49375 45
14083 27163 45
17634 42886 45
32638 34889 45
19020 26928 45
16396 19791 45
41882 49082 45
14304 19028 45
39975 46743 45
13213 42355 45
14433 19336 45
20587 22392 45
27373 36611 45
25155 31617 45
19506 46663 45
20868 21821 45
26363 27601 45
43985 48786 45
29962 40462 45
25239 46120 45
18441 34982 45
31709 45643 45
24375 39034 45
27713 28208 45
12887 21386 45
25929 31784 45
12997 30726 45
21739 28709 45
34182 47816 45
41978 47066 45
37523 46046 45
11327 41207 45
18668 48072 45
21070 25440 45
25226 27509 45
37541 38343 45
15124 36094 45
14337 19601 45
30335 38492 45
16352 16392 45
20109 27170 45
15171 36106 45
11939 39861 45
34138 35969 45
27688 38362 45
20253 28992 45
14354 24751 45
23646 46122 45
12301 43267 45
13032 20467 45
34168 39617 45
16624 47464 45
22500 28672 45
13036 36901 45
15679 20937 45
11936 16574 45
30101 45803 45
25909 34651 45
17945 22775 45
16290 41156 45
16628 28012 45
27798 47540 45
38400 42776 45
16628 43052 45
11355 36310 45
27661 39530 45
27400 42005 45
22489 25935 45
11358 27812 45
37582 44366 45
17141 24083 45
16584 42596 45
15758 20453 45
34054 49370 45
19038 35941 45
26289 32538 45
13172 24946 45
11962 47676 45
34084 40963 45
34250 38695 45
37564 45977 45
18717 43051 45
10234 13506 45
11691 18149 45
17083 35473 45
29871 32845 45
14162 42026 45
18722 42386 45
20256 45332 45
27789 42732 45
18110 48418 45
18142 33566 45
12978 41283 45
14329 29290 45
49204 49621 45
12837 35438 45
33526 36796 45
17261 42664 45
31213 33874 45
12484 15560 45
31222 33859 45
16480 17374 45
40902 41130 45
32896 39879 45
21858 23933 45
23060 25168 45
26928 29608 45
32074 41912 45
31208 35820 45
11023 19127 45
30982 46718 45
11058 28017 45
12606 49201 45
30981 45386 45
28358 37428 45
39650 48548 45
35134 37321 45
13636 33210 45
25606 38835 45
24771 41321 45
23987 34899 45
38024 47707 45
25467 31498 45
36884 40070 45
44399 47374 45
24766 31554 45
16467 23842 45
13974 18149 45
29069 39264 45
12183 13681 45
15447 47219 45
19414 37004 45
14785 19740 45
35583 49700 45
13941 47792 45
21386 41581 45
12187 35106 45
16039 44542 45
26989 29320 45
11576 41677 45
17010 20726 45
13763 36102 45
12545 18710 45
43039 45737 45
11572 39390 45
18074 34681 45
19982 49559 45
28632 31334 45
22161 35729 45
17316 46857 45
33466 34926 45
22451 32111 45
36722 43387 45
22995 28973 45
17536 21052 45
24947 39480 45
22376 32385 45
16942 43049 45
44498 49286 45
18848 32189 45
40502 43251 45
43041 47031 45
28566 29748 45
39840 40933 45
19254 47879 45
35210 35333 45
16719 36172 45
49954 49987 45
17272 40982 45
28759 34707 45
28760 33584 45
18206 47430 45
12134 23411 45
24964 28677 45
12582 45146 45
21862 35837 45
33507 48845 45
28393 30701 45
39814 45254 45
17323 39630 45
31952 46824 45
43799 49133 45
22700 24924 45
17196 35855 45
12704 44885 45
20637 46416 45
27997 40220 45
12217 38172 45
25429 39466 45
30692 39140 45
43208 45176 45
15603 15758 45
12726 34338 45
11184 44793 45
16432 26579 45
12690 33749 45
29270 39730 45
32817 41652 45
11616 14914 45
34731 48252 45
16140 32542 45
13381 47142 45
14043 29526 45
13368 34794 45
33731 48400 45
15002 45987 45
15613 24744 45
18767 41648 45
42496 45398 45
29477 49751 45
17758 25570 45
20431 40765 45
12739 30323 45
16159 41669 45
25804 48828 45
35865 47935 45
20840 23938 45
29408 35629 45
13310 24238 45
10625 40896 45
11194 45470 45
11195 27172 45
15364 26794 45
11196 34447 45
31278 43230 45
14519 35856 45
22356 23712 45
28147 34450 45
36423 44302 45
13489 15658 45
22054 27207 45
28137 35150 45
14868 31907 45
33622 37547 45
10869 40983 45
16461 28807 45
27194 47832 45
28136 30658 45
34916 48990 45
32213 39410 45
36437 49684 45
24673 31853 45
47424 48292 45
10600 31689 45
11514 24100 45
21250 26697 45
16771 39494 45
24124 40912 45
28059 47684 45
17029 28650 45
20153 38116 45
14870 26973 45
10597 44757 45
45261 48092 45
32256 35998 45
41689 45757 45
32824 48548 45
34799 37650 45
22349 37718 45
17230 28682 45
39098 49343 45
21011 49373 45
24110 31091 45
8219 30970 45
9842 48435 45
1452 40855 45
2008 22493 45
2825 27261 45
5478 38193 45
8213 34947 45
5985 25644 45
6749 16051 45
2850 8056 45
2283 8840 45
5685 35167 45
1167 9457 45
2802 7607 45
6727 24176 45
9932 43865 45
4757 17834 45
1796 40654 45
9024 9412 45
830 31412 45
8206 31247 45
3570 11801 45
2276 44157 45
1439 6930 45
87 9076 45
5263 48504 45
7201 31794 45
3201 5968 45
2482 14286 45
8948 25147 45
2230 48729 45
4385 27811 45
1126 27142 45
5669 28155 45
420 29846 45
3145 43327 45
9687 23142 45
4560 10942 45
3142 16954 45
1487 19009 45
4579 9945 45
3355 18514 45
4816 13369 45
3161 6824 45
5682 17160 45
2024 2209 45
730 843 45
9667 45869 45
1661 40191 45
171 18738 45
404 38018 45
2473 5761 45
8297 14052 45
2031 4528 45
8950 11404 45
3642 41953 45
1207 13605 45
8168 46340 45
9891 19581 45
5373 40817 45
5403 16729 45
9911 15853 45
3323 20648 45
1225 7633 45
5355 21668 45
6643 48908 45
690 1302 45
4692 46024 45
1369 15893 45
1745 46366 45
2686 24797 45
8764 20531 45
7051 48745 45
1755 37573 45
314 33522 45
301 26935 45
6658 15624 45
7050 45030 45
3311 9811 45
5381 27224 45
1389 35107 45
9131 44258 45
8153 17467 45
7253 8758 45
671 41618 45
7069 32149 45
4606 39881 45
8585 13743 45
2740 11768 45
5927 33965 45
1368 34316 45
7827 13122 45
2337 13986 45
9391 29367 45
4171 34398 45
2764 27994 45
3346 32208 45
4735 48357 45
2777 43449 45
6486 36313 45
842 3531 45
4741 40108 45
342 3800 45
2718 44250 45
7269 46113 45
4297 49714 45
907 44899 45
8135 29793 45
10057 23485 45
7229 34373 45
1973 45197 45
2344 23042 45
2644 17703 45
352 11816 45
6279 38347 45
7157 20146 45
7926 24404 45
6895 9304 45
7743 31027 45
4953 43367 45
5548 8162 45
3823 44940 45
3951 49887 45
8521 18316 45
7470 13226 45
5559 7665 45
9052 11834 45
3456 5901 45
8877 18391 45
9955 32898 45
1101 19034 45
2094 33777 45
797 1419 45
3388 34835 45
8929 31745 45
2182 7763 45
7468 31095 45
796 26525 45
6149 39328 45
10176 10368 45
251 994 45
8276 14626 45
203 396 45
4944 7145 45
533 1642 45
9505 10489 45
9526 10579 45
234 14529 45
7458 16264 45
9772 44883 45
3414 37799 45
221 7711 45
9768 26379 45
5013 24324 45
7448 11379 45
9980 10784 45
7450 25413 45
1310 31687 45
6197 29900 45
4976 39845 45
9780 42403 45
4452 33265 45
9241 33771 45
4454 10954 45
2115 19242 45
3025 15234 45
2140 43107 45
7122 47474 45
7461 45450 45
3918 30207 45
4895 5749 45
37 1561 45
7099 42983 45
6926 10611 45
4550 33421 45
8026 10021 45
10158 22346 45
8718 46045 45
1620 13716 45
7907 13772 45
2916 15511 45
454 2900 45
5657 11410 45
5151 37631 45
1492 2978 45
9695 27106 45
6080 41836 45
5151 19507 45
10149 43416 45
7882 18059 45
3500 18165 45
7512 10123 45
2062 19889 45
5654 17271 45
8851 25292 45
2907 38587 45
4406 48551 45
6126 26569 45
9495 45541 45
1008 18599 45
9008 11340 46
25798 49538 46
259 39657 46
8756 12106 46
13636 21326 46
2603 49328 46
238 32024 46
15430 32434 46
19797 37118 46
29081 38981 46
20011 23590 46
22922 39874 46
9590 17870 46
13623 49679 46
25921 34273 46
3381 24127 46
278 31569 46
8167 9563 46
25953 31518 46
5526 19452 46
40778 46433 46
29138 31591 46
12943 35183 46
10576 12236 46
14711 39285 46
17682 47366 46
15472 37048 46
14759 19775 46
8237 29125 46
17648 23772 46
2586 6773 46
25830 49236 46
1777 7834 46
40943 47730 46
13638 42396 46
40091 40572 46
40520 46374 46
19888 28335 46
9947 18685 46
9954 12716 46
29138 32233 46
12939 38090 46
8197 26649 46
17623 19420 46
17729 43586 46
19907 47265 46
13663 21464 46
19925 24054 46
29202 43043 46
31384 47824 46
25878 48062 46
9941 45337 46
14649 36878 46
35987 41063 46
5450 26674 46
2596 5776 46
7071 44819 46
11771 40302 46
12983 14140 46
19912 33086 46
25850 48370 46
290 327 46
35895 36471 46
714 22418 46
11056 21852 46
29194 46680 46
40686 46904 46
1333 9357 46
9921 31117 46
19814 46651 46
4572 28282 46
8251 27708 46
5443 48666 46
25901 42090 46
25957 46236 46
29106 33434 46
29036 29118 46
17564 40291 46
11091 22248 46
13679 22843 46
17850 41344 46
4884 10304 46
3103 45525 46
18593 40822 46
12004 37503 46
8030 42366 46
24598 48102 46
10764 24814 46
37270 40068 46
439 17409 46
23913 47270 46
5134 20162 46
7896 23176 46
10895 28038 46
24629 36690 46
23828 31749 46
4914 48214 46
38333 38871 46
38341 48984 46
1611 36364 46
3082 5035 46
37435 49862 46
11996 13283 46
37409 46030 46
3093 26611 46
14995 17624 46
8935 16829 46
3154 11495 46
5177 46413 46
18447 34813 46
23742 34455 46
15204 15218 46
11874 21090 46
8839 35510 46
38831 48493 46
14913 34307 46
5195 6710 46
4818 36942 46
29821 43247 46
3133 25054 46
23795 43149 46
12021 46950 46
18501 31448 46
6946 8804 46
18462 33914 46
29886 45605 46
10740 27728 46
38758 39253 46
23751 41259 46
13343 17842 46
37776 39380 46
10810 28965 46
30209 36618 46
37729 43529 46
515 1949 46
13344 25598 46
15099 36285 46
38104 41877 46
13348 38022 46
3032 46608 46
24195 37825 46
24252 28318 46
37865 43727 46
2991 19389 46
18811 19317 46
1549 6451 46
11955 16691 46
9742 30476 46
13335 28159 46
4991 4996 46
4990 14359 46
530 30174 46
18694 19108 46
1520 7968 46
18985 39565 46
38277 44507 46
10863 37472 46
2940 46425 46
11914 22868 46
5081 10996 46
18672 23285 46
24514 30723 46
4926 21166 46
8015 12120 46
24074 49154 46
11926 40177 46
9782 36865 46
517 4169 46
1587 13229 46
1528 48455 46
8005 32578 46
2954 3213 46
24439 28042 46
29820 31302 46
24440 35488 46
8871 24274 46
15337 24579 46
19502 49388 46
29488 48676 46
19504 41147 46
5336 7229 46
14825 25881 46
36425 37571 46
5344 11510 46
31187 32285 46
14804 28325 46
25291 41642 46
10675 16530 46
25161 32940 46
13530 31405 46
12111 25647 46
36506 39491 46
39498 40070 46
8127 46266 46
39532 42061 46
19479 43265 46
12103 15291 46
7823 24240 46
2697 27226 46
11806 47201 46
11804 21857 46
673 6646 46
15398 26397 46
3274 20362 46
3278 21225 46
25325 35227 46
25330 27537 46
19572 27567 46
39433 49033 46
4674 15604 46
11004 19288 46
328 2145 46
14784 45165 46
386 14270 46
29736 35131 46
36842 45948 46
388 38632 46
18289 32050 46
3199 44205 46
610 1431 46
5254 22790 46
29808 45069 46
13473 24009 46
30869 48114 46
19273 25778 46
13178 42238 46
5255 46345 46
36900 39098 46
6752 27926 46
18345 35145 46
3182 4826 46
36850 49219 46
19399 40335 46
25067 25996 46
23482 45560 46
23466 29778 46
1427 1506 46
1426 11975 46
9643 38639 46
25106 48434 46
29569 41496 46
5304 40684 46
615 19532 46
14762 28649 46
10696 11844 46
12063 36168 46
14858 16151 46
34146 34547 46
32528 34808 46
4143 31650 46
7305 48424 46
22055 38960 46
6390 11067 46
44292 46770 46
16759 16962 46
28185 45375 46
20959 41655 46
20960 20991 46
13972 31283 46
8575 31591 46
5927 6669 46
4187 39744 46
28221 36626 46
3678 27180 46
10100 10388 46
920 12563 46
1982 41622 46
9390 23702 46
22086 29756 46
3692 32327 46
27000 29849 46
21044 26186 46
11322 36629 46
44804 49697 46
44825 49016 46
12652 46924 46
33992 38337 46
12412 17869 46
6361 41032 46
4086 8007 46
12640 31303 46
12684 14445 46
9368 30559 46
938 35310 46
1161 2412 46
7547 37718 46
44554 49233 46
28111 47696 46
7544 48981 46
28103 47678 46
4108 42415 46
17000 46271 46
20578 34120 46
15803 26320 46
16985 26106 46
20600 28669 46
115 19700 46
12757 15008 46
16976 30586 46
7603 20768 46
43087 47203 46
15767 25448 46
32282 40968 46
9135 23463 46
20521 30266 46
4276 22492 46
1938 6144 46
26532 33341 46
26540 28038 46
3633 40110 46
26730 29081 46
8592 12292 46
102 9885 46
28300 37126 46
43894 44874 46
1186 4873 46
16839 32435 46
20765 21099 46
26634 39241 46
6431 38218 46
4232 29607 46
7259 46695 46
109 27476 46
6005 17409 46
32381 38670 46
4219 13832 46
26678 39502 46
22139 45731 46
16897 47748 46
8365 20374 46
6164 17894 46
3817 5175 46
10181 13027 46
3948 15919 46
3800 37634 46
7483 8062 46
27362 35417 46
16083 30488 46
12575 47406 46
9287 10889 46
33528 33866 46
14134 43903 46
8510 12094 46
11446 39871 46
11466 48938 46
33294 48538 46
27631 32075 46
12522 36107 46
9251 31104 46
7449 20482 46
14090 32876 46
1076 10982 46
33157 33797 46
11432 39244 46
10214 19523 46
10188 44238 46
27522 34420 46
33174 40124 46
27537 31520 46
3859 25471 46
1125 6291 46
4053 46757 46
21889 41267 46
2226 20211 46
11349 42757 46
16525 49089 46
10139 23834 46
7373 15989 46
21190 28465 46
21192 49940 46
8547 11391 46
32873 35082 46
33796 42610 46
27166 44514 46
967 2402 46
967 30633 46
33931 43738 46
4079 43759 46
14279 41331 46
2249 2757 46
12613 29383 46
10291 27874 46
45239 49168 46
16580 44498 46
2242 45952 46
11342 27080 46
21920 27065 46
21255 33717 46
4016 9396 46
14217 36397 46
27288 30158 46
16443 33900 46
6114 24002 46
12455 13590 46
7396 29105 46
21772 39458 46
9299 37906 46
6135 16355 46
12609 21507 46
6324 10863 46
7384 31389 46
16038 22406 46
27864 42931 46
6556 12438 46
1118 45344 46
2209 6974 46
4021 24644 46
21817 48578 46
785 16886 46
3567 19530 46
17457 45180 46
6494 33722 46
12223 42253 46
782 32220 46
42505 43462 46
8646 28539 46
3555 38420 46
20396 45658 46
5615 12530 46
6542 24884 46
42416 47557 46
9079 44434 46
12274 31252 46
1257 17815 46
6482 44603 46
1854 8322 46
779 34850 46
12899 43394 46
2527 28570 46
1309 28641 46
17173 17278 46
42690 45473 46
17173 46226 46
17269 44585 46
34728 42451 46
9446 38507 46
11698 28176 46
20414 20562 46
9115 42381 46
12893 45718 46
34784 43322 46
13852 16976 46
5672 11765 46
22656 44124 46
11181 44135 46
17320 17677 46
1881 7439 46
6511 36793 46
6521 18500 46
14546 21605 46
1890 29692 46
35074 43427 46
13806 17665 46
796 14242 46
819 5410 46
17274 35046 46
2519 3454 46
26280 41565 46
10447 34838 46
35180 40635 46
35129 43008 46
11183 23123 46
8676 17836 46
1229 28420 46
13879 15663 46
20099 42757 46
11611 43921 46
3443 23278 46
3442 13988 46
35411 47867 46
5775 16215 46
9127 29404 46
34550 37889 46
26440 36911 46
3609 5091 46
31730 38849 46
34569 44840 46
5757 6068 46
13717 25663 46
5795 35519 46
22269 37665 46
35376 41983 46
41546 46043 46
1223 17563 46
34663 40017 46
3111 19281 47
3491 47296 47
21540 43357 47
19094 24411 47
4407 34731 47
23873 31856 47
8939 9191 47
3772 9174 47
22889 41426 47
14571 23166 47
14996 16948 47
11096 22272 47
4905 16731 47
20043 42023 47
11681 47728 47
23920 28567 47
10832 12440 47
22875 34800 47
31715 47776 47
3481 44548 47
3870 11883 47
3427 6071 47
33303 45431 47
7378 11334 47
22596 29976 47
7370 21552 47
3141 44994 47
22581 49966 47
7877 11929 47
3007 23223 47
4396 25465 47
11169 43930 47
21908 27718 47
4392 49047 47
11454 41788 47
20212 48621 47
23851 34381 47
7892 16229 47
23838 37295 47
13650 26056 47
22852 46872 47
4036 4442 47
18833 19499 47
13438 29084 47
14115 24711 47
37558 42877 47
15040 39530 47
3050 36634 47
18944 28607 47
22938 34044 47
3965 11715 47
22799 47634 47
7418 19394 47
21701 47884 47
9530 49131 47
7415 30096 47
21346 40706 47
14589 23955 47
1303 31540 47
21438 48895 47
33400 40162 47
7434 46864 47
7432 42905 47
33134 45438 47
31599 33498 47
22952 35115 47
4978 12217 47
37644 41633 47
21664 27416 47
9230 17306 47
761 30267 47
19009 39095 47
3856 32599 47
7914 12795 47
7401 43004 47
19924 20183 47
11687 19007 47
33613 36216 47
20020 29727 47
14134 18891 47
3395 5585 47
33623 45352 47
22714 38652 47
21274 36303 47
21497 39703 47
4463 46231 47
21503 34662 47
9060 27910 47
24032 33738 47
1018 26047 47
35581 40758 47
33537 45649 47
9536 15514 47
21715 23792 47
37759 48916 47
37378 38494 47
7152 37971 47
3402 5700 47
30601 31311 47
37449 38185 47
3419 4004 47
11276 35880 47
910 18859 47
36463 45120 47
3259 5229 47
22120 45098 47
32189 45362 47
22374 41401 47
7219 32879 47
4698 15439 47
3662 5727 47
20681 47874 47
34306 38840 47
35999 44327 47
32471 37064 47
23358 38954 47
23382 30990 47
20390 42102 47
19442 24367 47
9641 41231 47
36580 41454 47
20827 26983 47
4187 9714 47
14827 27663 47
3348 24828 47
3350 28853 47
3572 45483 47
9621 48361 47
19461 24882 47
34244 42324 47
7010 8942 47
22103 29523 47
19447 21297 47
34563 44679 47
9424 31126 47
19641 39573 47
1215 19869 47
11248 27483 47
3631 27125 47
3321 8934 47
1225 45238 47
14434 31479 47
4297 36127 47
3296 5769 47
7597 26614 47
34586 35751 47
31270 39044 47
19684 20187 47
1222 5219 47
14449 25223 47
9001 24070 47
22243 27925 47
23199 27681 47
7236 30485 47
23171 46493 47
20622 43462 47
20633 29800 47
3285 10740 47
22181 24511 47
23329 28001 47
13566 19063 47
22206 48379 47
20648 40439 47
9125 10520 47
23346 33541 47
4308 35771 47
19607 27637 47
7253 25788 47
31247 31333 47
13908 31971 47
19697 25963 47
857 45841 47
4159 10986 47
9612 37520 47
4241 32177 47
664 12387 47
19286 25809 47
4088 6088 47
7351 22978 47
11181 33174 47
7862 28357 47
19821 29382 47
36954 41964 47
32727 39740 47
594 47079 47
7089 45114 47
1146 49188 47
9345 17228 47
4085 15648 47
21994 25012 47
1463 19095 47
4578 14234 47
35805 36637 47
4785 12383 47
6976 10574 47
36877 38413 47
13988 29959 47
3152 17331 47
3743 8480 47
11535 34065 47
14696 20948 47
4075 11781 47
10916 23019 47
14272 35493 47
14935 16039 47
21923 40069 47
13819 22243 47
6967 9595 47
1473 49757 47
6962 34233 47
1459 7827 47
9097 12246 47
14915 26752 47
23729 32608 47
3363 14257 47
7310 31278 47
31011 42071 47
14501 37765 47
1168 18997 47
1437 27434 47
34145 38598 47
19778 27763 47
3221 5222 47
1166 24104 47
20363 46288 47
13838 45391 47
3230 21314 47
7199 21274 47
14349 30025 47
3558 3921 47
1154 8982 47
21011 32315 47
23616 26768 47
36847 46930 47
7343 27839 47
32658 41022 47
3711 11128 47
935 3031 47
31444 43699 47
20332 49931 47
35063 37453 47
20977 42259 47
20979 47221 47
14320 22358 47
1158 4389 47
11187 20229 47
26799 35207 47
6693 6717 47
6692 34917 47
44067 44330 47
2726 2853 47
15336 19919 47
29479 37585 47
10365 11793 47
10094 29790 47
26764 40507 47
10107 23875 47
15907 33396 47
5296 13233 47
16777 48502 47
39664 46240 47
356 948 47
5847 34664 47
28347 43818 47
15373 37265 47
13041 37360 47
17986 22902 47
9901 29141 47
5845 49347 47
17951 23411 47
17939 18796 47
1725 28107 47
9878 40556 47
13061 14645 47
28310 46599 47
16769 43243 47
15354 33655 47
29407 43418 47
28039 39141 47
27053 46432 47
28041 28520 47
6744 24447 47
24869 41745 47
27028 48331 47
18403 35367 47
10135 20987 47
18403 44806 47
27159 31038 47
6351 18593 47
38954 46795 47
13178 18261 47
12686 12794 47
10329 40125 47
12074 31596 47
6389 34816 47
12083 15512 47
27011 32181 47
2292 20580 47
6377 23390 47
26574 39253 47
24970 48587 47
10322 16561 47
25011 25929 47
6378 14777 47
17583 47143 47
5693 10741 47
28989 46654 47
26267 37935 47
10025 25214 47
17584 25279 47
12921 20471 47
2556 44834 47
42220 42994 47
25906 33492 47
1896 6568 47
17326 32997 47
8294 45022 47
8661 15930 47
17660 48964 47
25762 44114 47
12941 35246 47
26351 36014 47
12814 31920 47
1913 17702 47
8293 13869 47
28612 44719 47
8650 17388 47
12230 22216 47
5635 13325 47
41833 49347 47
5599 39637 47
2512 2626 47
17462 23556 47
17437 23802 47
6543 27628 47
41314 48345 47
236 34854 47
17533 32504 47
17347 29586 47
28938 49909 47
17358 21688 47
41313 43454 47
26166 38537 47
228 2282 47
12865 14128 47
5591 11706 47
43113 48132 47
40208 49273 47
40226 40792 47
29235 43195 47
12148 20373 47
26469 36957 47
29218 30417 47
28478 28872 47
17096 31570 47
15808 40353 47
9910 22665 47
29297 42231 47
29297 39555 47
2396 5205 47
17909 18666 47
13011 48135 47
12147 43013 47
43200 46028 47
28454 37168 47
28538 37710 47
2607 21785 47
25711 45300 47
17169 39614 47
15483 28026 47
12168 34117 47
28544 34585 47
5733 25689 47
17218 20375 47
42580 49857 47
5507 28358 47
2420 6935 47
26449 33550 47
12791 13239 47
29180 29345 47
5463 34699 47
26431 35596 47
29164 48730 47
2612 4963 47
24548 47705 47
5090 42059 47
2174 29013 47
27718 44102 47
24513 45722 47
6170 42823 47
27436 32829 47
2933 28705 47
18684 21414 47
10230 12173 47
2167 4544 47
18707 37383 47
6183 35821 47
5058 23466 47
2069 36570 47
36 42 47
2204 37522 47
24626 44363 47
13222 15846 47
15167 47405 47
438 6200 47
15166 18883 47
29977 31506 47
38478 45498 47
8857 20703 47
5099 24128 47
27539 28135 47
6227 10723 47
48295 48481 47
2973 10664 47
13301 33724 47
2980 4312 47
2134 3812 47
30247 36814 47
13304 23980 47
48678 49520 47
10815 46068 47
15084 26236 47
7981 32115 47
8509 17170 47
18810 38316 47
37948 49648 47
7971 20563 47
497 37799 47
37920 37937 47
478 746 47
30172 44736 47
18744 21165 47
27482 37546 47
6286 44415 47
8493 33975 47
10798 47581 47
38145 47317 47
11972 25042 47
27532 30643 47
47951 48773 47
18765 42684 47
18486 43571 47
8452 8821 47
27205 40902 47
16483 30302 47
29857 40887 47
5192 36011 47
12019 18812 47
27269 35205 47
2211 24021 47
10737 39316 47
24715 27710 47
27876 43126 47
29889 39202 47
5157 7338 47
16524 32934 47
5191 44715 47
11435 44882 48
20370 49529 48
12816 23875 48
6205 30883 48
833 18048 48
11 42434 48
33163 37993 48
16250 35800 48
26357 42971 48
11200 17302 48
7211 40609 48
10429 45240 48
17225 22474 48
8496 11867 48
28042 34915 48
16528 45271 48
20319 27143 48
33341 38817 48
20325 40063 48
21601 43312 48
13830 26899 48
9346 14022 48
42386 42983 48
42389 45065 48
26296 29341 48
34930 39984 48
16237 39288 48
34910 46793 48
26322 28580 48
34881 49917 48
33353 39648 48
27027 32694 48
20443 23616 48
15 7254 48
6195 16028 48
149 19088 48
6367 7523 48
34648 41130 48
17137 40759 48
17121 17217 48
3724 47477 48
8317 35591 48
3734 45680 48
14159 27691 48
21884 37587 48
26385 42059 48
28538 28963 48
7468 21791 48
2154 4677 48
6077 27632 48
7516 25624 48
3941 4186 48
11215 15441 48
28525 34205 48
32858 42145 48
16176 37914 48
8677 41209 48
41875 49721 48
2510 39496 48
12237 15657 48
48770 49513 48
6533 22453 48
26117 49946 48
14015 39918 48
20223 38406 48
21898 44995 48
17372 27921 48
22624 48962 48
31900 38065 48
41973 46115 48
12626 22974 48
26049 46342 48
9993 25694 48
35260 42534 48
49690 49692 48
49498 49520 48
41715 42074 48
9994 27957 48
15626 39221 48
22698 27650 48
28795 29038 48
35178 40627 48
7451 22010 48
13761 26862 48
27641 38671 48
12259 18511 48
22534 43233 48
14001 38666 48
6230 16039 48
33339 47832 48
16533 43951 48
12256 21618 48
10450 47801 48
20295 29538 48
17296 32048 48
14517 24434 48
14002 21397 48
26177 47132 48
35082 42121 48
2488 41510 48
21523 39124 48
6517 43245 48
22563 38269 48
27632 44484 48
28707 42679 48
10462 13658 48
22553 43435 48
34970 47348 48
8511 21542 48
12857 26899 48
3519 21656 48
35054 36527 48
20263 29955 48
6355 12654 48
34276 39790 48
2349 12814 48
9218 16437 48
4213 44681 48
8372 11043 48
1971 20495 48
16065 16323 48
3671 24545 48
5894 39741 48
10165 20513 48
4202 30104 48
21770 35062 48
1161 15667 48
7576 16856 48
4220 8438 48
8347 10443 48
3658 44420 48
32379 44590 48
28331 46179 48
5869 37153 48
9148 43466 48
15850 18536 48
9313 29942 48
11392 16017 48
5884 37459 48
32880 48246 48
21750 44145 48
7383 43861 48
32939 48123 48
33736 48324 48
10339 23742 48
16051 22697 48
10263 10349 48
16745 42488 48
33734 42441 48
32560 44804 48
6314 30069 48
12603 32732 48
11561 35540 48
2315 49228 48
13971 23459 48
10108 39022 48
44312 48360 48
26842 48161 48
6399 30378 48
3771 8005 48
4002 40145 48
20969 38137 48
10162 44546 48
34106 47092 48
10328 14903 48
26929 44025 48
44403 45207 48
44157 49689 48
2323 29618 48
22073 42302 48
12379 26567 48
20856 39145 48
17071 26607 48
16510 27156 48
28471 30647 48
1026 38828 48
22254 24331 48
21389 25106 48
47025 47578 48
3957 24651 48
5807 15209 48
16322 36202 48
4281 5492 48
16106 31589 48
43222 45341 48
4108 8096 48
15789 27870 48
15748 26891 48
15753 44299 48
5781 10826 48
9274 44600 48
7606 24152 48
16679 31277 48
26448 47839 48
12557 32184 48
17081 43244 48
34547 42345 48
4295 34698 48
28073 47182 48
6147 8459 48
32346 40022 48
2390 6107 48
887 9854 48
44523 44617 48
11258 14796 48
16087 49453 48
3810 8688 48
6433 44597 48
22183 43990 48
7258 27252 48
20634 41762 48
32374 44168 48
27718 32810 48
27422 33209 48
17018 38295 48
4264 26628 48
15800 27435 48
32309 38884 48
34472 35656 48
21706 30712 48
20577 30132 48
22002 48721 48
16986 37891 48
20585 45105 48
22211 38032 48
39248 48894 48
36739 44056 48
18234 47557 48
4760 22811 48
19371 26748 48
10952 33542 48
4772 5000 48
18258 39308 48
622 26033 48
4772 47965 48
18271 27816 48
24913 48073 48
12053 28870 48
631 15791 48
31075 47476 48
36612 47645 48
19341 38671 48
10962 46777 48
8806 33956 48
9854 44219 48
36704 47155 48
38865 41285 48
8064 12474 48
6971 32374 48
4805 46439 48
8828 30936 48
3164 7973 48
3161 3574 48
2868 4287 48
7867 24957 48
10730 47528 48
13465 43497 48
5192 24905 48
18333 40130 48
18295 32922 48
388 414 48
9659 15757 48
5249 29599 48
8075 32473 48
3180 49072 48
10715 13577 48
39358 45005 48
10937 29509 48
30882 49368 48
8070 18579 48
4662 40885 48
13573 31598 48
29376 42838 48
13046 31205 48
17992 26916 48
12119 38340 48
14791 41752 48
8147 11719 48
9883 30589 48
10621 47283 48
11023 44776 48
5401 30533 48
3304 48597 48
7791 17493 48
7054 26223 48
5396 39978 48
29330 34523 48
25372 32149 48
1423 22620 48
39553 48843 48
19466 27674 48
18160 25505 48
31085 39820 48
647 6058 48
7030 41127 48
23357 47286 48
4703 45870 48
11827 48171 48
18116 43172 48
1524 6579 48
30544 31922 48
3056 20747 48
13368 39754 48
30531 41627 48
2949 34847 48
24444 29299 48
10795 35794 48
37657 46567 48
10797 18094 48
518 31659 48
24087 29183 48
10861 20335 48
11915 39828 48
38272 41501 48
4939 26840 48
532 48844 48
37532 46976 48
18692 39185 48
15127 35497 48
2939 30126 48
18785 42919 48
492 578 48
38011 46585 48
11939 46280 48
30225 48230 48
5004 5142 48
18827 24677 48
15104 36659 48
18903 24924 48
38130 49319 48
24412 30127 48
11971 21392 48
38088 42638 48
24369 27960 48
487 17566 48
37747 43601 48
37752 41821 48
19193 46746 48
10744 13393 48
4862 21339 48
23783 26045 48
14961 24450 48
38709 49745 48
2897 10138 48
2897 13841 48
2898 44483 48
23827 24728 48
29832 43978 48
13188 13436 48
8055 26494 48
4836 34069 48
19206 29950 48
5170 33243 48
11878 29129 48
583 20917 48
18473 49981 48
4918 35778 48
4905 35861 48
8934 17521 48
6814 23432 48
8018 14108 48
30090 35608 48
1608 7813 48
18675 43462 48
14972 45775 48
18546 27034 48
38582 39779 48
29975 44712 48
5122 40900 48
3467 36666 48
6921 26732 48
3104 15577 48
11897 31118 48
13235 13318 48
14995 33812 48
24567 44133 48
15577 45793 48
4586 20678 48
2545 16275 48
8699 21686 48
9971 21439 48
40626 44044 48
15483 23228 48
20013 41049 48
1809 7453 48
9533 14457 48
13686 32079 48
4497 46968 48
10565 11039 48
15491 21920 48
6566 11754 48
285 4860 48
20067 37625 48
25629 40749 48
40364 44292 48
4478 18826 48
11123 28809 48
14721 17504 48
35915 39784 48
41357 41552 48
22897 35901 48
25659 45206 48
23116 25886 48
12210 25011 48
15461 41667 48
1329 2748 48
13623 34836 48
4491 41341 48
31441 44411 48
19778 20347 48
17514 22826 48
35671 37340 48
25882 37080 48
23010 32145 48
40869 48466 48
31534 44053 48
11100 44821 48
25876 27572 48
11100 26279 48
10535 17120 48
17652 37947 48
25863 36281 48
1827 40823 48
17628 26412 48
4536 45218 48
29002 34732 48
29085 34553 48
14700 38077 48
40731 48849 48
3359 32427 48
5506 19934 48
9535 42677 48
23071 24964 48
28949 33013 48
41140 46078 48
31590 41389 48
17913 48039 48
11087 40243 48
6592 48321 48
15513 43643 48
25810 28622 48
7146 19630 48
11048 14785 48
41640 45857 48
14745 22401 48
22842 32857 48
1764 20830 48
22779 44412 48
5596 38662 48
1371 22380 48
23181 38301 48
7062 13883 48
31322 31572 48
11042 48545 48
2525 22227 48
17853 33349 48
29223 34799 48
6549 20752 48
1305 3341 48
7774 49570 48
22753 43524 48
31709 39148 48
1363 4792 48
6651 23601 48
14729 22999 48
24646 28108 49
11690 28363 49
12512 47817 49
3108 13103 49
7451 10422 49
1108 10202 49
2981 9223 49
12591 42816 49
12003 18321 49
2551 13470 49
3019 7610 49
13417 32799 49
11517 24598 49
7646 17726 49
8300 23793 49
12608 43960 49
3124 36215 49
1304 33463 49
9077 17108 49
12600 25157 49
1550 3654 49
27279 31355 49
1493 34725 49
11735 48148 49
2204 16232 49
26059 37999 49
24038 41263 49
8265 14233 49
3820 6784 49
14096 28917 49
24032 30612 49
8521 18912 49
24499 48473 49
27511 45181 49
31617 47711 49
11491 26784 49
2160 9717 49
12555 30410 49
22643 27389 49
13774 43859 49
31886 41980 49
24071 28728 49
7925 42242 49
11714 34807 49
8487 36325 49
28724 43162 49
3833 40438 49
7467 15728 49
27336 34395 49
23965 49466 49
27370 28702 49
28798 48467 49
31760 42112 49
12533 28250 49
13241 25066 49
3088 41485 49
31849 47644 49
9055 47803 49
1889 21480 49
2086 25777 49
31853 31933 49
30104 30729 49
2532 17849 49
24386 24885 49
3079 29173 49
30090 37749 49
27538 35111 49
12899 46119 49
9091 48300 49
24539 45009 49
1420 7981 49
8200 16270 49
32252 33628 49
26811 45032 49
1980 25543 49
22307 25875 49
12988 40352 49
3343 21998 49
23370 25687 49
2636 31266 49
25273 46649 49
12786 24707 49
25292 42395 49
13931 40113 49
25129 29960 49
7556 29943 49
29156 38708 49
31439 32888 49
2317 47496 49
31430 39109 49
23114 38199 49
22318 43905 49
8111 46387 49
31090 36532 49
13961 39419 49
11820 25230 49
8205 35951 49
11837 15001 49
25648 33249 49
7832 39218 49
1178 23395 49
2324 19804 49
12375 42882 49
13880 28127 49
23298 34002 49
25491 25567 49
23292 28793 49
2657 12523 49
13913 49971 49
31260 31342 49
28362 40711 49
1749 5860 49
2675 36958 49
13032 37036 49
11796 18535 49
9138 24020 49
2391 5665 49
2681 37327 49
28395 46738 49
22152 40361 49
1969 5844 49
12349 16070 49
31199 40917 49
23151 27372 49
22255 35062 49
23166 24304 49
22144 33998 49
12076 48445 49
8147 28801 49
31238 39168 49
23306 24418 49
2413 10156 49
32376 36477 49
1202 27672 49
12121 41490 49
22183 36352 49
27191 32298 49
13185 24187 49
14007 29006 49
2032 45001 49
22427 27458 49
29822 31505 49
2255 20231 49
27133 31825 49
12638 29964 49
28552 33888 49
3737 30256 49
21954 35982 49
2265 6723 49
3767 36904 49
2060 25454 49
13207 24994 49
7514 9195 49
12616 37112 49
11878 49356 49
26309 30637 49
32066 39271 49
2224 44275 49
32853 42669 49
2054 47023 49
32841 47853 49
7520 20643 49
24746 25313 49
12933 36931 49
3748 18724 49
12623 19020 49
26402 44617 49
2292 36691 49
2813 23533 49
32187 48575 49
2301 14772 49
32629 48344 49
13508 15380 49
12062 43046 49
12951 32186 49
32654 47969 49
32600 36302 49
22021 35916 49
31040 31982 49
31052 42222 49
13114 44689 49
24809 29566 49
12185 19419 49
2270 6102 49
26371 34826 49
12409 35064 49
2595 20492 49
2836 15799 49
13992 45798 49
13861 23362 49
1236 44896 49
17888 30699 49
4385 45165 49
5409 21481 49
7178 36845 49
5384 8503 49
39932 48226 49
5365 43447 49
17702 30231 49
15469 32993 49
20368 43272 49
10581 35117 49
35099 38351 49
40284 45795 49
17852 43905 49
301 7776 49
35010 40549 49
39128 44684 49
39386 47949 49
18227 30940 49
5274 6080 49
18274 38843 49
35312 43215 49
15267 37053 49
9515 25707 49
18337 36533 49
4399 7772 49
35115 38002 49
18069 18916 49
7168 10577 49
4402 30428 49
6595 8548 49
352 18243 49
7163 12431 49
20183 35239 49
39490 40699 49
17375 32584 49
4248 33166 49
17377 19578 49
17377 47676 49
17387 46089 49
41905 46013 49
15641 19916 49
15635 25097 49
41758 45919 49
41746 49363 49
17453 29878 49
10423 14243 49
17221 31478 49
15706 33110 49
15589 41826 49
7259 35378 49
4315 20900 49
17612 24190 49
20451 47236 49
40864 49839 49
15519 30583 49
11204 17512 49
5518 38287 49
10554 39535 49
17488 48702 49
34561 47617 49
9977 36767 49
17525 47624 49
14459 16765 49
7231 8360 49
15565 32018 49
17569 49044 49
5558 34728 49
17582 32704 49
37428 44388 49
36215 38244 49
9724 11000 49
15021 44061 49
19022 31812 49
37591 43072 49
15001 17962 49
19054 24960 49
36284 45887 49
37353 42842 49
4903 36347 49
37328 38268 49
6925 30359 49
4987 9213 49
36149 42739 49
9701 14994 49
4972 32137 49
37619 40379 49
629 2576 49
14906 23111 49
19258 25511 49
36911 40607 49
36866 43284 49
6983 8913 49
14870 35231 49
9653 41020 49
19396 31756 49
10997 13856 49
4879 48801 49
4878 24006 49
36361 36874 49
19149 49982 49
37097 47446 49
37854 48458 49
14813 16690 49
19215 43784 49
36508 43031 49
35616 46191 49
18542 41676 49
14649 27992 49
5128 16409 49
38665 43711 49
6822 26617 49
38302 41252 49
10782 23092 49
19876 48767 49
4555 29714 49
9521 23631 49
15239 28726 49
4471 7719 49
15228 17823 49
409 5096 49
5189 18434 49
4486 41935 49
18446 22783 49
35501 38850 49
38679 45366 49
6851 28204 49
15095 18189 49
19760 33073 49
715 13840 49
37984 49435 49
37957 42653 49
19715 42672 49
6870 29001 49
19706 49810 49
15074 16675 49
19699 20645 49
37869 38702 49
35719 43897 49
6839 48118 49
9787 45761 49
18730 23130 49
18738 29258 49
4566 25786 49
14698 43733 49
38146 46012 49
38079 44208 49
16351 38640 49
6295 43572 49
21445 33480 49
33589 42186 49
45645 48233 49
15858 36169 49
17035 28198 49
33664 41957 49
3932 35813 49
5982 13062 49
33357 47978 49
20961 25390 49
17006 19735 49
7398 11210 49
16964 34079 49
44593 48108 49
10181 18983 49
33368 47942 49
16469 20168 49
16054 30994 49
46096 48759 49
11329 26216 49
33907 42791 49
14166 34557 49
9345 42115 49
33511 34225 49
4085 6536 49
16050 20886 49
10352 21193 49
14278 48389 49
16889 25152 49
33872 42783 49
6139 27619 49
21046 24673 49
11393 14011 49
43779 45004 49
4058 10221 49
16070 17736 49
89 960 49
16479 46831 49
6027 30780 49
15984 18290 49
47860 48891 49
16675 18350 49
16147 31420 49
17160 17235 49
14119 40834 49
15761 35351 49
4024 19665 49
20896 38200 49
4175 21887 49
21231 43734 49
33740 39876 49
922 21635 49
17113 41287 49
6206 27258 49
7391 34229 49
34253 45042 49
15992 25706 49
14346 21092 49
20764 36874 49
4184 10174 49
33686 40471 49
14385 30398 49
5795 20602 49
18797 27312 50
16188 24259 50
16486 16917 50
45918 47047 50
30194 46502 50
16494 38213 50
42 71 50
9810 36923 50
16629 22037 50
5029 7200 50
27128 38397 50
30216 35685 50
6355 30422 50
45811 49924 50
38680 44510 50
10775 17442 50
5093 39425 50
18636 48149 50
27946 37183 50
30044 36895 50
6812 45951 50
11995 32228 50
13252 47670 50
9800 16393 50
16014 42208 50
6045 41639 50
16552 22446 50
27161 48167 50
16505 24466 50
38138 47186 50
24406 49333 50
18555 19769 50
445 554 50
18591 37060 50
477 17390 50
16520 17186 50
6070 11825 50
12003 42068 50
3145 5344 50
12546 38419 50
27677 33494 50
27510 49596 50
30785 47823 50
30798 46731 50
12542 37911 50
12542 15429 50
4896 14168 50
23861 44273 50
9696 35671 50
16266 40760 50
47532 48088 50
23709 31747 50
19163 28913 50
14871 25153 50
8967 29893 50
8967 43946 50
16194 28858 50
14870 15322 50
6986 13055 50
10199 24381 50
615 31458 50
6989 40448 50
14866 29026 50
7 8186 50
6213 8866 50
4817 22639 50
30857 40133 50
11866 44275 50
30871 44473 50
4798 5315 50
4898 44357 50
11861 15913 50
27561 40968 50
19329 40953 50
3189 26694 50
12459 44316 50
27319 38535 50
16055 39605 50
10835 29184 50
27310 41253 50
13344 18378 50
7953 40703 50
8469 47810 50
18826 45714 50
24312 28330 50
24295 49377 50
5010 27132 50
12596 31778 50
16439 24576 50
6870 19800 50
24230 25613 50
13329 37055 50
11941 47713 50
46120 46938 50
18838 49526 50
18986 42968 50
15017 23657 50
16372 41881 50
23967 33833 50
16333 20090 50
8935 23245 50
10887 44869 50
30648 39268 50
27359 39448 50
1531 4436 50
2090 30153 50
37663 42957 50
24096 33788 50
3044 6373 50
2985 30176 50
3051 10125 50
3056 38194 50
17622 44202 50
5852 45968 50
28974 44144 50
8251 17349 50
26619 37793 50
16938 19392 50
5865 26609 50
5867 29796 50
249 24060 50
2368 44109 50
1957 4361 50
26665 45108 50
40916 42417 50
26542 40334 50
17507 42743 50
2543 41316 50
12913 14575 50
1843 39651 50
10386 11385 50
43522 48484 50
12917 35363 50
17775 22622 50
9938 48103 50
6611 25828 50
40579 44803 50
12354 20758 50
277 10959 50
5471 17771 50
40415 49741 50
10586 13879 50
5461 43687 50
25784 44123 50
29076 38071 50
40645 44014 50
26716 32515 50
40618 45294 50
8627 17845 50
17303 49338 50
2482 7194 50
2431 3672 50
8625 13702 50
28547 33118 50
2444 21018 50
159 12374 50
28571 34984 50
2450 27609 50
28603 31347 50
15703 37333 50
42434 42537 50
28623 39808 50
26495 36395 50
6453 16226 50
26037 29633 50
15607 15991 50
2403 20538 50
41433 44953 50
5791 12642 50
12245 31726 50
1925 14148 50
1878 46388 50
12879 37011 50
24947 48036 50
13132 40175 50
5983 32032 50
39185 48970 50
18256 39870 50
371 543 50
28089 41313 50
2828 48159 50
10674 33488 50
26955 33807 50
25110 49226 50
364 3818 50
6711 47725 50
25065 31233 50
12071 27524 50
39285 45934 50
25032 26627 50
15956 43849 50
6772 34936 50
24731 44570 50
2867 41052 50
24700 40028 50
45125 49358 50
1646 18343 50
38744 43496 50
44781 45667 50
18299 23348 50
10711 34126 50
5243 10121 50
6746 9783 50
10716 42795 50
12408 35462 50
403 3787 50
8063 42750 50
13026 23109 50
43967 45800 50
44006 48739 50
2333 16492 50
17917 26364 50
25476 42579 50
44091 49106 50
25418 46752 50
1752 8723 50
15393 18490 50
44165 48246 50
10365 16306 50
15441 31214 50
17845 41454 50
13040 24948 50
29224 29460 50
12145 26791 50
6386 47716 50
15918 18720 50
18085 23812 50
5964 41363 50
28152 48827 50
12682 19345 50
28202 49540 50
1744 25212 50
18006 19922 50
18020 26981 50
18021 26406 50
25328 26994 50
15185 36060 50
26889 41750 50
2715 32135 50
25308 37612 50
18072 36229 50
19886 35247 50
20976 30356 50
20955 25333 50
4137 4231 50
9548 23634 50
3369 21581 50
4558 31039 50
21001 34440 50
20996 23683 50
14322 38358 50
22137 27173 50
1336 33937 50
7736 8235 50
4511 38448 50
11577 15972 50
34287 36112 50
7116 35318 50
11272 17792 50
3393 42734 50
34206 44973 50
22089 47851 50
754 48339 50
21135 37665 50
1372 34999 50
19694 25281 50
4059 4934 50
4056 30834 50
14273 16505 50
31344 35928 50
7380 20668 50
21196 35513 50
7516 48492 50
4047 11012 50
14275 42227 50
33860 40121 50
36094 37326 50
4094 35481 50
19777 28753 50
31404 36420 50
3722 12816 50
728 11744 50
728 22901 50
35782 42178 50
705 32388 50
3735 13401 50
7347 40241 50
3489 8953 50
32196 47702 50
34746 43905 50
20184 30335 50
13859 41781 50
31858 39740 50
840 17126 50
7164 7574 50
11632 41892 50
20463 42336 50
32226 37984 50
22726 41325 50
3599 13491 50
31833 34583 50
32020 37207 50
3547 47909 50
34921 35071 50
9488 11663 50
7642 19744 50
1283 8625 50
4363 13529 50
20264 38126 50
35036 38874 50
13818 36337 50
20278 26798 50
804 9578 50
22643 30317 50
9492 18058 50
22611 49061 50
22461 23259 50
22168 40319 50
11262 32340 50
13918 45496 50
4465 43054 50
3636 47646 50
35391 45538 50
4462 49544 50
20017 24389 50
22916 29549 50
11118 24658 50
14603 14730 50
14408 45157 50
32378 36100 50
20646 23543 50
766 30632 50
9428 14109 50
11695 15633 50
781 19040 50
31797 39628 50
22750 36584 50
14453 35247 50
20146 41197 50
20102 38257 50
35370 36561 50
7147 49460 50
35337 49145 50
34503 44448 50
14856 37884 50
22829 30971 50
20539 48518 50
14201 17642 50
3799 12944 50
7802 9556 50
4732 16841 50
13525 35566 50
19561 34741 50
4688 10902 50
4692 15843 50
14096 27293 50
19597 44805 50
36628 45153 50
19427 46178 50
14781 37182 50
13519 28255 50
31237 45051 50
3904 20122 50
14789 21513 50
3284 19472 50
14130 25222 50
10993 12631 50
33390 42812 50
33108 38418 50
33409 38010 50
11418 21991 50
23389 29774 50
1413 3239 50
31194 41357 50
3848 19285 50
1421 25541 50
36351 40723 50
8990 49784 50
33521 46706 50
1096 2112 50
33148 44778 50
1021 2161 50
1059 47105 50
33715 43632 50
33259 37730 50
23489 46443 50
21211 22459 50
1115 32411 50
1053 36564 50
36208 39456 50
33264 33906 50
7050 45155 50
36670 45606 50
297 2781 51
12222 24995 51
14516 39017 51
16376 43210 51
25543 37550 51
8185 17738 51
34993 42965 51
34997 44671 51
5588 24200 51
9238 29615 51
22275 31372 51
17824 23241 51
293 1905 51
11472 19596 51
9261 41557 51
20513 32157 51
14510 39919 51
26015 37359 51
2642 39534 51
21557 31466 51
26031 30871 51
21637 42638 51
28749 48127 51
10004 49606 51
17397 19697 51
33141 42954 51
6526 48347 51
15649 16996 51
10169 41382 51
11591 32730 51
12147 22128 51
5618 5826 51
1774 42836 51
11478 29126 51
8479 33333 51
25501 31679 51
40202 47817 51
20545 47225 51
4269 48522 51
5497 38222 51
9109 34441 51
25756 31289 51
3874 34671 51
34909 42925 51
29074 32435 51
12944 31088 51
6227 38734 51
5511 10663 51
8515 31526 51
3912 37024 51
17672 47107 51
22464 37892 51
40423 46643 51
47735 48879 51
29125 32916 51
6255 28584 51
16216 21979 51
831 22087 51
272 12835 51
4351 12722 51
15477 45210 51
40494 41140 51
5494 13121 51
22448 45387 51
3927 11330 51
7608 22873 51
16197 23016 51
16265 42610 51
1055 3240 51
25904 42368 51
22332 25232 51
32238 40263 51
17537 19316 51
12490 40007 51
28943 40444 51
34616 37460 51
9437 18187 51
17819 43379 51
5579 49443 51
9114 46996 51
33193 33536 51
1066 5377 51
6585 36865 51
36681 43732 51
29017 37176 51
4328 4878 51
47228 49214 51
2148 43854 51
2567 28412 51
16254 27287 51
25864 31409 51
2150 23107 51
9184 21205 51
21983 27746 51
2246 3859 51
14050 26367 51
14293 28683 51
16858 17378 51
3780 26825 51
12417 31446 51
26774 34078 51
12419 15381 51
3729 42574 51
11508 33729 51
3728 22807 51
1160 43605 51
1953 47059 51
16538 23796 51
5864 17966 51
16523 40050 51
28366 32768 51
16978 24319 51
26669 39603 51
16907 25013 51
1108 25692 51
21785 35447 51
21962 47132 51
8601 12277 51
2311 3500 51
2307 36844 51
2279 17124 51
2306 16560 51
8416 31700 51
44856 48193 51
33754 40700 51
5993 26127 51
44282 45709 51
26995 28021 51
27010 38168 51
44632 47347 51
4036 36531 51
11351 34048 51
44529 49578 51
8413 15304 51
16719 37815 51
33868 48354 51
14231 28939 51
5916 40090 51
44013 49925 51
15878 21802 51
32777 37580 51
2387 19306 51
27075 28978 51
14278 33497 51
4220 18360 51
17255 22602 51
28620 43165 51
5700 12800 51
5699 31540 51
15699 24992 51
12448 23018 51
26362 39084 51
27246 32643 51
42533 46979 51
26344 28402 51
9152 26368 51
17361 33625 51
28682 30938 51
1031 25564 51
15665 25898 51
34397 38021 51
186 1854 51
15660 21220 51
17366 26462 51
34420 40854 51
26248 40903 51
17323 47763 51
5672 31521 51
27804 28068 51
15672 21605 51
26204 27836 51
28680 41897 51
32574 40844 51
17010 39404 51
45622 45835 51
4134 20364 51
32561 44367 51
42 13126 51
1945 15812 51
20904 44628 51
6327 41010 51
17143 22773 51
13945 18667 51
8454 37648 51
15731 19487 51
14364 45499 51
6489 20027 51
15717 23484 51
34190 43817 51
4145 5799 51
12305 31691 51
9533 19741 51
24674 36348 51
18488 34598 51
29896 31832 51
38716 47719 51
4500 27452 51
15201 24459 51
9825 21653 51
14996 48126 51
13400 21944 51
11003 32117 51
31236 47734 51
38760 44018 51
13231 24672 51
37511 47613 51
10762 37331 51
9804 43141 51
24587 45088 51
11103 16422 51
37575 38875 51
448 41470 51
23305 25740 51
13680 30620 51
31592 36500 51
2900 12356 51
1632 35103 51
3403 36823 51
7885 42390 51
19118 28447 51
24855 30678 51
6741 13754 51
18349 45354 51
22858 26002 51
6727 43253 51
14589 34833 51
1685 26481 51
18291 40181 51
29720 32364 51
20110 20334 51
38861 42721 51
13701 22847 51
30638 47482 51
30640 30753 51
15207 25344 51
5197 33655 51
20051 25561 51
24777 27256 51
4888 49189 51
29773 40299 51
480 39214 51
24400 25002 51
13628 15634 51
35858 39958 51
35790 41481 51
18856 33690 51
8906 45041 51
19695 20136 51
11932 16658 51
19678 24953 51
2951 4618 51
4560 36780 51
37773 46973 51
24429 31056 51
2989 35954 51
38010 40270 51
31382 48616 51
23130 40502 51
24310 41174 51
30345 30625 51
15081 35048 51
30304 34104 51
30327 41537 51
4607 24661 51
18793 48076 51
6852 36081 51
30206 32457 51
9049 44283 51
19922 43759 51
519 6226 51
31548 38254 51
10849 17893 51
24529 42028 51
30059 43124 51
30060 42739 51
38406 42041 51
31542 40428 51
14658 49212 51
35661 42606 51
2915 17868 51
37613 40617 51
1387 29700 51
19670 35576 51
35683 49782 51
35700 43979 51
18718 36405 51
3310 16220 51
19856 24295 51
5214 49170 51
24513 35664 51
30096 34674 51
7749 27398 51
463 22407 51
24121 28970 51
13356 14408 51
39478 44139 51
3481 14037 51
25220 34230 51
13788 18623 51
6701 12593 51
25234 32303 51
8153 12817 51
9645 40633 51
14920 41552 51
2695 23323 51
4393 41144 51
1462 19538 51
14573 31958 51
4396 15949 51
22713 27600 51
23463 29357 51
29407 35324 51
39628 45126 51
10972 36279 51
30868 34032 51
19449 22574 51
9883 28751 51
20210 22289 51
14893 38993 51
5350 21291 51
1292 30763 51
15351 41375 51
29448 38580 51
18061 47314 51
20229 23105 51
18031 24457 51
18127 46982 51
31951 41614 51
29486 33916 51
13482 22894 51
13076 45033 51
13050 14112 51
9869 25037 51
25351 25806 51
4411 42692 51
2706 2878 51
3215 16514 51
10909 28312 51
1438 30953 51
13503 46610 51
18216 19323 51
37064 48538 51
3147 43568 51
18211 28757 51
19522 47734 51
8805 16340 51
13810 37733 51
7814 24516 51
39281 44373 51
29592 47954 51
31820 39959 51
18200 40488 51
31037 39176 51
20243 27130 51
23565 34594 51
14875 33488 52
14009 14925 52
15923 37498 52
7383 17962 52
23664 37763 52
3267 22625 52
23671 32746 52
16718 28057 52
16791 29205 52
14233 24406 52
19687 46447 52
26876 45465 52
15897 42046 52
27037 27045 52
16745 32519 52
14846 28371 52
3308 7123 52
23495 38919 52
13597 27884 52
23494 47903 52
6234 19695 52
6879 34734 52
26966 40850 52
18834 29864 52
8499 37617 52
18826 22041 52
23497 25233 52
7380 34655 52
2288 34498 52
16175 21947 52
18828 36639 52
6877 20047 52
6880 24812 52
3103 15787 52
3936 5847 52
23347 45335 52
4839 17914 52
4887 37752 52
13459 38720 52
23740 45748 52
6914 18772 52
2195 6001 52
6070 40088 52
3841 36218 52
23367 27380 52
19147 45825 52
3952 9748 52
27317 31527 52
6315 11438 52
21666 31199 52
19148 45655 52
4863 38174 52
23814 33523 52
16053 30980 52
14068 14898 52
12610 38118 52
14979 43317 52
27243 37919 52
23732 28017 52
16412 34153 52
16417 20326 52
3816 24225 52
16430 38906 52
19462 32716 52
19261 49480 52
21815 30521 52
7392 45906 52
4947 39968 52
23688 40810 52
3784 45006 52
18972 40417 52
21469 48236 52
14772 26310 52
15045 16883 52
3853 11265 52
27422 28261 52
7868 30824 52
27416 39843 52
2231 25861 52
16089 41884 52
3253 12305 52
6060 9449 52
3253 40541 52
12636 21440 52
6034 12978 52
6178 8674 52
3923 10012 52
4720 23350 52
4820 8088 52
3788 4888 52
24014 34549 52
14457 30185 52
14455 44428 52
22306 43551 52
8263 23396 52
18216 41141 52
17470 35914 52
15557 33320 52
2563 21721 52
15311 30967 52
2560 20323 52
22739 27933 52
14466 38611 52
4297 43831 52
15575 22726 52
8086 11970 52
18314 25008 52
18315 29598 52
20081 31516 52
26094 40221 52
8074 9791 52
2516 8279 52
7715 23075 52
12874 34472 52
12869 43095 52
18224 42380 52
26025 34779 52
15609 32678 52
5605 24173 52
22250 24624 52
14449 18624 52
26054 47113 52
4449 47287 52
13832 23524 52
22491 34906 52
25386 32266 52
8198 42569 52
4373 26409 52
14544 49639 52
15453 18564 52
4356 25151 52
15456 40816 52
15364 16298 52
5357 34599 52
22527 27299 52
8171 19961 52
2655 5115 52
18056 49273 52
5428 14495 52
13032 40687 52
22546 28840 52
3519 5625 52
25529 31912 52
4335 32045 52
25789 37524 52
4339 38112 52
18155 45475 52
20176 32394 52
15528 45683 52
18162 39135 52
22441 37546 52
2611 26022 52
3503 37738 52
20369 26786 52
14426 46098 52
25281 42302 52
17724 39488 52
15809 41600 52
13269 18198 52
5838 46618 52
8349 26443 52
19838 42767 52
2955 13311 52
7092 13609 52
19905 34717 52
5814 39928 52
4382 6428 52
8002 8333 52
2928 34873 52
14672 16405 52
5083 12915 52
16993 36885 52
16833 17048 52
7994 49760 52
3350 41100 52
19747 44103 52
26787 38757 52
24321 48510 52
5930 16871 52
15895 24132 52
26844 37308 52
13316 36597 52
5885 37702 52
26722 49694 52
8372 8925 52
26746 27416 52
12836 41528 52
26250 35287 52
3417 5441 52
4226 48854 52
20661 44308 52
2464 15645 52
8302 20910 52
7265 25345 52
24697 38059 52
20015 48613 52
6500 9594 52
26315 49241 52
5706 30989 52
22209 23381 52
18371 27028 52
13913 32191 52
26187 28041 52
20631 40225 52
13706 43441 52
22886 28916 52
20684 43072 52
4234 49893 52
24754 40678 52
4494 21473 52
5675 49155 52
20841 29418 52
20757 22304 52
17160 44073 52
6808 25973 52
6462 6512 52
7734 33595 52
13215 27995 52
18529 30580 52
13934 29250 52
4514 10045 52
22118 42698 52
15162 29451 52
40346 41877 52
33777 35731 52
27931 45124 52
11111 46130 52
10925 20853 52
9302 38570 52
39463 42482 52
1334 13245 52
10236 35327 52
43713 44064 52
43552 45437 52
31057 31428 52
31037 35661 52
42490 47358 52
11644 20205 52
37882 37894 52
12428 24985 52
9727 10105 52
11301 47836 52
10381 40737 52
30693 32554 52
35721 39901 52
45143 48379 52
40207 49397 52
734 19290 52
1328 4739 52
10943 43938 52
548 3287 52
35592 42803 52
39781 48823 52
41397 46193 52
37534 45281 52
11651 43715 52
745 44351 52
37978 40915 52
31608 45364 52
11794 26802 52
29330 36892 52
35112 49467 52
12130 26411 52
2009 34551 52
32182 49104 52
11319 38082 52
1828 6630 52
37753 38264 52
31281 47765 52
41167 48756 52
33952 36849 52
11619 27758 52
11766 31010 52
31429 37447 52
29296 29653 52
31401 46761 52
31473 49040 52
1831 23570 52
1364 48176 52
8713 17019 52
28983 33323 52
38861 42408 52
1238 14238 52
1754 36019 52
43448 43641 52
35314 35489 52
28381 41572 52
10935 38563 52
2033 2905 52
11600 15591 52
34803 40763 52
1422 18134 52
32286 49068 52
31086 47059 52
33831 43609 52
1391 7160 52
11613 33995 52
9127 12365 52
11147 14278 52
12189 28535 52
10471 34391 52
1060 29587 52
29752 35625 52
44288 48421 52
28593 48587 52
36247 41480 52
30175 49274 52
11982 35034 52
28608 35365 52
39984 44454 52
8892 21645 52
41680 42629 52
46986 48392 52
11959 20706 52
73 8796 52
40136 46833 52
28287 49686 52
44217 45984 52
1970 39370 52
44503 48439 52
46334 47928 52
255 31899 52
33013 41167 52
30007 30442 52
8589 25733 52
1622 23420 52
27626 31292 52
44442 49836 52
12518 12595 52
11468 29897 52
29820 40451 52
29820 49605 52
2116 2159 52
32963 49847 52
46896 49607 52
641 28259 52
34262 48968 52
38254 47143 52
36485 45731 52
30011 33524 52
33 1439 52
873 5419 52
10640 33783 52
1284 2093 52
10950 32486 52
31768 47895 52
12375 26627 52
28210 35389 52
12060 32166 52
10642 24387 52
10228 27244 52
31951 48056 52
30477 40328 52
40994 42999 52
8909 30131 52
1287 9956 52
10614 17871 52
1048 1988 52
10284 14591 52
9415 37124 52
10805 11179 52
42730 49724 52
38069 43027 52
41977 42465 52
31895 42154 52
11938 40076 52
15726 47661 53
31895 44455 53
29052 33100 53
1265 2581 53
7658 15926 53
29134 37241 53
17185 29910 53
22453 22895 53
10425 24404 53
8237 27726 53
17176 49516 53
31996 40289 53
32070 46512 53
22532 42628 53
22563 23582 53
6082 10690 53
42666 49423 53
10017 45343 53
15179 48282 53
41967 42787 53
3749 10650 53
4894 26512 53
14023 40323 53
19063 29004 53
32655 42201 53
9182 22693 53
21879 43820 53
3729 39061 53
1151 5165 53
32683 43664 53
1149 1162 53
38667 40052 53
16064 32683 53
6130 34404 53
17407 48212 53
196 27035 53
21746 25574 53
28648 38324 53
11493 25989 53
12272 31919 53
3822 5501 53
1125 1807 53
41934 42147 53
18303 30001 53
22316 27088 53
32307 43728 53
9138 17315 53
32339 49693 53
8261 20613 53
11634 13419 53
3567 23786 53
7620 49106 53
39420 40888 53
22354 30393 53
26044 44536 53
37387 47853 53
3681 31985 53
1179 18323 53
32529 47023 53
42323 44197 53
4917 38306 53
11748 20304 53
28887 46799 53
3665 18896 53
9108 35764 53
42288 48680 53
10881 16678 53
6101 12023 53
25070 44557 53
23985 33491 53
3081 14515 53
9856 17926 53
11905 18105 53
45122 48785 53
43816 45163 53
8106 26427 53
38010 44389 53
18265 27920 53
29651 30842 53
5916 41143 53
11922 34497 53
7920 36816 53
13387 15426 53
43953 45655 53
11914 26682 53
1477 47390 53
30813 31851 53
30841 45575 53
6026 8228 53
30896 39311 53
7856 21138 53
7893 13947 53
9859 10261 53
6418 10516 53
30700 37223 53
30473 38959 53
9859 14384 53
13094 15664 53
39297 46676 53
23746 43984 53
5072 43578 53
18254 18964 53
30068 40133 53
5965 9258 53
39206 49608 53
2863 20113 53
1600 6139 53
24786 44105 53
10695 28347 53
24588 41869 53
5967 27029 53
24551 33584 53
2998 9561 53
7971 15129 53
38071 42296 53
24952 46219 53
5924 30505 53
11935 41809 53
15943 39168 53
2964 7553 53
30189 32837 53
18231 23085 53
13308 27655 53
7733 27846 53
22953 27303 53
4972 44810 53
8190 45952 53
31597 40303 53
383 29869 53
31603 47704 53
16544 32623 53
23073 26143 53
3381 9607 53
31537 42971 53
6888 31209 53
25662 48770 53
18924 31852 53
12165 48457 53
29154 46575 53
31787 36723 53
10143 39443 53
7694 18484 53
42804 49861 53
16006 38956 53
25606 47909 53
12158 19263 53
31660 36478 53
5812 21599 53
22829 46611 53
16007 33813 53
39113 45704 53
45259 48897 53
43477 48378 53
23430 29310 53
3254 10333 53
11827 18528 53
8989 20546 53
31177 42749 53
25356 25521 53
37888 43414 53
23584 29362 53
13071 15224 53
5848 21564 53
8980 29559 53
13529 25600 53
23173 28020 53
31353 46938 53
23134 40144 53
8756 22763 53
25408 36958 53
130 23831 53
1360 2043 53
16560 40321 53
23268 42167 53
31261 40789 53
13043 16458 53
29369 44841 53
18572 45640 53
6710 16805 53
13590 39473 53
31312 33575 53
23187 36765 53
18064 20669 53
4129 26910 53
9685 46425 53
27951 36990 53
27956 48056 53
26966 42388 53
12577 28083 53
14903 18423 53
5556 7303 53
28088 28499 53
830 4620 53
2084 38117 53
4162 40940 53
27935 28115 53
27765 44594 53
27761 31698 53
817 28847 53
16146 30596 53
20909 34923 53
19760 37203 53
8470 40079 53
15547 17628 53
27949 33941 53
4134 11002 53
41171 43385 53
26593 39114 53
7356 45441 53
21129 33326 53
9970 20975 53
28392 31363 53
2175 47732 53
17574 27873 53
34066 39787 53
26637 35115 53
36002 47153 53
12338 43008 53
35004 38782 53
4103 6780 53
15563 17811 53
9345 49359 53
39032 44633 53
35688 44114 53
9948 21792 53
20549 46936 53
12615 21882 53
28211 48979 53
20561 44432 53
35588 37539 53
20399 26254 53
8396 39471 53
35585 49632 53
883 29551 53
5191 15596 53
20436 37757 53
4308 4568 53
19234 41324 53
4533 44266 53
14462 30733 53
28166 36920 53
35658 44731 53
10554 29301 53
4242 44213 53
8391 19451 53
11230 19087 53
9447 18491 53
28183 46216 53
866 4026 53
19798 27725 53
19328 35477 53
27805 34275 53
34259 36560 53
12353 49773 53
11284 23526 53
728 29203 53
20014 45404 53
37041 49343 53
16346 18778 53
34410 44084 53
35571 40110 53
15206 19946 53
4567 6501 53
9406 40693 53
19248 45016 53
6607 26103 53
36838 40602 53
27294 33213 53
37264 42081 53
34298 39054 53
4831 27344 53
19811 22802 53
19515 46962 53
5163 6018 53
17988 26896 53
21466 27848 53
19140 23607 53
36482 41748 53
15379 30899 53
3892 26520 53
41562 47856 53
5382 30377 53
28541 33136 53
2437 30449 53
14565 18956 53
21423 43286 53
19521 40382 53
644 26269 53
3934 33676 53
35379 41883 53
12278 44624 53
19301 37734 53
27162 45922 53
1075 21392 53
4448 46028 53
9509 34489 53
12275 35679 53
15368 42246 53
33063 35317 53
6541 39747 53
4470 10008 53
47714 48579 53
1060 1917 53
27969 40847 53
6543 44821 53
38719 40601 53
19410 32452 53
14974 21774 53
7008 7813 53
27559 37231 53
2454 19385 53
26313 47453 53
784 24432 53
7005 37089 53
19669 23471 53
20223 42361 53
19664 20770 53
27708 47757 53
4645 17450 53
26495 43327 53
11382 16190 53
26483 47350 53
26523 43268 53
17529 41467 53
17733 27218 53
28403 49086 53
6562 13048 53
9597 41753 53
230 2539 53
10728 38047 53
20233 45463 53
19670 43744 53
16204 25918 53
28040 36480 53
27056 38543 53
12310 37636 53
4480 8882 53
12310 26113 53
16174 20398 53
27698 37022 53
35416 38626 53
38895 39027 53
21307 34395 53
28474 30584 53
3987 39052 53
28488 39300 53
35446 38784 54
20066 23748 54
43584 46238 54
16966 17798 54
7136 14750 54
23610 36792 54
31010 39994 54
31054 32473 54
23545 47207 54
20122 40521 54
7854 22969 54
18826 37770 54
296 27300 54
116 375 54
294 18320 54
40461 49004 54
18844 22056 54
35517 47804 54
1590 9059 54
5953 7533 54
39836 48166 54
9888 16472 54
17958 28890 54
30159 45662 54
10791 37261 54
5930 31455 54
1561 6666 54
24298 46482 54
30136 35624 54
30282 42995 54
6659 15004 54
7056 14539 54
9895 39755 54
9892 41800 54
15929 25530 54
44455 46694 54
18018 31801 54
29903 30268 54
24647 39512 54
11992 34424 54
16748 40091 54
5359 15935 54
36449 36607 54
474 1086 54
11997 14973 54
24551 46071 54
8860 26625 54
19458 45821 54
9915 36595 54
13421 43480 54
23902 42599 54
15860 36412 54
15864 38538 54
30611 31532 54
16898 39384 54
30753 34353 54
8944 41429 54
3123 33117 54
37987 44110 54
18804 33796 54
7885 13174 54
3116 7036 54
7895 14696 54
23872 26657 54
13353 48195 54
30467 37990 54
7950 47087 54
30463 44314 54
13346 49996 54
30422 38468 54
13338 26534 54
19361 38053 54
43974 48043 54
39804 49054 54
11071 25810 54
19776 38285 54
3067 15561 54
24034 42617 54
1522 46015 54
30522 39066 54
3042 47553 54
7591 29652 54
11586 45706 54
9314 16854 54
987 27635 54
10519 25702 54
21186 46231 54
22260 35814 54
22261 34784 54
4058 21565 54
21302 30675 54
4908 23613 54
22107 27711 54
14956 24263 54
17532 48470 54
9869 10033 54
33680 49550 54
7582 16522 54
3663 39524 54
9715 23435 54
1253 46080 54
17222 26452 54
34075 48160 54
14315 38517 54
11314 25918 54
19205 23669 54
22438 27182 54
32087 37935 54
20972 27552 54
13830 28642 54
22488 43492 54
37510 40260 54
7613 33290 54
32264 46463 54
4067 12765 54
39593 40781 54
33909 49914 54
19008 23954 54
33947 46763 54
14943 46167 54
42569 43484 54
3570 34405 54
3778 7545 54
9701 43924 54
6527 11666 54
14119 24183 54
17391 45633 54
11452 16861 54
7515 25665 54
32854 43414 54
17449 25819 54
9201 36683 54
5322 17121 54
33307 47716 54
18153 35827 54
21891 28785 54
33308 49924 54
11528 29697 54
33004 39757 54
21657 48740 54
21650 25103 54
17436 35270 54
3790 46496 54
13979 41858 54
13978 34331 54
11560 19562 54
6508 7462 54
3699 11712 54
6703 18586 54
19057 34936 54
41462 46287 54
41575 42370 54
9192 9435 54
1140 43519 54
17353 27140 54
41044 49623 54
21406 37593 54
37328 43613 54
4978 26633 54
23068 44203 54
36957 48625 54
7200 32807 54
9669 45278 54
1352 3658 54
37689 44857 54
20337 29242 54
1362 44646 54
35022 47598 54
6970 48347 54
4390 13565 54
7745 27049 54
43083 43490 54
20406 48407 54
1340 37866 54
1342 48136 54
17056 35882 54
19250 29205 54
34856 40549 54
31220 39546 54
20172 28805 54
43343 49925 54
35240 49508 54
4433 17066 54
17010 24613 54
20137 38690 54
8986 22727 54
4446 23961 54
17759 18053 54
6875 21293 54
23416 31176 54
10078 30829 54
23189 30420 54
13677 35977 54
274 15830 54
35128 42706 54
14558 49583 54
17750 18605 54
36901 40920 54
3489 30109 54
18950 30566 54
17640 28899 54
17640 29208 54
34260 34394 54
20722 43821 54
6951 13740 54
905 40715 54
7695 29049 54
10657 21309 54
3526 28262 54
4146 14889 54
4171 29467 54
6481 14428 54
7666 43032 54
11288 13253 54
5514 18056 54
7725 22513 54
4283 8981 54
14463 35833 54
895 21020 54
22769 28836 54
34427 35585 54
42836 48113 54
11250 22324 54
31743 35934 54
11242 40411 54
25238 38161 54
1918 45033 54
12640 34606 54
12641 16667 54
25261 48558 54
2730 26894 54
16585 19539 54
28024 34767 54
6 23 54
458 20997 54
2266 30240 54
2743 6888 54
25178 27831 54
13041 24923 54
10250 34305 54
8766 8789 54
12318 20215 54
38996 41308 54
12570 18356 54
16584 39831 54
1727 5113 54
25029 28841 54
18354 25422 54
26722 46330 54
8497 28758 54
39037 41149 54
12535 43221 54
26997 44097 54
2345 2511 54
72 43718 54
16375 42773 54
18650 41474 54
28411 39236 54
27065 47078 54
12084 38650 54
16374 25950 54
15198 41044 54
12496 29517 54
16356 43961 54
28334 41276 54
1957 39390 54
45807 48287 54
27889 49126 54
25708 45962 54
12602 13031 54
25694 27860 54
25664 47778 54
1866 42447 54
10281 36440 54
45957 48647 54
2053 15769 54
2061 13037 54
5204 10949 54
16447 17458 54
6078 6155 54
2589 45544 54
25964 48441 54
25472 49732 54
2473 24933 54
2665 16945 54
2470 17140 54
28644 37371 54
47687 48215 54
5154 30766 54
6750 7370 54
5207 14558 54
10285 39327 54
25610 40030 54
25601 32252 54
6735 31623 54
16251 21349 54
2648 38769 54
27338 33822 54
27756 38899 54
25496 27380 54
18695 47679 54
10181 22795 54
26873 47836 54
8393 34243 54
2305 3865 54
8071 25068 54
6276 20324 54
12373 30554 54
12702 41212 54
5975 40970 54
6277 11557 54
5185 28687 54
4297 27304 55
25443 40719 55
31439 49587 55
15211 19157 55
17036 17968 55
17019 22987 55
6385 25398 55
18873 35242 55
29327 40023 55
4786 11421 55
3328 25031 55
11792 36175 55
8161 47444 55
11129 42511 55
40115 48754 55
13589 25452 55
280 42990 55
16404 39213 55
7067 25492 55
1368 48682 55
13606 38231 55
15225 18441 55
29325 48808 55
6309 6891 55
1114 25035 55
12627 33554 55
26220 49574 55
3383 3420 55
16296 31565 55
15458 21591 55
10407 10868 55
32910 49896 55
18613 38161 55
9816 13169 55
7484 7626 55
43171 48078 55
43176 46495 55
26227 26500 55
10893 20085 55
2186 38409 55
32960 40051 55
21735 49411 55
10715 13450 55
14980 40092 55
3910 14518 55
23387 41887 55
19689 25910 55
23390 42260 55
19689 23474 55
821 5154 55
2711 12735 55
36116 37806 55
27723 35780 55
2448 41006 55
33301 47300 55
7446 15238 55
12639 44050 55
2028 46370 55
17468 48098 55
2858 12550 55
41604 47404 55
23439 34693 55
4443 37631 55
33275 43414 55
12110 24368 55
33370 49490 55
10333 11408 55
25374 37264 55
633 21244 55
37739 41782 55
16254 38716 55
16401 24204 55
4611 26470 55
6447 23070 55
278 42085 55
15801 20272 55
11474 27947 55
9803 10858 55
23247 25186 55
31291 47273 55
6989 30263 55
11816 22277 55
8307 37502 55
7806 28946 55
31193 37959 55
9947 23020 55
12282 13694 55
5613 14393 55
13796 15512 55
22572 37848 55
32341 38838 55
4918 38060 55
6320 34095 55
25736 40350 55
35722 47172 55
18568 22025 55
35618 41155 55
31977 37635 55
4778 27289 55
4921 46778 55
24677 31112 55
15031 48446 55
22163 22571 55
15699 36970 55
166 3752 55
22144 24470 55
4515 33756 55
19965 31108 55
4949 22297 55
11668 13739 55
31881 47215 55
10044 23225 55
8249 23819 55
11638 42876 55
5497 42962 55
32083 41493 55
32067 38279 55
3594 7053 55
6485 42851 55
20375 45036 55
45704 47797 55
28986 37178 55
8246 25698 55
7603 24803 55
14686 22694 55
44470 47832 55
3603 14374 55
22337 49964 55
27849 44383 55
7688 37605 55
19335 44492 55
19335 45563 55
9544 15042 55
448 19196 55
10016 17882 55
9562 22397 55
19322 31567 55
18066 35994 55
7540 9812 55
29201 48373 55
7722 27810 55
179 21629 55
42980 43203 55
12687 23674 55
22911 38633 55
24558 42249 55
31564 49756 55
17800 30099 55
25508 40447 55
29213 45379 55
21911 23668 55
15278 27613 55
32828 33152 55
12150 12864 55
5420 6828 55
22774 38868 55
22778 32277 55
45467 47185 55
7689 11813 55
608 31697 55
19413 48177 55
4776 14528 55
36810 41608 55
3722 46141 55
17820 33495 55
6681 17351 55
8467 43847 55
757 14087 55
42843 42985 55
34720 48669 55
18918 32815 55
32597 39279 55
7890 30524 55
28391 34241 55
2330 18756 55
38758 49154 55
25100 41146 55
466 6857 55
8493 22607 55
14259 31498 55
30699 35670 55
10571 31702 55
881 3458 55
36382 49770 55
2777 11919 55
28228 39280 55
28364 40501 55
9329 31328 55
4072 30805 55
33891 37927 55
18460 24267 55
36397 38238 55
9765 30586 55
7182 23167 55
10990 20486 55
33772 37275 55
16614 28851 55
990 3766 55
27657 42181 55
44116 44725 55
9321 12963 55
36660 38138 55
20267 21652 55
36242 47541 55
13337 21005 55
15513 32457 55
16359 23021 55
40837 46935 55
18454 41640 55
5176 23053 55
25007 48052 55
6570 19621 55
20248 44185 55
13120 20530 55
7918 19471 55
18775 28885 55
13373 26813 55
26667 30220 55
24049 48104 55
16269 19016 55
24057 37855 55
13129 18500 55
5368 26874 55
13125 15278 55
19207 23262 55
5029 34811 55
25022 28662 55
35067 48864 55
17746 47856 55
16886 18737 55
6609 31227 55
3090 8076 55
34019 43962 55
12750 24734 55
10526 11106 55
29597 44233 55
29657 35960 55
4150 41766 55
29618 37416 55
9820 31096 55
2845 3189 55
14300 30679 55
1954 9623 55
2147 2172 55
12405 37782 55
8075 43794 55
8325 35032 55
16671 39306 55
899 8582 55
8781 47385 55
10296 42475 55
8503 20055 55
9601 28894 55
15377 49301 55
20183 34142 55
28467 49348 55
8122 16271 55
36173 41185 55
4840 14768 55
8006 28491 55
24881 47085 55
11278 27756 55
30219 31522 55
8899 15017 55
20172 20311 55
4424 12848 55
798 24221 55
15070 40257 55
12356 31936 55
11404 25399 55
16689 26016 55
11852 46338 55
15341 26432 55
14215 46491 55
19670 44416 55
6743 16007 55
20780 46368 55
20275 30908 55
17631 28790 55
23525 34508 55
788 33214 55
4255 43906 55
17653 39864 55
11264 22717 55
10378 22575 55
6660 28061 55
24364 42043 55
5002 10963 55
17632 28271 55
16079 21361 55
7396 11833 55
20681 30896 55
12701 21210 55
8522 41211 55
10448 47342 56
12886 49036 56
14334 25762 56
7202 29433 56
20924 32318 56
8362 16870 56
2559 47136 56
8449 29007 56
11267 13580 56
37479 44311 56
32509 36626 56
19987 38673 56
1179 33376 56
5150 10294 56
9940 23447 56
14336 19340 56
38611 49462 56
28249 33481 56
10757 34427 56
17700 17840 56
25885 28647 56
18327 20750 56
16291 40630 56
10867 31964 56
37430 37858 56
16347 46372 56
10221 49007 56
20842 40099 56
22192 40711 56
42406 42813 56
42519 48019 56
4171 9166 56
7599 20265 56
32282 49167 56
28146 33832 56
4923 28523 56
12900 27743 56
7584 40296 56
34190 38561 56
37408 49135 56
4205 12178 56
17273 22341 56
15712 23640 56
5491 30426 56
2007 12877 56
8375 20960 56
15521 46147 56
18398 31576 56
34759 41471 56
12658 49802 56
7301 19051 56
26706 35696 56
12915 18904 56
1840 30199 56
36915 47736 56
2357 5101 56
17269 32663 56
20740 29493 56
4258 15264 56
7460 12113 56
11472 30862 56
18464 35990 56
9978 39798 56
21290 45356 56
6933 31363 56
5160 7403 56
39737 43743 56
20501 43841 56
9503 35514 56
4469 11034 56
1940 5111 56
7382 27313 56
40589 44852 56
2398 36230 56
21192 31537 56
41738 42621 56
559 652 56
26298 31615 56
3989 5646 56
7390 44242 56
20090 22167 56
21678 31158 56
8320 10438 56
871 4898 56
14916 23630 56
21472 28862 56
14890 48197 56
46391 46443 56
21365 44050 56
4867 37622 56
20151 44971 56
14582 28797 56
11432 23008 56
14118 38596 56
28565 39363 56
6306 6435 56
27142 28660 56
17666 31215 56
28576 45181 56
7443 20214 56
21499 36892 56
1915 14835 56
6273 12826 56
17357 26822 56
14307 36200 56
10461 37461 56
7532 34141 56
2230 17498 56
946 1331 56
10559 22075 56
2505 26405 56
35098 48220 56
10714 24199 56
2375 42164 56
1150 19565 56
12401 30042 56
21026 35160 56
21024 26774 56
810 6761 56
5333 10973 56
4780 8036 56
34103 36041 56
20432 21530 56
5553 28136 56
7314 25581 56
2285 7387 56
34078 34917 56
34660 38220 56
19067 20024 56
20981 23720 56
10252 16622 56
1899 16317 56
11160 21891 56
1982 42641 56
12842 34570 56
26565 46806 56
5572 5724 56
19099 36844 56
12329 24640 56
1102 44871 56
41822 49232 56
9418 13049 56
4044 36052 56
14619 26240 56
26592 28003 56
20462 20469 56
21102 26549 56
20458 29688 56
2486 18374 56
6263 35696 56
9348 27491 56
5802 40519 56
516 7714 56
8751 47351 56
3385 18659 56
13008 30362 56
44038 45730 56
15415 47012 56
7075 32425 56
13128 17681 56
3057 8393 56
13025 37028 56
23088 48660 56
5895 18726 56
16647 33972 56
19724 45407 56
45331 48448 56
4678 25888 56
13613 34658 56
4600 41525 56
4683 35927 56
13388 34865 56
12070 12312 56
18784 28364 56
7760 10926 56
2107 15021 56
29703 30059 56
38993 44367 56
2822 25364 56
44854 45154 56
24210 43954 56
29181 48440 56
25631 42865 56
10309 13484 56
31667 45682 56
16672 33337 56
18757 20814 56
24286 34676 56
29170 29340 56
17904 39111 56
9556 40815 56
17904 43301 56
24118 35055 56
7727 15369 56
3416 38030 56
25589 36202 56
2199 3517 56
10408 36792 56
16547 36234 56
3039 3914 56
29642 32562 56
36337 49796 56
5919 8823 56
1685 38930 56
19785 32622 56
24982 37809 56
43532 47903 56
23733 36774 56
7870 17229 56
16982 22176 56
30815 33565 56
25287 25367 56
4629 28400 56
5872 15117 56
13470 36735 56
23690 45059 56
16994 35441 56
25327 29313 56
23400 42949 56
43473 49446 56
19658 44732 56
6756 42082 56
1719 28864 56
23641 29092 56
31031 37031 56
31019 44427 56
14771 23503 56
19368 29631 56
23564 40448 56
3317 37618 56
1375 21937 56
13596 36412 56
25083 48076 56
31303 41791 56
30685 34773 56
23262 25357 56
29304 41249 56
31377 44299 56
7904 8030 56
36271 49459 56
17959 40481 56
5017 38803 56
18654 25020 56
1397 48475 56
15151 28436 56
19696 23160 56
31207 32612 56
12478 43158 56
3271 4227 56
23372 29169 56
30729 45885 56
27487 37436 56
23850 32443 56
11806 41011 56
8998 11651 56
37561 46461 56
31923 35643 56
16517 37082 56
35755 49762 56
25755 26811 56
8509 46202 56
36824 38125 56
38208 39991 56
24369 49546 56
37586 42205 56
9637 27866 56
2843 40331 56
7687 31034 56
15907 26069 56
11972 33075 56
12942 35453 56
13283 30715 56
2962 43934 56
5047 36761 56
18949 41994 56
15030 45574 56
3499 30340 56
11670 40005 56
24444 39854 56
22439 47084 56
1823 37103 56
29977 44766 56
17209 32909 56
32078 47987 56
22443 40430 56
12006 40886 56
1248 22547 56
10323 29823 56
36578 41217 56
1818 30054 56
8862 9257 56
5127 24616 56
12032 26079 56
2580 37814 56
24337 26098 56
30278 41979 56
4964 22191 56
44790 48817 56
5366 16495 56
11690 39445 56
8491 9092 57
17524 33598 57
7045 11894 57
30713 47909 57
14402 23988 57
5004 25501 57
28424 47230 57
4324 49917 57
7875 30028 57
8051 25623 57
21209 30956 57
909 34849 57
20433 25719 57
36235 47766 57
26523 39960 57
16734 35988 57
4307 10903 57
4053 7136 57
10372 12166 57
7887 45355 57
14555 40761 57
80 7469 57
14788 21049 57
16637 32129 57
16817 35963 57
26538 39895 57
5573 35750 57
14913 15762 57
21171 23718 57
25105 48425 57
20735 38751 57
11393 22226 57
29932 46573 57
4345 23261 57
30885 33406 57
5526 44526 57
24283 48203 57
16930 35573 57
9392 14314 57
9284 45607 57
57 40537 57
5072 7490 57
26443 34904 57
24651 44766 57
12557 45149 57
10325 10488 57
12487 17860 57
673 34026 57
33562 42125 57
4016 28052 57
20421 38216 57
5523 18676 57
10174 45025 57
108 40293 57
28035 30077 57
4416 19980 57
10112 18546 57
2903 35306 57
9666 48845 57
37930 41596 57
4819 30251 57
25183 47040 57
842 43329 57
7217 44809 57
17583 43896 57
1960 22553 57
4688 43038 57
44238 45955 57
5035 9289 57
7991 46569 57
879 21027 57
4396 22009 57
18451 22185 57
899 2457 57
16351 30085 57
1580 34848 57
948 37284 57
7919 14123 57
20853 23629 57
10342 19177 57
14359 23300 57
20563 44413 57
45052 45777 57
4115 46787 57
16760 44248 57
8823 41189 57
38983 46983 57
4121 39071 57
7249 30010 57
27645 33205 57
20912 22629 57
20607 48353 57
5974 26979 57
3042 20217 57
38796 44753 57
24844 41603 57
14330 21494 57
30540 31220 57
41047 43754 57
29637 39515 57
17593 29974 57
30505 48607 57
582 979 57
10569 45057 57
6154 42761 57
9431 12052 57
27546 30253 57
12752 28326 57
29742 40576 57
21077 21425 57
33968 43521 57
27634 30015 57
18448 35905 57
12760 26582 57
9614 30157 57
34926 37076 57
4072 19096 57
14373 30902 57
860 17573 57
471 32874 57
21106 45569 57
3105 19511 57
18256 49579 57
20822 47382 57
8085 46632 57
8913 24657 57
6156 9259 57
819 1233 57
6949 22343 57
600 43437 57
8913 34438 57
47422 49751 57
4109 8972 57
34035 35030 57
20265 22552 57
5054 44701 57
10712 49991 57
38023 46573 57
3022 16945 57
17534 32419 57
41096 41847 57
4398 23355 57
14296 32140 57
16147 24362 57
7121 37681 57
22843 23662 57
10456 47381 57
12438 49994 57
10885 37369 57
22032 29712 57
3729 36062 57
3729 30596 57
32668 33230 57
2078 22825 57
3440 46237 57
32656 48811 57
1318 16641 57
3474 19657 57
2520 19456 57
10025 17593 57
19817 26144 57
17299 20264 57
6105 11160 57
11696 14676 57
42840 42891 57
17902 36388 57
45954 48791 57
10024 22380 57
12971 16601 57
28698 30992 57
25516 30414 57
2645 33663 57
15459 16362 57
19750 37544 57
5638 7143 57
5200 29386 57
3776 20892 57
8179 24891 57
3767 47449 57
22987 37788 57
9742 44892 57
28736 33301 57
1143 34317 57
3739 5378 57
35468 35559 57
17354 48196 57
7532 43800 57
3735 36040 57
47723 48281 57
2198 21395 57
7526 10949 57
25579 34682 57
26117 44946 57
17234 18219 57
19856 31336 57
25939 33173 57
4533 35420 57
38622 47082 57
11610 46798 57
1264 2643 57
9098 37334 57
44 6056 57
22538 45198 57
25959 42945 57
16513 43988 57
2208 24920 57
11652 12292 57
22270 23455 57
15713 22123 57
18180 41524 57
22390 31350 57
45685 45870 57
3575 10659 57
17868 32258 57
1247 9366 57
9840 49036 57
27861 42079 57
15433 48622 57
27877 28951 57
1232 40468 57
7096 44018 57
40239 49025 57
37501 46247 57
11678 33299 57
10442 14282 57
32386 46301 57
19950 33217 57
19823 46254 57
45868 46630 57
31852 35186 57
5297 20984 57
1851 44268 57
3509 17833 57
9142 28264 57
39098 48478 57
19930 35086 57
25720 30790 57
22650 32174 57
12955 42400 57
22163 31368 57
35613 42122 57
36189 47458 57
12954 33036 57
17159 33407 57
10481 15775 57
43353 45955 57
1375 27352 57
16391 22732 57
16969 25222 57
8634 21176 57
4992 35596 57
21640 43225 57
6700 8432 57
11788 12217 57
21678 27643 57
14733 27932 57
1923 37791 57
21403 24498 57
5258 22647 57
23198 34745 57
37141 47357 57
18853 35560 57
19122 44828 57
10613 40096 57
21450 29116 57
21453 29913 57
5319 44686 57
14751 45948 57
11436 14636 57
2700 13019 57
3939 12529 57
12277 31443 57
8156 46742 57
12417 29997 57
20105 45480 57
26317 45246 57
39729 49698 57
3366 10163 57
27129 46092 57
21760 26108 57
9218 22323 57
18613 40269 57
41511 44486 57
43118 45403 57
4480 14950 57
30961 35172 57
14724 43297 57
3346 19503 57
12642 14449 57
35405 35427 57
12422 29769 57
454 4980 57
23553 47639 57
9279 39551 57
5624 49172 57
11787 17172 57
19719 48768 57
39497 49270 57
31445 38679 57
7482 8416 57
4608 8296 57
1736 3349 57
21381 22653 57
17915 47885 57
48745 49666 58
35752 37685 58
19846 32512 58
15486 17730 58
20329 32069 58
27996 31859 58
12560 18282 58
35682 42935 58
27443 45873 58
14680 40709 58
36612 48566 58
12560 14567 58
28004 41235 58
4545 24899 58
15401 42936 58
18355 39567 58
791 35299 58
4529 36883 58
2164 16367 58
36743 40798 58
20348 47411 58
4529 25451 58
18411 25978 58
18015 20357 58
27121 45947 58
4747 6369 58
48618 48937 58
27658 46109 58
7172 48973 58
14549 45432 58
5382 29286 58
653 35556 58
19810 38618 58
5218 22357 58
27648 42969 58
4577 29427 58
12403 21545 58
12500 23782 58
28057 33794 58
11047 18845 58
40326 42145 58
12544 41275 58
17804 21248 58
14719 43926 58
8532 10645 58
1 1187 58
11054 38217 58
19280 44730 58
9922 47033 58
17966 35262 58
721 8102 58
12577 47619 58
35776 41106 58
5397 6678 58
3 35051 58
19827 46563 58
18056 31407 58
14785 22855 58
16254 44519 58
27283 33844 58
34967 38731 58
6212 6335 58
19607 42397 58
20103 27021 58
27542 39904 58
5196 6719 58
8447 17480 58
11005 13857 58
12573 17940 58
19982 34255 58
1352 8541 58
31534 39872 58
13644 35041 58
31479 35795 58
10681 27280 58
23089 35397 58
365 9169 58
17031 35229 58
5819 13222 58
11713 14519 58
31619 39191 58
31605 44670 58
25585 28430 58
22931 42605 58
1334 1358 58
25532 25878 58
2651 10562 58
7742 17314 58
7816 12805 58
13060 30354 58
16585 27401 58
31058 40103 58
43548 46198 58
31019 38072 58
25404 41092 58
23210 31654 58
23214 29085 58
23246 32689 58
8764 16748 58
3299 18242 58
13577 20318 58
10834 28962 58
11811 36658 58
15062 28090 58
17189 49284 58
22521 42790 58
17171 29889 58
2590 20802 58
2591 13124 58
38565 41210 58
5130 10384 58
22346 37960 58
22414 39450 58
11637 20170 58
17210 24588 58
17115 38983 58
2617 3538 58
13722 33119 58
17107 35345 58
16539 43181 58
15044 22538 58
31675 37654 58
37654 45679 58
13512 46386 58
1294 36418 58
31843 36652 58
22709 47389 58
1298 39659 58
22713 30008 58
31822 39611 58
16811 29206 58
2824 17190 58
44853 48449 58
9777 41332 58
29717 32956 58
24204 43549 58
10694 43902 58
13309 18972 58
24887 40012 58
10121 15563 58
24139 32437 58
30543 47223 58
16830 42343 58
5921 8692 58
18771 29145 58
24168 49763 58
15955 25728 58
44360 48259 58
24534 27102 58
24539 48921 58
16707 49533 58
13202 24901 58
24666 35449 58
2895 14089 58
6370 19994 58
24342 31297 58
15901 45867 58
15106 29713 58
13270 43690 58
2942 25799 58
18687 25645 58
3168 48595 58
23681 36897 58
8784 43942 58
11868 46686 58
2749 5866 58
25156 37105 58
30746 38447 58
29476 40161 58
12108 37669 58
1447 23412 58
29481 35395 58
10373 49488 58
23620 25993 58
13489 25742 58
13485 17765 58
7903 26032 58
15864 18267 58
23989 28607 58
7920 10492 58
13376 32586 58
6419 38525 58
10372 34713 58
13439 45283 58
25109 31488 58
8110 36928 58
33807 41075 58
6560 36538 58
14245 49220 58
19186 39157 58
37097 48965 58
4019 31411 58
17574 42529 58
11326 24275 58
972 46003 58
1946 21640 58
5330 19927 58
25 8888 58
4060 17701 58
33875 49645 58
2436 6802 58
28547 37299 58
37222 44878 58
21521 22101 58
33266 45866 58
21347 31951 58
6694 14998 58
14961 37887 58
40832 46520 58
28197 43671 58
8386 22219 58
20568 44189 58
47104 49237 58
20586 32611 58
7255 14384 58
26797 27893 58
11264 45195 58
20649 38349 58
8568 44963 58
40685 40814 58
4338 6013 58
5341 18140 58
26929 29039 58
11268 34564 58
9946 22439 58
4302 35562 58
17677 49077 58
10227 15379 58
20843 23000 58
12348 34256 58
4154 11668 58
11300 16628 58
14346 29334 58
2360 20400 58
9389 14506 58
8356 38329 58
26657 42614 58
14937 16851 58
34080 40259 58
8372 15565 58
38821 40533 58
8588 37599 58
252 9823 58
39640 45110 58
4177 24040 58
8282 24229 58
11539 27466 58
46058 46385 58
18302 26846 58
1159 46073 58
3718 46946 58
13975 18575 58
22031 33980 58
37356 45668 58
10262 21783 58
9209 38549 58
17389 36424 58
16055 49902 58
4886 45092 58
21865 45214 58
18505 22377 58
16053 43026 58
1134 10351 58
13924 28869 58
15700 32981 58
6792 30784 58
32258 33888 58
1843 9039 58
32250 40397 58
11571 45286 58
13964 47290 58
5309 15506 58
41700 42462 58
5244 44304 58
2470 6214 58
18497 35254 58
10475 40902 58
3873 36221 58
1064 18075 58
12281 31525 58
559 23467 58
28670 49938 58
26302 43361 58
14091 27638 58
41724 44795 58
11476 18485 58
39064 48401 58
7498 9644 58
17403 38819 58
16420 17431 58
18443 24605 59
18869 31689 59
18133 36562 59
5076 27622 59
38418 39776 59
18870 41782 59
6732 47965 59
37317 39264 59
18171 41025 59
333 424 59
18526 48710 59
18681 37796 59
18182 28100 59
18562 28111 59
593 33983 59
5068 6361 59
5301 28000 59
5271 5755 59
39205 41424 59
9872 22342 59
37095 46023 59
37803 47518 59
18435 28010 59
10748 31106 59
19111 28294 59
19116 26684 59
6883 23598 59
19293 46265 59
5165 10697 59
14933 32067 59
6887 25763 59
19391 39866 59
5344 17658 59
37838 39459 59
14886 16249 59
6821 22539 59
9798 24784 59
18581 20730 59
19223 39319 59
16808 20921 59
44082 49114 59
30454 32619 59
3024 22921 59
15888 41484 59
10350 22586 59
11946 18957 59
16793 43015 59
24358 27272 59
43721 49880 59
11891 25034 59
100 19232 59
16837 43523 59
3049 29295 59
3047 36756 59
5918 40272 59
13207 18774 59
8057 9877 59
15942 20404 59
8071 32456 59
2841 4882 59
16663 25992 59
30153 30786 59
8867 37175 59
1602 38696 59
30026 48353 59
13717 47010 59
1319 40391 59
31596 40181 59
11729 32398 59
7758 8338 59
10404 48048 59
22581 32773 59
22614 30132 59
5758 22241 59
42731 42781 59
22734 38685 59
22755 27712 59
5774 48408 59
3459 24544 59
15750 48517 59
1439 4382 59
23516 24094 59
7844 28260 59
5866 6686 59
3152 34300 59
23766 48447 59
30762 46486 59
7770 21900 59
5826 23495 59
2815 21528 59
1413 20518 59
11834 43314 59
43502 48328 59
8978 38209 59
28202 29792 59
8367 9499 59
8372 28050 59
26754 47566 59
46958 47425 59
8385 20696 59
47024 48389 59
26864 41880 59
1994 21143 59
19 16834 59
16069 21650 59
2448 45929 59
16386 24255 59
26462 32266 59
16377 30527 59
26539 29042 59
26561 49294 59
8443 35867 59
7 17818 59
27357 39900 59
12485 23910 59
12552 13604 59
8514 28506 59
2274 34227 59
8405 15592 59
26255 35825 59
28036 37345 59
12411 33849 59
6201 40811 59
6263 39289 59
29309 39819 59
1761 36699 59
2673 18215 59
25510 45481 59
8183 16808 59
12992 18008 59
25596 31732 59
12154 18908 59
8743 44888 59
24975 36790 59
29627 30330 59
29623 46900 59
12086 12801 59
1705 4767 59
1712 46208 59
25335 30608 59
45823 45838 59
28856 40873 59
12890 15151 59
40 13703 59
26138 46322 59
2496 9118 59
2496 6629 59
8654 25930 59
28657 45766 59
16518 18692 59
25754 29194 59
25773 39023 59
1821 31232 59
45647 48378 59
10965 19495 59
12926 40054 59
45695 45778 59
1838 22408 59
1838 43537 59
28951 40858 59
20727 49354 59
14429 48994 59
20628 35726 59
11270 15270 59
34319 40093 59
34301 38905 59
5512 46302 59
11282 17702 59
920 6991 59
20916 27592 59
4131 12330 59
34147 38102 59
34919 35377 59
34777 49568 59
14482 15126 59
7229 10307 59
4005 11290 59
21268 39485 59
14172 35989 59
33449 46627 59
14159 33126 59
17469 24649 59
11318 37165 59
33887 41506 59
21169 48598 59
19765 19936 59
36187 40096 59
5403 29702 59
15412 30881 59
726 4717 59
11080 42625 59
17999 35091 59
39993 42534 59
17956 32020 59
10623 48002 59
14779 34822 59
780 23316 59
35279 40931 59
35187 44069 59
4452 7749 59
11156 49592 59
17730 42450 59
40225 48759 59
14673 30866 59
19921 29715 59
19927 27411 59
35568 43259 59
15729 18633 59
4488 14956 59
20094 34638 59
35318 47820 59
21782 28638 59
3796 42245 59
32981 36905 59
42576 47360 59
3811 15296 59
32831 49017 59
5649 48861 59
6491 38448 59
22221 29399 59
21817 39957 59
22031 49942 59
32568 43289 59
41866 47838 59
11448 20394 59
5678 9090 59
32052 49095 59
22477 33742 59
1209 4158 59
21535 25889 59
14116 21784 59
11570 15854 59
9178 49594 59
22097 44871 59
5743 24935 59
32005 43333 59
21705 43363 59
17414 18923 59
153 26198 59
3823 13631 59
32659 42846 59
3691 48556 59
22471 46572 59
3641 40619 59
6446 22194 60
46523 48070 60
282 39049 60
5725 8571 60
18348 48274 60
9901 19492 60
17151 20907 60
17211 28991 60
5729 44395 60
18001 29561 60
6247 30234 60
6244 28881 60
5750 9242 60
43057 44487 60
42489 43192 60
10611 15585 60
39022 47471 60
16291 27438 60
9913 14344 60
43921 45776 60
39251 43485 60
6406 13284 60
5909 44948 60
6365 47933 60
44779 47550 60
6536 32455 60
10704 36693 60
45234 46106 60
16597 31374 60
9962 37514 60
16879 22951 60
10298 43842 60
43863 45111 60
16638 47349 60
17460 31613 60
41653 49478 60
6696 36481 60
10496 17028 60
5941 32676 60
44105 49628 60
5924 20040 60
9854 41532 60
15618 19749 60
6556 29726 60
16480 36726 60
16489 37712 60
5496 34454 60
17706 20782 60
17333 26283 60
43326 46423 60
6446 17846 60
43442 48495 60
18206 35799 60
42259 44933 60
10265 27800 60
39139 40195 60
6419 36258 60
5642 31120 60
5528 32126 60
18104 31424 60
15857 37751 60
40972 42858 60
45543 48506 60
17353 22496 60
39121 48703 60
6054 35995 60
34619 40302 60
29002 30726 60
12363 26990 60
7228 48501 60
34493 38359 60
23341 31558 60
11252 40592 60
1429 5709 60
34989 37049 60
34924 43654 60
11191 48279 60
4342 18220 60
12191 12721 60
20450 36295 60
1411 8940 60
13636 21906 60
26708 46107 60
927 39068 60
23074 46950 60
14345 36486 60
26676 47130 60
20731 42681 60
13585 37096 60
34254 49854 60
3343 5208 60
7291 21178 60
30699 36324 60
13435 40191 60
4537 35698 60
19923 30208 60
2290 46889 60
19962 20377 60
30752 32441 60
11878 13292 60
35573 47232 60
23715 44477 60
30627 43986 60
2271 40762 60
4576 12674 60
35798 48892 60
35777 43806 60
11082 22550 60
9504 17764 60
20196 31904 60
14561 21199 60
14559 48662 60
13511 25262 60
28214 45815 60
23695 47902 60
30894 43029 60
35433 41489 60
26879 48676 60
28188 47582 60
22382 31376 60
22425 49882 60
3566 43222 60
32861 44476 60
22381 28831 60
1237 27274 60
3754 14150 60
28576 39983 60
32784 37741 60
12790 28846 60
21746 40924 60
13828 14307 60
7638 18305 60
11506 49145 60
28537 48001 60
32078 44086 60
26400 41672 60
26254 41284 60
1893 7709 60
22148 41181 60
7579 33062 60
32424 34744 60
1195 33939 60
1905 8932 60
22521 27546 60
32334 35863 60
11557 48364 60
9163 24039 60
3646 5748 60
14235 44756 60
22893 45712 60
4046 10406 60
22872 31720 60
4040 7302 60
28871 48705 60
7381 12597 60
4034 16285 60
7701 32500 60
12896 42857 60
22731 36165 60
3989 45310 60
26040 32863 60
12342 31684 60
11325 24789 60
22951 28869 60
14276 18937 60
33884 36411 60
21536 35691 60
13778 43583 60
26067 34289 60
3842 14115 60
22539 36656 60
31826 45256 60
26561 26600 60
11679 42367 60
7425 19755 60
22686 43549 60
3947 5648 60
2398 4697 60
12771 49533 60
2404 2857 60
11975 19883 60
1591 42525 60
4837 6262 60
8519 49497 60
12143 46862 60
18697 36114 60
4822 10399 60
24425 29437 60
14907 31452 60
9669 40189 60
8014 27594 60
37104 48166 60
13061 20803 60
24513 35012 60
4857 47487 60
8539 32426 60
14932 34759 60
15150 29077 60
18625 19585 60
25027 39792 60
25502 33226 60
18609 44985 60
29220 48074 60
36712 44890 60
15138 29429 60
4793 33763 60
13139 14887 60
24379 43412 60
12477 18703 60
15064 27958 60
27710 49271 60
24645 42134 60
37900 42239 60
12584 49395 60
12034 13638 60
29842 46468 60
29876 34352 60
25354 32063 60
29887 46059 60
18866 24400 60
30624 36298 60
2202 4374 60
19123 21826 60
38034 42406 60
8019 14919 60
9775 13454 60
13059 25351 60
24517 39693 60
12140 39477 60
19054 23375 60
27785 44332 60
546 35922 60
12462 49494 60
27321 44497 60
6753 20820 60
27441 30479 60
29759 44387 60
14981 17544 60
25654 40638 60
24010 26612 60
4706 33034 60
36409 37675 60
6759 36737 60
8437 10808 60
7028 29355 60
5161 15967 60
12087 34098 60
27122 47921 60
18449 30243 60
24043 24201 60
11005 24890 60
29537 41619 60
25190 46887 60
3051 11170 60
38845 42297 60
18437 44827 60
14735 19048 60
4614 23231 60
30610 49706 60
29595 40882 60
27945 41298 60
24226 27945 60
7964 7989 60
15161 27092 60
12506 34355 60
2734 38339 60
13343 33810 60
8912 21433 60
18522 25535 60
2773 4593 60
3080 11475 60
31886 36220 61
3491 22680 61
22190 30046 61
1735 43547 61
15695 19823 61
22615 36083 61
22671 26268 61
29501 49084 61
29843 48313 61
3551 4462 61
22478 40897 61
26091 29270 61
13126 15784 61
13116 14003 61
2496 25231 61
13874 40231 61
16653 21723 61
13138 46469 61
3512 23698 61
8138 46403 61
22585 49444 61
22588 40750 61
2839 42910 61
11592 11980 61
2846 20101 61
24880 41980 61
7656 7715 61
29738 29978 61
3515 3906 61
11943 42428 61
3002 49401 61
7836 39321 61
31013 48765 61
23535 26122 61
7843 12252 61
30357 49761 61
23566 40738 61
1425 15653 61
1448 22040 61
29205 43770 61
24186 39952 61
7814 14062 61
15808 29837 61
12929 31170 61
31103 42723 61
23456 40545 61
24036 25176 61
30701 36006 61
16881 48017 61
15837 17931 61
7855 28932 61
30880 31309 61
8731 36819 61
1472 10843 61
1480 1802 61
30540 48444 61
22901 33544 61
13675 43396 61
22970 31402 61
24595 47041 61
11745 49052 61
8260 35308 61
15745 48760 61
22732 49301 61
13731 37441 61
8054 33229 61
13194 26356 61
13208 28586 61
3441 17900 61
5961 25518 61
25866 40055 61
25442 46311 61
31292 34947 61
16495 30187 61
30126 39167 61
2958 21216 61
2659 31239 61
45686 47833 61
1771 35275 61
16781 23236 61
2924 11717 61
29301 33968 61
1613 14639 61
15785 27319 61
9017 39897 61
23135 36430 61
8255 44071 61
8255 23625 61
23189 27832 61
36130 40271 61
9599 18269 61
4637 22745 61
19654 42554 61
11016 20654 61
2034 47729 61
7045 19425 61
10219 34265 61
40138 48635 61
728 1749 61
4602 18508 61
27120 46308 61
27232 29656 61
39813 45132 61
39782 47878 61
657 33250 61
19450 26317 61
17776 24212 61
20081 30947 61
16310 35422 61
20077 41238 61
14609 34718 61
20046 22023 61
35025 48738 61
4383 42015 61
35033 42837 61
28163 35294 61
7173 11761 61
5484 49862 61
300 32522 61
746 1230 61
8403 17441 61
766 27394 61
14629 32927 61
6634 16073 61
19987 47355 61
4515 30332 61
6271 49616 61
15279 47097 61
15145 48006 61
27480 29823 61
6240 20082 61
5033 24429 61
2165 28531 61
5121 12748 61
10802 23168 61
5275 8295 61
38177 39508 61
5199 24675 61
18418 25803 61
27591 32324 61
5148 8691 61
434 2786 61
5144 24419 61
6861 46074 61
27648 41408 61
18490 37708 61
4846 6307 61
37114 41972 61
6685 20796 61
36864 37584 61
10935 26433 61
27858 32038 61
39659 44989 61
14914 35853 61
16167 22531 61
18968 23838 61
10848 37369 61
8465 9492 61
2199 48601 61
551 20788 61
5691 15346 61
18167 26771 61
17498 40098 61
16394 49477 61
11397 19100 61
8635 18233 61
21311 26836 61
33662 43888 61
21064 25870 61
14269 14903 61
21121 25263 61
9326 44029 61
26659 29759 61
26342 37721 61
7530 38576 61
7366 18843 61
5636 27322 61
3843 13712 61
33192 36836 61
5638 22508 61
3810 48734 61
1108 16287 61
14056 30447 61
11501 48011 61
26437 35251 61
10246 46008 61
28493 44893 61
33046 36059 61
21692 28384 61
11485 28606 61
33087 47153 61
21452 37076 61
12322 12541 61
17382 36715 61
33311 49303 61
7445 14786 61
32485 47245 61
15514 44938 61
17293 24533 61
34319 46091 61
9417 11566 61
11577 28671 61
34528 46041 61
14299 46200 61
6288 7359 61
1899 31869 61
7223 27215 61
8383 33919 61
26801 30318 61
14512 32310 61
20473 24090 61
10027 25074 61
22065 47414 61
6598 48955 61
854 33077 61
852 44540 61
15552 23101 61
21972 46027 61
15543 35035 61
6578 7773 61
7333 48649 61
20994 23312 61
5663 16138 61
3731 7945 61
41069 46714 61
9168 15236 61
20760 22654 61
20879 44304 61
25317 44879 62
2462 24532 62
26104 37552 62
26240 45676 62
2469 13966 62
6128 12810 62
2503 19759 62
46453 49149 62
27695 41984 62
2554 11985 62
28295 46933 62
29161 42408 62
25663 32395 62
2537 34378 62
2343 27620 62
2580 28240 62
6078 7444 62
1814 17876 62
26915 40298 62
2311 47494 62
26941 49075 62
29293 37329 62
16224 29820 62
16568 35954 62
2193 37761 62
27382 36295 62
28776 37493 62
27723 43235 62
28486 46783 62
2510 25775 62
2169 7943 62
27216 49360 62
28533 49667 62
28387 34051 62
27839 35979 62
4465 8790 62
35185 40284 62
20220 22153 62
17744 30493 62
34739 49138 62
20416 26729 62
4317 20294 62
20466 46858 62
260 39438 62
34525 37206 62
20561 36778 62
34456 38439 62
19850 20909 62
35600 39671 62
5450 8838 62
20012 27947 62
40327 47952 62
20016 31849 62
20043 47904 62
35436 40831 62
41205 44435 62
3979 47599 62
21371 43111 62
33387 49814 62
3872 7018 62
34207 46716 62
17649 30866 62
20719 28270 62
20748 24267 62
5532 28158 62
4159 13212 62
4152 17954 62
20898 30018 62
5550 44906 62
37989 44630 62
18217 35196 62
4990 37225 62
37504 43706 62
37434 40633 62
19029 40015 62
19049 21229 62
19058 48971 62
19059 24618 62
19063 40368 62
19120 35845 62
19122 47790 62
18137 47070 62
18594 20292 62
38925 40663 62
433 39803 62
38565 40756 62
5113 19631 62
18626 22067 62
38257 40536 62
38065 39053 62
683 778 62
19545 34019 62
660 48045 62
40024 48365 62
40076 43020 62
19737 36283 62
4585 13123 62
19813 26295 62
39537 40047 62
5322 47184 62
351 14439 62
19152 36113 62
37012 48541 62
593 8620 62
39661 41615 62
36888 45269 62
19381 30273 62
19400 20288 62
19457 47571 62
23627 43867 62
23644 42056 62
30912 40529 62
23661 48700 62
3147 18731 62
24001 34972 62
30586 36141 62
1517 3185 62
24031 47324 62
23113 25223 62
43263 43658 62
23180 39524 62
23242 49246 62
23385 46881 62
3255 46172 62
77 25813 62
24515 37082 62
1614 3571 62
30020 46420 62
29938 39978 62
1656 40672 62
1670 48188 62
29710 32186 62
5908 46224 62
30545 33090 62
24101 34104 62
30382 49763 62
24292 29794 62
16768 48839 62
24432 33913 62
21940 47584 62
17336 29331 62
22002 22181 62
32558 40246 62
22085 48695 62
32432 42960 62
32398 44449 62
5693 36946 62
32982 42827 62
21754 30260 62
32902 34918 62
3764 40000 62
3763 13751 62
21918 27255 62
42023 48621 62
1142 1742 62
1324 2296 62
5801 42292 62
31543 42749 62
23020 46962 62
1345 1446 62
5811 37655 62
3352 35230 62
22306 40282 62
3561 5632 62
5735 14178 62
31996 48853 62
22552 46707 62
42723 49777 62
12043 26664 62
7427 21832 62
8974 45431 62
12380 17040 62
14808 48271 62
11997 35701 62
8299 31644 62
7401 23250 62
15668 21899 62
8205 20341 62
10597 30622 62
14670 29312 62
14481 29212 62
7457 28984 62
11809 41115 62
13056 23650 62
8164 43390 62
13227 19341 62
6605 11398 62
14129 30815 62
10143 17986 62
7295 35486 62
6710 20564 62
16082 37499 62
8274 23039 62
8610 24940 62
9578 13132 62
7989 13151 62
8607 11361 62
9934 28407 62
12853 42623 62
14788 33046 62
12656 29209 62
13546 23707 62
14709 48130 62
9857 41691 62
7347 19926 62
15612 18349 62
11013 26018 62
10297 20064 62
10891 34659 62
12964 23612 62
13952 46764 62
16161 35748 62
10897 13552 62
13371 15717 62
7142 45164 62
10659 28815 62
11620 36852 62
15920 25577 62
12146 18936 62
12934 13893 62
10329 12589 62
12931 15502 62
14055 49630 62
6461 26028 62
12414 24456 62
6954 10372 62
14648 28790 62
8481 26130 62
8097 22693 62
6330 44155 62
6785 24874 62
11658 20514 62
12294 25326 62
15182 35478 62
6788 8244 62
14640 40756 62
8872 30951 62
14957 20216 62
6428 38893 62
10925 43860 62
15799 35784 62
7731 25290 62
9524 27481 62
6702 15789 63
39432 46421 63
5369 6680 63
39300 45017 63
5328 13382 63
25201 37887 63
8119 8736 63
25193 48750 63
6816 34010 63
13096 42168 63
18627 23203 63
5100 12010 63
1807 3138 63
6857 11597 63
15075 29696 63
25067 36048 63
25073 39326 63
29229 40768 63
8114 27631 63
38960 45614 63
9839 12101 63
8707 30967 63
5288 31060 63
18450 22854 63
18432 22525 63
18405 31338 63
38682 48145 63
39207 49608 63
18377 31357 63
13038 28224 63
18369 30306 63
25447 33549 63
5744 30050 63
17100 41505 63
6484 46396 63
6485 16920 63
10444 17346 63
8336 38083 63
42987 43508 63
12428 29086 63
17307 38989 63
15693 33123 63
196 7848 63
17298 37765 63
10407 15181 63
17250 36484 63
15707 22147 63
42119 46861 63
6491 6947 63
5731 32524 63
17202 22146 63
43845 47829 63
2359 14554 63
6374 39112 63
43276 48559 63
6424 11881 63
2384 18042 63
6438 9325 63
16986 47036 63
15666 45454 63
16921 34812 63
6417 41457 63
6412 21207 63
16862 25065 63
8363 34571 63
10597 15524 63
9916 13259 63
6617 22558 63
17769 39672 63
40412 42216 63
2536 41216 63
17659 49116 63
28482 49684 63
6588 12403 63
10574 26884 63
5435 21504 63
17884 33076 63
1890 3593 63
5401 22195 63
39663 49429 63
17830 41811 63
316 13330 63
17808 47537 63
26218 43851 63
17380 45832 63
9981 46664 63
2486 30853 63
28245 37082 63
17373 25035 63
1979 4694 63
28233 44400 63
17359 42398 63
9992 30371 63
28226 47577 63
1981 34202 63
6568 15636 63
40910 42421 63
28370 34704 63
23400 42146 63
1461 13359 63
21127 40364 63
11866 29790 63
21539 40136 63
33130 49213 63
13615 29971 63
33233 49984 63
33239 45085 63
9260 11830 63
23269 29624 63
31032 33688 63
13477 34516 63
14397 16750 63
20715 47269 63
20721 44631 63
3181 39357 63
7258 12930 63
3148 29715 63
14444 21539 63
11346 27388 63
30835 34584 63
30783 39198 63
30760 43943 63
23522 38332 63
23535 42712 63
23547 34139 63
34153 38055 63
7587 28521 63
3478 47100 63
22180 37868 63
22684 48966 63
3636 14957 63
22267 27973 63
32360 46234 63
22090 41011 63
31954 32659 63
32000 39556 63
32058 32359 63
7660 49331 63
7669 48124 63
31851 46698 63
32156 39003 63
1236 17605 63
21650 42180 63
23017 47621 63
3384 16336 63
22998 44518 63
21618 34205 63
21596 32394 63
21582 47281 63
21554 48231 63
31192 32480 63
21943 29573 63
21889 44998 63
1147 21800 63
31351 40865 63
29733 32536 63
36568 42347 63
24641 25779 63
19334 29025 63
678 48147 63
19643 37824 63
14784 33093 63
19555 43026 63
24474 46356 63
15010 27098 63
10884 22022 63
19264 24864 63
4827 31061 63
6945 30795 63
12109 37701 63
7914 27447 63
20256 42461 63
9478 28375 63
30365 48835 63
11957 25410 63
7163 42340 63
4416 28550 63
20177 46675 63
24041 28019 63
30400 34105 63
23786 30978 63
34721 37458 63
11202 38579 63
4312 14056 63
20451 30066 63
7896 49844 63
20389 35182 63
4339 16378 63
14491 21281 63
20368 46291 63
4354 8742 63
11994 15231 63
24256 34685 63
4545 38465 63
24237 36079 63
14669 46756 63
9576 35207 63
35930 45892 63
4588 41922 63
35962 42795 63
11050 17672 63
19715 41440 63
4454 39429 63
7144 22226 63
37626 39954 63
24124 33485 63
11103 12008 63
27393 41377 63
46226 49655 63
6103 7063 63
27646 46457 63
10290 19642 63
16138 33160 63
46334 46818 63
16021 23254 63
27186 45604 63
8389 19207 63
16641 22394 63
6188 12326 63
27485 49508 63
6212 18587 63
49 14684 63
48710 49198 63
27367 36784 63
26424 33324 64
4204 13013 64
26459 44608 64
4216 26444 64
18383 47456 64
22028 22321 64
9402 16284 64
7287 27218 64
27037 37914 64
17129 31683 64
13487 37874 64
1503 29916 64
25462 36288 64
12403 20180 64
12404 29505 64
936 8130 64
5741 42219 64
8945 17880 64
18211 21327 64
18221 21615 64
2630 9807 64
18139 44196 64
6326 9703 64
14343 18349 64
8193 21053 64
15738 26693 64
15270 29256 64
1842 7513 64
8694 27932 64
11891 48310 64
38974 43920 64
23835 33606 64
3122 9931 64
23836 27032 64
25211 26914 64
23848 43473 64
22120 34668 64
480 23247 64
9766 16993 64
27956 29674 64
29185 31570 64
10308 12351 64
7902 40705 64
13737 47731 64
10061 18592 64
23887 44763 64
34531 42824 64
12620 30140 64
4241 29686 64
13964 30045 64
20661 47961 64
25367 44057 64
7557 44988 64
15755 33930 64
2410 33337 64
22048 38768 64
7560 34263 64
5141 46853 64
15193 33248 64
9060 25960 64
1197 9394 64
14157 49179 64
31068 32006 64
31335 33621 64
28472 38397 64
10575 38344 64
13662 18398 64
25901 43516 64
40192 49779 64
32820 44134 64
6617 27228 64
55 9031 64
3396 38111 64
40274 49144 64
16248 42281 64
32980 46309 64
10513 34600 64
7760 13775 64
15614 27357 64
21610 48791 64
12319 38907 64
3923 28840 64
41546 49922 64
26077 37079 64
6345 18118 64
26194 43122 64
260 41059 64
28405 28441 64
21045 33295 64
11870 16124 64
18051 49600 64
23471 38878 64
10670 40915 64
16281 27970 64
23434 36086 64
16231 47305 64
14025 26060 64
9859 34893 64
23509 40288 64
13702 44855 64
18135 19731 64
11335 11865 64
30821 31082 64
359 11348 64
18083 18885 64
27010 34152 64
7328 49674 64
3425 27384 64
9341 26176 64
10119 17027 64
10479 22666 64
25824 38338 64
3270 48386 64
33616 49772 64
12839 20336 64
32808 34116 64
33500 41551 64
8968 11811 64
40036 47200 64
1443 1477 64
40004 46638 64
9306 15625 64
6656 12014 64
17934 38874 64
15695 47252 64
17284 20355 64
33651 37941 64
39846 46105 64
21167 34567 64
24081 49180 64
31793 47984 64
5960 25668 64
14984 19524 64
9566 10209 64
10896 21574 64
16095 29186 64
7083 15902 64
2339 16418 64
7943 32573 64
43703 47174 64
22415 40759 64
12473 15784 64
15027 44451 64
4939 23208 64
1227 15516 64
541 45511 64
7150 10585 64
9722 9766 64
11609 20568 64
7925 13271 64
43457 47605 64
44359 44901 64
20106 31844 64
9071 12199 64
22534 25137 64
29396 39568 64
27882 35636 64
16784 35403 64
11075 14570 64
35752 49613 64
24200 30788 64
8504 38917 64
24761 38348 64
24668 36791 64
24246 25683 64
14894 49670 64
24243 32396 64
9655 20340 64
7965 36122 64
14904 38068 64
13173 45311 64
36716 37040 64
14969 49727 64
19347 29350 64
46245 49403 64
9080 46653 64
24843 28648 64
11623 40395 64
24781 44301 64
1243 23759 64
6980 24969 64
8865 36370 64
31883 44291 64
1566 4179 64
7051 11299 64
13835 21546 64
37792 46103 64
14548 20110 64
6139 31814 64
11024 43929 64
5978 10329 64
47115 47780 64
4644 21777 64
10075 32563 64
14793 41340 64
37665 40860 64
3480 4636 64
6873 21651 64
24002 31014 64
10155 30083 64
15060 40773 64
5022 11749 64
15063 32715 64
13246 47124 64
13268 45331 64
16667 44069 64
10116 43103 64
24535 46131 64
29363 30787 64
29351 41889 64
23935 31803 64
14568 30825 64
3555 16092 64
13292 15892 64
16925 19382 64
14873 29711 65
4027 36386 65
41053 43846 65
39988 42328 65
7764 22965 65
30978 40383 65
14879 15434 65
11395 40278 65
33080 35080 65
19335 45925 65
21637 22518 65
25771 43922 65
1687 18548 65
25759 37115 65
12612 36733 65
3370 46158 65
29682 35848 65
21604 25651 65
13321 17626 65
2960 23436 65
30053 30760 65
29908 31987 65
29891 38693 65
2893 23389 65
21613 46048 65
35809 46411 65
36383 37577 65
1420 41476 65
26957 47418 65
3307 40324 65
5507 39846 65
31051 36777 65
14713 31219 65
4740 21136 65
23212 48697 65
10985 29918 65
11046 24924 65
10990 49084 65
2532 37218 65
14825 21498 65
3928 27169 65
47887 49528 65
4604 13491 65
19706 43055 65
8496 29000 65
3993 8666 65
14199 24998 65
1910 16327 65
36687 49941 65
17553 30900 65
36134 42551 65
40055 43293 65
3997 18120 65
17799 40089 65
23263 28958 65
13613 27541 65
12916 16390 65
2902 15458 65
11846 18399 65
1017 45466 65
3978 22142 65
9568 25695 65
28560 36185 65
2803 13475 65
3156 35678 65
13455 39806 65
457 4323 65
24020 47472 65
9518 25010 65
13039 40188 65
6755 47811 65
34363 37085 65
37487 42332 65
20645 37924 65
24002 30796 65
18963 40351 65
3163 12414 65
9421 49776 65
10752 25296 65
8900 18327 65
496 3825 65
1794 12263 65
5040 9532 65
5036 43474 65
37835 43151 65
16331 40667 65
3109 11942 65
37929 42557 65
10823 13729 65
34912 42411 65
1761 43333 65
25058 31041 65
15158 47769 65
18590 46665 65
25054 37844 65
13441 44505 65
18573 28180 65
23996 33321 65
2786 23805 65
29108 34040 65
15060 42439 65
4383 18971 65
485 26969 65
25213 25872 65
11201 34168 65
35106 49473 65
16323 22442 65
6809 46737 65
7321 38955 65
7959 22231 65
34023 44582 65
39246 41947 65
19170 41126 65
5323 32878 65
3224 19284 65
4126 9338 65
4125 45654 65
17993 36581 65
17982 44847 65
13534 28235 65
17977 31494 65
3004 34471 65
9872 27222 65
341 20299 65
18036 32371 65
1874 38037 65
19920 21293 65
6677 15410 65
1608 46563 65
28940 46942 65
6916 17710 65
20833 25412 65
20052 44483 65
3182 32825 65
23639 37841 65
4461 44607 65
15004 24918 65
564 1933 65
24141 48868 65
46076 48282 65
30744 32617 65
19150 48053 65
25520 46880 65
4158 5674 65
9841 25964 65
25509 27164 65
25518 26055 65
20873 40869 65
11518 21600 65
7585 30227 65
32890 46064 65
10498 40597 65
21753 48996 65
13941 48796 65
15833 25729 65
43023 43680 65
3555 22817 65
13890 13898 65
32934 42871 65
10082 14912 65
32209 41507 65
16854 41061 65
22308 29983 65
22196 38968 65
15973 33920 65
22091 24909 65
27391 42775 65
22223 22823 65
12835 19075 65
8569 9892 65
6507 13095 65
28111 41899 65
17265 40081 65
8577 23047 65
17286 26306 65
6364 39849 65
12594 21949 65
1364 12537 65
31473 35081 65
5728 8814 65
32858 40164 65
21955 46964 65
11561 13452 65
200 34003 65
5832 13773 65
2419 6167 65
17106 17362 65
2493 4867 65
1249 3202 65
13851 37362 65
32150 45418 65
44269 44829 65
8470 46303 65
5950 25177 65
26759 28818 65
2493 43822 65
16799 32128 65
22406 47150 65
31916 42743 65
13207 49308 66
42544 46156 66
7852 47157 66
19834 36654 66
2252 48917 66
2419 11660 66
18282 30081 66
4561 28212 66
9385 33295 66
7288 40587 66
15264 28378 66
18457 31435 66
32421 46836 66
32435 40726 66
26744 42478 66
5159 28845 66
30552 34946 66
22825 29530 66
3694 34264 66
448 32431 66
1272 1880 66
9151 43346 66
31937 37191 66
13977 25256 66
11266 31884 66
28979 49493 66
4196 31444 66
46639 49406 66
1824 46185 66
23691 25550 66
877 9279 66
16060 23460 66
26749 38709 66
14389 26843 66
23672 27003 66
7858 40039 66
36751 39331 66
2614 3244 66
7338 33105 66
30835 43271 66
18034 22185 66
355 12740 66
25657 28817 66
1476 28060 66
21890 31050 66
17940 42000 66
8664 27421 66
33705 41128 66
994 19463 66
25727 25848 66
15701 48656 66
29916 41692 66
6335 9339 66
21121 41948 66
25559 36321 66
5301 24878 66
14002 24949 66
42421 43738 66
39078 41654 66
16027 17272 66
4124 14355 66
21911 44969 66
25647 42992 66
42207 48719 66
9571 41566 66
26794 44644 66
2903 22813 66
44281 45484 66
2089 17912 66
16756 17561 66
11877 36346 66
18941 27616 66
7012 25466 66
10078 28656 66
30125 30925 66
14828 16303 66
1741 2659 66
20131 31843 66
583 20912 66
27856 37991 66
3059 31319 66
22330 32099 66
47029 47298 66
5858 16414 66
27534 35255 66
10838 26827 66
8759 33699 66
24790 48404 66
30124 37769 66
8103 21863 66
4988 5226 66
35534 45829 66
19079 36553 66
24856 49031 66
22284 33912 66
13887 21960 66
19989 26550 66
30186 40876 66
19136 31370 66
37216 42774 66
29400 38727 66
16893 34193 66
2366 3104 66
14594 42840 66
4931 49712 66
4453 19993 66
19051 28464 66
9071 17509 66
12113 38569 66
15861 34821 66
25232 25378 66
842 19225 66
27983 42021 66
847 34892 66
23853 43728 66
23851 49440 66
4319 7585 66
6282 44952 66
10410 14204 66
8799 34379 66
32370 40955 66
18623 20348 66
456 5123 66
4542 32872 66
20500 33610 66
30487 48090 66
32127 32436 66
7586 35217 66
5842 29695 66
10174 38579 66
37741 43410 66
1564 2408 66
11989 31234 66
9484 43833 66
3113 40355 66
12078 39587 66
2926 41412 66
8120 19262 66
25194 34244 66
30408 35586 66
25160 33570 66
22734 33571 66
742 13243 66
17591 39401 66
12915 28157 66
242 28725 66
39870 46520 66
26051 38371 66
17471 27841 66
23253 45613 66
14769 37819 66
36258 39531 66
7404 38004 66
12924 22642 66
2141 6122 66
31013 33836 66
9002 35168 66
1132 7256 66
6645 25589 66
3959 15750 66
5565 21980 66
33296 45409 66
48313 48330 66
11415 37918 66
12931 48719 66
9251 39296 66
33057 40142 66
9192 13109 66
4026 28742 66
19580 24360 66
16546 43792 66
269 49243 66
3330 36219 66
8971 33517 66
9611 39154 66
12470 13170 66
2536 23857 66
5439 13946 66
23205 45488 66
21717 23963 66
39996 48110 66
26284 30324 66
11532 24131 66
26248 41612 66
14208 25528 66
16264 17766 66
252 21819 66
26198 37786 66
3290 28562 66
25852 45624 66
25852 37509 66
44007 49378 67
14970 44327 67
20707 26057 67
18370 33473 67
21320 23738 67
8172 48289 67
41160 47299 67
6972 40292 67
36416 47747 67
13838 19475 67
15276 26179 67
38672 48542 67
43289 43928 67
13986 44457 67
30067 35483 67
5998 43698 67
512 838 67
20301 22771 67
17808 37184 67
15743 26267 67
29646 30017 67
29671 36960 67
25445 39483 67
23085 41560 67
10111 25070 67
1761 43296 67
13018 21930 67
17129 26396 67
18285 28544 67
4383 16061 67
16195 43303 67
5233 43431 67
25866 49034 67
32087 38453 67
4393 22433 67
9737 41112 67
6874 19174 67
36110 49300 67
3445 37559 67
3193 30872 67
33449 48645 67
7120 16538 67
23993 24502 67
14389 41316 67
4731 4815 67
6751 43154 67
16047 29077 67
18272 31914 67
7179 17854 67
1810 8356 67
24760 40762 67
16176 22376 67
41624 49127 67
7581 31672 67
7236 26793 67
20385 31257 67
14949 19111 67
3506 8471 67
6284 32517 67
1382 8772 67
22331 31154 67
22759 40068 67
13935 29721 67
3467 36599 67
10409 28570 67
22126 34842 67
34838 45639 67
23826 32453 67
26572 35806 67
20550 23929 67
13182 39666 67
13251 43707 67
11007 30382 67
21778 44396 67
15106 36545 67
24719 49253 67
12012 12774 67
30576 38540 67
25380 30275 67
27770 48189 67
11249 48366 67
3659 27087 67
2715 42894 67
2956 9636 67
8847 19083 67
5516 9342 67
9466 30748 67
25159 29588 67
40282 42989 67
34938 39495 67
16732 17889 67
13417 25396 67
2044 36616 67
45902 46561 67
22070 38885 67
31276 36903 67
21352 44637 67
16431 31396 67
15689 28582 67
4888 45881 67
6679 27508 67
9034 27880 67
10561 13995 67
31466 41635 67
1313 47054 67
37423 45796 67
31916 33892 67
4456 14322 67
16200 25693 67
10637 44433 67
7378 29828 67
20113 36504 67
21816 32349 67
16917 31304 67
2 28954 67
12056 18417 67
26640 48517 67
22553 40378 67
37224 43567 67
14799 45550 67
3062 19513 67
1289 15910 67
13276 27013 67
35569 41486 67
3502 8658 67
3918 43891 67
4945 14583 67
13166 14816 67
42208 45536 67
9307 21174 67
4681 22785 67
21136 34459 67
17961 46316 67
4044 26544 67
9640 40795 67
7140 26656 67
3905 12345 67
43675 45464 67
29469 48783 67
14260 28717 67
29781 45343 67
8433 20083 67
14035 30587 67
40791 42778 67
19767 36086 67
14259 27227 67
10283 48061 67
4483 19810 67
8222 12089 67
5375 13327 67
8000 24503 67
25721 39841 67
2585 30925 67
6158 8349 67
4641 11022 67
16288 36216 67
35441 38527 67
3520 8533 67
9946 29973 67
16280 44624 67
19032 48850 67
15691 48121 67
6344 19025 67
42030 49354 67
10015 27573 67
9319 45640 67
36471 43602 67
28722 40039 67
17194 17312 67
37558 44964 67
6932 28258 67
8376 28239 67
6702 42206 67
23339 47489 67
14340 39068 67
5745 43140 67
21943 30341 67
5535 21355 67
12392 49174 67
14692 46187 67
39105 40101 67
27629 32194 67
2896 17542 67
2644 39938 67
8024 32294 67
528 26776 67
29696 43893 67
18179 26333 67
2937 49067 67
13167 16753 67
5625 21443 67
11599 20819 67
7159 37382 67
37511 38133 67
26027 26048 67
390 1956 67
10710 14887 67
43441 47981 67
20172 31313 67
24025 36809 67
13384 32250 67
8103 17742 67
15007 18504 68
1379 9739 68
10555 42201 68
8907 21746 68
43092 47187 68
14820 23847 68
9255 14337 68
22275 47226 68
21463 29320 68
44835 45082 68
31711 49561 68
3653 26711 68
38054 48541 68
40606 46926 68
6261 8490 68
21404 28396 68
10886 43762 68
7916 39643 68
35471 48471 68
13089 36875 68
21721 22953 68
9141 30646 68
22192 39113 68
29953 32552 68
7904 40265 68
20186 45726 68
6354 28302 68
13144 39261 68
11468 27984 68
43729 47178 68
6589 36306 68
10370 49009 68
3478 38870 68
25100 33652 68
36481 48799 68
35053 39665 68
21687 26023 68
2851 36375 68
36413 40600 68
20316 40732 68
17549 21992 68
4873 18765 68
16329 44278 68
35123 41667 68
23893 30356 68
2050 27436 68
7584 22202 68
22168 25172 68
2048 35660 68
33258 35605 68
1079 44359 68
24022 34303 68
29682 37342 68
20835 49364 68
18259 22300 68
11031 45799 68
15270 48108 68
20822 43166 68
31529 42135 68
20865 34764 68
36729 38972 68
9377 11791 68
21954 37666 68
30016 31593 68
30712 36855 68
19671 34479 68
13501 33590 68
14024 18654 68
900 31421 68
1497 45812 68
15375 27245 68
8602 11552 68
12793 15480 68
6741 19952 68
20805 32330 68
16735 24415 68
2013 5713 68
12636 14102 68
17796 38036 68
19866 43167 68
31448 33607 68
4554 27612 68
8025 18462 68
26167 45727 68
35898 44210 68
15330 40682 68
7841 15130 68
34022 48647 68
8953 35290 68
36648 39392 68
624 7718 68
39277 39577 68
10332 35120 68
21661 23161 68
8290 29565 68
24629 25515 68
5348 38205 68
14319 47514 68
14040 21943 68
18111 30791 68
26141 28944 68
8490 49039 68
34087 43326 68
8685 18910 68
1856 4931 68
1668 6799 68
7805 8406 68
10627 39086 68
24399 40270 68
26399 47112 68
12691 26109 68
25282 48146 68
32122 37275 68
11818 46233 68
24204 47709 68
13784 15094 68
34725 42009 68
22767 23516 68
8030 10890 68
22091 40304 68
34710 39132 68
27117 29936 68
11721 47894 68
10769 32031 68
26907 35856 68
26517 46753 68
1702 25790 68
1813 18351 68
34644 35574 68
38369 39654 68
7577 10041 68
8979 9909 68
840 1418 68
33097 48930 68
3801 16310 68
45793 48101 68
25765 46836 68
14849 20679 68
9787 11303 68
15160 25510 68
2559 3798 68
27557 29142 68
4224 4346 68
5788 10957 68
20684 46332 68
35936 49706 68
7614 16963 68
22589 22820 68
10360 15060 68
30858 34527 68
32105 44309 68
20680 41148 68
40162 43682 68
26263 39695 68
4743 22310 68
6610 29882 68
4242 4362 68
1696 29795 68
3829 22434 68
31352 41983 68
36570 48980 68
17264 44046 68
16805 17651 68
8720 35140 68
37239 49801 69
629 26548 69
44336 45136 69
26673 42881 69
7942 43263 69
22420 31431 69
9221 13072 69
19789 43840 69
4538 19602 69
7106 42091 69
31070 37613 69
7455 32593 69
40919 43181 69
9662 45342 69
11683 21315 69
2856 24465 69
9979 30226 69
22358 28193 69
14836 34035 69
12331 15389 69
26718 48645 69
19357 31351 69
2901 19742 69
26683 27550 69
40859 49199 69
46272 48407 69
29663 42838 69
10356 14574 69
2209 43033 69
16086 32575 69
16844 41621 69
24265 24337 69
9951 37175 69
9162 25619 69
8171 19386 69
38898 43350 69
2171 10922 69
156 10219 69
3403 15544 69
14207 44555 69
17826 45629 69
26409 37498 69
36110 38229 69
8148 42441 69
9805 34561 69
8147 10913 69
45758 49746 69
1820 20893 69
18458 39206 69
25345 36524 69
36082 39088 69
9425 19683 69
34581 35095 69
14428 30680 69
22026 27368 69
30624 46018 69
9276 30700 69
17778 37409 69
20657 31970 69
16482 47961 69
23690 49306 69
25386 28524 69
32477 37111 69
5777 30870 69
5710 40001 69
31973 41066 69
33820 40436 69
10015 28699 69
6 2067 69
29915 35192 69
28769 34190 69
21020 36582 69
4640 6751 69
7054 47240 69
21842 40590 69
33715 35321 69
5382 25503 69
13269 40487 69
33786 41538 69
15355 23861 69
15393 17863 69
21855 31072 69
25842 43302 69
22506 47147 69
13510 19044 69
10439 15023 69
8188 19489 69
11389 26731 69
1476 4475 69
4123 33683 69
2789 33366 69
7477 39199 69
11954 15530 69
10840 43372 69
4405 47859 69
36023 38725 69
37578 38104 69
37592 46958 69
30261 49892 69
16939 35875 69
8018 18601 69
18797 46992 69
31963 45108 69
2711 12327 69
6855 42633 69
12142 25956 69
16961 42530 69
13396 34765 69
27934 30176 69
27346 27419 69
25075 46587 69
13897 45266 69
4661 5194 69
11616 19239 69
4475 8301 69
24361 32342 69
14608 17038 69
14606 37213 69
21508 44920 69
10232 26824 69
11136 17853 69
31728 35142 69
15643 26077 69
31726 45184 69
4967 15718 69
20138 43311 69
4938 11803 69
24050 36442 69
37479 40641 69
40691 48238 69
23800 32131 69
38226 40568 69
12687 24727 69
842 16874 69
16555 18994 69
207 8728 69
20482 22827 69
16135 28929 69
7703 9880 69
15663 28627 69
44676 49136 69
21363 24145 69
8117 17256 69
29199 48478 69
16465 41740 69
31679 42556 69
5038 17955 69
30367 43629 69
23919 32086 69
40463 48661 69
8622 43201 69
8298 10431 69
22526 23961 69
5510 7818 69
36393 46381 69
5828 20026 69
8258 34956 69
4319 36511 69
34904 40532 69
15500 28362 69
9592 38777 70
11025 33997 70
29994 41923 70
31921 33577 70
47551 49917 70
4125 19356 70
20972 38073 70
20954 35662 70
32708 36791 70
988 8318 70
30866 45406 70
20836 22423 70
11274 44259 70
20678 34753 70
23546 44808 70
21144 29753 70
21500 25791 70
11831 35337 70
9247 39735 70
21451 47237 70
13598 25388 70
9009 44223 70
9251 19045 70
1425 26392 70
7485 11924 70
3352 46472 70
33093 41673 70
7430 49251 70
11478 14411 70
13614 15783 70
33474 38913 70
3278 49649 70
16273 30963 70
21218 48076 70
14253 29650 70
21163 24307 70
21380 25923 70
21370 40946 70
6200 10245 70
21357 41019 70
33416 44717 70
7737 39751 70
24116 39661 70
758 20913 70
3616 39767 70
11099 21615 70
24026 29260 70
35300 46209 70
14587 45596 70
8886 39667 70
14604 30038 70
22562 30047 70
8429 30548 70
30021 31893 70
2981 49342 70
2254 42268 70
35737 38600 70
11989 18495 70
741 22848 70
13868 38723 70
7615 35804 70
30490 42114 70
4291 12582 70
23826 23932 70
30401 48090 70
13969 33109 70
20566 22338 70
12547 23002 70
32291 47912 70
23922 45026 70
20378 45265 70
13416 14298 70
22728 39511 70
11945 35097 70
35048 44480 70
15999 25565 70
29278 37677 70
29288 31476 70
19323 33155 70
24726 32835 70
15977 35399 70
28598 29698 70
37590 42649 70
1814 43702 70
12148 41801 70
9872 24025 70
40461 42038 70
8337 42571 70
2397 37117 70
15514 42518 70
13228 33345 70
15430 29529 70
18781 27471 70
6060 43708 70
6782 24251 70
8144 40534 70
2780 20022 70
27621 40893 70
15082 22818 70
5007 19831 70
26133 38641 70
5712 18516 70
18008 34729 70
24835 41718 70
16639 30537 70
4895 11774 70
27883 49122 70
40146 48042 70
2603 20246 70
12856 25394 70
29002 38296 70
6347 16208 70
1705 41411 70
16427 18832 70
28164 31888 70
26333 36504 70
28961 47463 70
36921 38187 70
10863 34722 70
13187 24007 70
2361 46586 70
2816 15016 70
26340 26453 70
8785 45320 70
39589 41507 70
17066 20588 70
59 30571 70
39774 43135 70
46407 49049 70
9787 9883 70
12372 42177 70
36294 42746 70
42584 48973 70
25196 36803 70
18097 47898 70
15297 23274 70
7014 9264 70
16536 45977 70
38029 48463 70
16561 29279 70
10795 40363 70
12863 43069 70
1862 47426 70
1857 4672 70
8515 43813 70
77 10680 70
9881 11621 70
10113 31552 70
20139 36281 71
41252 42441 71
17203 35152 71
13141 29131 71
7259 35801 71
12255 28220 71
15832 35258 71
17999 20815 71
47387 49772 71
4476 4904 71
43471 44390 71
8435 47055 71
7938 36272 71
17921 20172 71
23811 29228 71
10505 33033 71
15146 47004 71
18415 39441 71
2701 19395 71
31585 45075 71
24065 49763 71
1825 12499 71
7594 41176 71
3356 26601 71
8287 36765 71
15408 36569 71
30506 44439 71
13057 32921 71
17066 21630 71
32540 46751 71
15106 20573 71
3087 19160 71
5818 43486 71
517 33960 71
13561 39408 71
7252 28733 71
31639 32127 71
13105 45862 71
5597 26719 71
28004 37189 71
20324 35858 71
26431 45363 71
9163 17883 71
33667 40679 71
38525 38694 71
45753 47004 71
12630 31084 71
15036 21936 71
13051 16949 71
30392 42307 71
10859 28400 71
8436 40977 71
2720 28078 71
13547 43898 71
22867 23684 71
20367 33823 71
24001 33052 71
15801 23393 71
23721 23960 71
33556 37209 71
38285 45594 71
1104 48655 71
10641 38937 71
32606 49378 71
3283 30804 71
1929 15838 71
28184 42410 71
13207 31993 71
13254 44118 71
14682 16781 71
18279 41716 71
4784 15731 71
3326 15265 71
13791 16444 71
11297 18071 71
17576 22772 71
33922 43637 71
4623 36098 71
7648 36203 71
27844 38095 71
10685 19013 71
12035 12583 71
9330 34061 71
19673 21453 71
28535 49487 71
7443 28043 71
21382 27479 71
38864 45351 71
32114 39472 71
24392 29175 71
31353 42602 71
2891 27157 71
10728 30376 71
15906 33274 71
1691 30906 71
17326 30526 71
36025 47401 71
18240 41410 71
16752 31490 71
44295 49792 71
34160 35845 71
11454 15966 71
15928 33812 71
9627 43317 71
18225 47199 71
21727 23272 71
11891 17981 71
45098 45321 71
19803 21709 71
13310 13994 71
926 36630 71
18264 30645 71
2076 3772 71
28202 43375 71
12645 45443 71
36602 41016 71
19402 43274 71
27292 49700 71
6091 26885 71
30846 38436 71
5652 48643 71
3298 19477 71
47427 48395 71
22651 29512 71
20736 24636 71
9688 29358 71
30141 47083 71
1993 17415 71
15541 16643 71
27267 35862 71
10079 37446 71
21569 33719 71
3419 28517 71
11619 11664 71
33412 38492 71
7269 48414 71
19085 25128 71
2065 47831 71
13353 40616 71
31448 38637 71
25684 42618 71
9327 11849 71
4525 39711 71
2266 8964 71
32155 41135 71
1703 18460 71
7832 26392 71
596 10980 71
8795 16478 71
11842 27793 71
2068 7869 71
20774 35676 71
27853 31133 71
13783 23374 71
10246 30419 71
2636 6903 71
3240 14598 71
19659 35977 71
3967 4476 71
2360 3700 71
3307 12251 71
7344 36186 71
4843 14348 71
4287 17865 72
11314 35847 72
18566 38124 72
8916 46474 72
10792 20571 72
10490 30723 72
3228 26401 72
20973 45784 72
8230 49564 72
5656 16831 72
20926 25432 72
10683 11505 72
371 41924 72
9203 31546 72
23822 46224 72
8707 16859 72
6213 21971 72
348 3839 72
11244 33068 72
4102 4754 72
1164 35939 72
39616 44417 72
27467 28160 72
13468 35663 72
10730 38207 72
5182 17211 72
17273 26495 72
11243 32611 72
6747 25869 72
1827 25591 72
884 910 72
7345 24416 72
38607 47960 72
6088 34514 72
38782 39448 72
8933 26570 72
28710 37133 72
26425 34725 72
7716 36101 72
5154 6503 72
12379 14661 72
17157 47854 72
7302 49514 72
15739 38102 72
29092 31217 72
5149 38619 72
32552 44932 72
5759 40560 72
27390 49369 72
13056 21073 72
13711 40048 72
17972 27097 72
2437 3358 72
10437 31913 72
7294 23567 72
4113 7801 72
9018 28803 72
17964 42285 72
34577 46978 72
403 31544 72
33373 38884 72
16839 31624 72
19933 34433 72
28395 34268 72
19917 30973 72
35664 41778 72
9666 36804 72
23252 45201 72
19287 39355 72
19305 25584 72
3510 11688 72
19283 31549 72
13327 22796 72
19885 31376 72
45428 47163 72
33088 42027 72
40143 41150 72
24861 46035 72
31016 40841 72
27498 34979 72
11413 38166 72
25897 40610 72
13166 30776 72
6929 7088 72
15469 31181 72
26008 36825 72
10245 32257 72
28441 33650 72
9243 44183 72
3546 38815 72
16389 22794 72
13824 24643 72
24413 34329 72
4650 46975 72
24398 34929 72
19539 43531 72
6391 14139 72
22399 24447 72
12311 23164 72
22560 45715 72
7092 34568 72
46245 47170 72
5933 45843 72
5937 33056 72
26744 34574 72
10348 38388 72
16176 44802 72
13598 27208 72
1624 32718 72
35995 39397 72
1672 18803 72
8 27377 72
11838 17656 72
11390 30807 72
26549 36887 72
15102 49416 72
2583 27004 72
14508 15810 72
5801 38328 72
26127 26208 72
8650 37029 72
4381 6490 72
8966 34506 72
17023 30510 72
33580 38889 72
34832 42632 72
42688 47254 72
5106 14104 72
25186 34185 72
27731 32027 72
10807 13674 72
20376 38910 72
34956 44576 72
7205 15982 72
4349 35889 72
6209 10897 72
25184 26509 72
14256 27526 72
6827 10783 72
26496 31017 72
28601 33573 72
15445 47767 72
5445 22368 72
30258 35216 72
29308 49362 72
10407 20630 72
8769 48191 72
13545 45334 73
11835 23876 73
23155 47747 73
10536 34614 73
15343 42173 73
15468 40693 73
15602 25943 73
1098 38381 73
23506 34997 73
39688 41545 73
12667 35631 73
2110 3674 73
275 18329 73
28457 34447 73
1419 8242 73
14263 29122 73
21466 40427 73
39383 42243 73
16012 27192 73
5414 32019 73
1077 6661 73
28511 40683 73
14216 26921 73
15359 45674 73
16571 35387 73
28333 48160 73
5439 26353 73
12953 29730 73
1905 27851 73
30937 37784 73
14185 18874 73
17655 48276 73
12616 27826 73
26138 46326 73
15351 44051 73
283 39351 73
11358 34261 73
15505 18577 73
3363 35002 73
2566 3228 73
4446 33344 73
22697 29468 73
18969 49372 73
16442 38711 73
15038 36403 73
6288 9873 73
778 36212 73
32224 34989 73
14617 29731 73
32209 48413 73
752 19469 73
37328 41355 73
18778 42693 73
13407 25966 73
23959 25717 73
12586 49281 73
20292 29045 73
12773 16866 73
34952 43306 73
9149 49449 73
15797 16758 73
11953 16374 73
3671 12165 73
18865 46449 73
22140 31945 73
13927 14940 73
42982 43505 73
11586 19929 73
9744 49229 73
31644 43083 73
23979 25102 73
23986 38182 73
7072 32840 73
16379 42139 73
5969 18742 73
22437 36944 73
27534 49609 73
29708 46673 73
19821 38514 73
27357 35366 73
30008 44549 73
35959 39336 73
1623 17801 73
16184 30292 73
86 41738 73
29939 33781 73
27769 33054 73
32176 40739 73
5904 10434 73
4834 49023 73
36914 43589 73
12095 32461 73
26670 48994 73
19983 22715 73
19323 22766 73
8502 44848 73
6240 32598 73
14908 34949 73
6152 47689 73
14903 29408 73
10198 37341 73
22593 32792 73
19289 27115 73
9549 28385 73
38541 48146 73
26898 36876 73
8566 44331 73
6084 9900 73
20602 38634 73
23729 33190 73
29041 44474 73
2282 19189 73
3157 21436 73
32557 39359 73
3405 3406 73
23741 36622 73
42435 47432 73
13994 45619 73
12195 21801 73
41960 43478 73
15704 42946 73
18311 18663 73
2201 3008 73
8939 46450 73
15981 24433 73
21899 40894 73
42671 47500 73
42673 46519 73
1185 7677 73
10040 21868 73
6468 24835 73
369 22350 73
8119 45063 73
44979 49787 73
28042 47322 73
20393 20822 73
16108 31598 73
22983 32901 73
28050 45545 73
22051 33824 73
28050 41013 73
34085 41468 73
2719 45773 73
17335 33030 73
23807 35818 73
15294 30834 73
26319 48265 74
16687 23592 74
3564 10015 74
22601 35374 74
6396 45422 74
32144 48827 74
1130 23438 74
3765 40458 74
195 25040 74
16701 20845 74
27776 44377 74
32005 35073 74
10469 24816 74
27359 30383 74
6386 15675 74
214 45915 74
31869 37376 74
16695 22631 74
9995 39823 74
1954 15566 74
28342 32941 74
22123 31821 74
1388 22926 74
8993 20720 74
31708 45319 74
26880 45392 74
17152 20092 74
13990 27918 74
41203 42982 74
15596 28381 74
12343 39056 74
28006 32646 74
32413 33223 74
5608 30420 74
8324 28222 74
5819 8410 74
7710 9728 74
8997 48775 74
32645 48293 74
10379 20387 74
176 47699 74
3424 11367 74
26665 47546 74
23097 31215 74
28120 48837 74
7531 28029 74
22691 39762 74
22220 23846 74
16934 17241 74
1157 34885 74
17208 26595 74
13905 21169 74
15629 23269 74
20897 38404 74
20797 34975 74
37691 48933 74
14375 43467 74
928 13938 74
20831 23585 74
36054 41957 74
10849 44500 74
1633 30284 74
5363 43811 74
15360 16715 74
6675 7214 74
9718 24571 74
10871 36545 74
27079 32496 74
46890 49603 74
5375 8067 74
23446 49824 74
2995 11148 74
18012 47061 74
15369 39852 74
36367 44573 74
25314 45460 74
856 31462 74
47347 49523 74
10816 11858 74
492 30056 74
34544 38682 74
38497 41261 74
9803 34987 74
828 19017 74
7883 18376 74
38139 43507 74
20470 31735 74
29732 33064 74
23774 36381 74
27594 47214 74
29101 37944 74
7889 49612 74
3174 15958 74
35060 35236 74
4722 17392 74
9402 20861 74
30600 34980 74
25120 48787 74
11251 22048 74
34482 45623 74
8928 12717 74
9751 27256 74
29227 36331 74
25114 42110 74
2214 25053 74
6942 8271 74
31003 36567 74
40192 41149 74
24797 40338 74
21200 31905 74
20031 30413 74
8781 16445 74
13558 35698 74
7948 36950 74
21430 32037 74
12312 47152 74
613 4667 74
29911 48200 74
7431 41695 74
21453 22675 74
23256 23989 74
24735 31777 74
10995 47473 74
9317 38917 74
17907 28112 74
19559 36614 74
19071 27544 74
1723 12620 74
2593 4215 74
553 13753 74
21090 49676 74
35731 40739 75
3103 7642 75
13358 49944 75
10307 22095 75
30218 33766 75
27318 37466 75
32407 34127 75
9757 34055 75
8114 46260 75
1220 40340 75
5870 47057 75
10856 41422 75
22357 35459 75
22027 43260 75
3710 15288 75
19408 41561 75
9766 42210 75
29420 42378 75
24723 25545 75
1759 41055 75
2059 19270 75
521 32549 75
30172 35116 75
19136 31000 75
24643 42331 75
22727 36307 75
18871 41096 75
4882 41280 75
36770 47452 75
15093 16153 75
8816 12238 75
25103 36769 75
19190 20240 75
3613 29046 75
93 6189 75
18765 43777 75
29557 45115 75
15027 32616 75
26671 42202 75
6943 49491 75
9102 22119 75
10090 45137 75
8013 32889 75
33789 48350 75
9870 31867 75
6531 7800 75
7475 26165 75
8235 10432 75
3372 30329 75
1467 27423 75
4065 47796 75
9209 15065 75
25628 36600 75
7480 25840 75
7312 41974 75
3394 32319 75
18063 39417 75
10114 18965 75
21711 24850 75
353 7884 75
32001 33169 75
31998 44294 75
6618 37649 75
3883 34324 75
6301 23969 75
17674 35624 75
40303 46188 75
16547 41657 75
1451 42627 75
7461 32263 75
11811 28426 75
39928 49060 75
25834 43114 75
1454 22568 75
19657 30623 75
8487 22053 75
1953 23392 75
22476 40465 75
21245 40423 75
33551 40933 75
16741 20069 75
18455 28074 75
4243 34394 75
28121 29672 75
16734 37101 75
29894 39041 75
21913 26930 75
29021 33416 75
16408 47209 75
22005 22436 75
156 30770 75
28076 41361 75
2726 43622 75
12709 13257 75
6582 7333 75
11889 43928 75
26253 47433 75
8409 21939 75
8193 21847 75
25599 36010 75
15673 41425 75
28873 34042 75
38793 49355 75
13485 16814 75
3926 23741 75
29777 45653 75
13479 37330 75
912 19176 75
7285 41954 75
1642 34875 76
8826 15654 76
26863 48088 76
26799 36383 76
24327 31517 76
22548 36981 76
1682 11673 76
24396 46450 76
2629 23915 76
7742 34775 76
3398 34905 76
2221 42076 76
25683 39146 76
23477 23974 76
26225 46802 76
25435 30259 76
25407 48178 76
1828 17260 76
8700 47524 76
28938 32537 76
27304 38560 76
1401 5896 76
28595 41252 76
12868 23678 76
23174 48814 76
13645 14210 76
8224 41573 76
25811 33713 76
26153 40953 76
8962 14079 76
3050 25820 76
1578 29392 76
24078 40474 76
25059 28775 76
30280 33912 76
8342 23775 76
29575 32011 76
2265 39649 76
1694 40365 76
31735 47905 76
3495 23174 76
8361 43685 76
26870 44921 76
3442 32711 76
3103 39343 76
26564 45714 76
22824 35406 76
26478 43935 76
24247 43086 76
7705 22154 76
31603 32761 76
36398 41443 76
32590 34547 76
1013 5225 76
6351 46577 76
32557 45716 76
42378 43137 76
10440 27090 76
15326 42678 76
9185 46248 76
18588 40955 76
4760 9332 76
16506 42117 76
16020 25897 76
11356 47982 76
17996 20795 76
45783 49166 76
32328 47443 76
4363 20874 76
216 45084 76
21051 48832 76
15679 26382 76
33652 47409 76
45438 46478 76
7184 21098 76
10971 17895 76
18404 47612 76
1101 35555 76
9569 43695 76
9815 18395 76
7082 45046 76
18282 31403 76
10072 34703 76
19905 49891 76
21586 35619 76
9264 40490 76
11433 33764 76
9197 18293 76
15180 24950 76
10436 36431 76
4455 39764 76
6703 20417 76
1122 5318 76
15752 46672 76
5176 22214 76
35581 36479 76
9122 21890 76
15500 49010 76
14432 27440 76
34537 34619 76
7280 9330 76
15063 46124 76
20408 21566 76
16313 47212 76
15061 16764 76
15502 29806 76
17851 43992 76
4977 23297 76
6636 40604 76
11624 14745 76
22289 23244 76
34063 34266 76
37542 37566 76
48027 49013 76
7629 13230 76
16080 45650 76
17493 28525 76
33944 49140 76
40584 41299 76
19183 21173 76
11656 45854 76
20529 35705 76
256 10583 76
20508 36299 76
9130 23785 76
6190 23534 76
9745 11904 76
16460 39980 76
22350 35001 76
47455 48049 76
6728 35810 77
17556 44010 77
3040 5119 77
6571 38755 77
2018 21769 77
9947 34986 77
39103 42993 77
17092 19030 77
8182 10454 77
20581 25663 77
13328 35472 77
21510 27579 77
8339 12346 77
18286 28606 77
8265 33996 77
3892 6603 77
14406 38008 77
40479 48416 77
2387 11140 77
6438 19606 77
3896 6869 77
5529 9373 77
18255 21757 77
18240 37530 77
42888 45457 77
8695 33361 77
2539 8260 77
25499 45954 77
11835 14512 77
3928 41533 77
28506 39144 77
14485 40134 77
18030 24854 77
17309 34083 77
15685 39686 77
7363 10343 77
33985 42900 77
9305 29990 77
6914 23384 77
14262 26454 77
5672 44601 77
28316 39344 77
18051 48537 77
4040 33718 77
12866 17929 77
17421 37300 77
14502 44734 77
9871 14368 77
7333 18440 77
20394 35241 77
33935 39122 77
9519 43544 77
26412 33989 77
21314 42184 77
1533 25298 77
1947 26970 77
3054 49038 77
17526 40011 77
12400 28390 77
5768 38745 77
39321 45763 77
34720 47058 77
8311 38759 77
13562 31497 77
13568 24873 77
6485 29594 77
1442 4464 77
12333 14241 77
32376 47920 77
2287 13965 77
3675 39625 77
5053 5544 77
5051 11712 77
12669 22216 77
18754 35981 77
38098 49404 77
36376 39668 77
6021 35014 77
10312 42469 77
29767 41929 77
9163 14620 77
1666 30472 77
2176 40780 77
37435 48323 77
48246 48308 77
16238 37853 77
11643 33350 77
8067 39372 77
31990 35524 77
37344 49863 77
22429 31484 77
14975 38011 77
10940 37350 77
10245 37767 77
16090 37120 77
19244 36408 77
27555 29053 77
47382 49157 77
12553 14475 77
27503 42366 77
23 19566 77
19213 46631 77
43753 49796 77
4579 25003 77
19833 23470 77
8726 28898 77
19718 20569 77
27913 36044 77
38773 42325 77
4570 8785 77
29920 47339 77
25314 25352 77
10768 27630 77
3856 43388 77
11811 14443 77
16832 17556 77
11040 25461 77
1119 46166 77
16962 29839 77
5192 13692 77
2088 26890 77
27921 41001 77
19588 47673 77
10094 38206 77
7988 48465 77
43871 45346 77
29549 44758 78
1618 32630 78
14708 39442 78
5258 15375 78
747 3754 78
7985 22273 78
28922 44926 78
18269 24197 78
25012 34678 78
18314 24863 78
30556 44794 78
861 8757 78
37318 47354 78
9707 12451 78
3162 7508 78
29486 33282 78
18283 42483 78
34676 39402 78
8788 20405 78
40323 40500 78
18365 43016 78
24814 32928 78
2851 15779 78
6676 38393 78
36182 39310 78
30279 31142 78
30194 31897 78
1878 12301 78
37843 42434 78
19632 33374 78
8129 17265 78
1799 11554 78
36392 43315 78
4608 41871 78
6977 31910 78
35615 45104 78
28678 36075 78
36858 46043 78
29625 44721 78
19756 26322 78
8153 15180 78
24350 44344 78
36798 44015 78
6874 49755 78
39625 48752 78
38441 46588 78
11114 48916 78
5379 27894 78
18208 42244 78
30364 46232 78
13112 31189 78
29685 35866 78
4354 25755 78
5020 41725 78
7546 18631 78
1152 1698 78
3746 29988 78
27617 33588 78
32338 35053 78
4112 45670 78
9977 40588 78
13957 44701 78
26945 42264 78
3241 7853 78
41619 48218 78
8336 33707 78
16847 42032 78
43710 47258 78
27966 38410 78
42979 49080 78
14067 40933 78
8989 48315 78
6437 26006 78
27940 42254 78
5878 36955 78
9232 31890 78
15792 44991 78
5896 14362 78
5840 45034 78
26807 32247 78
31033 38515 78
28081 39685 78
32694 49918 78
14036 27411 78
28047 36891 78
14064 28559 78
8537 16592 78
3166 13181 78
12457 39431 78
4168 11855 78
22315 49998 78
5566 32326 78
20848 43885 78
30683 40198 78
27156 42097 78
30713 47572 78
26096 35506 78
16214 44772 78
5537 21094 78
22501 49710 78
47721 48985 78
12565 45275 78
32059 45169 78
7310 26757 78
46306 48318 78
4775 45458 79
11042 21538 79
1113 6557 79
7065 7113 79
1252 22800 79
25303 39262 79
13936 45812 79
16784 39202 79
37453 44680 79
1818 28254 79
24811 28828 79
2689 7365 79
12519 28125 79
4914 15303 79
31253 48493 79
14114 20144 79
7966 31894 79
2065 24817 79
16461 17991 79
4926 40813 79
3560 42148 79
23042 47019 79
6982 30630 79
24323 33093 79
8120 8768 79
36825 47248 79
25190 42683 79
2101 16826 79
46695 48008 79
46301 49768 79
27730 46135 79
6012 33001 79
13998 37233 79
9731 34775 79
13950 31047 79
16079 17791 79
22786 39562 79
6032 9624 79
19203 23599 79
36255 38303 79
26823 41971 79
29885 39987 79
29360 46996 79
613 4037 79
38157 39143 79
10312 39860 79
46821 49703 79
2727 37779 79
13186 20178 79
2598 20238 79
6524 37561 79
20321 46412 79
30313 42458 79
4102 5041 79
39736 48443 79
41385 42356 79
828 27888 79
17911 18822 79
1482 21914 79
3112 10876 79
815 24716 79
41513 48025 79
1476 2914 79
3233 41764 79
11852 20720 79
41988 49849 79
20240 37388 79
33688 42815 79
4391 37932 79
13394 34475 79
3076 40238 79
18040 44705 79
20769 26678 79
11258 12762 79
288 6015 79
7234 17502 79
40409 47402 79
34387 40373 79
325 9707 79
39892 41943 79
39921 42810 79
20918 46500 79
2587 25969 79
14337 26206 79
7841 30773 79
39878 43857 79
17776 39791 79
30477 31959 79
5477 41532 79
13497 16295 79
12927 14335 79
28597 45417 79
28070 41904 79
42632 42770 79
7131 37904 79
28940 33639 79
2044 37849 79
21424 44986 79
3020 17067 79
3943 31315 79
17047 20704 79
28886 44723 79
38930 45853 79
28891 38953 79
1081 47691 79
10070 46820 79
33452 34677 79
25599 28075 79
5742 16916 79
26606 30912 79
9276 36757 79
38838 39694 79
5537 24509 80
27983 42119 80
26549 39474 80
4919 43520 80
28578 36323 80
6143 7163 80
27526 37931 80
42861 42939 80
28614 36755 80
28461 46196 80
15780 26123 80
38963 41412 80
16846 27701 80
5587 18065 80
5556 12254 80
17733 23159 80
6194 36015 80
25393 26970 80
16247 19412 80
4933 8316 80
18998 23831 80
5549 7697 80
40754 44535 80
17 43089 80
8176 26086 80
25909 35542 80
12290 28685 80
17683 49457 80
8583 48902 80
8727 29789 80
27710 30737 80
6673 18928 80
6684 41621 80
8569 28767 80
10789 20350 80
25616 39920 80
8681 24320 80
10020 34596 80
26165 34251 80
41292 44978 80
17087 39662 80
5269 13765 80
26137 28944 80
5645 25012 80
12994 33520 80
26784 27468 80
6341 34320 80
26761 39315 80
6083 42327 80
15647 24102 80
10102 10947 80
13233 19544 80
1246 40628 80
32499 40691 80
11888 27770 80
3781 48822 80
34185 47875 80
24309 36446 80
13236 19066 80
4581 28323 80
23018 38767 80
4363 20708 80
978 36038 80
8036 15490 80
11006 11776 80
14798 17042 80
14799 32240 80
7526 40764 80
31513 38281 80
11934 32259 80
7606 32531 80
22672 44907 80
24540 26497 80
20813 32937 80
14377 48370 80
30457 39116 80
19726 25831 80
23284 49211 80
8061 13582 80
9504 9760 80
10932 26723 80
35201 38458 80
1025 27263 80
31101 33769 80
3031 37528 80
751 20671 80
24055 28002 80
22741 42319 80
19128 19951 80
7413 19404 80
21606 40600 80
37034 40845 80
35497 37974 80
35494 47303 80
24691 25303 80
20292 41291 80
24215 49767 80
30925 45128 80
3140 16634 81
14464 31753 81
15309 22051 81
11966 19195 81
20094 27678 81
9058 49083 81
34926 47648 81
22041 48636 81
809 15474 81
16553 41279 81
30360 46410 81
2604 7619 81
12961 49349 81
9468 36380 81
8912 19468 81
6688 31124 81
11715 20677 81
6331 48748 81
20441 20836 81
1901 30370 81
6038 14557 81
11203 43566 81
20182 32237 81
3371 20836 81
27876 44955 81
15689 34063 81
5915 23333 81
15704 41262 81
1007 3557 81
3266 49468 81
3380 15727 81
21562 44371 81
5837 39399 81
8339 48402 81
3346 5662 81
1402 27249 81
33162 40247 81
10411 40037 81
3978 8836 81
14159 16421 81
150 38000 81
10572 45902 81
27753 44438 81
12883 45699 81
21842 49753 81
14433 29620 81
20565 45426 81
10581 29645 81
1968 19163 81
9328 10482 81
3227 38766 81
21748 29465 81
26766 30964 81
1966 8725 81
21062 44838 81
41642 42477 81
12851 27356 81
7305 10210 81
20894 28819 81
6383 17215 81
14037 29457 81
21762 48376 81
29604 38240 81
14879 32862 81
6981 44401 81
37615 41325 81
14760 21340 81
19812 42031 81
2264 44984 81
12531 33648 81
15038 40664 81
35835 46359 81
13180 42764 81
27123 47508 81
13805 40254 81
37541 41469 81
598 33615 81
19523 19901 81
19428 32296 81
502 31638 81
24600 40340 81
8114 20618 81
5081 19084 81
5066 44059 81
19451 20199 81
29171 32915 81
19619 25793 81
3586 15640 81
22186 46800 81
28887 37607 81
18215 37421 81
2194 2335 81
24185 26197 81
7646 34345 81
19135 42889 81
413 8172 81
415 13296 81
38813 46837 81
3646 6204 81
2769 18967 82
15921 33963 82
5832 35734 82
10989 45158 82
18800 25920 82
25092 42350 82
8606 38573 82
21541 29079 82
44264 45511 82
7668 43331 82
43009 48563 82
21769 27636 82
26192 42965 82
546 29537 82
11495 24871 82
29331 36655 82
21645 37916 82
2806 16041 82
21352 29046 82
3858 13570 82
27387 40210 82
6897 39198 82
9719 46181 82
21424 47323 82
2894 16756 82
10419 24793 82
21122 39305 82
6963 36343 82
32957 46157 82
10845 14199 82
21091 35903 82
9255 19027 82
29635 41200 82
1690 44494 82
10423 12601 82
10627 37282 82
1536 42796 82
24325 34977 82
45448 48505 82
1174 29779 82
14470 32887 82
6029 8400 82
852 16318 82
15474 28203 82
11218 28653 82
30463 42996 82
12923 45060 82
36053 41187 82
8721 26464 82
14560 43705 82
12288 42315 82
31513 35575 82
32416 34166 82
30359 37391 82
31600 47319 82
28961 42706 82
19873 25760 82
10737 31066 82
430 13734 82
330 34932 82
46261 48677 82
12492 33412 82
18038 18392 82
13035 32569 82
12531 27943 82
23881 42209 82
9524 41241 82
4212 48872 82
23635 34451 82
44482 47631 82
30609 41374 82
24543 33629 82
11290 27653 82
18183 25665 82
17538 47693 82
40822 43408 82
11973 20135 82
29883 33532 82
20605 40975 82
17702 19894 82
21901 24156 82
1326 19739 82
25298 38491 82
11096 23488 82
36160 39714 82
16666 19462 82
5520 24415 82
23117 37460 83
10197 16701 83
11709 32227 83
12656 17534 83
22505 43482 83
31981 34688 83
44101 49275 83
32830 44201 83
47264 47294 83
10341 20651 83
27779 39514 83
45191 46276 83
27291 38212 83
16065 36684 83
12644 36270 83
10138 31911 83
11749 34860 83
2253 17500 83
7680 40554 83
22415 44212 83
32545 34580 83
3861 49880 83
38757 39656 83
18385 34517 83
25485 26706 83
14661 18510 83
20485 24412 83
17864 32667 83
15383 37310 83
14512 42093 83
827 18850 83
24668 37863 83
8048 8776 83
25093 29717 83
37827 40733 83
8033 29601 83
19019 43791 83
2816 8904 83
6939 29992 83
2826 32949 83
38389 39382 83
35959 38224 83
18685 41278 83
18692 24037 83
6833 12278 83
19461 36826 83
36565 40213 83
18637 20254 83
29825 49222 83
19512 23624 83
19501 25331 83
7330 38557 83
26448 38076 83
23254 41942 83
41325 48419 83
15612 48708 83
6526 30558 83
15649 48779 83
31030 39620 83
41281 48534 83
30757 47094 83
21186 42236 83
26371 48224 83
33709 46229 83
14233 32466 83
41980 45211 83
3984 39138 83
17342 24592 83
14387 20488 83
23707 40926 83
34374 42126 83
33226 41876 83
9424 21108 83
1926 14299 83
10050 43342 83
23646 24342 83
10418 39490 83
5833 10630 83
12321 48190 83
141 4835 83
37247 37493 84
10228 21007 84
493 9858 84
12391 44054 84
27864 32493 84
7 13012 84
37728 39131 84
42783 49886 84
29657 31974 84
27940 45201 84
8823 35259 84
28092 45863 84
12399 44422 84
12051 49688 84
2059 26823 84
39550 46518 84
1140 13555 84
28396 33981 84
28413 33144 84
45542 46489 84
28837 29471 84
849 47011 84
31439 33305 84
2106 47338 84
29023 43704 84
41760 48351 84
36041 46437 84
12536 47739 84
30861 40219 84
9813 17008 84
8579 40975 84
8965 47543 84
1812 48094 84
33903 36912 84
9824 25554 84
1971 39894 84
19461 46768 84
13442 39220 84
16490 47013 84
3914 48905 84
21353 45950 84
24738 30038 84
15759 47930 84
23719 34423 84
22396 48728 84
4169 40484 84
7363 36103 84
25924 34640 84
18086 31493 84
6400 12972 84
23225 23634 84
25208 40267 84
24930 25890 84
5739 25107 84
2820 30801 84
6379 23015 84
7471 23873 84
7716 28077 84
6026 18401 84
14534 15788 84
21626 49322 84
16590 47520 84
5457 26543 84
3556 34898 84
5547 15387 84
24472 34463 84
22939 29006 84
15796 22985 84
2592 33411 84
18863 32709 84
4582 15866 84
20461 35000 84
13538 19115 84
18763 26215 84
21821 42699 84
21021 23985 84
7820 12261 84
4496 19296 84
4537 21602 84
2932 41439 84
18624 41643 84
16369 16684 84
14057 35170 84
24402 30221 84
3168 40475 84
16885 34270 84
5408 6952 84
18414 40007 85
31580 32253 85
24715 44456 85
38373 39793 85
5772 48605 85
11595 44904 85
10060 23013 85
13847 16255 85
25295 42893 85
11360 18819 85
18053 35320 85
2557 34902 85
25269 36682 85
15601 23156 85
10571 47980 85
25494 32801 85
22490 48894 85
40477 44286 85
28973 39745 85
40876 49567 85
25489 29274 85
25486 35908 85
7389 37878 85
3621 42351 85
18251 38865 85
13725 22018 85
26113 45425 85
18328 33972 85
17409 26042 85
34269 49750 85
25968 33460 85
213 9547 85
6688 47667 85
15298 17887 85
8270 20541 85
1326 26814 85
13116 46785 85
5297 6581 85
25053 28928 85
4816 6858 85
20277 47149 85
1086 49846 85
23997 29708 85
21746 40317 85
27846 28122 85
2234 39796 85
3037 14058 85
23186 44596 85
27660 31643 85
23198 34928 85
13456 40820 85
12515 17772 85
8527 34620 85
6054 15631 85
7002 17572 85
27566 49415 85
36273 41832 85
30595 37138 85
532 3226 85
24381 25474 85
7813 10862 85
19866 45002 85
6892 31051 85
32390 41003 85
755 46748 85
13665 49100 85
8837 10771 85
37723 40205 85
37687 38167 85
10842 42870 85
20386 31021 85
6175 35984 85
28813 46324 86
30985 38784 86
22579 39927 86
13454 43495 86
31809 44122 86
8948 43947 86
17923 31288 86
9085 34362 86
13467 21835 86
34507 40775 86
38278 48521 86
434 8233 86
879 38058 86
18783 22555 86
5013 23147 86
10802 23248 86
1684 8227 86
10705 28085 86
39200 43763 86
36594 38999 86
20204 41955 86
386 26264 86
4740 44347 86
31092 47545 86
30493 42566 86
35276 42426 86
37016 48813 86
19212 39187 86
9829 42234 86
13727 36252 86
1724 13815 86
24129 27732 86
18366 43140 86
3072 27257 86
1059 14165 86
27625 31416 86
2017 38307 86
42236 43114 86
5829 40819 86
26988 37967 86
21215 42222 86
32163 41473 86
11583 14830 86
21188 39652 86
10504 17857 86
17410 39877 86
15663 26398 86
222 47516 86
4087 12763 86
973 14764 86
47118 47503 86
5516 13813 86
6233 11779 86
16069 16139 86
14024 40603 86
4953 22870 87
11999 16562 87
11753 14991 87
10356 37847 87
24572 26685 87
37471 46819 87
7255 12107 87
31502 35343 87
1357 46865 87
2437 34490 87
5858 18815 87
10819 46336 87
13284 43187 87
29915 38945 87
26332 46105 87
31361 43290 87
1988 44153 87
26307 32498 87
2394 10296 87
9135 12498 87
11002 43965 87
9618 23555 87
36069 40964 87
11036 39748 87
36423 38085 87
11504 43981 87
10260 38450 87
8963 46849 87
11044 32974 87
36051 37211 87
47260 47492 87
8370 45931 87
7764 9579 87
2079 21942 87
14963 48046 87
31153 39991 87
792 10295 87
7770 28165 87
15991 47400 87
45179 47703 87
15388 25827 87
15580 19935 87
8104 29236 87
21271 24048 87
2666 16926 87
25741 46554 87
31795 48904 87
20929 32686 87
253 33752 87
8653 33973 87
17318 17944 87
12893 39903 87
11682 16946 87
9896 34100 87
33565 33884 87
12899 23797 87
15405 25141 87
38418 44568 87
2542 20268 87
3543 38572 87
40374 45689 87
22670 36489 87
8258 8984 87
33960 41113 87
28820 43109 87
17736 34754 87
14271 39047 88
22627 25204 88
16462 34013 88
17920 28827 88
2321 28618 88
13072 37147 88
23153 48549 88
3342 25373 88
21997 24813 88
20201 46902 88
21633 28470 88
30961 44111 88
19799 22615 88
21848 27583 88
11349 29978 88
2231 20825 88
1495 37442 88
7078 48134 88
2165 26740 88
3250 25304 88
14300 32996 88
23418 28579 88
27279 40454 88
21796 35456 88
23436 34481 88
23446 43919 88
14303 33369 88
16149 17980 88
13528 22780 88
3812 44055 88
35343 49410 88
10257 17438 88
7043 14143 88
25409 34955 88
7022 40499 88
12653 33326 88
21701 23860 88
7020 23076 88
21899 44826 88
14328 22367 88
9520 37465 88
895 8640 88
14408 22264 88
6422 7820 88
21449 26612 88
1354 9057 88
2048 5994 88
2047 11458 88
5675 33538 88
6806 24234 88
10712 42004 88
4328 5684 88
4220 43381 88
18376 23394 88
131 4981 88
10453 12303 88
2929 14917 88
9055 41636 88
16994 33008 88
6448 24193 88
8780 12694 88
22121 48816 88
29885 43788 88
28325 49053 88
11286 15821 88
10902 34749 88
1927 4047 88
32445 40199 88
19228 25017 88
1987 24207 88
21546 26451 88
22996 42190 88
11852 16933 89
32299 36766 89
9259 9582 89
22502 30518 89
35520 44359 89
31267 47027 89
21134 45158 89
7211 19882 89
1188 2019 89
21157 34456 89
13866 16733 89
9499 16970 89
23105 33599 89
22380 33936 89
4368 34462 89
20300 43261 89
22992 30560 89
22042 40348 89
1058 10756 89
4457 32658 89
32657 47977 89
21418 27850 89
7222 16161 89
32029 40577 89
6483 12081 89
10447 41909 89
467 9747 89
8605 34636 89
43803 44676 89
19092 41806 89
42790 43996 89
1991 41541 89
542 48975 89
29971 31011 89
39634 46016 89
5338 44771 89
25767 46184 89
40786 45956 89
28732 34748 89
2687 33808 89
17927 26034 89
1736 30264 89
41397 48630 89
5205 11784 89
29255 44169 89
25802 30432 89
5613 26937 89
25014 36910 89
16466 22892 89
6336 40281 89
13474 15595 89
19398 41311 89
36699 41716 89
6345 22334 89
7013 41667 89
10983 41268 89
36489 36713 89
30787 47356 89
10186 37515 89
2193 46093 89
10198 29678 89
3215 3256 89
3047 35402 89
8376 17873 89
27918 30856 89
5997 17181 89
8541 31769 89
13399 45819 89
595 924 89
5580 11949 90
21528 24883 90
15485 43856 90
40307 46558 90
10591 24082 90
48001 49420 90
2381 8084 90
958 44285 90
9326 42485 90
6200 10794 90
28835 49166 90
1866 25879 90
33545 46951 90
8602 23391 90
14103 21110 90
2105 37556 90
8608 21119 90
14173 19180 90
42630 43138 90
33429 49122 90
26292 34895 90
41335 47137 90
228 31365 90
16971 18913 90
6074 24687 90
13461 49868 90
8063 19209 90
38627 41661 90
4234 38975 90
874 10985 90
7148 14016 90
20264 20877 90
9710 16576 90
23947 24512 90
4730 37476 90
24444 47276 90
11199 35140 90
15071 45600 90
18990 21191 90
15117 21374 90
1534 29961 90
34113 46014 90
31763 35213 90
14966 29564 90
10913 28857 90
10643 25221 90
17897 27558 90
3509 30432 90
19989 30922 90
19708 28915 90
5320 49191 90
11994 23440 90
5352 31230 90
25134 25752 90
19217 33962 90
44845 49804 91
16325 37629 91
32832 38180 91
688 28298 91
16365 26444 91
10202 17319 91
14091 25415 91
35273 48422 91
36216 41870 91
36349 42801 91
14805 46300 91
381 20096 91
17520 32245 91
9817 46909 91
10491 17054 91
17336 38495 91
41744 43436 91
41318 48593 91
18254 31670 91
41394 45205 91
17412 43630 91
217 25236 91
4102 41201 91
21035 48659 91
7301 14441 91
18017 41620 91
7385 35257 91
9461 22905 91
37623 42357 91
21372 34349 91
9457 14765 91
43865 48138 91
16800 42106 91
19054 49413 91
10018 35108 91
18468 31392 91
460 20523 91
10038 17615 91
6489 10257 91
28539 28878 91
13597 43324 91
13230 41037 91
1481 40862 91
3085 3881 91
24473 39464 91
24463 38372 91
23514 36753 91
28583 35322 91
26124 32738 91
12130 23725 91
2826 28368 91
1536 18304 91
7561 40743 91
1356 42193 91
26445 27025 91
1945 36662 91
30085 31967 91
12972 16334 91
27324 39822 91
21880 31515 91
22655 43145 91
2798 19554 92
5407 42117 92
22338 36444 92
19590 24196 92
15035 19130 92
10857 33154 92
2929 25904 92
34317 38246 92
569 7423 92
1317 9361 92
913 15452 92
4848 39620 92
36977 38715 92
36906 47413 92
3451 37964 92
2848 12242 92
24783 39106 92
18321 42604 92
13802 17159 92
29762 45123 92
14868 44737 92
16724 39848 92
12450 40824 92
7152 7911 92
21985 36517 92
35266 37434 92
16609 48529 92
34710 39858 92
30947 37611 92
22915 34232 92
15799 32784 92
16868 29153 92
15849 41996 92
20354 41353 92
27554 35253 92
6298 44668 92
6159 35948 92
27234 35601 92
3766 10847 92
47387 48222 92
45465 47970 92
1171 5407 92
16562 16669 92
45711 48535 92
41213 42895 92
3248 28764 92
26029 38810 92
12879 32645 92
216 2155 92
35756 48923 92
25660 47413 92
17610 48420 92
25727 34493 92
12849 18661 92
8296 22814 92
4515 48929 92
19987 43383 92
28322 33327 92
8096 25862 93
19527 35708 93
4604 16013 93
19422 24996 93
36219 43677 93
9559 19685 93
12862 27084 93
5736 18824 93
17551 48998 93
27453 39276 93
44053 48192 93
12710 26845 93
6814 30164 93
24642 42282 93
18722 20042 93
24739 38385 93
8801 22689 93
29922 32681 93
29873 37377 93
29532 39752 93
37485 44678 93
2970 32484 93
25541 43712 93
15488 41078 93
5175 33779 93
5337 15816 93
25002 25145 93
3416 42758 93
984 26605 93
32430 37452 93
33836 34976 93
32092 49351 93
13676 38321 93
20557 43834 93
4319 6219 93
33273 35466 93
3688 39857 93
9220 11036 93
9146 23849 93
11650 49208 93
900 30483 93
9361 11654 93
3712 9622 93
8632 23921 94
9259 19338 94
8225 35286 94
19326 46378 94
10555 42594 94
7893 44188 94
31618 35235 94
1038 35393 94
34489 41641 94
11751 32501 94
43005 46998 94
10503 26999 94
41677 48301 94
1956 41376 94
1765 15464 94
29913 38521 94
988 12504 94
6801 31109 94
15226 46270 94
36837 38904 94
1021 13741 94
15369 49913 94
29204 30997 94
22395 25512 94
37256 38658 94
19107 28162 94
23388 32644 94
35635 47088 94
23154 28925 94
31225 49159 94
11091 24395 94
32649 37071 94
20487 34647 94
16556 31131 94
35495 49734 94
6075 11828 94
27678 34179 94
14578 41968 94
6374 46641 94
15850 37684 94
27392 47051 95
25453 35528 95
29729 46101 95
23186 31609 95
1011 40846 95
24737 32096 95
27290 47825 95
29046 36267 95
39797 45141 95
2887 19023 95
32968 45039 95
17812 41620 95
6817 37402 95
4010 26021 95
5205 19546 95
38687 40890 95
7355 46530 95
20316 40730 95
18376 25277 95
12546 22752 95
34818 42429 95
1746 15873 95
33793 39155 95
5211 7055 95
14255 22753 95
37349 39635 95
32905 49795 95
6111 39640 95
31138 43661 95
38482 44142 95
8729 31345 95
1778 37320 95
11692 36260 95
15310 29965 95
11548 15261 95
29515 36688 95
24826 30033 95
4400 16062 95
36316 42581 95
42198 44251 95
878 40688 95
5619 9117 95
17160 28667 95
10382 11677 95
7838 45636 95
30944 46688 95
5520 10354 95
23942 37023 95
30982 44728 95
16303 39267 96
47824 49835 96
8664 35296 96
32832 43587 96
8321 9029 96
38298 44911 96
17691 32450 96
4001 32345 96
3554 6697 96
10125 47680 96
6461 23098 96
1148 1601 96
16642 33418 96
25973 47128 96
27682 45315 96
16034 25588 96
25267 44381 96
18011 30224 96
8142 38352 96
29085 35325 96
3666 35829 96
26735 37826 96
17556 25988 96
14496 41894 96
7031 44575 96
522 1738 96
4984 21055 96
14562 28551 96
36181 38081 96
23036 26520 96
4374 10681 96
30150 42470 96
24063 37845 96
14971 29214 96
11109 43300 96
29756 47159 96
766 7833 96
5524 42326 97
17535 18312 97
23941 40467 97
25804 35484 97
31450 34081 97
17668 17817 97
10350 43798 97
46682 48058 97
11390 38668 97
44830 46549 97
6007 34272 97
6354 7954 97
27761 31835 97
2704 39590 97
17742 48882 97
20037 41729 97
33042 34018 97
5741 15815 97
26186 27589 97
28245 46427 97
9251 29135 97
674 45200 97
15850 30465 97
1995 28128 97
27649 39256 97
26270 33426 97
20643 31456 97
33199 42569 97
19711 49696 97
28060 32842 97
36454 49902 97
7881 34134 97
11932 16900 97
33327 45972 97
42030 45790 97
5659 40906 97
13295 34408 97
20864 23734 97
9733 46997 97
25256 41198 97
1292 37709 97
10216 11214 97
18696 21945 97
15271 27815 97
10847 13320 98
11153 19056 98
8255 20525 98
17472 49843 98
41273 42479 98
28570 48329 98
2029 8881 98
2298 2524 98
3173 4299 98
21057 48886 98
14007 43692 98
3816 38070 98
18784 47604 98
26475 48348 98
6228 7364 98
6118 29585 98
4994 26132 98
38485 48612 98
28033 29056 98
2527 36579 98
204 25170 98
30720 32553 98
38851 44436 98
34442 49148 98
11999 42578 98
2249 15579 98
8354 40720 98
12059 32061 98
564 49983 98
8749 38271 98
5420 22099 98
8358 8619 98
7135 16012 98
3717 48584 98
6934 18637 98
24071 31741 98
10924 23096 98
9404 20382 98
10543 48790 98
11869 49307 98
13326 38140 98
16840 34991 98
5539 39801 98
40632 45551 98
5318 35344 98
11807 16664 98
10124 46285 99
11791 35045 99
20179 33672 99
7655 24504 99
849 9522 99
21587 34072 99
45419 46908 99
19942 20695 99
461 39681 99
26600 39129 99
23445 48568 99
26442 47417 99
1284 49615 99
32502 44859 99
34685 37193 99
35388 42597 99
87 32917 99
7506 39893 99
4058 42065 99
4187 26324 99
28657 38120 99
17491 21655 99
14396 15417 99
11721 15968 99
7764 49337 99
3373 32049 99
17900 29160 99
32185 38621 99
4898 24285 99
3791 30750 99
17971 36820 99
336 29602 99
22259 38215 99
40146 47640 99
28864 34790 99
3588 7294 99
33563 45609 99
14066 34617 99
11746 28789 99
3963 29552 99
18272 29035 99
2556 13886 99
29318 36151 99
11548 12587 99
1931 33867 99
47272 49279 100
58 28575 100
4374 49146 100
34268 45476 100
39741 42955 100
6569 49408 100
286 38158 100
19235 31437 100
4795 40169 100
20759 44792 100
2832 25123 100
12112 19124 100
1674 31069 100
10801 18084 100
24607 32558 100
1778 28690 100
29879 43239 100
21129 34830 100
16619 17946 100
71 21616 100
36443 42510 100
10993 44306 100
28468 29329 100
4218 47488 100
34368 40538 100
19447 43561 100
8586 12847 100
4612 34877 100
30654 42619 100
36284 40129 100
7588 45490 100
19593 44120 100

Total MST weight: 1450660
Execution time: 30.729 ms
