Algorithm: Kruskal's MST
MST edges:
2354 9256 1
496 7247 1
1809 6872 1
737 1804 1
3070 7012 1
2886 7475 1
2207 7200 1
85 436 1
4723 7348 1
370 9000 1
7284 7871 1
1366 9573 1
4240 6806 1
1855 3234 1
1493 6498 1
7037 9220 1
488 956 1
2209 3368 1
4367 9977 1
3490 6466 1
4599 7651 1
4484 7959 1
1097 4353 1
6497 9134 1
8029 8823 1
3488 8114 1
2902 5031 1
1650 5362 1
231 9052 1
1781 1876 1
1831 6896 1
144 8358 1
2864 9437 1
3685 8057 1
662 3981 1
1075 2075 1
5359 8693 1
6469 9400 1
363 2607 1
1290 7920 1
1743 2488 1
36 879 1
3505 8090 1
5882 7634 1
3959 8114 1
6474 7967 1
2204 2639 1
498 8808 1
2508 9203 1
2724 3230 1
2612 5786 1
150 7031 1
3794 9779 1
6531 8115 1
1281 9804 1
5323 9787 1
6522 7733 1
1593 6913 1
1253 6141 1
3830 7462 1
2914 3061 1
2475 9429 1
605 1159 1
2630 9885 1
3199 3334 1
4122 9587 1
3828 8750 1
2918 6434 1
2379 5530 1
2919 5913 1
3838 5835 1
3927 7589 1
1749 6527 1
767 2067 1
6317 6507 1
648 2506 1
838 8598 1
4464 6654 1
3655 8795 1
1398 9981 1
376 3482 1
4370 8386 1
3668 4218 1
27 713 1
650 4572 1
2492 5373 1
378 4199 1
3665 5038 1
3361 5731 1
1104 8093 1
1554 6202 1
3604 9786 1
3088 6039 1
479 1900 1
6507 8140 1
3193 6686 1
5474 9425 1
4825 5323 1
850 9052 1
1108 1182 1
5244 5255 1
1891 6948 1
3249 4656 1
4815 9864 1
87 5908 1
1421 3481 1
7102 8739 1
329 1028 1
4067 5096 1
7650 8500 1
1730 9581 1
1305 4052 1
693 6745 1
330 8881 1
2148 4635 1
1239 4611 1
5007 6957 1
1033 2871 1
2795 6599 1
6851 7721 1
3133 4005 1
892 7132 1
1694 1871 1
3746 9849 1
3275 8888 1
6216 8258 1
4692 8970 1
3575 5917 1
4576 5458 1
4672 7741 1
1339 7095 1
8853 9562 1
2167 3737 1
251 1296 1
6830 9954 1
2779 9804 1
1015 2604 1
4004 4011 1
1509 7747 1
324 3759 1
3727 8220 1
8851 9954 1
1012 4656 1
2777 5638 1
3980 7053 1
1905 9483 1
678 4683 1
5983 7017 1
2789 5360 1
4997 9765 1
3715 7493 1
2153 7299 1
3991 5554 1
1202 8021 1
2152 8564 1
6244 7892 1
1202 2343 1
3258 8927 1
3534 4171 1
4095 8415 1
4845 9997 1
1460 2998 1
6448 8562 1
1058 1073 1
1511 6637 1
4207 8996 1
5239 5772 1
1603 6286 1
352 2028 1
79 329 1
7618 8466 1
2531 3637 1
664 8620 1
872 1352 1
9099 9122 1
1064 4687 1
3524 4315 1
7059 7811 1
3331 6524 1
1360 2751 1
5417 9887 1
41 46 1
357 427 1
5957 8939 1
4232 6518 1
1308 2559 1
1606 5824 1
8424 9885 1
4581 9591 1
6433 6720 1
50 8456 1
5802 7186 1
2823 7291 1
343 532 1
994 1084 1
9027 9681 1
7805 7997 1
2746 2760 1
4850 6265 1
2277 3909 1
528 7868 1
4320 6151 1
2328 3414 1
3694 4802 1
1242 7324 1
1053 8215 1
6004 8987 1
7073 7103 1
4703 7087 1
1920 2175 1
3392 8429 1
4260 6003 1
190 4469 1
6551 9250 1
1173 7947 1
939 9293 1
2939 4533 1
3004 6417 1
3647 8285 1
3021 6834 1
782 1562 1
2016 8023 1
4 119 1
276 6714 1
3398 6382 1
799 8995 1
5766 6237 1
4456 7040 1
5169 9024 1
6044 8841 1
15 8286 1
2387 4636 1
2243 9999 1
8118 8814 1
2668 7009 1
2259 2481 1
452 1013 1
3025 6298 1
3850 5423 1
6029 7707 1
7468 9211 1
6583 8025 1
4142 9150 1
7 59 1
9547 9653 1
7783 9623 1
1977 9262 1
8555 8953 1
4797 9542 1
2235 6770 1
2009 3236 1
176 199 1
286 1975 1
942 1386 1
437 2538 1
3016 3466 1
2402 5282 1
9595 9600 1
8144 9551 1
1871 3960 1
3008 5269 1
6558 9721 1
5250 5296 1
3644 3782 1
11 146 1
94 1699 1
94 5696 1
409 4751 1
1219 9314 1
209 458 1
638 3601 1
3214 7245 1
797 5089 1
171 5003 1
2012 7308 1
199 302 1
2950 4675 1
777 6802 1
2982 8069 1
417 2224 1
3653 4464 1
17 360 1
5934 7456 1
1885 3642 1
416 766 1
3200 7958 1
2260 9045 1
4457 5831 1
2923 9140 1
2652 9478 1
1757 2589 1
809 3474 1
4030 5445 1
1167 4965 1
0 1868 1
418 1716 1
5497 8472 1
3241 4376 1
5906 7280 1
185 1059 1
3652 6021 1
392 6503 1
6590 8979 1
609 6936 1
1698 6786 2
4965 8957 2
137 2362 2
2255 4829 2
5514 9575 2
4253 9136 2
3315 5933 2
5164 5820 2
3262 7024 2
6616 7435 2
1536 2333 2
3997 5528 2
8151 9660 2
906 3455 2
2118 9790 2
7110 8890 2
1457 6955 2
5348 8813 2
136 1452 2
4913 5305 2
2114 6981 2
3908 8518 2
883 6024 2
47 2895 2
97 8054 2
4019 6592 2
2325 5157 2
9660 9988 2
1413 4856 2
4782 6739 2
288 9229 2
5432 8636 2
6618 7310 2
79 2137 2
2580 3750 2
1485 3011 2
3094 4055 2
43 1416 2
2952 7633 2
1956 6427 2
2293 6917 2
642 1378 2
823 6128 2
42 1942 2
5055 6894 2
723 1082 2
1909 9371 2
908 9204 2
4126 5097 2
1431 2812 2
1230 3180 2
582 3024 2
4521 4976 2
2110 8303 2
6 2089 2
66 151 2
665 6465 2
45 3103 2
236 4462 2
1358 9870 2
796 5646 2
1908 2690 2
6570 7507 2
1543 6033 2
1309 3577 2
5515 6154 2
3591 9573 2
275 695 2
1625 9522 2
715 5068 2
2155 4701 2
2667 6915 2
4863 8688 2
5159 6161 2
1006 1672 2
2305 9712 2
7138 8095 2
3742 7556 2
1341 2221 2
2571 9633 2
6604 7542 2
694 2169 2
70 6895 2
4862 5666 2
1539 3183 2
4430 7982 2
4539 7552 2
1167 1553 2
4692 7631 2
3 1649 2
245 2772 2
5869 9187 2
2150 5183 2
5633 8873 2
3217 8953 2
426 641 2
3416 8148 2
1506 5817 2
1608 2625 2
1905 3884 2
5618 9343 2
326 4615 2
3559 9811 2
1727 2195 2
5486 9406 2
426 8948 2
127 3626 2
188 1888 2
3713 9704 2
548 1543 2
3573 6169 2
417 9612 2
7664 8532 2
6034 7293 2
2992 9450 2
75 3232 2
4870 8969 2
6202 8103 2
2123 4000 2
1210 3488 2
6615 7540 2
1021 3281 2
67 1353 2
1222 5355 2
9022 9239 2
1301 1604 2
123 298 2
5763 9505 2
8155 9855 2
2162 3140 2
904 7358 2
6939 9772 2
4432 5775 2
4996 5192 2
6388 6742 2
4693 7929 2
1758 2930 2
1388 6917 2
1022 2147 2
889 4621 2
3699 6958 2
904 9879 2
3308 5236 2
2408 4497 2
1833 9012 2
1643 1964 2
1735 5624 2
4971 6440 2
3580 5375 2
1504 4746 2
1942 8012 2
6524 7284 2
450 570 2
1378 2192 2
471 1345 2
4934 8911 2
7311 7614 2
7542 9139 2
4766 9987 2
2500 7308 2
5443 9761 2
2017 3437 2
1563 3171 2
3601 7824 2
5777 8111 2
1967 8934 2
5630 5800 2
5080 8812 2
4482 7814 2
296 7793 2
399 3619 2
387 2942 2
2014 9188 2
1116 7222 2
3675 9384 2
1830 4960 2
5361 7231 2
32 136 2
1324 8125 2
493 1506 2
449 4687 2
2067 6298 2
5361 7640 2
1116 2261 2
91 2487 2
6315 7807 2
644 900 2
2889 6897 2
972 9993 2
7312 8015 2
6914 9205 2
4373 5906 2
2907 3796 2
1709 3353 2
5094 9334 2
480 1471 2
1105 1339 2
1861 9070 2
8252 9246 2
3849 9925 2
2053 3624 2
5495 7346 2
477 1846 2
5777 9844 2
1972 8418 2
4028 4510 2
1136 3070 2
1860 7875 2
5775 7168 2
2372 4784 2
1109 7057 2
480 7524 2
1393 6814 2
4599 9812 2
939 7271 2
5175 6043 2
28 281 2
932 2422 2
383 4438 2
13 5978 2
4897 6802 2
151 677 2
6130 7726 2
9240 9840 2
3850 7308 2
4737 9554 2
5496 5813 2
2265 5395 2
457 3088 2
5567 9885 2
3966 7024 2
724 4629 2
4941 8265 2
765 5606 2
609 6824 2
1561 2792 2
6109 8844 2
4813 9936 2
4606 5861 2
4809 4822 2
440 883 2
2611 7924 2
2347 2670 2
1182 1928 2
4468 6688 2
7248 9483 2
825 3520 2
1934 3330 2
2520 5764 2
1373 1484 2
5610 6986 2
1956 8657 2
2853 3598 2
2635 6228 2
2854 8802 2
1547 1598 2
1192 4011 2
18 565 2
3089 3565 2
5260 5569 2
3346 5456 2
3640 6226 2
1618 4266 2
6661 9851 2
4393 6724 2
6651 7604 2
5399 9928 2
3927 6229 2
2273 9357 2
8643 9877 2
6113 8124 2
1826 4235 2
1599 3934 2
6143 9952 2
2510 5502 2
4500 8507 2
3183 3266 2
6730 9040 2
34 8656 2
1130 1354 2
6476 8398 2
112 1066 2
5783 6287 2
2694 3637 2
862 8071 2
3918 8340 2
3234 7040 2
981 9538 2
402 1799 2
4495 4846 2
2075 3810 2
5674 6501 2
4720 5688 2
1081 2701 2
1463 3194 2
4652 6694 2
982 7961 2
1187 6303 2
4715 5058 2
4345 4481 2
5102 6112 2
1079 9894 2
2950 7283 2
4944 6596 3
2774 9038 3
4031 9900 3
4789 4850 3
108 698 3
1013 1151 3
5612 6173 3
7106 7470 3
961 7638 3
2583 3636 3
1009 6109 3
3247 5207 3
1008 5795 3
2667 4817 3
6926 8662 3
2699 4996 3
68 6907 3
5831 8155 3
8561 9929 3
634 6320 3
4255 5041 3
69 86 3
2725 8230 3
983 5596 3
622 2305 3
666 1007 3
991 3060 3
1801 7101 3
6896 9302 3
3641 4296 3
946 3910 3
983 8675 3
3617 3661 3
920 6406 3
2259 7847 3
577 2388 3
3266 7757 3
575 1544 3
4639 7595 3
2733 4305 3
586 4340 3
3596 5579 3
1617 2168 3
6881 7600 3
3212 5547 3
3594 8451 3
2690 4781 3
985 4722 3
5959 8643 3
584 2867 3
616 5796 3
1804 7568 3
7726 9486 3
1229 8439 3
4592 8096 3
1922 4492 3
911 9591 3
2762 3879 3
1613 7428 3
4675 6347 3
5968 7726 3
4571 5222 3
7096 9053 3
1228 2224 3
5861 6176 3
4600 5472 3
319 8673 3
948 1354 3
2214 4084 3
1816 5330 3
3664 9718 3
253 3761 3
277 3184 3
4646 8758 3
997 9819 3
3697 9327 3
4895 5679 3
598 9893 3
3273 4634 3
7899 8561 3
2282 8749 3
5724 7920 3
1920 9225 3
2758 3316 3
4271 7476 3
2672 3785 3
3704 8705 3
3162 8879 3
6856 7379 3
120 651 3
1777 5281 3
4780 5321 3
405 2655 3
1075 3299 3
1271 2942 3
5180 6187 3
1779 2684 3
4347 5219 3
3504 7879 3
1662 6616 3
5071 6532 3
7568 7974 3
2077 4178 3
145 2887 3
4356 9049 3
7274 9543 3
5136 9043 3
8018 8702 3
6136 6212 3
5242 7559 3
4187 6791 3
742 9481 3
488 3291 3
1094 5933 3
3020 8000 3
2530 2754 3
1382 4757 3
3970 5430 3
1154 7017 3
3909 5443 3
196 228 3
2845 5793 3
6781 8536 3
1295 1327 3
8395 9488 3
2341 4091 3
7 11 3
4487 8782 3
5741 6701 3
356 5950 3
5241 8533 3
4103 5756 3
508 9133 3
436 2292 3
8145 8971 3
5167 7449 3
231 4712 3
2343 4809 3
2344 6421 3
3920 6535 3
1471 1483 3
7313 8987 3
843 1433 3
1117 6404 3
3378 8628 3
1123 4851 3
400 615 3
3853 4990 3
1256 3368 3
5659 6648 3
463 3770 3
2466 2477 3
3935 7913 3
3463 5339 3
3851 6981 3
1275 5777 3
6643 7033 3
6095 7705 3
1132 9069 3
2938 4995 3
204 2354 3
1970 8199 3
397 9601 3
3458 7507 3
3919 7783 3
3804 7175 3
1286 4428 3
482 7208 3
3488 7079 3
5394 6825 3
4800 9138 3
2493 4470 3
4737 5409 3
3487 4887 3
1368 8833 3
1860 2258 3
515 1394 3
1398 9677 3
755 7646 3
4743 7136 3
6691 7842 3
5093 7310 3
1890 7149 3
2912 3043 3
1765 4663 3
4121 6027 3
21 2037 3
2442 7915 3
6599 6978 3
547 9773 3
3139 7496 3
1347 3221 3
5810 8957 3
1034 4418 3
896 5173 3
2803 3496 3
894 5259 3
694 2483 3
9772 9881 3
5730 7769 3
2135 8034 3
4073 4167 3
2 5 3
1040 3507 3
187 4739 3
1040 3634 3
3875 7043 3
4308 9276 3
891 7350 3
181 810 3
5187 9873 3
7157 9470 3
1300 1790 3
3752 6786 3
7121 8922 3
2780 6981 3
8823 9932 3
66 7638 3
1509 1527 3
1907 6333 3
8835 9166 3
808 4057 3
1203 1254 3
2783 3448 3
6248 7082 3
2575 9135 3
1022 1152 3
426 4769 3
3145 4562 3
1301 1937 3
2789 8883 3
3560 6298 3
416 2154 3
691 4163 3
7398 8683 3
3736 5788 3
549 9198 3
2569 8660 3
2304 6607 3
548 5123 3
2962 4725 3
801 2573 3
701 6922 3
191 318 3
2818 3366 3
1298 3627 3
531 2133 3
4091 4863 3
2405 9530 3
706 1123 3
4320 9887 3
3759 9405 3
5803 6468 3
2961 5500 3
6438 9719 3
2536 7035 3
7618 8252 3
408 5649 3
177 4497 3
4095 4580 3
1382 8319 3
237 364 3
1995 4571 3
5019 5370 3
9000 9555 3
4697 9761 3
3309 6734 3
2126 5049 3
1414 5227 3
4311 8634 3
5479 8756 3
2124 5104 3
3127 7053 3
337 1363 3
791 7040 4
3443 4935 4
811 6634 4
177 191 4
5675 6489 4
1444 4179 4
781 4411 4
5704 7387 4
3626 4836 4
811 3420 4
1873 7307 4
1271 7971 4
6638 8007 4
804 7111 4
2423 7736 4
1868 3949 4
1270 2291 4
1661 2730 4
942 4035 4
272 4649 4
274 2205 4
4252 5259 4
3235 3261 4
1269 3930 4
2394 9531 4
4790 8140 4
3618 4769 4
189 4181 4
3410 8847 4
5471 5937 4
189 3061 4
277 4851 4
4042 5793 4
1703 2071 4
667 6179 4
4670 5179 4
3581 3643 4
2321 6078 4
6799 8334 4
8410 9326 4
4234 8320 4
2550 4855 4
6376 8212 4
6872 7084 4
4854 7551 4
714 7937 4
1898 9603 4
2338 5022 4
1688 6862 4
3259 3523 4
876 8839 4
926 2159 4
3327 3709 4
870 2580 4
3551 8729 4
2579 4927 4
681 769 4
2578 7775 4
909 4290 4
252 3354 4
1510 3714 4
8458 9956 4
2291 3519 4
6820 8191 4
2528 5624 4
1233 2396 4
893 5690 4
2285 5271 4
1695 1903 4
1300 2744 4
4693 4780 4
3304 5739 4
4670 6480 4
8428 9126 4
6675 6707 4
6711 8993 4
5679 6415 4
8307 8819 4
3479 8571 4
1491 8147 4
2479 5671 4
6521 9219 4
649 3300 4
215 3912 4
1228 4320 4
3471 4221 4
1256 2638 4
6925 8835 4
5960 7651 4
6645 9673 4
1257 5126 4
939 2965 4
1276 4142 4
780 1841 4
226 530 4
1686 9268 4
3520 8566 4
144 2170 4
867 2482 4
4200 5963 4
1292 7876 4
230 4350 4
229 9872 4
4713 7735 4
1475 4634 4
1289 2493 4
929 9549 4
2620 3509 4
6902 7088 4
3348 8554 4
1312 2786 4
3490 6869 4
2494 3628 4
7276 9488 4
371 8367 4
3709 4650 4
1093 4814 4
2766 8827 4
1158 4188 4
5154 6060 4
566 7050 4
1965 2582 4
1342 9653 4
562 9535 4
7377 8082 4
2887 7182 4
3857 3902 4
1013 1498 4
7436 8505 4
1939 3510 4
4297 8305 4
3795 8015 4
1089 4318 4
6055 8197 4
3722 7464 4
560 860 4
4559 9226 4
1777 7484 4
3011 8036 4
2877 8305 4
1795 4381 4
5744 7027 4
2079 9570 4
4549 8723 4
314 2475 4
583 2244 4
1428 4231 4
2063 3121 4
1595 4680 4
4584 6261 4
6051 6140 4
7073 7265 4
4478 9456 4
481 8789 4
1338 1342 4
8757 9306 4
1799 5910 4
1565 7317 4
1367 5898 4
431 491 4
2792 3162 4
1966 3949 4
1937 3363 4
4971 9350 4
2754 4723 4
2894 6220 4
2755 6636 4
487 6702 4
5979 9306 4
1208 5910 4
2963 3143 4
571 7430 4
2760 3205 4
1096 1962 4
1186 2682 4
4329 5053 4
7170 9014 4
4511 7073 4
2816 6447 4
1393 1465 4
3919 7500 4
1063 9627 4
3112 7710 4
444 928 4
4406 9243 4
4513 5137 4
4320 5820 4
9039 9563 4
527 9352 4
3106 9855 4
7358 9076 4
2848 5514 4
7606 9120 4
5796 7734 4
2842 8171 4
3761 4571 4
45 83 4
4521 5398 4
1580 2912 4
5402 6905 4
2112 6220 4
2842 3425 4
1175 7989 4
45 3192 4
45 4273 4
3104 6642 4
7245 9664 4
2792 3841 4
1391 6696 4
3873 7188 4
1081 3454 4
551 1565 4
3785 4782 4
3141 5147 4
3080 4492 4
2798 7235 4
1200 4824 4
1406 5159 4
2802 3654 4
37 9444 4
3742 6200 4
3012 6099 4
3949 7243 4
1072 7159 4
56 135 4
6182 6196 4
7353 9914 4
3748 8808 4
507 6006 4
2093 5956 4
5546 5845 4
1607 6639 4
1999 2326 4
337 7869 4
8 100 4
1415 1925 4
4534 9686 4
475 4263 4
2911 3767 4
6105 9232 4
4269 8569 4
1125 9444 4
5094 8707 4
7027 8924 4
289 1974 4
5755 6889 4
5160 9409 4
6981 9814 4
6120 9795 4
5089 6215 4
1626 4203 4
287 5253 4
1811 3810 4
2716 2882 4
1375 1947 4
958 1508 4
85 1328 4
2925 9361 4
2208 4686 4
4469 9747 4
964 6948 4
1923 2003 4
966 7489 4
293 378 4
1923 4586 4
93 3720 4
3202 6416 4
3891 7059 4
7490 8777 4
1181 4405 4
6023 6134 4
385 586 4
613 1273 4
16 140 4
5365 8534 4
2050 8170 4
6325 6834 4
291 3917 4
2975 7194 4
2025 7949 4
1221 5032 4
5718 9661 4
982 3570 4
1979 2860 4
2728 5452 4
593 1025 4
8724 8991 4
4621 7671 4
1128 5180 4
2669 6214 4
1162 6259 4
4589 5848 4
2194 3783 4
454 2210 4
5328 7904 4
1179 9018 4
4463 5349 4
3629 6440 4
1577 1798 4
5977 6847 4
5316 7411 4
412 5786 4
411 8634 4
5775 7555 4
4025 5996 4
1108 8431 4
1921 8566 4
3177 7192 4
2676 7639 4
7472 9134 4
3850 7479 4
1394 2004 4
5573 7236 4
2465 2968 5
2034 3877 5
466 6648 5
777 6758 5
6187 6468 5
146 261 5
1069 7934 5
4801 6480 5
3332 4167 5
1409 2537 5
39 4820 5
1245 5714 5
1868 3567 5
1279 9391 5
1753 2567 5
2337 5165 5
2865 8004 5
4809 9560 5
754 3669 5
146 162 5
2463 5435 5
2342 7064 5
1294 1650 5
2532 3534 5
719 5844 5
2845 8421 5
874 3600 5
2341 3168 5
6544 7001 5
2036 2278 5
2107 4184 5
2468 6010 5
3771 8287 5
775 8986 5
4399 5088 5
1688 2208 5
1865 3483 5
5944 9042 5
6765 8698 5
5055 5686 5
2469 2948 5
2927 3473 5
2850 3448 5
1568 7148 5
4508 7690 5
1955 2088 5
833 6356 5
358 831 5
3846 4580 5
6073 9598 5
858 3677 5
152 9090 5
1093 4397 5
4831 5161 5
8066 8790 5
6695 7264 5
859 1935 5
5889 7872 5
1586 1881 5
1374 4270 5
741 1480 5
7283 8636 5
1861 2766 5
6124 6919 5
3825 7140 5
5449 5821 5
861 5557 5
2882 7280 5
454 679 5
2061 9500 5
8311 9735 5
2064 2323 5
7530 9037 5
1771 8134 5
157 7184 5
3944 3988 5
3488 7802 5
4378 4544 5
4162 9130 5
6508 6688 5
2898 4028 5
1885 2065 5
851 1865 5
3355 4884 5
476 2584 5
1679 3508 5
3365 6763 5
1678 2059 5
384 5975 5
6737 9876 5
4496 9269 5
3041 5606 5
387 4290 5
1852 8551 5
1747 3944 5
2081 4001 5
2917 8851 5
6735 7083 5
842 6426 5
4498 8209 5
4173 4530 5
7992 8363 5
842 4087 5
3448 6512 5
5120 8466 5
506 2938 5
3502 4405 5
449 2187 5
7264 7404 5
736 1877 5
23 126 5
1476 4850 5
5096 5784 5
735 9861 5
3919 9171 5
1686 2954 5
7492 7843 5
2510 4800 5
1599 2031 5
2911 5492 5
226 992 5
3503 9859 5
1273 1286 5
1740 3288 5
148 232 5
2742 9985 5
6871 9059 5
4887 6577 5
4583 5927 5
1721 5444 5
76 2955 5
4057 5436 5
582 714 5
2183 8758 5
5979 8280 5
5158 5997 5
4280 5061 5
1990 6338 5
4884 9410 5
113 8235 5
3590 6646 5
988 9422 5
309 533 5
1717 4006 5
2275 3111 5
5821 8768 5
7052 7526 5
1310 6215 5
2205 2337 5
84 5412 5
5158 9167 5
4783 5284 5
6833 7895 5
3569 5621 5
1303 2625 5
2779 3032 5
4981 7451 5
5230 7512 5
4678 5372 5
1342 4001 5
1010 2155 5
568 1457 5
69 1584 5
2764 9382 5
6301 8574 5
3160 5991 5
3574 4932 5
2598 3350 5
2408 2502 5
5695 8894 5
7692 7797 5
5198 8988 5
179 3297 5
1159 5879 5
2181 6886 5
1450 2952 5
7825 9711 5
90 4763 5
7773 9609 5
804 8432 5
93 1738 5
1708 2662 5
643 4528 5
2999 5567 5
3643 6916 5
184 2551 5
8601 9939 5
1221 3538 5
942 4450 5
2704 3514 5
1387 3768 5
1515 2872 5
5500 7295 5
3631 6252 5
276 9332 5
0 62 5
4425 4474 5
283 3013 5
418 8115 5
627 7624 5
4255 7949 5
5707 7212 5
1711 7390 5
3187 9971 5
1757 3852 5
8172 9673 5
7426 7508 5
6917 7808 5
933 1357 5
110 255 5
600 6995 5
4945 5568 5
4049 9182 5
3194 6113 5
4943 6821 5
1243 7797 5
4793 8649 5
935 7998 5
7017 8632 5
605 2617 5
4605 7887 5
1667 7202 5
4049 4180 5
187 6198 5
4941 7277 5
647 2947 5
90 1116 5
2313 3509 5
3754 6340 5
1999 4091 5
1789 2817 5
4854 5098 5
1790 3372 5
1197 1234 5
5483 8677 5
339 1094 5
3440 6949 5
4857 8994 5
4140 6092 5
3539 8724 5
336 2933 5
8962 9972 5
1040 7167 5
2562 8558 5
1642 2510 5
3130 8523 5
335 9391 5
5190 6511 5
2805 5232 5
3135 7991 5
695 5522 5
2548 4985 5
3532 4217 5
1056 2926 5
879 3737 5
349 1266 5
4407 7406 5
198 4007 5
5141 9760 5
1604 8165 5
3403 3928 5
883 2339 5
2547 8773 5
2293 3417 5
7452 8375 5
527 3975 5
47 3470 5
1735 7554 5
4319 4845 5
6437 7026 5
135 4874 5
440 563 5
793 5040 5
7944 8936 5
5338 6077 5
1637 9504 5
2790 9165 5
2573 4036 5
5546 6635 5
689 5263 5
3145 8271 5
4795 8394 5
683 8950 5
4869 5663 5
3875 7895 5
7920 8319 5
3985 5514 5
324 3877 5
2405 7742 5
1727 6462 5
323 7612 5
4436 8553 5
251 2151 5
5233 6470 5
323 324 5
3908 8382 5
907 6660 5
1024 9905 5
5872 9116 5
1037 6861 5
5517 7704 5
1032 9628 5
5004 8904 5
8891 9466 5
1947 6057 5
8890 9884 5
2149 5097 5
2792 5993 5
2954 5061 5
552 1915 5
4302 5204 5
5633 5713 5
4411 8080 6
1171 2057 6
2963 3278 6
2951 4520 6
8147 8812 6
1768 2302 6
5459 6085 6
4402 8340 6
7412 8291 6
789 8345 6
2432 9025 6
187 7934 6
2946 7134 6
7457 8642 6
4772 7584 6
1754 9526 6
5919 9749 6
406 796 6
438 3951 6
5457 8373 6
3018 5913 6
5774 6522 6
5454 8576 6
1479 3860 6
6601 9480 6
3012 6456 6
1479 7356 6
5266 9093 6
4786 5408 6
2950 3672 6
6632 9608 6
3403 5030 6
2944 8714 6
2993 5648 6
7091 7650 6
562 711 6
3155 4245 6
562 3424 6
2779 3249 6
1727 4070 6
4677 8984 6
2591 5614 6
255 2387 6
323 1520 6
2758 6346 6
4670 8449 6
4579 7862 6
3270 9976 6
3165 5077 6
1832 9525 6
310 5854 6
4684 4773 6
697 7199 6
1348 5978 6
1415 3142 6
542 4957 6
3130 7810 6
547 3198 6
4218 6883 6
1454 6024 6
262 4501 6
2790 3042 6
3295 8040 6
4683 7919 6
5726 6256 6
6824 7116 6
1727 9201 6
558 9144 6
3231 4687 6
5850 6229 6
7000 7383 6
1826 4900 6
3236 5351 6
612 4876 6
3203 8080 6
291 530 6
3206 5222 6
2635 3324 6
1707 2384 6
4639 8033 6
6974 9023 6
2672 5663 6
6965 7506 6
3229 5048 6
3220 3448 6
4696 4905 6
648 3562 6
1828 8115 6
605 1734 6
2709 7999 6
4271 6520 6
2625 9066 6
3190 4488 6
3188 5818 6
3249 9821 6
2719 6435 6
2625 3122 6
1310 6388 6
5326 6721 6
5699 9879 6
7063 8641 6
2504 5084 6
479 702 6
379 8546 6
6713 8000 6
2905 3505 6
375 9448 6
1683 2485 6
223 808 6
3352 5418 6
756 6460 6
493 4073 6
1366 2417 6
366 3882 6
4495 7963 6
2878 3417 6
735 8555 6
4496 9077 6
1373 2461 6
7321 8371 6
6660 7605 6
5759 5857 6
1278 7678 6
391 2624 6
4752 9396 6
465 7278 6
2920 6545 6
731 9363 6
764 3896 6
388 1881 6
214 6285 6
472 7758 6
1467 6313 6
1369 7910 6
1770 5417 6
7624 8377 6
4519 9238 6
519 1463 6
7204 9162 6
7958 8322 6
2537 2766 6
709 8354 6
1783 5438 6
3311 5682 6
2536 4658 6
4318 9640 6
7187 9996 6
7943 9825 6
342 1454 6
700 5700 6
2809 7653 6
7641 9248 6
2925 8510 6
2847 3577 6
1294 1495 6
2847 6883 6
354 8737 6
3094 7545 6
2528 7708 6
2528 7222 6
7221 9680 6
7233 7504 6
3083 8196 6
7979 8758 6
7245 8356 6
230 8862 6
7584 8287 6
2870 9041 6
4956 9157 6
8408 9277 6
6374 8459 6
3891 9028 6
5990 8680 6
3808 7432 6
78 2509 6
1544 3384 6
2074 3560 6
4957 8350 6
1194 5755 6
3527 4964 6
4055 7889 6
8400 8732 6
6450 8606 6
9223 9452 6
2006 3941 6
15 4178 6
5477 5756 6
6374 7717 6
873 3824 6
5142 9861 6
1914 4917 6
3987 9128 6
3724 7803 6
5479 8451 6
1921 7236 6
117 707 6
174 419 6
4020 7932 6
8234 9590 6
1609 7843 6
3631 5383 6
1535 2716 6
9341 9856 6
1261 5552 6
30 273 6
4093 4389 6
2396 8601 6
3726 7646 6
8239 9581 6
6106 6277 6
4943 5938 6
3865 8543 6
8505 9903 6
829 5315 6
1062 9578 6
3683 3925 6
5029 6973 6
5941 9851 6
1109 6570 6
147 6391 6
8361 9157 6
8682 9561 6
1919 4661 6
1159 1419 6
2369 6556 6
3842 6131 6
1541 6622 6
3977 7771 6
1892 2481 6
4113 8967 6
3843 6695 6
4045 6708 6
4 3161 6
1916 7715 6
6490 8862 6
1655 2852 6
5650 8752 6
1174 1380 6
1032 9971 6
6373 8735 6
3739 4687 6
142 7827 6
3468 3605 6
4126 4351 6
1134 9650 6
8519 8695 6
2344 7183 6
1229 4495 6
2271 4490 6
4812 6208 6
8623 8992 6
8919 9290 6
1936 4954 6
2035 6251 6
2034 9768 6
1053 4740 6
8525 9852 6
9620 9700 6
1253 7703 6
6301 8669 6
2375 6806 6
898 2499 6
5927 8833 6
2165 4297 6
1217 7225 6
1071 2340 6
813 7571 6
891 6600 6
11 258 6
3652 9038 6
1611 6230 6
5580 8007 6
179 3659 6
1205 9402 6
6143 9749 6
4018 6008 6
180 7719 6
5514 7909 6
2063 3518 6
1235 9154 6
2232 6008 6
128 219 6
6332 8150 6
2087 7096 6
5664 9642 6
2046 6467 6
5578 6439 6
6581 9103 6
970 6900 6
9496 9652 6
94 242 6
3427 9047 6
4882 9137 6
1612 3279 6
958 2801 6
5168 5835 6
14 3099 6
4061 6112 6
912 5923 6
181 1842 6
1232 6044 6
6040 7367 6
2168 7067 6
1665 4339 6
5981 8270 6
2084 2922 6
2291 9055 6
913 2377 6
3816 8864 6
3941 8730 6
1185 1336 6
4976 7710 6
5596 7994 6
6472 9276 7
3508 9909 7
3853 5135 7
4895 5404 7
4366 7187 7
2061 5329 7
126 987 7
1003 4801 7
6272 9609 7
1895 6031 7
4199 5225 7
591 1628 7
1637 6053 7
2625 6656 7
5340 6695 7
438 4801 7
727 9952 7
3138 6785 7
1199 3241 7
1156 3239 7
436 1658 7
738 1901 7
739 1060 7
2177 9796 7
5393 7290 7
6001 9502 7
5151 5324 7
269 1315 7
6725 7774 7
4904 8015 7
2808 8348 7
1618 4605 7
2353 2488 7
6725 6780 7
1129 9837 7
2178 6043 7
3122 8617 7
1112 8565 7
2814 5403 7
3044 8459 7
7086 8154 7
1651 2758 7
3871 8792 7
3340 9074 7
2510 7707 7
6473 7665 7
4539 5333 7
1463 4538 7
5415 8786 7
2629 9743 7
3050 8124 7
4402 9937 7
9271 9852 7
7329 8860 7
12 7219 7
3746 5791 7
2907 5343 7
2349 5337 7
3347 7479 7
4874 9317 7
982 4714 7
13 652 7
4563 6771 7
697 4642 7
2158 3712 7
711 948 7
1459 2108 7
1176 2431 7
4671 6439 7
1834 4091 7
6079 8788 7
5338 8903 7
4093 6791 7
3167 7647 7
671 7946 7
5697 6454 7
68 1095 7
7082 8604 7
8857 9288 7
9 3571 7
29 117 7
2337 5652 7
2781 5968 7
117 5455 7
2280 2775 7
2602 7897 7
7947 8541 7
258 7006 7
2322 8722 7
561 5819 7
1427 6903 7
1720 2803 7
877 6572 7
133 2330 7
4280 9744 7
4696 5636 7
4001 6498 7
8434 9786 7
2162 9474 7
3823 6113 7
1699 8702 7
868 6835 7
568 3076 7
4543 5657 7
3848 6079 7
3559 4741 7
79 2307 7
4202 4914 7
4588 5739 7
3598 5578 7
144 804 7
897 3193 7
1649 5909 7
2736 7238 7
5395 7574 7
2343 6341 7
6417 7539 7
2345 7654 7
6756 9773 7
1732 6276 7
247 4649 7
313 6370 7
1973 3271 7
6245 7081 7
994 8794 7
4998 7484 7
7653 9470 7
4100 6361 7
2791 7037 7
29 7061 7
5851 7741 7
3736 8342 7
1595 8644 7
4586 7141 7
8395 9530 7
4710 5371 7
1460 7367 7
1717 9171 7
24 6316 7
8571 9861 7
417 3351 7
1125 5610 7
206 220 7
7319 7396 7
1121 3154 7
6549 7572 7
4327 7164 7
618 9273 7
2 102 7
8115 8336 7
1704 5735 7
1443 3637 7
974 2249 7
5160 9487 7
1604 1943 7
5909 7737 7
4132 8270 7
203 6651 7
1628 2854 7
1359 3042 7
1258 3974 7
1372 2759 7
8100 9763 7
4922 8675 7
5315 7175 7
189 7582 7
8279 8539 7
8277 9287 7
3469 9567 7
505 5429 7
3762 6144 7
1741 4407 7
4127 5970 7
1444 1906 7
7599 9775 7
3628 8400 7
1318 3008 7
4168 7428 7
8668 9902 7
1358 2848 7
1173 6340 7
5161 5751 7
1675 8899 7
3889 5801 7
1091 4031 7
6975 7538 7
5424 6510 7
824 5198 7
5250 9751 7
6974 9958 7
2074 8793 7
1776 8603 7
6623 9524 7
424 1119 7
178 296 7
285 6678 7
6187 9937 7
1523 3291 7
6187 7893 7
6619 9236 7
3196 9580 7
823 4859 7
3795 8950 7
3198 6626 7
3213 7955 7
7567 8276 7
4928 7849 7
2405 3806 7
3083 6487 7
5266 5923 7
2710 4512 7
832 1570 7
5181 8540 7
4136 4860 7
2710 2817 7
4614 6078 7
1124 5336 7
953 1362 7
2846 7394 7
3768 4892 7
3010 5705 7
2046 6539 7
3399 5440 7
3449 5632 7
98 9836 7
359 3714 7
1259 8590 7
416 999 7
4155 7074 7
6562 9267 7
954 6023 7
4037 4337 7
36 1725 7
3360 4325 7
6998 9898 7
806 1145 7
2258 2642 7
4739 4787 7
755 4977 7
9024 9707 7
643 9142 7
363 4894 7
106 365 7
8062 9947 7
4610 7207 7
3978 8972 7
5345 8575 7
9290 9895 7
3204 9979 7
431 5723 7
2826 4120 7
2255 8957 7
3115 6382 7
538 3541 7
6002 8464 7
340 9448 7
6322 8087 7
2360 7596 7
2078 4529 7
5243 7331 7
3790 4978 7
4458 8037 7
498 4196 7
5445 9295 7
6142 8595 7
5258 7828 7
271 3451 7
2421 5180 7
2490 2991 7
1810 3716 7
1084 1220 7
7628 8128 7
301 1024 7
1979 2344 7
9192 9430 7
1931 4072 7
527 7793 7
4933 9055 7
802 1027 7
1704 1931 7
3 9961 7
4176 7962 7
6174 6502 7
763 9090 7
3934 7517 7
4362 4578 7
1990 5382 7
4793 9842 7
3416 3862 7
5569 7892 7
4170 6542 7
1629 5505 7
613 8741 7
3109 6591 7
387 4255 7
4812 5771 7
418 997 7
8181 8441 7
2043 2677 7
1405 8712 7
3756 8970 7
6004 9674 7
6352 8097 7
5384 7558 7
5695 5827 8
3647 5912 8
4879 6928 8
1624 6915 8
9317 9498 8
4447 6301 8
2228 8178 8
3633 7576 8
5967 7968 8
1424 6079 8
4677 5278 8
3034 8502 8
676 787 8
74 4970 8
1305 4165 8
388 2074 8
2018 3098 8
2289 5392 8
1218 8169 8
3645 7241 8
3645 7839 8
290 2031 8
3283 7076 8
1922 2757 8
2597 7456 8
1801 3152 8
4470 7659 8
4472 8963 8
2694 9086 8
3172 7985 8
1218 6039 8
3619 6502 8
306 995 8
5962 7817 8
6296 8536 8
2196 3463 8
1512 3979 8
2256 6796 8
1630 1991 8
6023 9375 8
2644 7073 8
1972 2732 8
5979 6388 8
5311 6197 8
640 3925 8
8552 9791 8
3045 6147 8
265 4169 8
5705 8697 8
86 1778 8
4244 4302 8
4650 6281 8
474 566 8
1112 1772 8
107 4342 8
4278 4593 8
3610 5873 8
2631 5906 8
3613 5861 8
16 618 8
5849 9592 8
106 3909 8
268 7548 8
7042 8313 8
1712 5933 8
935 8959 8
3843 9620 8
649 903 8
1936 9286 8
4027 6508 8
4626 5616 8
1139 3402 8
5330 5475 8
3217 7261 8
2605 9270 8
98 8771 8
3939 4265 8
7062 8021 8
78 93 8
973 3166 8
973 2468 8
972 2389 8
669 891 8
1973 8901 8
622 7310 8
5974 9830 8
465 2621 8
5851 7079 8
5101 7484 8
3189 8822 8
1396 6388 8
977 3715 8
636 1085 8
2048 7397 8
4026 6418 8
2707 6307 8
635 5100 8
1700 2324 8
2933 3239 8
4258 7904 8
3628 9085 8
601 748 8
1914 2146 8
601 4045 8
4777 8562 8
6726 8303 8
740 3967 8
3796 5737 8
4833 5705 8
223 636 8
2811 3893 8
539 1029 8
1157 7547 8
372 845 8
3442 5442 8
51 4578 8
5183 8659 8
2361 7782 8
5576 7999 8
1271 7603 8
1605 5591 8
5894 6207 8
1682 4264 8
220 1703 8
2819 4560 8
219 8441 8
495 7298 8
3066 3350 8
6731 9211 8
1896 5146 8
5806 7637 8
545 8896 8
40 376 8
5458 6678 8
1404 1659 8
8369 8799 8
3506 8506 8
822 1674 8
5647 6415 8
1650 9364 8
1662 2497 8
1039 4598 8
2806 8129 8
7425 7867 8
7157 8210 8
2889 9955 8
795 2933 8
3747 8018 8
1247 5248 8
861 9521 8
4366 5586 8
5016 8607 8
211 368 8
2107 2480 8
4166 6624 8
3374 6124 8
3886 8249 8
2472 5526 8
1091 1986 8
347 3270 8
5383 9260 8
1736 3784 8
1782 7090 8
1054 9735 8
1166 5751 8
8097 8897 8
1676 2026 8
1657 8221 8
428 2594 8
4327 5247 8
46 268 8
1056 4332 8
4758 7720 8
1164 7458 8
6644 9495 8
1258 1472 8
786 8293 8
1093 1871 8
1860 2742 8
2102 7023 8
369 2987 8
1051 2539 8
218 352 8
5762 6132 8
1577 5712 8
514 663 8
3480 5225 8
7428 8366 8
5371 5662 8
5585 8313 8
784 1714 8
31 6877 8
352 2875 8
424 5620 8
8080 8772 8
4163 6127 8
7384 7420 8
369 4725 8
346 3471 8
425 1331 8
5556 9411 8
886 8246 8
2555 9541 8
1727 6432 8
3540 5464 8
2422 3080 8
1185 2300 8
4976 7493 8
1665 7173 8
240 3833 8
4795 4802 8
129 9023 8
3535 7539 8
504 8444 8
1005 7683 8
2330 4042 8
3414 6911 8
711 4998 8
2540 9056 8
6821 7252 8
6786 8471 8
4705 9217 8
3080 3140 8
68 7615 8
1875 5209 8
893 9929 8
4350 6121 8
4862 5523 8
5574 8244 8
1778 7530 8
5752 8801 8
2016 3652 8
3158 6748 8
2783 9307 8
1902 5800 8
3426 9515 8
2165 9136 8
1266 2131 8
3781 7269 8
6804 9864 8
8806 9563 8
4144 9662 8
6069 6893 8
1346 3901 8
2086 6499 8
3023 3203 8
2798 5055 8
1848 8902 8
722 9962 8
507 4143 8
4201 6846 8
2798 8053 8
723 3589 8
2148 7570 8
2093 4442 8
820 6650 8
1236 1748 8
1850 1953 8
3819 6368 8
1871 7294 8
1731 4312 8
1950 3113 8
439 2888 8
1033 2127 8
2291 7138 8
5060 9670 8
902 3995 8
8160 8485 8
714 2484 8
4097 8478 8
2759 8142 8
4794 8010 8
2089 8598 8
6778 7581 8
4224 7765 8
1175 3124 8
1722 2083 8
874 9713 8
234 395 8
1964 7432 8
450 8358 8
1365 5742 8
1763 5936 8
192 4192 8
2213 5773 9
9176 9644 9
4355 5552 9
9074 9337 9
2870 6116 9
1065 2172 9
2220 7755 9
2417 6102 9
1186 5469 9
9134 9169 9
3087 8161 9
1069 2404 9
2047 4420 9
40 8023 9
1545 8761 9
5791 8831 9
6196 7303 9
7578 8831 9
1087 1119 9
2083 6396 9
7251 8541 9
5074 5672 9
3833 8874 9
1086 4048 9
1086 2217 9
501 3672 9
5712 8676 9
6133 9401 9
2184 9675 9
64 5443 9
1943 7999 9
325 673 9
557 5170 9
2785 9846 9
6246 9290 9
2791 3241 9
3690 9581 9
1945 9317 9
2162 8805 9
1946 2614 9
8890 8937 9
1794 8699 9
7307 8661 9
4954 9776 9
1035 7256 9
3045 6561 9
2803 3631 9
986 9914 9
2904 3173 9
5602 8573 9
26 450 9
5200 7748 9
3696 8384 9
5089 5613 9
5816 8000 9
2182 6139 9
3049 7439 9
7706 9388 9
5514 9327 9
4488 5286 9
1553 9921 9
322 9344 9
477 6333 9
3693 7145 9
8741 9974 9
4961 6893 9
323 3393 9
1018 2595 9
3723 8451 9
1954 5348 9
2050 7399 9
7624 8614 9
1051 7281 9
1598 3818 9
1051 9539 9
4949 7441 9
5027 6942 9
384 5229 9
2209 3784 9
2209 8350 9
302 3227 9
4948 5272 9
1092 1682 9
3069 8684 9
370 2450 9
2833 9084 9
2113 4951 9
5795 7940 9
21 6986 9
1055 1365 9
540 1023 9
4540 6175 9
2804 7181 9
1805 2972 9
1951 7674 9
984 2974 9
5016 6403 9
1807 9042 9
3128 3337 9
2127 8794 9
5713 6634 9
5518 5519 9
1415 2151 9
2126 4695 9
7169 9013 9
4489 8322 9
1433 7906 9
5731 7399 9
597 5108 9
50 4152 9
6521 6660 9
213 320 9
3473 9570 9
1656 6028 9
1911 8210 9
120 3990 9
6076 9589 9
676 1034 9
4443 8880 9
4402 9467 9
410 7523 9
2293 5348 9
215 9669 9
2285 2721 9
903 5938 9
4435 6873 9
4412 8792 9
759 5626 9
848 5855 9
7921 8182 9
2576 6072 9
2576 5820 9
3007 6547 9
3854 6178 9
3907 7428 9
6414 8173 9
3585 5182 9
6630 7118 9
8243 8384 9
2271 5946 9
264 848 9
5957 9608 9
7472 9474 9
3891 7431 9
6374 7733 9
1659 2587 9
5910 6051 9
5552 9861 9
1658 9197 9
11 3950 9
668 2944 9
4762 5175 9
3581 3999 9
6870 8266 9
1675 8483 9
1385 6585 9
4755 5066 9
917 5175 9
1278 9763 9
8284 9416 9
4170 8886 9
3471 5166 9
716 1819 9
3911 7523 9
3500 4587 9
149 4566 9
3501 5069 9
137 6084 9
1174 6087 9
1153 4327 9
1175 9574 9
2338 7184 9
2514 8254 9
235 9188 9
1295 2040 9
2351 6249 9
1294 7538 9
229 9295 9
2522 3898 9
3335 8831 9
3524 7226 9
3328 7273 9
4837 7681 9
142 3401 9
2523 2709 9
1381 5307 9
4439 9863 9
2527 3734 9
5891 6401 9
5948 8343 9
7377 7395 9
5475 6726 9
248 325 9
1639 3922 9
3857 5337 9
401 913 9
4862 8450 9
4690 8066 9
695 7815 9
221 262 9
3548 8130 9
1987 7415 9
245 7986 9
5947 7678 9
2497 8598 9
2320 4617 9
1843 2194 9
5243 6588 9
3858 7731 9
2948 7331 9
444 1493 9
1242 5719 9
861 1636 9
436 2205 9
4796 4996 9
6346 8286 9
955 1704 9
6043 8157 9
2430 8166 9
3842 4185 9
4155 5795 9
1985 2468 9
1629 5156 9
422 452 9
4926 8031 9
6610 9785 9
185 6823 9
106 210 9
644 703 9
958 2963 9
2234 7456 9
3239 9322 9
794 6177 9
393 3403 9
1587 6085 9
620 8805 9
6585 7269 9
6603 9006 9
4392 8429 9
953 1125 9
3417 5701 9
1169 4424 9
282 2749 9
1879 2673 9
625 4365 9
1442 5076 9
2244 8160 9
5968 6703 9
189 460 9
5315 9523 9
3415 6812 9
4632 6541 9
3033 8213 9
4783 9019 9
1983 9873 9
3225 8026 9
6607 9011 9
1320 3129 9
3248 4495 9
4787 6223 9
185 2523 9
197 8989 9
5921 7891 9
266 9887 9
8602 9480 9
2926 7763 9
1 771 9
4905 7865 9
934 3297 9
108 8524 9
620 2675 9
2435 9393 9
646 1247 9
5430 9219 9
4652 7844 9
4652 8686 9
4247 6137 9
619 3107 9
6722 9620 10
3489 6630 10
5153 9496 10
5254 9833 10
7165 9593 10
1391 4891 10
1043 6785 10
361 2256 10
2420 7105 10
729 9666 10
1496 7292 10
1346 5907 10
3793 5742 10
1982 3876 10
331 788 10
1606 6246 10
6495 9095 10
806 1174 10
6598 9541 10
186 3907 10
5255 6000 10
1877 4140 10
6721 8525 10
5576 7854 10
52 124 10
4722 5369 10
1651 6094 10
1198 1694 10
3514 8680 10
55 346 10
3782 6525 10
0 23 10
2347 3253 10
4425 5168 10
4500 4572 10
6731 7735 10
6154 8317 10
5588 8770 10
2421 9442 10
2520 5191 10
1036 1896 10
5149 7564 10
418 2730 10
4190 7630 10
6468 6579 10
860 8522 10
3350 7524 10
5150 9924 10
2520 9272 10
2129 6636 10
6229 7298 10
5008 9035 10
861 4911 10
9203 9864 10
336 6920 10
5458 6787 10
1685 7299 10
1963 7077 10
3748 9069 10
6663 7498 10
833 8537 10
3890 9616 10
3775 8412 10
776 818 10
8231 9685 10
2111 6924 10
1576 7169 10
2969 6045 10
8231 8881 10
6189 6586 10
5523 6683 10
2333 9184 10
3441 4279 10
46 7086 10
2377 4243 10
9050 9634 10
823 4165 10
823 1082 10
525 7124 10
6037 7611 10
6628 9715 10
1603 4545 10
828 4660 10
3095 3797 10
829 1613 10
5583 7245 10
830 1468 10
830 3184 10
173 679 10
3003 6116 10
352 3156 10
831 7296 10
781 805 10
2074 6241 10
6550 7318 10
4359 8468 10
1675 1797 10
3100 5964 10
1489 5241 10
2123 3862 10
530 585 10
755 8032 10
3365 3488 10
2867 9343 10
6041 9749 10
3484 9836 10
157 437 10
42 528 10
9203 9295 10
5348 8647 10
3429 9128 10
1048 1150 10
1158 2276 10
1761 3092 10
156 9932 10
8035 9984 10
1196 8528 10
3416 8650 10
8314 8706 10
161 901 10
5468 6958 10
177 1256 10
416 7811 10
6676 8116 10
797 3185 10
762 9542 10
8291 8876 10
3067 4623 10
6680 9994 10
4 6151 10
1780 5577 10
9195 9475 10
5898 6617 10
759 9061 10
2406 8047 10
759 5492 10
5936 7308 10
800 3522 10
16 138 10
7884 8039 10
115 654 10
262 1785 10
3588 7198 10
114 399 10
2276 5658 10
79 235 10
2276 4166 10
4239 4647 10
6895 9053 10
5609 8652 10
928 9310 10
668 1908 10
3599 4699 10
930 6877 10
652 7197 10
2194 2477 10
1633 6900 10
5218 9249 10
6369 7104 10
2910 8722 10
985 3930 10
457 7398 10
23 4705 10
4243 4250 10
2056 6828 10
6405 7264 10
910 3675 10
3572 7525 10
4227 8481 10
2059 9138 10
4229 5125 10
7900 8468 10
13 7436 10
3696 3738 10
25 241 10
4477 7493 10
2748 3811 10
648 7007 10
580 994 10
4284 7679 10
1177 3515 10
3576 7555 10
3048 3963 10
7073 8711 10
1833 9094 10
8499 9962 10
2602 4251 10
2934 9885 10
3584 5272 10
2184 4995 10
2680 6875 10
100 3534 10
628 3276 10
2712 7311 10
5428 6450 10
297 3231 10
4623 5351 10
7764 9256 10
471 4658 10
5422 9489 10
1121 6945 10
295 4839 10
470 8135 10
601 3323 10
470 7849 10
288 581 10
5831 8716 10
1923 7154 10
7009 7473 10
4613 4728 10
614 3420 10
610 3073 10
6325 9067 10
2702 5704 10
293 7349 10
20 312 10
392 6355 10
6920 9502 10
7048 9982 10
4906 5178 10
2206 7173 10
5420 5629 10
473 3825 10
940 4028 10
1226 4021 10
1226 1332 10
2642 4139 10
85 557 10
640 2239 10
8387 8684 10
3926 6945 10
5625 8108 10
4947 9817 10
300 5280 10
1126 5377 10
6345 6697 10
18 127 10
278 3610 10
2245 7390 10
1317 5941 10
1125 8011 10
699 7386 10
1297 6106 10
3055 4474 10
3947 5270 10
2071 2510 10
2553 8845 10
4986 8950 10
701 6433 10
1974 8726 10
236 1361 10
1501 5886 10
887 8660 10
4857 9480 10
8436 8494 10
4858 9226 10
6266 9070 10
2944 3438 10
6423 8478 10
3868 6848 10
717 8429 10
3731 8724 10
1730 1973 10
3992 7097 10
237 1349 10
4441 7039 10
376 500 10
5137 8903 10
4556 4897 10
2331 8305 10
6249 9415 10
236 446 10
1730 8304 10
8624 9970 10
2542 6167 10
2545 9222 10
883 1982 10
2012 7559 10
4441 8045 10
6798 7887 10
2328 5765 10
1002 5096 10
6456 7712 10
5563 8804 10
68 5885 10
5367 9876 10
6457 6710 10
2892 5834 10
317 4215 10
2759 3281 10
4972 6198 10
3162 7228 10
6823 9821 10
1688 2997 10
8 1607 10
3950 8238 10
2757 8117 10
572 5273 10
3700 9267 10
1839 6798 10
72 3597 10
4579 6894 10
573 665 10
2293 2319 10
3285 3437 10
249 375 10
2772 4671 10
4295 9455 10
1008 5659 10
1008 4386 10
8442 8958 10
320 1088 10
2531 7430 10
1639 2092 10
3948 7533 10
319 3726 10
2342 2964 10
2017 6141 10
70 1597 10
2795 3190 10
2893 8973 10
1559 6599 11
3870 9205 11
7293 9013 11
420 9908 11
1122 6591 11
2991 7511 11
1115 4751 11
418 7898 11
2046 9359 11
5081 5866 11
489 4599 11
2010 7523 11
4366 6827 11
3948 5953 11
3869 7014 11
3888 4644 11
1375 8752 11
1773 7927 11
434 1396 11
415 5610 11
1107 9059 11
1571 7274 11
2940 9399 11
1377 7040 11
7393 7396 11
2056 4960 11
6077 7812 11
1101 4636 11
5367 9482 11
9256 9679 11
4 316 11
3022 7167 11
480 2215 11
3884 4434 11
7479 7982 11
1373 3855 11
1980 4366 11
2034 2683 11
7534 7921 11
5081 6868 11
1403 8186 11
1147 1283 11
1129 8846 11
7272 9172 11
1087 2193 11
1183 9979 11
2995 8440 11
4357 4456 11
6067 7044 11
1402 3825 11
5770 6730 11
4427 4454 11
1776 6573 11
3576 8264 11
5235 5581 11
906 9074 11
5949 7856 11
2584 8953 11
6837 8534 11
253 1250 11
2291 2907 11
916 3677 11
4064 9494 11
670 3914 11
4058 7361 11
8504 9186 11
7875 7999 11
3593 9803 11
6886 9771 11
6897 8280 11
1829 8792 11
2562 9780 11
6796 9892 11
4699 5912 11
2555 3769 11
885 9373 11
1644 9304 11
243 3150 11
4083 7514 11
132 904 11
2271 3558 11
5291 7356 11
8450 9251 11
3298 6904 11
2303 5750 11
900 6662 11
3295 5154 11
690 5572 11
1708 7055 11
6953 9616 11
2665 9924 11
3629 8936 11
1921 5113 11
625 4154 11
5212 6536 11
3631 4427 11
2695 5511 11
7807 8299 11
611 1679 11
610 3869 11
4938 7231 11
3659 7344 11
970 9292 11
296 4459 11
7024 8259 11
1631 9145 11
5704 5739 11
3606 7156 11
7845 8594 11
3245 5426 11
1916 3462 11
269 3055 11
2632 5271 11
1512 5493 11
3312 3609 11
2639 9329 11
6936 7703 11
6350 6730 11
6349 7560 11
1225 2184 11
636 3980 11
1223 8464 11
4132 8061 11
6625 8521 11
6564 8521 11
3445 6126 11
1274 8486 11
8126 8143 11
168 8733 11
2388 4782 11
2454 3759 11
2402 4568 11
4807 5700 11
3387 3555 11
3386 9607 11
6645 6937 11
4129 4248 11
3381 8968 11
1658 3528 11
1657 6237 11
801 4228 11
1480 4759 11
1268 1774 11
2422 7283 11
2423 5148 11
2411 9468 11
8200 9204 11
3415 4414 11
818 3108 11
8288 8384 11
3430 6820 11
8160 9498 11
3434 5421 11
797 9889 11
797 8832 11
8210 9787 11
5672 8089 11
142 2416 11
737 6621 11
4111 6673 11
4196 7121 11
1463 1544 11
2520 4474 11
2521 8375 11
3521 7163 11
2342 7255 11
4833 9569 11
7975 8203 11
1848 8645 11
2535 4569 11
3533 4457 11
3317 9554 11
237 3853 11
4701 6427 11
6500 9320 11
1890 4803 11
5678 9975 11
3372 6720 11
1656 2993 11
758 8475 11
8071 8108 11
6512 8174 11
220 383 11
2249 4828 11
2491 9430 11
854 7139 11
1856 7966 11
3489 4071 11
5475 7923 11
8028 8388 11
153 583 11
7084 9537 11
2125 6190 11
51 3999 11
7678 8558 11
1005 4427 11
4529 8305 11
2123 2883 11
1196 6771 11
4291 6833 11
529 5323 11
1542 5214 11
8768 9206 11
1938 2079 11
7698 8998 11
1197 1885 11
2749 5249 11
577 3187 11
5332 7207 11
994 5792 11
993 7903 11
2833 3379 11
993 5917 11
312 3151 11
3105 9930 11
2744 3300 11
310 5616 11
2191 4074 11
5354 6708 11
1022 8735 11
1731 3344 11
58 6645 11
8888 9849 11
5003 7692 11
1346 6452 11
1027 2692 11
2152 4972 11
6227 8935 11
1944 7613 11
5193 7286 11
7654 8032 11
2137 2779 11
6219 7296 11
346 3975 11
4947 6617 11
4996 8111 11
1733 9970 11
8979 9787 11
7663 9065 11
1536 6231 11
3729 9277 11
5335 9230 11
8802 9374 11
8801 8833 11
7107 8965 11
5187 8877 11
1195 2768 11
3774 6626 11
2851 6282 11
3184 4586 11
1956 8692 11
1932 6709 11
5058 6077 11
7242 7564 11
3677 8476 11
5791 8371 11
5583 6532 11
4331 8688 11
307 873 11
7053 9574 11
1194 2082 11
5048 5345 11
4501 7006 11
301 4905 11
6306 6939 11
6195 6708 11
1194 8002 11
587 1961 11
2352 2786 12
5881 9179 12
7413 8266 12
4786 6894 12
738 6590 12
6726 7225 12
868 8167 12
1779 3009 12
2857 5029 12
2414 8539 12
3900 4501 12
510 2267 12
6156 9808 12
2354 6394 12
1998 4228 12
1881 9177 12
1088 3064 12
4722 7204 12
2519 6025 12
1958 6890 12
5063 6699 12
5927 9503 12
506 5441 12
5883 9229 12
4834 9893 12
6015 7422 12
2085 2636 12
4719 5205 12
544 9397 12
2459 4789 12
1890 8792 12
845 7692 12
2474 9013 12
762 7573 12
5266 7490 12
494 7461 12
2068 2411 12
5187 8113 12
1783 9713 12
6686 8248 12
1782 7869 12
1257 3780 12
2473 3446 12
1889 3156 12
2462 4944 12
6546 7092 12
493 871 12
521 2172 12
4810 9533 12
4738 7738 12
2404 7623 12
5260 5503 12
7168 9445 12
535 4441 12
512 3789 12
6711 8839 12
433 1597 12
5057 6076 12
831 1132 12
496 6600 12
4825 8872 12
4819 8506 12
4742 5401 12
849 5163 12
6191 8989 12
2370 7241 12
1355 4813 12
1053 2831 12
7320 8527 12
1821 3651 12
4466 9306 12
1808 8414 12
1122 4795 12
4954 8050 12
1180 9585 12
2671 6758 12
5174 5946 12
2667 4192 12
7319 8521 12
1803 9634 12
2195 4682 12
2917 9247 12
2245 3607 12
1126 3742 12
950 2966 12
986 1789 12
1768 3502 12
2736 6645 12
6345 9008 12
1085 6315 12
988 2564 12
2651 3864 12
5329 5760 12
5779 9355 12
6320 8908 12
7028 7978 12
602 667 12
2717 5854 12
5101 9974 12
5776 9456 12
1815 3903 12
2912 6139 12
1216 7460 12
7014 9867 12
2914 8208 12
607 1993 12
2720 5805 12
4962 6519 12
2917 3396 12
2702 9282 12
1810 5835 12
594 6491 12
612 1564 12
613 4523 12
6332 7755 12
619 1091 12
1968 7074 12
2688 4358 12
4932 8881 12
1380 6824 12
2767 3559 12
1099 6502 12
2577 9466 12
2173 8038 12
2299 3227 12
6413 7518 12
1772 5560 12
561 3093 12
1142 9594 12
2786 3147 12
700 1425 12
5814 6241 12
480 9520 12
1023 1538 12
885 6001 12
2898 2915 12
1763 9213 12
4703 7694 12
2332 4090 12
1148 3273 12
5879 6841 12
5994 6117 12
1149 9604 12
2339 7705 12
2533 2981 12
668 3944 12
1918 3055 12
4902 8420 12
458 7562 12
7304 8804 12
2619 8354 12
2751 4209 12
6891 9876 12
927 1354 12
6876 8000 12
6872 7474 12
4575 5071 12
1766 7244 12
2149 2409 12
1913 2214 12
2176 6110 12
6385 6714 12
7089 9933 12
1102 3381 12
6390 8649 12
4675 7454 12
910 9337 12
1304 5623 12
5981 6373 12
1004 9625 12
185 3048 12
7669 8430 12
3205 8865 12
4383 6787 12
61 6708 12
1460 9936 12
408 3519 12
1558 3574 12
60 3065 12
3327 8132 12
9747 9793 12
22 6564 12
232 1706 12
315 8501 12
3330 9269 12
5519 6840 12
392 6009 12
1554 9295 12
32 133 12
5688 6619 12
9334 9687 12
160 6495 12
3141 5049 12
3005 9312 12
329 7191 12
1491 5037 12
3469 9748 12
1610 2715 12
4302 5240 12
3332 9967 12
4212 8193 12
241 3098 12
1535 3279 12
5686 8093 12
1440 1734 12
289 7617 12
239 7995 12
7666 8961 12
3754 7285 12
1473 7355 12
26 99 12
4168 8764 12
7 38 12
1676 6009 12
4397 6661 12
55 1965 12
3745 6466 12
306 7698 12
1538 9153 12
3813 6202 12
1432 8438 12
8052 9836 12
3344 8317 12
1681 4604 12
9010 9564 12
221 483 12
4191 8019 12
7710 8960 12
192 7680 12
5673 7974 12
3403 5252 12
3741 7938 12
57 2452 12
7776 8721 12
1537 5480 12
1541 8510 12
8287 8890 12
4280 7339 12
1719 5299 12
200 3230 12
3820 7388 12
8126 8939 12
3393 5257 12
1710 4235 12
7724 9601 12
256 2794 12
8548 9914 12
3612 5379 12
108 2823 12
109 8546 12
1546 2116 12
3879 6429 12
7616 8086 12
4324 8344 12
4346 6607 12
117 2202 12
1602 9247 12
4305 5686 12
5568 6609 12
4060 9631 12
8479 9098 12
346 9550 12
254 286 12
8574 9631 12
264 5829 12
9 6939 12
4373 4582 12
3660 8335 12
4038 7019 12
3056 5611 12
3632 6493 12
262 5549 12
1527 4237 12
3625 6885 12
3244 7590 12
5541 6912 12
5 1688 12
4350 6822 12
364 3040 12
4043 6711 12
383 603 12
5433 9242 12
1649 8916 12
5642 8246 12
5641 9922 12
3525 6039 12
3768 7528 12
3770 9844 12
73 1801 12
8360 9843 12
138 8445 12
342 7482 12
343 853 12
151 8343 12
3023 6959 12
1735 8071 12
4414 7359 12
17 3582 12
9335 9819 12
253 1140 12
4615 9328 13
5316 7882 13
3243 9061 13
38 1089 13
2677 3599 13
1830 4146 13
2086 4275 13
3199 4927 13
6982 9891 13
1094 4285 13
1811 3017 13
5843 9989 13
2753 5069 13
1312 7427 13
616 1990 13
4256 5786 13
7779 7830 13
636 1159 13
2653 8504 13
32 323 13
1823 4696 13
612 2777 13
1708 1767 13
4635 6489 13
37 167 13
4253 7319 13
33 3853 13
3231 8809 13
2643 6632 13
7775 8946 13
5428 7424 13
5323 5736 13
279 3113 13
2082 3644 13
529 2371 13
522 2100 13
1563 2884 13
2835 4982 13
2833 7421 13
346 7196 13
7199 7941 13
5351 5395 13
2830 6566 13
7217 7861 13
3111 6445 13
9366 9681 13
336 5058 13
1122 8915 13
4307 9386 13
333 4204 13
546 3913 13
5806 6645 13
3072 5910 13
7302 8548 13
4479 6013 13
5364 5506 13
375 902 13
2895 5916 13
7286 8534 13
7556 8487 13
4360 5887 13
3140 6873 13
499 8527 13
365 1188 13
362 9751 13
2859 6854 13
357 9283 13
1411 1540 13
7220 7896 13
1719 9052 13
23 894 13
46 789 13
575 1968 13
3822 8599 13
1337 6570 13
7077 8921 13
3821 6435 13
1427 2730 13
4574 5191 13
4585 4654 13
1554 8335 13
2062 9503 13
9241 9336 13
590 8078 13
3942 7585 13
29 632 13
3806 6828 13
4298 9368 13
2796 5732 13
2044 4086 13
5406 7002 13
4555 5910 13
2785 5812 13
3146 4730 13
2782 7029 13
6113 8242 13
2069 6638 13
322 5948 13
4564 6662 13
5101 8128 13
321 6097 13
5527 9026 13
22 252 13
1726 5151 13
865 7451 13
162 4826 13
162 224 13
160 1236 13
3717 3968 13
851 4977 13
3485 7377 13
1532 2391 13
2174 6260 13
2350 6217 13
6537 6668 13
6465 8098 13
2340 2552 13
2339 8402 13
998 1902 13
138 715 13
3537 7587 13
5479 7760 13
891 938 13
1663 6623 13
1878 6457 13
61 2591 13
5460 9069 13
5462 9381 13
1879 3585 13
1023 1518 13
178 1805 13
820 6764 13
3436 5926 13
4075 9124 13
2404 2664 13
4140 9103 13
172 9604 13
5470 6853 13
1885 2924 13
1488 8740 13
3453 7495 13
1489 7529 13
1215 1272 13
1630 7704 13
104 396 13
2255 7129 13
3621 9176 13
1919 5373 13
2254 4575 13
2210 5438 13
5624 6334 13
4947 8298 13
2262 9733 13
2239 2539 13
8597 9225 13
6331 7249 13
1623 5833 13
4936 8771 13
2218 9774 13
1522 9108 13
1217 8831 13
1913 8703 13
991 2498 13
1237 1421 13
126 158 13
1636 8676 13
3562 8181 13
2295 7602 13
2294 8895 13
2287 3820 13
6289 9149 13
1876 9957 13
6299 6334 13
113 823 13
1511 7589 13
5958 8898 13
1914 5546 13
110 6568 13
2266 5455 13
6367 8864 13
7958 8984 13
5870 7112 13
5042 8802 13
4690 7018 13
700 1341 13
3658 6035 13
6798 7723 13
1954 5738 13
3760 6221 13
4705 7859 13
6820 9129 13
1954 3321 13
234 9140 13
232 2600 13
2526 6268 13
48 9650 13
2524 6342 13
3337 8814 13
732 3843 13
3272 5058 13
2087 8589 13
6879 9278 13
2092 8860 13
3776 5639 13
6873 7964 13
3260 4085 13
3261 8306 13
40 1030 13
4232 6887 13
6738 7302 13
6008 9162 13
3775 4093 13
7908 8499 13
1698 3169 13
1304 8812 13
3283 9603 13
252 2117 13
2105 6114 13
4154 6732 13
2442 5808 13
5456 9135 13
2441 2531 13
57 342 13
6234 8321 13
789 6158 13
3402 4156 13
3986 9828 13
800 8757 13
2449 7407 13
3412 9345 13
2148 9446 13
803 1356 13
58 4308 13
8177 8753 13
8183 9557 13
3988 7208 13
4787 9223 13
5898 9875 13
2513 7627 13
3339 8413 13
225 3825 13
743 4087 13
6708 8950 13
2486 4664 13
1860 5226 13
3751 4613 13
4746 8711 13
4659 6062 13
55 6248 13
6668 6673 13
2470 9307 13
5013 5590 13
4168 9857 13
2458 8188 13
56 5696 13
1950 3119 13
3042 5548 13
2977 4677 13
1753 2697 13
4452 9118 13
406 520 13
3034 4526 13
1166 6290 13
2922 4505 13
1 303 13
385 4939 13
401 2111 13
1176 1229 13
5366 7646 13
6 175 13
455 9858 13
3895 7656 13
5152 5201 13
7352 7822 13
2982 5473 13
1768 1776 13
3021 5636 13
1750 8608 13
456 6570 14
7837 8700 14
37 6647 14
4649 6031 14
6923 9200 14
5626 7168 14
270 6091 14
646 5281 14
633 7596 14
4633 6919 14
5072 7101 14
285 1260 14
86 2178 14
284 3548 14
3793 6516 14
2251 3165 14
2666 3292 14
2664 5816 14
644 736 14
2660 5448 14
4635 5294 14
1831 2706 14
5846 6435 14
277 642 14
7821 7931 14
1315 6849 14
2642 6766 14
4683 8723 14
3286 3953 14
43 4050 14
3022 6044 14
2578 9650 14
1061 2235 14
6822 8950 14
688 5983 14
2107 7239 14
1064 1489 14
3614 7976 14
2573 9475 14
5693 8120 14
247 6187 14
2569 2682 14
7349 9457 14
3299 7085 14
3303 8688 14
2602 5265 14
3964 9358 14
653 1637 14
4656 7231 14
1089 7763 14
264 3141 14
660 8607 14
6890 9123 14
4455 4465 14
4652 9315 14
2598 4158 14
673 5545 14
6847 8122 14
2590 3375 14
398 7817 14
104 4967 14
5963 7725 14
2049 7612 14
1417 7531 14
1747 2212 14
7504 8639 14
1118 8542 14
5339 7877 14
2047 5660 14
6116 9052 14
564 7895 14
329 2264 14
4569 7987 14
571 6893 14
3163 8608 14
9277 9392 14
4576 7970 14
7698 9092 14
3938 7138 14
2056 3484 14
1351 8328 14
1399 4232 14
473 9955 14
8619 9310 14
5777 9259 14
9 116 14
344 3028 14
342 8423 14
1786 9865 14
577 5099 14
3115 4837 14
4535 6179 14
4313 7488 14
5109 6221 14
1794 3608 14
3138 4545 14
332 3396 14
2797 7806 14
2923 3387 14
3190 3667 14
3193 4188 14
601 3105 14
2714 3656 14
4268 7653 14
3195 9038 14
603 6178 14
7016 8530 14
600 1317 14
4606 9587 14
7002 7902 14
1091 2190 14
6994 7823 14
5353 9573 14
1439 1596 14
619 2936 14
3668 4148 14
4944 6812 14
313 535 14
579 6213 14
2061 4327 14
955 8892 14
4464 8151 14
2062 2086 14
1578 6464 14
588 785 14
5215 5539 14
2730 4453 14
464 876 14
592 5126 14
5714 7958 14
2984 5494 14
595 626 14
6342 7331 14
598 2700 14
157 2382 14
841 7252 14
5194 5282 14
3475 9728 14
2374 4747 14
3478 9319 14
4819 5344 14
4980 6254 14
158 3788 14
1390 7325 14
8706 8896 14
855 1984 14
3489 6084 14
859 1555 14
80 4025 14
1893 8586 14
4007 8682 14
1248 1965 14
146 2689 14
824 5451 14
5373 7443 14
2408 5034 14
918 9590 14
5516 7643 14
821 3586 14
3731 8396 14
3580 9556 14
63 509 14
6466 9819 14
4139 8432 14
1204 3254 14
7378 7802 14
5193 9786 14
1490 4768 14
2383 3925 14
2168 5359 14
5934 8515 14
3557 6673 14
5230 6858 14
2181 8634 14
6278 9919 14
1642 8355 14
1903 5779 14
2184 5374 14
8440 9747 14
3557 4715 14
136 7343 14
897 5312 14
3559 9819 14
5632 8263 14
126 4962 14
2189 6315 14
2296 3733 14
2973 6343 14
3569 5440 14
6275 8763 14
1002 4705 14
3519 6718 14
2344 5106 14
2342 7761 14
142 6593 14
870 5292 14
2340 4646 14
3703 3980 14
2279 8049 14
2338 6600 14
2337 7492 14
998 9625 14
5638 7178 14
2334 9210 14
4428 5645 14
137 8498 14
1209 1470 14
5278 6479 14
1049 1394 14
3678 7441 14
2508 6490 14
2266 2796 14
739 4731 14
8022 9225 14
2504 3804 14
743 1191 14
4732 7473 14
1571 8878 14
745 1896 14
746 5641 14
2126 9109 14
1467 1766 14
756 761 14
8063 9173 14
3367 8078 14
760 8664 14
236 527 14
1765 8689 14
2555 7876 14
6802 7785 14
3312 5197 14
3761 8305 14
4703 5717 14
712 1437 14
712 5529 14
2480 3459 14
3322 7016 14
2532 8852 14
107 8704 14
2118 8555 14
5586 6932 14
725 5921 14
728 5115 14
6749 7321 14
1027 5536 14
4160 5145 14
3405 4102 14
4780 8298 14
1576 4592 14
2428 9957 14
1986 8345 14
805 3749 14
4887 8063 14
198 246 14
3423 3439 14
2418 5488 14
60 1697 14
2416 5959 14
2278 9276 14
6044 7527 14
182 5084 14
2960 6639 14
2453 9066 14
3749 3918 14
112 1401 14
6226 8012 14
8097 9573 14
772 910 14
4052 6631 14
5011 9141 14
780 6532 14
2558 2652 14
782 3435 14
782 9506 14
3682 9210 14
5264 8139 14
784 2511 14
4769 5447 14
2439 3789 14
790 4852 14
374 5312 14
2886 6028 14
3656 5982 14
2024 2608 14
5745 8982 14
493 1472 14
2901 4353 14
2900 9521 14
508 635 14
4484 7123 14
7586 9773 14
1138 8249 14
3077 3138 14
4031 5404 14
523 1429 14
7536 9080 14
4519 8468 14
520 8256 14
2866 9125 14
1145 6005 14
504 2884 14
4325 8066 14
3100 7733 14
5749 7903 14
2894 4627 14
6320 8042 14
4500 7980 14
2851 3142 14
4372 7740 14
1368 8786 14
7273 7746 14
368 3458 14
368 1209 14
3847 4313 14
3168 5792 15
2520 8983 15
3336 4992 15
789 3273 15
3338 5436 15
2002 4921 15
108 3680 15
2121 9324 15
227 5705 15
437 4672 15
3648 7914 15
229 5350 15
5997 6595 15
1867 3987 15
227 490 15
3167 3266 15
4442 4663 15
6646 7721 15
5998 9568 15
5398 8176 15
8108 9066 15
735 7221 15
581 7977 15
6115 8755 15
4208 6816 15
3406 5748 15
938 1053 15
84 6441 15
2116 4227 15
2263 9146 15
7569 8022 15
719 4420 15
2264 5508 15
225 1848 15
233 914 15
1461 1893 15
4926 8896 15
447 7062 15
1293 5554 15
197 6666 15
2059 8728 15
1140 9719 15
4199 6571 15
2437 3869 15
2774 3280 15
220 3189 15
6025 7057 15
3870 5731 15
2488 5553 15
5389 9340 15
2948 7745 15
3365 4262 15
4741 9882 15
7685 9684 15
4746 9841 15
751 1610 15
4467 9440 15
760 4039 15
1041 2090 15
2461 9402 15
5274 7184 15
2474 7590 15
7356 7994 15
404 9271 15
1341 9061 15
1038 3108 15
3020 3778 15
1969 9673 15
387 1832 15
7261 7267 15
5164 6041 15
2506 3254 15
9009 9874 15
774 4788 15
110 393 15
565 5788 15
6206 7352 15
1278 7449 15
51 9607 15
567 8394 15
4578 6831 15
315 3038 15
982 3222 15
2548 7050 15
2775 7971 15
6206 8314 15
8034 9149 15
443 3441 15
1548 7852 15
279 2842 15
9167 9419 15
4638 5391 15
2929 3399 15
4643 5346 15
7234 8914 15
2227 3926 15
1447 3084 15
647 9331 15
9160 9363 15
1447 3273 15
266 9010 15
3788 9311 15
6174 8081 15
3804 5641 15
1553 2885 15
299 8799 15
456 1240 15
3189 6281 15
6902 8373 15
7869 9134 15
6350 7765 15
4659 8270 15
6302 9299 15
1707 7134 15
292 1786 15
4611 5864 15
4263 9208 15
1090 2134 15
4612 7189 15
2692 6162 15
4922 6240 15
1819 6163 15
2075 3229 15
288 3347 15
1517 6280 15
1088 7379 15
5421 9177 15
287 1593 15
6134 9088 15
4618 6103 15
5842 6329 15
948 4348 15
624 7095 15
7013 9568 15
4334 5125 15
1410 1587 15
2708 7947 15
4632 8935 15
1055 9456 15
44 6168 15
696 4906 15
3301 9319 15
3302 5572 15
1842 8610 15
4046 7248 15
702 3678 15
702 6075 15
702 7502 15
6007 6747 15
1632 2602 15
2111 2462 15
7726 9469 15
1104 9190 15
1430 8105 15
4034 7008 15
391 1395 15
401 1180 15
4 274 15
1105 1490 15
5399 6039 15
309 3328 15
3080 6706 15
2019 6234 15
2240 7279 15
3252 4082 15
3252 7655 15
3253 6508 15
7475 9590 15
3271 5642 15
3186 3201 15
7471 9218 15
1698 3550 15
942 1782 15
4595 5078 15
4924 6591 15
1836 5312 15
107 5470 15
594 1056 15
5520 6169 15
2583 4336 15
679 8090 15
1838 3766 15
2865 8582 15
2065 2292 15
1139 9585 15
3613 6783 15
2569 4316 15
2567 3456 15
165 2123 15
2385 2913 15
1120 6321 15
3055 6203 15
3841 8473 15
3113 9785 15
2334 3925 15
2383 7171 15
3141 5212 15
2334 5247 15
6549 7843 15
2381 4115 15
3056 4440 15
536 566 15
7428 8341 15
4982 6136 15
4365 5204 15
3062 8681 15
4017 4892 15
4097 5584 15
5929 6707 15
1167 4181 15
5604 9433 15
7123 7674 15
6399 9109 15
2046 4253 15
1588 4110 15
1644 6055 15
4090 8389 15
8753 8987 15
3062 6650 15
2397 3774 15
2282 2539 15
4801 6603 15
2792 2959 15
1242 3789 15
4092 4905 15
7198 8752 15
8263 9091 15
4474 7271 15
1492 7812 15
868 9830 15
4104 6112 15
1654 3558 15
3134 8089 15
6312 9919 15
1610 9664 15
8661 9603 15
4833 6444 15
2285 4853 15
4112 9700 15
4485 9876 15
4112 6776 15
969 4135 15
150 244 15
1895 2763 15
1167 3294 15
2347 2722 15
4818 5398 15
843 1328 15
3475 7868 15
2375 2800 15
2177 5688 15
3699 9789 15
3138 5871 15
873 1767 15
3004 5947 15
1587 3461 15
1269 8270 15
6512 8733 15
485 1295 15
4821 6731 15
1245 4513 15
6027 8825 15
1011 1865 15
545 3283 15
119 644 15
379 2498 15
1926 3425 15
6403 8314 15
2308 3725 15
807 7894 15
1264 4132 15
4998 6310 15
3421 7464 15
3425 6497 15
4873 7957 15
8192 9302 15
1235 6236 15
2306 9409 15
811 7920 15
1144 7685 15
494 3245 15
7560 8583 15
3409 6190 15
4147 5141 15
4056 8770 15
8479 9970 15
1505 5483 15
1268 9858 15
6287 8902 15
7516 8268 15
6247 7139 15
4782 6539 15
2786 6497 15
4020 9651 15
5610 9750 15
5005 6368 15
891 1074 15
185 845 15
4932 9349 15
132 7028 15
7187 7925 15
8439 9871 15
4493 9685 15
2303 9056 16
8625 9168 16
2865 3660 16
8454 8931 16
2010 4149 16
671 8338 16
2302 9268 16
3210 7655 16
2598 5224 16
5476 8242 16
1897 3233 16
4401 8634 16
2972 6935 16
5942 8259 16
1211 1547 16
1938 4475 16
637 1148 16
422 6691 16
2105 5048 16
2105 3614 16
5492 6515 16
1995 5619 16
7919 9867 16
292 1189 16
4837 7019 16
6829 8333 16
4063 5497 16
3287 9389 16
2586 5196 16
3771 7093 16
145 8866 16
4 2325 16
3519 4364 16
1910 8233 16
5863 7500 16
5073 7859 16
2291 8740 16
514 9394 16
2585 7904 16
5126 5561 16
648 655 16
7799 7997 16
627 8722 16
628 6301 16
629 8680 16
883 3608 16
2022 7002 16
885 3256 16
1240 8292 16
1781 7241 16
1242 3698 16
630 2977 16
135 1202 16
1086 1479 16
1319 1586 16
5401 6423 16
6166 8199 16
2634 3781 16
891 962 16
37 103 16
911 4116 16
2638 2660 16
272 1477 16
7802 9608 16
2651 6611 16
3961 4626 16
876 5377 16
2098 6170 16
130 1081 16
375 1253 16
1450 4067 16
3261 4231 16
4667 8381 16
1904 3883 16
7296 9543 16
4239 7882 16
1072 4984 16
2611 3716 16
6179 7454 16
1905 2907 16
1754 6993 16
4261 5507 16
508 710 16
2336 5561 16
893 9103 16
4659 8763 16
879 1243 16
2932 3893 16
1641 6895 16
34 2645 16
2671 5235 16
8064 8429 16
492 3835 16
1607 6482 16
3601 5944 16
366 675 16
6701 9885 16
3430 8256 16
7567 8708 16
4407 4690 16
1741 6071 16
3982 4876 16
62 141 16
3600 3708 16
2411 4157 16
1469 2679 16
815 4043 16
1913 9057 16
2495 7065 16
499 7620 16
4137 4697 16
5630 8345 16
5020 7752 16
5469 7708 16
6720 8565 16
221 9404 16
746 3786 16
2201 4422 16
52 109 16
2126 7386 16
110 5207 16
748 7620 16
2492 6687 16
5747 6585 16
3438 7454 16
5009 8140 16
3686 3781 16
4764 5035 16
1393 1762 16
803 9545 16
3413 6094 16
1368 9040 16
6611 7265 16
6637 8748 16
6602 8799 16
201 893 16
1868 2251 16
3012 6477 16
89 110 16
923 1857 16
794 2344 16
1270 2383 16
2163 2674 16
3597 5908 16
5385 5675 16
1037 1268 16
186 2740 16
6601 8685 16
4360 6421 16
6644 8308 16
2420 9784 16
4167 5836 16
207 7116 16
6649 7175 16
8102 9328 16
208 8596 16
2471 2870 16
3373 9712 16
2368 8793 16
914 8376 16
8492 9771 16
5040 5365 16
9067 9804 16
3311 9391 16
4701 7172 16
4367 9931 16
5038 5580 16
705 8687 16
2540 9285 16
1942 6603 16
2115 9513 16
715 2574 16
1891 3852 16
1196 2031 16
7305 9385 16
9074 9852 16
690 3448 16
1454 4208 16
3707 5250 16
3500 4240 16
247 697 16
3499 4318 16
2561 6125 16
2560 4681 16
8293 8948 16
3917 7095 16
1248 9413 16
2354 5781 16
856 5247 16
46 278 16
3574 8995 16
4006 9483 16
167 222 16
6537 9418 16
1605 5079 16
5247 8911 16
1204 7217 16
2123 3229 16
3065 5745 16
445 5702 16
3339 4713 16
2519 9181 16
6205 7651 16
6730 7802 16
2265 5570 16
169 2161 16
2265 6129 16
7261 8010 16
1017 3173 16
2907 6846 16
9477 9825 16
2379 6047 16
5441 9541 16
2524 8446 16
841 3667 16
2527 7607 16
1176 8487 16
1013 1382 16
3717 9244 16
722 1260 16
1656 4673 16
1293 7781 16
3477 5914 16
1012 5809 16
3079 5289 16
3929 4892 16
2214 5014 16
2729 8033 16
966 1127 16
2816 6002 16
308 7259 16
1922 5362 16
963 2575 16
558 3194 16
576 1078 16
3636 8523 16
2840 4500 16
2713 9367 16
7705 9740 16
3186 4522 16
974 4151 16
533 797 16
7115 8774 16
557 685 16
2914 4741 16
4322 4823 16
1586 9165 16
3152 7458 16
3627 7842 16
7644 9492 16
1793 6512 16
4592 5932 16
2808 4584 16
1971 5501 16
7201 8100 16
310 6741 16
4541 6753 16
2742 6167 16
4523 7391 16
2706 5880 16
2025 8248 16
5341 5481 16
4936 5721 16
2778 5034 16
2845 5879 16
560 735 16
5723 9281 16
953 9856 16
581 3929 16
1221 6675 16
7022 8025 16
2043 7641 16
293 9111 16
381 3705 16
1341 5012 16
576 6280 16
7623 7750 16
7499 8717 16
2232 2844 16
318 9691 16
3112 3226 16
571 9920 16
2918 3779 16
1417 3500 16
94 4390 16
2214 3878 16
7042 8640 16
1353 4873 16
3848 8276 17
4928 7567 17
187 4293 17
1966 3365 17
63 182 17
5083 8394 17
6008 6310 17
1268 6538 17
7998 9778 17
8170 8241 17
2424 2927 17
3436 8462 17
3235 7267 17
800 7523 17
2625 8950 17
5784 8798 17
2397 3795 17
6212 7128 17
192 260 17
7477 8816 17
252 2590 17
5792 9162 17
4783 6844 17
3412 4117 17
7855 8951 17
4783 5892 17
5250 8000 17
801 1344 17
400 405 17
172 2499 17
270 3916 17
3737 5862 17
110 339 17
3423 4454 17
1686 3741 17
968 9500 17
5433 8924 17
811 6051 17
934 7480 17
2420 6454 17
6158 9710 17
8876 9055 17
3687 9514 17
87 9363 17
326 2081 17
1668 2758 17
5462 8436 17
816 2332 17
5743 9145 17
2234 5122 17
2103 7841 17
3418 4351 17
2196 2573 17
559 781 17
4435 8338 17
1686 2162 17
3433 8806 17
8211 8793 17
2083 7250 17
921 1512 17
325 885 17
8209 8246 17
3242 5243 17
5759 9221 17
6928 8466 17
4147 8265 17
4734 6600 17
2603 5737 17
572 2938 17
5370 9943 17
4420 6289 17
2134 5825 17
5860 9922 17
667 8264 17
3260 8144 17
7453 8978 17
1556 8336 17
770 8149 17
6682 7358 17
3259 6281 17
2095 6045 17
521 4521 17
315 3261 17
3259 3932 17
40 65 17
1975 5976 17
3776 7515 17
5615 8263 17
6646 9993 17
759 4550 17
5275 9269 17
2487 4381 17
1914 9351 17
755 5837 17
3773 3827 17
5154 5262 17
4928 7607 17
2491 8060 17
4230 5060 17
4671 6223 17
2609 2807 17
7686 8244 17
5275 9384 17
6712 8794 17
971 2125 17
1568 3862 17
8985 9292 17
596 3425 17
3829 4202 17
5898 6993 17
1547 7023 17
197 2782 17
7362 7884 17
3594 3703 17
600 2799 17
199 9936 17
2778 8653 17
1868 6757 17
2124 4700 17
790 1273 17
3742 4639 17
198 7658 17
5888 7754 17
6015 8270 17
7277 8453 17
1230 2455 17
6908 8973 17
8666 9613 17
8148 9566 17
1591 2316 17
4723 4824 17
3869 4336 17
737 2238 17
3778 8634 17
743 5067 17
6646 9661 17
3281 3874 17
4762 5502 17
42 1959 17
1621 7910 17
564 8283 17
1675 2894 17
1475 5038 17
676 7387 17
4053 4413 17
4299 9367 17
1275 2048 17
3395 9913 17
932 4817 17
3887 4174 17
7106 9710 17
2717 8055 17
2878 4992 17
1475 9111 17
7513 8109 17
2778 3783 17
5765 9907 17
3794 7365 17
625 3690 17
4461 7418 17
2187 3840 17
8589 8613 17
338 3083 17
3941 5458 17
5720 6180 17
2038 2902 17
867 6151 17
7958 8257 17
1709 6012 17
340 367 17
527 1649 17
3640 7027 17
481 1996 17
2742 3006 17
3214 5297 17
3119 5789 17
898 4302 17
3498 4930 17
5951 6002 17
1653 7535 17
2192 4482 17
282 5983 17
7423 8140 17
283 4388 17
283 6391 17
1007 1939 17
291 7029 17
1385 9863 17
1385 4858 17
626 5476 17
1612 8946 17
1123 1930 17
3096 9115 17
5569 8335 17
5424 7092 17
1005 3750 17
4867 7991 17
70 9086 17
1378 9201 17
701 8902 17
1333 6668 17
3210 4390 17
2288 2854 17
534 1109 17
3764 9558 17
3544 6154 17
3209 5434 17
1816 4172 17
890 3587 17
3762 7179 17
5606 8170 17
2304 9048 17
6990 8119 17
2289 6659 17
991 5366 17
1128 6574 17
130 9042 17
1598 5774 17
294 518 17
1243 3418 17
1706 9744 17
3881 8832 17
5320 5855 17
1351 3820 17
2681 4125 17
5318 8640 17
139 9659 17
4844 8662 17
2228 3390 17
5435 6896 17
9191 9477 17
8408 9300 17
3765 8052 17
954 9483 17
1815 9325 17
307 1183 17
308 5388 17
3893 4774 17
619 8493 17
329 3369 17
3668 9794 17
4131 6166 17
432 730 17
1156 5675 17
916 5389 17
3226 9916 17
4387 6436 17
6259 6918 17
1983 6375 17
108 660 17
4132 4318 17
3225 3732 17
2168 4032 17
7936 8738 17
3563 7937 17
6262 7074 17
4021 5046 17
1443 7445 17
2059 9812 17
3713 5963 17
7485 8739 17
171 338 17
5848 9357 17
5353 9777 17
3230 7523 17
2190 8934 17
2119 3951 17
5491 6199 17
5659 9528 17
1800 7235 17
2645 6691 17
906 2055 17
2163 2979 17
3785 6901 17
6027 8314 17
2647 6014 17
2231 4132 17
4254 7935 17
4639 6352 17
3567 7702 17
6149 7700 17
157 271 17
581 8097 17
426 2434 17
1400 4756 17
1443 2126 17
6506 9163 17
6957 8538 17
9433 9660 17
234 531 17
1105 8376 17
9237 9983 17
4215 7646 17
8312 9169 17
1059 2263 17
5167 9809 17
2264 3918 17
612 7148 17
4628 4874 17
6777 8017 17
153 4575 17
1150 5968 17
4389 7402 17
331 9465 17
547 5218 17
1746 2026 17
634 791 17
989 5985 17
333 2896 17
5618 7430 17
847 2103 17
2967 3284 17
1847 6985 17
2020 4912 17
5369 8936 17
3928 9162 17
7478 8858 17
3357 7249 18
4320 7779 18
2207 4258 18
2560 7988 18
1724 7441 18
221 391 18
1404 2236 18
1412 3598 18
1953 2328 18
724 9510 18
2534 5181 18
2919 9657 18
1572 4411 18
403 645 18
737 1028 18
1379 7787 18
1764 4636 18
8002 9601 18
3020 8462 18
1105 6797 18
2945 3202 18
2521 6615 18
7403 8842 18
389 1042 18
2945 8504 18
1148 5486 18
3606 7296 18
578 944 18
50 7823 18
239 767 18
1299 8050 18
361 8186 18
1298 8914 18
3310 5881 18
745 3435 18
1594 5767 18
1110 7102 18
1458 3632 18
5442 8645 18
3163 6902 18
742 2138 18
4187 8063 18
932 9795 18
107 5585 18
3757 8149 18
1184 5105 18
314 838 18
2751 3769 18
2362 8401 18
3482 8143 18
5937 6018 18
158 5620 18
3137 7458 18
8306 9197 18
1656 2451 18
852 1386 18
2363 4228 18
8800 9806 18
545 649 18
2038 4670 18
2038 4511 18
6037 9643 18
4114 9899 18
429 7607 18
3492 5211 18
3900 5649 18
1774 4906 18
5932 8535 18
2389 6400 18
4805 8792 18
2285 2543 18
2889 6795 18
5390 9697 18
5985 7804 18
2805 8504 18
4302 9784 18
5384 8552 18
1760 7345 18
7428 8030 18
3140 7650 18
3717 6389 18
1367 4799 18
1510 4755 18
2325 7415 18
121 613 18
5479 5537 18
6434 6443 18
2289 3811 18
6279 9706 18
3051 3984 18
3554 4375 18
5479 5487 18
6417 8949 18
6415 7448 18
4957 9489 18
2189 9521 18
1413 6334 18
3691 7272 18
1909 3993 18
2907 6817 18
3494 7111 18
540 3560 18
1895 5327 18
3510 6014 18
2286 7374 18
3514 7497 18
2346 6355 18
3703 5864 18
829 3508 18
1002 2286 18
1498 2176 18
6392 9902 18
6453 8273 18
2972 6020 18
965 4765 18
4094 8520 18
7275 7690 18
2464 9261 18
1473 5495 18
5776 7939 18
1675 3118 18
3388 7576 18
7360 8937 18
968 5191 18
5590 6055 18
3016 8061 18
5132 7128 18
6094 9542 18
1034 1149 18
3904 4715 18
406 2088 18
406 3191 18
6296 8919 18
1041 4848 18
498 5848 18
931 1674 18
83 2493 18
1678 6478 18
111 7958 18
3368 4008 18
2760 5902 18
3368 6988 18
6622 8197 18
569 7952 18
416 2145 18
1198 4476 18
3380 4172 18
7360 8235 18
209 2297 18
5367 6209 18
3733 9979 18
2419 7251 18
4789 8495 18
1266 8221 18
5925 7448 18
4996 8696 18
1881 2134 18
4301 7988 18
179 840 18
1383 5293 18
821 2601 18
6576 8771 18
1 1542 18
1485 1953 18
2402 5517 18
327 6476 18
64 8035 18
1681 6249 18
4151 6096 18
3987 9387 18
20 2859 18
4560 4880 18
6603 6714 18
1753 5194 18
324 1525 18
802 6799 18
1608 2375 18
2428 3439 18
1974 6568 18
192 3657 18
3833 9968 18
4782 8278 18
3154 6784 18
4942 6474 18
2260 4358 18
1321 7605 18
5522 6899 18
458 596 18
2684 5773 18
85 9875 18
2653 4358 18
621 4398 18
5851 9238 18
6849 9817 18
4228 6723 18
1317 1877 18
634 758 18
3186 3191 18
1065 6305 18
654 7837 18
1322 1630 18
1921 4605 18
5498 6485 18
1809 4145 18
5313 5809 18
6990 8829 18
3667 9147 18
3230 4411 18
4451 7459 18
1187 5736 18
351 1662 18
6917 9039 18
3777 7243 18
2627 8195 18
284 647 18
9202 9667 18
1806 7145 18
5062 5531 18
6915 9187 18
940 3641 18
3924 9948 18
7222 9003 18
3850 4912 18
295 2219 18
249 549 18
6974 7404 18
285 3757 18
5356 9355 18
7596 9548 18
1821 8100 18
1620 6742 18
686 3944 18
458 1969 18
1393 7277 18
600 8161 18
660 8306 18
3212 9125 18
6949 8267 18
102 2924 18
6154 6755 18
3085 8806 18
1446 2914 18
6996 9775 18
2981 6447 18
3237 9247 18
611 8548 18
694 9163 18
2732 4361 18
4686 7728 18
6998 7284 18
2211 7915 18
2110 3112 18
7409 9794 18
5166 6327 18
6136 6589 18
2109 9421 18
1833 4180 18
667 1781 18
5739 8950 18
850 9796 19
1573 7030 19
1356 2159 19
8518 9183 19
2662 3858 19
2766 2847 19
367 1445 19
777 9466 19
4677 6379 19
1177 8218 19
1967 8388 19
3653 3689 19
6225 6240 19
3809 5086 19
3900 7869 19
1769 7381 19
4820 6021 19
8099 9619 19
4050 7696 19
3236 3687 19
158 6027 19
158 6563 19
1339 6822 19
1084 4741 19
7141 7905 19
1262 2550 19
3075 9637 19
159 9925 19
2630 7630 19
1442 5833 19
4356 4499 19
334 6270 19
189 589 19
4828 5743 19
4142 7563 19
6307 8811 19
1145 1786 19
644 1629 19
69 659 19
2173 4178 19
6125 8573 19
1309 1441 19
4437 6389 19
1408 9630 19
4646 9260 19
8331 8471 19
7292 7620 19
6660 7809 19
1328 6752 19
2079 7283 19
3791 8398 19
5327 6003 19
2665 2988 19
6641 8276 19
3025 8451 19
1010 4270 19
854 4886 19
3349 8332 19
5680 6646 19
2027 9768 19
1304 1842 19
5850 7841 19
3628 7316 19
738 1423 19
738 798 19
4307 7119 19
5308 6459 19
2165 3643 19
2962 7992 19
1340 8386 19
4741 9239 19
3679 7905 19
1860 3920 19
3985 4720 19
3147 8146 19
571 6145 19
9117 9447 19
4510 4578 19
834 5975 19
1534 9042 19
6567 8275 19
1885 3455 19
2772 4911 19
961 6763 19
1704 3929 19
761 8644 19
1308 3662 19
4804 5353 19
1388 2553 19
6169 7644 19
918 989 19
1174 4228 19
810 3736 19
303 778 19
118 9976 19
760 1008 19
2283 6698 19
215 3115 19
1078 7572 19
172 8556 19
409 6076 19
1760 8070 19
557 6980 19
1130 7458 19
4912 5531 19
522 2091 19
1469 7792 19
2377 6631 19
5122 5684 19
3846 5309 19
4492 5854 19
3473 5585 19
476 9141 19
843 3475 19
3254 7193 19
2377 9879 19
6642 9652 19
1253 4940 19
3196 3407 19
1579 6784 19
4172 8005 19
4005 7941 19
2401 8571 19
3729 9876 19
2351 3011 19
1539 6485 19
1740 2214 19
9001 9397 19
5228 8714 19
2151 5102 19
2796 6099 19
6540 7404 19
206 2232 19
5142 9834 19
5116 9523 19
1986 5689 19
6710 8001 19
163 1647 19
5103 8876 19
5452 9905 19
2233 9565 19
1545 6797 19
2593 2751 19
1768 2776 19
2314 8201 19
6195 7543 19
609 5226 19
2047 3488 19
3208 7223 19
1784 4010 19
1170 2776 19
1459 6785 19
5457 6655 19
132 734 19
992 6979 19
5287 9827 19
423 3646 19
893 3848 19
7064 7722 19
4479 4508 19
5878 8141 19
894 8242 19
4239 8188 19
7190 8755 19
6420 8309 19
2226 6286 19
619 4857 19
1712 4346 19
4297 4509 19
4707 5723 19
6442 7600 19
1501 6579 19
7 5551 19
600 2146 19
1115 7718 19
2432 3830 19
1525 1948 19
1921 2354 19
7155 9092 19
7967 8350 19
513 5873 19
3871 6485 19
8754 9184 19
2142 7531 19
714 2738 19
5441 6523 19
4659 5861 19
1782 4658 19
9083 9354 19
1236 6827 19
2296 4716 19
4907 9258 19
1298 8390 19
3562 9696 19
3563 4171 19
3765 4222 19
4526 4559 19
6408 9862 19
2437 9440 19
3956 4530 19
1211 2495 19
2 7163 19
5165 6107 19
6236 6399 19
407 728 19
7726 8612 19
4028 6710 19
2437 5276 19
3156 9612 19
32 5880 19
708 1086 19
7393 7587 19
0 233 19
2739 6773 19
5138 8259 19
2112 4836 19
2070 9576 19
1845 3078 19
1055 7578 19
705 6540 19
4851 8774 19
3072 3900 19
7488 8587 19
4372 7936 19
426 7515 19
1412 8508 19
126 1096 19
9436 9876 19
3561 3837 19
1431 8107 19
8389 8424 19
338 5561 19
1791 1797 19
6350 7473 19
5612 6707 19
294 5264 19
6051 6305 19
8388 9701 19
1975 3725 19
1002 4553 19
538 1984 19
867 3074 19
3522 5091 19
90 905 19
7349 7882 19
58 193 19
9452 9539 19
142 1585 19
4225 5415 19
4101 6972 19
3970 4490 19
2349 3792 19
1586 3512 19
2670 3494 19
4653 7788 19
2580 2829 19
2987 8825 19
2807 7157 19
306 6942 19
2670 4352 19
227 461 19
1852 6779 19
4878 6390 19
6971 7069 19
2265 4303 19
3410 6369 19
1319 9336 19
4715 7017 19
3573 9608 19
1072 9731 19
250 1945 19
1985 4020 19
6609 7818 19
4919 7547 19
8395 9307 19
2705 6065 19
140 6490 19
1462 1733 19
2118 6405 19
1140 2454 19
720 824 19
5769 6071 19
4493 9925 19
4224 6605 19
5044 7720 19
5951 8330 19
976 2143 19
1757 8067 19
1221 1734 19
4709 9713 19
3587 4587 19
3188 3696 19
427 3258 19
2036 4213 19
8774 9337 19
3409 4640 19
2784 9917 20
7863 9427 20
5123 9638 20
1079 3554 20
1382 2805 20
1360 5461 20
8514 9166 20
1201 4726 20
920 2310 20
5117 9029 20
7476 8750 20
159 5755 20
5000 5571 20
3990 8407 20
3638 4474 20
3410 7655 20
2426 5537 20
3010 6689 20
9678 9871 20
9157 9639 20
1552 5145 20
5 544 20
2434 5498 20
4886 5270 20
4239 9270 20
1377 2545 20
3251 9570 20
5672 7027 20
6059 9595 20
2780 7107 20
810 5214 20
267 8706 20
6090 8367 20
560 1718 20
3740 8662 20
7854 8931 20
1700 8090 20
4472 9806 20
798 1293 20
1030 8663 20
1212 5133 20
648 2342 20
195 7946 20
434 5583 20
6616 7089 20
4656 6811 20
925 7316 20
6448 8359 20
873 1347 20
18 2583 20
1790 2934 20
1897 8741 20
4098 4975 20
6393 9012 20
5556 5703 20
1705 5543 20
2816 6372 20
4970 5655 20
4846 8087 20
5731 6034 20
880 6265 20
6135 8034 20
2180 3079 20
3508 7250 20
4538 9471 20
2970 3704 20
3710 8591 20
70 2299 20
472 8335 20
4381 4773 20
862 1079 20
626 3840 20
392 3868 20
2176 3370 20
2077 3739 20
8384 8846 20
4104 7533 20
3520 7307 20
870 2548 20
610 7567 20
6990 9669 20
615 1931 20
4379 8317 20
377 5140 20
6416 9098 20
3798 5868 20
7779 8647 20
125 4720 20
1240 4884 20
8469 9902 20
6406 8484 20
950 2542 20
1750 8371 20
2293 3449 20
123 3885 20
4608 6713 20
5395 5848 20
2692 5041 20
513 9065 20
1241 4107 20
617 1363 20
2034 4142 20
2319 6374 20
2073 6061 20
3543 5656 20
2819 9807 20
3841 8729 20
5609 9161 20
6027 9878 20
2326 9880 20
8410 9776 20
882 5290 20
2283 9657 20
2280 7729 20
2789 6187 20
7125 7597 20
6567 7285 20
2023 6503 20
3688 3891 20
3443 9661 20
7421 8412 20
4139 9618 20
2163 4039 20
5070 6394 20
4001 4698 20
1586 7409 20
432 1456 20
833 7440 20
6147 6478 20
5928 9768 20
1711 8415 20
1079 9072 20
818 4196 20
4250 5748 20
6580 9411 20
2888 3635 20
7286 7457 20
6156 7148 20
3098 6843 20
985 7399 20
4994 6049 20
273 2801 20
3065 7961 20
5565 7586 20
2195 6100 20
823 6256 20
2251 8768 20
3481 4403 20
2149 7420 20
1011 3353 20
1121 7857 20
1941 3744 20
6503 9434 20
545 2655 20
1492 7741 20
4414 6335 20
3575 5411 20
604 7808 20
7770 8228 20
4510 9566 20
2072 6369 20
628 5223 20
152 4466 20
181 426 20
68 341 20
2890 7135 20
6523 9602 20
4305 5602 20
67 3202 20
1398 2777 20
634 5419 20
7019 7173 20
1083 4835 20
2168 3994 20
3089 5611 20
7509 8438 20
2652 7862 20
837 7442 20
1700 1815 20
1721 6679 20
1277 4690 20
1846 7753 20
3886 6519 20
1227 7427 20
5096 7478 20
56 1957 20
742 6386 20
4167 4574 20
5611 6989 20
6131 8929 20
8025 8169 20
776 3528 20
2027 5236 20
3181 9048 20
7925 8421 20
321 8535 20
5721 9397 20
7106 7823 20
5279 7021 20
2524 8400 20
1195 6045 20
1292 3341 20
1556 4031 20
7925 9376 20
1419 8946 20
5694 8312 20
3159 8122 20
6341 8350 20
3174 7175 20
1302 6596 20
22 5092 20
4203 8719 20
4583 9707 20
1454 3377 20
6093 7761 20
1630 4718 20
1460 3616 20
4708 5710 20
6197 8043 20
4712 5407 20
496 8894 20
4337 8770 20
2271 8156 20
957 4160 20
6205 7937 20
224 5349 20
4897 9161 20
259 357 20
6352 9128 20
2116 3501 20
9132 9169 20
3319 5768 20
3613 3845 20
1172 2126 20
4193 7848 20
1457 3604 20
6632 9115 20
967 9510 20
6713 9642 20
3357 5182 20
4455 4871 20
5419 8218 20
5828 6537 20
57 211 20
784 9865 20
2446 4786 20
1073 1303 20
2446 8572 20
2777 8643 20
7350 9739 20
1332 6473 20
8916 9278 20
1851 7264 20
1057 2531 20
2976 6933 20
2605 2958 20
1069 9137 20
5302 9126 20
3357 6590 20
2265 2807 20
2559 6012 20
4462 4840 20
3157 3746 20
1693 6529 20
4691 8980 20
1377 6901 20
661 6749 20
1970 7764 20
1673 7373 20
1038 2661 20
1338 2200 20
1058 7916 20
4328 5209 20
4739 8074 20
1975 6081 20
1140 7482 20
6846 8248 20
453 8075 20
1373 2556 20
6212 7911 20
2449 4786 20
1143 3582 20
146 9697 21
2652 8361 21
284 6879 21
2850 5745 21
295 6456 21
4718 7003 21
4834 6099 21
1853 2819 21
3219 3746 21
120 7064 21
3341 8549 21
4309 8014 21
627 2460 21
2103 6448 21
225 4733 21
152 212 21
3167 4322 21
5196 8155 21
1221 8851 21
5842 7597 21
429 5039 21
2104 5750 21
489 768 21
1513 2139 21
3062 3446 21
4457 9442 21
1607 3693 21
4495 9862 21
2027 7701 21
1285 9800 21
1857 5584 21
8291 8932 21
1168 9699 21
1044 8745 21
2927 7886 21
634 2044 21
843 1474 21
1465 6812 21
6121 6224 21
1065 2856 21
8037 9674 21
3278 9238 21
2031 5660 21
7048 7662 21
6709 9124 21
5185 6816 21
4119 9346 21
5378 8749 21
9343 9682 21
467 5343 21
3945 8396 21
3349 4048 21
4506 7971 21
2193 9495 21
4979 8133 21
1010 8481 21
2967 9759 21
7085 8861 21
2853 3583 21
1698 2349 21
1011 4040 21
1684 3023 21
5936 8446 21
475 7983 21
8028 8938 21
1585 6887 21
4604 9687 21
466 716 21
3029 4998 21
1695 5029 21
6421 7079 21
5086 5650 21
1458 5782 21
4424 6581 21
973 1221 21
3081 6801 21
2307 8498 21
2289 7579 21
448 7623 21
4528 4555 21
8643 8682 21
6796 9068 21
3047 5245 21
1605 1765 21
1690 5615 21
1322 2634 21
2822 3121 21
4400 9571 21
7525 8868 21
2536 9380 21
1900 6161 21
401 1523 21
6278 8749 21
4208 5643 21
3199 9820 21
3901 7329 21
2561 3964 21
3571 6194 21
8486 8817 21
123 1770 21
6137 6834 21
1693 7105 21
3568 8465 21
345 2905 21
7210 7714 21
6412 7247 21
2033 5733 21
1635 8088 21
2701 7069 21
7352 8988 21
6801 9005 21
1411 4005 21
6301 7019 21
3907 6813 21
2549 3303 21
7217 8434 21
4065 7236 21
7302 8199 21
381 3207 21
4212 4632 21
585 658 21
4844 8451 21
1603 9598 21
687 6521 21
3332 4041 21
1804 9053 21
7982 8880 21
1614 4782 21
2944 6111 21
1497 7203 21
5331 7543 21
2676 9950 21
4533 6163 21
980 9534 21
458 2406 21
9084 9285 21
1180 7876 21
339 578 21
4375 4517 21
7389 8682 21
4839 6823 21
5601 5743 21
2211 5371 21
962 1050 21
1087 9953 21
6366 8307 21
9346 9952 21
2181 6307 21
2034 4941 21
101 2721 21
9443 9831 21
248 5727 21
3757 7782 21
4584 8650 21
5636 8469 21
3915 6538 21
75 631 21
5363 8136 21
2181 6669 21
3320 6398 21
5211 8832 21
2287 7617 21
540 2465 21
1427 6086 21
6775 8043 21
7248 9444 21
690 1631 21
689 6141 21
2118 3861 21
3529 8479 21
3173 6947 21
1928 8345 21
2397 6782 21
7098 9031 21
266 6074 21
5902 6480 21
1812 9010 21
5850 7604 21
2956 4571 21
1829 3936 21
4560 9249 21
3967 7886 21
4164 9455 21
2273 2857 21
2645 4282 21
1948 4700 21
207 8480 21
1365 6801 21
367 9290 21
170 919 21
497 5603 21
2252 8730 21
7859 9786 21
62 2650 21
641 7437 21
3984 8784 21
5251 6052 21
55 89 21
7746 8183 21
4299 9543 21
1471 8357 21
3782 4348 21
3262 7204 21
764 4513 21
5543 6929 21
4151 7200 21
1076 7862 21
775 9872 21
1862 5615 21
7356 8008 21
381 8536 21
1329 1788 21
7599 7976 21
3049 9436 21
2455 4337 21
4437 5729 21
211 9511 21
3369 7943 21
5547 9764 21
82 115 21
6015 7643 21
3982 8573 21
63 1015 21
642 9935 21
268 709 21
4796 5123 21
327 969 21
3381 4173 21
5761 5924 21
6150 6654 21
4248 5473 21
5659 7891 21
2153 8213 21
3869 4681 21
6047 9962 21
8594 9609 21
2853 5304 21
1935 6751 21
2044 2932 21
395 1040 21
4756 7995 21
2467 9451 21
2779 6000 21
4157 9241 21
7452 8447 21
6860 8175 21
3405 9827 21
6924 8578 21
1534 4340 21
8936 9315 21
3072 5852 21
3462 9053 21
1608 2303 21
1886 9740 21
7025 8498 21
4401 9850 21
2917 7836 21
4449 7421 21
1827 5471 21
5726 7990 21
3424 8797 21
198 1626 21
3276 3722 21
22 9178 21
3070 3627 21
4556 7510 21
2439 8663 21
2016 2557 21
7496 7862 21
4781 9251 21
6660 7600 21
5325 6061 21
3452 7193 21
8185 9412 22
4758 7187 22
321 5467 22
993 9512 22
6338 9623 22
5357 9431 22
4415 6566 22
207 8541 22
6101 6779 22
2182 3770 22
5614 9934 22
608 6027 22
74 6541 22
18 105 22
1623 5669 22
1105 7631 22
1126 9321 22
6063 8724 22
1691 2179 22
6060 7889 22
288 591 22
4458 6187 22
2328 9247 22
1795 6834 22
7282 7863 22
2463 7848 22
3816 6953 22
235 2182 22
1360 6486 22
183 5992 22
1165 6670 22
9187 9330 22
619 6201 22
7314 7339 22
3988 9649 22
454 2234 22
879 6948 22
4846 8489 22
33 6243 22
717 4785 22
4064 6958 22
1324 7471 22
4691 6200 22
7930 9075 22
7670 7674 22
7398 8919 22
3904 7613 22
1358 5260 22
1592 8046 22
7866 8475 22
905 3513 22
783 6332 22
5458 6758 22
5074 9619 22
126 2101 22
2141 4391 22
3027 3594 22
2846 5419 22
420 9673 22
4406 4728 22
3777 7417 22
3305 7968 22
2831 4323 22
2435 9355 22
6811 6970 22
4589 6658 22
1395 9747 22
4162 6462 22
7938 8225 22
1199 1739 22
699 3621 22
974 9591 22
1993 3072 22
2277 2347 22
695 842 22
6284 8263 22
5344 6394 22
5607 6234 22
1321 2486 22
3685 3812 22
2720 6725 22
21 9633 22
3758 8085 22
5258 9658 22
8117 9416 22
532 9784 22
3386 6326 22
2713 9390 22
3151 5310 22
5238 7159 22
2317 7827 22
1951 2422 22
6431 7023 22
7505 9966 22
5503 8392 22
3051 4047 22
1755 2140 22
128 505 22
5564 9313 22
1745 8285 22
956 1306 22
9654 9820 22
129 9496 22
1736 8803 22
615 1913 22
1989 3053 22
5260 5393 22
361 8931 22
4951 8894 22
9563 9833 22
222 4665 22
6065 6119 22
1212 2840 22
8568 8943 22
3789 5709 22
1795 2045 22
1565 2167 22
4727 9940 22
1733 3863 22
3603 5090 22
976 1919 22
2267 6327 22
1391 8262 22
3800 5796 22
6688 7506 22
2843 3380 22
2162 5611 22
1821 8367 22
3577 4197 22
1450 2732 22
8552 9571 22
628 1909 22
4797 7137 22
3916 8446 22
105 205 22
4828 5229 22
3133 7835 22
1387 3307 22
1549 5380 22
2130 9872 22
1660 2096 22
2172 4980 22
1435 5720 22
2359 6029 22
7699 9066 22
1861 6891 22
5988 7866 22
2909 3432 22
1166 8006 22
2166 4400 22
2165 7490 22
2657 2895 22
2592 7562 22
4939 7220 22
4004 9003 22
1284 9727 22
672 856 22
1746 5291 22
4302 9323 22
2252 6810 22
2913 9370 22
1522 9328 22
316 3411 22
4810 5220 22
7585 7799 22
1156 4752 22
6387 8862 22
6709 7843 22
3981 6928 22
7618 8519 22
2390 6554 22
2081 4472 22
5132 5941 22
6305 8773 22
497 7328 22
419 476 22
2170 7373 22
5225 7504 22
8294 9512 22
2657 9392 22
2252 7308 22
5471 9527 22
634 1981 22
317 7177 22
5813 6945 22
4674 5617 22
1121 6787 22
3163 7425 22
5268 9750 22
1278 8327 22
230 379 22
6661 7668 22
870 1455 22
1880 8762 22
3615 6288 22
4714 8625 22
3289 5276 22
3431 5513 22
1441 9576 22
2998 3899 22
294 6029 22
3338 8152 22
2120 7018 22
8693 9077 22
2951 4072 22
174 6724 22
4485 4831 22
2517 5587 22
5270 6438 22
1344 9356 22
6765 7764 22
6769 8865 22
2465 9028 22
3846 6959 22
7661 9922 22
2899 4649 22
4428 8519 22
484 749 22
1480 5625 22
1780 6255 22
2855 4869 22
3002 3727 22
2765 8673 22
4649 6832 22
4388 7694 22
7469 9615 22
4843 6095 22
2525 6140 22
5820 7991 22
4498 7381 22
3629 9977 22
9013 9721 22
822 2713 22
3980 4408 22
6 2518 22
226 7838 22
576 4019 22
6676 7575 22
5468 6005 22
1341 5885 22
1006 9837 22
5526 8827 22
9180 9954 22
2228 6323 22
918 7986 22
2748 8462 22
4407 5127 22
6475 6908 22
1022 1933 22
2993 5465 23
3598 8543 23
8490 9912 23
5206 5647 23
2273 4953 23
7406 8245 23
942 8190 23
1522 2566 23
3640 7419 23
85 3497 23
378 1254 23
4914 5126 23
4425 6503 23
6359 9778 23
2223 7736 23
4955 7772 23
4877 6006 23
4051 4802 23
930 7205 23
92 6453 23
980 7858 23
971 3443 23
4881 5132 23
3676 9559 23
3669 3842 23
4022 7856 23
960 3775 23
1213 4738 23
5380 7971 23
5215 6756 23
3656 7232 23
1521 7176 23
3220 4195 23
3220 6735 23
4631 8165 23
1317 6991 23
639 5718 23
34 150 23
3241 4986 23
1701 2856 23
653 682 23
6177 7521 23
4660 9950 23
1767 6231 23
5075 5097 23
1094 3968 23
1094 1379 23
2709 2756 23
7017 8837 23
7016 9109 23
1709 4446 23
3201 7645 23
5833 6332 23
4614 5353 23
394 9356 23
621 7320 23
2684 4106 23
623 2307 23
5072 9693 23
5708 6229 23
3310 8560 23
7921 8234 23
4221 6372 23
2940 3034 23
5435 7366 23
3301 8460 23
1194 6997 23
5439 5692 23
2551 6675 23
4701 7697 23
238 6717 23
3312 9994 23
2942 5970 23
6052 8448 23
4708 6474 23
3323 3727 23
234 967 23
451 6578 23
1191 3647 23
2093 8369 23
1832 4848 23
1069 8289 23
1157 9776 23
670 7060 23
2596 4819 23
4228 4363 23
1812 7885 23
2585 9823 23
399 884 23
3284 8642 23
680 2584 23
7921 8141 23
4405 6294 23
3110 8261 23
2845 3160 23
4379 7150 23
1175 7239 23
7621 9994 23
3109 5998 23
17 4365 23
6098 7285 23
7214 9891 23
2824 8930 23
2824 8163 23
4318 8866 23
342 7429 23
341 6913 23
536 926 23
1414 1920 23
3120 4309 23
7638 8877 23
1364 4110 23
2903 4975 23
3067 8940 23
1366 2622 23
5541 9974 23
7275 8676 23
3837 7756 23
508 2532 23
5354 8921 23
4334 8296 23
5740 6454 23
476 5843 23
1782 3015 23
2918 8738 23
1721 1723 23
1427 5974 23
310 455 23
3940 4435 23
309 1408 23
4590 9478 23
391 4638 23
28 1676 23
1374 1381 23
1098 2775 23
1997 7774 23
5575 8071 23
9228 9284 23
7026 9946 23
1589 5362 23
7129 9329 23
327 5197 23
1119 2718 23
326 9283 23
20 1160 23
7114 7884 23
6026 8881 23
1344 2813 23
4872 9948 23
3040 5828 23
1796 3278 23
321 1708 23
5411 7801 23
3161 3344 23
317 3540 23
1594 4785 23
1800 4921 23
2962 7794 23
6586 8023 23
61 1384 23
3427 8726 23
3429 3855 23
8871 9624 23
1986 2826 23
3010 4937 23
62 4117 23
1761 2755 23
1875 9801 23
1882 2383 23
8235 9062 23
4798 7436 23
8848 9859 23
2160 3257 23
2160 8269 23
1872 3388 23
5262 6071 23
6621 9661 23
196 8820 23
2433 4756 23
195 8644 23
1031 3431 23
1200 1979 23
1949 8324 23
5593 7548 23
3416 7069 23
3419 4110 23
185 469 23
185 243 23
5258 6324 23
4015 4928 23
2179 4648 23
6441 6691 23
4850 7683 23
3538 8887 23
4018 6548 23
2320 3231 23
889 2384 23
5377 8893 23
3546 8149 23
1640 6193 23
4865 7699 23
1617 2136 23
2303 5005 23
126 1346 23
4871 4955 23
6044 6874 23
3568 8557 23
4827 4949 23
2164 3687 23
6552 7925 23
3718 9176 23
164 935 23
4814 6966 23
6267 9396 23
2365 7720 23
1250 1314 23
6763 8990 23
2359 6449 23
5598 6833 23
4977 8838 23
2355 3176 23
5981 8667 23
3706 8681 23
412 4040 23
4012 9437 23
6049 6693 23
3354 7592 23
743 1001 23
4730 6346 23
8030 8554 23
6210 9579 23
2493 5573 23
5019 9711 23
1464 1839 23
4180 4748 23
403 6565 23
1468 4525 23
2483 4147 23
3752 8575 23
761 4597 23
6736 7659 23
5441 7257 23
3338 8955 23
730 5895 23
5022 9227 23
2515 3911 23
227 1413 23
5882 6508 23
3883 8238 23
6728 8653 23
4191 8954 23
1047 1957 23
4406 7452 23
4164 4938 23
783 2056 23
3383 5404 23
2142 5028 23
6669 9179 23
3388 3859 23
1381 6855 23
8116 8160 23
5266 9824 23
2474 8725 23
3380 5428 23
3868 5188 24
3794 6522 24
1990 3457 24
1179 3992 24
2123 9917 24
74 2906 24
6019 6697 24
2108 9271 24
1175 6414 24
2007 2588 24
9368 9376 24
1161 8503 24
2988 5077 24
3866 6429 24
5565 7518 24
47 9705 24
6064 9784 24
3864 8372 24
1965 2063 24
82 7003 24
1054 2234 24
3857 5439 24
5540 7771 24
2019 8882 24
3958 5677 24
4019 7309 24
3695 9337 24
75 4559 24
22 5471 24
1068 8454 24
1573 4599 24
6026 6448 24
1554 2563 24
1113 9975 24
87 163 24
1621 1977 24
5019 6691 24
81 3022 24
61 3539 24
24 4458 24
1077 1221 24
6048 8955 24
2084 9755 24
54 6876 24
1189 5446 24
5557 6633 24
3839 4454 24
1006 4752 24
1007 3598 24
1185 6027 24
44 153 24
5052 6835 24
3840 6138 24
5020 7783 24
3930 4754 24
3835 5992 24
1978 5048 24
1540 3791 24
1560 6308 24
9235 9578 24
4988 5018 24
6569 9449 24
550 2808 24
1792 9705 24
4791 8876 24
5927 8691 24
6580 7451 24
2403 4597 24
6571 9501 24
806 3790 24
8225 8633 24
534 3405 24
171 430 24
3449 5384 24
532 3797 24
7194 9857 24
8138 8942 24
3384 7930 24
571 7284 24
2459 5258 24
1421 2505 24
791 7960 24
4134 6426 24
3149 5770 24
5406 9467 24
326 2138 24
4301 9491 24
2429 3594 24
1244 7078 24
4335 9998 24
4829 5584 24
1738 2275 24
5357 8132 24
3495 4325 24
3495 5510 24
8343 9927 24
4346 4890 24
867 2215 24
873 2572 24
2359 3309 24
7279 8232 24
7551 7805 24
1774 6910 24
1500 6469 24
1243 8747 24
2890 5804 24
2330 4270 24
844 2968 24
2835 8168 24
166 3708 24
5735 7218 24
6544 6551 24
4522 7379 24
3105 4491 24
8290 9233 24
843 9987 24
1278 1700 24
3477 6173 24
520 6169 24
2369 6422 24
4821 7019 24
6508 7049 24
4329 4581 24
155 275 24
1738 1845 24
2697 3050 24
5858 7099 24
2674 5588 24
252 6792 24
2686 4427 24
3288 4744 24
682 3255 24
1840 7647 24
3292 6078 24
2599 9890 24
4686 5656 24
5290 9959 24
4607 7063 24
241 2972 24
707 4128 24
603 1415 24
7872 8698 24
650 6573 24
3244 9089 24
4243 5915 24
2633 3227 24
4662 7023 24
1825 9873 24
1310 5598 24
3258 4930 24
262 4347 24
3224 9685 24
1449 6603 24
3268 6738 24
1319 4169 24
1450 6547 24
1678 6404 24
5278 6469 24
1858 5375 24
2489 6032 24
582 629 24
2746 5621 24
1425 6196 24
4727 7091 24
7080 8734 24
3165 9021 24
7086 8119 24
1469 5791 24
3374 3864 24
2753 5389 24
1863 7431 24
228 744 24
4705 6520 24
2537 9215 24
1433 2516 24
593 8687 24
7732 8808 24
7052 7879 24
732 6161 24
226 1522 24
2734 7344 24
1333 2305 24
307 2980 24
2735 8694 24
585 4598 24
2303 9507 24
3001 6254 24
118 6773 24
2925 3137 24
460 4416 24
1370 1677 24
7508 8135 24
896 9726 24
3551 3595 24
6335 6908 24
97 616 24
5381 9902 24
2279 4740 24
3034 4596 24
5768 7053 24
2246 4279 24
1381 8869 24
1397 3753 24
7315 7362 24
3625 8513 24
1510 5355 24
3547 6387 24
5767 8136 24
2252 8648 24
5497 7827 24
437 1100 24
473 3880 24
3632 4606 24
897 1581 24
3656 7454 24
1642 9766 24
2991 8431 24
479 5174 24
3052 4512 24
1899 4253 24
2989 3478 24
1503 3841 24
4853 7756 24
1510 8558 24
1399 8550 24
7332 7419 24
400 7209 24
1799 3592 25
1048 3004 25
4026 4859 25
437 4259 25
2138 8123 25
3389 7394 25
1212 7716 25
3830 7474 25
3183 3225 25
1433 1920 25
5175 9505 25
2959 6123 25
1807 4524 25
200 451 25
3337 7553 25
2445 6191 25
3980 5279 25
6022 6185 25
565 2691 25
4715 5924 25
4718 7219 25
3159 4504 25
1967 4566 25
1852 3968 25
107 7153 25
5018 9245 25
4286 9155 25
8089 9348 25
8072 8268 25
3603 5666 25
8077 9443 25
1992 3642 25
5558 9759 25
3371 6392 25
314 7097 25
1594 6106 25
939 2310 25
4911 6321 25
4025 6470 25
6722 9160 25
583 8217 25
2258 4569 25
404 6857 25
211 2250 25
2053 3250 25
926 2444 25
6667 7574 25
3164 3859 25
6938 9900 25
36 813 25
2093 4983 25
4667 9688 25
2218 4014 25
5178 7109 25
5433 6670 25
6314 8897 25
96 254 25
2977 6551 25
4254 8445 25
3216 8652 25
284 9100 25
4418 7210 25
5427 7772 25
974 1392 25
2076 5172 25
6981 8414 25
266 2517 25
5179 8646 25
1311 8379 25
970 8466 25
1447 2199 25
644 5805 25
5849 7480 25
2089 5746 25
1088 8531 25
5067 6115 25
5161 6164 25
1548 3033 25
6934 6960 25
421 6737 25
1296 2158 25
4212 9768 25
31 664 25
409 4894 25
240 3840 25
1551 6478 25
5877 6587 25
1692 7337 25
7754 8984 25
1930 5230 25
1433 3889 25
611 9451 25
6986 7032 25
1453 6920 25
3633 9505 25
6826 7461 25
5763 7216 25
684 6825 25
3957 7808 25
5623 9254 25
691 8476 25
3298 5846 25
3299 4973 25
8588 9643 25
2703 5583 25
6196 6829 25
3446 3723 25
6483 7569 25
822 7008 25
7175 8497 25
4465 5361 25
5941 8098 25
1943 8285 25
3113 9289 25
6481 6833 25
8832 9228 25
5802 8267 25
6103 8040 25
5113 6514 25
1884 7956 25
3837 9777 25
4308 9718 25
3426 7174 25
1791 6836 25
361 807 25
1241 6216 25
7167 7766 25
529 5994 25
1880 4607 25
4084 5288 25
3117 6317 25
5465 8520 25
8727 9181 25
1240 6183 25
2360 3171 25
4124 7093 25
522 5549 25
5633 8885 25
521 6892 25
1370 5037 25
160 7336 25
1238 7216 25
2389 5840 25
1397 5500 25
8251 8628 25
79 180 25
167 2529 25
4857 7798 25
561 9526 25
1136 3090 25
2023 6422 25
2043 3376 25
7652 7665 25
3524 9781 25
1120 2213 25
1231 3217 25
366 3986 25
2426 5917 25
799 4735 25
396 936 25
6240 7355 25
116 1931 25
6237 7375 25
193 3019 25
4845 8432 25
5134 9913 25
6237 6620 25
4054 4652 25
73 6533 25
2336 9963 25
5394 8866 25
1495 9230 25
546 1895 25
3057 5291 25
2039 6191 25
113 6283 25
1405 4576 25
8515 9370 25
7250 9447 25
3141 3476 25
7258 9767 25
4353 9333 25
4882 7377 25
5 7045 25
5568 6497 26
4651 6672 26
5319 6974 26
4652 6566 26
4246 8102 26
1737 4393 26
3209 6234 26
2025 2953 26
3233 9659 26
515 6291 26
6989 9414 26
490 502 26
4344 7657 26
2910 9692 26
3220 8739 26
1821 6274 26
1983 4552 26
4426 9879 26
2979 9845 26
637 4946 26
1140 2905 26
2869 4270 26
6976 9130 26
4341 7297 26
3923 8587 26
2674 3906 26
2994 3065 26
7531 9281 26
4336 9034 26
443 524 26
460 4326 26
573 3092 26
1587 7601 26
1730 9781 26
4303 8641 26
2056 5431 26
4540 6148 26
1426 9931 26
5158 7262 26
582 826 26
7472 8678 26
3831 9115 26
3830 9665 26
1115 9536 26
7108 9380 26
5334 8889 26
9283 9838 26
7326 8076 26
4448 8935 26
5759 8690 26
5773 8622 26
556 4268 26
6110 6778 26
5154 6319 26
1118 2747 26
2790 8512 26
7370 9829 26
5758 7071 26
4601 4826 26
5117 6392 26
5422 7552 26
347 3534 26
5374 7347 26
1747 2544 26
3196 8194 26
1179 2208 26
1436 6141 26
5766 8357 26
2028 6528 26
2837 5422 26
2699 4812 26
7204 8091 26
5401 7795 26
5710 6953 26
1791 5007 26
1125 1246 26
2737 5488 26
308 4406 26
538 2759 26
5327 9613 26
3119 6080 26
589 4136 26
1749 8820 26
589 8623 26
1713 5816 26
4278 4559 26
531 2752 26
8002 8364 26
1634 3758 26
232 1420 26
3713 8578 26
2355 3163 26
3737 4241 26
1291 8886 26
8330 8488 26
119 477 26
4788 7212 26
183 4620 26
1669 5330 26
8022 9433 26
2495 6715 26
4117 7486 26
7943 8077 26
84 6923 26
4978 7270 26
8206 8992 26
817 6457 26
6583 9002 26
1248 3817 26
1914 7700 26
3991 7474 26
4894 6534 26
4893 8955 26
3758 9909 26
6271 7021 26
6789 6836 26
8400 9643 26
1279 2271 26
3380 5347 26
867 3491 26
5922 8482 26
4761 9370 26
5603 9514 26
2454 8609 26
2146 2976 26
8147 9509 26
3694 9420 26
1275 1537 26
1501 2008 26
1899 4066 26
2440 4261 26
8136 8549 26
5476 5504 26
4183 8053 26
1005 2771 26
2487 8232 26
8712 9813 26
122 3702 26
2128 6008 26
3564 6914 26
124 2262 26
1197 6606 26
2348 6867 26
3560 7300 26
5510 6059 26
1240 5563 26
8382 8879 26
77 2278 26
5942 7996 26
3744 7702 26
1883 6775 26
2611 3872 26
1072 3423 26
1600 5992 26
5307 9727 26
169 2422 26
5853 8797 26
6555 9983 26
2608 4553 26
1520 2312 26
163 2064 26
958 9939 26
1449 8255 26
975 3420 26
3776 4338 26
1068 1817 26
5696 5952 26
2241 7715 26
2242 7490 26
255 7975 26
2228 8317 26
6174 6514 26
3250 7768 26
163 9615 26
3251 4185 26
3659 8793 26
3454 6279 26
178 2868 26
6329 8144 26
2613 4229 26
961 9635 26
96 3900 26
6895 7130 26
102 8247 26
3300 5134 26
6195 6772 26
6510 6542 26
2257 2329 26
1059 1738 26
2581 6371 26
845 7549 26
939 2726 26
6520 9522 26
2580 4536 26
685 2248 26
7917 7964 26
2259 3744 26
2374 4974 26
2577 4724 26
697 1206 26
7903 9316 26
948 3435 26
9102 9616 26
1056 8721 26
244 656 26
1021 7945 26
3284 5308 26
2366 4041 26
1837 9835 26
8397 9818 27
16 5267 27
2178 4387 27
5398 5459 27
516 2216 27
1582 4858 27
7203 7478 27
2376 5968 27
5245 9444 27
3924 9005 27
5650 7330 27
2348 7172 27
5122 6204 27
6094 9756 27
4816 5637 27
6029 7432 27
84 95 27
1980 2983 27
1392 9805 27
9722 9762 27
3886 7852 27
84 7170 27
5217 9126 27
4906 5528 27
946 7040 27
3 7147 27
402 1052 27
4443 5822 27
8520 9193 27
1978 9549 27
4052 7488 27
4455 8158 27
7387 9729 27
2225 9141 27
1169 5661 27
1523 7495 27
2236 9577 27
1511 4861 27
1627 4459 27
975 3478 27
3009 4242 27
4409 6291 27
2961 8428 27
4915 8311 27
2955 8230 27
481 4705 27
2296 9778 27
382 2219 27
6281 9828 27
4083 8908 27
3046 5422 27
2909 7190 27
6432 8339 27
6437 6831 27
2912 5051 27
1210 1461 27
3055 8106 27
7297 8909 27
1147 2376 27
884 3755 27
4368 5271 27
2921 4679 27
116 9646 27
4022 7214 27
2281 6917 27
119 143 27
5389 8365 27
3028 4302 27
3875 5954 27
4395 4844 27
5544 8830 27
6400 8296 27
5949 6224 27
3794 9473 27
1042 2129 27
4178 4855 27
8069 9890 27
4182 8244 27
1858 8670 27
220 9385 27
1801 8455 27
9093 9738 27
586 8904 27
3347 6308 27
8003 9944 27
5888 5992 27
6743 8804 27
1724 8635 27
6960 8285 27
1113 7843 27
8121 8781 27
2097 2628 27
6228 9357 27
6003 8526 27
1451 5332 27
2599 3263 27
6218 7596 27
4750 5647 27
24 681 27
238 1200 27
7756 9234 27
5575 9753 27
4269 4474 27
1843 8843 27
6800 7576 27
5289 8857 27
697 8545 27
5294 5716 27
2696 8604 27
2533 7282 27
1292 2398 27
4714 8767 27
3968 7636 27
3333 7897 27
5867 9110 27
682 9145 27
233 7483 27
2773 7066 27
4205 5937 27
2721 7557 27
302 3352 27
3318 3377 27
3134 6060 27
4790 7727 27
812 2311 27
7142 9860 27
331 3751 27
2794 6800 27
1027 7649 27
1946 3270 27
6250 9378 27
7180 8760 27
4138 6201 27
4531 9453 27
4532 7659 27
3419 6256 27
5111 8458 27
1665 4324 27
1124 7018 27
2615 7816 27
659 1648 27
2819 8107 27
4156 7688 27
3403 6291 27
6097 9377 27
4160 8224 27
323 3866 27
1477 7117 27
6545 6727 27
9134 9655 27
5009 6704 27
322 3148 27
788 2338 27
3397 8108 27
3418 4114 27
188 1875 27
4783 7477 27
6611 8271 27
328 433 27
1316 5355 27
2390 5382 27
327 1404 27
3408 4804 27
7122 9821 27
1315 2335 28
1219 5291 28
1961 6164 28
1524 4506 28
1575 2628 28
1893 6250 28
1529 1817 28
1671 5506 28
5540 6299 28
5980 9189 28
1364 9202 28
5590 6393 28
1267 6333 28
1207 1577 28
1608 5342 28
5997 6379 28
5939 8254 28
1178 4306 28
5463 7979 28
5516 7465 28
1492 3245 28
1486 7136 28
1259 2440 28
1491 2223 28
5368 7487 28
1394 8961 28
1851 4669 28
1935 8160 28
1540 8944 28
1466 5814 28
5868 7640 28
1280 6147 28
1274 8024 28
1646 3430 28
5478 7654 28
7330 9892 28
2906 5790 28
4954 8042 28
478 5758 28
7312 9461 28
2919 2954 28
461 5542 28
7351 8172 28
7352 8665 28
2943 7075 28
2985 3929 28
2996 6698 28
7075 8965 28
7078 7898 28
7094 8637 28
4567 7176 28
2782 5969 28
2793 2856 28
1008 1856 28
2809 3530 28
4523 9846 28
7201 8380 28
4944 7965 28
976 4554 28
5163 9896 28
494 1066 28
3203 5220 28
312 1541 28
4278 5500 28
3182 7645 28
298 1467 28
3197 5829 28
1043 8138 28
314 3612 28
3213 7469 28
4262 6288 28
3225 3320 28
3267 4449 28
6263 9570 28
399 468 28
7477 9706 28
7487 9473 28
3051 9094 28
3053 4124 28
2747 3141 28
4323 8863 28
7622 7862 28
334 5808 28
7672 9582 28
907 1915 28
4777 8240 28
2458 3579 28
774 1351 28
2461 4661 28
2476 7453 28
753 1363 28
6424 8174 28
908 2696 28
745 1178 28
2509 6501 28
6759 7149 28
2528 2620 28
6386 8473 28
2530 7081 28
2535 8467 28
2379 3937 28
6471 8565 28
6484 7092 28
6494 8150 28
846 4359 28
918 8393 28
839 3986 28
2392 5114 28
824 5488 28
6426 9720 28
812 4525 28
2427 3023 28
793 2780 28
4637 5292 28
6355 8978 28
2254 7481 28
2676 7357 28
2683 5628 28
4925 7577 28
6337 7320 28
7053 7455 28
2731 8318 28
6865 9389 28
919 1768 28
2280 3971 28
6379 7927 28
924 5135 28
2574 2937 28
2581 2914 28
3026 3363 28
2269 7556 28
2268 9955 28
6868 7043 28
6890 9500 28
2265 3117 28
2622 8670 28
3450 7272 28
3984 8859 28
2083 2093 28
9091 9683 28
142 1949 28
42 835 28
139 363 28
5141 7333 28
3517 6744 28
8184 9552 28
3418 5474 28
9215 9698 28
8409 8646 28
5149 8793 28
4089 7302 28
3487 6747 28
8311 9394 28
8291 9586 28
154 6407 28
3492 6132 28
2080 7204 28
51 7414 28
3948 4989 28
3459 6330 28
52 53 28
3756 7672 28
2071 5897 28
9008 9667 28
7950 9335 28
4175 4707 28
4210 5152 28
8461 9950 28
96 1513 28
3602 9413 28
4194 8124 28
3866 6242 28
3595 4103 28
5163 5947 28
8558 9379 28
3388 9382 28
6054 6377 28
1984 2113 28
1058 1133 28
4228 5453 28
2673 8906 29
6975 9515 29
3630 5363 29
627 9298 29
2570 5528 29
6929 7152 29
8750 9121 29
71 9608 29
4616 5106 29
4009 8459 29
1315 9800 29
1526 1869 29
8925 9262 29
8649 8985 29
1622 8905 29
4031 7566 29
678 3772 29
5298 8593 29
633 1069 29
822 2372 29
2453 8517 29
1274 1500 29
3826 6795 29
6627 9286 29
22 188 29
2420 6214 29
4790 8201 29
4791 6016 29
18 3199 29
780 7845 29
8 2290 29
4815 8195 29
3 6672 29
3902 8815 29
2361 6984 29
9820 9853 29
9856 9906 29
742 930 29
3980 6011 29
6784 9903 29
723 8840 29
43 9761 29
6755 7585 29
6733 7181 29
5521 9648 29
9141 9982 29
1285 6045 29
757 7637 29
3953 4277 29
5268 8912 29
197 7033 29
4312 8205 29
5456 5832 29
5456 6101 29
1736 8134 29
4331 7185 29
355 9170 29
7583 9831 29
7574 8509 29
3075 7720 29
4166 7685 29
1744 5267 29
7492 8850 29
5668 7563 29
4144 9649 29
507 5851 29
1752 7767 29
3443 7544 29
7437 8300 29
409 8835 29
4219 9613 29
4234 8921 29
4238 6550 29
7871 8084 29
3212 8301 29
1689 4560 29
1462 2971 29
1683 7029 29
1682 8609 29
309 453 29
7714 9516 29
217 2518 29
4296 6159 29
8112 9745 29
3146 3460 29
536 9372 29
2807 4436 29
4091 6905 29
8418 8736 29
7123 7162 29
560 7263 29
4084 9479 29
2759 7127 29
2757 5414 29
573 8584 29
8462 9472 29
3562 7489 29
1634 1660 29
8548 9009 29
5626 7260 29
4607 8065 29
3624 6002 29
414 7432 29
3445 9454 29
419 9835 29
420 5008 29
2973 6763 29
428 4317 29
4429 7954 29
429 8705 29
432 4021 29
2943 5036 29
7331 8295 29
475 2068 29
3507 4796 29
4106 6845 29
4104 8076 29
7280 8928 29
1363 2489 29
5476 6517 29
516 1315 29
524 560 29
2834 7034 29
1994 2197 29
2051 5852 29
2274 3240 29
5993 8592 29
937 1106 29
2232 6050 29
1035 2670 29
2009 7039 29
1047 8671 29
1225 9534 29
1011 1162 29
4873 7660 29
2295 2958 29
5000 5633 29
6402 9128 29
896 8112 29
6391 7060 29
1020 6852 29
1216 2322 29
2008 2272 29
5014 6344 29
1000 1372 29
958 5231 29
5073 7759 29
2076 8885 29
4280 7416 30
2821 7410 30
238 5322 30
5491 9913 30
3317 5129 30
1787 2766 30
302 6172 30
7049 8547 30
1737 2410 30
7935 9580 30
537 8145 30
3623 6576 30
958 2546 30
5529 5707 30
1062 3925 30
2544 3815 30
1693 2318 30
2150 5259 30
5742 9822 30
2838 4319 30
1286 4771 30
4198 6677 30
3742 6264 30
3349 5966 30
5892 8059 30
2836 7667 30
512 5444 30
17 4655 30
1284 1439 30
1355 6904 30
8466 9297 30
2726 3337 30
2151 3317 30
41 3444 30
528 3946 30
3743 5402 30
1409 2460 30
231 6180 30
3333 7984 30
19 2558 30
596 1567 30
1821 3661 30
3218 4576 30
5140 7980 30
7082 9624 30
1421 3694 30
3229 4153 30
4284 7020 30
1144 5203 30
654 3622 30
7094 9219 30
5314 8051 30
8570 9162 30
7770 8873 30
2743 6215 30
5010 5968 30
1335 8793 30
2745 3420 30
5415 5485 30
1544 5622 30
2271 6947 30
5502 7382 30
2581 4868 30
5003 5483 30
1202 6977 30
6816 8694 30
5712 6042 30
5996 6092 30
5034 8325 30
3139 7767 30
4052 8461 30
244 9106 30
1030 9131 30
5858 6191 30
7125 8790 30
2599 7244 30
5130 6792 30
311 3316 30
1980 2881 30
4096 5550 30
2062 8701 30
2923 3282 30
459 2741 30
2167 8823 30
4139 6560 30
3450 4580 30
472 4189 30
985 3356 30
1111 9793 30
4476 5509 30
4788 7968 30
837 2890 30
7495 9458 30
1184 2422 30
154 2166 30
5172 5899 30
7370 7890 30
72 9519 30
7372 7709 30
76 4356 30
4115 5376 30
1940 4132 30
4974 6512 30
1378 2788 30
837 5475 30
4021 9907 30
1255 1988 30
408 5256 30
2171 4485 30
441 4797 30
503 9958 30
199 9209 30
2439 4473 30
5753 8806 30
1179 4294 30
4502 7235 30
373 5206 30
5182 5691 30
5913 7087 30
3387 8654 30
214 576 30
5517 7608 30
772 7850 30
12 6859 30
1239 7832 30
6419 7284 30
3381 3718 30
4751 7100 30
761 4870 30
7287 8442 30
4779 9515 30
1129 3516 30
996 3643 31
9099 9166 31
4343 8870 31
501 9918 31
8769 9343 31
360 4159 31
8785 9005 31
4032 9437 31
5015 6257 31
5772 9867 31
2966 9412 31
2970 9629 31
1383 5506 31
1756 2770 31
7368 9638 31
6306 7513 31
3174 5945 31
2962 6353 31
1206 1671 31
56 3762 31
1537 6207 31
1215 5067 31
7717 8690 31
4516 8481 31
2223 7834 31
471 9347 31
4541 8609 31
1924 2623 31
7287 8902 31
4542 5334 31
470 1307 31
6254 7509 31
3688 4920 31
1029 7784 31
350 6047 31
3670 5385 31
1521 5762 31
376 3153 31
8807 9099 31
2220 6255 31
4002 8118 31
5109 9400 31
2931 8635 31
495 2513 31
8788 9312 31
4494 6479 31
991 6054 31
1343 5546 31
52 1971 31
4308 6640 31
4557 5805 31
3136 9188 31
1344 1775 31
5361 9231 31
3026 6052 31
1527 2262 31
5725 9681 31
4950 8249 31
4725 5035 31
8405 9145 31
4856 5246 31
2525 7056 31
2514 6090 31
232 4288 31
3329 4368 31
819 5091 31
2531 3440 31
4726 5160 31
5683 8068 31
1065 9240 31
744 6571 31
2712 4368 31
2494 8954 31
694 8179 31
1101 4099 31
254 729 31
9265 9697 31
5493 9363 31
6435 8121 31
122 1098 31
1486 7870 31
747 9182 31
5930 6760 31
700 1574 31
3831 7673 31
5283 9250 31
3935 9291 31
3391 9108 31
10 6915 31
3539 4889 31
3426 4354 31
8117 9888 31
1241 1600 31
9490 9576 31
5913 8163 31
3398 9923 31
6024 9194 31
3858 6157 31
6179 7526 31
2088 9610 31
750 6694 31
1465 1645 31
2472 8684 31
176 6354 31
1110 2773 31
901 9344 31
4079 4634 31
1864 7756 31
1315 9565 31
3486 4590 31
1550 1876 31
1514 3066 31
5628 9594 31
1046 7615 31
938 7503 31
4832 6843 31
5426 7058 31
5177 7453 31
1649 7918 31
644 4630 31
3802 7497 31
2631 4341 31
4125 6721 31
5646 9583 31
305 4837 31
612 3342 31
5834 5994 31
5841 8010 31
878 2597 31
35 554 31
6197 7066 31
655 5527 31
6535 8180 31
4901 7049 31
4131 9736 31
660 6234 31
1448 5609 31
4664 7791 31
5082 8623 31
257 1330 31
3275 3728 31
1187 9101 31
653 4565 31
8266 9245 31
1512 4445 31
1100 1438 32
8272 9319 32
3422 4483 32
2084 3657 32
5181 8184 32
5656 7691 32
157 333 32
3524 9044 32
4398 9291 32
2167 7041 32
3428 3822 32
6171 8412 32
172 567 32
3461 8751 32
3693 6165 32
3688 6526 32
2978 4206 32
7833 9405 32
97 3468 32
275 7901 32
1032 3684 32
3144 6526 32
5403 7671 32
7878 8381 32
3181 3296 32
3181 8853 32
3180 5088 32
3179 7681 32
305 9668 32
4271 8133 32
3636 4211 32
5424 9649 32
294 4959 32
1518 3976 32
315 9164 32
1045 9007 32
1193 1715 32
3559 3921 32
3364 8452 32
1741 2741 32
129 4349 32
1642 8577 32
6011 8346 32
1068 6270 32
1958 7907 32
5097 6864 32
200 5437 32
7519 9535 32
4210 8394 32
3275 8013 32
1954 7713 32
4225 8482 32
346 5986 32
7922 8042 32
1693 7335 32
5754 8556 32
354 1056 32
1460 9080 32
232 6604 32
4202 8557 32
356 929 32
5054 7262 32
1220 8216 32
749 5868 32
5582 7509 32
2729 8849 32
6719 7839 32
1854 6191 32
1602 6446 32
2293 2610 32
5126 6430 32
1269 8269 32
793 9752 32
2307 8974 32
2438 5778 32
7198 8092 32
2827 6706 32
2817 8189 32
2448 4562 32
2450 9221 32
1566 7678 32
1793 2654 32
777 3223 32
2466 8014 32
2629 4461 32
3830 7227 32
2644 6170 32
1826 6158 32
4679 4719 32
937 1892 32
6803 7433 32
3812 4786 32
6365 7180 32
4663 6946 32
6865 8451 32
9313 9610 32
4720 5734 32
607 1265 32
609 4283 32
2522 3779 32
2698 7206 32
722 7318 32
38 1912 32
721 2753 32
1566 4594 32
4702 7457 32
2256 7195 32
4698 9058 32
6952 7214 32
941 8439 32
941 8273 32
5594 7006 32
6557 7967 32
4847 8476 32
2903 3861 32
2392 8555 32
2888 9102 32
3993 8780 32
3870 5891 32
5242 6572 32
6476 8917 32
1211 2810 32
2380 9087 32
2384 4294 32
2353 2413 32
3905 7036 32
4508 5987 32
2386 2554 32
808 2522 32
1781 3116 32
2422 3472 32
4505 6058 32
1569 2427 32
5371 5798 32
2025 6768 32
4013 6503 32
2874 3605 32
2416 4849 32
2870 4394 32
2342 9296 32
1001 4077 32
2880 8107 32
6583 9904 32
1902 6921 32
2413 2750 32
6466 8975 32
4668 7475 33
1131 9989 33
257 5938 33
4230 6476 33
4232 7051 33
1590 7231 33
4844 7341 33
3573 9723 33
4218 9435 33
1304 3422 33
1964 6961 33
4842 5342 33
2558 5566 33
2110 6235 33
3503 3931 33
9257 9668 33
6469 8491 33
2068 8068 33
1242 8920 33
896 9083 33
780 7706 33
817 5202 33
131 2389 33
4176 9701 33
1989 6309 33
5542 7951 33
4088 9665 33
134 3098 33
199 4573 33
8199 9605 33
787 2806 33
4087 7855 33
2443 7463 33
2416 3208 33
6421 8222 33
1855 5325 33
1183 1814 33
5547 7106 33
1114 8427 33
1853 6292 33
1887 4278 33
3439 6803 33
16 1515 33
8044 9521 33
3359 4499 33
4735 6461 33
4541 7789 33
348 1371 33
3711 9614 33
4967 8983 33
7609 8654 33
4535 9421 33
353 877 33
2825 8330 33
1783 8385 33
1031 2765 33
4570 5998 33
1342 4391 33
1032 1743 33
1144 2836 33
2229 2661 33
2030 4052 33
9031 9160 33
555 8248 33
4937 5184 33
1213 1394 33
3054 3105 33
2156 5679 33
1775 2407 33
982 8120 33
2898 5221 33
1621 3081 33
3027 8374 33
3027 9797 33
4507 7836 33
979 4197 33
7657 8022 33
60 1371 33
455 995 33
7545 9671 33
1402 4760 33
990 2112 33
3618 6888 33
434 9553 33
5024 5527 33
4641 6083 33
1316 8977 33
4910 5157 33
7778 8567 33
1530 4097 33
7369 7540 33
947 2466 33
3964 4918 33
5110 9279 33
300 4192 33
3943 4886 33
8530 8605 33
3247 5085 33
1830 2122 33
109 407 33
1596 9148 33
2636 8871 33
2001 5115 33
3219 9422 33
4292 9249 33
3172 9289 33
587 7188 33
1338 1592 33
5332 8612 33
1941 3114 33
8574 9991 33
3000 5760 33
2949 6575 33
8728 9746 33
6213 9590 33
2992 5880 33
7011 7831 33
4422 8923 33
40 9016 33
5416 6660 33
7046 9787 33
7719 8105 33
3178 7656 33
3905 5354 34
875 4000 34
5507 5873 34
2067 4745 34
1532 8126 34
9387 9854 34
1146 4475 34
3633 5838 34
9081 9594 34
3834 6018 34
2007 7695 34
5485 7541 34
1594 2656 34
3800 4289 34
3817 6733 34
3819 6152 34
1131 2243 34
5125 9986 34
9027 9550 34
14 473 34
916 9641 34
915 6722 34
6276 9123 34
2970 5595 34
7392 8475 34
2174 9191 34
465 7235 34
6293 8093 34
4469 8020 34
2912 4016 34
6665 9076 34
5744 7826 34
2156 7689 34
386 2762 34
2479 8107 34
398 6760 34
6705 9943 34
2294 8990 34
601 5634 34
2723 6273 34
2623 9498 34
1222 4883 34
5310 5605 34
576 674 34
6326 8616 34
572 2828 34
1327 7082 34
1820 5285 34
949 7184 34
2635 8818 34
2641 3622 34
4644 8072 34
943 3710 34
2662 4902 34
641 6597 34
6807 8739 34
7253 8376 34
2858 5231 34
7234 8060 34
2576 6884 34
523 2788 34
5208 7074 34
4527 8496 34
2825 7288 34
541 4217 34
2270 4806 34
6321 8027 34
5220 8463 34
2228 9911 34
7109 9216 34
1797 6613 34
963 8419 34
6518 9622 34
3325 8554 34
8219 8341 34
2110 5151 34
3310 4078 34
1486 3009 34
249 3132 34
1698 4080 34
1487 2285 34
3248 6964 34
1670 9459 34
4811 5144 34
5667 7843 34
1673 6629 34
3391 8910 34
829 9079 34
4177 6142 34
3367 4176 34
2399 9106 34
1482 6909 34
6568 9517 34
1464 3596 34
7674 9636 34
1246 2663 34
7594 9062 34
1721 6488 34
3159 9999 34
4295 7405 34
3158 4962 34
2308 3177 34
2082 3290 34
4767 5956 34
1274 9770 34
8286 9424 34
3474 4801 34
7824 8433 34
3236 9245 34
1053 6357 34
5237 7061 34
2368 4471 34
1439 3584 34
294 9611 34
7593 9666 34
4265 4516 34
4113 8574 35
2606 7470 35
4900 5706 35
5146 9113 35
2626 7602 35
3856 9862 35
2288 2723 35
2514 2802 35
4785 6559 35
4720 7054 35
1585 2222 35
1863 4161 35
2381 7661 35
1985 6663 35
4678 5283 35
2580 6175 35
5293 8795 35
2315 7198 35
4792 5007 35
4789 9428 35
5015 7287 35
3265 8500 35
1629 5234 35
3620 5783 35
4276 5112 35
2137 3989 35
5501 5676 35
3100 6628 35
4341 9626 35
1652 3894 35
3465 6289 35
3464 9008 35
3525 7126 35
4100 7691 35
1663 1825 35
2054 7817 35
2087 9826 35
4381 9155 35
5481 5884 35
2094 5432 35
4069 4991 35
2097 4359 35
5491 5823 35
5186 9617 35
3572 4948 35
4594 7463 35
1791 8576 35
5128 6216 35
2789 4053 35
4579 6587 35
2747 5499 35
2741 9969 35
1803 5894 35
4600 9639 35
2711 4223 35
1601 2463 35
4619 4936 35
3781 7864 35
3039 6891 35
3037 3504 35
4987 6635 35
5387 7156 35
3011 4558 35
1615 2471 35
4010 8426 35
2653 7133 35
2209 5807 35
4519 7748 35
3742 3814 35
6657 9643 35
543 4963 35
9349 9579 35
1515 7005 35
7840 8893 35
435 7426 35
7926 8083 35
6799 9645 35
1350 4200 35
622 2601 35
697 8884 35
88 2112 35
392 7642 35
202 6719 35
1484 4377 35
46 1083 35
8169 9381 35
1191 3467 35
8117 9287 35
7089 7306 35
164 9395 35
811 8976 35
6061 8600 35
822 1481 35
5642 6363 35
1416 4068 35
68 6217 35
480 5521 35
6584 9816 35
5666 7047 35
1321 5635 35
1193 8020 35
925 7446 35
517 2809 35
511 2152 35
7230 9152 35
6943 6951 35
1004 8782 35
6943 8013 36
1691 4291 36
1331 6985 36
2191 7326 36
692 7130 36
2203 8819 36
9737 9758 36
18 7883 36
6929 8131 36
2640 3810 36
3531 9108 36
4965 5931 36
4226 8653 36
3129 8749 36
718 7610 36
2534 5022 36
4307 9710 36
2274 7839 36
1708 9676 36
27 7821 36
4314 8571 36
6446 9426 36
749 6983 36
4866 7285 36
6405 7656 36
135 3366 36
3844 4983 36
5983 6805 36
8937 9788 36
1204 1376 36
672 8411 36
5631 9702 36
3248 5562 36
697 882 36
4214 9299 36
3106 4343 36
2570 4968 36
4536 9237 36
2959 9540 36
2829 9816 36
5323 9546 36
6528 7520 36
7211 8040 36
1559 9717 36
7104 8112 36
565 7739 36
1182 2921 36
7418 7905 36
4051 7444 36
7302 9032 36
164 3175 36
3469 6743 36
7327 8258 36
4509 9599 36
4111 9699 36
837 1103 36
150 1313 36
3175 5317 36
2140 9301 36
5458 8945 36
3556 3664 36
4766 7591 36
3178 5901 36
6962 9767 36
2170 9064 36
1545 7152 36
5186 8244 36
6967 7674 36
626 3126 36
7532 9181 36
1529 4335 36
5047 9052 36
9195 9964 36
1062 9175 36
4155 4257 36
7803 8905 36
3711 4117 36
6508 7015 36
5304 9333 36
3705 5352 37
6464 6571 37
864 1691 37
5685 8741 37
1106 5481 37
3420 6677 37
5059 8351 37
5763 9267 37
1060 2327 37
5047 5216 37
1059 6696 37
5391 9408 37
213 4958 37
1773 6594 37
1136 5171 37
2041 4845 37
3646 8673 37
5099 5269 37
7952 8581 37
957 5018 37
5195 6857 37
12 27 37
4888 8670 37
1212 9694 37
895 3060 37
3368 9266 37
2158 3996 37
8404 9594 37
9508 9737 37
981 2581 37
3332 8759 37
2218 5902 37
3983 5188 37
355 521 37
5890 7686 37
2624 5289 37
1636 8323 37
2648 8735 37
4365 7011 37
2657 6702 37
739 6720 37
733 2532 37
6769 7451 37
5478 8734 37
7634 8016 37
1293 1326 37
7422 8718 37
7118 9848 37
1814 2412 37
7380 9001 37
7379 9559 37
9123 9769 37
572 8638 37
1589 3648 37
2863 3027 37
19 978 37
5847 7682 37
3979 4076 37
1297 4433 37
599 9942 37
1841 5119 37
589 7447 37
4768 8470 37
1799 6017 37
1896 8443 37
313 8593 37
789 4010 37
1486 3086 37
4762 6295 37
2433 9051 37
477 7144 37
2471 7878 37
3724 5712 37
3014 5369 38
581 1696 38
4400 6188 38
3591 8307 38
1329 3046 38
3382 8750 38
2367 6103 38
3933 5766 38
5001 7711 38
4368 7669 38
5947 7743 38
5020 8202 38
854 5597 38
2125 8796 38
1533 5640 38
3036 7689 38
2698 9325 38
5600 5668 38
7213 8214 38
1312 4875 38
2033 5773 38
2832 3416 38
4524 9593 38
2820 3667 38
2042 8856 38
4134 7361 38
3211 7800 38
2406 4300 38
8543 9263 38
4813 8842 38
2429 4778 38
2750 4003 38
1604 3611 38
4537 4934 38
6194 6300 38
2079 7466 38
1758 8714 38
419 1507 38
6350 9532 38
4217 4338 38
689 7334 38
5711 6839 38
3296 8821 38
216 2844 38
4925 5522 38
4212 4896 38
8715 9296 38
1638 2569 38
6397 7566 38
911 2188 38
5143 6544 38
4234 6364 38
263 617 38
3992 4284 38
2541 4885 38
2317 2879 38
4118 5735 38
6761 8673 38
125 4186 38
1334 4360 38
9434 9606 38
6464 8981 38
2465 8855 38
1019 1230 38
1018 6246 38
7713 8127 38
864 945 38
3358 7630 38
4039 4806 38
3321 8529 38
2602 3267 38
5987 9078 38
5629 9204 38
4 3400 38
3097 6884 38
764 3625 38
2616 9818 38
95 6815 38
1418 3190 38
984 5395 38
2467 5627 38
2201 2930 39
1822 8696 39
4059 7609 39
5980 9522 39
133 2984 39
1224 8355 39
3508 8073 39
3512 5519 39
5870 8261 39
4099 7151 39
1287 5781 39
2532 3681 39
3124 9910 39
6782 7933 39
6795 9702 39
696 4749 39
2565 5334 39
672 1249 39
4331 8406 39
2600 9815 39
4647 9104 39
7565 9023 39
4811 5847 39
2406 6664 39
4776 9228 39
2455 6788 39
2487 9324 39
6727 9407 39
554 6194 39
7409 9915 39
7406 9107 39
2957 7376 39
2955 3364 39
2841 9636 39
2847 7362 39
7233 9818 39
2649 7860 39
6962 9090 39
2685 8604 39
2992 5490 39
1049 9362 39
8110 9985 39
3378 3966 39
2157 2393 39
2162 5797 39
2017 8971 39
6093 8062 39
8250 9464 39
1016 8254 39
3436 9980 39
5072 7880 39
881 9317 39
907 4062 39
902 6818 39
2321 3035 39
2329 7990 39
877 2990 39
6455 8813 39
2356 4138 39
7806 9516 39
6262 9110 39
3348 7778 39
2185 2742 39
990 2395 39
4204 8943 39
1163 2715 39
7943 8848 39
2251 6425 39
244 5876 39
4214 7558 39
942 2060 39
4903 5381 39
1502 3345 39
1434 2229 39
5830 6836 39
1680 2312 39
1710 7254 39
1561 2306 39
3706 6553 39
3631 4345 39
5809 8417 39
5659 7969 39
1638 9656 39
6304 7709 40
2206 6233 40
2218 5687 40
1724 9597 40
965 9992 40
4561 4593 40
1652 2923 40
4975 5730 40
1960 9032 40
5403 5535 40
8019 9754 40
61 726 40
3799 7514 40
3768 5574 40
3723 5989 40
2897 3176 40
4217 7780 40
4908 5072 40
1666 9309 40
52 4503 40
646 2659 40
5500 6496 40
4084 8503 40
2891 4635 40
779 7241 40
4082 5780 40
1719 8094 40
2253 6239 40
4216 8880 40
1256 4595 40
2035 6290 40
38 380 40
6808 7777 40
3965 5159 40
6103 8830 40
8158 9004 40
1059 7161 40
171 869 40
2062 3362 40
1372 5176 40
672 7505 40
345 9558 40
5534 7624 40
5111 7077 40
3033 5346 40
2877 5893 40
1026 1203 40
359 3578 40
7375 9252 40
7180 8610 40
2618 6780 40
4705 5847 40
2007 7551 40
7635 9872 40
1053 1061 40
1009 2654 40
2144 9154 40
2873 4276 40
6243 6931 40
2442 4486 40
2400 9959 40
2905 2908 40
5693 8310 40
384 1976 40
7072 7396 40
1689 8349 40
4800 8101 40
1863 9497 40
1824 6716 40
5900 6160 40
6617 6652 40
1326 2568 40
2998 4841 40
1849 7632 40
1844 2905 40
4263 9883 40
2691 8477 40
2761 7227 40
2808 4177 41
7480 8309 41
1925 6746 41
1929 3643 41
575 4123 41
2194 3228 41
833 2298 41
1063 5052 41
5301 6633 41
1834 3766 41
969 1619 41
1214 4576 41
3058 4249 41
8858 9054 41
7976 8746 41
3331 3549 41
4991 5353 41
1844 6898 41
7588 9047 41
1329 9798 41
8051 9951 41
149 4272 41
1360 3447 41
1025 7535 41
1031 7953 41
4997 8937 41
2140 8303 41
6863 6875 41
5390 8966 41
274 553 41
1051 2436 41
4527 6359 41
4101 4425 41
1197 2058 41
2825 5911 41
412 6999 41
2425 7678 41
9327 9672 41
2356 6790 41
3091 7342 41
4709 4717 41
56 7004 41
2456 4915 41
6378 6385 41
2450 9127 41
630 8783 41
482 7853 41
1120 4602 41
182 4591 41
5915 6428 41
3953 4884 41
3461 6383 41
1098 3952 41
2066 7180 41
3286 9732 41
951 4679 41
2861 4743 41
1531 5800 41
24 9423 41
3031 9965 41
462 8485 41
1114 1419 41
5087 7600 41
255 8378 41
76 7030 41
916 8511 41
3162 7499 41
5963 8214 41
4544 7721 41
2636 6463 41
7699 9454 41
1097 1533 42
2068 8591 42
6879 7376 42
2051 8709 42
693 4779 42
2135 3553 42
2066 2106 42
2959 5984 42
6186 6571 42
1311 2802 42
2757 8581 42
3603 5550 42
5528 7709 42
7441 7749 42
2864 4431 42
7215 8386 42
1839 3511 42
3954 6957 42
5118 8307 42
2393 6950 42
4674 5031 42
1120 8972 42
8194 9199 42
4590 5654 42
1478 1629 42
2630 9529 42
4207 6742 42
416 428 42
7401 7864 42
8002 8766 42
2192 7873 42
4882 5021 42
486 1651 42
4537 4542 42
1948 2658 42
5983 8056 42
5327 9033 42
6929 9782 42
304 4482 42
3624 9995 42
33 398 42
7289 8888 42
630 2309 42
1728 7555 42
3726 9082 42
299 8947 42
6503 8559 42
1016 6754 42
4105 7514 42
6269 6638 42
1609 3973 42
42 49 42
8077 8630 42
1190 1265 42
1804 4704 42
225 403 42
8385 8778 42
1702 3822 42
3811 6838 43
2267 3030 43
1449 8474 43
1479 6070 43
785 1086 43
1677 8611 43
1381 2496 43
265 5955 43
3844 8268 43
2405 5799 43
5525 6806 43
4863 8585 43
5769 8933 43
3125 9607 43
3710 6944 43
3343 6790 43
2961 8137 43
6260 8618 43
280 2564 43
3793 8679 43
4022 9938 43
6685 6849 43
9334 9369 43
2775 3552 43
6185 7723 43
788 9087 43
6804 9508 43
6181 6551 43
3114 4603 43
77 9647 43
2493 9499 43
3155 6227 43
7412 8743 43
2342 8457 43
4206 6627 43
959 3663 43
3786 9036 43
8351 8765 43
7550 8831 43
2941 4675 43
5613 6239 43
5800 6777 43
6968 8601 43
2686 5314 43
1152 3969 43
1611 4542 43
4110 4287 43
1905 6500 43
458 2649 43
1141 4968 43
2029 2149 43
3559 5711 43
4677 9847 43
2025 6809 43
1194 8391 43
4653 6692 43
5285 5546 43
2851 5189 43
4612 7267 43
1960 7230 43
4480 5391 43
3517 8330 43
136 5918 43
3538 5405 44
6238 9358 44
1393 8731 44
2986 7230 44
6309 8326 44
4109 9483 44
3692 8299 44
3476 4274 44
5006 6446 44
3213 8318 44
6933 8166 44
6796 8631 44
962 2015 44
6549 8279 44
3094 5065 44
1155 2986 44
2827 5001 44
5205 7370 44
4027 8153 44
4784 5045 44
2721 5512 44
1553 2693 44
3308 8422 44
2475 5599 44
5615 6750 44
633 1702 44
574 4194 44
6741 8204 44
2949 5456 44
3456 9663 44
1480 2821 44
8198 8575 44
2568 8079 44
3961 8386 44
7323 8009 44
329 3972 44
8626 9715 44
1764 3836 44
304 7034 44
692 4653 44
7648 7651 44
2331 7383 44
2055 7537 44
1767 5396 44
5823 6671 44
2513 8003 44
1874 5172 44
2065 2501 44
3186 5555 44
695 3787 44
5694 6068 44
1835 3490 44
8183 9460 44
4029 5122 44
929 9802 44
8290 9081 44
98 2247 44
4385 7319 44
1195 7762 44
3170 9816 44
6466 8229 44
1667 6814 44
1445 3721 44
7361 9073 44
4874 5056 44
7835 9438 44
4654 8175 45
7656 9318 45
7264 8779 45
2808 2852 45
4300 7675 45
8799 9518 45
3593 4596 45
1885 5136 45
3267 3666 45
1692 3828 45
2299 7973 45
118 543 45
863 4248 45
9251 9965 45
120 7323 45
6953 9762 45
120 888 45
3059 9512 45
6426 7494 45
893 1870 45
5253 5785 45
4864 8691 45
1724 2615 45
4931 9846 45
5210 9283 45
2237 5434 45
4652 7744 45
4353 8403 45
1339 7626 45
933 4497 45
2554 7595 45
619 1252 45
3836 3958 45
4111 9303 45
704 2499 45
7632 8172 45
2158 9212 45
4438 7338 45
4448 9255 45
1113 9860 45
2027 8875 45
8898 9213 45
5758 7809 45
338 814 45
2870 3068 45
525 3646 45
2570 5904 45
7522 8628 45
5512 8207 45
2402 4033 45
6262 6348 45
9036 9866 45
7616 8716 45
6118 7755 45
7354 7588 45
4775 9166 46
246 1751 46
168 5559 46
3104 7132 46
800 9264 46
3058 4346 46
2236 6969 46
442 981 46
9232 9983 46
1482 1807 46
5523 8655 46
827 2429 46
4585 4931 46
2711 5691 46
1389 1602 46
4069 7471 46
5107 8294 46
1290 4220 46
3071 6381 46
109 208 46
1664 3339 46
5047 6336 46
8236 8276 46
5702 9624 46
606 1224 46
4535 6930 46
5473 6056 46
2526 9960 46
751 2862 46
4201 9484 46
1279 8227 46
4659 5778 46
1742 2960 46
6545 9279 46
1075 3269 47
7796 9901 47
1505 2873 47
2195 6866 47
294 539 47
4622 6990 47
2655 7342 47
7180 8742 47
2777 9308 47
1803 8962 47
6426 9224 47
2310 4421 47
1616 1985 47
1306 1323 47
5599 6699 47
4141 8667 47
1186 6871 47
2994 9096 47
9178 9632 47
4053 7619 47
3266 9060 47
1494 3246 47
26 6153 47
1733 1869 47
602 6211 47
3783 9742 47
4607 6882 47
4120 4609 47
4380 8828 47
6443 9030 47
4023 7819 47
3773 7256 47
1923 3735 47
4748 9360 47
5880 7160 47
814 1502 47
3124 3671 47
9730 9800 47
5149 9398 47
8238 9143 47
1440 5043 47
3101 3868 47
2206 5973 47
6374 6543 47
8270 8627 47
885 1670 47
7373 8437 47
6437 7625 47
4551 8064 47
3853 4688 47
6358 9718 47
3861 7598 47
3814 7972 47
1388 6395 47
3535 9432 47
1639 4310 47
3158 5110 48
6539 8834 48
9396 9990 48
801 6046 48
3229 4410 48
299 6089 48
413 1318 48
3209 5961 48
1613 4514 48
4198 6133 48
9053 9258 48
700 5124 48
657 855 48
6836 8302 48
5410 8337 48
5164 5920 48
5162 6482 48
1737 4625 48
3110 5128 48
7 194 48
418 1070 48
6411 6434 48
2578 3527 48
6384 6608 48
512 6693 48
688 9017 48
1332 4534 48
1866 9722 48
1267 9063 48
6349 7926 48
2846 8775 48
4543 5173 48
1088 6511 48
6328 6640 48
928 7491 48
2948 8563 48
2264 3801 48
1634 7010 49
4685 6669 49
621 5303 49
7560 9166 49
4641 8575 49
4289 7730 49
3162 5300 49
3897 4133 49
578 9338 49
3173 5277 49
724 1263 49
4005 9383 49
9342 9491 49
2526 5851 49
2541 4329 49
4622 7676 49
2512 3753 49
7948 9390 49
247 3650 49
3536 6703 49
926 8544 49
2803 3102 49
544 1910 49
7954 9754 49
5139 7619 49
2941 6351 49
3701 6377 49
6448 8900 49
4423 5815 49
7204 9703 49
4174 7275 49
1756 5264 49
1802 5381 49
3333 3673 49
2208 8836 49
1020 4444 49
220 1813 49
2169 9280 49
5940 7375 49
1008 2447 49
851 1288 49
71 6146 49
7786 8927 49
8370 9013 49
5794 9025 49
429 2230 50
8114 8918 50
2190 9810 50
2707 4548 50
3063 7275 50
6316 9305 50
1269 4816 50
2364 2784 50
5593 6253 50
3213 7131 50
5614 7268 50
3974 7820 50
4999 6328 50
208 9441 50
3215 6359 50
2385 3277 50
434 2000 50
5397 9814 50
101 6356 50
7443 8048 50
3898 4369 50
1045 4166 50
2637 8854 50
2637 4721 50
6551 9116 50
6940 8283 50
4397 6850 50
8164 8633 50
6088 8629 50
3791 5489 50
2834 6066 50
524 7044 50
7717 8532 50
4675 5874 50
951 6297 50
7237 8802 50
3020 4371 50
1552 3385 50
3663 6091 50
1859 3215 50
2257 3211 50
5518 7851 50
2051 9734 51
8658 9400 51
2714 6963 51
4452 9668 51
1169 2013 51
8952 9227 51
4119 9886 51
1358 4515 51
6133 8867 51
5335 6376 51
390 4881 51
6820 8826 51
4649 9531 51
4649 9015 51
2060 9353 51
585 9476 51
3057 4417 51
3276 6808 51
3269 4838 51
1528 3755 51
2220 3264 51
1270 4666 51
5413 7131 51
7408 8869 51
3306 6486 51
1462 6088 51
832 6152 51
3593 7434 51
1591 5366 51
3764 5002 51
4044 5835 51
3131 6317 51
5400 6735 51
1014 7134 51
6274 7561 51
1390 4198 51
4645 9205 51
3663 4624 51
3394 6471 51
4023 8903 51
5651 8368 51
4376 6614 52
1519 3784 52
5956 9596 52
3 5305 52
480 2115 52
1352 4821 52
1227 6875 52
5944 9868 52
762 6509 52
3728 7580 52
5412 6222 52
8679 8745 52
7809 8425 52
6492 9825 52
1462 6082 52
3231 4969 52
6485 6793 52
3217 8765 52
4770 6053 52
3719 8913 52
4251 4404 52
272 1135 52
3966 9453 52
1640 7624 52
2057 2381 52
6819 8346 52
1109 5670 52
5567 6513 52
508 7687 52
6840 8824 52
4676 9962 52
1505 4024 52
3478 7371 52
3095 7345 52
1056 2198 52
1397 5261 52
6762 7632 52
5377 7224 52
538 2415 53
7166 7759 53
2705 6269 53
4382 7317 53
9253 9502 53
6192 9298 53
7751 9609 53
5377 5524 53
6633 7467 53
4808 4831 53
2482 5999 53
8854 9264 53
6122 8655 53
4923 5898 53
2356 2935 53
978 4547 53
5440 7912 53
2647 6410 53
1351 9339 53
4086 9695 53
8480 9159 53
1880 9464 53
1225 2687 54
1282 1963 54
5881 8791 54
7323 7438 54
3867 8429 54
4143 7450 54
8362 8625 54
1150 9196 54
445 4451 54
223 1583 54
3962 5930 54
4108 9007 54
3512 6612 54
995 3123 54
44 3763 54
3101 4236 54
6833 9757 54
2999 5108 54
9808 9945 54
2368 2373 54
3098 6906 54
3844 5592 54
2464 4765 54
5665 7403 54
7647 9185 54
1490 7400 54
6582 6625 54
6451 6726 54
732 1407 55
333 2839 55
4674 8941 55
1274 6038 55
5903 6339 55
3087 4929 55
8499 9690 55
5484 6895 55
1360 7813 55
5352 9941 55
8091 9294 55
6591 8316 55
2399 9462 55
1729 5233 55
7964 9832 55
6653 8816 55
4898 7915 55
517 5095 55
3893 5815 55
788 5064 55
8504 8674 56
3448 4577 56
8304 8856 56
3957 5386 56
4262 6716 56
3527 9275 56
3677 5757 56
2112 9709 56
1977 9897 56
1310 9485 56
2822 6318 56
2705 5787 56
7229 7814 56
1644 9151 56
6842 6871 56
1236 5425 56
4767 8720 56
2088 3313 56
2646 9334 56
1666 3745 56
2478 2682 56
2197 9116 57
2190 8223 57
2088 2849 57
1067 9269 57
4280 6258 57
6758 7385 57
2582 5651 57
2216 8651 57
6545 6987 57
4859 9792 57
5213 6569 57
60 7340 57
425 8568 57
2928 3806 57
8606 9020 57
5132 8058 57
7314 9174 57
2021 4945 57
1782 6927 57
9046 9513 57
4329 7629 58
86 718 58
726 9274 58
1491 1494 58
2563 4546 58
40 7143 58
690 8297 58
3780 3803 58
1 2378 58
3167 4396 58
752 7540 58
3526 9331 58
1961 8907 58
1054 2876 58
3355 5155 58
2323 5608 58
7881 9145 58
8543 9839 58
3572 9261 58
3020 9584 58
2678 9042 58
2918 6956 58
2630 3998 58
2726 3493 58
4530 7693 58
2239 5466 59
3293 9624 59
1499 6174 59
57 773 59
3895 8810 59
7719 8713 59
3469 5533 59
9572 9748 59
1089 4419 59
2005 2427 59
1201 5811 59
4033 5826 59
1038 7158 59
2722 7981 59
7436 7993 59
580 8237 59
2133 2695 59
9114 9340 59
4752 8490 59
6729 9091 59
2457 8570 59
3326 9452 60
7609 8274 60
1422 1820 60
4179 6798 60
1751 3807 60
398 2916 60
4384 6395 60
2793 6155 60
6362 8606 60
254 857 60
2003 5903 60
3445 7301 60
709 2815 60
182 4966 60
2032 5502 60
8516 9342 60
1255 9139 60
5121 7354 60
1509 9799 60
4827 9544 60
835 2099 60
4625 8347 60
5728 7533 61
1241 5965 61
629 7363 61
772 9901 61
2868 3082 61
1324 8282 61
5077 5358 61
570 2132 61
2186 3222 61
786 6794 61
911 2503 61
4876 5722 61
3897 4518 61
5875 7952 61
2242 9493 61
6643 9741 61
7006 8253 61
4114 5025 61
1081 9214 62
4774 7113 62
1632 1884 62
6059 8580 62
4684 7070 62
4281 5435 62
6591 9869 62
2430 8360 62
4657 9293 62
3998 9724 62
3730 5988 62
2705 8329 62
85 922 62
4726 7266 62
4235 9449 62
214 6774 62
5710 9714 63
5592 6530 63
6618 9716 63
1577 1927 63
1687 8607 63
1687 2301 63
6361 8353 63
5538 9462 63
2097 2787 63
5327 6505 63
5074 6384 63
5759 5859 63
202 6409 63
4154 5935 63
5532 7617 63
3678 9119 63
2207 5644 63
658 6035 63
232 3071 63
6740 6944 63
2953 4729 63
1317 1818 63
3786 5839 64
7322 9560 64
5306 6064 64
7088 9708 64
3915 4711 64
2393 6154 64
8162 9987 64
5977 8672 64
6036 9965 64
3164 6030 64
747 5410 64
5972 6872 64
38 4916 65
3312 5900 65
3165 6681 65
6852 8702 65
866 2431 65
495 8787 65
2769 4157 65
3952 4267 65
6108 6140 65
1962 3674 65
7146 7682 65
5026 6059 65
2858 6458 65
158 1137 66
5503 7606 66
39 9105 66
952 3452 66
3616 5050 66
891 8281 66
3808 8260 66
918 5589 66
5437 6941 66
526 3074 66
4252 5295 66
3832 5074 67
4875 7846 67
2336 8041 67
857 3897 67
2443 5856 67
6243 8997 67
5788 9973 67
5865 9808 67
1141 6360 67
7666 8926 67
4081 7688 67
8956 9503 67
2727 4219 67
5873 8710 68
6699 7546 68
1215 2358 68
792 4041 68
250 6954 68
2221 8615 68
880 9689 68
410 8104 68
2052 8462 69
386 4689 69
5446 8315 69
8468 8964 69
2567 5017 69
8836 9942 69
2575 7942 69
2276 7677 69
1042 1325 69
1478 2011 69
836 4844 70
6690 9029 70
1429 6880 70
2935 5653 70
5896 7401 70
3542 6182 70
4059 5131 70
6563 9112 71
5728 9949 71
5698 6319 71
4978 7888 71
4330 6393 71
5941 9439 71
6248 7068 71
501 5943 71
5023 7489 71
1516 5293 71
1178 7038 72
1064 6311 72
1917 4237 72
1251 6929 72
6674 7163 72
4199 5199 72
4105 4993 72
3639 6863 72
313 3274 73
4150 5180 73
4184 7501 73
9070 9156 73
6504 9115 73
7364 7800 74
2533 6684 74
3404 4838 74
6116 9926 74
9395 9403 75
3805 4924 75
5954 8776 75
1127 7684 75
3238 9353 75
4233 8621 75
4430 5450 75
2108 5033 76
2391 8579 76
6283 8226 76
1497 7874 76
663 1635 76
1332 1759 76
4333 9256 76
3247 5905 76
3719 9906 76
4084 5715 76
3545 8498 76
570 4706 77
8187 8497 77
5534 9071 77
4443 8159 77
4421 4694 77
666 6878 77
4753 9636 77
86 5482 78
2357 5305 79
4506 9725 79
4166 8399 79
1575 6380 79
95 8828 80
4830 6248 80
3537 4909 81
7833 8621 81
6982 8352 81
7799 7829 81
5971 9567 81
1952 7780 81
5012 5681 82
956 2284 82
899 6971 82
2517 4899 82
7120 8787 82
1137 3955 82
7246 9429 82
2507 7719 82
6700 9127 83
8332 8999 83
5049 9097 83
4736 8544 83
6322 8383 84
3852 4304 84
1584 9621 84
507 3314 84
576 6767 85
5075 9158 85
7717 9783 85
565 7240 85
3661 4321 86
7667 7790 86
981 1894 86
4374 7872 86
1528 6232 87
7540 7928 87
4952 7324 87
3001 6104 87
2152 4460 88
8143 9463 88
6687 8435 88
8252 9588 88
1088 1557 89
2899 4130 89
8944 9978 89
8794 9365 90
1080 8078 90
3159 3892 90
5197 6992 92
497 3649 93
2578 8744 94
1127 9417 96
185 5995 97
7393 9207 97
6480 8416 98
3566 8419 99
602 6184 100

Total MST weight: 203230
Execution time: 11.112 ms
