10000 20000
0 2 1 9999
1 6 0 2 596 3594 7384 8439
2 4 1 3 1983 5139
3 3 2 4 278
4 4 3 5 5560 9458
5 6 4 6 1904 2298 8176 8652
6 2 5 7
7 8 6 8 3966 4652 4676 7608 8311 8979
8 4 7 9 4738 5618
9 4 8 10 1328 7802
10 5 9 11 188 5030 6758
11 3 10 12 831
12 7 11 13 1192 2975 3021 4620 6495
13 7 12 14 2796 4740 7090 8651 8732
14 4 13 15 2289 6413
15 4 14 16 1898 1968
16 5 15 17 1106 1384 4636
17 4 16 18 2052 8452
18 5 17 19 1414 6342 8866
19 4 18 20 3376 4909
20 5 19 21 106 5724 8613
21 4 20 22 2981 4629
22 4 21 23 4069 8685
23 3 22 24 8673
24 3 23 25 8957
25 3 24 26 9561
26 3 25 27 8581
27 3 26 28 5895
28 5 27 29 4794 6511 8189
29 5 28 30 228 7237 7465
30 7 29 31 442 622 4358 6684 8802
31 5 30 32 4585 5174 6378
32 5 31 33 924 3855 7936
33 3 32 34 8916
34 5 33 35 718 4532 4841
35 4 34 36 5563 9898
36 6 35 37 997 2799 7416 8102
37 6 36 38 5772 7976 8836 8977
38 3 37 39 9868
39 2 38 40
40 2 39 41
41 2 40 42
42 4 41 43 8097 8417
43 4 42 44 2351 6554
44 2 43 45
45 4 44 46 888 2889
46 3 45 47 2473
47 2 46 48
48 4 47 49 4216 9973
49 3 48 50 734
50 5 49 51 3161 4840 8770
51 3 50 52 6170
52 3 51 53 5735
53 5 52 54 3702 7137 8654
54 4 53 55 1659 2382
55 6 54 56 1748 2599 6536 7084
56 5 55 57 2221 2577 6918
57 5 56 58 534 2777 7293
58 2 57 59
59 4 58 60 6589 7135
60 5 59 61 5812 6717 8692
61 4 60 62 2690 9467
62 4 61 63 3716 4301
63 3 62 64 9742
64 4 63 65 3627 9643
65 3 64 66 2783
66 5 65 67 3444 7828 8098
67 3 66 68 98
68 4 67 69 6577 8870
69 4 68 70 1663 7864
70 4 69 71 4384 5577
71 3 70 72 321
72 2 71 73
73 4 72 74 7101 8923
74 4 73 75 1446 7327
75 6 74 76 256 1420 3044 6685
76 4 75 77 2194 3056
77 2 76 78
78 4 77 79 4838 5797
79 4 78 80 6905 9934
80 3 79 81 9607
81 2 80 82
82 5 81 83 1395 1978 9356
83 3 82 84 8887
84 3 83 85 7072
85 4 84 86 5508 8549
86 5 85 87 1735 2395 4896
87 7 86 88 3962 5804 6526 7007 7127
88 3 87 89 2396
89 5 88 90 1034 2425 3436
90 5 89 91 4067 4913 6836
91 5 90 92 6868 8644 8998
92 8 91 93 159 2674 4950 5925 6786 8328
93 2 92 94
94 7 93 95 1372 2927 3453 6727 8374
95 5 94 96 320 731 1548
96 3 95 97 4692
97 4 96 98 5829 6797
98 8 67 97 99 2174 3747 9369 9756 9936
99 4 98 100 1704 3697
100 4 99 101 6482 8227
101 4 100 102 5308 9569
102 5 101 103 776 5910 7598
103 4 102 104 2511 7974
104 6 103 105 767 1527 5088 9889
105 6 104 106 2845 4313 8255 8761
106 5 20 105 107 4532 9215
107 3 106 108 5090
108 4 107 109 3432 5067
109 4 108 110 760 4592
110 3 109 111 3769
111 3 110 112 146
112 4 111 113 3756 8898
113 4 112 114 1529 3749
114 5 113 115 2636 2743 8058
115 5 114 116 4322 5144 7324
116 7 115 117 2131 4517 5074 8116 9924
117 4 116 118 410 7402
118 4 117 119 2341 6923
119 7 118 120 545 1045 1257 2691 4139
120 4 119 121 8354 9120
121 4 120 122 1823 2278
122 3 121 123 8644
123 4 122 124 3799 3957
124 3 123 125 9708
125 4 124 126 661 8302
126 4 125 127 8098 8800
127 6 126 128 1733 6388 7135 9366
128 4 127 129 995 7653
129 3 128 130 4257
130 4 129 131 3352 3357
131 3 130 132 2179
132 5 131 133 310 4052 8512
133 4 132 134 3087 9119
134 2 133 135
135 2 134 136
136 5 135 137 2134 7271 9919
137 5 136 138 176 6296 7548
138 5 137 139 4516 5030 5810
139 4 138 140 1009 1155
140 3 139 141 3986
141 3 140 142 1854
142 4 141 143 5496 6093
143 3 142 144 9168
144 4 143 145 3871 3934
145 3 144 146 7825
146 5 111 145 147 994 4693
147 6 146 148 4250 4345 6698 9670
148 9 147 149 627 1215 1725 3733 4051 6298 7993
149 2 148 150
150 2 149 151
151 6 150 152 4311 5183 6900 7067
152 2 151 153
153 4 152 154 4485 7670
154 6 153 155 939 5291 5785 9221
155 2 154 156
156 3 155 157 9498
157 5 156 158 2252 6020 7098
158 4 157 159 1675 8634
159 4 92 158 160 1822
160 3 159 161 5694
161 3 160 162 9775
162 2 161 163
163 4 162 164 4198 5938
164 2 163 165
165 4 164 166 612 5178
166 3 165 167 6271
167 4 166 168 5141 8858
168 4 167 169 4462 9349
169 3 168 170 7657
170 4 169 171 2689 4780
171 5 170 172 378 3859 5191
172 3 171 173 5216
173 6 172 174 268 4734 6410 9173
174 5 173 175 2136 2690 6296
175 4 174 176 3997 7427
176 4 137 175 177 3336
177 5 176 178 5120 5883 7648
178 6 177 179 1421 1572 5831 9003
179 3 178 180 1370
180 7 179 181 3607 5868 6279 7676 8072
181 2 180 182
182 5 181 183 3328 4926 5696
183 2 182 184
184 3 183 185 6960
185 2 184 186
186 4 185 187 7734 8457
187 3 186 188 5603
188 4 10 187 189 8168
189 4 188 190 6561 6593
190 7 189 191 756 1939 2493 6772 8387
191 4 190 192 2357 4605
192 2 191 193
193 3 192 194 9874
194 7 193 195 800 1593 2834 7089 9817
195 5 194 196 745 978 7445
196 5 195 197 1791 8277 8315
197 3 196 198 1941
198 5 197 199 4017 7056 8527
199 2 198 200
200 4 199 201 3279 9341
201 4 200 202 4533 6964
202 3 201 203 9403
203 4 202 204 3770 6708
204 3 203 205 5398
205 5 204 206 4236 5048 8953
206 3 205 207 407
207 4 206 208 5896 9794
208 4 207 209 945 4160
209 5 208 210 629 1725 6687
210 4 209 211 1285 1477
211 3 210 212 2520
212 3 211 213 5291
213 3 212 214 4087
214 3 213 215 3057
215 6 214 216 1348 2711 6070 8456
216 2 215 217
217 5 216 218 792 7031 9007
218 5 217 219 2730 8504 8590
219 3 218 220 1212
220 2 219 221
221 3 220 222 8058
222 4 221 223 3647 4429
223 7 222 224 480 906 1431 1649 4293
224 3 223 225 663
225 2 224 226
226 5 225 227 952 1635 1802
227 3 226 228 9032
228 4 29 227 229 885
229 4 228 230 7436 9253
230 4 229 231 8418 8915
231 4 230 232 3692 9499
232 2 231 233
233 6 232 234 6269 6932 8969 9699
234 5 233 235 845 1185 6332
235 4 234 236 564 1970
236 2 235 237
237 4 236 238 982 9467
238 4 237 239 1443 9129
239 2 238 240
240 4 239 241 2195 3368
241 6 240 242 3467 5325 7341 7968
242 8 241 243 3925 4965 6666 7340 7939 9517
243 4 242 244 5742 9413
244 3 243 245 3735
245 5 244 246 466 1991 9581
246 3 245 247 6126
247 4 246 248 2910 9371
248 4 247 249 1685 3467
249 2 248 250
250 4 249 251 2200 9010
251 5 250 252 5391 9027 9174
252 3 251 253 5757
253 3 252 254 9575
254 5 253 255 2073 2624 7454
255 4 254 256 5525 5691
256 7 75 255 257 1967 2773 3138 5962
257 4 256 258 446 2457
258 6 257 259 4482 7019 8119 9208
259 4 258 260 1667 9845
260 3 259 261 2265
261 4 260 262 4835 7909
262 2 261 263
263 4 262 264 8368 9435
264 6 263 265 569 4284 6578 7017
265 3 264 266 4237
266 2 265 267
267 5 266 268 2949 3640 5830
268 3 173 267 269
269 3 268 270 4418
270 3 269 271 8124
271 4 270 272 1884 4147
272 3 271 273 899
273 2 272 274
274 2 273 275
275 4 274 276 1479 6826
276 2 275 277
277 3 276 278 815
278 5 3 277 279 6090 8227
279 2 278 280
280 3 279 281 3353
281 5 280 282 4375 5815 9121
282 3 281 283 3591
283 3 282 284 8959
284 4 283 285 4549 6215
285 3 284 286 4797
286 4 285 287 3187 3643
287 5 286 288 3139 5973 6381
288 4 287 289 7562 9248
289 3 288 290 9599
290 5 289 291 3697 3970 6709
291 2 290 292
292 3 291 293 2229
293 3 292 294 4787
294 5 293 295 816 2959 9061
295 3 294 296 8476
296 5 295 297 2545 7909 8462
297 4 296 298 949 5915
298 3 297 299 2561
299 4 298 300 2371 8285
300 2 299 301
301 3 300 302 1068
302 3 301 303 2531
303 2 302 304
304 5 303 305 5334 5583 9465
305 2 304 306
306 2 305 307
307 3 306 308 1999
308 4 307 309 7429 8271
309 6 308 310 3359 6082 6128 9824
310 7 132 309 311 3141 3390 6262 9016
311 4 310 312 2271 6399
312 5 311 313 410 3519 8781
313 3 312 314 2100
314 4 313 315 6798 8488
315 6 314 316 455 3961 6944 9241
316 5 315 317 3715 5954 9166
317 7 316 318 2005 4056 6518 8941 9284
318 4 317 319 3411 4152
319 3 318 320 934
320 4 95 319 321 6998
321 6 71 320 322 2920 6843 9123
322 5 321 323 1373 7316 7753
323 3 322 324 2896
324 3 323 325 5031
325 5 324 326 472 4312 9503
326 5 325 327 1949 5364 6214
327 3 326 328 3920
328 8 327 329 3965 4477 5328 7407 8179 8900
329 3 328 330 6503
330 4 329 331 875 1106
331 3 330 332 2953
332 4 331 333 1560 7526
333 3 332 334 7293
334 5 333 335 1253 8843 9952
335 4 334 336 6768 8645
336 3 335 337 705
337 4 336 338 8300 9602
338 3 337 339 6690
339 4 338 340 6185 8614
340 6 339 341 3133 5015 7177 7775
341 2 340 342
342 3 341 343 1332
343 5 342 344 5698 6617 8440
344 5 343 345 1019 6350 8011
345 3 344 346 3631
346 2 345 347
347 5 346 348 3273 4892 8186
348 3 347 349 1521
349 4 348 350 1411 3494
350 5 349 351 450 2183 4864
351 8 350 352 954 1130 7114 7278 9831 9993
352 5 351 353 4129 5616 8583
353 4 352 354 1052 2962
354 3 353 355 9344
355 2 354 356
356 3 355 357 5076
357 3 356 358 3662
358 5 357 359 3576 6778 7028
359 2 358 360
360 6 359 361 2521 7162 9583 9856
361 4 360 362 6129 8932
362 5 361 363 1691 7357 8811
363 5 362 364 3252 5582 7453
364 4 363 365 6586 7822
365 4 364 366 2005 2636
366 2 365 367
367 6 366 368 1472 5402 6500 8866
368 7 367 369 904 1739 3901 8425 9047
369 4 368 370 1966 3466
370 4 369 371 6560 8113
371 4 370 372 1861 8661
372 3 371 373 1022
373 4 372 374 5020 8959
374 2 373 375
375 5 374 376 1751 9313 9956
376 5 375 377 4986 5026 8451
377 4 376 378 6206 6578
378 7 171 377 379 1298 2911 3139 6835
379 3 378 380 9607
380 3 379 381 5381
381 6 380 382 4471 5656 8320 8991
382 5 381 383 2070 6281 7621
383 9 382 384 439 3977 4812 5046 5627 7297 8251
384 3 383 385 2859
385 6 384 386 944 5573 7010 7769
386 4 385 387 6923 7728
387 4 386 388 2246 5627
388 3 387 389 6371
389 4 388 390 6545 7483
390 4 389 391 5328 5429
391 3 390 392 4064
392 5 391 393 2859 2884 4965
393 4 392 394 4902 5258
394 5 393 395 3137 3192 5161
395 5 394 396 645 3384 9604
396 5 395 397 2028 7505 7861
397 3 396 398 7532
398 4 397 399 2291 7560
399 3 398 400 9234
400 3 399 401 1561
401 2 400 402
402 4 401 403 585 704
403 4 402 404 1861 6547
404 3 403 405 1680
405 5 404 406 1723 4724 7146
406 4 405 407 4637 7214
407 6 206 406 408 1275 4108 5464
408 4 407 409 6060 6566
409 2 408 410
410 5 117 312 409 411 7359
411 4 410 412 2402 6106
412 5 411 413 2556 4958 8368
413 7 412 414 891 2608 5646 6591 9326
414 2 413 415
415 5 414 416 2445 3715 7224
416 4 415 417 3163 7344
417 6 416 418 4869 8658 9002 9633
418 10 417 419 1522 2553 2905 3916 5302 6384 8503 9482
419 4 418 420 7436 9160
420 3 419 421 8953
421 7 420 422 766 3275 5739 7504 8404
422 3 421 423 9066
423 3 422 424 5649
424 3 423 425 2625
425 3 424 426 2606
426 5 425 427 1829 4063 4260
427 5 426 428 1492 3402 8415
428 2 427 429
429 4 428 430 4268 7968
430 4 429 431 2660 8566
431 5 430 432 1946 4524 5328
432 2 431 433
433 3 432 434 1059
434 4 433 435 2399 4168
435 5 434 436 4373 6688 7296
436 3 435 437 9244
437 4 436 438 8628 9402
438 3 437 439 8999
439 5 383 438 440 7115 8486
440 4 439 441 1181 6164
441 7 440 442 4208 5358 5503 7056 8547
442 6 30 441 443 977 5914 8814
443 2 442 444
444 3 443 445 3552
445 5 444 446 1147 1835 9394
446 6 257 445 447 2179 8205 9940
447 3 446 448 650
448 4 447 449 472 8714
449 4 448 450 658 8675
450 6 350 449 451 3331 7532 9158
451 4 450 452 468 2140
452 3 451 453 6478
453 3 452 454 3196
454 3 453 455 5693
455 4 315 454 456 8724
456 2 455 457
457 8 456 458 3771 4424 6220 8289 8308 8556
458 3 457 459 8535
459 7 458 460 2170 2361 2945 3250 8366
460 2 459 461
461 3 460 462 532
462 2 461 463
463 2 462 464
464 4 463 465 2056 8631
465 4 464 466 1030 1463
466 5 245 465 467 6562 6681
467 5 466 468 1838 5191 7791
468 3 451 467 469
469 2 468 470
470 6 469 471 2429 4147 4853 7146
471 4 470 472 4041 4365
472 6 325 448 471 473 7725 8483
473 3 472 474 3003
474 2 473 475
475 2 474 476
476 5 475 477 578 4480 9843
477 2 476 478
478 2 477 479
479 3 478 480 546
480 3 223 479 481
481 6 480 482 2945 4585 8434 9533
482 2 481 483
483 5 482 484 2111 2164 5986
484 4 483 485 6542 8308
485 7 484 486 4507 7384 9454 9517 9889
486 5 485 487 1258 3170 7011
487 6 486 488 1353 2025 6105 8941
488 4 487 489 6990 7232
489 5 488 490 1724 6736 9747
490 5 489 491 5006 5238 9139
491 10 490 492 520 1452 2042 2855 3924 4221 4835 4903
492 3 491 493 2450
493 3 492 494 3707
494 3 493 495 7700
495 4 494 496 3562 6379
496 4 495 497 2531 9255
497 6 496 498 1713 3070 7696 8228
498 4 497 499 3589 5064
499 3 498 500 5143
500 5 499 501 1702 4014 9803
501 6 500 502 4541 5179 5343 8628
502 4 501 503 6007 8668
503 4 502 504 560 8518
504 3 503 505 5522
505 2 504 506
506 4 505 507 5792 9851
507 3 506 508 2802
508 2 507 509
509 3 508 510 1945
510 2 509 511
511 6 510 512 1303 2787 9629 9648
512 6 511 513 2329 2818 4043 7741
513 4 512 514 4644 8411
514 3 513 515 3966
515 5 514 516 2546 6196 9924
516 2 515 517
517 4 516 518 7855 8210
518 3 517 519 8403
519 3 518 520 1800
520 5 491 519 521 3833 4700
521 2 520 522
522 5 521 523 2556 2607 7308
523 2 522 524
524 5 523 525 1761 5754 6071
525 5 524 526 1688 4663 6759
526 4 525 527 7929 8735
527 2 526 528
528 3 527 529 1999
529 3 528 530 7633
530 4 529 531 6450 8762
531 3 530 532 9744
532 5 461 531 533 2981 6694
533 2 532 534
534 7 57 533 535 2262 3021 6018 9853
535 3 534 536 2717
536 5 535 537 998 6013 8205
537 3 536 538 6251
538 3 537 539 980
539 2 538 540
540 2 539 541
541 3 540 542 7464
542 2 541 543
543 3 542 544 7449
544 6 543 545 2954 6568 8787 9934
545 5 119 544 546 4588 7202
546 4 479 545 547 3628
547 6 546 548 3241 5639 6628 9460
548 3 547 549 8186
549 2 548 550
550 5 549 551 2572 3581 4468
551 3 550 552 9652
552 3 551 553 7311
553 5 552 554 5885 8652 9230
554 3 553 555 8117
555 4 554 556 1966 3100
556 4 555 557 3167 6982
557 3 556 558 2238
558 3 557 559 8791
559 5 558 560 5456 5545 9786
560 4 503 559 561 8351
561 3 560 562 4573
562 3 561 563 588
563 4 562 564 6202 9046
564 6 235 563 565 935 3513 6271
565 3 564 566 1204
566 2 565 567
567 2 566 568
568 4 567 569 4492 7300
569 4 264 568 570 6778
570 3 569 571 668
571 3 570 572 9388
572 4 571 573 585 5846
573 3 572 574 8545
574 4 573 575 1535 4192
575 3 574 576 9225
576 4 575 577 1539 2451
577 3 576 578 7790
578 6 476 577 579 741 2515 5549
579 4 578 580 1593 4468
580 4 579 581 886 8551
581 7 580 582 618 2808 4573 5579 5689
582 4 581 583 5256 8280
583 4 582 584 2437 2960
584 5 583 585 3450 3780 8752
585 7 402 572 584 586 4044 4610 6913
586 4 585 587 4970 5896
587 2 586 588
588 6 562 587 589 1560 8187 9070
589 3 588 590 3365
590 3 589 591 9017
591 2 590 592
592 3 591 593 7843
593 7 592 594 698 5882 6428 9155 9193
594 2 593 595
595 3 594 596 4190
596 6 1 595 597 1304 5422 7816
597 3 596 598 1346
598 3 597 599 9091
599 3 598 600 8892
600 9 599 601 639 1099 4090 4131 4376 6262 7246
601 6 600 602 2176 2539 5000 5398
602 3 601 603 714
603 3 602 604 5847
604 4 603 605 2701 3829
605 3 604 606 8654
606 3 605 607 3588
607 4 606 608 6644 9919
608 2 607 609
609 5 608 610 5346 7952 9025
610 4 609 611 7289 8870
611 3 610 612 7090
612 4 165 611 613 6960
613 3 612 614 5503
614 3 613 615 9705
615 5 614 616 3565 4191 8983
616 4 615 617 8390 8953
617 4 616 618 639 1259
618 5 581 617 619 4597 9712
619 2 618 620
620 3 619 621 9837
621 3 620 622 4061
622 6 30 621 623 5895 7013 9507
623 3 622 624 7264
624 6 623 625 3664 4147 8674 9209
625 4 624 626 2058 4855
626 3 625 627 4146
627 5 148 626 628 6532 8718
628 3 627 629 2187
629 3 209 628 630
630 5 629 631 4790 5148 5460
631 4 630 632 5794 9410
632 4 631 633 1098 4664
633 5 632 634 1354 6028 7838
634 4 633 635 4635 6854
635 3 634 636 7105
636 3 635 637 9097
637 4 636 638 1924 3887
638 4 637 639 778 9721
639 6 600 617 638 640 4681 9760
640 5 639 641 2353 5432 9322
641 5 640 642 6474 7411 8571
642 6 641 643 3254 4306 5153 7663
643 6 642 644 1331 2575 2799 8337
644 3 643 645 8453
645 4 395 644 646 5863
646 3 645 647 6655
647 5 646 648 5008 8215 9543
648 2 647 649
649 2 648 650
650 3 447 649 651
651 5 650 652 1185 4152 5342
652 2 651 653
653 5 652 654 3726 6670 8153
654 4 653 655 8332 9374
655 4 654 656 5336 5747
656 5 655 657 855 6019 8072
657 3 656 658 4280
658 4 449 657 659 1194
659 3 658 660 4379
660 10 659 661 1561 3967 5273 7090 7829 8651 9273 9815
661 4 125 660 662 9325
662 2 661 663
663 5 224 662 664 6617 7426
664 3 663 665 7251
665 3 664 666 6545
666 4 665 667 3395 5453
667 7 666 668 7215 7790 8083 8397 9130
668 4 570 667 669 7262
669 4 668 670 2760 7861
670 2 669 671
671 4 670 672 3985 7834
672 5 671 673 4768 6743 6747
673 4 672 674 8648 9184
674 4 673 675 1667 3343
675 6 674 676 6974 7214 7918 9752
676 4 675 677 3142 6689
677 4 676 678 1597 6888
678 6 677 679 3048 8854 8874 9106
679 5 678 680 3893 6666 8057
680 5 679 681 3968 7800 8647
681 2 680 682
682 2 681 683
683 6 682 684 2837 2967 7845 8024
684 3 683 685 6169
685 2 684 686
686 4 685 687 3744 8847
687 5 686 688 2914 4126 7305
688 7 687 689 2092 5556 5568 6505 7669
689 4 688 690 3899 6613
690 8 689 691 2758 3200 3818 5611 8106 8250
691 4 690 692 2343 3270
692 3 691 693 7519
693 3 692 694 7120
694 4 693 695 3131 9998
695 6 694 696 3697 3807 4814 6690
696 5 695 697 5697 6774 7126
697 4 696 698 4871 9383
698 7 593 697 699 1535 5026 6760 9701
699 3 698 700 9398
700 5 699 701 6782 8778 9914
701 5 700 702 992 1021 5133
702 5 701 703 3724 5193 5470
703 5 702 704 3474 7446 9668
704 4 402 703 705 8799
705 4 336 704 706 1557
706 4 705 707 7594 7617
707 4 706 708 9139 9584
708 8 707 709 3412 4842 4874 5786 6476 8999
709 5 708 710 2020 4951 6398
710 4 709 711 1651 5356
711 4 710 712 5777 7978
712 3 711 713 8833
713 4 712 714 5867 8609
714 5 602 713 715 2989 7916
715 3 714 716 7798
716 4 715 717 5434 9833
717 2 716 718
718 6 34 717 719 5659 8638 9540
719 3 718 720 9175
720 4 719 721 1854 4106
721 4 720 722 794 7089
722 5 721 723 4994 7798 8217
723 2 722 724
724 5 723 725 1258 3961 8900
725 3 724 726 7520
726 4 725 727 2628 6040
727 5 726 728 1262 6300 8264
728 3 727 729 1431
729 2 728 730
730 2 729 731
731 4 95 730 732 5075
732 3 731 733 3449
733 2 732 734
734 6 49 733 735 2979 5746 9139
735 5 734 736 2844 6875 7362
736 9 735 737 3051 4068 4295 5167 6083 9251 9867
737 5 736 738 1336 2992 7996
738 4 737 739 993 1357
739 4 738 740 2521 8499
740 3 739 741 9507
741 4 578 740 742 6840
742 3 741 743 8432
743 3 742 744 8420
744 3 743 745 3112
745 3 195 744 746
746 5 745 747 4047 4836 5370
747 6 746 748 1691 5912 6456 9364
748 4 747 749 1938 6217
749 5 748 750 2018 5942 9390
750 5 749 751 1430 3324 8561
751 4 750 752 7820 9633
752 2 751 753
753 2 752 754
754 4 753 755 977 8549
755 4 754 756 3152 4892
756 5 190 755 757 3634 6759
757 2 756 758
758 2 757 759
759 2 758 760
760 5 109 759 761 1557 3450
761 5 760 762 2032 5887 6814
762 3 761 763 4235
763 7 762 764 1608 4237 4743 7788 8271
764 3 763 765 4766
765 4 764 766 2131 7857
766 4 421 765 767 4304
767 6 104 766 768 1707 6427 7094
768 3 767 769 1793
769 3 768 770 7287
770 5 769 771 1246 4163 9114
771 2 770 772
772 3 771 773 4599
773 4 772 774 3488 6315
774 2 773 775
775 2 774 776
776 4 102 775 777 6550
777 3 776 778 2015
778 4 638 777 779 2028
779 3 778 780 5899
780 3 779 781 1531
781 5 780 782 2230 5551 9852
782 2 781 783
783 3 782 784 7273
784 2 783 785
785 5 784 786 5061 7607 8352
786 3 785 787 4092
787 4 786 788 5601 6474
788 3 787 789 3205
789 4 788 790 3826 4018
790 2 789 791
791 3 790 792 2653
792 5 217 791 793 2112 9144
793 4 792 794 2592 4238
794 5 721 793 795 1155 1341
795 8 794 796 3080 3194 4247 7831 8044 8471
796 4 795 797 1741 4926
797 2 796 798
798 5 797 799 1605 8913 9521
799 4 798 800 4822 5614
800 6 194 799 801 5662 7093 7106
801 3 800 802 4403
802 5 801 803 3312 7781 8406
803 3 802 804 5152
804 5 803 805 1765 2148 9045
805 2 804 806
806 6 805 807 2540 5301 7151 8243
807 3 806 808 4447
808 3 807 809 2129
809 3 808 810 4042
810 4 809 811 1064 2629
811 5 810 812 921 7602 8487
812 5 811 813 2875 7389 9078
813 2 812 814
814 2 813 815
815 6 277 814 816 3351 4399 9728
816 5 294 815 817 1029 9075
817 5 816 818 1340 2305 6005
818 3 817 819 1007
819 3 818 820 1849
820 3 819 821 9813
821 5 820 822 2564 3238 7866
822 3 821 823 9258
823 2 822 824
824 6 823 825 873 1087 4326 5288
825 3 824 826 2118
826 4 825 827 4673 6081
827 4 826 828 6641 7375
828 5 827 829 2613 3211 9763
829 4 828 830 9686 9865
830 4 829 831 3655 6375
831 5 11 830 832 1854 9397
832 7 831 833 1333 3808 4569 5973 9992
833 6 832 834 2758 5034 5766 6152
834 2 833 835
835 5 834 836 2344 7452 7910
836 4 835 837 1797 4383
837 3 836 838 9743
838 4 837 839 4709 8094
839 6 838 840 865 1576 1631 3908
840 4 839 841 3375 6595
841 6 840 842 3418 7096 7774 8156
842 5 841 843 1132 2801 9384
843 5 842 844 2487 5069 5916
844 2 843 845
845 4 234 844 846 9095
846 3 845 847 8847
847 5 846 848 1078 3388 8604
848 3 847 849 9493
849 4 848 850 2619 9387
850 7 849 851 4736 5050 6087 7695 9279
851 2 850 852
852 3 851 853 9137
853 4 852 854 2445 3902
854 4 853 855 3932 6769
855 4 656 854 856 2003
856 4 855 857 8895 9755
857 5 856 858 3638 7257 8236
858 5 857 859 5105 6372 7378
859 6 858 860 1084 2748 9185 9600
860 3 859 861 8396
861 3 860 862 4067
862 3 861 863 3258
863 4 862 864 2656 5955
864 2 863 865
865 4 839 864 866 5907
866 3 865 867 3929
867 4 866 868 5256 9513
868 6 867 869 1460 2183 4542 7084
869 3 868 870 3368
870 4 869 871 1034 8164
871 3 870 872 6784
872 5 871 873 5127 6587 9472
873 5 824 872 874 5268 9811
874 3 873 875 4293
875 4 330 874 876 1576
876 4 875 877 7934 9579
877 7 876 878 2121 2673 4667 6768 8796
878 3 877 879 9852
879 3 878 880 6698
880 5 879 881 1973 9172 9322
881 4 880 882 2507 3447
882 2 881 883
883 5 882 884 2791 5896 7664
884 4 883 885 5777 7490
885 5 228 884 886 3362 4807
886 4 580 885 887 7288
887 5 886 888 2903 6014 6482
888 6 45 887 889 5468 6173 6968
889 4 888 890 5239 8172
890 6 889 891 5842 6584 8930 9133
891 6 413 890 892 3836 4706 8319
892 4 891 893 7585 8474
893 4 892 894 994 4404
894 3 893 895 1597
895 4 894 896 1466 9813
896 2 895 897
897 6 896 898 3338 6228 8566 9233
898 3 897 899 2934
899 6 272 898 900 3552 4289 7174
900 8 899 901 2210 3420 7223 8306 8617 9739
901 4 900 902 2766 5186
902 7 901 903 1297 4144 7339 7526 8612
903 3 902 904 7669
904 5 368 903 905 3702 8310
905 2 904 906
906 5 223 905 907 4506 8494
907 2 906 908
908 3 907 909 6754
909 3 908 910 9394
910 5 909 911 6213 7148 8466
911 2 910 912
912 3 911 913 3708
913 4 912 914 6558 8676
914 5 913 915 5763 7014 8899
915 2 914 916
916 3 915 917 7926
917 5 916 918 1118 1927 4507
918 4 917 919 1288 3088
919 5 918 920 3575 4665 9291
920 3 919 921 1795
921 7 811 920 922 3013 3433 5549 7006
922 2 921 923
923 5 922 924 4961 6687 9925
924 6 32 923 925 1234 1698 9561
925 4 924 926 4082 7423
926 4 925 927 3860 9399
927 6 926 928 1788 1945 2725 5925
928 2 927 929
929 6 928 930 983 2396 2525 6124
930 5 929 931 6306 6486 9414
931 3 930 932 2725
932 4 931 933 4049 8720
933 2 932 934
934 3 319 933 935
935 6 564 934 936 1490 7030 9752
936 3 935 937 4477
937 2 936 938
938 2 937 939
939 8 154 938 940 1777 2386 2446 5562 7527
940 3 939 941 5972
941 4 940 942 9049 9882
942 2 941 943
943 8 942 944 1383 4295 5403 7250 7497 9821
944 5 385 943 945 1961 9646
945 4 208 944 946 3681
946 2 945 947
947 7 946 948 6422 7983 8409 8831 9357
948 4 947 949 5539 8174
949 6 297 948 950 1775 4789 6278
950 3 949 951 5153
951 5 950 952 3524 9142 9730
952 4 226 951 953 5893
953 3 952 954 1544
954 5 351 953 955 7011 9823
955 6 954 956 1081 4234 4795 5054
956 6 955 957 1368 1783 7031 9431
957 5 956 958 1368 7327 7536
958 3 957 959 1043
959 3 958 960 7429
960 3 959 961 7357
961 3 960 962 2703
962 4 961 963 6094 6181
963 3 962 964 7743
964 5 963 965 5558 7534 9376
965 3 964 966 9085
966 3 965 967 5657
967 3 966 968 6448
968 5 967 969 2698 3014 7516
969 4 968 970 2188 4222
970 5 969 971 2619 7755 8048
971 7 970 972 1822 3929 4535 6965 7403
972 4 971 973 8980 9390
973 4 972 974 5320 7194
974 3 973 975 2623
975 5 974 976 3218 4620 5480
976 3 975 977 3024
977 6 442 754 976 978 3694 6975
978 3 195 977 979
979 4 978 980 5179 9977
980 4 538 979 981 5329
981 3 980 982 1464
982 6 237 981 983 3854 4814 8253
983 4 929 982 984 9634
984 3 983 985 4771
985 4 984 986 3692 4128
986 7 985 987 2923 5899 6810 7047 7805
987 4 986 988 7262 8162
988 4 987 989 2517 9942
989 4 988 990 3840 5265
990 3 989 991 9467
991 3 990 992 1684
992 6 701 991 993 2403 3164 8108
993 4 738 992 994 7103
994 7 146 893 993 995 3149 6874 8655
995 5 128 994 996 8415 8455
996 4 995 997 4811 6624
997 4 36 996 998 2941
998 7 536 997 999 3007 4970 5068 8358
999 4 998 1000 5328 9635
1000 5 999 1001 1309 4634 8510
1001 5 1000 1002 6474 7056 8366
1002 2 1001 1003
1003 3 1002 1004 7115
1004 2 1003 1005
1005 4 1004 1006 2840 3509
1006 5 1005 1007 1833 4097 8209
1007 4 818 1006 1008 9297
1008 3 1007 1009 2439
1009 6 139 1008 1010 2705 5849 7718
1010 4 1009 1011 6816 8179
1011 3 1010 1012 2651
1012 3 1011 1013 3896
1013 5 1012 1014 1015 1647 9825
1014 2 1013 1015
1015 5 1013 1014 1016 4005 8233
1016 5 1015 1017 2533 2989 7430
1017 5 1016 1018 5174 6537 9238
1018 5 1017 1019 1983 5617 6377
1019 6 344 1018 1020 2646 3552 4101
1020 6 1019 1021 4340 6829 8501 9684
1021 5 701 1020 1022 1363 7308
1022 5 372 1021 1023 2777 4795
1023 2 1022 1024
1024 3 1023 1025 4083
1025 5 1024 1026 7872 8312 8935
1026 6 1025 1027 7162 8435 9762 9777
1027 3 1026 1028 9670
1028 5 1027 1029 6293 7404 7553
1029 5 816 1028 1030 8495 9669
1030 5 465 1029 1031 4788 5498
1031 5 1030 1032 1656 4585 8452
1032 3 1031 1033 3596
1033 4 1032 1034 1358 7294
1034 6 89 870 1033 1035 6416 9895
1035 3 1034 1036 4950
1036 5 1035 1037 1639 5300 8530
1037 6 1036 1038 3638 5440 8797 9404
1038 3 1037 1039 8990
1039 3 1038 1040 5028
1040 3 1039 1041 7813
1041 3 1040 1042 3687
1042 2 1041 1043
1043 4 958 1042 1044 5506
1044 5 1043 1045 2078 4405 8364
1045 5 119 1044 1046 5241 5288
1046 4 1045 1047 3333 7334
1047 4 1046 1048 4238 8492
1048 4 1047 1049 6721 9958
1049 2 1048 1050
1050 2 1049 1051
1051 6 1050 1052 2296 3596 4192 9027
1052 6 353 1051 1053 6511 7563 9899
1053 3 1052 1054 8319
1054 4 1053 1055 5131 6522
1055 5 1054 1056 1482 3443 3591
1056 4 1055 1057 1711 6842
1057 4 1056 1058 3473 5906
1058 4 1057 1059 6629 8123
1059 4 433 1058 1060 8490
1060 3 1059 1061 1309
1061 5 1060 1062 2524 4822 9679
1062 5 1061 1063 4750 6161 6749
1063 3 1062 1064 9414
1064 4 810 1063 1065 3593
1065 5 1064 1066 2009 3223 6983
1066 5 1065 1067 1755 4108 9948
1067 3 1066 1068 3507
1068 3 301 1067 1069
1069 3 1068 1070 3415
1070 2 1069 1071
1071 4 1070 1072 3684 5063
1072 4 1071 1073 4051 8078
1073 4 1072 1074 2244 4656
1074 4 1073 1075 4026 6475
1075 4 1074 1076 1870 5470
1076 3 1075 1077 7789
1077 3 1076 1078 6351
1078 5 847 1077 1079 2102 8874
1079 2 1078 1080
1080 2 1079 1081
1081 6 955 1080 1082 6638 7162 7587
1082 3 1081 1083 8584
1083 4 1082 1084 3392 8497
1084 4 859 1083 1085 6041
1085 4 1084 1086 6038 8685
1086 4 1085 1087 1095 6501
1087 5 824 1086 1088 6207 6569
1088 5 1087 1089 3953 6901 8137
1089 2 1088 1090
1090 4 1089 1091 1818 5461
1091 3 1090 1092 5096
1092 2 1091 1093
1093 3 1092 1094 6978
1094 6 1093 1095 2451 6685 7530 8853
1095 6 1086 1094 1096 2870 6931 9076
1096 3 1095 1097 8017
1097 2 1096 1098
1098 4 632 1097 1099 2104
1099 5 600 1098 1100 5310 9371
1100 3 1099 1101 3526
1101 2 1100 1102
1102 3 1101 1103 4998
1103 2 1102 1104
1104 4 1103 1105 5133 7799
1105 3 1104 1106 3829
1106 6 16 330 1105 1107 4116 6842
1107 7 1106 1108 3121 5865 6852 6930 8195
1108 4 1107 1109 7493 9070
1109 2 1108 1110
1110 4 1109 1111 6820 9196
1111 2 1110 1112
1112 3 1111 1113 5799
1113 3 1112 1114 7960
1114 2 1113 1115
1115 5 1114 1116 3098 8482 8879
1116 3 1115 1117 5742
1117 4 1116 1118 2529 4322
1118 6 917 1117 1119 1297 5955 6435
1119 2 1118 1120
1120 3 1119 1121 4735
1121 3 1120 1122 5150
1122 4 1121 1123 6813 9073
1123 3 1122 1124 9767
1124 4 1123 1125 2707 8645
1125 3 1124 1126 5937
1126 2 1125 1127
1127 4 1126 1128 2629 8767
1128 2 1127 1129
1129 5 1128 1130 3306 3947 7765
1130 6 351 1129 1131 6965 7081 8854
1131 5 1130 1132 2774 4186 4937
1132 4 842 1131 1133 7527
1133 3 1132 1134 8784
1134 3 1133 1135 2643
1135 3 1134 1136 1751
1136 3 1135 1137 2651
1137 3 1136 1138 3293
1138 3 1137 1139 7003
1139 7 1138 1140 1189 1981 5447 8538 9602
1140 2 1139 1141
1141 3 1140 1142 1635
1142 4 1141 1143 7943 9976
1143 4 1142 1144 1355 4148
1144 2 1143 1145
1145 2 1144 1146
1146 4 1145 1147 2260 3888
1147 4 445 1146 1148 3497
1148 5 1147 1149 2995 4861 5167
1149 5 1148 1150 4846 7839 9991
1150 3 1149 1151 3418
1151 3 1150 1152 6127
1152 2 1151 1153
1153 4 1152 1154 5812 8087
1154 4 1153 1155 6071 7861
1155 7 139 794 1154 1156 1283 7684 8187
1156 2 1155 1157
1157 4 1156 1158 9107 9732
1158 6 1157 1159 3833 5662 7668 8219
1159 4 1158 1160 2334 7085
1160 3 1159 1161 7573
1161 3 1160 1162 7339
1162 4 1161 1163 5566 9016
1163 3 1162 1164 4733
1164 2 1163 1165
1165 4 1164 1166 1845 8960
1166 5 1165 1167 4220 4255 7646
1167 3 1166 1168 4402
1168 2 1167 1169
1169 4 1168 1170 2092 4492
1170 7 1169 1171 3467 4212 9001 9551 9799
1171 2 1170 1172
1172 7 1171 1173 1606 4039 5367 7621 9577
1173 6 1172 1174 2590 6493 6882 8196
1174 2 1173 1175
1175 6 1174 1176 3945 4948 6801 8525
1176 5 1175 1177 1281 6409 8116
1177 5 1176 1178 4367 6569 7653
1178 5 1177 1179 1951 3128 9670
1179 7 1178 1180 1541 3485 5969 6110 9243
1180 9 1179 1181 4174 4862 5143 6502 7202 7256 7491
1181 4 440 1180 1182 7829
1182 3 1181 1183 3169
1183 4 1182 1184 3057 5855
1184 4 1183 1185 4646 9757
1185 6 234 651 1184 1186 3612 9785
1186 3 1185 1187 9156
1187 5 1186 1188 3353 3698 7364
1188 3 1187 1189 3776
1189 4 1139 1188 1190 3923
1190 4 1189 1191 5072 7786
1191 4 1190 1192 2049 4804
1192 5 12 1191 1193 6951 7225
1193 2 1192 1194
1194 4 658 1193 1195 2083
1195 4 1194 1196 5235 7103
1196 4 1195 1197 1494 9031
1197 3 1196 1198 6010
1198 5 1197 1199 2052 7719 7772
1199 2 1198 1200
1200 3 1199 1201 7011
1201 5 1200 1202 1719 5242 5937
1202 3 1201 1203 4645
1203 3 1202 1204 6087
1204 4 565 1203 1205 3114
1205 4 1204 1206 3163 4813
1206 3 1205 1207 7178
1207 4 1206 1208 1707 4595
1208 3 1207 1209 4407
1209 3 1208 1210 4612
1210 2 1209 1211
1211 4 1210 1212 4575 4807
1212 4 219 1211 1213 2715
1213 3 1212 1214 2547
1214 3 1213 1215 4428
1215 6 148 1214 1216 1279 2469 5872
1216 4 1215 1217 3208 7683
1217 3 1216 1218 9629
1218 4 1217 1219 4302 6059
1219 3 1218 1220 3622
1220 2 1219 1221
1221 4 1220 1222 7235 8095
1222 2 1221 1223
1223 4 1222 1224 4855 7405
1224 5 1223 1225 3406 3686 7559
1225 4 1224 1226 9061 9783
1226 5 1225 1227 9093 9445 9509
1227 4 1226 1228 4516 5199
1228 4 1227 1229 2723 8826
1229 6 1228 1230 3553 7826 7844 8414
1230 5 1229 1231 2789 5861 9692
1231 3 1230 1232 8850
1232 5 1231 1233 2575 3676 9159
1233 5 1232 1234 4866 7575 9730
1234 7 924 1233 1235 1785 4348 4973 9100
1235 2 1234 1236
1236 5 1235 1237 2895 4744 6516
1237 2 1236 1238
1238 3 1237 1239 1762
1239 5 1238 1240 7536 7959 9128
1240 4 1239 1241 2478 9799
1241 4 1240 1242 3216 5361
1242 7 1241 1243 2122 4461 6017 7282 9190
1243 4 1242 1244 3035 8772
1244 3 1243 1245 5305
1245 5 1244 1246 7898 8030 9693
1246 3 770 1245 1247
1247 3 1246 1248 9771
1248 6 1247 1249 4560 4977 5676 8555
1249 4 1248 1250 2308 8932
1250 4 1249 1251 4518 6366
1251 3 1250 1252 7724
1252 3 1251 1253 9424
1253 5 334 1252 1254 2961 9806
1254 4 1253 1255 3040 4670
1255 2 1254 1256
1256 4 1255 1257 4620 5346
1257 5 119 1256 1258 1358 6502
1258 5 486 724 1257 1259 5313
1259 3 617 1258 1260
1260 4 1259 1261 1850 2671
1261 3 1260 1262 6932
1262 5 727 1261 1263 4751 7207
1263 3 1262 1264 8451
1264 5 1263 1265 2317 4942 6051
1265 3 1264 1266 4393
1266 4 1265 1267 3127 6946
1267 5 1266 1268 4996 8357 9535
1268 2 1267 1269
1269 7 1268 1270 1694 5094 6020 7009 9175
1270 5 1269 1271 3480 9386 9789
1271 3 1270 1272 5014
1272 5 1271 1273 2435 5034 7925
1273 2 1272 1274
1274 5 1273 1275 4837 7691 9559
1275 6 407 1274 1276 3259 4595 8281
1276 3 1275 1277 3120
1277 3 1276 1278 9123
1278 2 1277 1279
1279 5 1215 1278 1280 2852 3121
1280 4 1279 1281 2025 3970
1281 4 1176 1280 1282 6968
1282 3 1281 1283 5812
1283 7 1155 1282 1284 2065 4968 6179 8670
1284 5 1283 1285 5576 7890 9116
1285 4 210 1284 1286 3560
1286 6 1285 1287 1928 3286 9196 9434
1287 5 1286 1288 1822 7972 9661
1288 4 918 1287 1289 5411
1289 4 1288 1290 1561 5298
1290 5 1289 1291 2872 4034 6843
1291 3 1290 1292 6165
1292 3 1291 1293 9789
1293 5 1292 1294 2570 3583 6634
1294 3 1293 1295 4010
1295 4 1294 1296 7298 7393
1296 2 1295 1297
1297 5 902 1118 1296 1298 3751
1298 6 378 1297 1299 4616 6497 9759
1299 2 1298 1300
1300 2 1299 1301
1301 3 1300 1302 2828
1302 4 1301 1303 4528 5060
1303 3 511 1302 1304
1304 4 596 1303 1305 6786
1305 3 1304 1306 5023
1306 5 1305 1307 2134 3208 4998
1307 2 1306 1308
1308 3 1307 1309 7678
1309 7 1000 1060 1308 1310 6026 7487 7764
1310 4 1309 1311 1817 1867
1311 5 1310 1312 2703 5447 9809
1312 7 1311 1313 4799 5778 6257 7528 7704
1313 4 1312 1314 4983 9724
1314 6 1313 1315 1806 6567 7197 7558
1315 3 1314 1316 8779
1316 4 1315 1317 7131 7909
1317 3 1316 1318 5619
1318 7 1317 1319 6652 8023 9277 9485 9673
1319 3 1318 1320 2007
1320 3 1319 1321 3205
1321 4 1320 1322 3959 9970
1322 2 1321 1323
1323 6 1322 1324 1343 1939 3716 9913
1324 3 1323 1325 3526
1325 4 1324 1326 8511 9471
1326 6 1325 1327 6625 7600 7722 9453
1327 2 1326 1328
1328 5 9 1327 1329 1872 6328
1329 3 1328 1330 2487
1330 5 1329 1331 2169 7718 9262
1331 5 643 1330 1332 1937 3233
1332 5 342 1331 1333 2688 9443
1333 4 832 1332 1334 1625
1334 4 1333 1335 6920 8020
1335 3 1334 1336 2562
1336 4 737 1335 1337 1448
1337 5 1336 1338 5702 6823 9804
1338 6 1337 1339 1457 5673 7403 8285
1339 4 1338 1340 5232 8069
1340 6 817 1339 1341 3901 6161 8646
1341 6 794 1340 1342 1461 8046 9392
1342 6 1341 1343 2547 2553 7154 9146
1343 5 1323 1342 1344 3536 9833
1344 6 1343 1345 3614 5725 7009 9139
1345 5 1344 1346 2393 8486 8555
1346 5 597 1345 1347 1698 5721
1347 3 1346 1348 3760
1348 4 215 1347 1349 1932
1349 3 1348 1350 6658
1350 3 1349 1351 4898
1351 3 1350 1352 4813
1352 3 1351 1353 8893
1353 3 487 1352 1354
1354 5 633 1353 1355 6844 6935
1355 5 1143 1354 1356 1665 5101
1356 2 1355 1357
1357 4 738 1356 1358 4641
1358 6 1033 1257 1357 1359 2367 5732
1359 4 1358 1360 8174 9567
1360 2 1359 1361
1361 3 1360 1362 5167
1362 3 1361 1363 3137
1363 4 1021 1362 1364 7432
1364 4 1363 1365 2951 4390
1365 2 1364 1366
1366 4 1365 1367 5702 6588
1367 3 1366 1368 7486
1368 6 956 957 1367 1369 4256 6356
1369 4 1368 1370 2090 9364
1370 4 179 1369 1371 2362
1371 6 1370 1372 2777 4132 4597 8195
1372 6 94 1371 1373 3845 3952 6818
1373 3 322 1372 1374
1374 3 1373 1375 6200
1375 3 1374 1376 8731
1376 5 1375 1377 1729 1958 2900
1377 4 1376 1378 3471 7873
1378 4 1377 1379 3508 9785
1379 2 1378 1380
1380 3 1379 1381 2724
1381 3 1380 1382 4820
1382 3 1381 1383 5830
1383 5 943 1382 1384 2622 3442
1384 5 16 1383 1385 2866 9042
1385 6 1384 1386 1587 2992 5750 5962
1386 2 1385 1387
1387 3 1386 1388 6527
1388 3 1387 1389 8522
1389 5 1388 1390 2812 4669 5808
1390 4 1389 1391 4174 4374
1391 3 1390 1392 7104
1392 3 1391 1393 7011
1393 4 1392 1394 1556 8594
1394 3 1393 1395 6938
1395 3 82 1394 1396
1396 2 1395 1397
1397 3 1396 1398 7137
1398 2 1397 1399
1399 3 1398 1400 6971
1400 2 1399 1401
1401 6 1400 1402 1878 4100 4867 6634
1402 2 1401 1403
1403 3 1402 1404 7724
1404 5 1403 1405 6476 7620 8614
1405 4 1404 1406 6940 8572
1406 5 1405 1407 3040 9201 9776
1407 5 1406 1408 5500 6423 7789
1408 2 1407 1409
1409 7 1408 1410 1655 2751 4333 5512 7474
1410 3 1409 1411 8906
1411 5 349 1410 1412 4715 8165
1412 2 1411 1413
1413 3 1412 1414 6355
1414 5 18 1413 1415 2114 8054
1415 5 1414 1416 2090 6635 9393
1416 6 1415 1417 2287 7216 8038 8674
1417 4 1416 1418 4215 5904
1418 3 1417 1419 6864
1419 4 1418 1420 1724 7722
1420 5 75 1419 1421 1436 2419
1421 6 178 1420 1422 3118 8712 9922
1422 3 1421 1423 8991
1423 3 1422 1424 3442
1424 2 1423 1425
1425 3 1424 1426 3314
1426 3 1425 1427 7629
1427 5 1426 1428 3514 7092 8740
1428 6 1427 1429 2882 4232 4247 8700
1429 5 1428 1430 3454 4871 7433
1430 6 750 1429 1431 5474 5846 7463
1431 6 223 728 1430 1432 2132 4263
1432 2 1431 1433
1433 3 1432 1434 2944
1434 2 1433 1435
1435 4 1434 1436 2581 4164
1436 3 1420 1435 1437
1437 3 1436 1438 9088
1438 4 1437 1439 6323 7262
1439 2 1438 1440
1440 5 1439 1441 7349 7579 8713
1441 4 1440 1442 3102 3951
1442 3 1441 1443 9537
1443 4 238 1442 1444 2569
1444 3 1443 1445 9034
1445 5 1444 1446 4646 5372 9435
1446 4 74 1445 1447 4750
1447 2 1446 1448
1448 3 1336 1447 1449
1449 5 1448 1450 5320 7553 9403
1450 2 1449 1451
1451 4 1450 1452 3663 7752
1452 3 491 1451 1453
1453 5 1452 1454 4605 6335 6901
1454 2 1453 1455
1455 2 1454 1456
1456 4 1455 1457 7926 9867
1457 5 1338 1456 1458 4346 8964
1458 5 1457 1459 1825 4701 5723
1459 3 1458 1460 2669
1460 5 868 1459 1461 1571 6460
1461 4 1341 1460 1462 1847
1462 3 1461 1463 2310
1463 6 465 1462 1464 2536 7781 8120
1464 5 981 1463 1465 5433 8690
1465 3 1464 1466 9125
1466 4 895 1465 1467 9397
1467 4 1466 1468 4365 6678
1468 4 1467 1469 2047 3917
1469 4 1468 1470 5588 7651
1470 6 1469 1471 3077 3794 8413 9578
1471 6 1470 1472 2463 6164 8320 9317
1472 4 367 1471 1473 2120
1473 3 1472 1474 7066
1474 2 1473 1475
1475 2 1474 1476
1476 6 1475 1477 3147 3574 7057 7661
1477 5 210 1476 1478 7002 7281
1478 3 1477 1479 4011
1479 6 275 1478 1480 4045 5306 9888
1480 4 1479 1481 7486 9059
1481 4 1480 1482 2533 7743
1482 5 1055 1481 1483 2611 6335
1483 4 1482 1484 2385 7202
1484 4 1483 1485 3996 4637
1485 4 1484 1486 1796 8312
1486 3 1485 1487 9747
1487 5 1486 1488 1662 3656 7976
1488 4 1487 1489 6944 7036
1489 4 1488 1490 3068 5947
1490 3 935 1489 1491
1491 4 1490 1492 6152 6191
1492 4 427 1491 1493 5400
1493 4 1492 1494 2605 9542
1494 7 1196 1493 1495 3597 6549 7070 8349
1495 5 1494 1496 5760 6468 9183
1496 4 1495 1497 3872 6481
1497 3 1496 1498 1503
1498 3 1497 1499 8320
1499 5 1498 1500 8543 9171 9688
1500 4 1499 1501 4755 5404
1501 5 1500 1502 3834 5428 5898
1502 5 1501 1503 3362 8187 8486
1503 4 1497 1502 1504 9558
1504 3 1503 1505 9500
1505 4 1504 1506 3249 9502
1506 2 1505 1507
1507 2 1506 1508
1508 2 1507 1509
1509 3 1508 1510 6145
1510 5 1509 1511 3162 5606 9452
1511 5 1510 1512 1972 2509 7161
1512 4 1511 1513 4264 8913
1513 2 1512 1514
1514 2 1513 1515
1515 3 1514 1516 7867
1516 3 1515 1517 6225
1517 3 1516 1518 5270
1518 2 1517 1519
1519 3 1518 1520 8260
1520 4 1519 1521 3864 4577
1521 5 348 1520 1522 4293 9684
1522 3 418 1521 1523
1523 4 1522 1524 5955 7603
1524 6 1523 1525 2005 4538 6599 6600
1525 4 1524 1526 4221 6469
1526 2 1525 1527
1527 5 104 1526 1528 3538 9414
1528 4 1527 1529 1710 6724
1529 9 113 1528 1530 2125 5582 6810 9344 9530 9757
1530 6 1529 1531 1985 3011 6253 7370
1531 4 780 1530 1532 4648
1532 5 1531 1533 3937 5028 7028
1533 3 1532 1534 3251
1534 2 1533 1535
1535 4 574 698 1534 1536
1536 5 1535 1537 4411 4862 5421
1537 7 1536 1538 2607 5020 5392 7698 8034
1538 5 1537 1539 3547 6034 8234
1539 6 576 1538 1540 4912 7573 8411
1540 4 1539 1541 2664 7559
1541 5 1179 1540 1542 7181 8077
1542 3 1541 1543 1929
1543 4 1542 1544 4262 5536
1544 6 953 1543 1545 5112 6121 7155
1545 2 1544 1546
1546 6 1545 1547 2350 2806 7238 7578
1547 7 1546 1548 2035 2126 4779 5393 9448
1548 6 95 1547 1549 3869 6193 7450
1549 2 1548 1550
1550 3 1549 1551 7651
1551 4 1550 1552 6529 7715
1552 5 1551 1553 3127 4991 5791
1553 3 1552 1554 6701
1554 3 1553 1555 7749
1555 3 1554 1556 7227
1556 3 1393 1555 1557
1557 4 705 760 1556 1558
1558 3 1557 1559 4646
1559 3 1558 1560 3337
1560 4 332 588 1559 1561
1561 9 400 660 1289 1560 1562 4694 4968 6478 7357
1562 3 1561 1563 2754
1563 2 1562 1564
1564 3 1563 1565 4601
1565 4 1564 1566 3283 6676
1566 3 1565 1567 8141
1567 5 1566 1568 3472 5410 7126
1568 3 1567 1569 8910
1569 4 1568 1570 2206 8525
1570 3 1569 1571 9181
1571 4 1460 1570 1572 9674
1572 5 178 1571 1573 3617 8933
1573 2 1572 1574
1574 4 1573 1575 7034 7447
1575 5 1574 1576 2285 8413 9368
1576 6 839 875 1575 1577 1841 2062
1577 2 1576 1578
1578 3 1577 1579 7092
1579 2 1578 1580
1580 3 1579 1581 4055
1581 4 1580 1582 4317 4660
1582 3 1581 1583 9503
1583 5 1582 1584 1876 2651 5252
1584 4 1583 1585 5856 9665
1585 2 1584 1586
1586 3 1585 1587 8024
1587 5 1385 1586 1588 4688 9884
1588 4 1587 1589 7359 8552
1589 4 1588 1590 3022 9767
1590 3 1589 1591 7969
1591 3 1590 1592 2263
1592 6 1591 1593 2941 3552 4042 6641
1593 7 194 579 1592 1594 1844 6362 9483
1594 7 1593 1595 3099 5430 6613 8267 8450
1595 2 1594 1596
1596 3 1595 1597 4706
1597 4 677 894 1596 1598
1598 3 1597 1599 3148
1599 3 1598 1600 7166
1600 3 1599 1601 1740
1601 3 1600 1602 4835
1602 2 1601 1603
1603 3 1602 1604 7420
1604 3 1603 1605 2419
1605 4 798 1604 1606 6993
1606 3 1172 1605 1607
1607 2 1606 1608
1608 4 763 1607 1609 9741
1609 4 1608 1610 6271 7318
1610 3 1609 1611 9808
1611 3 1610 1612 2528
1612 3 1611 1613 4814
1613 4 1612 1614 1679 2349
1614 3 1613 1615 6959
1615 4 1614 1616 5538 8538
1616 3 1615 1617 1699
1617 2 1616 1618
1618 4 1617 1619 5082 5090
1619 4 1618 1620 4155 9237
1620 3 1619 1621 8465
1621 2 1620 1622
1622 2 1621 1623
1623 3 1622 1624 1874
1624 3 1623 1625 8930
1625 3 1333 1624 1626
1626 5 1625 1627 6143 7337 9852
1627 3 1626 1628 7773
1628 2 1627 1629
1629 2 1628 1630
1630 2 1629 1631
1631 5 839 1630 1632 4944 5232
1632 5 1631 1633 2925 7151 8284
1633 2 1632 1634
1634 4 1633 1635 3434 3538
1635 7 226 1141 1634 1636 2382 3932 4741
1636 3 1635 1637 4975
1637 5 1636 1638 5327 5907 7400
1638 5 1637 1639 4296 5243 8617
1639 3 1036 1638 1640
1640 6 1639 1641 2451 6394 6969 7193
1641 3 1640 1642 6455
1642 2 1641 1643
1643 6 1642 1644 5326 6409 6429 7926
1644 6 1643 1645 4337 5007 6222 6941
1645 6 1644 1646 3450 4141 4660 6610
1646 4 1645 1647 6555 7028
1647 4 1013 1646 1648 9026
1648 4 1647 1649 7381 8414
1649 5 223 1648 1650 3058 7426
1650 5 1649 1651 3495 7873 8626
1651 4 710 1650 1652 2183
1652 2 1651 1653
1653 2 1652 1654
1654 6 1653 1655 1928 3456 6449 8879
1655 5 1409 1654 1656 2026 3076
1656 7 1031 1655 1657 4295 4763 5964 9691
1657 3 1656 1658 8326
1658 4 1657 1659 6186 9930
1659 5 54 1658 1660 5161 6361
1660 3 1659 1661 5218
1661 3 1660 1662 3147
1662 5 1487 1661 1663 1717 9575
1663 6 69 1662 1664 2105 4262 4449
1664 3 1663 1665 9454
1665 6 1355 1664 1666 2253 2925 7728
1666 3 1665 1667 2414
1667 5 259 674 1666 1668 4803
1668 7 1667 1669 2416 2588 3840 6993 7373
1669 4 1668 1670 4969 8856
1670 2 1669 1671
1671 5 1670 1672 3965 7719 9115
1672 3 1671 1673 4956
1673 3 1672 1674 4008
1674 3 1673 1675 2597
1675 4 158 1674 1676 3210
1676 3 1675 1677 3547
1677 4 1676 1678 3006 5743
1678 5 1677 1679 3096 4595 9295
1679 4 1613 1678 1680 9496
1680 4 404 1679 1681 8159
1681 4 1680 1682 6012 7327
1682 3 1681 1683 7008
1683 5 1682 1684 2152 3097 4819
1684 5 991 1683 1685 4692 7181
1685 3 248 1684 1686
1686 2 1685 1687
1687 3 1686 1688 3171
1688 4 525 1687 1689 7744
1689 3 1688 1690 9337
1690 4 1689 1691 4946 9889
1691 4 362 747 1690 1692
1692 4 1691 1693 2232 3151
1693 5 1692 1694 2990 5542 9324
1694 4 1269 1693 1695 7879
1695 6 1694 1696 4816 5672 6727 6735
1696 6 1695 1697 2493 5120 5255 8131
1697 5 1696 1698 8644 8672 8909
1698 6 924 1346 1697 1699 3835 6008
1699 5 1616 1698 1700 4208 4615
1700 5 1699 1701 3750 3919 6929
1701 3 1700 1702 5844
1702 6 500 1701 1703 4923 5585 7997
1703 6 1702 1704 3555 4293 9106 9804
1704 5 99 1703 1705 4698 6061
1705 3 1704 1706 9585
1706 3 1705 1707 2142
1707 6 767 1207 1706 1708 2685 7717
1708 4 1707 1709 7121 7618
1709 4 1708 1710 5758 6813
1710 4 1528 1709 1711 8581
1711 5 1056 1710 1712 2316 6179
1712 3 1711 1713 9165
1713 5 497 1712 1714 2916 7474
1714 3 1713 1715 8897
1715 4 1714 1716 3086 5793
1716 4 1715 1717 4611 5745
1717 4 1662 1716 1718 6504
1718 3 1717 1719 2010
1719 7 1201 1718 1720 2495 3207 7182 9971
1720 2 1719 1721
1721 5 1720 1722 3599 7893 9589
1722 3 1721 1723 3169
1723 4 405 1722 1724 4116
1724 7 489 1419 1723 1725 2134 4582 8288
1725 5 148 209 1724 1726 7793
1726 3 1725 1727 9107
1727 3 1726 1728 5755
1728 3 1727 1729 8363
1729 4 1376 1728 1730 6105
1730 4 1729 1731 5413 7404
1731 2 1730 1732
1732 3 1731 1733 6469
1733 8 127 1732 1734 2943 5120 5956 6258 6283
1734 6 1733 1735 3704 7175 8030 9966
1735 5 86 1734 1736 6150 6950
1736 4 1735 1737 4241 4622
1737 4 1736 1738 3505 6509
1738 2 1737 1739
1739 5 368 1738 1740 2444 7643
1740 4 1600 1739 1741 4888
1741 5 796 1740 1742 7613 9819
1742 4 1741 1743 2707 9698
1743 3 1742 1744 8669
1744 3 1743 1745 9629
1745 5 1744 1746 2016 8574 9180
1746 2 1745 1747
1747 5 1746 1748 4248 6744 7485
1748 4 55 1747 1749 7560
1749 5 1748 1750 2503 7831 8321
1750 3 1749 1751 1989
1751 6 375 1135 1750 1752 3812 4964
1752 4 1751 1753 2606 4762
1753 4 1752 1754 4855 4885
1754 4 1753 1755 4348 7989
1755 4 1066 1754 1756 9557
1756 3 1755 1757 4210
1757 4 1756 1758 2498 5842
1758 4 1757 1759 6306 8911
1759 5 1758 1760 4055 4499 8930
1760 4 1759 1761 7412 8054
1761 4 524 1760 1762 7141
1762 3 1238 1761 1763
1763 4 1762 1764 5116 5230
1764 2 1763 1765
1765 3 804 1764 1766
1766 3 1765 1767 7227
1767 4 1766 1768 2854 8041
1768 5 1767 1769 6250 7373 9882
1769 3 1768 1770 5546
1770 4 1769 1771 1868 3481
1771 4 1770 1772 4483 4512
1772 6 1771 1773 2919 5681 8350 9549
1773 3 1772 1774 7041
1774 2 1773 1775
1775 4 949 1774 1776 2073
1776 6 1775 1777 5003 5589 6104 6889
1777 3 939 1776 1778
1778 4 1777 1779 2641 8314
1779 2 1778 1780
1780 4 1779 1781 3036 5806
1781 2 1780 1782
1782 5 1781 1783 4149 4490 7863
1783 5 956 1782 1784 2049 7794
1784 4 1783 1785 5242 9858
1785 6 1234 1784 1786 3235 5388 8682
1786 4 1785 1787 4187 7700
1787 3 1786 1788 4608
1788 4 927 1787 1789 5288
1789 2 1788 1790
1790 5 1789 1791 4788 8996 9201
1791 4 196 1790 1792 9102
1792 3 1791 1793 8387
1793 3 768 1792 1794
1794 3 1793 1795 9883
1795 4 920 1794 1796 5406
1796 6 1485 1795 1797 3992 6835 8205
1797 5 836 1796 1798 6578 6769
1798 4 1797 1799 2843 4567
1799 3 1798 1800 4790
1800 5 519 1799 1801 2369 6741
1801 3 1800 1802 4125
1802 3 226 1801 1803
1803 4 1802 1804 5806 6783
1804 5 1803 1805 7149 7210 9384
1805 4 1804 1806 4899 5150
1806 4 1314 1805 1807 7038
1807 5 1806 1808 4821 5379 5516
1808 3 1807 1809 8735
1809 7 1808 1810 2177 3294 5178 5542 7108
1810 5 1809 1811 1812 1892 6647
1811 3 1810 1812 5652
1812 7 1810 1811 1813 2136 2372 5246 7587
1813 2 1812 1814
1814 2 1813 1815
1815 2 1814 1816
1816 2 1815 1817
1817 5 1310 1816 1818 1919 5307
1818 4 1090 1817 1819 5947
1819 7 1818 1820 4349 6902 7011 7445 9292
1820 4 1819 1821 2278 4288
1821 3 1820 1822 7089
1822 8 159 971 1287 1821 1823 4889 5671 9183
1823 5 121 1822 1824 2866 4053
1824 3 1823 1825 2199
1825 4 1458 1824 1826 7416
1826 3 1825 1827 6689
1827 3 1826 1828 3807
1828 4 1827 1829 3735 7355
1829 4 426 1828 1830 1971
1830 2 1829 1831
1831 3 1830 1832 8609
1832 3 1831 1833 5573
1833 4 1006 1832 1834 9677
1834 3 1833 1835 9038
1835 3 445 1834 1836
1836 4 1835 1837 4329 5687
1837 3 1836 1838 7852
1838 4 467 1837 1839 3668
1839 2 1838 1840
1840 2 1839 1841
1841 4 1576 1840 1842 2111
1842 7 1841 1843 5034 5279 6199 6418 8982
1843 6 1842 1844 2158 3662 4558 8331
1844 6 1593 1843 1845 5587 6013 9126
1845 3 1165 1844 1846
1846 5 1845 1847 2294 3642 5183
1847 4 1461 1846 1848 9719
1848 5 1847 1849 5101 7335 7527
1849 7 819 1848 1850 4716 5630 6377 6794
1850 4 1260 1849 1851 8214
1851 2 1850 1852
1852 4 1851 1853 2790 7220
1853 4 1852 1854 4613 5140
1854 6 141 720 831 1853 1855 2500
1855 4 1854 1856 2778 4556
1856 2 1855 1857
1857 4 1856 1858 4084 7994
1858 4 1857 1859 6433 6734
1859 2 1858 1860
1860 3 1859 1861 8431
1861 7 371 403 1860 1862 3359 7069 9745
1862 3 1861 1863 6626
1863 9 1862 1864 2435 4139 6379 6417 7260 8404 9611
1864 4 1863 1865 2764 9363
1865 3 1864 1866 8532
1866 4 1865 1867 4701 8101
1867 4 1310 1866 1868 5942
1868 3 1770 1867 1869
1869 2 1868 1870
1870 4 1075 1869 1871 3114
1871 3 1870 1872 5601
1872 4 1328 1871 1873 9803
1873 3 1872 1874 6691
1874 6 1623 1873 1875 3715 3979 5089
1875 3 1874 1876 7652
1876 6 1583 1875 1877 2655 8321 9803
1877 5 1876 1878 3105 6098 7595
1878 6 1401 1877 1879 4446 6346 7770
1879 3 1878 1880 9010
1880 2 1879 1881
1881 4 1880 1882 5593 7159
1882 2 1881 1883
1883 2 1882 1884
1884 5 271 1883 1885 3284 5148
1885 3 1884 1886 2688
1886 5 1885 1887 6585 9844 9918
1887 3 1886 1888 5213
1888 3 1887 1889 8800
1889 4 1888 1890 2855 3475
1890 3 1889 1891 1907
1891 5 1890 1892 2787 6159 6279
1892 6 1810 1891 1893 2406 4102 9438
1893 6 1892 1894 3912 4769 5376 5957
1894 2 1893 1895
1895 3 1894 1896 5364
1896 3 1895 1897 5481
1897 2 1896 1898
1898 4 15 1897 1899 7585
1899 2 1898 1900
1900 3 1899 1901 1945
1901 5 1900 1902 4745 5888 8360
1902 3 1901 1903 3762
1903 3 1902 1904 2168
1904 3 5 1903 1905
1905 5 1904 1906 5540 5760 5770
1906 3 1905 1907 7563
1907 7 1890 1906 1908 2035 3241 9568 9859
1908 2 1907 1909
1909 3 1908 1910 4183
1910 4 1909 1911 7233 7402
1911 2 1910 1912
1912 4 1911 1913 6049 8891
1913 4 1912 1914 4334 7035
1914 3 1913 1915 7429
1915 2 1914 1916
1916 3 1915 1917 9978
1917 4 1916 1918 3288 9349
1918 2 1917 1919
1919 6 1817 1918 1920 3449 4486 5190
1920 5 1919 1921 3364 4377 8358
1921 2 1920 1922
1922 4 1921 1923 5003 6412
1923 6 1922 1924 2691 3335 6920 8867
1924 7 637 1923 1925 2243 6133 8256 8274
1925 2 1924 1926
1926 5 1925 1927 2523 7044 9864
1927 4 917 1926 1928 8265
1928 6 1286 1654 1927 1929 3752 4863
1929 3 1542 1928 1930
1930 3 1929 1931 3645
1931 6 1930 1932 2064 2900 6833 8484
1932 3 1348 1931 1933
1933 3 1932 1934 5006
1934 3 1933 1935 2119
1935 3 1934 1936 4790
1936 5 1935 1937 3190 9632 9759
1937 7 1331 1936 1938 2297 4636 6089 8134
1938 7 748 1937 1939 3500 5007 5351 9087
1939 6 190 1323 1938 1940 6802 8460
1940 3 1939 1941 4782
1941 4 197 1940 1942 6248
1942 7 1941 1943 2001 4685 5075 8007 8965
1943 5 1942 1944 3947 4706 7778
1944 4 1943 1945 2392 5000
1945 7 509 927 1900 1944 1946 5085 7019
1946 3 431 1945 1947
1947 3 1946 1948 5060
1948 2 1947 1949
1949 5 326 1948 1950 2891 6972
1950 3 1949 1951 5423
1951 4 1178 1950 1952 9672
1952 4 1951 1953 5042 6476
1953 4 1952 1954 3421 5918
1954 3 1953 1955 7225
1955 4 1954 1956 6490 8369
1956 3 1955 1957 5594
1957 5 1956 1958 3444 6161 7754
1958 7 1376 1957 1959 3031 3250 5134 7008
1959 5 1958 1960 5639 6920 7547
1960 6 1959 1961 2198 4171 8943 9062
1961 4 944 1960 1962 9924
1962 4 1961 1963 6015 8026
1963 3 1962 1964 8974
1964 5 1963 1965 5292 7184 8937
1965 6 1964 1966 2121 7275 8389 9780
1966 5 369 555 1965 1967 7686
1967 4 256 1966 1968 5467
1968 4 15 1967 1969 6934
1969 7 1968 1970 2280 3237 4975 5067 7968
1970 4 235 1969 1971 5866
1971 4 1829 1970 1972 3574
1972 5 1511 1971 1973 5893 5968
1973 5 880 1972 1974 4045 7694
1974 3 1973 1975 8432
1975 3 1974 1976 5215
1976 5 1975 1977 3410 4159 7409
1977 4 1976 1978 3934 9570
1978 3 82 1977 1979
1979 2 1978 1980
1980 5 1979 1981 7619 7988 9570
1981 4 1139 1980 1982 8312
1982 2 1981 1983
1983 5 2 1018 1982 1984 9868
1984 5 1983 1985 3641 4543 7350
1985 3 1530 1984 1986
1986 4 1985 1987 2204 5510
1987 3 1986 1988 9117
1988 4 1987 1989 4954 5801
1989 3 1750 1988 1990
1990 3 1989 1991 3999
1991 4 245 1990 1992 4584
1992 4 1991 1993 3766 5825
1993 2 1992 1994
1994 2 1993 1995
1995 4 1994 1996 2954 4609
1996 2 1995 1997
1997 2 1996 1998
1998 3 1997 1999 6424
1999 5 307 528 1998 2000 4893
2000 6 1999 2001 4105 5557 6954 7933
2001 6 1942 2000 2002 2139 3956 9584
2002 3 2001 2003 8712
2003 5 855 2002 2004 4858 5104
2004 2 2003 2005
2005 6 317 365 1524 2004 2006 4219
2006 2 2005 2007
2007 6 1319 2006 2008 4375 5337 7469
2008 5 2007 2009 4766 5392 5861
2009 4 1065 2008 2010 2167
2010 6 1718 2009 2011 7442 8293 9252
2011 2 2010 2012
2012 5 2011 2013 2386 3643 8249
2013 2 2012 2014
2014 6 2013 2015 2885 5536 6756 7251
2015 5 777 2014 2016 6755 8246
2016 4 1745 2015 2017 8826
2017 3 2016 2018 5970
2018 5 749 2017 2019 4198 7342
2019 3 2018 2020 3219
2020 6 709 2019 2021 2755 4666 5586
2021 3 2020 2022 6445
2022 3 2021 2023 7012
2023 2 2022 2024
2024 2 2023 2025
2025 7 487 1280 2024 2026 9342 9427 9891
2026 3 1655 2025 2027
2027 5 2026 2028 2886 5386 9298
2028 4 396 778 2027 2029
2029 5 2028 2030 3598 5992 9241
2030 4 2029 2031 3237 5187
2031 4 2030 2032 2676 5485
2032 5 761 2031 2033 8289 9029
2033 3 2032 2034 4261
2034 7 2033 2035 3857 4490 6949 7884 9200
2035 7 1547 1907 2034 2036 2942 8106 9117
2036 3 2035 2037 6072
2037 3 2036 2038 9835
2038 6 2037 2039 3220 5655 7272 7788
2039 2 2038 2040
2040 2 2039 2041
2041 3 2040 2042 9485
2042 5 491 2041 2043 3516 6650
2043 3 2042 2044 9127
2044 5 2043 2045 6451 7852 9189
2045 2 2044 2046
2046 4 2045 2047 4446 6467
2047 4 1468 2046 2048 4247
2048 6 2047 2049 2968 6291 7773 9011
2049 6 1191 1783 2048 2050 6145 7036
2050 2 2049 2051
2051 2 2050 2052
2052 5 17 1198 2051 2053 9892
2053 3 2052 2054 8605
2054 2 2053 2055
2055 3 2054 2056 6686
2056 5 464 2055 2057 3274 4844
2057 2 2056 2058
2058 6 625 2057 2059 3498 6727 7815
2059 2 2058 2060
2060 5 2059 2061 3966 6744 8613
2061 3 2060 2062 4759
2062 6 1576 2061 2063 5660 8020 9271
2063 4 2062 2064 3289 7908
2064 6 1931 2063 2065 2649 6823 7893
2065 5 1283 2064 2066 2494 7896
2066 2 2065 2067
2067 6 2066 2068 2896 3815 3891 9321
2068 4 2067 2069 6003 8698
2069 3 2068 2070 6234
2070 5 382 2069 2071 3769 7009
2071 5 2070 2072 5202 7792 9996
2072 4 2071 2073 3958 7979
2073 5 254 1775 2072 2074 6591
2074 2 2073 2075
2075 5 2074 2076 2300 6644 6779
2076 3 2075 2077 7887
2077 6 2076 2078 3895 5533 6226 9629
2078 3 1044 2077 2079
2079 4 2078 2080 2663 4041
2080 7 2079 2081 2546 3251 3465 3588 5644
2081 4 2080 2082 2441 9718
2082 7 2081 2083 4082 4534 4952 9411 9471
2083 4 1194 2082 2084 3069
2084 2 2083 2085
2085 4 2084 2086 2344 5159
2086 2 2085 2087
2087 2 2086 2088
2088 3 2087 2089 7392
2089 5 2088 2090 2098 5113 9111
2090 7 1369 1415 2089 2091 6261 7530 8430
2091 4 2090 2092 5654 7920
2092 7 688 1169 2091 2093 2365 4856 6860
2093 2 2092 2094
2094 3 2093 2095 8956
2095 4 2094 2096 6705 7145
2096 4 2095 2097 4144 5425
2097 4 2096 2098 6738 8991
2098 5 2089 2097 2099 3002 9530
2099 2 2098 2100
2100 4 313 2099 2101 3654
2101 4 2100 2102 2633 4415
2102 6 1078 2101 2103 3186 8006 8978
2103 3 2102 2104 8460
2104 5 1098 2103 2105 2385 8921
2105 3 1663 2104 2106
2106 3 2105 2107 5836
2107 3 2106 2108 3634
2108 2 2107 2109
2109 4 2108 2110 7899 8190
2110 3 2109 2111 4647
2111 7 483 1841 2110 2112 2119 2164 4203
2112 5 792 2111 2113 7965 9506
2113 6 2112 2114 3824 4498 4537 5636
2114 4 1414 2113 2115 3970
2115 2 2114 2116
2116 5 2115 2117 6877 8762 9241
2117 3 2116 2118 2629
2118 5 825 2117 2119 3846 7641
2119 4 1934 2111 2118 2120
2120 3 1472 2119 2121
2121 6 877 1965 2120 2122 2218 5237
2122 4 1242 2121 2123 8294
2123 4 2122 2124 6812 8948
2124 2 2123 2125
2125 6 1529 2124 2126 5733 6333 9878
2126 4 1547 2125 2127 3039
2127 4 2126 2128 9241 9845
2128 2 2127 2129
2129 4 808 2128 2130 7899
2130 4 2129 2131 3192 8327
2131 4 116 765 2130 2132
2132 6 1431 2131 2133 4842 7645 8161
2133 3 2132 2134 6120
2134 7 136 1306 1724 2133 2135 2344 6409
2135 3 2134 2136 2480
2136 5 174 1812 2135 2137 9828
2137 2 2136 2138
2138 3 2137 2139 7717
2139 4 2001 2138 2140 9193
2140 5 451 2139 2141 5868 8731
2141 2 2140 2142
2142 6 1706 2141 2143 4984 7707 7777
2143 2 2142 2144
2144 8 2143 2145 3134 3702 5032 7824 7892 9236
2145 4 2144 2146 3282 7277
2146 4 2145 2147 6095 9451
2147 4 2146 2148 2339 7843
2148 3 804 2147 2149
2149 4 2148 2150 2201 2272
2150 3 2149 2151 6027
2151 3 2150 2152 6748
2152 4 1683 2151 2153 7963
2153 6 2152 2154 2356 2920 6952 8960
2154 2 2153 2155
2155 3 2154 2156 4877
2156 7 2155 2157 3289 4329 6774 7259 8477
2157 3 2156 2158 8838
2158 4 1843 2157 2159 9519
2159 2 2158 2160
2160 4 2159 2161 4340 5164
2161 2 2160 2162
2162 4 2161 2163 5936 9700
2163 4 2162 2164 6895 9959
2164 9 483 2111 2163 2165 2380 3868 7078 8088 8756
2165 3 2164 2166 9248
2166 2 2165 2167
2167 5 2009 2166 2168 4269 5203
2168 3 1903 2167 2169
2169 3 1330 2168 2170
2170 4 459 2169 2171 9014
2171 3 2170 2172 9199
2172 6 2171 2173 5465 6597 7736 9068
2173 4 2172 2174 2885 5155
2174 5 98 2173 2175 2699 7502
2175 5 2174 2176 5805 6424 7617
2176 5 601 2175 2177 3363 8657
2177 5 1809 2176 2178 2708 6960
2178 7 2177 2179 2605 3945 5603 6334 9973
2179 5 131 446 2178 2180 5500
2180 3 2179 2181 8113
2181 4 2180 2182 4389 6737
2182 2 2181 2183
2183 6 350 868 1651 2182 2184 9787
2184 3 2183 2185 9363
2185 4 2184 2186 9397 9620
2186 2 2185 2187
2187 6 628 2186 2188 6871 7550 9385
2188 3 969 2187 2189
2189 6 2188 2190 5624 6734 6743 8949
2190 6 2189 2191 6877 7276 7384 9778
2191 5 2190 2192 3653 6208 9245
2192 3 2191 2193 9528
2193 6 2192 2194 3040 4645 6976 8322
2194 8 76 2193 2195 3022 3467 3534 5326 9676
2195 5 240 2194 2196 5534 9770
2196 2 2195 2197
2197 4 2196 2198 8091 9955
2198 6 1960 2197 2199 5786 7926 9066
2199 4 1824 2198 2200 6735
2200 6 250 2199 2201 6461 8616 8948
2201 4 2149 2200 2202 4751
2202 2 2201 2203
2203 4 2202 2204 3300 3313
2204 5 1986 2203 2205 7738 9175
2205 3 2204 2206 8030
2206 5 1569 2205 2207 6758 6841
2207 4 2206 2208 3174 6782
2208 3 2207 2209 5857
2209 7 2208 2210 2374 3814 6157 6563 9386
2210 5 900 2209 2211 2255 8423
2211 2 2210 2212
2212 5 2211 2213 5115 5124 8311
2213 3 2212 2214 7583
2214 2 2213 2215
2215 3 2214 2216 3980
2216 5 2215 2217 5961 7227 9898
2217 2 2216 2218
2218 4 2121 2217 2219 6250
2219 3 2218 2220 8965
2220 4 2219 2221 2699 5002
2221 5 56 2220 2222 6071 7755
2222 3 2221 2223 8536
2223 3 2222 2224 8336
2224 6 2223 2225 2940 6488 7110 8259
2225 5 2224 2226 3077 3662 7042
2226 5 2225 2227 3035 5760 7674
2227 4 2226 2228 3093 6677
2228 3 2227 2229 6469
2229 4 292 2228 2230 8194
2230 4 781 2229 2231 7217
2231 4 2230 2232 2760 3874
2232 5 1692 2231 2233 5036 5063
2233 5 2232 2234 3457 4915 9962
2234 4 2233 2235 2655 4013
2235 5 2234 2236 5719 7100 9563
2236 2 2235 2237
2237 3 2236 2238 8341
2238 4 557 2237 2239 4715
2239 2 2238 2240
2240 2 2239 2241
2241 3 2240 2242 6989
2242 6 2241 2243 4558 7210 9406 9460
2243 4 1924 2242 2244 2396
2244 4 1073 2243 2245 4263
2245 6 2244 2246 2266 2975 5007 7422
2246 3 387 2245 2247
2247 3 2246 2248 4528
2248 3 2247 2249 3709
2249 3 2248 2250 9293
2250 2 2249 2251
2251 5 2250 2252 4566 7940 9390
2252 6 157 2251 2253 2491 2496 5725
2253 5 1665 2252 2254 2687 7880
2254 3 2253 2255 4905
2255 4 2210 2254 2256 3631
2256 4 2255 2257 3420 4992
2257 5 2256 2258 6003 7416 9717
2258 5 2257 2259 7175 8556 8713
2259 5 2258 2260 5696 6955 8641
2260 6 1146 2259 2261 7720 8401 9441
2261 4 2260 2262 7200 9865
2262 4 534 2261 2263 6374
2263 4 1591 2262 2264 7026
2264 2 2263 2265
2265 5 260 2264 2266 2844 4394
2266 4 2245 2265 2267 3028
2267 5 2266 2268 2400 9886 9946
2268 4 2267 2269 4632 8155
2269 2 2268 2270
2270 3 2269 2271 4256
2271 4 311 2270 2272 8652
2272 3 2149 2271 2273
2273 4 2272 2274 2691 9789
2274 3 2273 2275 7866
2275 5 2274 2276 6152 6637 9453
2276 4 2275 2277 3120 4644
2277 4 2276 2278 4229 7514
2278 5 121 1820 2277 2279 5586
2279 5 2278 2280 3153 7313 8046
2280 5 1969 2279 2281 4787 6317
2281 4 2280 2282 3104 3612
2282 6 2281 2283 3673 7199 8903 9519
2283 3 2282 2284 8116
2284 3 2283 2285 5605
2285 6 1575 2284 2286 2333 2710 3578
2286 4 2285 2287 2362 5904
2287 4 1416 2286 2288 9002
2288 4 2287 2289 3940 8149
2289 4 14 2288 2290 8224
2290 3 2289 2291 8029
2291 4 398 2290 2292 3693
2292 4 2291 2293 7562 9695
2293 5 2292 2294 4779 5137 6327
2294 4 1846 2293 2295 4610
2295 5 2294 2296 2354 6433 8822
2296 7 1051 2295 2297 4019 7463 8809 9413
2297 4 1937 2296 2298 9388
2298 3 5 2297 2299
2299 4 2298 2300 5761 8925
2300 5 2075 2299 2301 3393 5234
2301 3 2300 2302 4665
2302 4 2301 2303 4531 5944
2303 4 2302 2304 3852 5571
2304 3 2303 2305 9465
2305 7 817 2304 2306 3714 3736 5526 7311
2306 3 2305 2307 8691
2307 3 2306 2308 2779
2308 6 1249 2307 2309 3616 4614 9659
2309 6 2308 2310 3243 3258 7775 7788
2310 5 1462 2309 2311 3357 7068
2311 4 2310 2312 3803 5868
2312 3 2311 2313 9736
2313 4 2312 2314 4141 8350
2314 5 2313 2315 4203 8776 9611
2315 4 2314 2316 5590 8068
2316 7 1711 2315 2317 5466 7319 7551 9530
2317 4 1264 2316 2318 9215
2318 4 2317 2319 6856 8853
2319 3 2318 2320 7624
2320 3 2319 2321 3231
2321 3 2320 2322 6609
2322 4 2321 2323 6346 6382
2323 2 2322 2324
2324 3 2323 2325 6897
2325 3 2324 2326 6733
2326 3 2325 2327 4149
2327 5 2326 2328 5399 6224 7918
2328 2 2327 2329
2329 5 512 2328 2330 5221 9733
2330 3 2329 2331 4139
2331 3 2330 2332 8401
2332 4 2331 2333 3036 5312
2333 3 2285 2332 2334
2334 5 1159 2333 2335 5418 9483
2335 3 2334 2336 4475
2336 3 2335 2337 8869
2337 4 2336 2338 3212 4972
2338 4 2337 2339 2726 4695
2339 4 2147 2338 2340 6706
2340 2 2339 2341
2341 6 118 2340 2342 6254 7950 8088
2342 2 2341 2343
2343 4 691 2342 2344 3333
2344 7 835 2085 2134 2343 2345 3538 8672
2345 5 2344 2346 2555 8738 9264
2346 2 2345 2347
2347 3 2346 2348 7679
2348 3 2347 2349 7254
2349 5 1613 2348 2350 5627 9385
2350 4 1546 2349 2351 5677
2351 4 43 2350 2352 2943
2352 5 2351 2353 5158 7031 8378
2353 4 640 2352 2354 7210
2354 5 2295 2353 2355 2487 6823
2355 6 2354 2356 7292 7564 8292 9451
2356 4 2153 2355 2357 2548
2357 5 191 2356 2358 2684 3744
2358 4 2357 2359 4634 9909
2359 3 2358 2360 5264
2360 3 2359 2361 4598
2361 3 459 2360 2362
2362 8 1370 2286 2361 2363 3883 8361 9106 9499
2363 4 2362 2364 2818 8632
2364 4 2363 2365 4072 9083
2365 4 2092 2364 2366 3423
2366 2 2365 2367
2367 5 1358 2366 2368 4332 4498
2368 3 2367 2369 2982
2369 6 1800 2368 2370 6906 8853 9081
2370 5 2369 2371 2952 4647 7460
2371 4 299 2370 2372 6297
2372 3 1812 2371 2373
2373 2 2372 2374
2374 5 2209 2373 2375 7270 8499
2375 4 2374 2376 3054 4811
2376 5 2375 2377 3539 4972 7002
2377 4 2376 2378 4311 6606
2378 5 2377 2379 6561 7590 9310
2379 3 2378 2380 7805
2380 6 2164 2379 2381 4323 6809 7548
2381 3 2380 2382 6087
2382 6 54 1635 2381 2383 4133 9460
2383 4 2382 2384 4956 7322
2384 2 2383 2385
2385 4 1483 2104 2384 2386
2386 5 939 2012 2385 2387 5175
2387 4 2386 2388 5421 7083
2388 2 2387 2389
2389 2 2388 2390
2390 3 2389 2391 8825
2391 2 2390 2392
2392 7 1944 2391 2393 6976 7166 8737 9070
2393 4 1345 2392 2394 3917
2394 4 2393 2395 2587 6811
2395 5 86 2394 2396 4328 8849
2396 7 88 929 2243 2395 2397 2820 5643
2397 4 2396 2398 3496 8068
2398 4 2397 2399 5468 8332
2399 4 434 2398 2400 7021
2400 4 2267 2399 2401 8524
2401 5 2400 2402 6160 6874 8380
2402 5 411 2401 2403 2944 7946
2403 4 992 2402 2404 7842
2404 5 2403 2405 2477 6724 8759
2405 4 2404 2406 3985 6928
2406 5 1892 2405 2407 2925 9747
2407 5 2406 2408 5069 6292 7463
2408 5 2407 2409 8332 9829 9878
2409 3 2408 2410 6222
2410 4 2409 2411 3575 9922
2411 3 2410 2412 9135
2412 3 2411 2413 7051
2413 6 2412 2414 2488 4514 8059 9145
2414 4 1666 2413 2415 3203
2415 4 2414 2416 4125 6323
2416 6 1668 2415 2417 3658 5966 8081
2417 2 2416 2418
2418 2 2417 2419
2419 5 1420 1604 2418 2420 7701
2420 3 2419 2421 9429
2421 3 2420 2422 5301
2422 6 2421 2423 6604 7331 9048 9073
2423 5 2422 2424 4834 5144 7416
2424 3 2423 2425 6145
2425 4 89 2424 2426 3598
2426 2 2425 2427
2427 4 2426 2428 5781 7962
2428 5 2427 2429 4490 5101 8277
2429 8 470 2428 2430 3462 5273 6786 7613 9144
2430 3 2429 2431 8104
2431 3 2430 2432 3234
2432 3 2431 2433 2991
2433 3 2432 2434 8078
2434 3 2433 2435 5777
2435 7 1272 1863 2434 2436 2481 6004 9938
2436 3 2435 2437 6194
2437 4 583 2436 2438 8700
2438 2 2437 2439
2439 4 1008 2438 2440 9671
2440 3 2439 2441 3493
2441 4 2081 2440 2442 8297
2442 4 2441 2443 3785 8793
2443 3 2442 2444 5250
2444 5 1739 2443 2445 4725 6693
2445 6 415 853 2444 2446 6570 9262
2446 3 939 2445 2447
2447 3 2446 2448 3363
2448 4 2447 2449 5154 6370
2449 2 2448 2450
2450 4 492 2449 2451 7607
2451 8 576 1094 1640 2450 2452 4479 4536 5682
2452 3 2451 2453 4955
2453 2 2452 2454
2454 4 2453 2455 4320 4687
2455 4 2454 2456 8933 9001
2456 3 2455 2457 2756
2457 4 257 2456 2458 5884
2458 4 2457 2459 6445 8606
2459 3 2458 2460 7765
2460 2 2459 2461
2461 2 2460 2462
2462 2 2461 2463
2463 3 1471 2462 2464
2464 4 2463 2465 8301 8329
2465 5 2464 2466 3004 6066 9071
2466 2 2465 2467
2467 4 2466 2468 7025 8139
2468 2 2467 2469
2469 6 1215 2468 2470 3351 5840 9924
2470 2 2469 2471
2471 3 2470 2472 4190
2472 2 2471 2473
2473 6 46 2472 2474 4672 4704 8289
2474 2 2473 2475
2475 5 2474 2476 5914 6565 6949
2476 3 2475 2477 4148
2477 3 2404 2476 2478
2478 5 1240 2477 2479 4091 5111
2479 2 2478 2480
2480 3 2135 2479 2481
2481 5 2435 2480 2482 6279 6813
2482 6 2481 2483 3191 8630 9118 9535
2483 2 2482 2484
2484 5 2483 2485 4587 5707 8590
2485 2 2484 2486
2486 3 2485 2487 5341
2487 7 843 1329 2354 2486 2488 3048 4556
2488 4 2413 2487 2489 8188
2489 4 2488 2490 5896 6131
2490 2 2489 2491
2491 8 2252 2490 2492 3252 3335 5531 8852 9988
2492 2 2491 2493
2493 5 190 1696 2492 2494 5603
2494 5 2065 2493 2495 5375 7601
2495 5 1719 2494 2496 3266 5930
2496 3 2252 2495 2497
2497 3 2496 2498 9651
2498 5 1757 2497 2499 3981 5570
2499 4 2498 2500 4143 6956
2500 4 1854 2499 2501 6020
2501 3 2500 2502 2525
2502 3 2501 2503 6553
2503 6 1749 2502 2504 5239 6439 9771
2504 3 2503 2505 5905
2505 4 2504 2506 7272 9864
2506 2 2505 2507
2507 4 881 2506 2508 8250
2508 3 2507 2509 5166
2509 5 1511 2508 2510 2868 8251
2510 4 2509 2511 7261 9303
2511 3 103 2510 2512
2512 2 2511 2513
2513 4 2512 2514 3868 6465
2514 3 2513 2515 6314
2515 9 578 2514 2516 3318 4458 4774 5898 7357 8248
2516 2 2515 2517
2517 3 988 2516 2518
2518 5 2517 2519 4454 5890 9382
2519 3 2518 2520 2990
2520 5 211 2519 2521 3461 4661
2521 5 360 739 2520 2522 3572
2522 5 2521 2523 3222 3880 9611
2523 4 1926 2522 2524 4347
2524 5 1061 2523 2525 2826 4967
2525 4 929 2501 2524 2526
2526 2 2525 2527
2527 3 2526 2528 6132
2528 4 1611 2527 2529 7882
2529 5 1117 2528 2530 8169 9807
2530 6 2529 2531 6093 6992 8742 9998
2531 5 302 496 2530 2532 9168
2532 3 2531 2533 4333
2533 5 1016 1481 2532 2534 4810
2534 3 2533 2535 4297
2535 3 2534 2536 9220
2536 5 1463 2535 2537 6001 7241
2537 5 2536 2538 3482 8146 8308
2538 2 2537 2539
2539 6 601 2538 2540 2745 3901 9626
2540 4 806 2539 2541 5166
2541 3 2540 2542 8711
2542 4 2541 2543 6297 8300
2543 2 2542 2544
2544 4 2543 2545 6937 9139
2545 5 296 2544 2546 7752 9678
2546 7 515 2080 2545 2547 3380 4058 9545
2547 7 1213 1342 2546 2548 2553 4097 4715
2548 4 2356 2547 2549 4118
2549 3 2548 2550 3088
2550 2 2549 2551
2551 3 2550 2552 3294
2552 2 2551 2553
2553 8 418 1342 2547 2552 2554 4476 5114 7847
2554 4 2553 2555 7712 8262
2555 3 2345 2554 2556
2556 4 412 522 2555 2557
2557 3 2556 2558 3712
2558 4 2557 2559 7259 9791
2559 3 2558 2560 7902
2560 3 2559 2561 3567
2561 5 298 2560 2562 3164 4491
2562 4 1335 2561 2563 7931
2563 4 2562 2564 7044 9713
2564 5 821 2563 2565 5016 7022
2565 5 2564 2566 4931 8133 9407
2566 4 2565 2567 9083 9531
2567 3 2566 2568 4087
2568 4 2567 2569 4723 7722
2569 5 1443 2568 2570 6929 7379
2570 6 1293 2569 2571 2572 5270 6837
2571 4 2570 2572 4019 9920
2572 5 550 2570 2571 2573 8857
2573 6 2572 2574 3464 4463 5812 9958
2574 3 2573 2575 2585
2575 7 643 1232 2574 2576 2899 8672 9438
2576 3 2575 2577 8889
2577 3 56 2576 2578
2578 4 2577 2579 4131 6609
2579 2 2578 2580
2580 4 2579 2581 5925 8878
2581 4 1435 2580 2582 5663
2582 3 2581 2583 3114
2583 4 2582 2584 2941 7566
2584 4 2583 2585 4180 6323
2585 6 2574 2584 2586 3051 6585 8083
2586 3 2585 2587 9572
2587 4 2394 2586 2588 5586
2588 4 1668 2587 2589 8535
2589 6 2588 2590 3871 4128 5456 5862
2590 3 1173 2589 2591
2591 2 2590 2592
2592 4 793 2591 2593 8405
2593 4 2592 2594 5364 6396
2594 4 2593 2595 3218 7295
2595 3 2594 2596 6838
2596 3 2595 2597 7606
2597 5 1674 2596 2598 4526 7756
2598 2 2597 2599
2599 7 55 2598 2600 2672 2738 4278 7558
2600 2 2599 2601
2601 3 2600 2602 5385
2602 3 2601 2603 9725
2603 4 2602 2604 3649 5371
2604 4 2603 2605 5908 8937
2605 4 1493 2178 2604 2606
2606 4 425 1752 2605 2607
2607 4 522 1537 2606 2608
2608 4 413 2607 2609 9070
2609 3 2608 2610 9262
2610 3 2609 2611 5017
2611 4 1482 2610 2612 9313
2612 4 2611 2613 6483 6729
2613 6 828 2612 2614 3902 4602 7274
2614 2 2613 2615
2615 5 2614 2616 6747 7179 8611
2616 3 2615 2617 8724
2617 3 2616 2618 8166
2618 3 2617 2619 4793
2619 5 849 970 2618 2620 2887
2620 6 2619 2621 5677 5684 7691 8858
2621 3 2620 2622 7602
2622 5 1383 2621 2623 5156 5315
2623 3 974 2622 2624
2624 5 254 2623 2625 4259 6698
2625 6 424 2624 2626 4169 7467 8511
2626 4 2625 2627 4907 6875
2627 3 2626 2628 8038
2628 4 726 2627 2629 5787
2629 7 810 1127 2117 2628 2630 3067 7826
2630 2 2629 2631
2631 4 2630 2632 4016 4612
2632 2 2631 2633
2633 6 2101 2632 2634 3630 4979 8657
2634 3 2633 2635 5300
2635 3 2634 2636 6468
2636 6 114 365 2635 2637 8707 8825
2637 4 2636 2638 5575 8121
2638 3 2637 2639 6755
2639 7 2638 2640 2963 3506 8076 8357 9901
2640 2 2639 2641
2641 3 1778 2640 2642
2642 3 2641 2643 8670
2643 6 1134 2642 2644 4101 4809 5965
2644 5 2643 2645 2695 6671 9007
2645 3 2644 2646 3260
2646 5 1019 2645 2647 5283 8597
2647 2 2646 2648
2648 2 2647 2649
2649 3 2064 2648 2650
2650 4 2649 2651 4419 9066
2651 5 1011 1136 1583 2650 2652
2652 2 2651 2653
2653 4 791 2652 2654 5626
2654 2 2653 2655
2655 4 1876 2234 2654 2656
2656 7 863 2655 2657 4014 4886 6164 7225
2657 6 2656 2658 4574 4666 7510 8088
2658 3 2657 2659 5025
2659 5 2658 2660 3975 4115 6793
2660 5 430 2659 2661 4191 5833
2661 2 2660 2662
2662 2 2661 2663
2663 4 2079 2662 2664 5884
2664 4 1540 2663 2665 9769
2665 3 2664 2666 3025
2666 2 2665 2667
2667 3 2666 2668 7434
2668 3 2667 2669 9189
2669 4 1459 2668 2670 7443
2670 3 2669 2671 9764
2671 5 1260 2670 2672 5350 9192
2672 4 2599 2671 2673 3397
2673 3 877 2672 2674
2674 3 92 2673 2675
2675 4 2674 2676 7433 9387
2676 3 2031 2675 2677
2677 2 2676 2678
2678 4 2677 2679 2892 9506
2679 4 2678 2680 4296 5123
2680 3 2679 2681 8767
2681 2 2680 2682
2682 2 2681 2683
2683 2 2682 2684
2684 7 2357 2683 2685 3335 4048 5211 5479
2685 5 1707 2684 2686 2862 9135
2686 5 2685 2687 3044 5569 7845
2687 4 2253 2686 2688 9061
2688 5 1332 1885 2687 2689 7460
2689 4 170 2688 2690 9853
2690 6 61 174 2689 2691 3218 4132
2691 6 119 1923 2273 2690 2692 5285
2692 4 2691 2693 7162 8817
2693 4 2692 2694 5025 8711
2694 3 2693 2695 6841
2695 6 2644 2694 2696 5765 7202 8138
2696 3 2695 2697 4893
2697 3 2696 2698 5922
2698 5 968 2697 2699 2963 9907
2699 7 2174 2220 2698 2700 3872 6845 8145
2700 4 2699 2701 6631 9376
2701 4 604 2700 2702 7295
2702 2 2701 2703
2703 4 961 1311 2702 2704
2704 2 2703 2705
2705 5 1009 2704 2706 5383 6082
2706 3 2705 2707 6619
2707 6 1124 1742 2706 2708 3343 9764
2708 4 2177 2707 2709 4189
2709 3 2708 2710 9144
2710 6 2285 2709 2711 4456 7313 9860
2711 7 215 2710 2712 8221 8321 8631 8679
2712 4 2711 2713 3215 4357
2713 6 2712 2714 3684 4748 8752 8858
2714 2 2713 2715
2715 3 1212 2714 2716
2716 4 2715 2717 5129 6436
2717 3 535 2716 2718
2718 3 2717 2719 6603
2719 3 2718 2720 9182
2720 4 2719 2721 3193 7432
2721 3 2720 2722 5621
2722 5 2721 2723 3083 7068 8313
2723 7 1228 2722 2724 2864 7685 7787 8429
2724 4 1380 2723 2725 3881
2725 6 927 931 2724 2726 3231 4722
2726 6 2338 2725 2727 3830 6156 8142
2727 2 2726 2728
2728 5 2727 2729 3196 6579 9228
2729 2 2728 2730
2730 7 218 2729 2731 4282 4486 7269 9593
2731 3 2730 2732 3737
2732 4 2731 2733 8394 8630
2733 3 2732 2734 5354
2734 2 2733 2735
2735 2 2734 2736
2736 5 2735 2737 6951 7733 9382
2737 3 2736 2738 3109
2738 3 2599 2737 2739
2739 7 2738 2740 3281 4605 4861 7097 7630
2740 4 2739 2741 3767 7024
2741 4 2740 2742 5188 6385
2742 4 2741 2743 6183 6676
2743 3 114 2742 2744
2744 3 2743 2745 9810
2745 3 2539 2744 2746
2746 4 2745 2747 4595 6988
2747 3 2746 2748 9720
2748 3 859 2747 2749
2749 2 2748 2750
2750 3 2749 2751 5368
2751 3 1409 2750 2752
2752 2 2751 2753
2753 4 2752 2754 6280 6369
2754 6 1562 2753 2755 3457 6438 9149
2755 6 2020 2754 2756 7098 7568 9373
2756 5 2456 2755 2757 3839 6025
2757 3 2756 2758 7917
2758 6 690 833 2757 2759 9753 9892
2759 4 2758 2760 3161 6453
2760 4 669 2231 2759 2761
2761 4 2760 2762 4156 5006
2762 2 2761 2763
2763 3 2762 2764 6052
2764 5 1864 2763 2765 3118 4390
2765 4 2764 2766 6502 7490
2766 4 901 2765 2767 2843
2767 4 2766 2768 5286 9081
2768 3 2767 2769 6807
2769 5 2768 2770 2900 4296 5212
2770 2 2769 2771
2771 4 2770 2772 3446 9468
2772 6 2771 2773 5056 5706 6814 9576
2773 6 256 2772 2774 5580 6067 9987
2774 5 1131 2773 2775 4115 4257
2775 3 2774 2776 7467
2776 3 2775 2777 3665
2777 5 57 1022 1371 2776 2778
2778 5 1855 2777 2779 5704 9084
2779 4 2307 2778 2780 9051
2780 3 2779 2781 7390
2781 3 2780 2782 3523
2782 4 2781 2783 5387 6181
2783 4 65 2782 2784 7139
2784 4 2783 2785 3063 9869
2785 3 2784 2786 9720
2786 4 2785 2787 4604 5089
2787 4 511 1891 2786 2788
2788 6 2787 2789 5836 7108 7623 7694
2789 4 1230 2788 2790 3007
2790 6 1852 2789 2791 2905 5817 8951
2791 5 883 2790 2792 5374 7315
2792 4 2791 2793 4875 5982
2793 4 2792 2794 3061 4670
2794 6 2793 2795 3131 3234 8835 9742
2795 3 2794 2796 9060
2796 5 13 2795 2797 8466 9387
2797 3 2796 2798 3844
2798 6 2797 2799 2925 3077 4489 4931
2799 5 36 643 2798 2800 6393
2800 4 2799 2801 3459 8010
2801 5 842 2800 2802 5136 8395
2802 3 507 2801 2803
2803 3 2802 2804 7471
2804 3 2803 2805 4094
2805 3 2804 2806 3097
2806 3 1546 2805 2807
2807 5 2806 2808 5156 5340 9494
2808 4 581 2807 2809 7777
2809 4 2808 2810 4757 5392
2810 2 2809 2811
2811 4 2810 2812 6719 6883
2812 3 1389 2811 2813
2813 6 2812 2814 5518 5811 8364 9486
2814 5 2813 2815 6646 7022 9576
2815 3 2814 2816 6126
2816 4 2815 2817 3177 3595
2817 2 2816 2818
2818 6 512 2363 2817 2819 3104 9174
2819 2 2818 2820
2820 6 2396 2819 2821 3559 5188 6972
2821 5 2820 2822 3374 8989 9868
2822 4 2821 2823 7742 7761
2823 3 2822 2824 9764
2824 3 2823 2825 4037
2825 4 2824 2826 8047 8796
2826 4 2524 2825 2827 5217
2827 3 2826 2828 3496
2828 5 1301 2827 2829 3716 7246
2829 5 2828 2830 4269 4611 5428
2830 3 2829 2831 6777
2831 3 2830 2832 4101
2832 4 2831 2833 5716 6021
2833 4 2832 2834 5458 8621
2834 6 194 2833 2835 3220 4276 5403
2835 2 2834 2836
2836 2 2835 2837
2837 5 683 2836 2838 8168 8935
2838 3 2837 2839 5165
2839 5 2838 2840 3917 6427 9493
2840 4 1005 2839 2841 4065
2841 6 2840 2842 3737 4458 6891 7860
2842 3 2841 2843 6246
2843 5 1798 2766 2842 2844 3299
2844 4 735 2265 2843 2845
2845 4 105 2844 2846 8729
2846 2 2845 2847
2847 3 2846 2848 5881
2848 3 2847 2849 3035
2849 2 2848 2850
2850 3 2849 2851 3755
2851 5 2850 2852 4373 4944 6215
2852 4 1279 2851 2853 5650
2853 5 2852 2854 4328 5014 9987
2854 5 1767 2853 2855 2989 8603
2855 5 491 1889 2854 2856 9562
2856 2 2855 2857
2857 2 2856 2858
2858 2 2857 2859
2859 7 384 392 2858 2860 6678 9331 9464
2860 3 2859 2861 9336
2861 2 2860 2862
2862 6 2685 2861 2863 5816 8015 9737
2863 6 2862 2864 3625 3806 5639 8395
2864 6 2723 2863 2865 3461 4768 9634
2865 3 2864 2866 6728
2866 8 1384 1823 2865 2867 5555 6643 6942 8872
2867 3 2866 2868 3840
2868 8 2509 2867 2869 3260 3303 5422 7399 8433
2869 3 2868 2870 3136
2870 5 1095 2869 2871 8492 8701
2871 4 2870 2872 8750 9635
2872 3 1290 2871 2873
2873 2 2872 2874
2874 3 2873 2875 3628
2875 3 812 2874 2876
2876 3 2875 2877 8622
2877 4 2876 2878 4335 6167
2878 4 2877 2879 4657 7550
2879 3 2878 2880 9222
2880 2 2879 2881
2881 3 2880 2882 5057
2882 4 1428 2881 2883 7214
2883 5 2882 2884 4707 6306 9576
2884 3 392 2883 2885
2885 7 2014 2173 2884 2886 5024 7665 7790
2886 6 2027 2885 2887 3017 3509 3829
2887 3 2619 2886 2888
2888 5 2887 2889 4024 7204 9929
2889 3 45 2888 2890
2890 2 2889 2891
2891 5 1949 2890 2892 4264 6927
2892 3 2678 2891 2893
2893 4 2892 2894 3303 6692
2894 2 2893 2895
2895 3 1236 2894 2896
2896 7 323 2067 2895 2897 4454 4465 5590
2897 6 2896 2898 3040 6075 9263 9339
2898 4 2897 2899 3129 8050
2899 5 2575 2898 2900 4619 7346
2900 8 1376 1931 2769 2899 2901 3493 4578 4984
2901 4 2900 2902 9303 9883
2902 3 2901 2903 8311
2903 4 887 2902 2904 5366
2904 3 2903 2905 3521
2905 4 418 2790 2904 2906
2906 3 2905 2907 4055
2907 2 2906 2908
2908 3 2907 2909 4443
2909 3 2908 2910 8975
2910 3 247 2909 2911
2911 6 378 2910 2912 2971 4763 6421
2912 3 2911 2913 4110
2913 3 2912 2914 3332
2914 4 687 2913 2915 8716
2915 2 2914 2916
2916 5 1713 2915 2917 3052 6003
2917 2 2916 2918
2918 2 2917 2919
2919 3 1772 2918 2920
2920 8 321 2153 2919 2921 3930 4008 6647 7218
2921 3 2920 2922 9246
2922 5 2921 2923 3654 3799 6607
2923 5 986 2922 2924 9372 9675
2924 4 2923 2925 5669 7056
2925 8 1632 1665 2406 2798 2924 2926 3127 7921
2926 2 2925 2927
2927 5 94 2926 2928 5930 8039
2928 2 2927 2929
2929 4 2928 2930 5504 8707
2930 2 2929 2931
2931 3 2930 2932 3080
2932 4 2931 2933 5689 6081
2933 2 2932 2934
2934 7 898 2933 2935 5023 6224 6333 8772
2935 3 2934 2936 3916
2936 2 2935 2937
2937 6 2936 2938 6475 9558 9583 9643
2938 6 2937 2939 5580 6360 6907 7056
2939 2 2938 2940
2940 6 2224 2939 2941 4021 4202 9186
2941 7 997 1592 2583 2940 2942 3678 5194
2942 3 2035 2941 2943
2943 4 1733 2351 2942 2944
2944 5 1433 2402 2943 2945 9482
2945 6 459 481 2944 2946 5701 7771
2946 3 2945 2947 8052
2947 2 2946 2948
2948 3 2947 2949 5062
2949 5 267 2948 2950 5526 6660
2950 5 2949 2951 5008 9313 9620
2951 4 1364 2950 2952 5695
2952 5 2370 2951 2953 4394 6082
2953 5 331 2952 2954 3167 4483
2954 5 544 1995 2953 2955 4003
2955 7 2954 2956 4733 5579 5821 9147 9418
2956 4 2955 2957 5477 7141
2957 4 2956 2958 3901 4281
2958 2 2957 2959
2959 4 294 2958 2960 3933
2960 4 583 2959 2961 4127
2961 6 1253 2960 2962 2965 5181 9388
2962 5 353 2961 2963 3628 9107
2963 6 2639 2698 2962 2964 7963 8726
2964 3 2963 2965 7083
2965 4 2961 2964 2966 3351
2966 3 2965 2967 6111
2967 3 683 2966 2968
2968 6 2048 2967 2969 7191 7991 9996
2969 3 2968 2970 4481
2970 3 2969 2971 4066
2971 3 2911 2970 2972
2972 3 2971 2973 3456
2973 5 2972 2974 4097 9501 9587
2974 2 2973 2975
2975 4 12 2245 2974 2976
2976 4 2975 2977 3954 8225
2977 5 2976 2978 3588 6240 8571
2978 4 2977 2979 8427 8946
2979 4 734 2978 2980 5320
2980 4 2979 2981 3359 8535
2981 4 21 532 2980 2982
2982 6 2368 2981 2983 5409 7553 9575
2983 5 2982 2984 4434 4915 8958
2984 2 2983 2985
2985 4 2984 2986 3996 5326
2986 2 2985 2987
2987 5 2986 2988 5661 6476 9725
2988 3 2987 2989 5089
2989 6 714 1016 2854 2988 2990 5537
2990 7 1693 2519 2989 2991 5654 6011 6499
2991 6 2432 2990 2992 3674 4559 6474
2992 5 737 1385 2991 2993 3383
2993 4 2992 2994 3919 9178
2994 2 2993 2995
2995 4 1148 2994 2996 6616
2996 4 2995 2997 4014 6375
2997 4 2996 2998 4090 6727
2998 3 2997 2999 6627
2999 3 2998 3000 6405
3000 4 2999 3001 3987 9809
3001 3 3000 3002 5385
3002 5 2098 3001 3003 4455 4900
3003 3 473 3002 3004
3004 4 2465 3003 3005 5520
3005 2 3004 3006
3006 4 1677 3005 3007 6642
3007 6 998 2789 3006 3008 6227 7806
3008 4 3007 3009 4106 8035
3009 3 3008 3010 3403
3010 6 3009 3011 5851 7243 7898 8558
3011 4 1530 3010 3012 8032
3012 3 3011 3013 9519
3013 4 921 3012 3014 7668
3014 3 968 3013 3015
3015 2 3014 3016
3016 4 3015 3017 4709 9965
3017 4 2886 3016 3018 3813
3018 4 3017 3019 5074 8678
3019 2 3018 3020
3020 3 3019 3021 7114
3021 4 12 534 3020 3022
3022 6 1589 2194 3021 3023 4607 9932
3023 2 3022 3024
3024 4 976 3023 3025 8316
3025 7 2665 3024 3026 5919 7347 7528 7743
3026 6 3025 3027 6044 6749 7825 8451
3027 3 3026 3028 9802
3028 6 2266 3027 3029 5360 5969 6038
3029 2 3028 3030
3030 4 3029 3031 3958 5911
3031 3 1958 3030 3032
3032 4 3031 3033 5546 5588
3033 2 3032 3034
3034 5 3033 3035 5444 6420 8113
3035 6 1243 2226 2848 3034 3036 7344
3036 4 1780 2332 3035 3037
3037 4 3036 3038 6016 8596
3038 4 3037 3039 3409 5060
3039 4 2126 3038 3040 7602
3040 7 1254 1406 2193 2897 3039 3041 5161
3041 6 3040 3042 5096 6160 8464 9775
3042 5 3041 3043 3523 6028 8797
3043 6 3042 3044 5556 7152 7509 8720
3044 6 75 2686 3043 3045 7802 9183
3045 4 3044 3046 5374 9290
3046 7 3045 3047 3373 4046 6977 7148 9039
3047 3 3046 3048 9058
3048 5 678 2487 3047 3049 5465
3049 4 3048 3050 5442 7451
3050 4 3049 3051 6766 9700
3051 6 736 2585 3050 3052 3905 7127
3052 5 2916 3051 3053 6152 6251
3053 5 3052 3054 3102 7873 8424
3054 3 2375 3053 3055
3055 2 3054 3056
3056 3 76 3055 3057
3057 5 214 1183 3056 3058 9474
3058 3 1649 3057 3059
3059 3 3058 3060 3849
3060 4 3059 3061 3982 7702
3061 5 2793 3060 3062 4853 6802
3062 5 3061 3063 4845 5439 8238
3063 3 2784 3062 3064
3064 3 3063 3065 6923
3065 4 3064 3066 3297 6654
3066 2 3065 3067
3067 6 2629 3066 3068 3104 9371 9555
3068 6 1489 3067 3069 4775 4949 7702
3069 7 2083 3068 3070 4401 8807 9293 9764
3070 6 497 3069 3071 4165 6026 7186
3071 4 3070 3072 3223 6422
3072 3 3071 3073 8940
3073 7 3072 3074 3728 7331 8961 9286 9698
3074 4 3073 3075 3890 7076
3075 4 3074 3076 7041 9808
3076 3 1655 3075 3077
3077 7 1470 2225 2798 3076 3078 6054 9113
3078 2 3077 3079
3079 5 3078 3080 6715 9164 9495
3080 5 795 2931 3079 3081 4969
3081 2 3080 3082
3082 3 3081 3083 4459
3083 5 2722 3082 3084 8422 9580
3084 2 3083 3085
3085 3 3084 3086 3328
3086 3 1715 3085 3087
3087 4 133 3086 3088 3141
3088 7 918 2549 3087 3089 6342 9410 9957
3089 2 3088 3090
3090 4 3089 3091 3299 6243
3091 3 3090 3092 7031
3092 3 3091 3093 4586
3093 5 2227 3092 3094 3440 3591
3094 5 3093 3095 3570 6548 6774
3095 4 3094 3096 3984 8142
3096 5 1678 3095 3097 3238 4954
3097 6 1683 2805 3096 3098 6777 7947
3098 6 1115 3097 3099 4112 8687 9091
3099 3 1594 3098 3100
3100 4 555 3099 3101 7645
3101 3 3100 3102 8280
3102 7 1441 3053 3101 3103 5260 5588 6112
3103 4 3102 3104 5088 7179
3104 5 2281 2818 3067 3103 3105
3105 4 1877 3104 3106 6375
3106 3 3105 3107 8910
3107 2 3106 3108
3108 4 3107 3109 3355 9688
3109 4 2737 3108 3110 7341
3110 3 3109 3111 5915
3111 3 3110 3112 6559
3112 4 744 3111 3113 7281
3113 3 3112 3114 9881
3114 6 1204 1870 2582 3113 3115 7778
3115 3 3114 3116 5851
3116 3 3115 3117 5943
3117 3 3116 3118 3424
3118 7 1421 2764 3117 3119 3636 7062 9167
3119 4 3118 3120 6982 9755
3120 6 1276 2276 3119 3121 3998 8567
3121 7 1107 1279 3120 3122 3760 7183 8395
3122 3 3121 3123 7840
3123 3 3122 3124 6311
3124 4 3123 3125 4137 4489
3125 2 3124 3126
3126 3 3125 3127 3567
3127 6 1266 1552 2925 3126 3128 3365
3128 4 1178 3127 3129 9345
3129 4 2898 3128 3130 8062
3130 7 3129 3131 3858 3868 5838 6819 7624
3131 5 694 2794 3130 3132 4115
3132 2 3131 3133
3133 5 340 3132 3134 3977 4529
3134 7 2144 3133 3135 5081 5097 5681 8965
3135 3 3134 3136 6227
3136 4 2869 3135 3137 6842
3137 4 394 1362 3136 3138
3138 4 256 3137 3139 7197
3139 4 287 378 3138 3140
3140 3 3139 3141 7624
3141 7 310 3087 3140 3142 4747 7479 9412
3142 4 676 3141 3143 4275
3143 4 3142 3144 6853 7554
3144 3 3143 3145 6350
3145 2 3144 3146
3146 3 3145 3147 8013
3147 5 1476 1661 3146 3148 7281
3148 4 1598 3147 3149 4836
3149 5 994 3148 3150 4860 6686
3150 2 3149 3151
3151 4 1692 3150 3152 4867
3152 3 755 3151 3153
3153 4 2279 3152 3154 8051
3154 5 3153 3155 4837 6067 7138
3155 4 3154 3156 8029 9805
3156 3 3155 3157 8792
3157 3 3156 3158 4239
3158 5 3157 3159 5978 6353 7522
3159 2 3158 3160
3160 3 3159 3161 3165
3161 6 50 2759 3160 3162 7626 9529
3162 5 1510 3161 3163 5563 6356
3163 5 416 1205 3162 3164 7453
3164 5 992 2561 3163 3165 3985
3165 6 3160 3164 3166 4072 5831 7799
3166 3 3165 3167 6953
3167 7 556 2953 3166 3168 5760 6551 8782
3168 6 3167 3169 4467 7775 8628 8783
3169 6 1182 1722 3168 3170 3828 4592
3170 3 486 3169 3171
3171 5 1687 3170 3172 4206 9333
3172 3 3171 3173 4825
3173 4 3172 3174 3349 5449
3174 5 2207 3173 3175 4862 7202
3175 5 3174 3176 3679 4131 7347
3176 3 3175 3177 3592
3177 6 2816 3176 3178 4282 8199 8230
3178 4 3177 3179 3505 6657
3179 4 3178 3180 3913 9389
3180 3 3179 3181 5405
3181 3 3180 3182 8926
3182 3 3181 3183 3431
3183 4 3182 3184 5661 6248
3184 2 3183 3185
3185 2 3184 3186
3186 3 2102 3185 3187
3187 6 286 3186 3188 6743 6801 7445
3188 4 3187 3189 3979 4451
3189 2 3188 3190
3190 3 1936 3189 3191
3191 5 2482 3190 3192 3508 9093
3192 6 394 2130 3191 3193 4932 6039
3193 4 2720 3192 3194 4081
3194 5 795 3193 3195 8892 9416
3195 2 3194 3196
3196 4 453 2728 3195 3197
3197 2 3196 3198
3198 3 3197 3199 8114
3199 3 3198 3200 9498
3200 5 690 3199 3201 6151 7872
3201 3 3200 3202 8711
3202 4 3201 3203 6059 6135
3203 6 2414 3202 3204 4859 5885 7854
3204 4 3203 3205 4630 4681
3205 5 788 1320 3204 3206 7786
3206 3 3205 3207 7772
3207 4 1719 3206 3208 9949
3208 5 1216 1306 3207 3209 5649
3209 4 3208 3210 5733 9066
3210 5 1675 3209 3211 6321 8979
3211 4 828 3210 3212 6839
3212 5 2337 3211 3213 9413 9946
3213 3 3212 3214 5284
3214 4 3213 3215 4317 4423
3215 5 2712 3214 3216 3576 6157
3216 5 1241 3215 3217 5301 7162
3217 3 3216 3218 6049
3218 6 975 2594 2690 3217 3219 5372
3219 4 2019 3218 3220 6369
3220 6 2038 2834 3219 3221 4838 6041
3221 4 3220 3222 4245 7922
3222 3 2522 3221 3223
3223 5 1065 3071 3222 3224 7410
3224 4 3223 3225 4437 9183
3225 2 3224 3226
3226 2 3225 3227
3227 4 3226 3228 4269 9434
3228 3 3227 3229 7846
3229 2 3228 3230
3230 3 3229 3231 5183
3231 4 2320 2725 3230 3232
3232 2 3231 3233
3233 4 1331 3232 3234 4269
3234 4 2431 2794 3233 3235
3235 3 1785 3234 3236
3236 4 3235 3237 6249 8955
3237 6 1969 2030 3236 3238 9318 9418
3238 5 821 3096 3237 3239 8243
3239 2 3238 3240
3240 3 3239 3241 8021
3241 5 547 1907 3240 3242 4443
3242 4 3241 3243 6624 7623
3243 3 2309 3242 3244
3244 4 3243 3245 6503 7536
3245 3 3244 3246 6801
3246 2 3245 3247
3247 4 3246 3248 6534 6560
3248 3 3247 3249 6330
3249 4 1505 3248 3250 9257
3250 5 459 1958 3249 3251 6764
3251 5 1533 2080 3250 3252 8325
3252 7 363 2491 3251 3253 3949 4965 8993
3253 2 3252 3254
3254 5 642 3253 3255 3475 4818
3255 2 3254 3256
3256 2 3255 3257
3257 3 3256 3258 3311
3258 4 862 2309 3257 3259
3259 4 1275 3258 3260 8563
3260 6 2645 2868 3259 3261 7946 8453
3261 3 3260 3262 9193
3262 4 3261 3263 6242 9547
3263 2 3262 3264
3264 4 3263 3265 6192 8086
3265 3 3264 3266 7727
3266 5 2495 3265 3267 3901 8716
3267 4 3266 3268 5143 6330
3268 3 3267 3269 4407
3269 3 3268 3270 5918
3270 4 691 3269 3271 6359
3271 4 3270 3272 8302 8850
3272 4 3271 3273 6134 7626
3273 4 347 3272 3274 8199
3274 3 2056 3273 3275
3275 5 421 3274 3276 4405 5527
3276 3 3275 3277 8633
3277 4 3276 3278 3544 5625
3278 5 3277 3279 4999 5551 7108
3279 5 200 3278 3280 4386 8842
3280 3 3279 3281 5995
3281 6 2739 3280 3282 6491 6885 8541
3282 3 2145 3281 3283
3283 5 1565 3282 3284 4598 8569
3284 4 1884 3283 3285 8732
3285 2 3284 3286
3286 6 1286 3285 3287 3436 6292 9519
3287 2 3286 3288
3288 5 1917 3287 3289 7745 8628
3289 5 2063 2156 3288 3290 7510
3290 3 3289 3291 8652
3291 3 3290 3292 6465
3292 4 3291 3293 5412 9536
3293 5 1137 3292 3294 3453 6143
3294 5 1809 2551 3293 3295 5147
3295 2 3294 3296
3296 3 3295 3297 4441
3297 6 3065 3296 3298 6630 7943 9003
3298 3 3297 3299 4217
3299 5 2843 3090 3298 3300 8719
3300 6 2203 3299 3301 6715 6957 7526
3301 2 3300 3302
3302 5 3301 3303 4257 7755 8555
3303 6 2868 2893 3302 3304 3969 6044
3304 3 3303 3305 5370
3305 4 3304 3306 5860 9972
3306 5 1129 3305 3307 5007 7251
3307 2 3306 3308
3308 3 3307 3309 6370
3309 4 3308 3310 3525 6104
3310 5 3309 3311 4527 6697 8926
3311 5 3257 3310 3312 5070 8679
3312 3 802 3311 3313
3313 7 2203 3312 3314 3606 3835 4478 7888
3314 3 1425 3313 3315
3315 3 3314 3316 7051
3316 3 3315 3317 4806
3317 2 3316 3318
3318 3 2515 3317 3319
3319 2 3318 3320
3320 4 3319 3321 5965 6277
3321 3 3320 3322 6887
3322 3 3321 3323 5755
3323 4 3322 3324 5653 7957
3324 4 750 3323 3325 8717
3325 3 3324 3326 4127
3326 2 3325 3327
3327 6 3326 3328 4256 6451 9235 9607
3328 5 182 3085 3327 3329 7013
3329 3 3328 3330 4743
3330 5 3329 3331 4132 6158 9186
3331 7 450 3330 3332 4620 6339 6534 9691
3332 6 2913 3331 3333 5862 8404 9503
3333 5 1046 2343 3332 3334 5446
3334 5 3333 3335 3759 9080 9934
3335 5 1923 2491 2684 3334 3336
3336 3 176 3335 3337
3337 3 1559 3336 3338
3338 6 897 3337 3339 4393 5464 8962
3339 4 3338 3340 6519 8888
3340 3 3339 3341 8745
3341 4 3340 3342 9263 9687
3342 5 3341 3343 4890 6871 9061
3343 6 674 2707 3342 3344 4769 7403
3344 4 3343 3345 4757 6831
3345 3 3344 3346 9231
3346 3 3345 3347 5736
3347 6 3346 3348 3924 4628 8532 9098
3348 2 3347 3349
3349 4 3173 3348 3350 4396
3350 4 3349 3351 4867 5596
3351 9 815 2469 2965 3350 3352 3661 5481 9343 9414
3352 5 130 3351 3353 7669 9301
3353 4 280 1187 3352 3354
3354 3 3353 3355 4765
3355 3 3108 3354 3356
3356 2 3355 3357
3357 4 130 2310 3356 3358
3358 3 3357 3359 8386
3359 6 309 1861 2980 3358 3360 7120
3360 2 3359 3361
3361 3 3360 3362 5718
3362 6 885 1502 3361 3363 9358 9813
3363 5 2176 2447 3362 3364 9669
3364 5 1920 3363 3365 4623 5036
3365 9 589 3127 3364 3366 4611 5079 7079 8123 8768
3366 3 3365 3367 8729
3367 2 3366 3368
3368 8 240 869 3367 3369 5928 8466 8598 9989
3369 5 3368 3370 3711 5700 9955
3370 5 3369 3371 6049 6079 9900
3371 4 3370 3372 5613 8706
3372 4 3371 3373 6058 9660
3373 3 3046 3372 3374
3374 4 2821 3373 3375 8676
3375 4 840 3374 3376 7261
3376 4 19 3375 3377 6050
3377 3 3376 3378 8731
3378 3 3377 3379 8947
3379 7 3378 3380 3485 4726 4913 5706 7333
3380 3 2546 3379 3381
3381 3 3380 3382 4256
3382 3 3381 3383 5066
3383 7 2992 3382 3384 5162 7605 8612 9376
3384 3 395 3383 3385
3385 3 3384 3386 7030
3386 4 3385 3387 6123 8865
3387 4 3386 3388 4303 7066
3388 7 847 3387 3389 4659 4930 6962 9058
3389 2 3388 3390
3390 4 310 3389 3391 6546
3391 4 3390 3392 6014 6200
3392 5 1083 3391 3393 6313 9167
3393 4 2300 3392 3394 9640
3394 2 3393 3395
3395 3 666 3394 3396
3396 4 3395 3397 5325 9425
3397 3 2672 3396 3398
3398 3 3397 3399 9501
3399 3 3398 3400 7925
3400 4 3399 3401 5092 7346
3401 8 3400 3402 4204 4488 6265 7176 8924 8926
3402 5 427 3401 3403 7565 7730
3403 4 3009 3402 3404 7263
3404 2 3403 3405
3405 3 3404 3406 5898
3406 3 1224 3405 3407
3407 2 3406 3408
3408 7 3407 3409 4235 4850 5112 6033 9863
3409 6 3038 3408 3410 4239 7697 9593
3410 6 1976 3409 3411 5898 6181 8346
3411 5 318 3410 3412 6193 6634
3412 3 708 3411 3413
3413 5 3412 3414 3893 5901 9229
3414 4 3413 3415 5563 7957
3415 4 1069 3414 3416 5146
3416 3 3415 3417 7403
3417 4 3416 3418 3444 8432
3418 5 841 1150 3417 3419 7271
3419 2 3418 3420
3420 7 900 2256 3419 3421 5172 5393 9803
3421 5 1953 3420 3422 6725 9845
3422 3 3421 3423 9996
3423 4 2365 3422 3424 7885
3424 4 3117 3423 3425 7652
3425 2 3424 3426
3426 2 3425 3427
3427 6 3426 3428 4454 8110 9100 9375
3428 2 3427 3429
3429 2 3428 3430
3430 5 3429 3431 5027 6727 7094
3431 4 3182 3430 3432 8519
3432 3 108 3431 3433
3433 5 921 3432 3434 5131 8291
3434 5 1634 3433 3435 6492 7584
3435 3 3434 3436 5249
3436 5 89 3286 3435 3437 7896
3437 3 3436 3438 3510
3438 2 3437 3439
3439 4 3438 3440 5331 6800
3440 3 3093 3439 3441
3441 5 3440 3442 7456 7611 9102
3442 7 1383 1423 3441 3443 4662 5439 6948
3443 5 1055 3442 3444 4131 7058
3444 7 66 1957 3417 3443 3445 4202 9121
3445 6 3444 3446 3868 4966 6830 9397
3446 6 2771 3445 3447 5074 6512 9520
3447 3 881 3446 3448
3448 2 3447 3449
3449 5 732 1919 3448 3450 5599
3450 7 584 760 1645 3449 3451 3595 3665
3451 4 3450 3452 8293 9124
3452 2 3451 3453
3453 7 94 3293 3452 3454 6495 7103 8233
3454 4 1429 3453 3455 7819
3455 3 3454 3456 7406
3456 5 1654 2972 3455 3457 8556
3457 4 2233 2754 3456 3458
3458 3 3457 3459 3595
3459 4 2800 3458 3460 8184
3460 2 3459 3461
3461 4 2520 2864 3460 3462
3462 5 2429 3461 3463 5608 6019
3463 2 3462 3464
3464 3 2573 3463 3465
3465 6 2080 3464 3466 3863 5933 9205
3466 3 369 3465 3467
3467 7 241 248 1170 2194 3466 3468 5864
3468 2 3467 3469
3469 3 3468 3470 3745
3470 5 3469 3471 4520 7295 8984
3471 5 1377 3470 3472 6696 8072
3472 3 1567 3471 3473
3473 4 1057 3472 3474 5430
3474 5 703 3473 3475 7734 9936
3475 6 1889 3254 3474 3476 5937 9359
3476 4 3475 3477 6174 9229
3477 5 3476 3478 4283 6256 9844
3478 5 3477 3479 4082 7184 7883
3479 2 3478 3480
3480 4 1270 3479 3481 8262
3481 4 1770 3480 3482 9513
3482 4 2537 3481 3483 5564
3483 4 3482 3484 7265 8094
3484 2 3483 3485
3485 4 1179 3379 3484 3486
3486 3 3485 3487 7273
3487 4 3486 3488 5511 6982
3488 4 773 3487 3489 8107
3489 4 3488 3490 4239 8828
3490 2 3489 3491
3491 2 3490 3492
3492 5 3491 3493 5642 8285 9926
3493 5 2440 2900 3492 3494 5789
3494 5 349 3493 3495 4585 6795
3495 4 1650 3494 3496 9342
3496 4 2397 2827 3495 3497
3497 3 1147 3496 3498
3498 4 2058 3497 3499 9684
3499 2 3498 3500
3500 4 1938 3499 3501 8327
3501 4 3500 3502 4208 9804
3502 3 3501 3503 4375
3503 3 3502 3504 9953
3504 2 3503 3505
3505 6 1737 3178 3504 3506 3888 9142
3506 7 2639 3505 3507 4321 5215 7692 7734
3507 6 1067 3506 3508 5968 8147 9593
3508 6 1378 3191 3507 3509 7769 8297
3509 4 1005 2886 3508 3510
3510 3 3437 3509 3511
3511 4 3510 3512 6147 7002
3512 3 3511 3513 4588
3513 5 564 3512 3514 7722 8930
3514 5 1427 3513 3515 5867 7073
3515 5 3514 3516 3773 7717 9029
3516 5 2042 3515 3517 7989 9510
3517 3 3516 3518 9151
3518 3 3517 3519 9835
3519 3 312 3518 3520
3520 4 3519 3521 7992 8702
3521 5 2904 3520 3522 5468 6875
3522 2 3521 3523
3523 4 2781 3042 3522 3524
3524 4 951 3523 3525 8437
3525 6 3309 3524 3526 5156 5507 7673
3526 5 1100 1324 3525 3527 6025
3527 4 3526 3528 7425 7757
3528 4 3527 3529 4101 5622
3529 4 3528 3530 5092 9734
3530 3 3529 3531 8106
3531 2 3530 3532
3532 3 3531 3533 8972
3533 5 3532 3534 4666 4968 7613
3534 3 2194 3533 3535
3535 2 3534 3536
3536 4 1343 3535 3537 9271
3537 3 3536 3538 9290
3538 7 1527 1634 2344 3537 3539 5699 7256
3539 4 2376 3538 3540 6083
3540 3 3539 3541 8147
3541 2 3540 3542
3542 3 3541 3543 4340
3543 4 3542 3544 4511 8869
3544 5 3277 3543 3545 4645 8438
3545 2 3544 3546
3546 3 3545 3547 9720
3547 6 1538 1676 3546 3548 6756 8945
3548 4 3547 3549 4234 9402
3549 4 3548 3550 4472 8929
3550 6 3549 3551 3927 5892 8403 9377
3551 5 3550 3552 5089 5737 8889
3552 8 444 899 1019 1592 3551 3553 4682 5792
3553 4 1229 3552 3554 5272
3554 4 3553 3555 3928 4417
3555 5 1703 3554 3556 3595 4236
3556 3 3555 3557 7787
3557 3 3556 3558 8420
3558 2 3557 3559
3559 3 2820 3558 3560
3560 4 1285 3559 3561 7741
3561 6 3560 3562 4425 7197 7609 8951
3562 3 495 3561 3563
3563 3 3562 3564 8031
3564 2 3563 3565
3565 3 615 3564 3566
3566 3 3565 3567 9185
3567 7 2560 3126 3566 3568 6107 6650 8806
3568 2 3567 3569
3569 2 3568 3570
3570 4 3094 3569 3571 6894
3571 3 3570 3572 5605
3572 4 2521 3571 3573 9793
3573 3 3572 3574 9112
3574 7 1476 1971 3573 3575 3600 8910 9723
3575 5 919 2410 3574 3576 3782
3576 4 358 3215 3575 3577
3577 5 3576 3578 4321 5753 7101
3578 5 2285 3577 3579 6362 8444
3579 6 3578 3580 3772 6343 7471 9542
3580 3 3579 3581 8860
3581 3 550 3580 3582
3582 4 3581 3583 6731 7675
3583 4 1293 3582 3584 6408
3584 3 3583 3585 6310
3585 3 3584 3586 9815
3586 3 3585 3587 9842
3587 2 3586 3588
3588 6 606 2080 2977 3587 3589 9795
3589 5 498 3588 3590 3731 8245
3590 4 3589 3591 3814 5943
3591 6 282 1055 3093 3590 3592 9710
3592 5 3176 3591 3593 4725 8323
3593 4 1064 3592 3594 6177
3594 6 1 3593 3595 6361 7048 8676
3595 7 2816 3450 3458 3555 3594 3596 4577
3596 6 1032 1051 3595 3597 4190 9282
3597 3 1494 3596 3598
3598 5 2029 2425 3597 3599 9590
3599 4 1721 3598 3600 5557
3600 4 3574 3599 3601 3811
3601 3 3600 3602 6005
3602 4 3601 3603 6171 6430
3603 3 3602 3604 5827
3604 3 3603 3605 5057
3605 3 3604 3606 6997
3606 4 3313 3605 3607 5313
3607 3 180 3606 3608
3608 5 3607 3609 6858 7488 7780
3609 4 3608 3610 7724 9172
3610 3 3609 3611 8664
3611 2 3610 3612
3612 5 1185 2281 3611 3613 4120
3613 3 3612 3614 5961
3614 5 1344 3613 3615 7827 8834
3615 5 3614 3616 3653 3768 9690
3616 3 2308 3615 3617
3617 5 1572 3616 3618 4183 4627
3618 3 3617 3619 8322
3619 3 3618 3620 6943
3620 5 3619 3621 6219 7489 8003
3621 2 3620 3622
3622 4 1219 3621 3623 6842
3623 2 3622 3624
3624 4 3623 3625 5151 6238
3625 3 2863 3624 3626
3626 3 3625 3627 4727
3627 6 64 3626 3628 4303 4421 8946
3628 5 546 2874 2962 3627 3629
3629 2 3628 3630
3630 6 2633 3629 3631 6505 8722 8759
3631 6 345 2255 3630 3632 4290 7822
3632 5 3631 3633 5283 7052 7696
3633 3 3632 3634 6593
3634 5 756 2107 3633 3635 6177
3635 5 3634 3636 6904 7490 9756
3636 3 3118 3635 3637
3637 3 3636 3638 9426
3638 5 857 1037 3637 3639 4620
3639 3 3638 3640 4156
3640 4 267 3639 3641 7659
3641 3 1984 3640 3642
3642 6 1846 3641 3643 4504 4553 7422
3643 6 286 2012 3642 3644 3747 8788
3644 3 3643 3645 9280
3645 3 1930 3644 3646
3646 4 3645 3647 7986 8158
3647 4 222 3646 3648 4633
3648 5 3647 3649 4856 7106 7471
3649 5 2603 3648 3650 6505 8113
3650 3 3649 3651 4276
3651 3 3650 3652 5776
3652 3 3651 3653 6618
3653 5 2191 3615 3652 3654 4776
3654 4 2100 2922 3653 3655
3655 6 830 3654 3656 5455 6291 9216
3656 4 1487 3655 3657 5878
3657 4 3656 3658 3885 7171
3658 4 2416 3657 3659 8529
3659 3 3658 3660 8322
3660 2 3659 3661
3661 4 3351 3660 3662 7501
3662 7 357 1843 2225 3661 3663 7777 9104
3663 5 1451 3662 3664 5874 9580
3664 5 624 3663 3665 4291 8706
3665 5 2776 3450 3664 3666 3847
3666 2 3665 3667
3667 4 3666 3668 4561 9615
3668 4 1838 3667 3669 5448
3669 3 3668 3670 3987
3670 3 3669 3671 8728
3671 4 3670 3672 4207 5289
3672 3 3671 3673 5782
3673 4 2282 3672 3674 6250
3674 4 2991 3673 3675 4263
3675 3 3674 3676 4407
3676 5 1232 3675 3677 4887 9179
3677 3 3676 3678 4089
3678 3 2941 3677 3679
3679 5 3175 3678 3680 5317 7089
3680 5 3679 3681 4960 5194 6464
3681 4 945 3680 3682 7592
3682 4 3681 3683 4966 6920
3683 3 3682 3684 4372
3684 6 1071 2713 3683 3685 4385 7335
3685 2 3684 3686
3686 3 1224 3685 3687
3687 3 1041 3686 3688
3688 2 3687 3689
3689 3 3688 3690 4057
3690 2 3689 3691
3691 4 3690 3692 4975 8307
3692 4 231 985 3691 3693
3693 5 2291 3692 3694 6560 7246
3694 4 977 3693 3695 4443
3695 2 3694 3696
3696 5 3695 3697 4319 6094 7367
3697 5 99 290 695 3696 3698
3698 4 1187 3697 3699 4808
3699 5 3698 3700 5247 9409 9960
3700 2 3699 3701
3701 3 3700 3702 5891
3702 6 53 904 2144 3701 3703 7532
3703 5 3702 3704 7373 7513 9827
3704 4 1734 3703 3705 3747
3705 2 3704 3706
3706 2 3705 3707
3707 3 493 3706 3708
3708 5 912 3707 3709 5674 8055
3709 4 2248 3708 3710 5267
3710 3 3709 3711 3857
3711 4 3369 3710 3712 4546
3712 5 2557 3711 3713 8734 9577
3713 3 3712 3714 5486
3714 3 2305 3713 3715
3715 7 316 415 1874 3714 3716 8636 9242
3716 6 62 1323 2828 3715 3717 5790
3717 6 3716 3718 5435 6637 7468 9158
3718 2 3717 3719
3719 4 3718 3720 3847 8805
3720 4 3719 3721 3970 8109
3721 4 3720 3722 4629 8648
3722 3 3721 3723 3775
3723 4 3722 3724 4017 7328
3724 4 702 3723 3725 7319
3725 4 3724 3726 8751 9545
3726 6 653 3725 3727 3885 6439 8916
3727 3 3726 3728 6145
3728 4 3073 3727 3729 3849
3729 6 3728 3730 7020 7767 9217 9248
3730 2 3729 3731
3731 3 3589 3730 3732
3732 4 3731 3733 4586 5432
3733 6 148 3732 3734 4356 8637 9954
3734 4 3733 3735 7663 8283
3735 6 244 1828 3734 3736 5934 9104
3736 5 2305 3735 3737 4257 5979
3737 5 2731 2841 3736 3738 7452
3738 3 3737 3739 8187
3739 2 3738 3740
3740 2 3739 3741
3741 3 3740 3742 5000
3742 2 3741 3743
3743 3 3742 3744 5793
3744 5 686 2357 3743 3745 4501
3745 3 3469 3744 3746
3746 4 3745 3747 5405 9063
3747 7 98 3643 3704 3746 3748 4901 8852
3748 4 3747 3749 5578 9576
3749 4 113 3748 3750 6505
3750 3 1700 3749 3751
3751 5 1297 3750 3752 5545 9276
3752 4 1928 3751 3753 4939
3753 3 3752 3754 9749
3754 4 3753 3755 5527 8980
3755 4 2850 3754 3756 8540
3756 3 112 3755 3757
3757 2 3756 3758
3758 3 3757 3759 9080
3759 4 3334 3758 3760 8069
3760 6 1347 3121 3759 3761 3923 5591
3761 4 3760 3762 7011 7697
3762 4 1902 3761 3763 6180
3763 5 3762 3764 5371 5831 8193
3764 4 3763 3765 6001 7999
3765 3 3764 3766 6019
3766 6 1992 3765 3767 4275 6406 7914
3767 4 2740 3766 3768 7698
3768 5 3615 3767 3769 5607 8777
3769 5 110 2070 3768 3770 4497
3770 3 203 3769 3771
3771 3 457 3770 3772
3772 5 3579 3771 3773 5226 5514
3773 5 3515 3772 3774 4251 4543
3774 3 3773 3775 9734
3775 3 3722 3774 3776
3776 3 1188 3775 3777
3777 3 3776 3778 8571
3778 4 3777 3779 7404 7435
3779 3 3778 3780 7955
3780 4 584 3779 3781 9087
3781 3 3780 3782 8890
3782 6 3575 3781 3783 4397 5905 8140
3783 2 3782 3784
3784 2 3783 3785
3785 4 2442 3784 3786 8274
3786 3 3785 3787 4821
3787 4 3786 3788 4749 7436
3788 3 3787 3789 5570
3789 3 3788 3790 3967
3790 3 3789 3791 8343
3791 2 3790 3792
3792 3 3791 3793 7261
3793 4 3792 3794 8041 8461
3794 6 1470 3793 3795 4695 7262 7414
3795 4 3794 3796 5254 7821
3796 4 3795 3797 4767 9934
3797 2 3796 3798
3798 2 3797 3799
3799 4 123 2922 3798 3800
3800 2 3799 3801
3801 4 3800 3802 4429 7636
3802 4 3801 3803 4029 9183
3803 5 2311 3802 3804 6461 8122
3804 5 3803 3805 3880 3954 6499
3805 4 3804 3806 9369 9571
3806 7 2863 3805 3807 4455 8000 9873 9891
3807 5 695 1827 3806 3808 9560
3808 4 832 3807 3809 5759
3809 4 3808 3810 6654 9222
3810 3 3809 3811 4126
3811 4 3600 3810 3812 4188
3812 3 1751 3811 3813
3813 4 3017 3812 3814 3885
3814 5 2209 3590 3813 3815 6366
3815 4 2067 3814 3816 5137
3816 3 3815 3817 9034
3817 3 3816 3818 7580
3818 6 690 3817 3819 4981 5073 6602
3819 3 3818 3820 8585
3820 3 3819 3821 9099
3821 2 3820 3822
3822 4 3821 3823 5715 7517
3823 5 3822 3824 4141 6767 8910
3824 4 2113 3823 3825 5802
3825 2 3824 3826
3826 5 789 3825 3827 4098 8063
3827 3 3826 3828 3934
3828 4 3169 3827 3829 9897
3829 6 604 1105 2886 3828 3830 8842
3830 3 2726 3829 3831
3831 3 3830 3832 6709
3832 3 3831 3833 4019
3833 4 520 1158 3832 3834
3834 6 1501 3833 3835 5265 8917 9717
3835 4 1698 3313 3834 3836
3836 4 891 3835 3837 5444
3837 4 3836 3838 7812 8980
3838 3 3837 3839 7853
3839 4 2756 3838 3840 9289
3840 7 989 1668 2867 3839 3841 7296 7470
3841 2 3840 3842
3842 2 3841 3843
3843 4 3842 3844 4450 8074
3844 3 2797 3843 3845
3845 4 1372 3844 3846 7345
3846 5 2118 3845 3847 7085 9638
3847 4 3665 3719 3846 3848
3848 3 3847 3849 8242
3849 4 3059 3728 3848 3850
3850 3 3849 3851 5683
3851 3 3850 3852 4149
3852 4 2303 3851 3853 7905
3853 2 3852 3854
3854 3 982 3853 3855
3855 6 32 3854 3856 4221 7547 9740
3856 3 3855 3857 4882
3857 4 2034 3710 3856 3858
3858 4 3130 3857 3859 5339
3859 3 171 3858 3860
3860 3 926 3859 3861
3861 4 3860 3862 6945 9439
3862 2 3861 3863
3863 4 3465 3862 3864 7775
3864 3 1520 3863 3865
3865 3 3864 3866 9543
3866 3 3865 3867 4274
3867 2 3866 3868
3868 7 2164 2513 3130 3445 3867 3869 6692
3869 3 1548 3868 3870
3870 3 3869 3871 8831
3871 5 144 2589 3870 3872 4020
3872 5 1496 2699 3871 3873 6360
3873 2 3872 3874
3874 5 2231 3873 3875 5990 7041
3875 2 3874 3876
3876 5 3875 3877 5543 5641 7816
3877 3 3876 3878 4577
3878 3 3877 3879 3915
3879 2 3878 3880
3880 5 2522 3804 3879 3881 8721
3881 3 2724 3880 3882
3882 4 3881 3883 7309 8275
3883 6 2362 3882 3884 7309 7380 8917
3884 2 3883 3885
3885 7 3657 3726 3813 3884 3886 6526 9746
3886 4 3885 3887 4633 5693
3887 4 637 3886 3888 7267
3888 6 1146 3505 3887 3889 6687 9467
3889 2 3888 3890
3890 6 3074 3889 3891 4546 7290 9773
3891 3 2067 3890 3892
3892 2 3891 3893
3893 6 679 3413 3892 3894 4089 4771
3894 2 3893 3895
3895 4 2077 3894 3896 3994
3896 4 1012 3895 3897 5449
3897 4 3896 3898 6115 8689
3898 3 3897 3899 8242
3899 3 689 3898 3900
3900 3 3899 3901 7568
3901 10 368 1340 2539 2957 3266 3900 3902 4065 4184 8157
3902 7 853 2613 3901 3903 5170 7135 9793
3903 4 3902 3904 6816 7593
3904 2 3903 3905
3905 4 3051 3904 3906 9699
3906 2 3905 3907
3907 4 3906 3908 5790 7066
3908 3 839 3907 3909
3909 3 3908 3910 5667
3910 3 3909 3911 3959
3911 3 3910 3912 9662
3912 3 1893 3911 3913
3913 7 3179 3912 3914 4778 7374 7830 9276
3914 3 3913 3915 5018
3915 5 3878 3914 3916 8308 9103
3916 5 418 2935 3915 3917 9607
3917 5 1468 2393 2839 3916 3918
3918 4 3917 3919 7754 8574
3919 5 1700 2993 3918 3920 9605
3920 6 327 3919 3921 8294 8453 9771
3921 2 3920 3922
3922 3 3921 3923 5872
3923 5 1189 3760 3922 3924 4445
3924 7 491 3347 3923 3925 4011 5193 8383
3925 5 242 3924 3926 9269 9655
3926 4 3925 3927 5517 7439
3927 4 3550 3926 3928 4178
3928 4 3554 3927 3929 8667
3929 6 866 971 3928 3930 5530 9947
3930 4 2920 3929 3931 6884
3931 5 3930 3932 4216 4816 7485
3932 5 854 1635 3931 3933 6535
3933 3 2959 3932 3934
3934 6 144 1977 3827 3933 3935 5510
3935 3 3934 3936 5154
3936 3 3935 3937 6548
3937 5 1532 3936 3938 5674 7049
3938 4 3937 3939 4101 7566
3939 4 3938 3940 4883 8364
3940 5 2288 3939 3941 7291 9139
3941 2 3940 3942
3942 5 3941 3943 5163 5696 7862
3943 4 3942 3944 5829 7703
3944 4 3943 3945 4993 9912
3945 4 1175 2178 3944 3946
3946 3 3945 3947 7908
3947 6 1129 1943 3946 3948 7299 9357
3948 4 3947 3949 4825 6719
3949 3 3252 3948 3950
3950 3 3949 3951 6095
3951 4 1441 3950 3952 6952
3952 5 1372 3951 3953 7095 7375
3953 4 1088 3952 3954 4707
3954 5 2976 3804 3953 3955 5024
3955 2 3954 3956
3956 3 2001 3955 3957
3957 4 123 3956 3958 9437
3958 4 2072 3030 3957 3959
3959 6 1321 3910 3958 3960 9751 9846
3960 2 3959 3961
3961 5 315 724 3960 3962 4395
3962 4 87 3961 3963 6863
3963 4 3962 3964 4221 5758
3964 3 3963 3965 7613
3965 4 328 1671 3964 3966
3966 7 7 514 2060 3965 3967 7864 8202
3967 4 660 3789 3966 3968
3968 3 680 3967 3969
3969 4 3303 3968 3970 4467
3970 6 290 1280 2114 3720 3969 3971
3971 3 3970 3972 8728
3972 3 3971 3973 7697
3973 3 3972 3974 8373
3974 5 3973 3975 4684 4738 8356
3975 4 2659 3974 3976 9088
3976 2 3975 3977
3977 8 383 3133 3976 3978 4555 4812 5392 8096
3978 4 3977 3979 8751 9645
3979 7 1874 3188 3978 3980 4302 7882 9044
3980 4 2215 3979 3981 9733
3981 4 2498 3980 3982 7387
3982 5 3060 3981 3983 6299 8558
3983 4 3982 3984 6656 9134
3984 5 3095 3983 3985 5376 6171
3985 6 671 2405 3164 3984 3986 8626
3986 5 140 3985 3987 7911 8660
3987 7 3000 3669 3986 3988 6142 7094 8721
3988 4 3987 3989 4432 7971
3989 5 3988 3990 5131 6650 8473
3990 5 3989 3991 4637 8807 8999
3991 3 3990 3992 8881
3992 4 1796 3991 3993 4085
3993 3 3992 3994 6938
3994 4 3895 3993 3995 9091
3995 2 3994 3996
3996 5 1484 2985 3995 3997 9645
3997 4 175 3996 3998 6811
3998 5 3120 3997 3999 4444 7627
3999 4 1990 3998 4000 8657
4000 3 3999 4001 9304
4001 4 4000 4002 6708 9275
4002 4 4001 4003 4496 9024
4003 4 2954 4002 4004 9701
4004 2 4003 4005
4005 5 1015 4004 4006 6226 9752
4006 2 4005 4007
4007 3 4006 4008 6340
4008 6 1673 2920 4007 4009 7076 7644
4009 5 4008 4010 4895 6943 8167
4010 3 1294 4009 4011
4011 5 1478 3924 4010 4012 7175
4012 6 4011 4013 5592 6548 8985 9646
4013 4 2234 4012 4014 8751
4014 6 500 2656 2996 4013 4015 6037
4015 3 4014 4016 6272
4016 3 2631 4015 4017
4017 4 198 3723 4016 4018
4018 4 789 4017 4019 8255
4019 5 2296 2571 3832 4018 4020
4020 4 3871 4019 4021 8200
4021 3 2940 4020 4022
4022 4 4021 4023 6006 8986
4023 3 4022 4024 6787
4024 5 2888 4023 4025 7284 8089
4025 4 4024 4026 4843 8570
4026 3 1074 4025 4027
4027 4 4026 4028 7843 9996
4028 3 4027 4029 7259
4029 5 3802 4028 4030 6857 9885
4030 2 4029 4031
4031 2 4030 4032
4032 3 4031 4033 9462
4033 4 4032 4034 4692 9421
4034 3 1290 4033 4035
4035 3 4034 4036 4147
4036 2 4035 4037
4037 4 2824 4036 4038 4331
4038 5 4037 4039 8774 9101 9177
4039 3 1172 4038 4040
4040 2 4039 4041
4041 4 471 2079 4040 4042
4042 4 809 1592 4041 4043
4043 9 512 4042 4044 5464 6893 7505 7741 8391 8708
4044 5 585 4043 4045 6100 8639
4045 4 1479 1973 4044 4046
4046 3 3046 4045 4047
4047 3 746 4046 4048
4048 5 2684 4047 4049 4398 7793
4049 4 932 4048 4050 4937
4050 4 4049 4051 7705 8618
4051 9 148 1072 4050 4052 4729 5133 5677 7067 7883
4052 6 132 4051 4053 4154 5494 8296
4053 3 1823 4052 4054
4054 3 4053 4055 6721
4055 6 1580 1759 2906 4054 4056 6046
4056 5 317 4055 4057 6350 7397
4057 3 3689 4056 4058
4058 5 2546 4057 4059 6200 6291
4059 2 4058 4060
4060 2 4059 4061
4061 3 621 4060 4062
4062 3 4061 4063 5425
4063 4 426 4062 4064 7028
4064 3 391 4063 4065
4065 5 2840 3901 4064 4066 7053
4066 4 2970 4065 4067 4403
4067 4 90 861 4066 4068
4068 4 736 4067 4069 6228
4069 4 22 4068 4070 8475
4070 3 4069 4071 6491
4071 4 4070 4072 5721 9538
4072 5 2364 3165 4071 4073 9224
4073 3 4072 4074 7644
4074 2 4073 4075
4075 3 4074 4076 7902
4076 4 4075 4077 4761 8421
4077 3 4076 4078 7309
4078 4 4077 4079 4851 8995
4079 4 4078 4080 6459 8690
4080 5 4079 4081 4745 9238 9577
4081 3 3193 4080 4082
4082 7 925 2082 3478 4081 4083 5355 6723
4083 5 1024 4082 4084 4892 9891
4084 4 1857 4083 4085 5998
4085 5 3992 4084 4086 6381 9912
4086 4 4085 4087 8486 9288
4087 5 213 2567 4086 4088 6202
4088 2 4087 4089
4089 5 3677 3893 4088 4090 7589
4090 4 600 2997 4089 4091
4091 4 2478 4090 4092 5622
4092 3 786 4091 4093
4093 3 4092 4094 9754
4094 3 2804 4093 4095
4095 4 4094 4096 5067 5487
4096 3 4095 4097 8715
4097 6 1006 2547 2973 4096 4098 4312
4098 3 3826 4097 4099
4099 2 4098 4100
4100 5 1401 4099 4101 5893 7117
4101 8 1019 2643 2831 3528 3938 4100 4102 7851
4102 6 1892 4101 4103 5777 6440 9427
4103 3 4102 4104 5052
4104 3 4103 4105 7944
4105 5 2000 4104 4106 4321 6833
4106 4 720 3008 4105 4107
4107 2 4106 4108
4108 6 407 1066 4107 4109 7167 7459
4109 2 4108 4110
4110 3 2912 4109 4111
4111 3 4110 4112 8252
4112 3 3098 4111 4113
4113 3 4112 4114 8739
4114 4 4113 4115 4727 6110
4115 6 2659 2774 3131 4114 4116 7974
4116 6 1106 1723 4115 4117 4921 9371
4117 5 4116 4118 5095 9456 9541
4118 3 2548 4117 4119
4119 2 4118 4120
4120 6 3612 4119 4121 6712 7874 8729
4121 2 4120 4122
4122 4 4121 4123 6598 8743
4123 5 4122 4124 4343 5542 8190
4124 3 4123 4125 8675
4125 5 1801 2415 4124 4126 9990
4126 6 687 3810 4125 4127 4800 9608
4127 5 2960 3325 4126 4128 6909
4128 4 985 2589 4127 4129
4129 4 352 4128 4130 6489
4130 2 4129 4131
4131 9 600 2578 3175 3443 4130 4132 6850 8244 9071
4132 6 1371 2690 3330 4131 4133 7878
4133 5 2382 4132 4134 6089 7114
4134 4 4133 4135 6557 6682
4135 3 4134 4136 6949
4136 4 4135 4137 4641 8611
4137 4 3124 4136 4138 8286
4138 3 4137 4139 8575
4139 5 119 1863 2330 4138 4140
4140 5 4139 4141 5208 6735 8105
4141 6 1645 2313 3823 4140 4142 5078
4142 3 4141 4143 7333
4143 3 2499 4142 4144
4144 4 902 2096 4143 4145
4145 3 4144 4146 8775
4146 4 626 4145 4147 4292
4147 9 271 470 624 4035 4146 4148 4532 7012 7166
4148 5 1143 2476 4147 4149 9959
4149 6 1782 2326 3851 4148 4150 4936
4150 4 4149 4151 4711 8725
4151 3 4150 4152 6643
4152 7 318 651 4151 4153 4335 6611 7397
4153 2 4152 4154
4154 6 4052 4153 4155 4414 7123 7394
4155 4 1619 4154 4156 5324
4156 6 2761 3639 4155 4157 4828 8632
4157 4 4156 4158 4573 7480
4158 2 4157 4159
4159 5 1976 4158 4160 6215 6320
4160 5 208 4159 4161 4869 9901
4161 2 4160 4162
4162 2 4161 4163
4163 5 770 4162 4164 7990 9952
4164 4 1435 4163 4165 8119
4165 4 3070 4164 4166 4277
4166 2 4165 4167
4167 4 4166 4168 6653 9592
4168 4 434 4167 4169 7592
4169 3 2625 4168 4170
4170 4 4169 4171 6034 9820
4171 8 1960 4170 4172 5495 5646 7022 8845 9613
4172 4 4171 4173 7940 9582
4173 2 4172 4174
4174 4 1180 1390 4173 4175
4175 4 4174 4176 5643 6905
4176 4 4175 4177 5869 8359
4177 4 4176 4178 7479 9391
4178 5 3927 4177 4179 8348 9696
4179 3 4178 4180 4793
4180 3 2584 4179 4181
4181 9 4180 4182 4453 4971 5124 7853 8730 9383 9507
4182 3 4181 4183 4375
4183 4 1909 3617 4182 4184
4184 4 3901 4183 4185 8011
4185 3 4184 4186 9368
4186 5 1131 4185 4187 8367 9637
4187 5 1786 4186 4188 7148 8502
4188 6 3811 4187 4189 6474 9009 9052
4189 4 2708 4188 4190 8061
4190 6 595 2471 3596 4189 4191 7934
4191 4 615 2660 4190 4192
4192 9 574 1051 4191 4193 7489 7899 8233 8777 9428
4193 3 4192 4194 6187
4194 4 4193 4195 6115 9857
4195 4 4194 4196 7155 9796
4196 3 4195 4197 4271
4197 2 4196 4198
4198 4 163 2018 4197 4199
4199 3 4198 4200 7455
4200 4 4199 4201 9039 9247
4201 3 4200 4202 4734
4202 4 2940 3444 4201 4203
4203 5 2111 2314 4202 4204 9244
4204 3 3401 4203 4205
4205 4 4204 4206 6005 7465
4206 3 3171 4205 4207
4207 5 3671 4206 4208 5083 7269
4208 5 441 1699 3501 4207 4209
4209 3 4208 4210 6096
4210 3 1756 4209 4211
4211 2 4210 4212
4212 5 1170 4211 4213 5367 5677
4213 2 4212 4214
4214 3 4213 4215 9534
4215 4 1417 4214 4216 4647
4216 5 48 3931 4215 4217 4927
4217 4 3298 4216 4218 8646
4218 3 4217 4219 8329
4219 4 2005 4218 4220 7387
4220 5 1166 4219 4221 4810 5463
4221 7 491 1525 3855 3963 4220 4222 4663
4222 4 969 4221 4223 5602
4223 3 4222 4224 9372
4224 3 4223 4225 4700
4225 3 4224 4226 9274
4226 3 4225 4227 8048
4227 4 4226 4228 4659 5185
4228 4 4227 4229 6405 7263
4229 3 2277 4228 4230
4230 2 4229 4231
4231 5 4230 4232 6797 8635 9910
4232 3 1428 4231 4233
4233 2 4232 4234
4234 5 955 3548 4233 4235 5806
4235 4 762 3408 4234 4236
4236 4 205 3555 4235 4237
4237 6 265 763 4236 4238 5938 9659
4238 4 793 1047 4237 4239
4239 6 3157 3409 3489 4238 4240 6264
4240 2 4239 4241
4241 4 1736 4240 4242 4670
4242 3 4241 4243 6656
4243 3 4242 4244 8683
4244 3 4243 4245 6458
4245 4 3221 4244 4246 5907
4246 4 4245 4247 5158 8252
4247 6 795 1428 2047 4246 4248 5273
4248 5 1747 4247 4249 6176 8370
4249 5 4248 4250 7072 9129 9990
4250 5 147 4249 4251 4798 7679
4251 4 3773 4250 4252 5095
4252 3 4251 4253 4539
4253 2 4252 4254
4254 3 4253 4255 9191
4255 4 1166 4254 4256 4416
4256 7 1368 2270 3327 3381 4255 4257 5528
4257 8 129 2774 3302 3736 4256 4258 4459 4860
4258 4 4257 4259 8399 9462
4259 6 2624 4258 4260 5707 6299 8174
4260 3 426 4259 4261
4261 5 2033 4260 4262 4483 5717
4262 7 1543 1663 4261 4263 4580 9741 9807
4263 6 1431 2244 3674 4262 4264 9360
4264 4 1512 2891 4263 4265
4265 2 4264 4266
4266 3 4265 4267 7138
4267 5 4266 4268 5922 8085 9468
4268 5 429 4267 4269 5621 8667
4269 6 2167 2829 3227 3233 4268 4270
4270 2 4269 4271
4271 7 4196 4270 4272 5324 7154 7416 8947
4272 2 4271 4273
4273 3 4272 4274 9568
4274 4 3866 4273 4275 6289
4275 6 3142 3766 4274 4276 8853 9251
4276 5 2834 3650 4275 4277 9069
4277 4 4165 4276 4278 7259
4278 6 2599 4277 4279 4981 7262 7875
4279 2 4278 4280
4280 3 657 4279 4281
4281 6 2957 4280 4282 5945 7383 9684
4282 6 2730 3177 4281 4283 8735 9407
4283 4 3477 4282 4284 8985
4284 3 264 4283 4285
4285 2 4284 4286
4286 5 4285 4287 5441 6822 9326
4287 2 4286 4288
4288 4 1820 4287 4289 4892
4289 5 899 4288 4290 7402 8612
4290 7 3631 4289 4291 5750 6684 7694 9361
4291 3 3664 4290 4292
4292 3 4146 4291 4293
4293 7 223 874 1521 1703 4292 4294 6320
4294 4 4293 4295 7692 9695
4295 6 736 943 1656 4294 4296 8801
4296 6 1638 2679 2769 4295 4297 5578
4297 4 2534 4296 4298 7328
4298 3 4297 4299 4514
4299 2 4298 4300
4300 4 4299 4301 5115 6070
4301 5 62 4300 4302 6087 9786
4302 5 1218 3979 4301 4303 8277
4303 6 3387 3627 4302 4304 9813 9919
4304 3 766 4303 4305
4305 3 4304 4306 8747
4306 3 642 4305 4307
4307 3 4306 4308 7195
4308 2 4307 4309
4309 4 4308 4310 5165 8225
4310 2 4309 4311
4311 5 151 2377 4310 4312 6677
4312 5 325 4097 4311 4313 5575
4313 6 105 4312 4314 5355 6132 8868
4314 2 4313 4315
4315 3 4314 4316 8795
4316 3 4315 4317 9200
4317 4 1581 3214 4316 4318
4318 3 4317 4319 7709
4319 4 3696 4318 4320 9598
4320 4 2454 4319 4321 9451
4321 5 3506 3577 4105 4320 4322
4322 6 115 1117 4321 4323 6502 6996
4323 4 2380 4322 4324 6070
4324 3 4323 4325 5430
4325 2 4324 4326
4326 5 824 4325 4327 8750 8946
4327 2 4326 4328
4328 7 2395 2853 4327 4329 6804 7864 8740
4329 6 1836 2156 4328 4330 5816 9604
4330 4 4329 4331 7065 7730
4331 6 4037 4330 4332 5410 6093 8575
4332 3 2367 4331 4333
4333 5 1409 2532 4332 4334 8197
4334 5 1913 4333 4335 4680 5946
4335 4 2877 4152 4334 4336
4336 2 4335 4337
4337 5 1644 4336 4338 5133 7354
4338 2 4337 4339
4339 3 4338 4340 9033
4340 5 1020 2160 3542 4339 4341
4341 4 4340 4342 4962 8932
4342 3 4341 4343 5913
4343 5 4123 4342 4344 6867 8622
4344 2 4343 4345
4345 7 147 4344 4346 4555 7055 7231 9124
4346 3 1457 4345 4347
4347 5 2523 4346 4348 6021 8053
4348 5 1234 1754 4347 4349 6412
4349 4 1819 4348 4350 9444
4350 3 4349 4351 7380
4351 2 4350 4352
4352 2 4351 4353
4353 3 4352 4354 5834
4354 4 4353 4355 5419 8906
4355 3 4354 4356 6119
4356 3 3733 4355 4357
4357 3 2712 4356 4358
4358 4 30 4357 4359 5329
4359 2 4358 4360
4360 4 4359 4361 6330 8257
4361 4 4360 4362 4817 5723
4362 4 4361 4363 7311 8629
4363 3 4362 4364 9226
4364 2 4363 4365
4365 5 471 1467 4364 4366 9584
4366 4 4365 4367 5454 8539
4367 3 1177 4366 4368
4368 2 4367 4369
4369 2 4368 4370
4370 4 4369 4371 6326 7645
4371 3 4370 4372 7994
4372 6 3683 4371 4373 6581 9645 9956
4373 5 435 2851 4372 4374 7790
4374 6 1390 4373 4375 6847 8340 9757
4375 7 281 2007 3502 4182 4374 4376 6332
4376 4 600 4375 4377 4892
4377 4 1920 4376 4378 7540
4378 2 4377 4379
4379 7 659 4378 4380 5615 7406 7768 9603
4380 2 4379 4381
4381 3 4380 4382 4472
4382 2 4381 4383
4383 5 836 4382 4384 6601 7899
4384 3 70 4383 4385
4385 3 3684 4384 4386
4386 4 3279 4385 4387 5562
4387 2 4386 4388
4388 2 4387 4389
4389 4 2181 4388 4390 9273
4390 4 1364 2764 4389 4391
4391 3 4390 4392 9277
4392 4 4391 4393 7217 9605
4393 4 1265 3338 4392 4394
4394 7 2265 2952 4393 4395 4827 6751 7599
4395 4 3961 4394 4396 6787
4396 3 3349 4395 4397
4397 3 3782 4396 4398
4398 6 4048 4397 4399 5303 5932 8389
4399 5 815 4398 4400 4884 7336
4400 2 4399 4401
4401 6 3069 4400 4402 7205 7292 9990
4402 6 1167 4401 4403 5144 8034 8867
4403 4 801 4066 4402 4404
4404 3 893 4403 4405
4405 4 1044 3275 4404 4406
4406 2 4405 4407
4407 5 1208 3268 3675 4406 4408
4408 2 4407 4409
4409 4 4408 4410 9109 9838
4410 2 4409 4411
4411 3 1536 4410 4412
4412 6 4411 4413 5196 5654 5943 6842
4413 2 4412 4414
4414 3 4154 4413 4415
4415 4 2101 4414 4416 6701
4416 4 4255 4415 4417 9897
4417 3 3554 4416 4418
4418 5 269 4417 4419 5779 7356
4419 4 2650 4418 4420 5741
4420 2 4419 4421
4421 5 3627 4420 4422 6301 7253
4422 4 4421 4423 4806 8269
4423 4 3214 4422 4424 5286
4424 4 457 4423 4425 6421
4425 3 3561 4424 4426
4426 4 4425 4427 4587 8203
4427 2 4426 4428
4428 4 1214 4427 4429 5276
4429 4 222 3801 4428 4430
4430 3 4429 4431 7279
4431 5 4430 4432 5919 6209 6426
4432 4 3988 4431 4433 7421
4433 2 4432 4434
4434 5 2983 4433 4435 4902 8621
4435 3 4434 4436 8500
4436 5 4435 4437 7270 8743 9810
4437 4 3224 4436 4438 7817
4438 2 4437 4439
4439 2 4438 4440
4440 3 4439 4441 5661
4441 6 3296 4440 4442 4547 8932 9414
4442 2 4441 4443
4443 5 2908 3241 3694 4442 4444
4444 4 3998 4443 4445 7747
4445 3 3923 4444 4446
4446 6 1878 2046 4445 4447 8036 9228
4447 4 807 4446 4448 9972
4448 3 4447 4449 6259
4449 3 1663 4448 4450
4450 3 3843 4449 4451
4451 3 3188 4450 4452
4452 4 4451 4453 8092 8893
4453 5 4181 4452 4454 5546 9054
4454 7 2518 2896 3427 4453 4455 7846 8596
4455 4 3002 3806 4454 4456
4456 3 2710 4455 4457
4457 3 4456 4458 5875
4458 7 2515 2841 4457 4459 5550 7285 7850
4459 7 3082 4257 4458 4460 5255 6658 9800
4460 2 4459 4461
4461 4 1242 4460 4462 4731
4462 4 168 4461 4463 8439
4463 4 2573 4462 4464 5412
4464 3 4463 4465 6789
4465 4 2896 4464 4466 6577
4466 2 4465 4467
4467 5 3168 3969 4466 4468 5898
4468 7 550 579 4467 4469 5225 6616 6623
4469 3 4468 4470 4535
4470 3 4469 4471 6282
4471 3 381 4470 4472
4472 4 3549 4381 4471 4473
4473 3 4472 4474 9556
4474 4 4473 4475 7133 9748
4475 4 2335 4474 4476 7528
4476 3 2553 4475 4477
4477 7 328 936 4476 4478 5607 7978 8721
4478 4 3313 4477 4479 8007
4479 3 2451 4478 4480
4480 5 476 4479 4481 5289 5895
4481 7 2969 4480 4482 5691 8042 8974 9755
4482 6 258 4481 4483 7784 8477 8508
4483 7 1771 2953 4261 4482 4484 5823 6246
4484 3 4483 4485 5558
4485 5 153 4484 4486 5885 9095
4486 7 1919 2730 4485 4487 7737 9089 9636
4487 4 4486 4488 5140 8582
4488 4 3401 4487 4489 8186
4489 4 2798 3124 4488 4490
4490 8 1782 2034 2428 4489 4491 6026 8753 8957
4491 4 2561 4490 4492 6338
4492 5 568 1169 4491 4493 9401
4493 3 4492 4494 9361
4494 4 4493 4495 5514 9067
4495 2 4494 4496
4496 3 4002 4495 4497
4497 3 3769 4496 4498
4498 7 2113 2367 4497 4499 5869 6783 8861
4499 6 1759 4498 4500 5090 6405 9327
4500 5 4499 4501 7322 7726 7812
4501 4 3744 4500 4502 4505
4502 4 4501 4503 4740 7649
4503 4 4502 4504 8965 9821
4504 4 3642 4503 4505 9605
4505 4 4501 4504 4506 9774
4506 5 906 4505 4507 5971 7942
4507 6 485 917 4506 4508 6451 9492
4508 3 4507 4509 6663
4509 3 4508 4510 5113
4510 3 4509 4511 9853
4511 4 3543 4510 4512 5186
4512 5 1771 4511 4513 5766 6202
4513 3 4512 4514 5783
4514 6 2413 4298 4513 4515 5223 7121
4515 3 4514 4516 5478
4516 5 138 1227 4515 4517 9775
4517 3 116 4516 4518
4518 6 1250 4517 4519 4756 5129 9512
4519 5 4518 4520 5868 8184 9782
4520 4 3470 4519 4521 6205
4521 3 4520 4522 7277
4522 2 4521 4523
4523 4 4522 4524 8274 8645
4524 4 431 4523 4525 7164
4525 2 4524 4526
4526 3 2597 4525 4527
4527 4 3310 4526 4528 6008
4528 4 1302 2247 4527 4529
4529 6 3133 4528 4530 6006 6116 6614
4530 4 4529 4531 4891 5447
4531 4 2302 4530 4532 9618
4532 6 34 106 4147 4531 4533 5080
4533 4 201 4532 4534 4590
4534 3 2082 4533 4535
4535 4 971 4469 4534 4536
4536 5 2451 4535 4537 7362 8838
4537 4 2113 4536 4538 7795
4538 4 1524 4537 4539 6998
4539 3 4252 4538 4540
4540 5 4539 4541 4931 7092 7574
4541 6 501 4540 4542 6467 7238 8739
4542 3 868 4541 4543
4543 5 1984 3773 4542 4544 8316
4544 5 4543 4545 6418 6658 8214
4545 2 4544 4546
4546 5 3711 3890 4545 4547 6189
4547 4 4441 4546 4548 8349
4548 3 4547 4549 9854
4549 6 284 4548 4550 6118 7671 8501
4550 2 4549 4551
4551 6 4550 4552 6413 7388 8144 9343
4552 4 4551 4553 6060 9853
4553 4 3642 4552 4554 8436
4554 4 4553 4555 4953 5904
4555 5 3977 4345 4554 4556 8211
4556 5 1855 2487 4555 4557 7041
4557 4 4556 4558 4587 8513
4558 5 1843 2242 4557 4559 8901
4559 3 2991 4558 4560
4560 3 1248 4559 4561
4561 3 3667 4560 4562
4562 4 4561 4563 5865 6638
4563 3 4562 4564 4911
4564 2 4563 4565
4565 3 4564 4566 9462
4566 3 2251 4565 4567
4567 5 1798 4566 4568 5894 6491
4568 4 4567 4569 9150 9676
4569 5 832 4568 4570 7442 8792
4570 3 4569 4571 6917
4571 4 4570 4572 5818 8831
4572 5 4571 4573 5900 6500 8763
4573 5 561 581 4157 4572 4574
4574 6 2657 4573 4575 5399 6548 9281
4575 4 1211 4574 4576 6910
4576 6 4575 4577 5121 7586 8726 9601
4577 5 1520 3595 3877 4576 4578
4578 3 2900 4577 4579
4579 4 4578 4580 4791 9228
4580 3 4262 4579 4581
4581 2 4580 4582
4582 3 1724 4581 4583
4583 4 4582 4584 6610 9726
4584 4 1991 4583 4585 8034
4585 6 31 481 1031 3494 4584 4586
4586 5 3092 3732 4585 4587 9025
4587 5 2484 4426 4557 4586 4588
4588 4 545 3512 4587 4589
4589 4 4588 4590 4902 8369
4590 4 4533 4589 4591 9106
4591 2 4590 4592
4592 7 109 3169 4591 4593 9056 9385 9440
4593 4 4592 4594 6119 7253
4594 2 4593 4595
4595 6 1207 1275 1678 2746 4594 4596
4596 2 4595 4597
4597 6 618 1371 4596 4598 5087 5186
4598 5 2360 3283 4597 4599 8519
4599 6 772 4598 4600 5662 6084 7460
4600 3 4599 4601 5586
4601 5 1564 4600 4602 5165 5879
4602 6 2613 4601 4603 6647 8205 8250
4603 5 4602 4604 5363 7216 8167
4604 3 2786 4603 4605
4605 7 191 1453 2739 4604 4606 7687 8144
4606 3 4605 4607 7666
4607 5 3022 4606 4608 5392 5838
4608 5 1787 4607 4609 7293 7381
4609 4 1995 4608 4610 5003
4610 4 585 2294 4609 4611
4611 5 1716 2829 3365 4610 4612
4612 4 1209 2631 4611 4613
4613 6 1853 4612 4614 6316 8611 8990
4614 7 2308 4613 4615 5853 6877 7680 8957
4615 4 1699 4614 4616 6307
4616 4 1298 4615 4617 6709
4617 5 4616 4618 4752 5230 9103
4618 2 4617 4619
4619 4 2899 4618 4620 7102
4620 8 12 975 1256 3331 3638 4619 4621 5469
4621 3 4620 4622 4998
4622 6 1736 4621 4623 5533 7790 9247
4623 3 3364 4622 4624
4624 5 4623 4625 7560 7695 8360
4625 4 4624 4626 7113 8475
4626 4 4625 4627 6802 8342
4627 4 3617 4626 4628 9418
4628 4 3347 4627 4629 6642
4629 6 21 3721 4628 4630 5468 6982
4630 4 3204 4629 4631 4725
4631 3 4630 4632 4882
4632 3 2268 4631 4633
4633 4 3647 3886 4632 4634
4634 4 1000 2358 4633 4635
4635 4 634 4634 4636 8978
4636 5 16 1937 4635 4637 7610
4637 7 406 1484 3990 4636 4638 4815 9173
4638 6 4637 4639 7256 7313 7761 9498
4639 3 4638 4640 6446
4640 2 4639 4641
4641 6 1357 4136 4640 4642 4663 7412
4642 2 4641 4643
4643 4 4642 4644 6613 7053
4644 4 513 2276 4643 4645
4645 5 1202 2193 3544 4644 4646
4646 6 1184 1445 1558 4645 4647 5559
4647 5 2110 2370 4215 4646 4648
4648 5 1531 4647 4649 5218 7507
4649 4 4648 4650 4659 9342
4650 4 4649 4651 5790 9983
4651 2 4650 4652
4652 4 7 4651 4653 8618
4653 2 4652 4654
4654 3 4653 4655 8384
4655 2 4654 4656
4656 4 1073 4655 4657 7476
4657 3 2878 4656 4658
4658 5 4657 4659 4978 5465 7498
4659 9 3388 4227 4649 4658 4660 7123 7192 7407 8840
4660 4 1581 1645 4659 4661
4661 3 2520 4660 4662
4662 5 3442 4661 4663 8082 9295
4663 6 525 4221 4641 4662 4664 6996
4664 4 632 4663 4665 9327
4665 4 919 2301 4664 4666
4666 5 2020 2657 3533 4665 4667
4667 4 877 4666 4668 7202
4668 4 4667 4669 5162 8797
4669 3 1389 4668 4670
4670 5 1254 2793 4241 4669 4671
4671 3 4670 4672 5540
4672 5 2473 4671 4673 7645 7771
4673 4 826 4672 4674 5758
4674 3 4673 4675 7911
4675 2 4674 4676
4676 4 7 4675 4677 6439
4677 3 4676 4678 7240
4678 2 4677 4679
4679 3 4678 4680 6162
4680 3 4334 4679 4681
4681 5 639 3204 4680 4682 8497
4682 3 3552 4681 4683
4683 3 4682 4684 6546
4684 6 3974 4683 4685 6728 6741 9418
4685 4 1942 4684 4686 9208
4686 4 4685 4687 6022 6035
4687 5 2454 4686 4688 4846 7131
4688 4 1587 4687 4689 7512
4689 3 4688 4690 8939
4690 3 4689 4691 5522
4691 4 4690 4692 8611 9033
4692 8 96 1684 4033 4691 4693 5968 5973 8993
4693 5 146 4692 4694 6234 8417
4694 5 1561 4693 4695 5262 5525
4695 8 2338 3794 4694 4696 5324 5753 5872 9208
4696 3 4695 4697 9052
4697 2 4696 4698
4698 4 1704 4697 4699 7356
4699 2 4698 4700
4700 5 520 4224 4699 4701 8835
4701 4 1458 1866 4700 4702
4702 2 4701 4703
4703 3 4702 4704 9476
4704 3 2473 4703 4705
4705 5 4704 4706 5482 6271 7752
4706 5 891 1596 1943 4705 4707
4707 5 2883 3953 4706 4708 6237
4708 4 4707 4709 5171 9484
4709 5 838 3016 4708 4710 8257
4710 4 4709 4711 5213 6512
4711 3 4150 4710 4712
4712 4 4711 4713 7627 9974
4713 2 4712 4714
4714 5 4713 4715 7087 7484 8288
4715 5 1411 2238 2547 4714 4716
4716 5 1849 4715 4717 7154 9331
4717 2 4716 4718
4718 4 4717 4719 7195 9304
4719 3 4718 4720 5522
4720 6 4719 4721 5245 6499 7082 8931
4721 2 4720 4722
4722 6 2725 4721 4723 5380 6952 8414
4723 4 2568 4722 4724 7179
4724 5 405 4723 4725 5924 8812
4725 7 2444 3592 4630 4724 4726 5488 7015
4726 4 3379 4725 4727 5176
4727 6 3626 4114 4726 4728 4798 9489
4728 2 4727 4729
4729 4 4051 4728 4730 5221
4730 4 4729 4731 6995 9209
4731 5 4461 4730 4732 6426 8061
4732 3 4731 4733 7836
4733 6 1163 2955 4732 4734 8174 9009
4734 5 173 4201 4733 4735 7252
4735 3 1120 4734 4736
4736 3 850 4735 4737
4737 3 4736 4738 7835
4738 6 8 3974 4737 4739 5678 9753
4739 2 4738 4740
4740 5 13 4502 4739 4741 7351
4741 4 1635 4740 4742 7174
4742 4 4741 4743 5890 7464
4743 4 763 3329 4742 4744
4744 3 1236 4743 4745
4745 4 1901 4080 4744 4746
4746 3 4745 4747 6593
4747 3 3141 4746 4748
4748 5 2713 4747 4749 5865 5950
4749 3 3787 4748 4750
4750 4 1062 1446 4749 4751
4751 4 1262 2201 4750 4752
4752 4 4617 4751 4753 7410
4753 3 4752 4754 4797
4754 3 4753 4755 9376
4755 5 1500 4754 4756 6306 6587
4756 3 4518 4755 4757
4757 7 2809 3344 4756 4758 5089 7842 8124
4758 3 4757 4759 4953
4759 3 2061 4758 4760
4760 2 4759 4761
4761 4 4076 4760 4762 9197
4762 3 1752 4761 4763
4763 4 1656 2911 4762 4764
4764 2 4763 4765
4765 3 3354 4764 4766
4766 4 764 2008 4765 4767
4767 4 3796 4766 4768 4937
4768 4 672 2864 4767 4769
4769 4 1893 3343 4768 4770
4770 3 4769 4771 8192
4771 5 984 3893 4770 4772 7784
4772 3 4771 4773 9408
4773 3 4772 4774 5220
4774 4 2515 4773 4775 8376
4775 5 3068 4774 4776 5182 9906
4776 3 3653 4775 4777
4777 3 4776 4778 7400
4778 4 3913 4777 4779 6001
4779 4 1547 2293 4778 4780
4780 6 170 4779 4781 5081 7051 8584
4781 4 4780 4782 7396 7937
4782 4 1940 4781 4783 5217
4783 3 4782 4784 4990
4784 4 4783 4785 6050 9537
4785 3 4784 4786 7868
4786 3 4785 4787 4927
4787 4 293 2280 4786 4788
4788 7 1030 1790 4787 4789 5298 6856 7759
4789 4 949 4788 4790 7061
4790 6 630 1799 1935 4789 4791 6627
4791 5 4579 4790 4792 8081 9211
4792 3 4791 4793 9964
4793 5 2618 4179 4792 4794 6516
4794 3 28 4793 4795
4795 5 955 1022 4794 4796 7268
4796 2 4795 4797
4797 6 285 4753 4796 4798 5058 9040
4798 4 4250 4727 4797 4799
4799 5 1312 4798 4800 7832 8576
4800 3 4126 4799 4801
4801 3 4800 4802 9141
4802 2 4801 4803
4803 3 1667 4802 4804
4804 4 1191 4803 4805 7714
4805 4 4804 4806 5603 8556
4806 6 3316 4422 4805 4807 8164 9287
4807 5 885 1211 4806 4808 8254
4808 4 3698 4807 4809 8334
4809 4 2643 4808 4810 9200
4810 7 2533 4220 4809 4811 4832 5755 5831
4811 6 996 2375 4810 4812 6861 9190
4812 8 383 3977 4811 4813 5326 7119 8692 9440
4813 6 1205 1351 4812 4814 5759 7581
4814 6 695 982 1612 4813 4815 7225
4815 5 4637 4814 4816 5261 9262
4816 5 1695 3931 4815 4817 8913
4817 3 4361 4816 4818
4818 4 3254 4817 4819 5970
4819 4 1683 4818 4820 9657
4820 4 1381 4819 4821 5660
4821 6 1807 3786 4820 4822 7370 9552
4822 7 799 1061 4821 4823 6653 8106 8842
4823 3 4822 4824 6799
4824 2 4823 4825
4825 6 3172 3948 4824 4826 5803 6116
4826 2 4825 4827
4827 4 4394 4826 4828 8336
4828 3 4156 4827 4829
4829 4 4828 4830 8578 9283
4830 2 4829 4831
4831 3 4830 4832 6963
4832 5 4810 4831 4833 7344 8469
4833 3 4832 4834 7206
4834 4 2423 4833 4835 6136
4835 6 261 491 1601 4834 4836 7316
4836 5 746 3148 4835 4837 7764
4837 7 1274 3154 4836 4838 6762 7374 7437
4838 6 78 3220 4837 4839 7337 9924
4839 4 4838 4840 7181 7449
4840 4 50 4839 4841 7406
4841 6 34 4840 4842 7947 9043 9808
4842 6 708 2132 4841 4843 9640 9722
4843 5 4025 4842 4844 7811 9819
4844 4 2056 4843 4845 9542
4845 4 3062 4844 4846 6815
4846 4 1149 4687 4845 4847
4847 3 4846 4848 9614
4848 3 4847 4849 7265
4849 2 4848 4850
4850 5 3408 4849 4851 5650 8315
4851 4 4078 4850 4852 6413
4852 4 4851 4853 5221 6583
4853 5 470 3061 4852 4854 5324
4854 2 4853 4855
4855 6 625 1223 1753 4854 4856 8911
4856 5 2092 3648 4855 4857 6599
4857 2 4856 4858
4858 7 2003 4857 4859 5839 6206 7445 9192
4859 5 3203 4858 4860 5750 9958
4860 5 3149 4257 4859 4861 7802
4861 5 1148 2739 4860 4862 6715
4862 5 1180 1536 3174 4861 4863
4863 3 1928 4862 4864
4864 4 350 4863 4865 5359
4865 3 4864 4866 7176
4866 4 1233 4865 4867 8916
4867 6 1401 3151 3350 4866 4868 8377
4868 2 4867 4869
4869 5 417 4160 4868 4870 5724
4870 3 4869 4871 5864
4871 4 697 1429 4870 4872
4872 4 4871 4873 9415 9895
4873 3 4872 4874 8233
4874 5 708 4873 4875 8606 9647
4875 3 2792 4874 4876
4876 2 4875 4877
4877 4 2155 4876 4878 4900
4878 4 4877 4879 8156 9098
4879 2 4878 4880
4880 4 4879 4881 5582 7133
4881 4 4880 4882 7585 9921
4882 5 3856 4631 4881 4883 6384
4883 5 3939 4882 4884 9678 9822
4884 6 4399 4883 4885 6606 7209 8485
4885 3 1753 4884 4886
4886 4 2656 4885 4887 8570
4887 5 3676 4886 4888 5747 8492
4888 4 1740 4887 4889 6829
4889 3 1822 4888 4890
4890 3 3342 4889 4891
4891 3 4530 4890 4892
4892 7 347 755 4083 4288 4376 4891 4893
4893 6 1999 2696 4892 4894 6990 7076
4894 3 4893 4895 9306
4895 3 4009 4894 4896
4896 4 86 4895 4897 5325
4897 2 4896 4898
4898 3 1350 4897 4899
4899 5 1805 4898 4900 5998 9329
4900 4 3002 4877 4899 4901
4901 4 3747 4900 4902 8922
4902 7 393 4434 4589 4901 4903 5817 6745
4903 4 491 4902 4904 5453
4904 2 4903 4905
4905 4 2254 4904 4906 6714
4906 2 4905 4907
4907 3 2626 4906 4908
4908 2 4907 4909
4909 4 19 4908 4910 8751
4910 3 4909 4911 7278
4911 4 4563 4910 4912 4941
4912 4 1539 4911 4913 6608
4913 7 90 3379 4912 4914 7071 7802 9944
4914 2 4913 4915
4915 6 2233 2983 4914 4916 7640 8855
4916 3 4915 4917 7413
4917 3 4916 4918 8592
4918 3 4917 4919 5616
4919 2 4918 4920
4920 3 4919 4921 7281
4921 4 4116 4920 4922 7137
4922 4 4921 4923 5868 9991
4923 3 1702 4922 4924
4924 2 4923 4925
4925 2 4924 4926
4926 4 182 796 4925 4927
4927 5 4216 4786 4926 4928 6858
4928 3 4927 4929 6505
4929 2 4928 4930
4930 9 3388 4929 4931 5693 6120 6402 7308 8862 9098
4931 5 2565 2798 4540 4930 4932
4932 3 3192 4931 4933
4933 3 4932 4934 9869
4934 2 4933 4935
4935 3 4934 4936 5677
4936 4 4149 4935 4937 8531
4937 8 1131 4049 4767 4936 4938 5603 6177 6286
4938 3 4937 4939 9108
4939 3 3752 4938 4940
4940 4 4939 4941 6208 9650
4941 4 4911 4940 4942 6548
4942 4 1264 4941 4943 8784
4943 3 4942 4944 5762
4944 6 1631 2851 4943 4945 7733 8176
4945 4 4944 4946 5731 6151
4946 4 1690 4945 4947 7924
4947 2 4946 4948
4948 3 1175 4947 4949
4949 7 3068 4948 4950 5835 6609 7471 9121
4950 4 92 1035 4949 4951
4951 3 709 4950 4952
4952 4 2082 4951 4953 5037
4953 4 4554 4758 4952 4954
4954 6 1988 3096 4953 4955 6542 7675
4955 3 2452 4954 4956
4956 4 1672 2383 4955 4957
4957 2 4956 4958
4958 6 412 4957 4959 5170 8687 8934
4959 4 4958 4960 7359 9275
4960 7 3680 4959 4961 5025 5674 6137 9447
4961 4 923 4960 4962 8853
4962 3 4341 4961 4963
4963 2 4962 4964
4964 4 1751 4963 4965 6662
4965 7 242 392 3252 4964 4966 6030 7662
4966 4 3445 3682 4965 4967
4967 3 2524 4966 4968
4968 5 1283 1561 3533 4967 4969
4969 5 1669 3080 4968 4970 6712
4970 5 586 998 4969 4971 8246
4971 5 4181 4970 4972 7126 9960
4972 4 2337 2376 4971 4973
4973 4 1234 4972 4974 8209
4974 4 4973 4975 6303 6578
4975 8 1636 1969 3691 4974 4976 6429 7358 7969
4976 2 4975 4977
4977 4 1248 4976 4978 8475
4978 3 4658 4977 4979
4979 3 2633 4978 4980
4980 2 4979 4981
4981 4 3818 4278 4980 4982
4982 2 4981 4983
4983 5 1313 4982 4984 5305 5757
4984 4 2142 2900 4983 4985
4985 4 4984 4986 7258 7559
4986 4 376 4985 4987 6606
4987 5 4986 4988 5776 7289 7653
4988 7 4987 4989 6916 7058 7738 7957 9274
4989 3 4988 4990 5502
4990 3 4783 4989 4991
4991 3 1552 4990 4992
4992 3 2256 4991 4993
4993 4 3944 4992 4994 5049
4994 3 722 4993 4995
4995 3 4994 4996 7138
4996 3 1267 4995 4997
4997 3 4996 4998 5862
4998 6 1102 1306 4621 4997 4999 5060
4999 3 3278 4998 5000
5000 5 601 1944 3741 4999 5001
5001 5 5000 5002 5939 7070 8196
5002 3 2220 5001 5003
5003 7 1776 1922 4609 5002 5004 6625 8674
5004 3 5003 5005 9377
5005 2 5004 5006
5006 5 490 1933 2761 5005 5007
5007 7 1644 1938 2245 3306 5006 5008 6450
5008 5 647 2950 5007 5009 5995
5009 2 5008 5010
5010 3 5009 5011 9296
5011 2 5010 5012
5012 2 5011 5013
5013 2 5012 5014
5014 4 1271 2853 5013 5015
5015 3 340 5014 5016
5016 3 2564 5015 5017
5017 4 2610 5016 5018 8520
5018 3 3914 5017 5019
5019 2 5018 5020
5020 4 373 1537 5019 5021
5021 3 5020 5022 8976
5022 2 5021 5023
5023 6 1305 2934 5022 5024 5302 9339
5024 4 2885 3954 5023 5025
5025 5 2658 2693 4960 5024 5026
5026 4 376 698 5025 5027
5027 4 3430 5026 5028 8563
5028 5 1039 1532 5027 5029 5874
5029 2 5028 5030
5030 4 10 138 5029 5031
5031 6 324 5030 5032 5061 5138 9508
5032 4 2144 5031 5033 8817
5033 3 5032 5034 7369
5034 6 833 1272 1842 5033 5035 9237
5035 2 5034 5036
5036 5 2232 3364 5035 5037 8476
5037 4 4952 5036 5038 8372
5038 2 5037 5039
5039 3 5038 5040 8365
5040 3 5039 5041 6519
5041 5 5040 5042 5180 6497 7203
5042 3 1952 5041 5043
5043 4 5042 5044 5869 7142
5044 3 5043 5045 5760
5045 2 5044 5046
5046 6 383 5045 5047 7018 8801 8873
5047 5 5046 5048 5210 5600 5926
5048 4 205 5047 5049 8277
5049 5 4993 5048 5050 5981 6599
5050 5 850 5049 5051 5832 7656
5051 3 5050 5052 7879
5052 3 4103 5051 5053
5053 2 5052 5054
5054 4 955 5053 5055 9948
5055 4 5054 5056 7318 8604
5056 4 2772 5055 5057 7139
5057 4 2881 3604 5056 5058
5058 3 4797 5057 5059
5059 2 5058 5060
5060 7 1302 1947 3038 4998 5059 5061 8851
5061 4 785 5031 5060 5062
5062 3 2948 5061 5063
5063 5 1071 2232 5062 5064 8164
5064 3 498 5063 5065
5065 2 5064 5066
5066 5 3382 5065 5067 6524 8046
5067 6 108 1969 4095 5066 5068 8792
5068 3 998 5067 5069
5069 9 843 2407 5068 5070 5074 5798 6589 8211 8712
5070 3 3311 5069 5071
5071 2 5070 5072
5072 3 1190 5071 5073
5073 4 3818 5072 5074 8804
5074 6 116 3018 3446 5069 5073 5075
5075 4 731 1942 5074 5076
5076 3 356 5075 5077
5077 3 5076 5078 8396
5078 3 4141 5077 5079
5079 4 3365 5078 5080 8020
5080 3 4532 5079 5081
5081 4 3134 4780 5080 5082
5082 6 1618 5081 5083 6346 8032 8049
5083 3 4207 5082 5084
5084 2 5083 5085
5085 3 1945 5084 5086
5086 2 5085 5087
5087 4 4597 5086 5088 9802
5088 5 104 3103 5087 5089 6382
5089 7 1874 2786 2988 3551 4757 5088 5090
5090 7 107 1618 4499 5089 5091 8579 9910
5091 4 5090 5092 6469 8671
5092 5 3400 3529 5091 5093 5342
5093 2 5092 5094
5094 4 1269 5093 5095 5947
5095 5 4117 4251 5094 5096 5729
5096 6 1091 3041 5095 5097 6149 8340
5097 5 3134 5096 5098 7743 8170
5098 2 5097 5099
5099 3 5098 5100 9595
5100 4 5099 5101 5270 6692
5101 6 1355 1848 2428 5100 5102 6444
5102 3 5101 5103 8182
5103 2 5102 5104
5104 5 2003 5103 5105 6589 7259
5105 3 858 5104 5106
5106 3 5105 5107 7799
5107 3 5106 5108 5525
5108 2 5107 5109
5109 3 5108 5110 6298
5110 2 5109 5111
5111 5 2478 5110 5112 5259 5432
5112 4 1544 3408 5111 5113
5113 5 2089 4509 5112 5114 6161
5114 4 2553 5113 5115 8728
5115 6 2212 4300 5114 5116 5726 6384
5116 4 1763 5115 5117 8281
5117 2 5116 5118
5118 3 5117 5119 8159
5119 3 5118 5120 8667
5120 5 177 1696 1733 5119 5121
5121 3 4576 5120 5122
5122 3 5121 5123 5686
5123 3 2679 5122 5124
5124 7 2212 4181 5123 5125 5729 5841 8961
5125 5 5124 5126 7714 9065 9674
5126 4 5125 5127 6423 9584
5127 5 872 5126 5128 5417 5758
5128 3 5127 5129 9267
5129 5 2716 4518 5128 5130 7540
5130 2 5129 5131
5131 6 1054 3433 3989 5130 5132 7421
5132 3 5131 5133 6119
5133 8 701 1104 4051 4337 5132 5134 8239 8400
5134 4 1958 5133 5135 7274
5135 2 5134 5136
5136 4 2801 5135 5137 9430
5137 4 2293 3815 5136 5138
5138 3 5031 5137 5139
5139 4 2 5138 5140 5726
5140 6 1853 4487 5139 5141 5314 6185
5141 3 167 5140 5142
5142 2 5141 5143
5143 5 499 1180 3267 5142 5144
5144 6 115 2423 4402 5143 5145 6927
5145 4 5144 5146 6249 9156
5146 3 3415 5145 5147
5147 6 3294 5146 5148 5735 6904 7722
5148 5 630 1884 5147 5149 8566
5149 3 5148 5150 5695
5150 5 1121 1805 5149 5151 5485
5151 3 3624 5150 5152
5152 3 803 5151 5153
5153 5 642 950 5152 5154 9684
5154 5 2448 3935 5153 5155 5471
5155 3 2173 5154 5156
5156 8 2622 2807 3525 5155 5157 7535 8329 8865
5157 4 5156 5158 7084 9143
5158 4 2352 4246 5157 5159
5159 3 2085 5158 5160
5160 2 5159 5161
5161 7 394 1659 3040 5160 5162 5318 8108
5162 4 3383 4668 5161 5163
5163 3 3942 5162 5164
5164 4 2160 5163 5165 6189
5165 9 2838 4309 4601 5164 5166 7319 7809 8356 9045
5166 5 2508 2540 5165 5167 7283
5167 7 736 1148 1361 5166 5168 9388 9612
5168 3 5167 5169 8220
5169 2 5168 5170
5170 5 3902 4958 5169 5171 9787
5171 4 4708 5170 5172 9767
5172 7 3420 5171 5173 6876 8088 8939 9911
5173 3 5172 5174 7819
5174 4 31 1017 5173 5175
5175 6 2386 5174 5176 5802 5892 6799
5176 3 4726 5175 5177
5177 2 5176 5178
5178 5 165 1809 5177 5179 5854
5179 8 501 979 5178 5180 6040 7665 7956 9358
5180 4 5041 5179 5181 6340
5181 3 2961 5180 5182
5182 5 4775 5181 5183 6403 7675
5183 5 151 1846 3230 5182 5184
5184 2 5183 5185
5185 4 4227 5184 5186 8720
5186 6 901 4511 4597 5185 5187 5477
5187 3 2030 5186 5188
5188 5 2741 2820 5187 5189 7485
5189 2 5188 5190
5190 3 1919 5189 5191
5191 5 171 467 5190 5192 5329
5192 3 5191 5193 6754
5193 6 702 3924 5192 5194 5459 9464
5194 5 2941 3680 5193 5195 8686
5195 2 5194 5196
5196 3 4412 5195 5197
5197 3 5196 5198 8963
5198 3 5197 5199 9405
5199 4 1227 5198 5200 6857
5200 5 5199 5201 5752 6929 8970
5201 4 5200 5202 6631 9841
5202 3 2071 5201 5203
5203 5 2167 5202 5204 5423 9003
5204 3 5203 5205 9530
5205 2 5204 5206
5206 3 5205 5207 9647
5207 2 5206 5208
5208 6 4140 5207 5209 7847 8343 8386
5209 5 5208 5210 7510 7748 8534
5210 3 5047 5209 5211
5211 4 2684 5210 5212 7025
5212 3 2769 5211 5213
5213 4 1887 4710 5212 5214
5214 3 5213 5215 7404
5215 5 1975 3506 5214 5216 8467
5216 3 172 5215 5217
5217 4 2826 4782 5216 5218
5218 4 1660 4648 5217 5219
5219 2 5218 5220
5220 6 4773 5219 5221 8669 9563 9750
5221 6 2329 4729 4852 5220 5222 9858
5222 2 5221 5223
5223 5 4514 5222 5224 7011 9460
5224 4 5223 5225 7810 8926
5225 4 4468 5224 5226 8444
5226 3 3772 5225 5227
5227 4 5226 5228 5525 6461
5228 2 5227 5229
5229 3 5228 5230 5820
5230 7 1763 4617 5229 5231 7604 8192 9116
5231 5 5230 5232 7299 7497 8351
5232 4 1339 1631 5231 5233
5233 2 5232 5234
5234 3 2300 5233 5235
5235 3 1195 5234 5236
5236 4 5235 5237 6944 7328
5237 3 2121 5236 5238
5238 3 490 5237 5239
5239 6 889 2503 5238 5240 5971 6682
5240 2 5239 5241
5241 4 1045 5240 5242 6112
5242 6 1201 1784 5241 5243 5363 9278
5243 3 1638 5242 5244
5244 2 5243 5245
5245 3 4720 5244 5246
5246 4 1812 5245 5247 9879
5247 5 3699 5246 5248 7252 7652
5248 4 5247 5249 8627 9726
5249 3 3435 5248 5250
5250 4 2443 5249 5251 8183
5251 5 5250 5252 7678 8931 9114
5252 4 1583 5251 5253 6130
5253 4 5252 5254 7183 8699
5254 4 3795 5253 5255 5973
5255 5 1696 4459 5254 5256 8868
5256 4 582 867 5255 5257
5257 2 5256 5258
5258 3 393 5257 5259
5259 4 5111 5258 5260 5365
5260 3 3102 5259 5261
5261 3 4815 5260 5262
5262 4 4694 5261 5263 7288
5263 4 5262 5264 9008 9823
5264 4 2359 5263 5265 9180
5265 5 989 3834 5264 5266 8870
5266 3 5265 5267 7163
5267 3 3709 5266 5268
5268 5 873 5267 5269 5518 9265
5269 2 5268 5270
5270 5 1517 2570 5100 5269 5271
5271 5 5270 5272 6408 7937 9992
5272 6 3553 5271 5273 6410 7256 9624
5273 6 660 2429 4247 5272 5274 5631
5274 2 5273 5275
5275 3 5274 5276 7173
5276 4 4428 5275 5277 6629
5277 5 5276 5278 6120 7544 8178
5278 5 5277 5279 6670 9371 9410
5279 4 1842 5278 5280 7165
5280 4 5279 5281 6228 7418
5281 5 5280 5282 7338 8754 9907
5282 3 5281 5283 9469
5283 4 2646 3632 5282 5284
5284 3 3213 5283 5285
5285 3 2691 5284 5286
5286 7 2767 4423 5285 5287 6272 6486 9276
5287 2 5286 5288
5288 5 824 1045 1788 5287 5289
5289 6 3671 4480 5288 5290 6797 7290
5290 4 5289 5291 8166 9781
5291 4 154 212 5290 5292
5292 5 1964 5291 5293 9019 9579
5293 2 5292 5294
5294 2 5293 5295
5295 2 5294 5296
5296 5 5295 5297 6559 8485 9725
5297 3 5296 5298 9016
5298 5 1289 4788 5297 5299 8963
5299 2 5298 5300
5300 5 1036 2634 5299 5301 9037
5301 5 806 2421 3216 5300 5302
5302 6 418 5023 5301 5303 9410 9860
5303 3 4398 5302 5304
5304 2 5303 5305
5305 5 1244 4983 5304 5306 9398
5306 3 1479 5305 5307
5307 3 1817 5306 5308
5308 4 101 5307 5309 9174
5309 4 5308 5310 6523 9369
5310 6 1099 5309 5311 7331 7345 8642
5311 2 5310 5312
5312 3 2332 5311 5313
5313 4 1258 3606 5312 5314
5314 6 5140 5313 5315 5447 8300 8360
5315 4 2622 5314 5316 7684
5316 3 5315 5317 8864
5317 4 3679 5316 5318 8886
5318 3 5161 5317 5319
5319 4 5318 5320 5682 5964
5320 5 973 1449 2979 5319 5321
5321 2 5320 5322
5322 2 5321 5323
5323 2 5322 5324
5324 6 4155 4271 4695 4853 5323 5325
5325 5 241 3396 4896 5324 5326
5326 6 1643 2194 2985 4812 5325 5327
5327 4 1637 5326 5328 9384
5328 8 328 390 431 999 5327 5329 6315 9452
5329 7 980 4358 5191 5328 5330 5476 7265
5330 2 5329 5331
5331 3 3439 5330 5332
5332 2 5331 5333
5333 2 5332 5334
5334 4 304 5333 5335 9086
5335 4 5334 5336 7799 9535
5336 5 655 5335 5337 7581 7937
5337 5 2007 5336 5338 7031 7500
5338 4 5337 5339 7004 8132
5339 3 3858 5338 5340
5340 4 2807 5339 5341 5945
5341 4 2486 5340 5342 7981
5342 6 651 5092 5341 5343 8096 9971
5343 5 501 5342 5344 8119 9423
5344 2 5343 5345
5345 4 5344 5346 6879 9290
5346 5 609 1256 5345 5347 7502
5347 3 5346 5348 6551
5348 2 5347 5349
5349 4 5348 5350 6892 7788
5350 4 2671 5349 5351 9463
5351 4 1938 5350 5352 6756
5352 2 5351 5353
5353 2 5352 5354
5354 3 2733 5353 5355
5355 4 4082 4313 5354 5356
5356 3 710 5355 5357
5357 3 5356 5358 8326
5358 3 441 5357 5359
5359 5 4864 5358 5360 7399 7995
5360 4 3028 5359 5361 5503
5361 4 1241 5360 5362 7685
5362 3 5361 5363 9492
5363 4 4603 5242 5362 5364
5364 5 326 1895 2593 5363 5365
5365 4 5259 5364 5366 7324
5366 8 2903 5365 5367 5508 6358 7077 7599 9342
5367 7 1172 4212 5366 5368 5480 6474 8495
5368 3 2750 5367 5369
5369 4 5368 5370 5381 6162
5370 4 746 3304 5369 5371
5371 6 2603 3763 5370 5372 5466 9031
5372 7 1445 3218 5371 5373 6682 7938 8441
5373 2 5372 5374
5374 6 2791 3045 5373 5375 7273 8592
5375 4 2494 5374 5376 5827
5376 6 1893 3984 5375 5377 6089 8944
5377 5 5376 5378 5517 6583 7252
5378 4 5377 5379 8236 8848
5379 4 1807 5378 5380 7744
5380 4 4722 5379 5381 6094
5381 6 380 5369 5380 5382 6846 9184
5382 3 5381 5383 6252
5383 3 2705 5382 5384
5384 4 5383 5385 5602 5916
5385 7 2601 3001 5384 5386 5959 8093 9816
5386 3 2027 5385 5387
5387 5 2782 5386 5388 6057 6362
5388 5 1785 5387 5389 7449 8626
5389 2 5388 5390
5390 3 5389 5391 6170
5391 5 251 5390 5392 5700 7783
5392 8 1537 2008 2809 3977 4607 5391 5393 8609
5393 8 1547 3420 5392 5394 5809 6727 7463 8083
5394 2 5393 5395
5395 2 5394 5396
5396 3 5395 5397 7368
5397 3 5396 5398 5409
5398 5 204 601 5397 5399 9241
5399 4 2327 4574 5398 5400
5400 4 1492 5399 5401 7645
5401 2 5400 5402
5402 5 367 5401 5403 5861 9172
5403 6 943 2834 5402 5404 5807 9169
5404 3 1500 5403 5405
5405 6 3180 3746 5404 5406 6549 9083
5406 3 1795 5405 5407
5407 2 5406 5408
5408 3 5407 5409 6226
5409 4 2982 5397 5408 5410
5410 4 1567 4331 5409 5411
5411 3 1288 5410 5412
5412 4 3292 4463 5411 5413
5413 3 1730 5412 5414
5414 4 5413 5415 6171 9531
5415 3 5414 5416 9768
5416 5 5415 5417 7288 8262 8561
5417 3 5127 5416 5418
5418 4 2334 5417 5419 7074
5419 4 4354 5418 5420 9786
5420 2 5419 5421
5421 4 1536 2387 5420 5422
5422 4 596 2868 5421 5423
5423 4 1950 5203 5422 5424
5424 2 5423 5425
5425 7 2096 4062 5424 5426 6592 7374 7449
5426 2 5425 5427
5427 3 5426 5428 7996
5428 5 1501 2829 5427 5429 7628
5429 3 390 5428 5430
5430 7 1594 3473 4324 5429 5431 6282 7747
5431 3 5430 5432 9274
5432 6 640 3732 5111 5431 5433 9764
5433 3 1464 5432 5434
5434 3 716 5433 5435
5435 4 3717 5434 5436 8734
5436 4 5435 5437 7498 8848
5437 2 5436 5438
5438 2 5437 5439
5439 6 3062 3442 5438 5440 7687 9234
5440 3 1037 5439 5441
5441 3 4286 5440 5442
5442 3 3049 5441 5443
5443 3 5442 5444 9026
5444 5 3034 3836 5443 5445 5749
5445 2 5444 5446
5446 5 3333 5445 5447 6680 6734
5447 7 1139 1311 4530 5314 5446 5448 6744
5448 4 3668 5447 5449 8832
5449 5 3173 3896 5448 5450 5732
5450 2 5449 5451
5451 2 5450 5452
5452 2 5451 5453
5453 5 666 4903 5452 5454 6893
5454 3 4366 5453 5455
5455 3 3655 5454 5456
5456 7 559 2589 5455 5457 5870 6108 6494
5457 3 5456 5458 5704
5458 4 2833 5457 5459 6981
5459 3 5193 5458 5460
5460 3 630 5459 5461
5461 4 1090 5460 5462 7938
5462 3 5461 5463 6296
5463 5 4220 5462 5464 9755 9918
5464 6 407 3338 4043 5463 5465 7322
5465 6 2172 3048 4658 5464 5466 7818
5466 5 2316 5371 5465 5467 9693
5467 4 1967 5466 5468 7261
5468 8 888 2398 3521 4629 5467 5469 8205 9488
5469 3 4620 5468 5470
5470 5 702 1075 5469 5471 7445
5471 4 5154 5470 5472 8011
5472 2 5471 5473
5473 4 5472 5474 6895 9136
5474 5 1430 5473 5475 6932 8658
5475 4 5474 5476 6573 8404
5476 4 5329 5475 5477 7234
5477 5 2956 5186 5476 5478 7203
5478 4 4515 5477 5479 8101
5479 3 2684 5478 5480
5480 6 975 5367 5479 5481 6984 9882
5481 5 1896 3351 5480 5482 8225
5482 6 4705 5481 5483 6337 9237 9274
5483 4 5482 5484 7449 8120
5484 3 5483 5485 6008
5485 5 2031 5150 5484 5486 8020
5486 5 3713 5485 5487 7365 9170
5487 6 4095 5486 5488 5877 7759 8708
5488 5 4725 5487 5489 6337 6722
5489 3 5488 5490 9675
5490 3 5489 5491 8074
5491 4 5490 5492 6169 9591
5492 2 5491 5493
5493 4 5492 5494 7260 7778
5494 4 4052 5493 5495 5496
5495 3 4171 5494 5496
5496 5 142 5494 5495 5497 5992
5497 2 5496 5498
5498 3 1030 5497 5499
5499 4 5498 5500 5726 8916
5500 5 1407 2179 5499 5501 8631
5501 4 5500 5502 8477 9797
5502 3 4989 5501 5503
5503 7 441 613 5360 5502 5504 7986 8376
5504 3 2929 5503 5505
5505 3 5504 5506 6532
5506 4 1043 5505 5507 5605
5507 3 3525 5506 5508
5508 4 85 5366 5507 5509
5509 4 5508 5510 7824 8734
5510 5 1986 3934 5509 5511 7127
5511 4 3487 5510 5512 7976
5512 4 1409 5511 5513 6026
5513 5 5512 5514 7760 7761 9335
5514 6 3772 4494 5513 5515 6534 6720
5515 3 5514 5516 9643
5516 4 1807 5515 5517 6494
5517 4 3926 5377 5516 5518
5518 4 2813 5268 5517 5519
5519 5 5518 5520 6906 7869 8280
5520 7 3004 5519 5521 6331 6880 7101 7450
5521 3 5520 5522 6714
5522 8 504 4690 4719 5521 5523 6836 7329 7578
5523 3 5522 5524 5528
5524 2 5523 5525
5525 7 255 4694 5107 5227 5524 5526 6936
5526 5 2305 2949 5525 5527 5531
5527 4 3275 3754 5526 5528
5528 4 4256 5523 5527 5529
5529 3 5528 5530 9763
5530 5 3929 5529 5531 6024 9866
5531 4 2491 5526 5530 5532
5532 2 5531 5533
5533 7 2077 4622 5532 5534 5684 6173 9781
5534 3 2195 5533 5535
5535 2 5534 5536
5536 5 1543 2014 5535 5537 5872
5537 4 2989 5536 5538 7323
5538 3 1615 5537 5539
5539 4 948 5538 5540 6227
5540 6 1905 4671 5539 5541 5696 5797
5541 3 5540 5542 9058
5542 5 1693 1809 4123 5541 5543
5543 3 3876 5542 5544
5544 4 5543 5545 6948 8751
5545 7 559 3751 5544 5546 6269 9759 9920
5546 7 1769 3032 4453 5545 5547 8859 8944
5547 3 5546 5548 7952
5548 3 5547 5549 6753
5549 4 578 921 5548 5550
5550 5 4458 5549 5551 7088 9835
5551 6 781 3278 5550 5552 5763 8306
5552 3 5551 5553 9190
5553 4 5552 5554 5823 9763
5554 2 5553 5555
5555 5 2866 5554 5556 5906 8446
5556 5 688 3043 5555 5557 8850
5557 5 2000 3599 5556 5558 5562
5558 4 964 4484 5557 5559
5559 3 4646 5558 5560
5560 4 4 5559 5561 7355
5561 3 5560 5562 8620
5562 6 939 4386 5557 5561 5563 5816
5563 5 35 3162 3414 5562 5564
5564 3 3482 5563 5565
5565 2 5564 5566
5566 4 1162 5565 5567 7255
5567 3 5566 5568 8653
5568 4 688 5567 5569 7905
5569 3 2686 5568 5570
5570 5 2498 3788 5569 5571 9052
5571 3 2303 5570 5572
5572 3 5571 5573 6629
5573 6 385 1832 5572 5574 5959 6700
5574 2 5573 5575
5575 5 2637 4312 5574 5576 7495
5576 3 1284 5575 5577
5577 4 70 5576 5578 8821
5578 4 3748 4296 5577 5579
5579 5 581 2955 5578 5580 6907
5580 5 2773 2938 5579 5581 8409
5581 2 5580 5582
5582 5 363 1529 4880 5581 5583
5583 4 304 5582 5584 8937
5584 4 5583 5585 8021 8126
5585 3 1702 5584 5586
5586 8 2020 2278 2587 4600 5585 5587 6682 6779
5587 3 1844 5586 5588
5588 5 1469 3032 3102 5587 5589
5589 4 1776 5588 5590 6886
5590 6 2315 2896 5589 5591 9056 9138
5591 3 3760 5590 5592
5592 5 4012 5591 5593 5959 8822
5593 3 1881 5592 5594
5594 3 1956 5593 5595
5595 3 5594 5596 6117
5596 4 3350 5595 5597 6855
5597 4 5596 5598 8927 9503
5598 2 5597 5599
5599 3 3449 5598 5600
5600 5 5047 5599 5601 8403 8523
5601 5 787 1871 5600 5602 5976
5602 4 4222 5384 5601 5603
5603 8 187 2178 2493 4805 4937 5602 5604 7992
5604 2 5603 5605
5605 6 2284 3571 5506 5604 5606 8501
5606 3 1510 5605 5607
5607 5 3768 4477 5606 5608 7340
5608 5 3462 5607 5609 5765 9171
5609 2 5608 5610
5610 2 5609 5611
5611 3 690 5610 5612
5612 2 5611 5613
5613 3 3371 5612 5614
5614 3 799 5613 5615
5615 5 4379 5614 5616 6591 7586
5616 5 352 4918 5615 5617 9675
5617 4 1018 5616 5618 8247
5618 4 8 5617 5619 7278
5619 3 1317 5618 5620
5620 3 5619 5621 9634
5621 7 2721 4268 5620 5622 7397 7978 8581
5622 5 3528 4091 5621 5623 9523
5623 4 5622 5624 5883 9188
5624 4 2189 5623 5625 7172
5625 4 3277 5624 5626 7638
5626 3 2653 5625 5627
5627 6 383 387 2349 5626 5628 7960
5628 2 5627 5629
5629 3 5628 5630 9242
5630 4 1849 5629 5631 8586
5631 3 5273 5630 5632
5632 2 5631 5633
5633 3 5632 5634 8463
5634 3 5633 5635 6410
5635 2 5634 5636
5636 5 2113 5635 5637 5786 7117
5637 3 5636 5638 5646
5638 2 5637 5639
5639 6 547 1959 2863 5638 5640 6288
5640 2 5639 5641
5641 5 3876 5640 5642 7640 8482
5642 3 3492 5641 5643
5643 5 2396 4175 5642 5644 6275
5644 5 2080 5643 5645 9432 9676
5645 3 5644 5646 5980
5646 6 413 4171 5637 5645 5647 6113
5647 3 5646 5648 8451
5648 2 5647 5649
5649 5 423 3208 5648 5650 5816
5650 5 2852 4850 5649 5651 6380
5651 3 5650 5652 7419
5652 3 1811 5651 5653
5653 6 3323 5652 5654 6024 7279 8126
5654 6 2091 2990 4412 5653 5655 8986
5655 3 2038 5654 5656
5656 5 381 5655 5657 6002 8834
5657 4 966 5656 5658 9872
5658 3 5657 5659 7466
5659 4 718 5658 5660 7109
5660 5 2062 4820 5659 5661 5683
5661 5 2987 3183 4440 5660 5662
5662 6 800 1158 4599 5661 5663 6616
5663 4 2581 5662 5664 9128
5664 3 5663 5665 7749
5665 2 5664 5666
5666 3 5665 5667 9639
5667 4 3909 5666 5668 8756
5668 2 5667 5669
5669 3 2924 5668 5670
5670 3 5669 5671 8017
5671 4 1822 5670 5672 8001
5672 5 1695 5671 5673 7819 8271
5673 4 1338 5672 5674 6980
5674 5 3708 3937 4960 5673 5675
5675 3 5674 5676 7274
5676 3 1248 5675 5677
5677 8 2350 2620 4051 4212 4935 5676 5678 8652
5678 4 4738 5677 5679 6146
5679 3 5678 5680 7711
5680 3 5679 5681 8118
5681 4 1772 3134 5680 5682
5682 4 2451 5319 5681 5683
5683 4 3850 5660 5682 5684
5684 5 2620 5533 5683 5685 9185
5685 2 5684 5686
5686 3 5122 5685 5687
5687 4 1836 5686 5688 8986
5688 2 5687 5689
5689 4 581 2932 5688 5690
5690 2 5689 5691
5691 5 255 4481 5690 5692 7536
5692 2 5691 5693
5693 6 454 3886 4930 5692 5694 8953
5694 3 160 5693 5695
5695 6 2951 5149 5694 5696 9399 9879
5696 6 182 2259 3942 5540 5695 5697
5697 3 696 5696 5698
5698 3 343 5697 5699
5699 4 3538 5698 5700 9550
5700 6 3369 5391 5699 5701 6532 7694
5701 3 2945 5700 5702
5702 5 1337 1366 5701 5703 7178
5703 2 5702 5704
5704 4 2778 5457 5703 5705
5705 3 5704 5706 6185
5706 5 2772 3379 5705 5707 6831
5707 5 2484 4259 5706 5708 8790
5708 4 5707 5709 7562 8762
5709 3 5708 5710 8545
5710 4 5709 5711 6284 6447
5711 2 5710 5712
5712 2 5711 5713
5713 4 5712 5714 8242 9950
5714 2 5713 5715
5715 3 3822 5714 5716
5716 3 2832 5715 5717
5717 3 4261 5716 5718
5718 5 3361 5717 5719 7897 8577
5719 3 2235 5718 5720
5720 2 5719 5721
5721 5 1346 4071 5720 5722 9549
5722 2 5721 5723
5723 6 1458 4361 5722 5724 6558 9094
5724 4 20 4869 5723 5725
5725 7 1344 2252 5724 5726 7155 7340 9998
5726 7 5115 5139 5499 5725 5727 6557 9432
5727 2 5726 5728
5728 3 5727 5729 8950
5729 4 5095 5124 5728 5730
5730 3 5729 5731 8660
5731 3 4945 5730 5732
5732 5 1358 5449 5731 5733 6390
5733 6 2125 3209 5732 5734 6132 7069
5734 5 5733 5735 7164 7730 9668
5735 4 52 5147 5734 5736
5736 3 3346 5735 5737
5737 5 3551 5736 5738 8613 8927
5738 4 5737 5739 7747 8396
5739 3 421 5738 5740
5740 3 5739 5741 8733
5741 3 4419 5740 5742
5742 5 243 1116 5741 5743 7793
5743 4 1677 5742 5744 6118
5744 2 5743 5745
5745 3 1716 5744 5746
5746 3 734 5745 5747
5747 6 655 4887 5746 5748 8116 9563
5748 2 5747 5749
5749 3 5444 5748 5750
5750 5 1385 4290 4859 5749 5751
5751 5 5750 5752 6670 8273 9483
5752 3 5200 5751 5753
5753 5 3577 4695 5752 5754 9696
5754 3 524 5753 5755
5755 6 1727 3322 4810 5754 5756 8105
5756 3 5755 5757 9683
5757 6 252 4983 5756 5758 8124 8288
5758 7 1709 3963 4673 5127 5757 5759 8705
5759 5 3808 4813 5758 5760 9846
5760 7 1495 1905 2226 3167 5044 5759 5761
5761 4 2299 5760 5762 6998
5762 3 4943 5761 5763
5763 4 914 5551 5762 5764
5764 2 5763 5765
5765 4 2695 5608 5764 5766
5766 4 833 4512 5765 5767
5767 2 5766 5768
5768 3 5767 5769 8481
5769 3 5768 5770 9048
5770 4 1905 5769 5771 6117
5771 2 5770 5772
5772 4 37 5771 5773 7608
5773 4 5772 5774 9297 9679
5774 3 5773 5775 6442
5775 2 5774 5776
5776 5 3651 4987 5775 5777 6230
5777 7 711 884 2434 4102 5776 5778 9298
5778 6 1312 5777 5779 7149 9106 9505
5779 4 4418 5778 5780 6537
5780 2 5779 5781
5781 4 2427 5780 5782 6179
5782 3 3672 5781 5783
5783 3 4513 5782 5784
5784 2 5783 5785
5785 3 154 5784 5786
5786 5 708 2198 5636 5785 5787
5787 5 2628 5786 5788 7468 9669
5788 3 5787 5789 7107
5789 3 3493 5788 5790
5790 6 3716 3907 4650 5789 5791 6934
5791 4 1552 5790 5792 6134
5792 4 506 3552 5791 5793
5793 4 1715 3743 5792 5794
5794 4 631 5793 5795 7864
5795 3 5794 5796 8407
5796 2 5795 5797
5797 5 78 5540 5796 5798 6543
5798 4 5069 5797 5799 6064
5799 6 1112 5798 5800 9534 9634 9678
5800 4 5799 5801 6050 8125
5801 6 1988 5800 5802 6532 7759 9006
5802 5 3824 5175 5801 5803 8716
5803 3 4825 5802 5804
5804 5 87 5803 5805 8117 9707
5805 3 2175 5804 5806
5806 5 1780 1803 4234 5805 5807
5807 3 5403 5806 5808
5808 3 1389 5807 5809
5809 3 5393 5808 5810
5810 4 138 5809 5811 6611
5811 4 2813 5810 5812 5852
5812 9 60 1153 1282 2573 5811 5813 6457 8125 9710
5813 2 5812 5814
5814 2 5813 5815
5815 3 281 5814 5816
5816 6 2862 4329 5562 5649 5815 5817
5817 5 2790 4902 5816 5818 5935
5818 3 4571 5817 5819
5819 3 5818 5820 9562
5820 4 5229 5819 5821 6881
5821 3 2955 5820 5822
5822 2 5821 5823
5823 6 4483 5553 5822 5824 8749 9015
5824 2 5823 5825
5825 4 1992 5824 5826 7142
5826 3 5825 5827 9192
5827 4 3603 5375 5826 5828
5828 2 5827 5829
5829 5 97 3943 5828 5830 8706
5830 4 267 1382 5829 5831
5831 6 178 3165 3763 4810 5830 5832
5832 4 5050 5831 5833 7850
5833 6 2660 5832 5834 6265 7196 9612
5834 4 4353 5833 5835 6523
5835 4 4949 5834 5836 9746
5836 5 2106 2788 5835 5837 8391
5837 2 5836 5838
5838 4 3130 4607 5837 5839
5839 3 4858 5838 5840
5840 7 2469 5839 5841 8039 8309 8608 8612
5841 3 5124 5840 5842
5842 5 890 1757 5841 5843 8511
5843 3 5842 5844 9643
5844 3 1701 5843 5845
5845 2 5844 5846
5846 5 572 1430 5845 5847 8728
5847 4 603 5846 5848 8630
5848 3 5847 5849 8219
5849 3 1009 5848 5850
5850 3 5849 5851 7537
5851 4 3010 3115 5850 5852
5852 3 5811 5851 5853
5853 5 4614 5852 5854 6057 9348
5854 3 5178 5853 5855
5855 5 1183 5854 5856 6990 7529
5856 6 1584 5855 5857 5951 6644 7055
5857 6 2208 5856 5858 6642 8346 9202
5858 3 5857 5859 8501
5859 2 5858 5860
5860 3 3305 5859 5861
5861 6 1230 2008 5402 5860 5862 8433
5862 5 2589 3332 4997 5861 5863
5863 6 645 5862 5864 6067 7727 9220
5864 5 3467 4870 5863 5865 8881
5865 5 1107 4562 4748 5864 5866
5866 5 1970 5865 5867 8609 8895
5867 7 713 3514 5866 5868 6744 8393 9366
5868 7 180 2140 2311 4519 4922 5867 5869
5869 5 4176 4498 5043 5868 5870
5870 5 5456 5869 5871 6182 8791
5871 3 5870 5872 8955
5872 8 1215 3922 4695 5536 5871 5873 6602 7932
5873 2 5872 5874
5874 4 3663 5028 5873 5875
5875 3 4457 5874 5876
5876 4 5875 5877 6966 8536
5877 3 5487 5876 5878
5878 4 3656 5877 5879 6059
5879 6 4601 5878 5880 8088 8575 9990
5880 2 5879 5881
5881 3 2847 5880 5882
5882 5 593 5881 5883 7057 9639
5883 5 177 5623 5882 5884 7293
5884 6 2457 2663 5883 5885 6603 9557
5885 5 553 3203 4485 5884 5886
5886 2 5885 5887
5887 3 761 5886 5888
5888 3 1901 5887 5889
5889 5 5888 5890 8090 8269 9232
5890 6 2518 4742 5889 5891 7061 8674
5891 5 3701 5890 5892 7815 8770
5892 7 3550 5175 5891 5893 7695 8087 9270
5893 5 952 1972 4100 5892 5894
5894 4 4567 5893 5895 7842
5895 6 27 622 4480 5894 5896 6719
5896 6 207 586 883 2489 5895 5897
5897 3 5896 5898 6984
5898 8 1501 2515 3405 3410 4467 5897 5899 9463
5899 5 779 986 5898 5900 9837
5900 4 4572 5899 5901 6749
5901 3 3413 5900 5902
5902 4 5901 5903 6434 9025
5903 3 5902 5904 8163
5904 5 1417 2286 4554 5903 5905
5905 6 2504 3782 5904 5906 9282 9472
5906 4 1057 5555 5905 5907
5907 5 865 1637 4245 5906 5908
5908 3 2604 5907 5909
5909 3 5908 5910 7540
5910 3 102 5909 5911
5911 3 3030 5910 5912
5912 3 747 5911 5913
5913 5 4342 5912 5914 8192 8674
5914 4 442 2475 5913 5915
5915 4 297 3110 5914 5916
5916 4 843 5384 5915 5917
5917 3 5916 5918 9103
5918 5 1953 3269 5917 5919 8466
5919 4 3025 4431 5918 5920
5920 2 5919 5921
5921 3 5920 5922 7873
5922 4 2697 4267 5921 5923
5923 2 5922 5924
5924 5 4724 5923 5925 8557 9401
5925 6 92 927 2580 5924 5926 9202
5926 4 5047 5925 5927 8231
5927 4 5926 5928 8083 8954
5928 3 3368 5927 5929
5929 2 5928 5930
5930 5 2495 2927 5929 5931 7171
5931 5 5930 5932 7570 8852 9542
5932 3 4398 5931 5933
5933 3 3465 5932 5934
5934 3 3735 5933 5935
5935 4 5817 5934 5936 7638
5936 3 2162 5935 5937
5937 5 1125 1201 3475 5936 5938
5938 4 163 4237 5937 5939
5939 3 5001 5938 5940
5940 2 5939 5941
5941 3 5940 5942 6226
5942 4 749 1867 5941 5943
5943 5 3116 3590 4412 5942 5944
5944 3 2302 5943 5945
5945 4 4281 5340 5944 5946
5946 3 4334 5945 5947
5947 5 1489 1818 5094 5946 5948
5948 3 5947 5949 7951
5949 4 5948 5950 7513 9186
5950 5 4748 5949 5951 7775 9821
5951 3 5856 5950 5952
5952 2 5951 5953
5953 3 5952 5954 6734
5954 6 316 5953 5955 6034 6837 9184
5955 7 863 1118 1523 5954 5956 6971 8304
5956 4 1733 5955 5957 8596
5957 4 1893 5956 5958 9371
5958 2 5957 5959
5959 5 5385 5573 5592 5958 5960
5960 3 5959 5961 9354
5961 5 2216 3613 5960 5962 7007
5962 4 256 1385 5961 5963
5963 4 5962 5964 6315 8489
5964 4 1656 5319 5963 5965
5965 5 2643 3320 5964 5966 9511
5966 3 2416 5965 5967
5967 3 5966 5968 6403
5968 7 1972 3507 4692 5967 5969 7490 7930
5969 5 1179 3028 5968 5970 6314
5970 6 2017 4818 5969 5971 9347 9833
5971 5 4506 5239 5970 5972 8862
5972 3 940 5971 5973
5973 6 287 832 4692 5254 5972 5974
5974 2 5973 5975
5975 5 5974 5976 7072 7146 9678
5976 3 5601 5975 5977
5977 3 5976 5978 6122
5978 4 3158 5977 5979 7261
5979 4 3736 5978 5980 8882
5980 4 5645 5979 5981 9445
5981 4 5049 5980 5982 8491
5982 3 2792 5981 5983
5983 3 5982 5984 9270
5984 2 5983 5985
5985 3 5984 5986 6938
5986 4 483 5985 5987 6793
5987 3 5986 5988 8473
5988 2 5987 5989
5989 5 5988 5990 7620 7896 8009
5990 4 3874 5989 5991 7483
5991 2 5990 5992
5992 5 2029 5496 5991 5993 7063
5993 2 5992 5994
5994 3 5993 5995 8048
5995 6 3280 5008 5994 5996 7278 7370
5996 2 5995 5997
5997 2 5996 5998
5998 6 4084 4899 5997 5999 7031 8566
5999 3 5998 6000 8148
6000 2 5999 6001
6001 5 2536 3764 4778 6000 6002
6002 3 5656 6001 6003
6003 6 2068 2257 2916 6002 6004 8238
6004 3 2435 6003 6005
6005 6 817 3601 4205 6004 6006 8298
6006 4 4022 4529 6005 6007
6007 4 502 6006 6008 9689
6008 5 1698 4527 5484 6007 6009
6009 3 6008 6010 8695
6010 4 1197 6009 6011 9286
6011 7 2990 6010 6012 7141 7307 8056 8186
6012 5 1681 6011 6013 6638 6951
6013 4 536 1844 6012 6014
6014 4 887 3391 6013 6015
6015 3 1962 6014 6016
6016 3 3037 6015 6017
6017 3 1242 6016 6018
6018 5 534 6017 6019 8719 9395
6019 5 656 3462 3765 6018 6020
6020 6 157 1269 2500 6019 6021 6246
6021 5 2832 4347 6020 6022 8750
6022 3 4686 6021 6023
6023 3 6022 6024 8442
6024 4 5530 5653 6023 6025
6025 4 2756 3526 6024 6026
6026 6 1309 3070 4490 5512 6025 6027
6027 4 2150 6026 6028 7871
6028 6 633 3042 6027 6029 7706 9183
6029 3 6028 6030 6828
6030 4 4965 6029 6031 6751
6031 2 6030 6032
6032 3 6031 6033 6700
6033 4 3408 6032 6034 8990
6034 5 1538 4170 5954 6033 6035
6035 3 4686 6034 6036
6036 2 6035 6037
6037 4 4014 6036 6038 9738
6038 5 1085 3028 6037 6039 8133
6039 3 3192 6038 6040
6040 4 726 5179 6039 6041
6041 4 1084 3220 6040 6042
6042 3 6041 6043 7908
6043 4 6042 6044 6195 9710
6044 5 3026 3303 6043 6045 6297
6045 3 6044 6046 7092
6046 5 4055 6045 6047 7133 9657
6047 2 6046 6048
6048 3 6047 6049 8120
6049 5 1912 3217 3370 6048 6050
6050 5 3376 4784 5800 6049 6051
6051 5 1264 6050 6052 9737 9845
6052 3 2763 6051 6053
6053 2 6052 6054
6054 3 3077 6053 6055
6055 3 6054 6056 6606
6056 2 6055 6057
6057 4 5387 5853 6056 6058
6058 4 3372 6057 6059 7033
6059 5 1218 3202 5878 6058 6060
6060 5 408 4552 6059 6061 6601
6061 5 1704 6060 6062 6194 8188
6062 4 6061 6063 6378 9608
6063 4 6062 6064 9100 9244
6064 3 5798 6063 6065
6065 3 6064 6066 9731
6066 3 2465 6065 6067
6067 6 2773 3154 5863 6066 6068 7119
6068 3 6067 6069 8742
6069 3 6068 6070 7923
6070 5 215 4300 4323 6069 6071
6071 7 524 1154 2221 6070 6072 8068 9352
6072 3 2036 6071 6073
6073 3 6072 6074 6914
6074 3 6073 6075 7124
6075 5 2897 6074 6076 6274 9173
6076 3 6075 6077 9756
6077 2 6076 6078
6078 2 6077 6079
6079 3 3370 6078 6080
6080 2 6079 6081
6081 4 826 2932 6080 6082
6082 7 309 2705 2952 6081 6083 7630 9694
6083 4 736 3539 6082 6084
6084 3 4599 6083 6085
6085 2 6084 6086
6086 2 6085 6087
6087 7 850 1203 2381 4301 6086 6088 7985
6088 3 6087 6089 7896
6089 5 1937 4133 5376 6088 6090
6090 4 278 6089 6091 8008
6091 4 6090 6092 8678 9109
6092 2 6091 6093
6093 6 142 2530 4331 6092 6094 7247
6094 5 962 3696 5380 6093 6095
6095 4 2146 3950 6094 6096
6096 4 4209 6095 6097 9744
6097 3 6096 6098 6280
6098 4 1877 6097 6099 7749
6099 3 6098 6100 9824
6100 3 4044 6099 6101
6101 2 6100 6102
6102 4 6101 6103 7063 9123
6103 2 6102 6104
6104 5 1776 3309 6103 6105 6499
6105 4 487 1729 6104 6106
6106 4 411 6105 6107 8315
6107 4 3567 6106 6108 6479
6108 3 5456 6107 6109
6109 2 6108 6110
6110 4 1179 4114 6109 6111
6111 3 2966 6110 6112
6112 4 3102 5241 6111 6113
6113 4 5646 6112 6114 7134
6114 3 6113 6115 7954
6115 5 3897 4194 6114 6116 6880
6116 5 4529 4825 6115 6117 7757
6117 4 5595 5770 6116 6118
6118 5 4549 5743 6117 6119 9596
6119 5 4355 4593 5132 6118 6120
6120 5 2133 4930 5277 6119 6121
6121 5 1544 6120 6122 6616 7098
6122 4 5977 6121 6123 9843
6123 3 3386 6122 6124
6124 3 929 6123 6125
6125 6 6124 6126 6221 7366 8081 8488
6126 5 246 2815 6125 6127 8136
6127 4 1151 6126 6128 6747
6128 3 309 6127 6129
6129 4 361 6128 6130 8387
6130 3 5252 6129 6131
6131 3 2489 6130 6132
6132 5 2527 4313 5733 6131 6133
6133 4 1924 6132 6134 7200
6134 5 3272 5791 6133 6135 7418
6135 4 3202 6134 6136 8570
6136 4 4834 6135 6137 9269
6137 4 4960 6136 6138 6775
6138 2 6137 6139
6139 3 6138 6140 8448
6140 2 6139 6141
6141 2 6140 6142
6142 5 3987 6141 6143 8811 8896
6143 4 1626 3293 6142 6144
6144 3 6143 6145 9189
6145 6 1509 2049 2424 3727 6144 6146
6146 4 5678 6145 6147 6814
6147 6 3511 6146 6148 6631 7917 8285
6148 2 6147 6149
6149 4 5096 6148 6150 6800
6150 4 1735 6149 6151 6693
6151 5 3200 4945 6150 6152 9922
6152 6 833 1491 2275 3052 6151 6153
6153 3 6152 6154 8978
6154 3 6153 6155 7194
6155 3 6154 6156 9657
6156 4 2726 6155 6157 7716
6157 4 2209 3215 6156 6158
6158 5 3330 6157 6159 7956 7978
6159 3 1891 6158 6160
6160 7 2401 3041 6159 6161 6923 7634 9971
6161 9 1062 1340 1957 5113 6160 6162 7574 9013 9771
6162 4 4679 5369 6161 6163
6163 4 6162 6164 6591 6773
6164 6 440 1471 2656 6163 6165 7459
6165 3 1291 6164 6166
6166 5 6165 6167 6313 7277 8703
6167 3 2877 6166 6168
6168 2 6167 6169
6169 4 684 5491 6168 6170
6170 6 51 5390 6169 6171 8174 9331
6171 7 3602 3984 5414 6170 6172 6242 8453
6172 3 6171 6173 6361
6173 4 888 5533 6172 6174
6174 3 3476 6173 6175
6175 2 6174 6176
6176 3 4248 6175 6177
6177 5 3593 3634 4937 6176 6178
6178 2 6177 6179
6179 7 1283 1711 5781 6178 6180 6660 9045
6180 4 3762 6179 6181 9804
6181 5 962 2782 3410 6180 6182
6182 3 5870 6181 6183
6183 3 2742 6182 6184
6184 3 6183 6185 7105
6185 6 339 5140 5705 6184 6186 7747
6186 4 1658 6185 6187 8318
6187 3 4193 6186 6188
6188 4 6187 6189 7845 8368
6189 4 4546 5164 6188 6190
6190 3 6189 6191 9175
6191 4 1491 6190 6192 8913
6192 3 3264 6191 6193
6193 5 1548 3411 6192 6194 8152
6194 6 2436 6061 6193 6195 7719 9722
6195 4 6043 6194 6196 9922
6196 3 515 6195 6197
6197 2 6196 6198
6198 4 6197 6199 9045 9662
6199 3 1842 6198 6200
6200 5 1374 3391 4058 6199 6201
6201 3 6200 6202 9732
6202 5 563 4087 4512 6201 6203
6203 3 6202 6204 8688
6204 2 6203 6205
6205 7 4520 6204 6206 6519 7222 7538 9285
6206 5 377 4858 6205 6207 8089
6207 4 1087 6206 6208 8334
6208 5 2191 4940 6207 6209 8717
6209 4 4431 6208 6210 8598
6210 3 6209 6211 9876
6211 4 6210 6212 7625 9725
6212 2 6211 6213
6213 3 910 6212 6214
6214 3 326 6213 6215
6215 5 284 2851 4159 6214 6216
6216 2 6215 6217
6217 3 748 6216 6218
6218 2 6217 6219
6219 3 3620 6218 6220
6220 5 457 6219 6221 7770 8830
6221 3 6125 6220 6222
6222 5 1644 2409 6221 6223 9779
6223 2 6222 6224
6224 4 2327 2934 6223 6225
6225 3 1516 6224 6226
6226 6 2077 4005 5408 5941 6225 6227
6227 5 3007 3135 5539 6226 6228
6228 5 897 4068 5280 6227 6229
6229 3 6228 6230 6625
6230 3 5776 6229 6231
6231 4 6230 6232 8184 9005
6232 3 6231 6233 8643
6233 2 6232 6234
6234 4 2069 4693 6233 6235
6235 3 6234 6236 9391
6236 4 6235 6237 7819 8629
6237 4 4707 6236 6238 6762
6238 4 3624 6237 6239 7802
6239 2 6238 6240
6240 4 2977 6239 6241 7464
6241 2 6240 6242
6242 4 3262 6171 6241 6243
6243 3 3090 6242 6244
6244 2 6243 6245
6245 3 6244 6246 6672
6246 6 2842 4483 6020 6245 6247 7272
6247 2 6246 6248
6248 5 1941 3183 6247 6249 6870
6249 4 3236 5145 6248 6250
6250 6 1768 2218 3673 6249 6251 6695
6251 7 537 3052 6250 6252 7279 7360 8740
6252 3 5382 6251 6253
6253 3 1530 6252 6254
6254 3 2341 6253 6255
6255 2 6254 6256
6256 3 3477 6255 6257
6257 4 1312 6256 6258 6812
6258 3 1733 6257 6259
6259 6 4448 6258 6260 8270 8583 9638
6260 3 6259 6261 7023
6261 3 2090 6260 6262
6262 4 310 600 6261 6263
6263 3 6262 6264 7871
6264 3 4239 6263 6265
6265 6 3401 5833 6264 6266 8142 9817
6266 2 6265 6267
6267 2 6266 6268
6268 2 6267 6269
6269 4 233 5545 6268 6270
6270 3 6269 6271 6714
6271 6 166 564 1609 4705 6270 6272
6272 6 4015 5286 6271 6273 6759 8774
6273 4 6272 6274 6882 9737
6274 5 6075 6273 6275 8274 8590
6275 3 5643 6274 6276
6276 3 6275 6277 9050
6277 3 3320 6276 6278
6278 5 949 6277 6279 6587 8095
6279 5 180 1891 2481 6278 6280
6280 4 2753 6097 6279 6281
6281 5 382 6280 6282 8143 9938
6282 4 4470 5430 6281 6283
6283 4 1733 6282 6284 7759
6284 3 5710 6283 6285
6285 3 6284 6286 9709
6286 4 4937 6285 6287 9995
6287 2 6286 6288
6288 4 5639 6287 6289 7313
6289 4 4274 6288 6290 6613
6290 3 6289 6291 6357
6291 7 2048 3655 4058 6290 6292 6452 8769
6292 6 2407 3286 6291 6293 6449 7922
6293 5 1028 6292 6294 9184 9922
6294 2 6293 6295
6295 2 6294 6296
6296 6 137 174 5462 6295 6297 7699
6297 5 2371 2542 6044 6296 6298
6298 5 148 5109 6297 6299 9729
6299 5 3982 4259 6298 6300 8138
6300 3 727 6299 6301
6301 3 4421 6300 6302
6302 4 6301 6303 6512 7385
6303 4 4974 6302 6304 7516
6304 2 6303 6305
6305 4 6304 6306 6411 7591
6306 6 930 1758 2883 4755 6305 6307
6307 3 4615 6306 6308
6308 2 6307 6309
6309 6 6308 6310 8048 8313 9000 9599
6310 4 3584 6309 6311 6633
6311 4 3123 6310 6312 8701
6312 2 6311 6313
6313 5 3392 6166 6312 6314 7857
6314 5 2514 5969 6313 6315 9215
6315 6 773 5328 5963 6314 6316 8782
6316 3 4613 6315 6317
6317 3 2280 6316 6318
6318 2 6317 6319
6319 3 6318 6320 8843
6320 5 4159 4293 6319 6321 6998
6321 4 3210 6320 6322 9225
6322 2 6321 6323
6323 5 1438 2415 2584 6322 6324
6324 3 6323 6325 8889
6325 2 6324 6326
6326 4 4370 6325 6327 7112
6327 3 2293 6326 6328
6328 3 1328 6327 6329
6329 2 6328 6330
6330 5 3248 3267 4360 6329 6331
6331 3 5520 6330 6332
6332 7 234 4375 6331 6333 6409 9493 9796
6333 7 2125 2934 6332 6334 7568 8739 9599
6334 4 2178 6333 6335 9981
6335 5 1453 1482 6334 6336 9686
6336 2 6335 6337
6337 4 5482 5488 6336 6338
6338 3 4491 6337 6339
6339 3 3331 6338 6340
6340 4 4007 5180 6339 6341
6341 2 6340 6342
6342 4 18 3088 6341 6343
6343 5 3579 6342 6344 7793 9581
6344 4 6343 6345 7955 9483
6345 2 6344 6346
6346 5 1878 2322 5082 6345 6347
6347 2 6346 6348
6348 2 6347 6349
6349 2 6348 6350
6350 5 344 3144 4056 6349 6351
6351 4 1077 6350 6352 7300
6352 2 6351 6353
6353 3 3158 6352 6354
6354 2 6353 6355
6355 5 1413 6354 6356 8361 8764
6356 6 1368 3162 6355 6357 6918 8023
6357 3 6290 6356 6358
6358 3 5366 6357 6359
6359 5 3270 6358 6360 7906 8858
6360 4 2938 3872 6359 6361
6361 5 1659 3594 6172 6360 6362
6362 6 1593 3578 5387 6361 6363 9933
6363 3 6362 6364 7365
6364 4 6363 6365 8017 8565
6365 3 6364 6366 8954
6366 5 1250 3814 6365 6367 6417
6367 2 6366 6368
6368 2 6367 6369
6369 5 2753 3219 6368 6370 9957
6370 7 2448 3308 6369 6371 7477 7512 9547
6371 5 388 6370 6372 7585 9247
6372 4 858 6371 6373 7263
6373 3 6372 6374 8580
6374 3 2262 6373 6375
6375 5 830 2996 3105 6374 6376
6376 2 6375 6377
6377 4 1018 1849 6376 6378
6378 5 31 6062 6377 6379 7021
6379 5 495 1863 6378 6380 7228
6380 4 5650 6379 6381 7995
6381 6 287 4085 6380 6382 7378 8244
6382 6 2322 5088 6381 6383 7244 9533
6383 4 6382 6384 7910 8334
6384 5 418 4882 5115 6383 6385
6385 3 2741 6384 6386
6386 3 6385 6387 9936
6387 2 6386 6388
6388 3 127 6387 6389
6389 2 6388 6390
6390 4 5732 6389 6391 8338
6391 3 6390 6392 9511
6392 2 6391 6393
6393 4 2799 6392 6394 7839
6394 3 1640 6393 6395
6395 4 6394 6396 7264 8785
6396 3 2593 6395 6397
6397 2 6396 6398
6398 6 709 6397 6399 6459 7183 8163
6399 4 311 6398 6400 9196
6400 2 6399 6401
6401 2 6400 6402
6402 5 4930 6401 6403 9664 9836
6403 4 5182 5967 6402 6404
6404 2 6403 6405
6405 5 2999 4228 4499 6404 6406
6406 4 3766 6405 6407 7031
6407 2 6406 6408
6408 4 3583 5271 6407 6409
6409 7 1176 1643 2134 6332 6408 6410 7553
6410 5 173 5272 5634 6409 6411
6411 5 6305 6410 6412 7882 8493
6412 4 1922 4348 6411 6413
6413 5 14 4551 4851 6412 6414
6414 3 6413 6415 8727
6415 3 6414 6416 8469
6416 4 1034 6415 6417 9668
6417 6 1863 6366 6416 6418 6602 9309
6418 4 1842 4544 6417 6419
6419 2 6418 6420
6420 4 3034 6419 6421 9506
6421 4 2911 4424 6420 6422
6422 4 947 3071 6421 6423
6423 5 1407 5126 6422 6424 8763
6424 5 1998 2175 6423 6425 8250
6425 2 6424 6426
6426 5 4431 4731 6425 6427 8737
6427 5 767 2839 6426 6428 8830
6428 3 593 6427 6429
6429 5 1643 4975 6428 6430 7367
6430 3 3602 6429 6431
6431 5 6430 6432 7615 8823 9182
6432 4 6431 6433 8384 9701
6433 4 1858 2295 6432 6434
6434 4 5902 6433 6435 7051
6435 4 1118 6434 6436 6628
6436 3 2716 6435 6437
6437 3 6436 6438 7295
6438 3 2754 6437 6439
6439 6 2503 3726 4676 6438 6440 7891
6440 3 4102 6439 6441
6441 2 6440 6442
6442 3 5774 6441 6443
6443 2 6442 6444
6444 4 5101 6443 6445 6631
6445 4 2021 2458 6444 6446
6446 3 4639 6445 6447
6447 3 5710 6446 6448
6448 3 967 6447 6449
6449 4 1654 6292 6448 6450
6450 4 530 5007 6449 6451
6451 6 2044 3327 4507 6450 6452 7710
6452 4 6291 6451 6453 8848
6453 3 2759 6452 6454
6454 5 6453 6455 7315 8247 8363
6455 3 1641 6454 6456
6456 3 747 6455 6457
6457 4 5812 6456 6458 6561
6458 4 4244 6457 6459 9654
6459 4 4079 6398 6458 6460
6460 4 1460 6459 6461 7144
6461 5 2200 3803 5227 6460 6462
6462 2 6461 6463
6463 4 6462 6464 6767 7640
6464 4 3680 6463 6465 8741
6465 4 2513 3291 6464 6466
6466 2 6465 6467
6467 4 2046 4541 6466 6468
6468 5 1495 2635 6467 6469 9651
6469 7 1525 1732 2228 5091 6468 6470 6729
6470 3 6469 6471 9343
6471 3 6470 6472 9013
6472 2 6471 6473
6473 3 6472 6474 9831
6474 9 641 787 1001 2991 4188 5367 6473 6475 9771
6475 5 1074 2937 6474 6476 8732
6476 6 708 1404 1952 2987 6475 6477
6477 4 6476 6478 6775 7862
6478 5 452 1561 6477 6479 9099
6479 3 6107 6478 6480
6480 2 6479 6481
6481 4 1496 6480 6482 7795
6482 4 100 887 6481 6483
6483 4 2612 6482 6484 7248
6484 3 6483 6485 9594
6485 2 6484 6486
6486 4 930 5286 6485 6487
6487 2 6486 6488
6488 3 2224 6487 6489
6489 3 4129 6488 6490
6490 3 1955 6489 6491
6491 5 3281 4070 4567 6490 6492
6492 4 3434 6491 6493 7144
6493 3 1173 6492 6494
6494 4 5456 5516 6493 6495
6495 4 12 3453 6494 6496
6496 3 6495 6497 9890
6497 4 1298 5041 6496 6498
6498 3 6497 6499 8035
6499 8 2990 3804 4720 6104 6498 6500 9097 9419
6500 5 367 4572 6499 6501 7013
6501 3 1086 6500 6502
6502 6 1180 1257 2765 4322 6501 6503
6503 4 329 3244 6502 6504
6504 5 1717 6503 6505 7719 9912
6505 7 688 3630 3649 3749 4928 6504 6506
6506 5 6505 6507 7271 8603 9771
6507 5 6506 6508 6621 6817 9243
6508 3 6507 6509 9497
6509 3 1737 6508 6510
6510 2 6509 6511
6511 4 28 1052 6510 6512
6512 5 3446 4710 6302 6511 6513
6513 2 6512 6514
6514 3 6513 6515 8246
6515 3 6514 6516 7185
6516 4 1236 4793 6515 6517
6517 2 6516 6518
6518 4 317 6517 6519 6615
6519 6 3339 5040 6205 6518 6520 6869
6520 3 6519 6521 8209
6521 2 6520 6522
6522 3 1054 6521 6523
6523 5 5309 5834 6522 6524 9765
6524 5 5066 6523 6525 7745 9941
6525 4 6524 6526 7467 9053
6526 4 87 3885 6525 6527
6527 4 1387 6526 6528 8416
6528 2 6527 6529
6529 4 1551 6528 6530 9085
6530 2 6529 6531
6531 2 6530 6532
6532 6 627 5505 5700 5801 6531 6533
6533 2 6532 6534
6534 5 3247 3331 5514 6533 6535
6535 3 3932 6534 6536
6536 3 55 6535 6537
6537 5 1017 5779 6536 6538 9599
6538 3 6537 6539 8462
6539 2 6538 6540
6540 2 6539 6541
6541 3 6540 6542 7721
6542 7 484 4954 6541 6543 8628 9387 9830
6543 3 5797 6542 6544
6544 4 6543 6545 8725 9511
6545 4 389 665 6544 6546
6546 5 3390 4683 6545 6547 7117
6547 3 403 6546 6548
6548 9 3094 3936 4012 4574 4941 6547 6549 7795 9176
6549 4 1494 5405 6548 6550
6550 3 776 6549 6551
6551 6 3167 5347 6550 6552 7476 7692
6552 2 6551 6553
6553 3 2502 6552 6554
6554 3 43 6553 6555
6555 3 1646 6554 6556
6556 2 6555 6557
6557 4 4134 5726 6556 6558
6558 4 913 5723 6557 6559
6559 4 3111 5296 6558 6560
6560 5 370 3247 3693 6559 6561
6561 6 189 2378 6457 6560 6562 9326
6562 3 466 6561 6563
6563 3 2209 6562 6564
6564 3 6563 6565 8888
6565 4 2475 6564 6566 8752
6566 3 408 6565 6567
6567 3 1314 6566 6568
6568 3 544 6567 6569
6569 4 1087 1177 6568 6570
6570 4 2445 6569 6571 9731
6571 3 6570 6572 7358
6572 3 6571 6573 9120
6573 4 5475 6572 6574 8279
6574 2 6573 6575
6575 5 6574 6576 7119 9161 9389
6576 3 6575 6577 9856
6577 5 68 4465 6576 6578 9896
6578 7 264 377 1797 4974 6577 6579 9333
6579 3 2728 6578 6580
6580 2 6579 6581
6581 4 4372 6580 6582 8877
6582 3 6581 6583 7594
6583 5 4852 5377 6582 6584 8217
6584 4 890 6583 6585 7169
6585 6 1886 2585 6584 6586 7760 9506
6586 5 364 6585 6587 7532 8812
6587 5 872 4755 6278 6586 6588
6588 3 1366 6587 6589
6589 5 59 5069 5104 6588 6590
6590 2 6589 6591
6591 7 413 2073 5615 6163 6590 6592 8656
6592 4 5425 6591 6593 9490
6593 6 189 3633 4746 6592 6594 9304
6594 2 6593 6595
6595 3 840 6594 6596
6596 2 6595 6597
6597 5 2172 6596 6598 9685 9891
6598 4 4122 6597 6599 7521
6599 6 1524 4856 5049 6598 6600 8634
6600 4 1524 6599 6601 9059
6601 4 4383 6060 6600 6602
6602 6 3818 5872 6417 6601 6603 7720
6603 5 2718 5884 6602 6604 7845
6604 4 2422 6603 6605 7586
6605 3 6604 6606 7216
6606 6 2377 4884 4986 6055 6605 6607
6607 4 2922 6606 6608 9439
6608 4 4912 6607 6609 8224
6609 5 2321 2578 4949 6608 6610
6610 4 1645 4583 6609 6611
6611 4 4152 5810 6610 6612
6612 2 6611 6613
6613 8 689 1594 4643 6289 6612 6614 6892 7547
6614 3 4529 6613 6615
6615 4 6518 6614 6616 6736
6616 6 2995 4468 5662 6121 6615 6617
6617 5 343 663 6616 6618 8182
6618 3 3652 6617 6619
6619 3 2706 6618 6620
6620 2 6619 6621
6621 3 6507 6620 6622
6622 3 6621 6623 9989
6623 4 4468 6622 6624 8253
6624 5 996 3242 6623 6625 7294
6625 5 1326 5003 6229 6624 6626
6626 4 1862 6625 6627 8504
6627 4 2998 4790 6626 6628
6628 4 547 6435 6627 6629
6629 6 1058 5276 5572 6628 6630 8681
6630 5 3297 6629 6631 6784 9522
6631 6 2700 5201 6147 6444 6630 6632
6632 4 6631 6633 6935 8578
6633 4 6310 6632 6634 7434
6634 6 1293 1401 3411 6633 6635 9175
6635 3 1415 6634 6636
6636 2 6635 6637
6637 8 2275 3717 6636 6638 7144 7934 9434 9870
6638 7 1081 4562 6012 6637 6639 7999 8383
6639 2 6638 6640
6640 4 6639 6641 7186 8854
6641 4 827 1592 6640 6642
6642 6 3006 4628 5857 6641 6643 8306
6643 5 2866 4151 6642 6644 9834
6644 5 607 2075 5856 6643 6645
6645 3 6644 6646 8267
6646 3 2814 6645 6647
6647 6 1810 2920 4602 6646 6648 7801
6648 2 6647 6649
6649 2 6648 6650
6650 5 2042 3567 3989 6649 6651
6651 3 6650 6652 9531
6652 4 1318 6651 6653 7867
6653 4 4167 4822 6652 6654
6654 4 3065 3809 6653 6655
6655 4 646 6654 6656 9190
6656 6 3983 4242 6655 6657 6797 9836
6657 4 3178 6656 6658 6791
6658 5 1349 4459 4544 6657 6659
6659 3 6658 6660 9288
6660 4 2949 6179 6659 6661
6661 2 6660 6662
6662 4 4964 6661 6663 9677
6663 4 4508 6662 6664 9087
6664 2 6663 6665
6665 4 6664 6666 8223 9856
6666 4 242 679 6665 6667
6667 2 6666 6668
6668 3 6667 6669 9611
6669 3 6668 6670 7006
6670 6 653 5278 5751 6669 6671 8322
6671 3 2644 6670 6672
6672 3 6245 6671 6673
6673 3 6672 6674 7552
6674 3 6673 6675 7182
6675 2 6674 6676
6676 6 1565 2742 6675 6677 7748 7896
6677 4 2227 4311 6676 6678
6678 4 1467 2859 6677 6679
6679 3 6678 6680 7525
6680 4 5446 6679 6681 7122
6681 5 466 6680 6682 9495 9878
6682 8 4134 5239 5372 5586 6681 6683 7405 9372
6683 2 6682 6684
6684 4 30 4290 6683 6685
6685 5 75 1094 6684 6686 9754
6686 5 2055 3149 6685 6687 7308
6687 6 209 923 3888 6686 6688 7685
6688 3 435 6687 6689
6689 5 676 1826 6688 6690 6891
6690 4 338 695 6689 6691
6691 3 1873 6690 6692
6692 6 2893 3868 5100 6691 6693 9127
6693 4 2444 6150 6692 6694
6694 3 532 6693 6695
6695 5 6250 6694 6696 7591 7846
6696 3 3471 6695 6697
6697 3 3310 6696 6698
6698 5 147 879 2624 6697 6699
6699 2 6698 6700
6700 5 5573 6032 6699 6701 8024
6701 4 1553 4415 6700 6702
6702 4 6701 6703 7467 9607
6703 2 6702 6704
6704 4 6703 6705 7477 7626
6705 4 2095 6704 6706 9196
6706 5 2339 6705 6707 7659 7765
6707 4 6706 6708 7883 8939
6708 5 203 4001 6707 6709 7176
6709 7 290 3831 4616 6708 6710 8020 8677
6710 3 6709 6711 9928
6711 4 6710 6712 6875 9099
6712 5 4120 4969 6711 6713 7837
6713 2 6712 6714
6714 6 4905 5521 6270 6713 6715 7954
6715 5 3079 3300 4861 6714 6716
6716 4 6715 6717 9600 9820
6717 3 60 6716 6718
6718 3 6717 6719 7610
6719 5 2811 3948 5895 6718 6720
6720 3 5514 6719 6721
6721 4 1048 4054 6720 6722
6722 4 5488 6721 6723 9229
6723 4 4082 6722 6724 8637
6724 4 1528 2404 6723 6725
6725 4 3421 6724 6726 7794
6726 2 6725 6727
6727 9 94 1695 2058 2997 3430 5393 6726 6728 7687
6728 4 2865 4684 6727 6729
6729 4 2612 6469 6728 6730
6730 2 6729 6731
6731 5 3582 6730 6732 7203 9090
6732 3 6731 6733 9161
6733 3 2325 6732 6734
6734 6 1858 2189 5446 5953 6733 6735
6735 6 1695 2199 4140 6734 6736 7060
6736 4 489 6615 6735 6737
6737 4 2181 6736 6738 7629
6738 3 2097 6737 6739
6739 4 6738 6740 7162 8187
6740 3 6739 6741 9748
6741 4 1800 4684 6740 6742
6742 4 6741 6743 8422 8456
6743 5 672 2189 3187 6742 6744
6744 6 1747 2060 5447 5867 6743 6745
6745 4 4902 6744 6746 8020
6746 2 6745 6747
6747 5 672 2615 6127 6746 6748
6748 4 2151 6747 6749 8430
6749 5 1062 3026 5900 6748 6750
6750 3 6749 6751 7558
6751 4 4394 6030 6750 6752
6752 3 6751 6753 7826
6753 3 5548 6752 6754
6754 4 908 5192 6753 6755
6755 5 2015 2638 6754 6756 9285
6756 5 2014 3547 5351 6755 6757
6757 5 6756 6758 9052 9466 9860
6758 4 10 2206 6757 6759
6759 8 525 756 6272 6758 6760 7657 9116 9146
6760 3 698 6759 6761
6761 2 6760 6762
6762 5 4837 6237 6761 6763 8265
6763 5 6762 6764 7160 7427 9615
6764 3 3250 6763 6765
6765 4 6764 6766 8418 9115
6766 3 3050 6765 6767
6767 5 3823 6463 6766 6768 9532
6768 4 335 877 6767 6769
6769 5 854 1797 6768 6770 8305
6770 2 6769 6771
6771 4 6770 6772 8622 9898
6772 4 190 6771 6773 6825
6773 3 6163 6772 6774
6774 7 696 2156 3094 6773 6775 8177 9252
6775 5 6137 6477 6774 6776 8308
6776 2 6775 6777
6777 4 2830 3097 6776 6778
6778 5 358 569 6777 6779 8389
6779 4 2075 5586 6778 6780
6780 4 6779 6781 9104 9920
6781 4 6780 6782 8835 9005
6782 5 700 2207 6781 6783 8806
6783 4 1803 4498 6782 6784
6784 4 871 6630 6783 6785
6785 4 6784 6786 6796 9117
6786 5 92 1304 2429 6785 6787
6787 4 4023 4395 6786 6788
6788 2 6787 6789
6789 3 4464 6788 6790
6790 4 6789 6791 8036 9021
6791 3 6657 6790 6792
6792 4 6791 6793 8585 9094
6793 5 2659 5986 6792 6794 8053
6794 3 1849 6793 6795
6795 4 3494 6794 6796 7686
6796 3 6785 6795 6797
6797 6 97 4231 5289 6656 6796 6798
6798 3 314 6797 6799
6799 7 4823 5175 6798 6800 7794 7882 9920
6800 5 3439 6149 6799 6801 7115
6801 5 1175 3187 3245 6800 6802
6802 5 1939 3061 4626 6801 6803
6803 4 6802 6804 6908 9206
6804 4 4328 6803 6805 8050
6805 5 6804 6806 7674 7694 8932
6806 3 6805 6807 6868
6807 3 2768 6806 6808
6808 3 6807 6809 9770
6809 3 2380 6808 6810
6810 6 986 1529 6809 6811 8150 8203
6811 5 2394 3997 6810 6812 7333
6812 4 2123 6257 6811 6813
6813 5 1122 1709 2481 6812 6814
6814 9 761 2772 6146 6813 6815 8178 8222 8536 9225
6815 3 4845 6814 6816
6816 4 1010 3903 6815 6817
6817 4 6507 6816 6818 8364
6818 3 1372 6817 6819
6819 3 3130 6818 6820
6820 4 1110 6819 6821 8601
6821 3 6820 6822 9152
6822 3 4286 6821 6823
6823 5 1337 2064 2354 6822 6824
6824 3 6823 6825 6857
6825 3 6772 6824 6826
6826 5 275 6825 6827 7276 7894
6827 2 6826 6828
6828 4 6029 6827 6829 9660
6829 4 1020 4888 6828 6830
6830 3 3445 6829 6831
6831 4 3344 5706 6830 6832
6832 4 6831 6833 6976 9492
6833 5 1931 4105 6832 6834 8745
6834 2 6833 6835
6835 5 378 1796 6834 6836 7114
6836 6 90 5522 6835 6837 6919 8157
6837 5 2570 5954 6836 6838 6982
6838 4 2595 6837 6839 7428
6839 4 3211 6838 6840 6849
6840 5 741 6839 6841 6966 8664
6841 6 2206 2694 6840 6842 8366 8919
6842 7 1056 1106 3136 3622 4412 6841 6843
6843 5 321 1290 6842 6844 8703
6844 4 1354 6843 6845 6957
6845 4 2699 6844 6846 7263
6846 3 5381 6845 6847
6847 3 4374 6846 6848
6848 2 6847 6849
6849 3 6839 6848 6850
6850 3 4131 6849 6851
6851 3 6850 6852 9847
6852 3 1107 6851 6853
6853 4 3143 6852 6854 9413
6854 4 634 6853 6855 9777
6855 3 5596 6854 6856
6856 4 2318 4788 6855 6857
6857 7 4029 5199 6824 6856 6858 9501 9976
6858 5 3608 4927 6857 6859 9255
6859 2 6858 6860
6860 3 2092 6859 6861
6861 5 4811 6860 6862 9809 9898
6862 2 6861 6863
6863 3 3962 6862 6864
6864 4 1418 6863 6865 9200
6865 2 6864 6866
6866 2 6865 6867
6867 3 4343 6866 6868
6868 5 91 6806 6867 6869 8316
6869 3 6519 6868 6870
6870 3 6248 6869 6871
6871 5 2187 3342 6870 6872 7344
6872 4 6871 6873 7056 9097
6873 3 6872 6874 8379
6874 4 994 2401 6873 6875
6875 6 735 2626 3521 6711 6874 6876
6876 4 5172 6875 6877 9055
6877 6 2116 2190 4614 6876 6878 9883
6878 3 6877 6879 9789
6879 3 5345 6878 6880
6880 7 5520 6115 6879 6881 7412 7555 9212
6881 4 5820 6880 6882 8927
6882 4 1173 6273 6881 6883
6883 3 2811 6882 6884
6884 5 3930 6883 6885 8047 9055
6885 5 3281 6884 6886 7051 9217
6886 4 5589 6885 6887 9042
6887 3 3321 6886 6888
6888 3 677 6887 6889
6889 3 1776 6888 6890
6890 2 6889 6891
6891 5 2841 6689 6890 6892 9357
6892 4 5349 6613 6891 6893
6893 4 4043 5453 6892 6894
6894 3 3570 6893 6895
6895 6 2163 5473 6894 6896 7946 8291
6896 2 6895 6897
6897 6 2324 6896 6898 6967 8263 9488
6898 5 6897 6899 7272 9549 9698
6899 3 6898 6900 7941
6900 5 151 6899 6901 7415 9279
6901 4 1088 1453 6900 6902
6902 4 1819 6901 6903 7248
6903 3 6902 6904 8492
6904 5 3635 5147 6903 6905 9222
6905 5 79 4175 6904 6906 8281
6906 4 2369 5519 6905 6907
6907 4 2938 5579 6906 6908
6908 3 6803 6907 6909
6909 5 4127 6908 6910 8904 9030
6910 4 4575 6909 6911 9118
6911 2 6910 6912
6912 3 6911 6913 7739
6913 3 585 6912 6914
6914 4 6073 6913 6915 9989
6915 3 6914 6916 9180
6916 4 4988 6915 6917 9080
6917 3 4570 6916 6918
6918 4 56 6356 6917 6919
6919 3 6836 6918 6920
6920 6 1334 1923 1959 3682 6919 6921
6921 2 6920 6922
6922 3 6921 6923 7489
6923 6 118 386 3064 6160 6922 6924
6924 2 6923 6925
6925 3 6924 6926 7918
6926 3 6925 6927 7981
6927 5 2891 5144 6926 6928 9209
6928 5 2405 6927 6929 8844 9180
6929 5 1700 2569 5200 6928 6930
6930 3 1107 6929 6931
6931 3 1095 6930 6932
6932 5 233 1261 5474 6931 6933
6933 2 6932 6934
6934 4 1968 5790 6933 6935
6935 5 1354 6632 6934 6936 9471
6936 3 5525 6935 6937
6937 4 2544 6936 6938 8249
6938 5 1394 3993 5985 6937 6939
6939 3 6938 6940 7515
6940 3 1405 6939 6941
6941 3 1644 6940 6942
6942 4 2866 6941 6943 9186
6943 4 3619 4009 6942 6944
6944 5 315 1488 5236 6943 6945
6945 3 3861 6944 6946
6946 4 1266 6945 6947 9353
6947 2 6946 6948
6948 5 3442 5544 6947 6949 9799
6949 5 2034 2475 4135 6948 6950
6950 3 1735 6949 6951
6951 5 1192 2736 6012 6950 6952
6952 5 2153 3951 4722 6951 6953
6953 3 3166 6952 6954
6954 4 2000 6953 6955 7003
6955 3 2259 6954 6956
6956 3 2499 6955 6957
6957 5 3300 6844 6956 6958 9733
6958 2 6957 6959
6959 3 1614 6958 6960
6960 7 184 612 2177 6959 6961 7541 8669
6961 2 6960 6962
6962 3 3388 6961 6963
6963 5 4831 6962 6964 6980 8954
6964 3 201 6963 6965
6965 6 971 1130 6964 6966 7433 9800
6966 4 5876 6840 6965 6967
6967 5 6897 6966 6968 7711 8660
6968 4 888 1281 6967 6969
6969 3 1640 6968 6970
6970 3 6969 6971 9285
6971 4 1399 5955 6970 6972
6972 4 1949 2820 6971 6973
6973 4 6972 6974 7843 9573
6974 4 675 6973 6975 7879
6975 4 977 6974 6976 8053
6976 7 2193 2392 6832 6975 6977 7002 8000
6977 4 3046 6976 6978 7535
6978 3 1093 6977 6979
6979 2 6978 6980
6980 5 5673 6963 6979 6981 8666
6981 3 5458 6980 6982
6982 7 556 3119 3487 4629 6837 6981 6983
6983 3 1065 6982 6984
6984 4 5480 5897 6983 6985
6985 5 6984 6986 7201 7901 9207
6986 3 6985 6987 9386
6987 2 6986 6988
6988 3 2746 6987 6989
6989 4 2241 6988 6990 7078
6990 7 488 4893 5855 6989 6991 9705 9956
6991 2 6990 6992
6992 4 2530 6991 6993 7258
6993 6 1605 1668 6992 6994 7989 9115
6994 2 6993 6995
6995 3 4730 6994 6996
6996 6 4322 4663 6995 6997 7473 9996
6997 3 3605 6996 6998
6998 6 320 4538 5761 6320 6997 6999
6999 4 6998 7000 8582 9907
7000 2 6999 7001
7001 3 7000 7002 9375
7002 6 1477 2376 3511 6976 7001 7003
7003 4 1138 6954 7002 7004
7004 4 5338 7003 7005 7088
7005 3 7004 7006 9674
7006 4 921 6669 7005 7007
7007 4 87 5961 7006 7008
7008 5 1682 1958 7007 7009 9238
7009 6 1269 1344 2070 7008 7010 8747
7010 3 385 7009 7011
7011 9 486 954 1200 1392 1819 3761 5223 7010 7012
7012 5 2022 4147 7011 7013 7417
7013 6 622 3328 6500 7012 7014 9869
7014 5 914 7013 7015 7770 8273
7015 3 4725 7014 7016
7016 2 7015 7017
7017 3 264 7016 7018
7018 4 5046 7017 7019 7844
7019 4 258 1945 7018 7020
7020 3 3729 7019 7021
7021 4 2399 6378 7020 7022
7022 5 2564 2814 4171 7021 7023
7023 3 6260 7022 7024
7024 5 2740 7023 7025 7717 9258
7025 4 2467 5211 7024 7026
7026 3 2263 7025 7027
7027 3 7026 7028 9246
7028 7 358 1532 1646 4063 7027 7029 8918
7029 3 7028 7030 7735
7030 4 935 3385 7029 7031
7031 10 217 956 2352 3091 5337 5998 6406 7030 7032 9099
7032 2 7031 7033
7033 3 6058 7032 7034
7034 5 1574 7033 7035 7988 9300
7035 4 1913 7034 7036 9623
7036 5 1488 2049 7035 7037 9227
7037 2 7036 7038
7038 3 1806 7037 7039
7039 5 7038 7040 7822 8600 9143
7040 2 7039 7041
7041 8 1773 3075 3874 4556 7040 7042 7448 9786
7042 6 2225 7041 7043 9206 9703 9992
7043 4 7042 7044 7260 8159
7044 4 1926 2563 7043 7045
7045 2 7044 7046
7046 4 7045 7047 7084 7877
7047 3 986 7046 7048
7048 3 3594 7047 7049
7049 3 3937 7048 7050
7050 4 7049 7051 7069 9378
7051 7 2412 3315 4780 6434 6885 7050 7052
7052 4 3632 7051 7053 9219
7053 5 4065 4643 7052 7054 7372
7054 2 7053 7055
7055 4 4345 5856 7054 7056
7056 8 198 441 1001 2924 2938 6872 7055 7057
7057 4 1476 5882 7056 7058
7058 4 3443 4988 7057 7059
7059 3 7058 7060 8533
7060 3 6735 7059 7061
7061 5 4789 5890 7060 7062 8976
7062 5 3118 7061 7063 7510 9082
7063 4 5992 6102 7062 7064
7064 2 7063 7065
7065 4 4330 7064 7066 7981
7066 8 1473 3387 3907 7065 7067 8444 8701 9234
7067 4 151 4051 7066 7068
7068 4 2310 2722 7067 7069
7069 5 1861 5733 7050 7068 7070
7070 6 1494 5001 7069 7071 8993 9125
7071 3 4913 7070 7072
7072 5 84 4249 5975 7071 7073
7073 3 3514 7072 7074
7074 3 5418 7073 7075
7075 3 7074 7076 7476
7076 5 3074 4008 4893 7075 7077
7077 3 5366 7076 7078
7078 4 2164 6989 7077 7079
7079 3 3365 7078 7080
7080 3 7079 7081 9183
7081 4 1130 7080 7082 8551
7082 3 4720 7081 7083
7083 4 2387 2964 7082 7084
7084 6 55 868 5157 7046 7083 7085
7085 5 1159 3846 7084 7086 8130
7086 2 7085 7087
7087 3 4714 7086 7088
7088 4 5550 7004 7087 7089
7089 6 194 721 1821 3679 7088 7090
7090 5 13 611 660 7089 7091
7091 3 7090 7092 7135
7092 6 1427 1578 4540 6045 7091 7093
7093 4 800 7092 7094 7861
7094 7 767 3430 3987 7093 7095 7557 8674
7095 5 3952 7094 7096 8069 8312
7096 4 841 7095 7097 9132
7097 4 2739 7096 7098 8865
7098 5 157 2755 6121 7097 7099
7099 3 7098 7100 9484
7100 3 2235 7099 7101
7101 5 73 3577 5520 7100 7102
7102 4 4619 7101 7103 9682
7103 6 993 1195 3453 7102 7104 9118
7104 3 1391 7103 7105
7105 4 635 6184 7104 7106
7106 4 800 3648 7105 7107
7107 3 5788 7106 7108
7108 5 1809 2788 3278 7107 7109
7109 4 5659 7108 7110 9196
7110 4 2224 7109 7111 7357
7111 2 7110 7112
7112 3 6326 7111 7113
7113 4 4625 7112 7114 9524
7114 6 351 3020 4133 6835 7113 7115
7115 5 439 1003 6800 7114 7116
7116 2 7115 7117
7117 5 4100 5636 6546 7116 7118
7118 4 7117 7119 9406 9501
7119 5 4812 6067 6575 7118 7120
7120 4 693 3359 7119 7121
7121 5 1708 4514 7120 7122 7787
7122 3 6680 7121 7123
7123 6 4154 4659 7122 7124 9609 9888
7124 3 6074 7123 7125
7125 3 7124 7126 9496
7126 5 696 1567 4971 7125 7127
7127 5 87 3051 5510 7126 7128
7128 3 7127 7129 9109
7129 2 7128 7130
7130 3 7129 7131 7440
7131 5 1316 4687 7130 7132 8830
7132 2 7131 7133
7133 7 4474 4880 6046 7132 7134 7221 8494
7134 3 6113 7133 7135
7135 7 59 127 3902 7091 7134 7136 7639
7136 3 7135 7137 9795
7137 5 53 1397 4921 7136 7138
7138 7 3154 4266 4995 7137 7139 8899 9130
7139 5 2783 5056 7138 7140 9225
7140 3 7139 7141 7441
7141 5 1761 2956 6011 7140 7142
7142 4 5043 5825 7141 7143
7143 2 7142 7144
7144 6 6460 6492 6637 7143 7145 7844
7145 3 2095 7144 7146
7146 6 405 470 5975 7145 7147 9495
7147 3 7146 7148 8695
7148 6 910 3046 4187 7147 7149 8675
7149 4 1804 5778 7148 7150
7150 4 7149 7151 8612 9473
7151 4 806 1632 7150 7152
7152 4 3043 7151 7153 7404
7153 3 7152 7154 7532
7154 7 1342 4271 4716 7153 7155 7327 7394
7155 5 1544 4195 5725 7154 7156
7156 2 7155 7157
7157 3 7156 7158 9284
7158 2 7157 7159
7159 5 1881 7158 7160 7161 9878
7160 3 6763 7159 7161
7161 7 1511 7159 7160 7162 8634 8959 9779
7162 9 360 1026 1081 2692 3216 6739 7161 7163 9831
7163 3 5266 7162 7164
7164 4 4524 5734 7163 7165
7165 3 5279 7164 7166
7166 6 1599 2392 4147 7165 7167 9646
7167 3 4108 7166 7168
7168 2 7167 7169
7169 3 6584 7168 7170
7170 3 7169 7171 8626
7171 4 3657 5930 7170 7172
7172 3 5624 7171 7173
7173 4 5275 7172 7174 9162
7174 4 899 4741 7173 7175
7175 5 1734 2258 4011 7174 7176
7176 6 3401 4865 6708 7175 7177 7316
7177 3 340 7176 7178
7178 4 1206 5702 7177 7179
7179 5 2615 3103 4723 7178 7180
7180 2 7179 7181
7181 5 1541 1684 4839 7180 7182
7182 4 1719 6674 7181 7183
7183 6 3121 5253 6398 7182 7184 8172
7184 5 1964 3478 7183 7185 9200
7185 3 6515 7184 7186
7186 4 3070 6640 7185 7187
7187 2 7186 7188
7188 4 7187 7189 8114 8932
7189 2 7188 7190
7190 4 7189 7191 7324 9334
7191 4 2968 7190 7192 8693
7192 4 4659 7191 7193 7952
7193 4 1640 7192 7194 7552
7194 5 973 6154 7193 7195 8474
7195 5 4307 4718 7194 7196 9868
7196 3 5833 7195 7197
7197 5 1314 3138 3561 7196 7198
7198 2 7197 7199
7199 4 2282 7198 7200 7630
7200 4 2261 6133 7199 7201
7201 5 6985 7200 7202 9061 9676
7202 8 545 1180 1483 2695 3174 4667 7201 7203
7203 5 5041 5477 6731 7202 7204
7204 3 2888 7203 7205
7205 3 4401 7204 7206
7206 3 4833 7205 7207
7207 3 1262 7206 7208
7208 2 7207 7209
7209 5 4884 7208 7210 8228 9787
7210 7 1804 2242 2353 7209 7211 7746 9744
7211 3 7210 7212 8846
7212 2 7211 7213
7213 3 7212 7214 8069
7214 5 406 675 2882 7213 7215
7215 4 667 7214 7216 7685
7216 5 1416 4603 6605 7215 7217
7217 4 2230 4392 7216 7218
7218 4 2920 7217 7219 8415
7219 3 7218 7220 9864
7220 4 1852 7219 7221 8242
7221 4 7133 7220 7222 8204
7222 4 6205 7221 7223 9091
7223 4 900 7222 7224 9665
7224 5 415 7223 7225 7523 7608
7225 6 1192 1954 2656 4814 7224 7226
7226 2 7225 7227
7227 6 1555 1766 2216 7226 7228 8275
7228 3 6379 7227 7229
7229 6 7228 7230 7435 7569 8623 9846
7230 3 7229 7231 9963
7231 3 4345 7230 7232
7232 3 488 7231 7233
7233 3 1910 7232 7234
7234 3 5476 7233 7235
7235 4 1221 7234 7236 8270
7236 4 7235 7237 7523 9535
7237 5 29 7236 7238 7317 9830
7238 4 1546 4541 7237 7239
7239 2 7238 7240
7240 3 4677 7239 7241
7241 4 2536 7240 7242 9602
7242 2 7241 7243
7243 3 3010 7242 7244
7244 5 6382 7243 7245 8696 9433
7245 2 7244 7246
7246 5 600 2828 3693 7245 7247
7247 4 6093 7246 7248 8287
7248 6 6483 6902 7247 7249 8304 9078
7249 2 7248 7250
7250 3 943 7249 7251
7251 5 664 2014 3306 7250 7252
7252 6 4734 5247 5377 7251 7253 8956
7253 5 4421 4593 7252 7254 9892
7254 4 2348 7253 7255 7902
7255 4 5566 7254 7256 7407
7256 6 1180 3538 4638 5272 7255 7257
7257 3 857 7256 7258
7258 4 4985 6992 7257 7259
7259 7 2156 2558 4028 4277 5104 7258 7260
7260 7 1863 5493 7043 7259 7261 7363 8864
7261 9 2510 3375 3792 5467 5978 7260 7262 7291 8237
7262 7 668 987 1438 3794 4278 7261 7263
7263 6 3403 4228 6372 6845 7262 7264
7264 4 623 6395 7263 7265
7265 6 3483 4848 5329 7264 7266 9458
7266 2 7265 7267
7267 3 3887 7266 7268
7268 4 4795 7267 7269 7642
7269 4 2730 4207 7268 7270
7270 4 2374 4436 7269 7271
7271 5 136 3418 6506 7270 7272
7272 7 2038 2505 6246 6898 7271 7273 9504
7273 5 783 3486 5374 7272 7274
7274 5 2613 5134 5675 7273 7275
7275 4 1965 7274 7276 8827
7276 6 2190 6826 7275 7277 9553 9897
7277 5 2145 4521 6166 7276 7278
7278 6 351 4910 5618 5995 7277 7279
7279 5 4430 5653 6251 7278 7280
7280 2 7279 7281
7281 6 1477 3112 3147 4920 7280 7282
7282 3 1242 7281 7283
7283 4 5166 7282 7284 7426
7284 5 4024 7283 7285 8132 9352
7285 3 4458 7284 7286
7286 2 7285 7287
7287 3 769 7286 7288
7288 5 886 5262 5416 7287 7289
7289 4 610 4987 7288 7290
7290 4 3890 5289 7289 7291
7291 5 3940 7261 7290 7292 8465
7292 5 2355 4401 7291 7293 9145
7293 7 57 333 4608 5883 7292 7294 9551
7294 5 1033 6624 7293 7295 8055
7295 6 2594 2701 3470 6437 7294 7296
7296 4 435 3840 7295 7297
7297 4 383 7296 7298 7928
7298 3 1295 7297 7299
7299 4 3947 5231 7298 7300
7300 6 568 6351 7299 7301 8063 9137
7301 2 7300 7302
7302 2 7301 7303
7303 2 7302 7304
7304 2 7303 7305
7305 5 687 7304 7306 8124 8787
7306 3 7305 7307 9638
7307 5 6011 7306 7308 8553 9642
7308 6 522 1021 4930 6686 7307 7309
7309 8 3882 3883 4077 7308 7310 7423 8122 8539
7310 3 7309 7311 9650
7311 8 552 2305 4362 7310 7312 9045 9921 9959
7312 4 7311 7313 9001 9336
7313 6 2279 2710 4638 6288 7312 7314
7314 3 7313 7315 7748
7315 6 2791 6454 7314 7316 7756 9653
7316 5 322 4835 7176 7315 7317
7317 4 7237 7316 7318 8915
7318 4 1609 5055 7317 7319
7319 6 2316 3724 5165 7318 7320 9472
7320 3 7319 7321 7585
7321 2 7320 7322
7322 6 2383 4500 5464 7321 7323 8089
7323 3 5537 7322 7324
7324 6 115 5365 7190 7323 7325 7435
7325 5 7324 7326 7955 9056 9110
7326 2 7325 7327
7327 6 74 957 1681 7154 7326 7328
7328 5 3723 4297 5236 7327 7329
7329 3 5522 7328 7330
7330 2 7329 7331
7331 6 2422 3073 5310 7330 7332 9486
7332 2 7331 7333
7333 5 3379 4142 6811 7332 7334
7334 3 1046 7333 7335
7335 6 1848 3684 7334 7336 8844 9914
7336 4 4399 7335 7337 7613
7337 6 1626 4838 7336 7338 7791 7931
7338 4 5281 7337 7339 8451
7339 4 902 1161 7338 7340
7340 6 242 5607 5725 7339 7341 9466
7341 4 241 3109 7340 7342
7342 5 2018 7341 7343 7413 9128
7343 3 7342 7344 7400
7344 6 416 3035 4832 6871 7343 7345
7345 5 3845 5310 7344 7346 9691
7346 4 2899 3400 7345 7347
7347 4 3025 3175 7346 7348
7348 4 7347 7349 7845 8990
7349 3 1440 7348 7350
7350 3 1984 7349 7351
7351 3 4740 7350 7352
7352 2 7351 7353
7353 2 7352 7354
7354 4 4337 7353 7355 8889
7355 4 1828 5560 7354 7356
7356 4 4418 4698 7355 7357
7357 11 362 960 1561 2515 7110 7356 7358 7583 8654 9431 9959
7358 4 4975 6571 7357 7359
7359 6 410 1588 4959 7358 7360 9051
7360 3 6251 7359 7361
7361 2 7360 7362
7362 4 735 4536 7361 7363
7363 3 7260 7362 7364
7364 3 1187 7363 7365
7365 4 5486 6363 7364 7366
7366 3 6125 7365 7367
7367 5 3696 6429 7366 7368 8973
7368 4 5396 7367 7369 8143
7369 3 5033 7368 7370
7370 5 1530 4821 5995 7369 7371
7371 3 7370 7372 9186
7372 3 7053 7371 7373
7373 5 1668 1768 3703 7372 7374
7374 5 3913 4837 5425 7373 7375
7375 4 827 3952 7374 7376
7376 2 7375 7377
7377 2 7376 7378
7378 4 858 6381 7377 7379
7379 3 2569 7378 7380
7380 4 3883 4350 7379 7381
7381 4 1648 4608 7380 7382
7382 2 7381 7383
7383 4 4281 7382 7384 8479
7384 5 1 485 2190 7383 7385
7385 3 6302 7384 7386
7386 2 7385 7387
7387 4 3981 4219 7386 7388
7388 3 4551 7387 7389
7389 4 812 7388 7390 9482
7390 3 2780 7389 7391
7391 2 7390 7392
7392 5 2088 7391 7393 8022 8301
7393 3 1295 7392 7394
7394 4 4154 7154 7393 7395
7395 3 7394 7396 7952
7396 4 4781 7395 7397 9641
7397 6 4056 4152 5621 7396 7398 8804
7398 4 7397 7399 7806 9805
7399 5 2868 5359 7398 7400 9698
7400 6 1637 4777 7343 7399 7401 9924
7401 2 7400 7402
7402 6 117 1910 4289 7401 7403 8323
7403 7 971 1338 3343 3416 7402 7404 8848
7404 7 1028 1730 3778 5214 7152 7403 7405
7405 5 1223 6682 7404 7406 8202
7406 6 3455 4379 4840 7405 7407 9972
7407 5 328 4659 7255 7406 7408
7408 4 7407 7409 7737 9396
7409 6 1976 7408 7410 8758 9139 9821
7410 5 3223 4752 7409 7411 8115
7411 4 641 7410 7412 8766
7412 6 1760 4641 6880 7411 7413 9553
7413 4 4916 7342 7412 7414
7414 3 3794 7413 7415
7415 4 6900 7414 7416 7430
7416 8 36 1825 2257 2423 4271 7415 7417 9555
7417 3 7012 7416 7418
7418 6 5280 6134 7417 7419 8554 9225
7419 3 5651 7418 7420
7420 3 1603 7419 7421
7421 5 4432 5131 7420 7422 9911
7422 5 2245 3642 7421 7423 9487
7423 7 925 7309 7422 7424 7760 9110 9203
7424 3 7423 7425 9250
7425 3 3527 7424 7426
7426 5 663 1649 7283 7425 7427
7427 5 175 6763 7426 7428 9632
7428 3 6838 7427 7429
7429 5 308 959 1914 7428 7430
7430 4 1016 7415 7429 7431
7431 2 7430 7432
7432 4 1363 2720 7431 7433
7433 6 1429 2675 6965 7432 7434 8597
7434 4 2667 6633 7433 7435
7435 6 3778 7229 7324 7434 7436 9342
7436 7 229 419 3787 7435 7437 8108 9184
7437 5 4837 7436 7438 8143 9590
7438 2 7437 7439
7439 3 3926 7438 7440
7440 3 7130 7439 7441
7441 3 7140 7440 7442
7442 6 2010 4569 7441 7443 8139 8407
7443 4 2669 7442 7444 7523
7444 3 7443 7445 7764
7445 7 195 1819 3187 4858 5470 7444 7446
7446 3 703 7445 7447
7447 3 1574 7446 7448
7448 4 7041 7447 7449 7716
7449 7 543 4839 5388 5425 5483 7448 7450
7450 4 1548 5520 7449 7451
7451 3 3049 7450 7452
7452 4 835 3737 7451 7453
7453 5 363 3163 7452 7454 9037
7454 4 254 7453 7455 9480
7455 3 4199 7454 7456
7456 4 3441 7455 7457 7876
7457 2 7456 7458
7458 2 7457 7459
7459 4 4108 6164 7458 7460
7460 5 2370 2688 4599 7459 7461
7461 4 7460 7462 8741 8829
7462 2 7461 7463
7463 7 1430 2296 2407 5393 7462 7464 9115
7464 6 541 4742 6240 7463 7465 7751
7465 4 29 4205 7464 7466
7466 3 5658 7465 7467
7467 6 2625 2775 6525 6702 7466 7468
7468 4 3717 5787 7467 7469
7469 3 2007 7468 7470
7470 3 3840 7469 7471
7471 6 2803 3579 3648 4949 7470 7472
7472 2 7471 7473
7473 5 6996 7472 7474 9051 9751
7474 5 1409 1713 7473 7475 8204
7475 3 7474 7476 8566
7476 5 4656 6551 7075 7475 7477
7477 4 6370 6704 7476 7478
7478 3 7477 7479 8245
7479 4 3141 4177 7478 7480
7480 3 4157 7479 7481
7481 3 7480 7482 7932
7482 2 7481 7483
7483 4 389 5990 7482 7484
7484 3 4714 7483 7485
7485 6 1747 3931 5188 7484 7486 7978
7486 5 1367 1480 7485 7487 8373
7487 4 1309 7486 7488 9371
7488 4 3608 7487 7489 9950
7489 5 3620 4192 6922 7488 7490
7490 7 884 2765 3635 5968 7489 7491 8692
7491 3 1180 7490 7492
7492 2 7491 7493
7493 4 1108 7492 7494 9988
7494 3 7493 7495 9853
7495 4 5575 7494 7496 9407
7496 2 7495 7497
7497 5 943 5231 7496 7498 8473
7498 4 4658 5436 7497 7499
7499 2 7498 7500
7500 3 5337 7499 7501
7501 3 3661 7500 7502
7502 4 2174 5346 7501 7503
7503 2 7502 7504
7504 3 421 7503 7505
7505 5 396 4043 7504 7506 7651
7506 3 7505 7507 9287
7507 4 4648 7506 7508 8424
7508 3 7507 7509 7653
7509 3 3043 7508 7510
7510 7 2657 3289 5209 7062 7509 7511 8825
7511 2 7510 7512
7512 4 4688 6370 7511 7513
7513 6 3703 5949 7512 7514 7763 8648
7514 3 2277 7513 7515
7515 3 6939 7514 7516
7516 5 968 6303 7515 7517 9637
7517 4 3822 7516 7518 8558
7518 3 7517 7519 9066
7519 4 692 7518 7520 7580
7520 3 725 7519 7521
7521 4 6598 7520 7522 9012
7522 4 3158 7521 7523 7568
7523 6 7224 7236 7443 7522 7524 9809
7524 4 7523 7525 7969 9074
7525 4 6679 7524 7526 9931
7526 6 332 902 3300 7525 7527 9004
7527 5 939 1132 1848 7526 7528
7528 6 1312 3025 4475 7527 7529 7750
7529 3 5855 7528 7530
7530 5 1094 2090 7529 7531 9254
7531 2 7530 7532
7532 7 397 450 3702 6586 7153 7531 7533
7533 2 7532 7534
7534 3 964 7533 7535
7535 4 5156 6977 7534 7536
7536 6 957 1239 3244 5691 7535 7537
7537 3 5850 7536 7538
7538 4 6205 7537 7539 8890
7539 4 7538 7540 8772 9024
7540 6 4377 5129 5909 7539 7541 9239
7541 3 6960 7540 7542
7542 3 7541 7543 9797
7543 3 7542 7544 8766
7544 3 5277 7543 7545
7545 2 7544 7546
7546 2 7545 7547
7547 7 1959 3855 6613 7546 7548 7587 9429
7548 4 137 2380 7547 7549
7549 2 7548 7550
7550 4 2187 2878 7549 7551
7551 3 2316 7550 7552
7552 4 6673 7193 7551 7553
7553 6 1028 1449 2982 6409 7552 7554
7554 4 3143 7553 7555 8174
7555 3 6880 7554 7556
7556 2 7555 7557
7557 3 7094 7556 7558
7558 6 1314 2599 6750 7557 7559 8703
7559 5 1224 1540 4985 7558 7560
7560 6 398 1748 4624 7559 7561 9420
7561 3 7560 7562 9032
7562 5 288 2292 5708 7561 7563
7563 4 1052 1906 7562 7564
7564 4 2355 7563 7565 9363
7565 5 3402 7564 7566 8247 8552
7566 4 2583 3938 7565 7567
7567 3 7566 7568 8401
7568 7 2755 3900 6333 7522 7567 7569 8970
7569 3 7229 7568 7570
7570 3 5931 7569 7571
7571 2 7570 7572
7572 3 7571 7573 8943
7573 5 1160 1539 7572 7574 9269
7574 4 4540 6161 7573 7575
7575 3 1233 7574 7576
7576 2 7575 7577
7577 2 7576 7578
7578 4 1546 5522 7577 7579
7579 3 1440 7578 7580
7580 4 3817 7519 7579 7581
7581 5 4813 5336 7580 7582 8292
7582 2 7581 7583
7583 5 2213 7357 7582 7584 8318
7584 3 3434 7583 7585
7585 7 892 1898 4881 6371 7320 7584 7586
7586 6 4576 5615 6604 7585 7587 9686
7587 5 1081 1812 7547 7586 7588
7588 3 7587 7589 8804
7589 4 4089 7588 7590 9291
7590 4 2378 7589 7591 8842
7591 4 6305 6695 7590 7592
7592 4 3681 4168 7591 7593
7593 3 3903 7592 7594
7594 4 706 6582 7593 7595
7595 4 1877 7594 7596 7672
7596 3 7595 7597 9748
7597 3 7596 7598 9676
7598 4 102 7597 7599 8261
7599 4 4394 5366 7598 7600
7600 3 1326 7599 7601
7601 3 2494 7600 7602
7602 6 811 2621 3039 7601 7603 7679
7603 3 1523 7602 7604
7604 3 5230 7603 7605
7605 5 3383 7604 7606 7609 7872
7606 3 2596 7605 7607
7607 4 785 2450 7606 7608
7608 7 7 5772 7224 7607 7609 8216 8287
7609 4 3561 7605 7608 7610
7610 4 4636 6718 7609 7611
7611 4 3441 7610 7612 9667
7612 2 7611 7613
7613 7 1741 2429 3533 3964 7336 7612 7614
7614 4 7613 7615 7666 7963
7615 4 6431 7614 7616 7691
7616 2 7615 7617
7617 5 706 2175 7616 7618 9015
7618 3 1708 7617 7619
7619 3 1980 7618 7620
7620 5 1404 5989 7619 7621 8985
7621 5 382 1172 7620 7622 7878
7622 3 7621 7623 8781
7623 4 2788 3242 7622 7624
7624 5 2319 3130 3140 7623 7625
7625 4 6211 7624 7626 8590
7626 5 3161 3272 6704 7625 7627
7627 4 3998 4712 7626 7628
7628 3 5428 7627 7629
7629 4 1426 6737 7628 7630
7630 5 2739 6082 7199 7629 7631
7631 2 7630 7632
7632 2 7631 7633
7633 3 529 7632 7634
7634 5 6160 7633 7635 8972 9716
7635 3 7634 7636 9579
7636 3 3801 7635 7637
7637 2 7636 7638
7638 5 5625 5935 7637 7639 8150
7639 3 7135 7638 7640
7640 5 4915 5641 6463 7639 7641
7641 4 2118 7640 7642 9071
7642 3 7268 7641 7643
7643 3 1739 7642 7644
7644 4 4008 4073 7643 7645
7645 7 2132 3100 4370 4672 5400 7644 7646
7646 3 1166 7645 7647
7647 2 7646 7648
7648 3 177 7647 7649
7649 4 4502 7648 7650 8145
7650 2 7649 7651
7651 5 1469 1550 7505 7650 7652
7652 5 1875 3424 5247 7651 7653
7653 6 128 1177 4987 7508 7652 7654
7654 2 7653 7655
7655 2 7654 7656
7656 3 5050 7655 7657
7657 5 169 6759 7656 7658 8591
7658 2 7657 7659
7659 4 3640 6706 7658 7660
7660 3 7659 7661 7713
7661 3 1476 7660 7662
7662 3 4965 7661 7663
7663 4 642 3734 7662 7664
7664 3 883 7663 7665
7665 4 2885 5179 7664 7666
7666 4 4606 7614 7665 7667
7667 3 7666 7668 8031
7668 4 1158 3013 7667 7669
7669 5 688 903 3352 7668 7670
7670 3 153 7669 7671
7671 4 4549 7670 7672 8090
7672 3 7595 7671 7673
7673 3 3525 7672 7674
7674 5 2226 6805 7673 7675 8788
7675 5 3582 4954 5182 7674 7676
7676 4 180 7675 7677 9168
7677 2 7676 7678
7678 7 1308 5251 7677 7679 8058 9143 9750
7679 6 2347 4250 7602 7678 7680 9286
7680 3 4614 7679 7681
7681 4 7680 7682 7738 9614
7682 3 7681 7683 8461
7683 3 1216 7682 7684
7684 4 1155 5315 7683 7685
7685 6 2723 5361 6687 7215 7684 7686
7686 4 1966 6795 7685 7687
7687 6 4605 5439 6727 7686 7688 9217
7688 2 7687 7689
7689 3 7688 7690 8356
7690 2 7689 7691
7691 5 1274 2620 7615 7690 7692
7692 7 3506 4294 6551 7691 7693 8434 9171
7693 2 7692 7694
7694 8 1973 2788 4290 5700 6805 7693 7695 8662
7695 5 850 4624 5892 7694 7696
7696 4 497 3632 7695 7697
7697 6 3409 3761 3972 7696 7698 9047
7698 4 1537 3767 7697 7699
7699 3 6296 7698 7700
7700 4 494 1786 7699 7701
7701 3 2419 7700 7702
7702 5 3060 3068 7701 7703 8263
7703 4 3943 7702 7704 8291
7704 3 1312 7703 7705
7705 3 4050 7704 7706
7706 4 6028 7705 7707 8175
7707 4 2142 7706 7708 8794
7708 2 7707 7709
7709 6 4318 7708 7710 9108 9280 9718
7710 4 6451 7709 7711 9896
7711 4 5679 6967 7710 7712
7712 4 2554 7711 7713 8889
7713 3 7660 7712 7714
7714 4 4804 5125 7713 7715
7715 3 1551 7714 7716
7716 6 6156 7448 7715 7717 8388 8697
7717 7 1707 2138 3515 7024 7716 7718 8609
7718 4 1009 1330 7717 7719
7719 6 1198 1671 6194 6504 7718 7720
7720 4 2260 6602 7719 7721
7721 5 6541 7720 7722 7764 7942
7722 7 1326 1419 2568 3513 5147 7721 7723
7723 2 7722 7724
7724 5 1251 1403 3609 7723 7725
7725 3 472 7724 7726
7726 3 4500 7725 7727
7727 4 3265 5863 7726 7728
7728 4 386 1665 7727 7729
7729 5 7728 7730 8058 8626 9637
7730 5 3402 4330 5734 7729 7731
7731 2 7730 7732
7732 3 7731 7733 9000
7733 4 2736 4944 7732 7734
7734 5 186 3474 3506 7733 7735
7735 3 7029 7734 7736
7736 4 2172 7735 7737 9705
7737 5 4486 7408 7736 7738 8191
7738 5 2204 4988 7681 7737 7739
7739 3 6912 7738 7740
7740 2 7739 7741
7741 6 512 3560 4043 7740 7742 8523
7742 4 2822 7741 7743 9614
7743 7 963 1481 3025 5097 7742 7744 8385
7744 4 1688 5379 7743 7745
7745 6 3288 6524 7744 7746 8768 9435
7746 3 7210 7745 7747
7747 8 4444 5430 5738 6185 7746 7748 7882 9915
7748 5 5209 6676 7314 7747 7749
7749 6 1554 5664 6098 7748 7750 8999
7750 3 7528 7749 7751
7751 4 7464 7750 7752 8388
7752 7 1451 2545 4705 7751 7753 8308 9688
7753 5 322 7752 7754 8937 9095
7754 5 1957 3918 7753 7755 7781
7755 6 970 2221 3302 7754 7756 8514
7756 5 2597 7315 7755 7757 8958
7757 4 3527 6116 7756 7758
7758 2 7757 7759
7759 7 4788 5487 5801 6283 7758 7760 9344
7760 5 5513 6585 7423 7759 7761
7761 5 2822 4638 5513 7760 7762
7762 2 7761 7763
7763 3 7513 7762 7764
7764 6 1309 4836 7444 7721 7763 7765
7765 5 1129 2459 6706 7764 7766
7766 3 7765 7767 8580
7767 4 3729 7766 7768 9728
7768 3 4379 7767 7769
7769 4 385 3508 7768 7770
7770 6 1878 6220 7014 7769 7771 9678
7771 4 2945 4672 7770 7772
7772 4 1198 3206 7771 7773
7773 5 1627 2048 7772 7774 8781
7774 4 841 7773 7775 8090
7775 7 340 2309 3168 3863 5950 7774 7776
7776 2 7775 7777
7777 5 2142 2808 3662 7776 7778
7778 6 1943 3114 5493 7777 7779 8801
7779 2 7778 7780
7780 3 3608 7779 7781
7781 6 802 1463 7754 7780 7782 8076
7782 3 7781 7783 8811
7783 3 5391 7782 7784
7784 6 4482 4771 7783 7785 7845 9394
7785 2 7784 7786
7786 5 1190 3205 7785 7787 8242
7787 5 2723 3556 7121 7786 7788
7788 6 763 2038 2309 5349 7787 7789
7789 6 1076 1407 7788 7790 9207 9214
7790 7 577 667 2885 4373 4622 7789 7791
7791 4 467 7337 7790 7792
7792 3 2071 7791 7793
7793 7 1725 4048 5742 6343 7792 7794 9773
7794 5 1783 6725 6799 7793 7795
7795 5 4537 6481 6548 7794 7796
7796 2 7795 7797
7797 2 7796 7798
7798 4 715 722 7797 7799
7799 6 1104 3165 5106 5335 7798 7800
7800 5 680 7799 7801 8170 9322
7801 3 6647 7800 7802
7802 7 9 3044 4860 4913 6238 7801 7803
7803 2 7802 7804
7804 2 7803 7805
7805 4 986 2379 7804 7806
7806 7 3007 7398 7805 7807 8470 8482 9493
7807 2 7806 7808
7808 3 7807 7809 9693
7809 3 5165 7808 7810
7810 3 5224 7809 7811
7811 3 4843 7810 7812
7812 5 3837 4500 7811 7813 9577
7813 3 1040 7812 7814
7814 5 7813 7815 8451 8612 8631
7815 4 2058 5891 7814 7816
7816 4 596 3876 7815 7817
7817 5 4437 7816 7818 8477 8622
7818 3 5465 7817 7819
7819 7 3454 5173 5672 6236 7818 7820 8484
7820 3 751 7819 7821
7821 3 3795 7820 7822
7822 5 364 3631 7039 7821 7823
7823 2 7822 7824
7824 5 2144 5509 7823 7825 8373
7825 4 145 3026 7824 7826
7826 7 1229 2629 6752 7825 7827 8418 8988
7827 3 3614 7826 7828
7828 3 66 7827 7829
7829 4 660 1181 7828 7830
7830 5 3913 7829 7831 8232 9312
7831 4 795 1749 7830 7832
7832 3 4799 7831 7833
7833 2 7832 7834
7834 3 671 7833 7835
7835 3 4737 7834 7836
7836 3 4732 7835 7837
7837 3 6712 7836 7838
7838 3 633 7837 7839
7839 4 1149 6393 7838 7840
7840 4 3122 7839 7841 9938
7841 3 7840 7842 9206
7842 5 2403 4757 5894 7841 7843
7843 6 592 2147 4027 6973 7842 7844
7844 5 1229 7018 7144 7843 7845
7845 8 683 2686 6188 6603 7348 7784 7844 7846
7846 5 3228 4454 6695 7845 7847
7847 4 2553 5208 7846 7848
7848 2 7847 7849
7849 2 7848 7850
7850 4 4458 5832 7849 7851
7851 3 4101 7850 7852
7852 4 1837 2044 7851 7853
7853 4 3838 4181 7852 7854
7854 5 3203 7853 7855 9481 9521
7855 3 517 7854 7856
7856 2 7855 7857
7857 4 765 6313 7856 7858
7858 3 7857 7859 8906
7859 2 7858 7860
7860 4 2841 7859 7861 9515
7861 6 396 669 1154 7093 7860 7862
7862 5 3942 6477 7861 7863 9786
7863 4 1782 7862 7864 8755
7864 7 69 3966 4328 5794 7863 7865 8231
7865 3 7864 7866 9096
7866 4 821 2274 7865 7867
7867 5 1515 6652 7866 7868 8435
7868 3 4785 7867 7869
7869 3 5519 7868 7870
7870 2 7869 7871
7871 5 6027 6263 7870 7872 9959
7872 6 1025 3200 7605 7871 7873 7997
7873 7 1377 1650 3053 5921 7872 7874 7915
7874 3 4120 7873 7875
7875 5 4278 7874 7876 8991 9865
7876 4 7456 7875 7877 9327
7877 4 7046 7876 7878 8880
7878 4 4132 7621 7877 7879
7879 5 1694 5051 6974 7878 7880
7880 3 2253 7879 7881
7881 2 7880 7882
7882 8 2528 3979 6411 6799 7747 7881 7883 7968
7883 5 3478 4051 6707 7882 7884
7884 4 2034 7883 7885 9710
7885 3 3423 7884 7886
7886 2 7885 7887
7887 4 2076 7886 7888 8144
7888 3 3313 7887 7889
7889 3 7888 7890 8601
7890 3 1284 7889 7891
7891 3 6439 7890 7892
7892 3 2144 7891 7893
7893 4 1721 2064 7892 7894
7894 3 6826 7893 7895
7895 2 7894 7896
7896 9 2065 3436 5989 6088 6676 7895 7897 8710 9536
7897 3 5718 7896 7898
7898 4 1245 3010 7897 7899
7899 6 2109 2129 4192 4383 7898 7900
7900 2 7899 7901
7901 3 6985 7900 7902
7902 6 2559 4075 7254 7901 7903 9571
7903 2 7902 7904
7904 2 7903 7905
7905 4 3852 5568 7904 7906
7906 3 6359 7905 7907
7907 2 7906 7908
7908 6 2063 3946 6042 7907 7909 8193
7909 5 261 296 1316 7908 7910
7910 5 835 6383 7909 7911 8609
7911 5 3986 4674 7910 7912 9885
7912 2 7911 7913
7913 2 7912 7914
7914 3 3766 7913 7915
7915 3 7873 7914 7916
7916 3 714 7915 7917
7917 4 2757 6147 7916 7918
7918 6 675 2327 6925 7917 7919 8108
7919 3 7918 7920 8383
7920 3 2091 7919 7921
7921 5 2925 7920 7922 8406 8727
7922 5 3221 6292 7921 7923 8591
7923 3 6069 7922 7924
7924 3 4946 7923 7925
7925 5 1272 3399 7924 7926 8318
7926 6 916 1456 1643 2198 7925 7927
7927 2 7926 7928
7928 3 7297 7927 7929
7929 4 526 7928 7930 9555
7930 4 5968 7929 7931 9610
7931 6 2562 7337 7930 7932 8761 9928
7932 6 5872 7481 7931 7933 9337 9521
7933 3 2000 7932 7934
7934 5 876 4190 6637 7933 7935
7935 2 7934 7936
7936 3 32 7935 7937
7937 5 4781 5271 5336 7936 7938
7938 5 5372 5461 7937 7939 9695
7939 3 242 7938 7940
7940 4 2251 4172 7939 7941
7941 3 6899 7940 7942
7942 4 4506 7721 7941 7943
7943 5 1142 3297 7942 7944 8402
7944 4 4104 7943 7945 9361
7945 4 7944 7946 8799 9221
7946 6 2402 3260 6895 7945 7947 8142
7947 4 3097 4841 7946 7948
7948 2 7947 7949
7949 3 7948 7950 8699
7950 3 2341 7949 7951
7951 3 5948 7950 7952
7952 6 609 5547 7192 7395 7951 7953
7953 3 7952 7954 8750
7954 4 6114 6714 7953 7955
7955 5 3779 6344 7325 7954 7956
7956 4 5179 6158 7955 7957
7957 6 3323 3414 4988 7956 7958 9484
7958 2 7957 7959
7959 3 1239 7958 7960
7960 4 1113 5627 7959 7961
7961 2 7960 7962
7962 3 2427 7961 7963
7963 6 2152 2963 7614 7962 7964 9514
7964 2 7963 7965
7965 3 2112 7964 7966
7966 2 7965 7967
7967 3 7966 7968 8274
7968 6 241 429 1969 7882 7967 7969
7969 5 1590 4975 7524 7968 7970
7970 3 7969 7971 8884
7971 3 3988 7970 7972
7972 3 1287 7971 7973
7973 2 7972 7974
7974 5 103 4115 7973 7975 8067
7975 2 7974 7976
7976 6 37 1487 5511 7975 7977 9217
7977 2 7976 7978
7978 7 711 4477 5621 6158 7485 7977 7979
7979 3 2072 7978 7980
7980 2 7979 7981
7981 5 5341 6926 7065 7980 7982
7982 2 7981 7983
7983 3 947 7982 7984
7984 2 7983 7985
7985 4 6087 7984 7986 8865
7986 4 3646 5503 7985 7987
7987 2 7986 7988
7988 5 1980 7034 7987 7989 8924
7989 5 1754 3516 6993 7988 7990
7990 4 4163 7989 7991 8508
7991 4 2968 7990 7992 8253
7992 4 3520 5603 7991 7993
7993 3 148 7992 7994
7994 4 1857 4371 7993 7995
7995 4 5359 6380 7994 7996
7996 4 737 5427 7995 7997
7997 4 1702 7872 7996 7998
7998 2 7997 7999
7999 4 3764 6638 7998 8000
8000 4 3806 6976 7999 8001
8001 5 5671 8000 8002 8049 9006
8002 4 8001 8003 8131 9630
8003 3 3620 8002 8004
8004 2 8003 8005
8005 2 8004 8006
8006 3 2102 8005 8007
8007 4 1942 4478 8006 8008
8008 5 6090 8007 8009 8083 9633
8009 3 5989 8008 8010
8010 4 2800 8009 8011 8504
8011 5 344 4184 5471 8010 8012
8012 2 8011 8013
8013 3 3146 8012 8014
8014 2 8013 8015
8015 3 2862 8014 8016
8016 2 8015 8017
8017 6 1096 5670 6364 8016 8018 9790
8018 2 8017 8019
8019 2 8018 8020
8020 8 1334 2062 5079 5485 6709 6745 8019 8021
8021 4 3240 5584 8020 8022
8022 3 7392 8021 8023
8023 4 1318 6356 8022 8024
8024 5 683 1586 6700 8023 8025
8025 3 8024 8026 8479
8026 3 1962 8025 8027
8027 2 8026 8028
8028 2 8027 8029
8029 4 2290 3155 8028 8030
8030 5 1245 1734 2205 8029 8031
8031 4 3563 7667 8030 8032
8032 4 3011 5082 8031 8033
8033 4 8032 8034 8418 8927
8034 5 1537 4402 4584 8033 8035
8035 5 3008 6498 8034 8036 8546
8036 5 4446 6790 8035 8037 9843
8037 3 8036 8038 9124
8038 5 1416 2627 8037 8039 9515
8039 4 2927 5840 8038 8040
8040 2 8039 8041
8041 5 1767 3793 8040 8042 8916
8042 3 4481 8041 8043
8043 2 8042 8044
8044 3 795 8043 8045
8045 2 8044 8046
8046 5 1341 2279 5066 8045 8047
8047 5 2825 6884 8046 8048 8483
8048 6 970 4226 5994 6309 8047 8049
8049 7 5082 8001 8048 8050 8385 9229 9864
8050 4 2898 6804 8049 8051
8051 3 3153 8050 8052
8052 3 2946 8051 8053
8053 5 4347 6793 6975 8052 8054
8054 4 1414 1760 8053 8055
8055 5 3708 7294 8054 8056 9845
8056 3 6011 8055 8057
8057 4 679 8056 8058 9535
8058 6 114 221 7678 7729 8057 8059
8059 3 2413 8058 8060
8060 2 8059 8061
8061 4 4189 4731 8060 8062
8062 3 3129 8061 8063
8063 5 3826 7300 8062 8064 8749
8064 2 8063 8065
8065 2 8064 8066
8066 2 8065 8067
8067 3 7974 8066 8068
8068 5 2315 2397 6071 8067 8069
8069 6 1339 3759 7095 7213 8068 8070
8070 2 8069 8071
8071 2 8070 8072
8072 5 180 656 3471 8071 8073
8073 2 8072 8074
8074 4 3843 5490 8073 8075
8075 4 8074 8076 8171 9762
8076 4 2639 7781 8075 8077
8077 4 1541 8076 8078 8846
8078 4 1072 2433 8077 8079
8079 2 8078 8080
8080 2 8079 8081
8081 5 2416 4791 6125 8080 8082
8082 3 4662 8081 8083
8083 8 667 2585 5393 5927 8008 8082 8084 9791
8084 2 8083 8085
8085 3 4267 8084 8086
8086 3 3264 8085 8087
8087 4 1153 5892 8086 8088
8088 7 2164 2341 2657 5172 5879 8087 8089
8089 6 4024 6206 7322 8088 8090 9356
8090 6 5889 7671 7774 8089 8091 8961
8091 3 2197 8090 8092
8092 3 4452 8091 8093
8093 4 5385 8092 8094 8590
8094 4 838 3483 8093 8095
8095 4 1221 6278 8094 8096
8096 4 3977 5342 8095 8097
8097 3 42 8096 8098
8098 4 66 126 8097 8099
8099 2 8098 8100
8100 2 8099 8101
8101 4 1866 5478 8100 8102
8102 3 36 8101 8103
8103 2 8102 8104
8104 4 2430 8103 8105 9583
8105 5 4140 5755 8104 8106 8360
8106 6 690 2035 3530 4822 8105 8107
8107 4 3488 8106 8108 8668
8108 6 992 5161 7436 7918 8107 8109
8109 3 3720 8108 8110
8110 3 3427 8109 8111
8111 2 8110 8112
8112 3 8111 8113 9335
8113 6 370 2180 3034 3649 8112 8114
8114 4 3198 7188 8113 8115
8115 3 7410 8114 8116
8116 6 116 1176 2283 5747 8115 8117
8117 4 554 5804 8116 8118
8118 3 5680 8117 8119
8119 5 258 4164 5343 8118 8120
8120 5 1463 5483 6048 8119 8121
8121 3 2637 8120 8122
8122 4 3803 7309 8121 8123
8123 5 1058 3365 8122 8124 9256
8124 6 270 4757 5757 7305 8123 8125
8125 4 5800 5812 8124 8126
8126 5 5584 5653 8125 8127 9346
8127 2 8126 8128
8128 2 8127 8129
8129 4 8128 8130 9496 9566
8130 3 7085 8129 8131
8131 4 1696 8002 8130 8132
8132 5 5338 7284 8131 8133 8479
8133 5 2565 6038 8132 8134 9462
8134 4 1937 8133 8135 8597
8135 2 8134 8136
8136 5 6126 8135 8137 9748 9891
8137 3 1088 8136 8138
8138 4 2695 6299 8137 8139
8139 4 2467 7442 8138 8140
8140 3 3782 8139 8141
8141 4 1566 8140 8142 9668
8142 7 2726 3095 6265 7946 8141 8143 9690
8143 5 6281 7368 7437 8142 8144
8144 5 4551 4605 7887 8143 8145
8145 5 2699 7649 8144 8146 9587
8146 3 2537 8145 8147
8147 4 3507 3540 8146 8148
8148 4 5999 8147 8149 9573
8149 3 2288 8148 8150
8150 4 6810 7638 8149 8151
8151 2 8150 8152
8152 3 6193 8151 8153
8153 3 653 8152 8154
8154 2 8153 8155
8155 3 2268 8154 8156
8156 4 841 4878 8155 8157
8157 6 3901 6836 8156 8158 9595 9730
8158 3 3646 8157 8159
8159 5 1680 5118 7043 8158 8160
8160 3 8159 8161 8683
8161 3 2132 8160 8162
8162 3 987 8161 8163
8163 5 5903 6398 8162 8164 9842
8164 5 870 4806 5063 8163 8165
8165 3 1411 8164 8166
8166 4 2617 5290 8165 8167
8167 5 4009 4603 8166 8168 9169
8168 4 188 2837 8167 8169
8169 3 2529 8168 8170
8170 4 5097 7800 8169 8171
8171 4 8075 8170 8172 8686
8172 5 889 7183 8171 8173 8189
8173 2 8172 8174
8174 8 948 1359 4259 4733 6170 7554 8173 8175
8175 4 7706 8174 8176 8239
8176 5 5 4944 8175 8177 8731
8177 3 6774 8176 8178
8178 4 5277 6814 8177 8179
8179 5 328 1010 8178 8180 9472
8180 2 8179 8181
8181 2 8180 8182
8182 5 5102 6617 8181 8183 9010
8183 4 5250 8182 8184 9502
8184 5 3459 4519 6231 8183 8185
8185 2 8184 8186
8186 6 347 548 4488 6011 8185 8187
8187 7 588 1155 1502 3738 6739 8186 8188
8188 5 2488 6061 8187 8189 8300
8189 4 28 8172 8188 8190
8190 4 2109 4123 8189 8191
8191 3 7737 8190 8192
8192 5 4770 5230 5913 8191 8193
8193 4 3763 7908 8192 8194
8194 3 2229 8193 8195
8195 4 1107 1371 8194 8196
8196 4 1173 5001 8195 8197
8197 3 4333 8196 8198
8198 3 8197 8199 8783
8199 4 3177 3273 8198 8200
8200 3 4020 8199 8201
8201 2 8200 8202
8202 5 3966 7405 8201 8203 8980
8203 4 4426 6810 8202 8204
8204 5 7221 7474 8203 8205 8726
8205 7 446 536 1796 4602 5468 8204 8206
8206 2 8205 8207
8207 2 8206 8208
8208 2 8207 8209
8209 5 1006 4973 6520 8208 8210
8210 5 517 8209 8211 8476 9208
8211 4 4555 5069 8210 8212
8212 2 8211 8213
8213 2 8212 8214
8214 5 1850 4544 8213 8215 8382
8215 6 647 8214 8216 8922 8932 9570
8216 3 7608 8215 8217
8217 4 722 6583 8216 8218
8218 2 8217 8219
8219 4 1158 5848 8218 8220
8220 3 5168 8219 8221
8221 3 2711 8220 8222
8222 3 6814 8221 8223
8223 3 6665 8222 8224
8224 4 2289 6608 8223 8225
8225 5 2976 4309 5481 8224 8226
8226 2 8225 8227
8227 4 100 278 8226 8228
8228 4 497 7209 8227 8229
8229 2 8228 8230
8230 3 3177 8229 8231
8231 5 5926 7864 8230 8232 9657
8232 4 7830 8231 8233 8681
8233 6 1015 3453 4192 4873 8232 8234
8234 3 1538 8233 8235
8235 2 8234 8236
8236 5 857 5378 8235 8237 9955
8237 3 7261 8236 8238
8238 5 3062 6003 8237 8239 8394
8239 4 5133 8175 8238 8240
8240 2 8239 8241
8241 3 8240 8242 9629
8242 7 3848 3898 5713 7220 7786 8241 8243
8243 5 806 3238 8242 8244 8296
8244 4 4131 6381 8243 8245
8245 5 3589 7478 8244 8246 8433
8246 5 2015 4970 6514 8245 8247
8247 6 5617 6454 7565 8246 8248 8339
8248 3 2515 8247 8249
8249 4 2012 6937 8248 8250
8250 6 690 2507 4602 6424 8249 8251
8251 4 383 2509 8250 8252
8252 4 4111 4246 8251 8253
8253 5 982 6623 7991 8252 8254
8254 3 4807 8253 8255
8255 5 105 4018 8254 8256 8396
8256 4 1924 8255 8257 9337
8257 4 4360 4709 8256 8258
8258 4 8257 8259 8308 9578
8259 3 2224 8258 8260
8260 3 1519 8259 8261
8261 3 7598 8260 8262
8262 5 2554 3480 5416 8261 8263
8263 4 6897 7702 8262 8264
8264 3 727 8263 8265
8265 4 1927 6762 8264 8266
8266 2 8265 8267
8267 4 1594 6645 8266 8268
8268 2 8267 8269
8269 6 4422 5889 8268 8270 8548 9612
8270 4 6259 7235 8269 8271
8271 5 308 763 5672 8270 8272
8272 2 8271 8273
8273 4 5751 7014 8272 8274
8274 8 1924 3785 4523 6274 7967 8273 8275 9464
8275 4 3882 7227 8274 8276
8276 3 8275 8277 8413
8277 7 196 2428 4302 5048 8276 8278 8861
8278 2 8277 8279
8279 3 6573 8278 8280
8280 7 582 3101 5519 8279 8281 9541 9623
8281 5 1275 5116 6905 8280 8282
8282 3 8281 8283 8394
8283 3 3734 8282 8284
8284 3 1632 8283 8285
8285 6 299 1338 3492 6147 8284 8286
8286 3 4137 8285 8287
8287 4 7247 7608 8286 8288
8288 5 1724 4714 5757 8287 8289
8289 6 457 2032 2473 8288 8290 9195
8290 2 8289 8291
8291 5 3433 6895 7703 8290 8292
8292 7 2355 7581 8291 8293 8757 9149 9179
8293 4 2010 3451 8292 8294
8294 6 2122 3920 8293 8295 8816 8847
8295 2 8294 8296
8296 5 4052 8243 8295 8297 9750
8297 4 2441 3508 8296 8298
8298 3 6005 8297 8299
8299 2 8298 8300
8300 6 337 2542 5314 8188 8299 8301
8301 4 2464 7392 8300 8302
8302 4 125 3271 8301 8303
8303 2 8302 8304
8304 4 5955 7248 8303 8305
8305 3 6769 8304 8306
8306 5 900 5551 6642 8305 8307
8307 3 3691 8306 8308
8308 9 457 484 2537 3915 6775 7752 8258 8307 8309
8309 4 5840 8308 8310 9130
8310 3 904 8309 8311
8311 5 7 2212 2902 8310 8312
8312 6 1025 1485 1981 7095 8311 8313
8313 4 2722 6309 8312 8314
8314 3 1778 8313 8315
8315 5 196 4850 6106 8314 8316
8316 6 3024 4543 6868 8315 8317 9848
8317 2 8316 8318
8318 5 6186 7583 7925 8317 8319
8319 4 891 1053 8318 8320
8320 5 381 1471 1498 8319 8321
8321 5 1749 1876 2711 8320 8322
8322 6 2193 3618 3659 6670 8321 8323
8323 4 3592 7402 8322 8324
8324 2 8323 8325
8325 4 3251 8324 8326 8753
8326 4 1657 5357 8325 8327
8327 5 2130 3500 8326 8328 8576
8328 3 92 8327 8329
8329 6 2464 4218 5156 8328 8330 9156
8330 2 8329 8331
8331 3 1843 8330 8332
8332 5 654 2398 2408 8331 8333
8333 2 8332 8334
8334 5 4808 6207 6383 8333 8335
8335 2 8334 8336
8336 4 2223 4827 8335 8337
8337 3 643 8336 8338
8338 4 6390 8337 8339 9319
8339 3 8247 8338 8340
8340 4 4374 5096 8339 8341
8341 3 2237 8340 8342
8342 3 4626 8341 8343
8343 4 3790 5208 8342 8344
8344 2 8343 8345
8345 2 8344 8346
8346 5 3410 5857 8345 8347 8454
8347 3 8346 8348 9178
8348 3 4178 8347 8349
8349 4 1494 4547 8348 8350
8350 4 1772 2313 8349 8351
8351 6 560 5231 8350 8352 8401 8895
8352 4 785 8351 8353 8456
8353 2 8352 8354
8354 3 120 8353 8355
8355 2 8354 8356
8356 5 3974 5165 7689 8355 8357
8357 4 1267 2639 8356 8358
8358 4 998 1920 8357 8359
8359 3 4176 8358 8360
8360 7 1901 4624 5314 8105 8359 8361 9991
8361 4 2362 6355 8360 8362
8362 3 8361 8363 9754
8363 4 1728 6454 8362 8364
8364 7 1044 2813 3939 6817 8363 8365 8962
8365 3 5039 8364 8366
8366 5 459 1001 6841 8365 8367
8367 3 4186 8366 8368
8368 6 263 412 6188 8367 8369 9427
8369 4 1955 4589 8368 8370
8370 4 4248 8369 8371 8517
8371 2 8370 8372
8372 4 5037 8371 8373 9736
8373 5 3973 7486 7824 8372 8374
8374 4 94 8373 8375 9955
8375 2 8374 8376
8376 4 4774 5503 8375 8377
8377 4 4867 8376 8378 8806
8378 3 2352 8377 8379
8379 5 6873 8378 8380 8383 8882
8380 3 2401 8379 8381
8381 2 8380 8382
8382 3 8214 8381 8383
8383 6 3924 6638 7919 8379 8382 8384
8384 4 4654 6432 8383 8385
8385 6 7743 8049 8384 8386 9154 9348
8386 4 3358 5208 8385 8387
8387 6 190 1792 6129 8386 8388 9504
8388 4 7716 7751 8387 8389
8389 5 1965 4398 6778 8388 8390
8390 4 616 8389 8391 9192
8391 4 4043 5836 8390 8392
8392 2 8391 8393
8393 3 5867 8392 8394
8394 6 2732 8238 8282 8393 8395 9362
8395 5 2801 2863 3121 8394 8396
8396 6 860 5077 5738 8255 8395 8397
8397 4 667 8396 8398 8404
8398 2 8397 8399
8399 3 4258 8398 8400
8400 3 5133 8399 8401
8401 6 2260 2331 7567 8351 8400 8402
8402 3 7943 8401 8403
8403 5 518 3550 5600 8402 8404
8404 7 421 1863 3332 5475 8397 8403 8405
8405 3 2592 8404 8406
8406 4 802 7921 8405 8407
8407 4 5795 7442 8406 8408
8408 2 8407 8409
8409 4 947 5580 8408 8410
8410 2 8409 8411
8411 4 513 1539 8410 8412
8412 2 8411 8413
8413 6 1470 1575 8276 8412 8414 9718
8414 5 1229 1648 4722 8413 8415
8415 5 427 995 7218 8414 8416
8416 3 6527 8415 8417
8417 4 42 4693 8416 8418
8418 6 230 6765 7826 8033 8417 8419
8419 2 8418 8420
8420 5 743 3557 8419 8421 8801
8421 3 4076 8420 8422
8422 4 3083 6742 8421 8423
8423 4 2210 8422 8424 8458
8424 4 3053 7507 8423 8425
8425 3 368 8424 8426
8426 2 8425 8427
8427 4 2978 8426 8428 9815
8428 2 8427 8429
8429 5 2723 8428 8430 9033 9875
8430 5 2090 6748 8429 8431 9640
8431 4 1860 8430 8432 8576
8432 6 742 1974 3417 8431 8433 9173
8433 5 2868 5861 8245 8432 8434
8434 4 481 7692 8433 8435
8435 6 1026 7867 8434 8436 9397 9654
8436 3 4553 8435 8437
8437 3 3524 8436 8438
8438 3 3544 8437 8439
8439 4 1 4462 8438 8440
8440 3 343 8439 8441
8441 3 5372 8440 8442
8442 3 6023 8441 8443
8443 2 8442 8444
8444 5 3578 5225 7066 8443 8445
8445 2 8444 8446
8446 3 5555 8445 8447
8447 2 8446 8448
8448 4 6139 8447 8449 9781
8449 2 8448 8450
8450 3 1594 8449 8451
8451 9 376 1263 3026 5647 7338 7814 8450 8452 8646
8452 4 17 1031 8451 8453
8453 6 644 3260 3920 6171 8452 8454
8454 3 8346 8453 8455
8455 3 995 8454 8456
8456 5 215 6742 8352 8455 8457
8457 5 186 8456 8458 8534 8903
8458 3 8423 8457 8459
8459 2 8458 8460
8460 4 1939 2103 8459 8461
8461 4 3793 7682 8460 8462
8462 4 296 6538 8461 8463
8463 3 5633 8462 8464
8464 4 3041 8463 8465 9732
8465 4 1620 7291 8464 8466
8466 6 910 2796 3368 5918 8465 8467
8467 4 5215 8466 8468 8708
8468 2 8467 8469
8469 5 4832 6415 8468 8470 9460
8470 3 7806 8469 8471
8471 3 795 8470 8472
8472 2 8471 8473
8473 5 3989 5987 7497 8472 8474
8474 4 892 7194 8473 8475
8475 5 4069 4625 4977 8474 8476
8476 5 295 5036 8210 8475 8477
8477 7 2156 4482 5501 7817 8476 8478 9314
8478 2 8477 8479
8479 6 7383 8025 8132 8478 8480 8864
8480 2 8479 8481
8481 3 5768 8480 8482
8482 5 1115 5641 7806 8481 8483
8483 5 472 8047 8482 8484 8548
8484 4 1931 7819 8483 8485
8485 4 4884 5296 8484 8486
8486 6 439 1345 1502 4086 8485 8487
8487 3 811 8486 8488
8488 6 314 6125 8487 8489 9734 9815
8489 3 5963 8488 8490
8490 3 1059 8489 8491
8491 3 5981 8490 8492
8492 6 1047 2870 4887 6903 8491 8493
8493 3 6411 8492 8494
8494 4 906 7133 8493 8495
8495 4 1029 5367 8494 8496
8496 2 8495 8497
8497 4 1083 4681 8496 8498
8498 2 8497 8499
8499 4 739 2374 8498 8500
8500 3 4435 8499 8501
8501 6 1020 4549 5605 5858 8500 8502
8502 3 4187 8501 8503
8503 5 418 8502 8504 9929 9933
8504 7 218 6626 8010 8503 8505 8740 9513
8505 2 8504 8506
8506 2 8505 8507
8507 2 8506 8508
8508 4 4482 7990 8507 8509
8509 2 8508 8510
8510 3 1000 8509 8511
8511 5 1325 2625 5842 8510 8512
8512 4 132 8511 8513 8962
8513 3 4557 8512 8514
8514 4 7755 8513 8515 8530
8515 2 8514 8516
8516 2 8515 8517
8517 3 8370 8516 8518
8518 3 503 8517 8519
8519 5 3431 4598 8518 8520 8623
8520 3 5017 8519 8521
8521 5 8520 8522 9569 9617 9758
8522 3 1388 8521 8523
8523 5 5600 7741 8522 8524 9511
8524 3 2400 8523 8525
8525 4 1175 1569 8524 8526
8526 2 8525 8527
8527 3 198 8526 8528
8528 2 8527 8529
8529 4 3658 8528 8530 8747
8530 4 1036 8514 8529 8531
8531 3 4936 8530 8532
8532 5 1865 3347 8531 8533 9318
8533 3 7059 8532 8534
8534 4 5209 8457 8533 8535
8535 6 458 2588 2980 8534 8536 9748
8536 5 2222 5876 6814 8535 8537
8537 2 8536 8538
8538 4 1139 1615 8537 8539
8539 6 4366 7309 8538 8540 9262 9946
8540 3 3755 8539 8541
8541 3 3281 8540 8542
8542 2 8541 8543
8543 3 1499 8542 8544
8544 2 8543 8545
8545 5 573 5709 8544 8546 8676
8546 3 8035 8545 8547
8547 3 441 8546 8548
8548 5 8269 8483 8547 8549 9452
8549 4 85 754 8548 8550
8550 2 8549 8551
8551 5 580 7081 8550 8552 9271
8552 4 1588 7565 8551 8553
8553 3 7307 8552 8554
8554 3 7418 8553 8555
8555 5 1248 1345 3302 8554 8556
8556 6 457 2258 3456 4805 8555 8557
8557 3 5924 8556 8558
8558 5 3010 3982 7517 8557 8559
8559 2 8558 8560
8560 2 8559 8561
8561 6 750 5416 8560 8562 9057 9558
8562 4 8561 8563 8857 8882
8563 4 3259 5027 8562 8564
8564 2 8563 8565
8565 4 6364 8564 8566 9159
8566 7 430 897 5148 5998 7475 8565 8567
8567 3 3120 8566 8568
8568 3 8567 8569 9973
8569 3 3283 8568 8570
8570 6 4025 4886 6135 8569 8571 8823
8571 5 641 2977 3777 8570 8572
8572 3 1405 8571 8573
8573 4 8572 8574 9384 9639
8574 5 1745 3918 8573 8575 9354
8575 5 4138 4331 5879 8574 8576
8576 7 4799 8327 8431 8575 8577 9403 9539
8577 3 5718 8576 8578
8578 5 4829 6632 8577 8579 8792
8579 3 5090 8578 8580
8580 4 6373 7766 8579 8581
8581 5 26 1710 5621 8580 8582
8582 4 4487 6999 8581 8583
8583 4 352 6259 8582 8584
8584 4 1082 4780 8583 8585
8585 4 3819 6792 8584 8586
8586 3 5630 8585 8587
8587 3 8586 8588 9032
8588 2 8587 8589
8589 2 8588 8590
8590 8 218 2484 6274 7625 8093 8589 8591 9099
8591 4 7657 7922 8590 8592
8592 6 4917 5374 8591 8593 9054 9836
8593 2 8592 8594
8594 4 1393 8593 8595 9909
8595 2 8594 8596
8596 5 3037 4454 5956 8595 8597
8597 5 2646 7433 8134 8596 8598
8598 4 3368 6209 8597 8599
8599 2 8598 8600
8600 3 7039 8599 8601
8601 4 6820 7889 8600 8602
8602 2 8601 8603
8603 4 2854 6506 8602 8604
8604 4 847 5055 8603 8605
8605 3 2053 8604 8606
8606 4 2458 4874 8605 8607
8607 3 8606 8608 9712
8608 3 5840 8607 8609
8609 8 713 1831 5392 5866 7717 7910 8608 8610
8610 2 8609 8611
8611 6 2615 4136 4613 4691 8610 8612
8612 8 902 3383 4289 5840 7150 7814 8611 8613
8613 5 20 2060 5737 8612 8614
8614 4 339 1404 8613 8615
8615 2 8614 8616
8616 3 2200 8615 8617
8617 5 900 1638 8616 8618 9230
8618 4 4050 4652 8617 8619
8619 3 8618 8620 8756
8620 3 5561 8619 8621
8621 5 2833 4434 8620 8622 9653
8622 8 2876 4343 6771 7817 8621 8623 9315 9819
8623 5 7229 8519 8622 8624 9024
8624 2 8623 8625
8625 2 8624 8626
8626 8 1650 3985 5388 7170 7729 8625 8627 8793
8627 3 5248 8626 8628
8628 7 437 501 3168 3288 6542 8627 8629
8629 4 4362 6236 8628 8630
8630 5 2482 2732 5847 8629 8631
8631 6 464 2711 5500 7814 8630 8632
8632 4 2363 4156 8631 8633
8633 4 3276 8632 8634 8790
8634 6 158 6599 7161 8633 8635 9596
8635 4 4231 8634 8636 9277
8636 4 3715 8635 8637 9486
8637 4 3733 6723 8636 8638
8638 3 718 8637 8639
8639 3 4044 8638 8640
8640 3 8639 8641 8701
8641 3 2259 8640 8642
8642 3 5310 8641 8643
8643 4 6232 8642 8644 8751
8644 6 91 122 1697 8643 8645 8755
8645 6 335 1124 4523 8644 8646 9726
8646 5 1340 4217 8451 8645 8647
8647 3 680 8646 8648
8648 5 673 3721 7513 8647 8649
8649 2 8648 8650
8650 2 8649 8651
8651 4 13 660 8650 8652
8652 7 5 553 2271 3290 5677 8651 8653
8653 3 5567 8652 8654
8654 5 53 605 7357 8653 8655
8655 3 994 8654 8656
8656 3 6591 8655 8657
8657 5 2176 2633 3999 8656 8658
8658 4 417 5474 8657 8659
8659 2 8658 8660
8660 6 3986 5730 6967 8659 8661 9980
8661 3 371 8660 8662
8662 4 7694 8661 8663 9220
8663 2 8662 8664
8664 4 3610 6840 8663 8665
8665 2 8664 8666
8666 3 6980 8665 8667
8667 5 3928 4268 5119 8666 8668
8668 4 502 8107 8667 8669
8669 5 1743 5220 6960 8668 8670
8670 5 1283 2642 8669 8671 9845
8671 3 5091 8670 8672
8672 5 1697 2344 2575 8671 8673
8673 3 23 8672 8674
8674 9 624 1416 5003 5890 5913 7094 8673 8675 8983
8675 5 449 4124 7148 8674 8676
8676 6 913 3374 3594 8545 8675 8677
8677 3 6709 8676 8678
8678 4 3018 6091 8677 8679
8679 4 2711 3311 8678 8680
8680 2 8679 8681
8681 5 6629 8232 8680 8682 8955
8682 3 1785 8681 8683
8683 5 4243 8160 8682 8684 8696
8684 2 8683 8685
8685 4 22 1085 8684 8686
8686 4 5194 8171 8685 8687
8687 4 3098 4958 8686 8688
8688 3 6203 8687 8689
8689 3 3897 8688 8690
8690 5 1464 4079 8689 8691 9815
8691 3 2306 8690 8692
8692 5 60 4812 7490 8691 8693
8693 3 7191 8692 8694
8694 2 8693 8695
8695 5 6009 7147 8694 8696 9791
8696 4 7244 8683 8695 8697
8697 4 7716 8696 8698 9378
8698 3 2068 8697 8699
8699 5 5253 7949 8698 8700 9147
8700 4 1428 2437 8699 8701
8701 6 2870 6311 7066 8640 8700 8702
8702 3 3520 8701 8703
8703 5 6166 6843 7558 8702 8704
8704 2 8703 8705
8705 3 5758 8704 8706
8706 5 3371 3664 5829 8705 8707
8707 4 2636 2929 8706 8708
8708 5 4043 5487 8467 8707 8709
8709 3 8708 8710 9542
8710 3 7896 8709 8711
8711 5 2541 2693 3201 8710 8712
8712 5 1421 2002 5069 8711 8713
8713 5 1440 2258 8712 8714 9320
8714 3 448 8713 8715
8715 3 4096 8714 8716
8716 5 2914 3266 5802 8715 8717
8717 4 3324 6208 8716 8718
8718 3 627 8717 8719
8719 4 3299 6018 8718 8720
8720 6 932 3043 5185 8719 8721 9859
8721 5 3880 3987 4477 8720 8722
8722 4 3630 8721 8723 8895
8723 2 8722 8724
8724 4 455 2616 8723 8725
8725 5 4150 6544 8724 8726 9648
8726 5 2963 4576 8204 8725 8727
8727 4 6414 7921 8726 8728
8728 6 3670 3971 5114 5846 8727 8729
8729 5 2845 3366 4120 8728 8730
8730 3 4181 8729 8731
8731 7 1375 2140 3377 8176 8730 8732 8940
8732 6 13 3284 6475 8731 8733 9273
8733 3 5740 8732 8734
8734 5 3712 5435 5509 8733 8735
8735 7 526 1808 4282 8734 8736 8986 9064
8736 2 8735 8737
8737 4 2392 6426 8736 8738
8738 3 2345 8737 8739
8739 5 4113 4541 6333 8738 8740
8740 6 1427 4328 6251 8504 8739 8741
8741 4 6464 7461 8740 8742
8742 5 2530 6068 8741 8743 9189
8743 4 4122 4436 8742 8744
8744 3 8743 8745 9824
8745 5 3340 6833 8744 8746 9790
8746 2 8745 8747
8747 5 4305 7009 8529 8746 8748
8748 2 8747 8749
8749 5 5823 8063 8748 8750 9588
8750 6 2871 4326 6021 7953 8749 8751
8751 8 3725 3978 4013 4909 5544 8643 8750 8752
8752 5 584 2713 6565 8751 8753
8753 5 4490 8325 8752 8754 9298
8754 3 5281 8753 8755
8755 5 7863 8644 8754 8756 9448
8756 5 2164 5667 8619 8755 8757
8757 3 8292 8756 8758
8758 3 7409 8757 8759
8759 4 2404 3630 8758 8760
8760 3 8759 8761 9798
8761 4 105 7931 8760 8762
8762 6 530 2116 5708 8761 8763 9747
8763 4 4572 6423 8762 8764
8764 4 6355 8763 8765 9274
8765 2 8764 8766
8766 4 7411 7543 8765 8767
8767 4 1127 2680 8766 8768
8768 4 3365 7745 8767 8769
8769 3 6291 8768 8770
8770 5 50 5891 8769 8771 8998
8771 3 8770 8772 9892
8772 5 1243 2934 7539 8771 8773
8773 2 8772 8774
8774 4 4038 6272 8773 8775
8775 4 4145 8774 8776 8962
8776 3 2314 8775 8777
8777 4 3768 4192 8776 8778
8778 5 700 8777 8779 8844 9788
8779 4 1315 8778 8780 9980
8780 2 8779 8781
8781 6 312 7622 7773 8780 8782 9845
8782 4 3167 6315 8781 8783
8783 4 3168 8198 8782 8784
8784 5 1133 4942 8783 8785 9854
8785 3 6395 8784 8786
8786 2 8785 8787
8787 4 544 7305 8786 8788
8788 5 3643 7674 8787 8789 9885
8789 2 8788 8790
8790 5 5707 8633 8789 8791 9532
8791 4 558 5870 8790 8792
8792 6 3156 4569 5067 8578 8791 8793
8793 4 2442 8626 8792 8794
8794 3 7707 8793 8795
8795 4 4315 8794 8796 9029
8796 4 877 2825 8795 8797
8797 5 1037 3042 4668 8796 8798
8798 2 8797 8799
8799 4 704 7945 8798 8800
8800 4 126 1888 8799 8801
8801 6 4295 5046 7778 8420 8800 8802
8802 3 30 8801 8803
8803 2 8802 8804
8804 5 5073 7397 7588 8803 8805
8805 3 3719 8804 8806
8806 5 3567 6782 8377 8805 8807
8807 4 3069 3990 8806 8808
8808 2 8807 8809
8809 3 2296 8808 8810
8810 2 8809 8811
8811 6 362 6142 7782 8810 8812 9469
8812 4 4724 6586 8811 8813
8813 2 8812 8814
8814 4 442 8813 8815 9124
8815 2 8814 8816
8816 3 8294 8815 8817
8817 4 2692 5032 8816 8818
8818 2 8817 8819
8819 2 8818 8820
8820 2 8819 8821
8821 3 5577 8820 8822
8822 4 2295 5592 8821 8823
8823 4 6431 8570 8822 8824
8824 2 8823 8825
8825 6 2390 2636 7510 8824 8826 9332
8826 6 1228 2016 8825 8827 9600 9614
8827 3 7275 8826 8828
8828 3 3489 8827 8829
8829 3 7461 8828 8830
8830 5 6220 6427 7131 8829 8831
8831 6 947 3870 4571 8830 8832 9521
8832 3 5448 8831 8833
8833 3 712 8832 8834
8834 5 3614 5656 8833 8835 9008
8835 5 2794 4700 6781 8834 8836
8836 4 37 8835 8837 9865
8837 2 8836 8838
8838 5 2157 4536 8837 8839 9438
8839 2 8838 8840
8840 3 4659 8839 8841
8841 3 8840 8842 8970
8842 6 3279 3829 4822 7590 8841 8843
8843 4 334 6319 8842 8844
8844 6 6928 7335 8778 8843 8845 9755
8845 3 4171 8844 8846
8846 4 7211 8077 8845 8847
8847 5 686 846 8294 8846 8848
8848 6 5378 5436 6452 7403 8847 8849
8849 3 2395 8848 8850
8850 5 1231 3271 5556 8849 8851
8851 3 5060 8850 8852
8852 5 2491 3747 5931 8851 8853
8853 7 1094 2318 2369 4275 4961 8852 8854
8854 5 678 1130 6640 8853 8855
8855 3 4915 8854 8856
8856 5 1669 8855 8857 9052 9786
8857 5 2572 8562 8856 8858 9309
8858 6 167 2620 2713 6359 8857 8859
8859 3 5546 8858 8860
8860 3 3580 8859 8861
8861 4 4498 8277 8860 8862
8862 4 4930 5971 8861 8863
8863 2 8862 8864
8864 5 5316 7260 8479 8863 8865
8865 6 3386 5156 7097 7985 8864 8866
8866 4 18 367 8865 8867
8867 4 1923 4402 8866 8868
8868 5 4313 5255 8867 8869 9326
8869 5 2336 3543 8868 8870 9418
8870 5 68 610 5265 8869 8871
8871 2 8870 8872
8872 3 2866 8871 8873
8873 3 5046 8872 8874
8874 5 678 1078 8873 8875 9724
8875 3 8874 8876 9225
8876 2 8875 8877
8877 3 6581 8876 8878
8878 3 2580 8877 8879
8879 4 1115 1654 8878 8880
8880 5 7877 8879 8881 9362 9482
8881 4 3991 5864 8880 8882
8882 6 5979 8379 8562 8881 8883 9761
8883 2 8882 8884
8884 4 7970 8883 8885 9060
8885 2 8884 8886
8886 3 5317 8885 8887
8887 4 83 8886 8888 9754
8888 5 3339 6564 8887 8889 9264
8889 8 2576 3551 6324 7354 7712 8888 8890 9921
8890 4 3781 7538 8889 8891
8891 4 1912 8890 8892 9573
8892 4 599 3194 8891 8893
8893 4 1352 4452 8892 8894
8894 2 8893 8895
8895 8 856 5866 8351 8722 8894 8896 9422 9605
8896 3 6142 8895 8897
8897 3 1714 8896 8898
8898 4 112 8897 8899 9591
8899 4 914 7138 8898 8900
8900 4 328 724 8899 8901
8901 3 4558 8900 8902
8902 2 8901 8903
8903 5 2282 8457 8902 8904 9026
8904 3 6909 8903 8905
8905 2 8904 8906
8906 5 1410 4354 7858 8905 8907
8907 2 8906 8908
8908 2 8907 8909
8909 3 1697 8908 8910
8910 6 1568 3106 3574 3823 8909 8911
8911 4 1758 4855 8910 8912
8912 2 8911 8913
8913 6 798 1512 4816 6191 8912 8914
8914 2 8913 8915
8915 4 230 7317 8914 8916
8916 7 33 3726 4866 5499 8041 8915 8917
8917 4 3834 3883 8916 8918
8918 4 7028 8917 8919 9785
8919 3 6841 8918 8920
8920 2 8919 8921
8921 3 2104 8920 8922
8922 4 4901 8215 8921 8923
8923 3 73 8922 8924
8924 4 3401 7988 8923 8925
8925 3 2299 8924 8926
8926 6 3181 3310 3401 5224 8925 8927
8927 6 5597 5737 6881 8033 8926 8928
8928 2 8927 8929
8929 4 3549 8928 8930 9309
8930 6 890 1624 1759 3513 8929 8931
8931 4 4720 5251 8930 8932
8932 9 361 1249 4341 4441 6805 7188 8215 8931 8933
8933 5 1572 2455 8932 8934 9406
8934 4 4958 8933 8935 9923
8935 4 1025 2837 8934 8936
8936 2 8935 8937
8937 6 1964 2604 5583 7753 8936 8938
8938 2 8937 8939
8939 5 4689 5172 6707 8938 8940
8940 4 3072 8731 8939 8941
8941 4 317 487 8940 8942
8942 2 8941 8943
8943 4 1960 7572 8942 8944
8944 5 5376 5546 8943 8945 9445
8945 3 3547 8944 8946
8946 5 2978 3627 4326 8945 8947
8947 4 3378 4271 8946 8948
8948 4 2123 2200 8947 8949
8949 3 2189 8948 8950
8950 3 5728 8949 8951
8951 4 2790 3561 8950 8952
8952 2 8951 8953
8953 8 205 420 616 5693 8952 8954 9141 9858
8954 5 5927 6365 6963 8953 8955
8955 5 3236 5871 8681 8954 8956
8956 4 2094 7252 8955 8957
8957 5 24 4490 4614 8956 8958
8958 4 2983 7756 8957 8959
8959 5 283 373 7161 8958 8960
8960 4 1165 2153 8959 8961
8961 5 3073 5124 8090 8960 8962
8962 6 3338 8364 8512 8775 8961 8963
8963 4 5197 5298 8962 8964
8964 3 1457 8963 8965
8965 6 1942 2219 3134 4503 8964 8966
8966 2 8965 8967
8967 3 8966 8968 9254
8968 2 8967 8969
8969 3 233 8968 8970
8970 5 5200 7568 8841 8969 8971
8971 2 8970 8972
8972 5 3532 7634 8971 8973 9568
8973 3 7367 8972 8974
8974 4 1963 4481 8973 8975
8975 3 2909 8974 8976
8976 4 5021 7061 8975 8977
8977 3 37 8976 8978
8978 5 2102 4635 6153 8977 8979
8979 4 7 3210 8978 8980
8980 6 972 3754 3837 8202 8979 8981
8981 3 8980 8982 9221
8982 3 1842 8981 8983
8983 4 615 8674 8982 8984
8984 3 3470 8983 8985
8985 6 4012 4283 7620 8984 8986 9736
8986 6 4022 5654 5687 8735 8985 8987
8987 2 8986 8988
8988 3 7826 8987 8989
8989 3 2821 8988 8990
8990 6 1038 4613 6033 7348 8989 8991
8991 6 381 1422 2097 7875 8990 8992
8992 2 8991 8993
8993 6 3252 4692 7070 8992 8994 8996
8994 2 8993 8995
8995 3 4078 8994 8996
8996 4 1790 8993 8995 8997
8997 2 8996 8998
8998 5 91 8770 8997 8999 9922
8999 6 438 708 3990 7749 8998 9000
9000 5 6309 7732 8999 9001 9733
9001 5 1170 2455 7312 9000 9002
9002 4 417 2287 9001 9003
9003 5 178 3297 5203 9002 9004
9004 3 7526 9003 9005
9005 5 6231 6781 9004 9006 9545
9006 4 5801 8001 9005 9007
9007 5 217 2644 9006 9008 9681
9008 4 5263 8834 9007 9009
9009 4 4188 4733 9008 9010
9010 5 250 1879 8182 9009 9011
9011 4 2048 9010 9012 9478
9012 3 7521 9011 9013
9013 4 6161 6471 9012 9014
9014 3 2170 9013 9015
9015 4 5823 7617 9014 9016
9016 6 310 1162 5297 9015 9017 9938
9017 4 590 9016 9018 9157
9018 2 9017 9019
9019 3 5292 9018 9020
9020 2 9019 9021
9021 3 6790 9020 9022
9022 2 9021 9023
9023 2 9022 9024
9024 5 4002 7539 8623 9023 9025
9025 5 609 4586 5902 9024 9026
9026 5 1647 5443 8903 9025 9027
9027 5 251 1051 9026 9028 9160
9028 2 9027 9029
9029 5 2032 3515 8795 9028 9030
9030 3 6909 9029 9031
9031 4 1196 5371 9030 9032
9032 5 227 7561 8587 9031 9033
9033 5 4339 4691 8429 9032 9034
9034 4 1444 3816 9033 9035
9035 2 9034 9036
9036 2 9035 9037
9037 4 5300 7453 9036 9038
9038 3 1834 9037 9039
9039 5 3046 4200 9038 9040 9712
9040 3 4797 9039 9041
9041 2 9040 9042
9042 4 1384 6886 9041 9043
9043 3 4841 9042 9044
9044 3 3979 9043 9045
9045 7 804 5165 6179 6198 7311 9044 9046
9046 3 563 9045 9047
9047 4 368 7697 9046 9048
9048 5 2422 5769 9047 9049 9191
9049 4 941 9048 9050 9651
9050 3 6276 9049 9051
9051 5 2779 7359 7473 9050 9052
9052 8 4188 4696 5570 6757 8856 9051 9053 9520
9053 3 6525 9052 9054
9054 5 4453 8592 9053 9055 9947
9055 4 6876 6884 9054 9056
9056 5 4592 5590 7325 9055 9057
9057 3 8561 9056 9058
9058 6 3047 3388 5541 9057 9059 9217
9059 4 1480 6600 9058 9060
9060 5 2795 8884 9059 9061 9667
9061 7 294 1225 2687 3342 7201 9060 9062
9062 3 1960 9061 9063
9063 3 3746 9062 9064
9064 3 8735 9063 9065
9065 3 5125 9064 9066
9066 8 422 2198 2650 3209 7518 9065 9067 9756
9067 3 4494 9066 9068
9068 3 2172 9067 9069
9069 4 4276 9068 9070 9153
9070 6 588 1108 2392 2608 9069 9071
9071 6 2465 4131 7641 9070 9072 9624
9072 2 9071 9073
9073 4 1122 2422 9072 9074
9074 3 7524 9073 9075
9075 3 816 9074 9076
9076 3 1095 9075 9077
9077 2 9076 9078
9078 4 812 7248 9077 9079
9079 2 9078 9080
9080 5 3334 3758 6916 9079 9081
9081 5 2369 2767 9080 9082 9399
9082 3 7062 9081 9083
9083 5 2364 2566 5405 9082 9084
9084 3 2778 9083 9085
9085 4 965 6529 9084 9086
9086 3 5334 9085 9087
9087 5 1938 3780 6663 9086 9088
9088 4 1437 3975 9087 9089
9089 3 4486 9088 9090
9090 3 6731 9089 9091
9091 7 598 3098 3994 7222 9090 9092 9214
9092 2 9091 9093
9093 4 1226 3191 9092 9094
9094 5 5723 6792 9093 9095 9603
9095 6 845 4485 7753 9094 9096 9423
9096 3 7865 9095 9097
9097 5 636 6499 6872 9096 9098
9098 5 3347 4878 4930 9097 9099
9099 7 3820 6478 6711 7031 8590 9098 9100
9100 5 1234 3427 6063 9099 9101
9101 3 4038 9100 9102
9102 4 1791 3441 9101 9103
9103 5 3915 4617 5917 9102 9104
9104 5 3662 3735 6780 9103 9105
9105 2 9104 9106
9106 7 678 1703 2362 4590 5778 9105 9107
9107 6 1157 1726 2962 9106 9108 9848
9108 4 4938 7709 9107 9109
9109 5 4409 6091 7128 9108 9110
9110 5 7325 7423 9109 9111 9520
9111 3 2089 9110 9112
9112 4 3573 9111 9113 9594
9113 3 3077 9112 9114
9114 4 770 5251 9113 9115
9115 7 1671 6765 6993 7463 9114 9116 9715
9116 5 1284 5230 6759 9115 9117
9117 5 1987 2035 6785 9116 9118
9118 6 2482 6910 7103 9117 9119 9569
9119 3 133 9118 9120
9120 4 120 6572 9119 9121
9121 5 281 3444 4949 9120 9122
9122 3 9121 9123 9596
9123 6 321 1277 6102 9122 9124 9290
9124 6 3451 4345 8037 8814 9123 9125
9125 4 1465 7070 9124 9126
9126 3 1844 9125 9127
9127 4 2043 6692 9126 9128
9128 5 1239 5663 7342 9127 9129
9129 4 238 4249 9128 9130
9130 5 667 7138 8309 9129 9131
9131 2 9130 9132
9132 3 7096 9131 9133
9133 3 890 9132 9134
9134 3 3983 9133 9135
9135 5 2411 2685 9134 9136 9223
9136 3 5473 9135 9137
9137 4 852 7300 9136 9138
9138 3 5590 9137 9139
9139 10 490 707 734 1344 2544 3940 7409 9138 9140 9515
9140 2 9139 9141
9141 4 4801 8953 9140 9142
9142 4 951 3505 9141 9143
9143 6 5157 7039 7678 9142 9144 9964
9144 5 792 2429 2709 9143 9145
9145 4 2413 7292 9144 9146
9146 4 1342 6759 9145 9147
9147 4 2955 8699 9146 9148
9148 2 9147 9149
9149 4 2754 8292 9148 9150
9150 3 4568 9149 9151
9151 3 3517 9150 9152
9152 3 6821 9151 9153
9153 3 9069 9152 9154
9154 3 8385 9153 9155
9155 3 593 9154 9156
9156 5 1186 5145 8329 9155 9157
9157 5 9017 9156 9158 9731 9997
9158 4 450 3717 9157 9159
9159 5 1232 8565 9158 9160 9416
9160 4 419 9027 9159 9161
9161 4 6575 6732 9160 9162
9162 3 7173 9161 9163
9163 2 9162 9164
9164 3 3079 9163 9165
9165 3 1712 9164 9166
9166 4 316 9165 9167 9548
9167 5 3118 3392 9166 9168 9857
9168 5 143 2531 7676 9167 9169
9169 4 5403 8167 9168 9170
9170 3 5486 9169 9171
9171 5 1499 5608 7692 9170 9172
9172 5 880 3609 5402 9171 9173
9173 6 173 4637 6075 8432 9172 9174
9174 5 251 2818 5308 9173 9175
9175 7 719 1269 2204 6190 6634 9174 9176
9176 3 6548 9175 9177
9177 3 4038 9176 9178
9178 5 2993 8347 9177 9179 9984
9179 5 3676 8292 9178 9180 9839
9180 6 1745 5264 6915 6928 9179 9181
9181 4 1570 9180 9182 9389
9182 6 2719 6431 9181 9183 9389 9843
9183 9 1495 1822 3044 3224 3802 6028 7080 9182 9184
9184 7 673 5381 5954 6293 7436 9183 9185
9185 5 859 3566 5684 9184 9186
9186 7 2940 3330 5949 6942 7371 9185 9187
9187 2 9186 9188
9188 3 5623 9187 9189
9189 6 2044 2668 6144 8742 9188 9190
9190 6 1242 4811 5552 6655 9189 9191
9191 4 4254 9048 9190 9192
9192 6 2671 4858 5826 8390 9191 9193
9193 6 593 2139 3261 9192 9194 9780
9194 2 9193 9195
9195 3 8289 9194 9196
9196 7 1110 1286 6399 6705 7109 9195 9197
9197 4 4761 9196 9198 9755
9198 2 9197 9199
9199 3 2171 9198 9200
9200 7 2034 4316 4809 6864 7184 9199 9201
9201 4 1406 1790 9200 9202
9202 4 5857 5925 9201 9203
9203 3 7423 9202 9204
9204 2 9203 9205
9205 3 3465 9204 9206
9206 5 6803 7042 7841 9205 9207
9207 5 6985 7789 9206 9208 9270
9208 6 258 4685 4695 8210 9207 9209
9209 5 624 4730 6927 9208 9210
9210 2 9209 9211
9211 3 4791 9210 9212
9212 3 6880 9211 9213
9213 2 9212 9214
9214 4 7789 9091 9213 9215
9215 5 106 2317 6314 9214 9216
9216 4 3655 9215 9217 9272
9217 8 3729 6885 7687 7976 9058 9216 9218 9420
9218 2 9217 9219
9219 4 7052 9218 9220 9925
9220 5 2535 5863 8662 9219 9221
9221 6 154 7945 8981 9220 9222 9523
9222 5 2879 3809 6904 9221 9223
9223 3 9135 9222 9224
9224 3 4072 9223 9225
9225 8 575 6321 6814 7139 7418 8875 9224 9226
9226 3 4363 9225 9227
9227 3 7036 9226 9228
9228 5 2728 4446 4579 9227 9229
9229 6 3413 3476 6722 8049 9228 9230
9230 5 553 8617 9229 9231 9532
9231 4 3345 9230 9232 9802
9232 3 5889 9231 9233
9233 3 897 9232 9234
9234 5 399 5439 7066 9233 9235
9235 3 3327 9234 9236
9236 3 2144 9235 9237
9237 6 1619 5034 5482 9236 9238 9391
9238 5 1017 4080 7008 9237 9239
9239 3 7540 9238 9240
9240 2 9239 9241
9241 7 315 2029 2116 2127 5398 9240 9242
9242 4 3715 5629 9241 9243
9243 4 1179 6507 9242 9244
9244 5 436 4203 6063 9243 9245
9245 3 2191 9244 9246
9246 4 2921 7027 9245 9247
9247 5 4200 4622 6371 9246 9248
9248 6 288 2165 3729 9247 9249 9294
9249 3 9248 9250 9736
9250 3 7424 9249 9251
9251 4 736 4275 9250 9252
9252 4 2010 6774 9251 9253
9253 3 229 9252 9254
9254 5 7530 8967 9253 9255 9455
9255 4 496 6858 9254 9256
9256 3 8123 9255 9257
9257 3 3249 9256 9258
9258 4 822 7024 9257 9259
9259 2 9258 9260
9260 2 9259 9261
9261 2 9260 9262
9262 7 1330 2445 2609 4815 8539 9261 9263
9263 4 2897 3341 9262 9264
9264 4 2345 8888 9263 9265
9265 3 5268 9264 9266
9266 2 9265 9267
9267 3 5128 9266 9268
9268 2 9267 9269
9269 5 3925 6136 7573 9268 9270
9270 5 5892 5983 9207 9269 9271
9271 5 2062 3536 8551 9270 9272
9272 3 9216 9271 9273
9273 5 660 4389 8732 9272 9274
9274 7 4225 4988 5431 5482 8764 9273 9275
9275 5 4001 4959 9274 9276 9865
9276 5 3751 3913 5286 9275 9277
9277 6 1318 4391 8635 9276 9278 9745
9278 3 5242 9277 9279
9279 4 850 6900 9278 9280
9280 4 3644 7709 9279 9281
9281 3 4574 9280 9282
9282 5 3596 5905 9281 9283 9406
9283 3 4829 9282 9284
9284 4 317 7157 9283 9285
9285 5 6205 6755 6970 9284 9286
9286 5 3073 6010 7679 9285 9287
9287 5 4806 7506 9286 9288 9932
9288 4 4086 6659 9287 9289
9289 3 3839 9288 9290
9290 6 3045 3537 5345 9123 9289 9291
9291 4 919 7589 9290 9292
9292 3 1819 9291 9293
9293 4 2249 3069 9292 9294
9294 3 9248 9293 9295
9295 4 1678 4662 9294 9296
9296 3 5010 9295 9297
9297 4 1007 5773 9296 9298
9298 6 2027 5777 8753 9297 9299 9972
9299 2 9298 9300
9300 3 7034 9299 9301
9301 3 3352 9300 9302
9302 2 9301 9303
9303 4 2510 2901 9302 9304
9304 5 4000 4718 6593 9303 9305
9305 2 9304 9306
9306 3 4894 9305 9307
9307 2 9306 9308
9308 2 9307 9309
9309 5 6417 8857 8929 9308 9310
9310 3 2378 9309 9311
9311 2 9310 9312
9312 3 7830 9311 9313
9313 7 375 2611 2950 9312 9314 9667 9675
9314 3 8477 9313 9315
9315 3 8622 9314 9316
9316 2 9315 9317
9317 4 1471 9316 9318 9883
9318 4 3237 8532 9317 9319
9319 4 8338 9318 9320 9713
9320 3 8713 9319 9321
9321 3 2067 9320 9322
9322 5 640 880 7800 9321 9323
9323 2 9322 9324
9324 3 1693 9323 9325
9325 3 661 9324 9326
9326 6 413 4286 6561 8868 9325 9327
9327 5 4499 4664 7876 9326 9328
9328 2 9327 9329
9329 3 4899 9328 9330
9330 2 9329 9331
9331 5 2859 4716 6170 9330 9332
9332 3 8825 9331 9333
9333 4 3171 6578 9332 9334
9334 3 7190 9333 9335
9335 4 5513 8112 9334 9336
9336 5 2860 7312 9335 9337 9371
9337 5 1689 7932 8256 9336 9338
9338 2 9337 9339
9339 4 2897 5023 9338 9340
9340 2 9339 9341
9341 3 200 9340 9342
9342 7 2025 3495 4649 5366 7435 9341 9343
9343 5 3351 4551 6470 9342 9344
9344 5 354 1529 7759 9343 9345
9345 3 3128 9344 9346
9346 3 8126 9345 9347
9347 3 5970 9346 9348
9348 4 5853 8385 9347 9349
9349 4 168 1917 9348 9350
9350 2 9349 9351
9351 2 9350 9352
9352 4 6071 7284 9351 9353
9353 3 6946 9352 9354
9354 4 5960 8574 9353 9355
9355 2 9354 9356
9356 4 82 8089 9355 9357
9357 5 947 3947 6891 9356 9358
9358 4 3362 5179 9357 9359
9359 3 3475 9358 9360
9360 3 4263 9359 9361
9361 5 4290 4493 7944 9360 9362
9362 4 8394 8880 9361 9363
9363 5 1864 2184 7564 9362 9364
9364 4 747 1369 9363 9365
9365 3 9364 9366 9568
9366 4 127 5867 9365 9367
9367 2 9366 9368
9368 4 1575 4185 9367 9369
9369 6 98 3805 5309 9368 9370 9745
9370 2 9369 9371
9371 10 247 1099 3067 4116 5278 5957 7487 9336 9370 9372
9372 5 2923 4223 6682 9371 9373
9373 3 2755 9372 9374
9374 3 654 9373 9375
9375 4 3427 7001 9374 9376
9376 6 964 2700 3383 4754 9375 9377
9377 4 3550 5004 9376 9378
9378 4 7050 8697 9377 9379
9379 2 9378 9380
9380 2 9379 9381
9381 2 9380 9382
9382 4 2518 2736 9381 9383
9383 4 697 4181 9382 9384
9384 6 842 1804 5327 8573 9383 9385
9385 5 2187 2349 4592 9384 9386
9386 5 1270 2209 6986 9385 9387
9387 6 849 2675 2796 6542 9386 9388
9388 6 571 2297 2961 5167 9387 9389
9389 6 3179 6575 9181 9182 9388 9390
9390 5 749 972 2251 9389 9391
9391 6 4177 6235 9237 9390 9392 9997
9392 3 1341 9391 9393
9393 3 1415 9392 9394
9394 5 445 909 7784 9393 9395
9395 3 6018 9394 9396
9396 3 7408 9395 9397
9397 7 831 1466 2185 3445 8435 9396 9398
9398 4 699 5305 9397 9399
9399 6 926 5695 9081 9398 9400 9419
9400 2 9399 9401
9401 4 4492 5924 9400 9402
9402 4 437 3548 9401 9403
9403 5 202 1449 8576 9402 9404
9404 3 1037 9403 9405
9405 3 5198 9404 9406
9406 6 2242 7118 8933 9282 9405 9407
9407 5 2565 4282 7495 9406 9408
9408 3 4772 9407 9409
9409 4 3699 9408 9410 9995
9410 6 631 3088 5278 5302 9409 9411
9411 3 2082 9410 9412
9412 3 3141 9411 9413
9413 6 243 2296 3212 6853 9412 9414
9414 7 930 1063 1527 3351 4441 9413 9415
9415 3 4872 9414 9416
9416 4 3194 9159 9415 9417
9417 2 9416 9418
9418 7 2955 3237 4627 4684 8869 9417 9419
9419 4 6499 9399 9418 9420
9420 4 7560 9217 9419 9421
9421 3 4033 9420 9422
9422 3 8895 9421 9423
9423 4 5343 9095 9422 9424
9424 3 1252 9423 9425
9425 3 3396 9424 9426
9426 3 3637 9425 9427
9427 5 2025 4102 8368 9426 9428
9428 3 4192 9427 9429
9429 4 2420 7547 9428 9430
9430 3 5136 9429 9431
9431 4 956 7357 9430 9432
9432 4 5644 5726 9431 9433
9433 3 7244 9432 9434
9434 5 1286 3227 6637 9433 9435
9435 5 263 1445 7745 9434 9436
9436 2 9435 9437
9437 3 3957 9436 9438
9438 5 1892 2575 8838 9437 9439
9439 4 3861 6607 9438 9440
9440 4 4592 4812 9439 9441
9441 3 2260 9440 9442
9442 2 9441 9443
9443 3 1332 9442 9444
9444 3 4349 9443 9445
9445 5 1226 5980 8944 9444 9446
9446 2 9445 9447
9447 3 4960 9446 9448
9448 4 1547 8755 9447 9449
9449 2 9448 9450
9450 2 9449 9451
9451 5 2146 2355 4320 9450 9452
9452 5 1510 5328 8548 9451 9453
9453 4 1326 2275 9452 9454
9454 4 485 1664 9453 9455
9455 3 9254 9454 9456
9456 3 4117 9455 9457
9457 2 9456 9458
9458 4 4 7265 9457 9459
9459 2 9458 9460
9460 8 547 2242 2382 5223 8469 9459 9461 9875
9461 2 9460 9462
9462 6 4032 4258 4565 8133 9461 9463
9463 4 5350 5898 9462 9464
9464 5 2859 5193 8274 9463 9465
9465 4 304 2304 9464 9466
9466 4 6757 7340 9465 9467
9467 6 61 237 990 3888 9466 9468
9468 5 2771 4267 9467 9469 9701
9469 4 5282 8811 9468 9470
9470 2 9469 9471
9471 5 1325 2082 6935 9470 9472
9472 6 872 5905 7319 8179 9471 9473
9473 3 7150 9472 9474
9474 3 3057 9473 9475
9475 2 9474 9476
9476 3 4703 9475 9477
9477 2 9476 9478
9478 3 9011 9477 9479
9479 2 9478 9480
9480 3 7454 9479 9481
9481 3 7854 9480 9482
9482 6 418 2944 7389 8880 9481 9483
9483 6 1593 2334 5751 6344 9482 9484
9484 5 4708 7099 7957 9483 9485
9485 5 1318 2041 9484 9486 9690
9486 5 2813 7331 8636 9485 9487
9487 3 7422 9486 9488
9488 4 5468 6897 9487 9489
9489 3 4727 9488 9490
9490 3 6592 9489 9491
9491 2 9490 9492
9492 5 4507 5362 6832 9491 9493
9493 6 848 2839 6332 7806 9492 9494
9494 3 2807 9493 9495
9495 5 3079 6681 7146 9494 9496
9496 5 1679 7125 8129 9495 9497
9497 3 6508 9496 9498
9498 5 156 3199 4638 9497 9499
9499 4 231 2362 9498 9500
9500 3 1504 9499 9501
9501 6 2973 3398 6857 7118 9500 9502
9502 4 1505 8183 9501 9503
9503 6 325 1582 3332 5597 9502 9504
9504 4 7272 8387 9503 9505
9505 3 5778 9504 9506
9506 6 2112 2678 6420 6585 9505 9507
9507 5 622 740 4181 9506 9508
9508 3 5031 9507 9509
9509 3 1226 9508 9510
9510 3 3516 9509 9511
9511 6 5965 6391 6544 8523 9510 9512
9512 3 4518 9511 9513
9513 5 867 3481 8504 9512 9514
9514 3 7963 9513 9515
9515 5 7860 8038 9139 9514 9516
9516 2 9515 9517
9517 4 242 485 9516 9518
9518 2 9517 9519
9519 6 2158 2282 3012 3286 9518 9520
9520 5 3446 9052 9110 9519 9521
9521 6 798 7854 7932 8831 9520 9522
9522 3 6630 9521 9523
9523 4 5622 9221 9522 9524
9524 3 7113 9523 9525
9525 2 9524 9526
9526 2 9525 9527
9527 2 9526 9528
9528 3 2192 9527 9529
9529 3 3161 9528 9530
9530 6 1529 2098 2316 5204 9529 9531
9531 5 2566 5414 6651 9530 9532
9532 5 6767 8790 9230 9531 9533
9533 4 481 6382 9532 9534
9534 4 4214 5799 9533 9535
9535 7 1267 2482 5335 7236 8057 9534 9536
9536 6 3292 7896 9535 9537 9871 9878
9537 4 1442 4784 9536 9538
9538 3 4071 9537 9539
9539 3 8576 9538 9540
9540 3 718 9539 9541
9541 4 4117 8280 9540 9542
9542 7 1493 3579 4844 5931 8709 9541 9543
9543 5 647 3865 9542 9544 9918
9544 2 9543 9545
9545 6 2546 3725 9005 9544 9546 9998
9546 2 9545 9547
9547 4 3262 6370 9546 9548
9548 3 9166 9547 9549
9549 5 1772 5721 6898 9548 9550
9550 3 5699 9549 9551
9551 4 1170 7293 9550 9552
9552 3 4821 9551 9553
9553 4 7276 7412 9552 9554
9554 2 9553 9555
9555 5 3067 7416 7929 9554 9556
9556 3 4473 9555 9557
9557 4 1755 5884 9556 9558
9558 5 1503 2937 8561 9557 9559
9559 3 1274 9558 9560
9560 3 3807 9559 9561
9561 4 25 924 9560 9562
9562 4 2855 5819 9561 9563
9563 5 2235 5220 5747 9562 9564
9564 2 9563 9565
9565 2 9564 9566
9566 3 8129 9565 9567
9567 3 1359 9566 9568
9568 6 1907 4273 8972 9365 9567 9569
9569 6 101 8521 9118 9568 9570 9996
9570 5 1977 1980 8215 9569 9571
9571 4 3805 7902 9570 9572
9572 3 2586 9571 9573
9573 5 6973 8148 8891 9572 9574
9574 2 9573 9575
9575 5 253 1662 2982 9574 9576
9576 7 2772 2814 2883 3748 9575 9577 9632
9577 6 1172 3712 4080 7812 9576 9578
9578 4 1470 8258 9577 9579
9579 5 876 5292 7635 9578 9580
9580 4 3083 3663 9579 9581
9581 4 245 6343 9580 9582
9582 3 4172 9581 9583
9583 5 360 2937 8104 9582 9584
9584 6 707 2001 4365 5126 9583 9585
9585 3 1705 9584 9586
9586 2 9585 9587
9587 4 2973 8145 9586 9588
9588 3 8749 9587 9589
9589 3 1721 9588 9590
9590 4 3598 7437 9589 9591
9591 4 5491 8898 9590 9592
9592 3 4167 9591 9593
9593 5 2730 3409 3507 9592 9594
9594 4 6484 9112 9593 9595
9595 4 5099 8157 9594 9596
9596 5 6118 8634 9122 9595 9597
9597 2 9596 9598
9598 3 4319 9597 9599
9599 6 289 6309 6333 6537 9598 9600
9600 5 859 6716 8826 9599 9601
9601 3 4576 9600 9602
9602 5 337 1139 7241 9601 9603
9603 4 4379 9094 9602 9604
9604 4 395 4329 9603 9605
9605 6 3919 4392 4504 8895 9604 9606
9606 2 9605 9607
9607 7 80 379 3327 3916 6702 9606 9608
9608 4 4126 6062 9607 9609
9609 3 7123 9608 9610
9610 3 7930 9609 9611
9611 6 1863 2314 2522 6668 9610 9612
9612 5 5167 5833 8269 9611 9613
9613 3 4171 9612 9614
9614 6 4847 7681 7742 8826 9613 9615
9615 4 3667 6763 9614 9616
9616 2 9615 9617
9617 3 8521 9616 9618
9618 3 4531 9617 9619
9619 2 9618 9620
9620 4 2185 2950 9619 9621
9621 2 9620 9622
9622 2 9621 9623
9623 4 7035 8280 9622 9624
9624 4 5272 9071 9623 9625
9625 2 9624 9626
9626 3 2539 9625 9627
9627 2 9626 9628
9628 2 9627 9629
9629 7 511 1217 1744 2077 8241 9628 9630
9630 3 8002 9629 9631
9631 2 9630 9632
9632 5 1936 7427 9576 9631 9633
9633 5 417 751 8008 9632 9634
9634 6 983 2864 5620 5799 9633 9635
9635 4 999 2871 9634 9636
9636 3 4486 9635 9637
9637 5 4186 7516 7729 9636 9638
9638 5 3846 6259 7306 9637 9639
9639 5 5666 5882 8573 9638 9640
9640 5 3393 4842 8430 9639 9641
9641 3 7396 9640 9642
9642 3 7307 9641 9643
9643 6 64 2937 5515 5843 9642 9644
9644 2 9643 9645
9645 5 3978 3996 4372 9644 9646
9646 5 944 4012 7166 9645 9647
9647 4 4874 5206 9646 9648
9648 4 511 8725 9647 9649
9649 3 9648 9650 9690
9650 4 4940 7310 9649 9651
9651 5 2497 6468 9049 9650 9652
9652 3 551 9651 9653
9653 4 7315 8621 9652 9654
9654 4 6458 8435 9653 9655
9655 4 3925 9654 9656 9909
9656 2 9655 9657
9657 6 4819 6046 6155 8231 9656 9658
9658 2 9657 9659
9659 4 2308 4237 9658 9660
9660 5 3372 6828 9659 9661 9733
9661 4 1287 9660 9662 9927
9662 4 3911 6198 9661 9663
9663 2 9662 9664
9664 4 6402 9663 9665 9760
9665 4 1584 7223 9664 9666
9666 2 9665 9667
9667 5 7611 9060 9313 9666 9668
9668 6 703 5734 6416 8141 9667 9669
9669 5 1029 3363 5787 9668 9670
9670 5 147 1027 1178 9669 9671
9671 3 2439 9670 9672
9672 3 1951 9671 9673
9673 3 1318 9672 9674
9674 5 1571 5125 7005 9673 9675
9675 6 2923 5489 5616 9313 9674 9676
9676 8 2194 4568 5644 7201 7597 9675 9677 9752
9677 4 1833 6662 9676 9678
9678 7 2545 4883 5799 5975 7770 9677 9679
9679 4 1061 5773 9678 9680
9680 2 9679 9681
9681 3 9007 9680 9682
9682 4 7102 9681 9683 9946
9683 3 5756 9682 9684
9684 7 1020 1521 3498 4281 5153 9683 9685
9685 3 6597 9684 9686
9686 5 829 6335 7586 9685 9687
9687 3 3341 9686 9688
9688 5 1499 3108 7752 9687 9689
9689 3 6007 9688 9690
9690 6 3615 8142 9485 9649 9689 9691
9691 5 1656 3331 7345 9690 9692
9692 3 1230 9691 9693
9693 5 1245 5466 7808 9692 9694
9694 3 6082 9693 9695
9695 5 2292 4294 7938 9694 9696
9696 4 4178 5753 9695 9697
9697 2 9696 9698
9698 6 1742 3073 6898 7399 9697 9699
9699 4 233 3905 9698 9700
9700 4 2162 3050 9699 9701
9701 7 698 4003 6432 9468 9700 9702 9904
9702 2 9701 9703
9703 3 7042 9702 9704
9704 2 9703 9705
9705 5 614 6990 7736 9704 9706
9706 2 9705 9707
9707 4 5804 9706 9708 9729
9708 3 124 9707 9709
9709 3 6285 9708 9710
9710 6 3591 5812 6043 7884 9709 9711
9711 2 9710 9712
9712 5 618 8607 9039 9711 9713
9713 4 2563 9319 9712 9714
9714 2 9713 9715
9715 3 9115 9714 9716
9716 3 7634 9715 9717
9717 4 2257 3834 9716 9718
9718 5 2081 7709 8413 9717 9719
9719 3 1847 9718 9720
9720 5 2747 2785 3546 9719 9721
9721 3 638 9720 9722
9722 4 4842 6194 9721 9723
9723 3 3574 9722 9724
9724 4 1313 8874 9723 9725
9725 6 2602 2987 5296 6211 9724 9726
9726 5 4583 5248 8645 9725 9727
9727 2 9726 9728
9728 4 815 7767 9727 9729
9729 4 6298 9707 9728 9730
9730 5 951 1233 8157 9729 9731
9731 5 6065 6570 9157 9730 9732
9732 5 1157 6201 8464 9731 9733
9733 7 2329 3980 6957 9000 9660 9732 9734
9734 5 3529 3774 8488 9733 9735
9735 2 9734 9736
9736 6 2312 8372 8985 9249 9735 9737
9737 5 2862 6051 6273 9736 9738
9738 3 6037 9737 9739
9739 3 900 9738 9740
9740 3 3855 9739 9741
9741 4 1608 4262 9740 9742
9742 4 63 2794 9741 9743
9743 3 837 9742 9744
9744 5 531 6096 7210 9743 9745
9745 6 1861 9277 9369 9744 9746 9853
9746 4 3885 5835 9745 9747
9747 6 489 1486 2406 8762 9746 9748
9748 7 4474 6740 7596 8136 8535 9747 9749
9749 3 3753 9748 9750
9750 5 5220 7678 8296 9749 9751
9751 4 3959 7473 9750 9752
9752 6 675 935 4005 9676 9751 9753
9753 4 2758 4738 9752 9754
9754 6 4093 6685 8362 8887 9753 9755
9755 8 856 3119 4481 5463 8844 9197 9754 9756
9756 6 98 3635 6076 9066 9755 9757
9757 5 1184 1529 4374 9756 9758
9758 3 8521 9757 9759
9759 5 1298 1936 5545 9758 9760
9760 4 639 9664 9759 9761
9761 3 8882 9760 9762
9762 4 1026 8075 9761 9763
9763 5 828 5529 5553 9762 9764
9764 7 2670 2707 2823 3069 5432 9763 9765
9765 3 6523 9764 9766
9766 2 9765 9767
9767 5 1123 1589 5171 9766 9768
9768 3 5415 9767 9769
9769 3 2664 9768 9770
9770 4 2195 6808 9769 9771
9771 8 1247 2503 3920 6161 6474 6506 9770 9772
9772 2 9771 9773
9773 4 3890 7793 9772 9774
9774 3 4505 9773 9775
9775 5 161 3041 4516 9774 9776
9776 3 1406 9775 9777
9777 4 1026 6854 9776 9778
9778 3 2190 9777 9779
9779 4 6222 7161 9778 9780
9780 4 1965 9193 9779 9781
9781 5 5290 5533 8448 9780 9782
9782 3 4519 9781 9783
9783 3 1225 9782 9784
9784 2 9783 9785
9785 5 1185 1378 8918 9784 9786
9786 8 559 4301 5419 7041 7862 8856 9785 9787
9787 5 2183 5170 7209 9786 9788
9788 3 8778 9787 9789
9789 6 1270 1292 2273 6878 9788 9790
9790 4 8017 8745 9789 9791
9791 5 2558 8083 8695 9790 9792
9792 2 9791 9793
9793 4 3572 3902 9792 9794
9794 3 207 9793 9795
9795 4 3588 7136 9794 9796
9796 4 4195 6332 9795 9797
9797 4 5501 7542 9796 9798
9798 3 8760 9797 9799
9799 5 1170 1240 6948 9798 9800
9800 4 4459 6965 9799 9801
9801 2 9800 9802
9802 5 3027 5087 9231 9801 9803
9803 6 500 1872 1876 3420 9802 9804
9804 6 1337 1703 3501 6180 9803 9805
9805 4 3155 7398 9804 9806
9806 3 1253 9805 9807
9807 4 2529 4262 9806 9808
9808 5 1610 3075 4841 9807 9809
9809 6 1311 3000 6861 7523 9808 9810
9810 4 2744 4436 9809 9811
9811 3 873 9810 9812
9812 2 9811 9813
9813 6 820 895 3362 4303 9812 9814
9814 2 9813 9815
9815 8 660 3585 8427 8488 8690 9814 9816 9850
9816 3 5385 9815 9817
9817 4 194 6265 9816 9818
9818 2 9817 9819
9819 5 1741 4843 8622 9818 9820
9820 5 4170 6716 9819 9821 9840
9821 6 943 4503 5950 7409 9820 9822
9822 3 4883 9821 9823
9823 4 954 5263 9822 9824
9824 5 309 6099 8744 9823 9825
9825 3 1013 9824 9826
9826 2 9825 9827
9827 3 3703 9826 9828
9828 3 2136 9827 9829
9829 3 2408 9828 9830
9830 4 6542 7237 9829 9831
9831 5 351 6473 7162 9830 9832
9832 2 9831 9833
9833 5 716 1343 5970 9832 9834
9834 3 6643 9833 9835
9835 5 2037 3518 5550 9834 9836
9836 5 6402 6656 8592 9835 9837
9837 4 620 5899 9836 9838
9838 3 4409 9837 9839
9839 3 9179 9838 9840
9840 3 9820 9839 9841
9841 3 5201 9840 9842
9842 4 3586 8163 9841 9843
9843 6 476 6122 8036 9182 9842 9844
9844 4 1886 3477 9843 9845
9845 9 259 2127 3421 6051 8055 8670 8781 9844 9846
9846 5 3959 5759 7229 9845 9847
9847 3 6851 9846 9848
9848 4 8316 9107 9847 9849
9849 2 9848 9850
9850 3 9815 9849 9851
9851 3 506 9850 9852
9852 5 781 878 1626 9851 9853
9853 9 534 2689 4510 4552 7494 9745 9852 9854 9858
9854 4 4548 8784 9853 9855
9855 2 9854 9856
9856 5 360 6576 6665 9855 9857
9857 4 4194 9167 9856 9858
9858 6 1784 5221 8953 9853 9857 9859
9859 4 1907 8720 9858 9860
9860 5 2710 5302 6757 9859 9861
9861 2 9860 9862
9862 2 9861 9863
9863 3 3408 9862 9864
9864 6 1926 2505 7219 8049 9863 9865
9865 7 829 2261 7875 8836 9275 9864 9866
9866 3 5530 9865 9867
9867 4 736 1456 9866 9868
9868 6 38 1983 2821 7195 9867 9869
9869 5 2784 4933 7013 9868 9870
9870 3 6637 9869 9871
9871 3 9536 9870 9872
9872 3 5657 9871 9873
9873 3 3806 9872 9874
9874 3 193 9873 9875
9875 4 8429 9460 9874 9876
9876 3 6210 9875 9877
9877 2 9876 9878
9878 7 2125 2408 6681 7159 9536 9877 9879
9879 4 5246 5695 9878 9880
9880 2 9879 9881
9881 3 3113 9880 9882
9882 5 941 1768 5480 9881 9883
9883 6 1794 2901 6877 9317 9882 9884
9884 3 1587 9883 9885
9885 5 4029 7911 8788 9884 9886
9886 3 2267 9885 9887
9887 2 9886 9888
9888 4 1479 7123 9887 9889
9889 5 104 485 1690 9888 9890
9890 3 6496 9889 9891
9891 7 2025 3806 4083 6597 8136 9890 9892
9892 6 2052 2758 7253 8771 9891 9893
9893 2 9892 9894
9894 2 9893 9895
9895 4 1034 4872 9894 9896
9896 4 6577 7710 9895 9897
9897 5 3828 4416 7276 9896 9898
9898 6 35 2216 6771 6861 9897 9899
9899 3 1052 9898 9900
9900 3 3370 9899 9901
9901 4 2639 4160 9900 9902
9902 2 9901 9903
9903 2 9902 9904
9904 3 9701 9903 9905
9905 2 9904 9906
9906 3 4775 9905 9907
9907 5 2698 5281 6999 9906 9908
9908 2 9907 9909
9909 5 2358 8594 9655 9908 9910
9910 4 4231 5090 9909 9911
9911 4 5172 7421 9910 9912
9912 5 3944 4085 6504 9911 9913
9913 3 1323 9912 9914
9914 4 700 7335 9913 9915
9915 3 7747 9914 9916
9916 2 9915 9917
9917 2 9916 9918
9918 5 1886 5463 9543 9917 9919
9919 5 136 607 4303 9918 9920
9920 6 2571 5545 6780 6799 9919 9921
9921 5 4881 7311 8889 9920 9922
9922 8 1421 2410 6151 6195 6293 8998 9921 9923
9923 3 8934 9922 9924
9924 8 116 515 1961 2469 4838 7400 9923 9925
9925 4 923 9219 9924 9926
9926 3 3492 9925 9927
9927 3 9661 9926 9928
9928 4 6710 7931 9927 9929
9929 4 2888 8503 9928 9930
9930 3 1658 9929 9931
9931 3 7525 9930 9932
9932 4 3022 9287 9931 9933
9933 4 6362 8503 9932 9934
9934 6 79 544 3334 3796 9933 9935
9935 2 9934 9936
9936 5 98 3474 6386 9935 9937
9937 2 9936 9938
9938 6 2435 6281 7840 9016 9937 9939
9939 2 9938 9940
9940 3 446 9939 9941
9941 3 6524 9940 9942
9942 3 988 9941 9943
9943 2 9942 9944
9944 3 4913 9943 9945
9945 2 9944 9946
9946 6 2267 3212 8539 9682 9945 9947
9947 4 3929 9054 9946 9948
9948 4 1066 5054 9947 9949
9949 3 3207 9948 9950
9950 4 5713 7488 9949 9951
9951 2 9950 9952
9952 4 334 4163 9951 9953
9953 3 3503 9952 9954
9954 3 3733 9953 9955
9955 6 2197 3369 8236 8374 9954 9956
9956 5 375 4372 6990 9955 9957
9957 4 3088 6369 9956 9958
9958 5 1048 2573 4859 9957 9959
9959 7 2163 4148 7311 7357 7871 9958 9960
9960 4 3699 4971 9959 9961
9961 2 9960 9962
9962 3 2233 9961 9963
9963 3 7230 9962 9964
9964 4 4792 9143 9963 9965
9965 3 3016 9964 9966
9966 3 1734 9965 9967
9967 2 9966 9968
9968 2 9967 9969
9969 2 9968 9970
9970 3 1321 9969 9971
9971 5 1719 5342 6160 9970 9972
9972 6 3305 4447 7406 9298 9971 9973
9973 5 48 2178 8568 9972 9974
9974 3 4712 9973 9975
9975 2 9974 9976
9976 4 1142 6857 9975 9977
9977 3 979 9976 9978
9978 3 1916 9977 9979
9979 2 9978 9980
9980 4 8660 8779 9979 9981
9981 3 6334 9980 9982
9982 2 9981 9983
9983 3 4650 9982 9984
9984 3 9178 9983 9985
9985 2 9984 9986
9986 2 9985 9987
9987 4 2773 2853 9986 9988
9988 4 2491 7493 9987 9989
9989 5 3368 6622 6914 9988 9990
9990 6 4125 4249 4401 5879 9989 9991
9991 5 1149 4922 8360 9990 9992
9992 5 832 5271 7042 9991 9993
9993 3 351 9992 9994
9994 2 9993 9995
9995 4 6286 9409 9994 9996
9996 8 2071 2968 3422 4027 6996 9569 9995 9997
9997 4 9157 9391 9996 9998
9998 6 694 2530 5725 9545 9997 9999
9999 2 0 9998
