Algorithm: Greedy Vertex Coloring
Vertex colors:
0 0
1 1
2 2
3 0
4 1
5 2
6 0
7 1
8 0
9 2
10 0
11 1
12 2
13 0
14 1
15 0
16 2
17 1
18 2
19 0
20 1
21 0
22 1
23 2
24 0
25 1
26 0
27 2
28 1
29 0
30 1
31 2
32 0
33 2
34 1
35 0
36 1
37 0
38 2
39 1
40 2
41 0
42 1
43 0
44 1
45 2
46 1
47 0
48 1
49 2
50 0
51 2
52 1
53 0
54 1
55 0
56 2
57 1
58 2
59 1
60 2
61 0
62 2
63 1
64 0
65 2
66 3
67 1
68 2
69 0
70 1
71 0
72 2
73 0
74 1
75 0
76 1
77 0
78 2
79 1
80 0
81 1
82 0
83 1
84 0
85 1
86 0
87 1
88 0
89 1
90 0
91 2
92 3
93 1
94 2
95 0
96 1
97 0
98 1
99 2
100 1
101 0
102 2
103 0
104 1
105 0
106 1
107 2
108 3
109 1
110 0
111 1
112 0
113 2
114 3
115 0
116 2
117 0
118 1
119 0
120 1
121 0
122 1
123 0
124 2
125 1
126 0
127 1
128 2
129 1
130 2
131 1
132 2
133 0
134 2
135 1
136 0
137 1
138 2
139 0
140 1
141 0
142 2
143 1
144 2
145 0
146 1
147 0
148 2
149 1
150 2
151 1
152 0
153 2
154 0
155 1
156 3
157 0
158 1
159 0
160 1
161 0
162 1
163 2
164 0
165 2
166 1
167 2
168 0
169 1
170 0
171 2
172 1
173 0
174 2
175 3
176 1
177 2
178 0
179 1
180 0
181 1
182 0
183 1
184 2
185 0
186 1
187 0
188 1
189 2
190 0
191 2
192 1
193 2
194 1
195 0
196 2
197 1
198 2
199 0
200 2
201 0
202 1
203 2
204 0
205 1
206 0
207 2
208 0
209 2
210 1
211 0
212 1
213 3
214 1
215 0
216 1
217 0
218 1
219 3
220 0
221 1
222 0
223 1
224 2
225 1
226 0
227 1
228 0
229 2
230 0
231 1
232 0
233 2
234 1
235 0
236 2
237 1
238 2
239 0
240 2
241 1
242 0
243 1
244 3
245 1
246 2
247 1
248 2
249 1
250 2
251 1
252 0
253 2
254 1
255 0
256 1
257 2
258 1
259 0
260 2
261 1
262 0
263 1
264 0
265 1
266 0
267 1
268 0
269 1
270 0
271 1
272 0
273 2
274 0
275 2
276 1
277 3
278 2
279 1
280 0
281 1
282 2
283 0
284 1
285 2
286 1
287 3
288 0
289 1
290 0
291 1
292 0
293 1
294 0
295 1
296 0
297 2
298 1
299 2
300 0
301 2
302 1
303 0
304 1
305 0
306 1
307 0
308 2
309 0
310 1
311 0
312 2
313 0
314 2
315 0
316 1
317 0
318 1
319 2
320 0
321 1
322 0
323 1
324 2
325 1
326 2
327 1
328 0
329 1
330 0
331 1
332 2
333 0
334 2
335 1
336 0
337 1
338 0
339 2
340 0
341 1
342 0
343 2
344 0
345 1
346 0
347 1
348 0
349 1
350 2
351 0
352 1
353 2
354 0
355 2
356 1
357 0
358 1
359 2
360 1
361 0
362 1
363 0
364 1
365 2
366 0
367 2
368 0
369 3
370 1
371 2
372 0
373 1
374 0
375 2
376 0
377 1
378 2
379 0
380 1
381 0
382 2
383 0
384 1
385 0
386 1
387 2
388 0
389 1
390 2
391 1
392 0
393 3
394 1
395 2
396 0
397 2
398 0
399 1
400 2
401 0
402 2
403 1
404 0
405 1
406 0
407 1
408 0
409 1
410 0
411 1
412 0
413 1
414 2
415 1
416 0
417 1
418 2
419 1
420 0
421 3
422 2
423 1
424 0
425 2
426 1
427 0
428 1
429 0
430 2
431 0
432 2
433 0
434 1
435 0
436 2
437 0
438 1
439 2
440 1
441 0
442 1
443 0
444 2
445 1
446 2
447 1
448 0
449 1
450 2
451 0
452 1
453 2
454 0
455 1
456 0
457 2
458 0
459 1
460 0
461 2
462 1
463 0
464 1
465 0
466 2
467 1
468 0
469 1
470 2
471 3
472 1
473 0
474 1
475 0
476 1
477 0
478 1
479 0
480 1
481 0
482 1
483 2
484 0
485 2
486 1
487 0
488 1
489 2
490 0
491 1
492 0
493 1
494 0
495 2
496 1
497 2
498 1
499 0
500 1
501 0
502 1
503 0
504 1
505 0
506 2
507 1
508 2
509 0
510 1
511 2
512 0
513 1
514 2
515 0
516 2
517 1
518 2
519 0
520 1
521 0
522 1
523 2
524 0
525 1
526 0
527 1
528 0
529 1
530 0
531 2
532 1
533 2
534 0
535 3
536 1
537 0
538 1
539 2
540 0
541 1
542 0
543 1
544 2
545 1
546 0
547 2
548 1
549 0
550 1
551 0
552 2
553 0
554 1
555 0
556 1
557 0
558 1
559 2
560 1
561 0
562 1
563 0
564 2
565 1
566 0
567 1
568 0
569 1
570 0
571 1
572 0
573 1
574 0
575 2
576 1
577 0
578 2
579 1
580 2
581 0
582 1
583 0
584 2
585 1
586 2
587 1
588 0
589 2
590 1
591 2
592 1
593 0
594 1
595 0
596 1
597 2
598 0
599 1
600 0
601 1
602 0
603 2
604 1
605 0
606 2
607 1
608 3
609 1
610 2
611 1
612 2
613 1
614 0
615 1
616 0
617 1
618 2
619 1
620 2
621 0
622 2
623 0
624 1
625 0
626 2
627 0
628 1
629 0
630 2
631 1
632 2
633 0
634 1
635 2
636 1
637 0
638 1
639 2
640 1
641 0
642 2
643 1
644 0
645 1
646 0
647 2
648 1
649 0
650 1
651 2
652 1
653 0
654 2
655 0
656 2
657 0
658 1
659 0
660 1
661 2
662 0
663 1
664 2
665 1
666 2
667 0
668 1
669 0
670 1
671 2
672 0
673 1
674 3
675 0
676 2
677 1
678 2
679 1
680 0
681 2
682 0
683 2
684 1
685 0
686 1
687 2
688 0
689 2
690 0
691 1
692 2
693 0
694 1
695 0
696 1
697 2
698 1
699 2
700 0
701 2
702 1
703 0
704 2
705 3
706 1
707 0
708 2
709 1
710 0
711 2
712 1
713 0
714 1
715 0
716 1
717 2
718 0
719 1
720 0
721 3
722 1
723 2
724 0
725 1
726 0
727 1
728 0
729 2
730 0
731 2
732 1
733 2
734 0
735 1
736 0
737 2
738 0
739 2
740 1
741 0
742 1
743 2
744 0
745 3
746 2
747 0
748 2
749 1
750 2
751 0
752 2
753 0
754 1
755 0
756 1
757 0
758 3
759 2
760 0
761 1
762 2
763 0
764 2
765 0
766 1
767 2
768 1
769 2
770 0
771 1
772 0
773 1
774 2
775 1
776 0
777 2
778 0
779 1
780 0
781 2
782 1
783 2
784 1
785 0
786 2
787 0
788 2
789 1
790 0
791 2
792 1
793 0
794 1
795 2
796 1
797 2
798 3
799 1
800 2
801 0
802 1
803 2
804 1
805 2
806 0
807 3
808 2
809 3
810 2
811 1
812 2
813 0
814 1
815 0
816 1
817 2
818 1
819 0
820 1
821 0
822 1
823 0
824 1
825 0
826 1
827 0
828 2
829 1
830 0
831 1
832 0
833 1
834 0
835 1
836 2
837 0
838 1
839 0
840 2
841 1
842 2
843 0
844 3
845 1
846 0
847 1
848 2
849 0
850 2
851 1
852 0
853 1
854 0
855 1
856 0
857 1
858 2
859 0
860 1
861 0
862 2
863 1
864 0
865 1
866 0
867 2
868 0
869 1
870 2
871 1
872 0
873 1
874 2
875 0
876 2
877 1
878 0
879 1
880 0
881 1
882 0
883 1
884 0
885 2
886 0
887 3
888 0
889 1
890 0
891 2
892 1
893 0
894 1
895 2
896 0
897 1
898 2
899 0
900 2
901 1
902 0
903 2
904 0
905 2
906 1
907 2
908 0
909 1
910 2
911 0
912 1
913 0
914 1
915 3
916 0
917 1
918 0
919 1
920 0
921 1
922 0
923 2
924 1
925 0
926 1
927 2
928 0
929 2
930 0
931 1
932 2
933 1
934 0
935 2
936 1
937 0
938 1
939 0
940 2
941 1
942 2
943 1
944 0
945 2
946 1
947 0
948 1
949 0
950 2
951 3
952 1
953 0
954 1
955 0
956 2
957 1
958 2
959 0
960 1
961 2
962 1
963 0
964 1
965 0
966 1
967 2
968 0
969 2
970 3
971 0
972 2
973 1
974 0
975 1
976 0
977 3
978 1
979 0
980 1
981 0
982 1
983 2
984 0
985 1
986 2
987 0
988 1
989 2
990 1
991 0
992 1
993 2
994 1
995 0
996 2
997 1
998 0
999 2
1000 1
1001 2
1002 1
1003 0
1004 1
1005 0
1006 1
1007 2
1008 3
1009 1
1010 0
1011 1
1012 0
1013 2
1014 1
1015 2
1016 1
1017 0
1018 2
1019 1
1020 0
1021 2
1022 0
1023 1
1024 0
1025 1
1026 0
1027 1
1028 0
1029 1
1030 0
1031 1
1032 2
1033 1
1034 0
1035 2
1036 0
1037 2
1038 0
1039 1
1040 2
1041 1
1042 0
1043 1
1044 0
1045 1
1046 2
1047 0
1048 1
1049 2
1050 0
1051 1
1052 2
1053 0
1054 1
1055 2
1056 3
1057 0
1058 1
1059 0
1060 1
1061 2
1062 0
1063 1
1064 0
1065 1
1066 2
1067 1
1068 0
1069 1
1070 0
1071 1
1072 2
1073 0
1074 2
1075 1
1076 0
1077 2
1078 1
1079 0
1080 1
1081 0
1082 1
1083 2
1084 0
1085 1
1086 2
1087 1
1088 0
1089 1
1090 2
1091 1
1092 2
1093 3
1094 1
1095 0
1096 1
1097 2
1098 0
1099 1
1100 3
1101 0
1102 1
1103 0
1104 3
1105 1
1106 0
1107 2
1108 1
1109 0
1110 1
1111 0
1112 1
1113 0
1114 1
1115 2
1116 0
1117 2
1118 0
1119 1
1120 0
1121 1
1122 0
1123 1
1124 0
1125 2
1126 1
1127 2
1128 0
1129 2
1130 1
1131 0
1132 1
1133 0
1134 1
1135 0
1136 1
1137 2
1138 3
1139 1
1140 0
1141 1
1142 0
1143 1
1144 0
1145 2
1146 0
1147 1
1148 0
1149 1
1150 2
1151 0
1152 1
1153 0
1154 1
1155 0
1156 1
1157 0
1158 2
1159 1
1160 0
1161 1
1162 2
1163 1
1164 0
1165 1
1166 0
1167 1
1168 0
1169 1
1170 2
1171 1
1172 0
1173 2
1174 1
1175 0
1176 1
1177 3
1178 0
1179 1
1180 0
1181 1
1182 2
1183 0
1184 1
1185 0
1186 2
1187 1
1188 0
1189 1
1190 3
1191 2
1192 0
1193 1
1194 2
1195 0
1196 1
1197 2
1198 1
1199 0
1200 3
1201 2
1202 0
1203 1
1204 0
1205 2
1206 1
1207 2
1208 0
1209 1
1210 0
1211 1
1212 0
1213 1
1214 0
1215 1
1216 2
1217 0
1218 1
1219 2
1220 0
1221 1
1222 2
1223 0
1224 1
1225 0
1226 2
1227 0
1228 3
1229 2
1230 1
1231 0
1232 1
1233 0
1234 2
1235 0
1236 1
1237 0
1238 1
1239 0
1240 2
1241 1
1242 0
1243 2
1244 1
1245 0
1246 1
1247 0
1248 2
1249 1
1250 0
1251 1
1252 0
1253 1
1254 0
1255 1
1256 0
1257 2
1258 3
1259 0
1260 1
1261 3
1262 1
1263 0
1264 1
1265 0
1266 1
1267 2
1268 0
1269 1
1270 0
1271 1
1272 0
1273 1
1274 2
1275 0
1276 1
1277 0
1278 1
1279 0
1280 2
1281 0
1282 1
1283 2
1284 0
1285 2
1286 0
1287 1
1288 0
1289 1
1290 2
1291 0
1292 1
1293 0
1294 1
1295 0
1296 2
1297 0
1298 1
1299 0
1300 1
1301 2
1302 0
1303 1
1304 0
1305 3
1306 1
1307 3
1308 1
1309 2
1310 3
1311 1
1312 2
1313 0
1314 1
1315 2
1316 1
1317 2
1318 0
1319 1
1320 2
1321 0
1322 2
1323 1
1324 0
1325 1
1326 0
1327 3
1328 1
1329 0
1330 2
1331 1
1332 0
1333 2
1334 0
1335 2
1336 0
1337 1
1338 2
1339 1
1340 0
1341 1
1342 0
1343 1
1344 2
1345 1
1346 0
1347 1
1348 0
1349 2
1350 1
1351 0
1352 2
1353 3
1354 1
1355 2
1356 1
1357 0
1358 1
1359 0
1360 1
1361 2
1362 1
1363 2
1364 1
1365 0
1366 1
1367 0
1368 2
1369 1
1370 2
1371 0
1372 2
1373 1
1374 2
1375 1
1376 0
1377 1
1378 0
1379 1
1380 3
1381 1
1382 0
1383 1
1384 2
1385 0
1386 1
1387 0
1388 1
1389 0
1390 2
1391 1
1392 0
1393 1
1394 0
1395 1
1396 0
1397 1
1398 0
1399 1
1400 0
1401 2
1402 3
1403 1
1404 2
1405 0
1406 1
1407 2
1408 3
1409 0
1410 2
1411 0
1412 1
1413 0
1414 1
1415 2
1416 1
1417 0
1418 2
1419 1
1420 3
1421 0
1422 1
1423 2
1424 0
1425 2
1426 3
1427 1
1428 0
1429 1
1430 0
1431 1
1432 3
1433 0
1434 1
1435 2
1436 0
1437 2
1438 1
1439 2
1440 0
1441 1
1442 2
1443 0
1444 1
1445 2
1446 0
1447 2
1448 1
1449 0
1450 1
1451 0
1452 1
1453 0
1454 2
1455 3
1456 0
1457 1
1458 2
1459 1
1460 0
1461 2
1462 0
1463 2
1464 1
1465 2
1466 1
1467 2
1468 3
1469 1
1470 2
1471 0
1472 1
1473 0
1474 1
1475 0
1476 2
1477 0
1478 1
1479 0
1480 1
1481 0
1482 2
1483 1
1484 0
1485 1
1486 0
1487 1
1488 0
1489 1
1490 0
1491 1
1492 2
1493 0
1494 2
1495 1
1496 2
1497 0
1498 1
1499 2
1500 0
1501 2
1502 0
1503 2
1504 0
1505 1
1506 0
1507 2
1508 1
1509 0
1510 1
1511 0
1512 1
1513 0
1514 2
1515 0
1516 2
1517 1
1518 0
1519 2
1520 3
1521 1
1522 0
1523 1
1524 2
1525 0
1526 2
1527 0
1528 2
1529 3
1530 1
1531 0
1532 1
1533 2
1534 1
1535 0
1536 2
1537 1
1538 0
1539 1
1540 0
1541 1
1542 2
1543 0
1544 2
1545 1
1546 0
1547 1
1548 0
1549 2
1550 0
1551 1
1552 2
1553 0
1554 1
1555 2
1556 1
1557 2
1558 0
1559 1
1560 0
1561 1
1562 0
1563 1
1564 0
1565 1
1566 3
1567 0
1568 2
1569 0
1570 1
1571 2
1572 0
1573 1
1574 0
1575 2
1576 1
1577 0
1578 2
1579 1
1580 0
1581 3
1582 2
1583 1
1584 2
1585 0
1586 1
1587 0
1588 1
1589 0
1590 1
1591 0
1592 1
1593 0
1594 2
1595 1
1596 2
1597 1
1598 2
1599 0
1600 2
1601 0
1602 2
1603 0
1604 2
1605 0
1606 1
1607 0
1608 1
1609 2
1610 0
1611 1
1612 0
1613 3
1614 2
1615 0
1616 1
1617 2
1618 0
1619 2
1620 1
1621 0
1622 1
1623 0
1624 1
1625 0
1626 1
1627 0
1628 2
1629 1
1630 2
1631 1
1632 3
1633 0
1634 2
1635 1
1636 2
1637 0
1638 1
1639 0
1640 1
1641 0
1642 2
1643 3
1644 0
1645 1
1646 0
1647 2
1648 0
1649 2
1650 1
1651 2
1652 0
1653 1
1654 2
1655 0
1656 1
1657 2
1658 0
1659 3
1660 0
1661 2
1662 1
1663 0
1664 2
1665 1
1666 0
1667 1
1668 0
1669 1
1670 0
1671 1
1672 0
1673 1
1674 0
1675 1
1676 0
1677 1
1678 2
1679 1
1680 3
1681 0
1682 1
1683 0
1684 1
1685 2
1686 0
1687 1
1688 0
1689 1
1690 0
1691 1
1692 3
1693 0
1694 2
1695 1
1696 0
1697 1
1698 0
1699 2
1700 1
1701 3
1702 0
1703 1
1704 2
1705 1
1706 0
1707 1
1708 0
1709 2
1710 0
1711 1
1712 0
1713 2
1714 1
1715 0
1716 2
1717 3
1718 0
1719 2
1720 1
1721 0
1722 1
1723 2
1724 0
1725 1
1726 0
1727 1
1728 0
1729 1
1730 2
1731 0
1732 1
1733 2
1734 0
1735 1
1736 0
1737 2
1738 1
1739 0
1740 2
1741 1
1742 3
1743 0
1744 2
1745 1
1746 3
1747 2
1748 1
1749 0
1750 1
1751 2
1752 1
1753 2
1754 0
1755 3
1756 2
1757 0
1758 1
1759 2
1760 0
1761 1
1762 0
1763 1
1764 2
1765 0
1766 1
1767 2
1768 0
1769 2
1770 1
1771 2
1772 1
1773 3
1774 0
1775 1
1776 0
1777 1
1778 3
1779 0
1780 2
1781 0
1782 1
1783 2
1784 0
1785 1
1786 0
1787 1
1788 2
1789 1
1790 0
1791 1
1792 0
1793 2
1794 0
1795 2
1796 0
1797 1
1798 0
1799 1
1800 3
1801 1
1802 0
1803 1
1804 2
1805 0
1806 1
1807 2
1808 0
1809 2
1810 0
1811 1
1812 0
1813 2
1814 3
1815 1
1816 0
1817 2
1818 1
1819 2
1820 0
1821 1
1822 2
1823 0
1824 2
1825 0
1826 2
1827 0
1828 1
1829 2
1830 0
1831 1
1832 0
1833 2
1834 1
1835 0
1836 1
1837 0
1838 1
1839 0
1840 2
1841 1
1842 2
1843 1
1844 0
1845 2
1846 1
1847 0
1848 2
1849 3
1850 1
1851 2
1852 0
1853 2
1854 0
1855 2
1856 0
1857 2
1858 0
1859 1
1860 0
1861 2
1862 1
1863 2
1864 3
1865 0
1866 2
1867 1
1868 2
1869 1
1870 2
1871 0
1872 2
1873 1
1874 0
1875 2
1876 1
1877 0
1878 1
1879 0
1880 1
1881 2
1882 0
1883 1
1884 2
1885 0
1886 1
1887 0
1888 1
1889 0
1890 1
1891 2
1892 0
1893 1
1894 0
1895 1
1896 2
1897 1
1898 0
1899 2
1900 1
1901 0
1902 2
1903 1
1904 0
1905 1
1906 0
1907 1
1908 0
1909 1
1910 2
1911 1
1912 2
1913 0
1914 1
1915 0
1916 2
1917 1
1918 2
1919 1
1920 2
1921 0
1922 1
1923 0
1924 1
1925 0
1926 1
1927 2
1928 0
1929 1
1930 2
1931 0
1932 1
1933 3
1934 2
1935 1
1936 0
1937 1
1938 2
1939 1
1940 0
1941 1
1942 2
1943 0
1944 2
1945 0
1946 1
1947 0
1948 2
1949 3
1950 0
1951 2
1952 1
1953 0
1954 1
1955 0
1956 1
1957 0
1958 1
1959 2
1960 1
1961 0
1962 1
1963 0
1964 1
1965 2
1966 0
1967 1
1968 2
1969 0
1970 1
1971 2
1972 0
1973 2
1974 0
1975 1
1976 2
1977 0
1978 1
1979 2
1980 3
1981 1
1982 0
1983 1
1984 0
1985 3
1986 1
1987 0
1988 1
1989 3
1990 1
1991 0
1992 2
1993 1
1994 0
1995 1
1996 2
1997 1
1998 2
1999 0
2000 2
2001 0
2002 2
2003 0
2004 2
2005 0
2006 1
2007 0
2008 1
2009 2
2010 0
2011 2
2012 1
2013 0
2014 1
2015 0
2016 1
2017 3
2018 0
2019 1
2020 0
2021 1
2022 3
2023 0
2024 2
2025 1
2026 0
2027 1
2028 2
2029 0
2030 1
2031 0
2032 2
2033 1
2034 0
2035 1
2036 0
2037 1
2038 0
2039 1
2040 0
2041 1
2042 0
2043 1
2044 2
2045 0
2046 1
2047 0
2048 1
2049 2
2050 0
2051 1
2052 0
2053 2
2054 1
2055 0
2056 1
2057 2
2058 0
2059 1
2060 0
2061 1
2062 2
2063 0
2064 1
2065 2
2066 1
2067 0
2068 2
2069 0
2070 1
2071 0
2072 1
2073 0
2074 1
2075 2
2076 1
2077 2
2078 0
2079 1
2080 3
2081 1
2082 0
2083 2
2084 0
2085 2
2086 0
2087 1
2088 2
2089 0
2090 1
2091 2
2092 0
2093 1
2094 2
2095 0
2096 1
2097 0
2098 3
2099 2
2100 0
2101 2
2102 1
2103 0
2104 2
2105 0
2106 2
2107 1
2108 0
2109 2
2110 1
2111 2
2112 1
2113 0
2114 1
2115 0
2116 1
2117 0
2118 1
2119 2
2120 0
2121 1
2122 2
2123 0
2124 2
2125 1
2126 0
2127 1
2128 0
2129 1
2130 0
2131 2
2132 0
2133 1
2134 2
2135 0
2136 1
2137 0
2138 2
2139 1
2140 2
2141 1
2142 0
2143 2
2144 1
2145 2
2146 0
2147 3
2148 2
2149 1
2150 0
2151 2
2152 1
2153 2
2154 0
2155 1
2156 0
2157 1
2158 0
2159 1
2160 0
2161 1
2162 2
2163 1
2164 2
2165 0
2166 1
2167 0
2168 2
2169 0
2170 1
2171 0
2172 2
2173 3
2174 1
2175 2
2176 1
2177 2
2178 0
2179 1
2180 0
2181 1
2182 0
2183 1
2184 2
2185 0
2186 2
2187 1
2188 2
2189 0
2190 2
2191 1
2192 0
2193 1
2194 0
2195 1
2196 0
2197 1
2198 2
2199 0
2200 1
2201 0
2202 2
2203 1
2204 0
2205 1
2206 0
2207 1
2208 0
2209 1
2210 0
2211 1
2212 0
2213 2
2214 0
2215 1
2216 0
2217 2
2218 1
2219 2
2220 0
2221 1
2222 2
2223 0
2224 1
2225 0
2226 1
2227 0
2228 2
2229 1
2230 0
2231 1
2232 0
2233 1
2234 0
2235 1
2236 0
2237 1
2238 0
2239 1
2240 0
2241 1
2242 0
2243 1
2244 2
2245 0
2246 2
2247 0
2248 1
2249 0
2250 1
2251 2
2252 0
2253 1
2254 2
2255 0
2256 1
2257 2
2258 1
2259 0
2260 1
2261 0
2262 1
2263 0
2264 2
2265 0
2266 1
2267 0
2268 2
2269 1
2270 0
2271 1
2272 2
2273 0
2274 1
2275 0
2276 1
2277 2
2278 1
2279 2
2280 1
2281 0
2282 1
2283 2
2284 0
2285 3
2286 1
2287 2
2288 3
2289 1
2290 0
2291 1
2292 2
2293 0
2294 1
2295 0
2296 2
2297 1
2298 2
2299 0
2300 1
2301 2
2302 0
2303 1
2304 0
2305 2
2306 1
2307 0
2308 1
2309 2
2310 0
2311 2
2312 1
2313 0
2314 3
2315 1
2316 0
2317 1
2318 2
2319 1
2320 0
2321 2
2322 1
2323 0
2324 1
2325 2
2326 0
2327 1
2328 2
2329 0
2330 2
2331 0
2332 2
2333 1
2334 0
2335 2
2336 1
2337 0
2338 2
2339 1
2340 0
2341 1
2342 2
2343 0
2344 1
2345 2
2346 0
2347 1
2348 0
2349 1
2350 0
2351 2
2352 1
2353 0
2354 2
2355 1
2356 2
2357 0
2358 1
2359 2
2360 1
2361 0
2362 1
2363 0
2364 2
2365 1
2366 0
2367 1
2368 2
2369 0
2370 1
2371 2
2372 0
2373 3
2374 2
2375 0
2376 1
2377 0
2378 1
2379 0
2380 1
2381 0
2382 2
2383 1
2384 0
2385 1
2386 2
2387 3
2388 1
2389 0
2390 1
2391 0
2392 2
2393 1
2394 2
2395 0
2396 2
2397 3
2398 1
2399 2
2400 3
2401 2
2402 0
2403 1
2404 0
2405 2
2406 1
2407 3
2408 2
2409 1
2410 2
2411 3
2412 0
2413 1
2414 0
2415 1
2416 2
2417 3
2418 0
2419 2
2420 3
2421 0
2422 2
2423 1
2424 0
2425 1
2426 0
2427 1
2428 0
2429 2
2430 1
2431 2
2432 0
2433 2
2434 0
2435 1
2436 0
2437 2
2438 0
2439 1
2440 2
2441 0
2442 1
2443 2
2444 0
2445 2
2446 1
2447 2
2448 1
2449 0
2450 1
2451 0
2452 2
2453 0
2454 1
2455 0
2456 1
2457 2
2458 0
2459 1
2460 0
2461 1
2462 2
2463 0
2464 1
2465 0
2466 2
2467 1
2468 2
2469 3
2470 0
2471 1
2472 0
2473 1
2474 0
2475 1
2476 2
2477 3
2478 2
2479 1
2480 3
2481 2
2482 0
2483 1
2484 0
2485 1
2486 2
2487 0
2488 1
2489 0
2490 2
2491 1
2492 0
2493 1
2494 3
2495 2
2496 1
2497 2
2498 0
2499 2
2500 0
2501 2
2502 0
2503 1
2504 2
2505 0
2506 1
2507 0
2508 2
2509 1
2510 3
2511 2
2512 1
2513 2
2514 1
2515 0
2516 2
2517 3
2518 1
2519 2
2520 1
2521 2
2522 1
2523 0
2524 2
2525 0
2526 2
2527 0
2528 2
2529 3
2530 1
2531 2
2532 1
2533 0
2534 1
2535 0
2536 2
2537 1
2538 0
2539 1
2540 0
2541 1
2542 2
2543 0
2544 1
2545 0
2546 1
2547 0
2548 1
2549 0
2550 2
2551 1
2552 2
2553 0
2554 1
2555 0
2556 2
2557 1
2558 0
2559 1
2560 0
2561 2
2562 0
2563 2
2564 3
2565 1
2566 0
2567 1
2568 2
2569 0
2570 2
2571 1
2572 0
2573 2
2574 1
2575 2
2576 3
2577 2
2578 0
2579 1
2580 2
2581 1
2582 2
2583 0
2584 2
2585 0
2586 1
2587 0
2588 3
2589 2
2590 0
2591 1
2592 0
2593 1
2594 2
2595 0
2596 1
2597 2
2598 0
2599 1
2600 2
2601 0
2602 1
2603 2
2604 0
2605 1
2606 0
2607 1
2608 0
2609 1
2610 2
2611 0
2612 1
2613 0
2614 1
2615 2
2616 1
2617 2
2618 0
2619 2
2620 1
2621 0
2622 1
2623 0
2624 1
2625 0
2626 1
2627 2
2628 1
2629 0
2630 3
2631 2
2632 0
2633 1
2634 0
2635 1
2636 0
2637 1
2638 0
2639 1
2640 0
2641 2
2642 1
2643 2
2644 1
2645 0
2646 2
2647 1
2648 2
2649 1
2650 0
2651 1
2652 0
2653 1
2654 2
2655 0
2656 1
2657 2
2658 1
2659 0
2660 2
2661 0
2662 2
2663 1
2664 2
2665 0
2666 2
2667 1
2668 2
2669 0
2670 1
2671 2
2672 0
2673 2
2674 1
2675 0
2676 1
2677 2
2678 1
2679 2
2680 0
2681 2
2682 0
2683 2
2684 1
2685 0
2686 2
2687 0
2688 1
2689 0
2690 4
2691 2
2692 3
2693 0
2694 1
2695 2
2696 0
2697 1
2698 0
2699 1
2700 2
2701 0
2702 1
2703 2
2704 0
2705 1
2706 0
2707 2
2708 0
2709 1
2710 0
2711 1
2712 2
2713 1
2714 0
2715 2
2716 0
2717 2
2718 1
2719 0
2720 1
2721 0
2722 1
2723 0
2724 2
2725 1
2726 2
2727 0
2728 2
2729 1
2730 2
2731 0
2732 2
2733 3
2734 0
2735 1
2736 2
2737 0
2738 1
2739 0
2740 1
2741 0
2742 1
2743 2
2744 0
2745 1
2746 0
2747 1
2748 0
2749 1
2750 0
2751 2
2752 1
2753 0
2754 2
2755 1
2756 0
2757 1
2758 0
2759 1
2760 2
2761 1
2762 0
2763 1
2764 2
2765 1
2766 0
2767 1
2768 2
2769 0
2770 1
2771 0
2772 1
2773 0
2774 1
2775 0
2776 1
2777 0
2778 1
2779 2
2780 0
2781 2
2782 1
2783 0
2784 1
2785 0
2786 1
2787 0
2788 1
2789 0
2790 3
2791 1
2792 0
2793 2
2794 1
2795 0
2796 1
2797 0
2798 2
2799 1
2800 0
2801 2
2802 0
2803 2
2804 1
2805 0
2806 2
2807 1
2808 2
2809 0
2810 1
2811 2
2812 0
2813 1
2814 2
2815 0
2816 1
2817 0
2818 1
2819 2
2820 0
2821 1
2822 2
2823 0
2824 2
2825 1
2826 0
2827 2
2828 1
2829 2
2830 0
2831 1
2832 0
2833 1
2834 0
2835 1
2836 0
2837 1
2838 0
2839 2
2840 0
2841 2
2842 0
2843 1
2844 0
2845 1
2846 2
2847 1
2848 0
2849 1
2850 2
2851 0
2852 1
2853 2
2854 0
2855 1
2856 0
2857 1
2858 3
2859 0
2860 1
2861 0
2862 1
2863 2
2864 0
2865 1
2866 0
2867 2
2868 1
2869 0
2870 1
2871 0
2872 1
2873 0
2874 2
2875 1
2876 0
2877 1
2878 2
2879 3
2880 1
2881 0
2882 1
2883 2
2884 0
2885 1
2886 0
2887 2
2888 1
2889 2
2890 1
2891 0
2892 2
2893 1
2894 2
2895 0
2896 1
2897 0
2898 2
2899 0
2900 2
2901 1
2902 0
2903 2
2904 1
2905 2
2906 0
2907 1
2908 0
2909 2
2910 1
2911 2
2912 0
2913 1
2914 2
2915 1
2916 0
2917 2
2918 0
2919 1
2920 0
2921 1
2922 2
2923 3
2924 1
2925 2
2926 0
2927 2
2928 0
2929 1
2930 0
2931 1
2932 2
2933 1
2934 0
2935 2
2936 0
2937 1
2938 0
2939 2
2940 0
2941 1
2942 2
2943 1
2944 0
2945 2
2946 1
2947 0
2948 1
2949 0
2950 1
2951 0
2952 1
2953 2
2954 1
2955 0
2956 1
2957 2
2958 0
2959 1
2960 0
2961 1
2962 2
2963 3
2964 1
2965 2
2966 0
2967 1
2968 0
2969 2
2970 1
2971 2
2972 0
2973 2
2974 0
2975 2
2976 1
2977 0
2978 1
2979 0
2980 2
2981 0
2982 1
2983 2
2984 0
2985 1
2986 2
2987 1
2988 0
2989 1
2990 2
2991 0
2992 1
2993 2
2994 1
2995 0
2996 1
2997 2
2998 0
2999 1
3000 2
3001 3
3002 0
3003 2
3004 1
3005 0
3006 1
3007 0
3008 2
3009 1
3010 0
3011 1
3012 0
3013 1
3014 0
3015 1
3016 0
3017 1
3018 2
3019 0
3020 1
3021 0
3022 1
3023 0
3024 2
3025 0
3026 1
3027 0
3028 1
3029 0
3030 1
3031 0
3032 1
3033 0
3034 1
3035 0
3036 1
3037 0
3038 1
3039 2
3040 1
3041 0
3042 2
3043 0
3044 1
3045 0
3046 2
3047 0
3048 1
3049 2
3050 0
3051 1
3052 0
3053 1
3054 2
3055 0
3056 1
3057 2
3058 0
3059 1
3060 0
3061 1
3062 2
3063 0
3064 1
3065 2
3066 3
3067 0
3068 2
3069 1
3070 0
3071 1
3072 3
3073 0
3074 1
3075 0
3076 1
3077 2
3078 0
3079 1
3080 2
3081 0
3082 1
3083 0
3084 1
3085 0
3086 2
3087 1
3088 0
3089 1
3090 2
3091 0
3092 2
3093 1
3094 2
3095 1
3096 2
3097 1
3098 2
3099 0
3100 1
3101 2
3102 0
3103 1
3104 0
3105 1
3106 2
3107 1
3108 3
3109 2
3110 0
3111 1
3112 2
3113 0
3114 1
3115 0
3116 2
3117 1
3118 2
3119 0
3120 2
3121 0
3122 3
3123 2
3124 1
3125 2
3126 0
3127 2
3128 0
3129 1
3130 2
3131 0
3132 2
3133 1
3134 0
3135 2
3136 1
3137 0
3138 1
3139 0
3140 2
3141 3
3142 0
3143 1
3144 0
3145 1
3146 0
3147 2
3148 1
3149 0
3150 1
3151 0
3152 2
3153 3
3154 0
3155 1
3156 0
3157 1
3158 2
3159 1
3160 2
3161 0
3162 1
3163 2
3164 0
3165 2
3166 1
3167 2
3168 0
3169 2
3170 0
3171 2
3172 1
3173 0
3174 1
3175 0
3176 1
3177 0
3178 1
3179 0
3180 1
3181 0
3182 2
3183 1
3184 2
3185 0
3186 2
3187 1
3188 2
3189 0
3190 1
3191 0
3192 1
3193 2
3194 1
3195 2
3196 0
3197 1
3198 0
3199 1
3200 0
3201 1
3202 2
3203 1
3204 0
3205 1
3206 2
3207 0
3208 2
3209 0
3210 1
3211 0
3212 1
3213 0
3214 1
3215 0
3216 1
3217 0
3218 2
3219 1
3220 0
3221 1
3222 2
3223 0
3224 3
3225 1
3226 2
3227 0
3228 1
3229 2
3230 0
3231 1
3232 2
3233 0
3234 1
3235 2
3236 0
3237 1
3238 2
3239 3
3240 1
3241 0
3242 1
3243 0
3244 1
3245 2
3246 0
3247 3
3248 1
3249 2
3250 1
3251 2
3252 0
3253 2
3254 0
3255 2
3256 1
3257 0
3258 1
3259 0
3260 1
3261 2
3262 0
3263 1
3264 2
3265 0
3266 2
3267 0
3268 1
3269 2
3270 0
3271 2
3272 1
3273 2
3274 0
3275 2
3276 0
3277 1
3278 0
3279 2
3280 1
3281 0
3282 2
3283 1
3284 0
3285 1
3286 2
3287 0
3288 1
3289 2
3290 0
3291 1
3292 0
3293 2
3294 0
3295 1
3296 0
3297 1
3298 0
3299 1
3300 3
3301 2
3302 0
3303 1
3304 2
3305 3
3306 1
3307 0
3308 2
3309 1
3310 2
3311 1
3312 0
3313 2
3314 1
3315 2
3316 0
3317 2
3318 1
3319 0
3320 1
3321 2
3322 0
3323 1
3324 0
3325 2
3326 3
3327 1
3328 0
3329 1
3330 0
3331 2
3332 0
3333 1
3334 0
3335 2
3336 0
3337 1
3338 0
3339 1
3340 0
3341 1
3342 0
3343 1
3344 2
3345 0
3346 2
3347 0
3348 2
3349 1
3350 2
3351 0
3352 2
3353 0
3354 1
3355 0
3356 2
3357 1
3358 2
3359 0
3360 1
3361 0
3362 2
3363 1
3364 0
3365 1
3366 0
3367 2
3368 1
3369 2
3370 0
3371 1
3372 0
3373 2
3374 1
3375 2
3376 3
3377 0
3378 1
3379 0
3380 1
3381 0
3382 2
3383 1
3384 0
3385 1
3386 0
3387 1
3388 2
3389 0
3390 2
3391 0
3392 1
3393 0
3394 1
3395 0
3396 2
3397 0
3398 1
3399 2
3400 0
3401 2
3402 1
3403 0
3404 2
3405 1
3406 0
3407 2
3408 0
3409 1
3410 0
3411 1
3412 2
3413 0
3414 2
3415 1
3416 0
3417 1
3418 2
3419 3
3420 1
3421 2
3422 0
3423 1
3424 0
3425 1
3426 3
3427 0
3428 1
3429 0
3430 2
3431 0
3432 2
3433 1
3434 2
3435 0
3436 1
3437 0
3438 1
3439 3
3440 0
3441 2
3442 1
3443 0
3444 2
3445 1
3446 0
3447 1
3448 2
3449 0
3450 1
3451 0
3452 1
3453 2
3454 1
3455 0
3456 1
3457 0
3458 2
3459 1
3460 2
3461 0
3462 2
3463 1
3464 0
3465 1
3466 2
3467 0
3468 1
3469 0
3470 3
3471 1
3472 2
3473 0
3474 1
3475 0
3476 1
3477 0
3478 1
3479 0
3480 1
3481 2
3482 1
3483 0
3484 1
3485 2
3486 0
3487 2
3488 1
3489 0
3490 2
3491 1
3492 0
3493 1
3494 2
3495 0
3496 1
3497 2
3498 1
3499 2
3500 0
3501 1
3502 2
3503 0
3504 1
3505 0
3506 2
3507 1
3508 0
3509 1
3510 2
3511 1
3512 0
3513 2
3514 1
3515 0
3516 1
3517 2
3518 0
3519 1
3520 0
3521 2
3522 0
3523 1
3524 0
3525 1
3526 2
3527 0
3528 1
3529 0
3530 2
3531 1
3532 2
3533 0
3534 1
3535 0
3536 2
3537 1
3538 2
3539 0
3540 2
3541 3
3542 0
3543 2
3544 1
3545 2
3546 1
3547 0
3548 1
3549 2
3550 1
3551 0
3552 1
3553 2
3554 1
3555 2
3556 0
3557 1
3558 0
3559 2
3560 0
3561 2
3562 1
3563 2
3564 0
3565 1
3566 2
3567 3
3568 0
3569 2
3570 0
3571 2
3572 1
3573 0
3574 1
3575 0
3576 2
3577 1
3578 2
3579 0
3580 1
3581 2
3582 0
3583 1
3584 0
3585 1
3586 0
3587 1
3588 0
3589 1
3590 2
3591 0
3592 2
3593 1
3594 0
3595 1
3596 0
3597 1
3598 0
3599 1
3600 3
3601 0
3602 1
3603 2
3604 0
3605 1
3606 0
3607 2
3608 3
3609 1
3610 2
3611 0
3612 1
3613 2
3614 0
3615 1
3616 0
3617 1
3618 0
3619 2
3620 1
3621 2
3622 0
3623 2
3624 0
3625 1
3626 0
3627 2
3628 1
3629 0
3630 2
3631 1
3632 2
3633 0
3634 1
3635 0
3636 1
3637 2
3638 0
3639 1
3640 0
3641 2
3642 0
3643 1
3644 2
3645 0
3646 1
3647 2
3648 0
3649 1
3650 2
3651 1
3652 0
3653 2
3654 1
3655 0
3656 2
3657 1
3658 0
3659 2
3660 1
3661 0
3662 1
3663 2
3664 0
3665 2
3666 1
3667 0
3668 1
3669 0
3670 1
3671 0
3672 1
3673 2
3674 0
3675 1
3676 2
3677 0
3678 1
3679 0
3680 3
3681 1
3682 0
3683 1
3684 2
3685 0
3686 2
3687 1
3688 0
3689 1
3690 0
3691 1
3692 2
3693 0
3694 2
3695 1
3696 0
3697 1
3698 0
3699 2
3700 1
3701 0
3702 1
3703 0
3704 1
3705 0
3706 2
3707 0
3708 2
3709 1
3710 0
3711 1
3712 0
3713 1
3714 0
3715 2
3716 0
3717 2
3718 1
3719 0
3720 2
3721 1
3722 2
3723 1
3724 0
3725 2
3726 1
3727 0
3728 1
3729 0
3730 1
3731 0
3732 1
3733 0
3734 1
3735 2
3736 0
3737 1
3738 0
3739 1
3740 2
3741 0
3742 1
3743 2
3744 0
3745 2
3746 1
3747 0
3748 1
3749 2
3750 1
3751 2
3752 0
3753 2
3754 1
3755 2
3756 1
3757 0
3758 1
3759 2
3760 0
3761 1
3762 0
3763 2
3764 1
3765 2
3766 0
3767 1
3768 0
3769 1
3770 0
3771 1
3772 0
3773 3
3774 0
3775 1
3776 2
3777 1
3778 0
3779 1
3780 0
3781 1
3782 2
3783 1
3784 0
3785 2
3786 1
3787 2
3788 0
3789 1
3790 0
3791 2
3792 1
3793 0
3794 1
3795 0
3796 2
3797 1
3798 2
3799 0
3800 1
3801 0
3802 1
3803 0
3804 1
3805 3
3806 0
3807 1
3808 0
3809 1
3810 2
3811 0
3812 2
3813 0
3814 1
3815 2
3816 1
3817 2
3818 0
3819 2
3820 1
3821 0
3822 2
3823 1
3824 0
3825 1
3826 0
3827 2
3828 1
3829 0
3830 1
3831 2
3832 0
3833 1
3834 0
3835 1
3836 0
3837 1
3838 2
3839 1
3840 2
3841 0
3842 1
3843 0
3844 2
3845 1
3846 0
3847 1
3848 0
3849 2
3850 1
3851 2
3852 1
3853 0
3854 1
3855 0
3856 1
3857 0
3858 2
3859 3
3860 0
3861 1
3862 0
3863 2
3864 0
3865 1
3866 0
3867 2
3868 3
3869 0
3870 1
3871 0
3872 1
3873 0
3874 1
3875 0
3876 3
3877 0
3878 3
3879 1
3880 2
3881 0
3882 1
3883 0
3884 2
3885 0
3886 1
3887 0
3888 2
3889 1
3890 0
3891 2
3892 0
3893 1
3894 0
3895 1
3896 0
3897 1
3898 0
3899 1
3900 2
3901 0
3902 1
3903 0
3904 2
3905 1
3906 0
3907 1
3908 3
3909 2
3910 1
3911 2
3912 1
3913 2
3914 0
3915 2
3916 1
3917 0
3918 3
3919 2
3920 0
3921 2
3922 1
3923 0
3924 1
3925 2
3926 0
3927 1
3928 0
3929 2
3930 1
3931 0
3932 1
3933 0
3934 1
3935 0
3936 1
3937 2
3938 0
3939 1
3940 2
3941 0
3942 1
3943 0
3944 2
3945 1
3946 2
3947 0
3948 1
3949 0
3950 1
3951 0
3952 2
3953 1
3954 0
3955 1
3956 2
3957 0
3958 2
3959 0
3960 2
3961 1
3962 2
3963 0
3964 2
3965 0
3966 1
3967 0
3968 2
3969 1
3970 0
3971 1
3972 0
3973 1
3974 3
3975 2
3976 0
3977 1
3978 0
3979 2
3980 0
3981 1
3982 2
3983 0
3984 1
3985 0
3986 2
3987 1
3988 0
3989 1
3990 3
3991 2
3992 0
3993 2
3994 0
3995 1
3996 0
3997 1
3998 0
3999 1
4000 0
4001 1
4002 3
4003 2
4004 3
4005 0
4006 2
4007 1
4008 2
4009 0
4010 2
4011 1
4012 0
4013 2
4014 0
4015 2
4016 1
4017 0
4018 1
4019 0
4020 1
4021 0
4022 2
4023 1
4024 0
4025 1
4026 2
4027 3
4028 1
4029 3
4030 0
4031 2
4032 1
4033 0
4034 1
4035 0
4036 2
4037 0
4038 1
4039 0
4040 1
4041 0
4042 1
4043 0
4044 2
4045 1
4046 0
4047 2
4048 1
4049 2
4050 3
4051 1
4052 0
4053 2
4054 1
4055 0
4056 1
4057 0
4058 2
4059 1
4060 0
4061 1
4062 2
4063 0
4064 2
4065 1
4066 2
4067 0
4068 1
4069 0
4070 2
4071 1
4072 0
4073 1
4074 0
4075 1
4076 0
4077 1
4078 2
4079 0
4080 1
4081 0
4082 2
4083 0
4084 1
4085 2
4086 0
4087 2
4088 1
4089 2
4090 0
4091 2
4092 1
4093 0
4094 2
4095 0
4096 2
4097 0
4098 2
4099 1
4100 0
4101 1
4102 2
4103 0
4104 2
4105 1
4106 0
4107 1
4108 2
4109 0
4110 1
4111 2
4112 0
4113 1
4114 0
4115 1
4116 0
4117 1
4118 0
4119 1
4120 0
4121 1
4122 2
4123 0
4124 2
4125 1
4126 0
4127 1
4128 2
4129 0
4130 1
4131 2
4132 1
4133 0
4134 1
4135 0
4136 1
4137 0
4138 1
4139 0
4140 1
4141 0
4142 1
4143 0
4144 2
4145 0
4146 2
4147 1
4148 0
4149 1
4150 0
4151 1
4152 0
4153 1
4154 0
4155 1
4156 2
4157 1
4158 2
4159 0
4160 1
4161 2
4162 0
4163 1
4164 2
4165 1
4166 2
4167 3
4168 2
4169 0
4170 1
4171 2
4172 0
4173 2
4174 0
4175 1
4176 0
4177 2
4178 1
4179 0
4180 1
4181 0
4182 2
4183 1
4184 2
4185 0
4186 2
4187 1
4188 0
4189 1
4190 0
4191 2
4192 0
4193 2
4194 0
4195 2
4196 1
4197 0
4198 1
4199 0
4200 1
4201 2
4202 1
4203 2
4204 3
4205 1
4206 0
4207 2
4208 1
4209 0
4210 2
4211 1
4212 0
4213 2
4214 0
4215 1
4216 2
4217 0
4218 1
4219 0
4220 2
4221 1
4222 3
4223 2
4224 1
4225 0
4226 3
4227 2
4228 1
4229 2
4230 0
4231 2
4232 0
4233 1
4234 0
4235 2
4236 1
4237 0
4238 2
4239 1
4240 0
4241 1
4242 0
4243 2
4244 0
4245 1
4246 2
4247 3
4248 1
4249 0
4250 1
4251 0
4252 2
4253 1
4254 0
4255 1
4256 0
4257 2
4258 0
4259 2
4260 1
4261 2
4262 0
4263 1
4264 0
4265 1
4266 3
4267 0
4268 1
4269 2
4270 0
4271 2
4272 1
4273 0
4274 2
4275 1
4276 0
4277 1
4278 0
4279 1
4280 0
4281 2
4282 0
4283 1
4284 2
4285 0
4286 1
4287 0
4288 1
4289 2
4290 0
4291 1
4292 0
4293 2
4294 0
4295 1
4296 2
4297 1
4298 2
4299 0
4300 1
4301 2
4302 0
4303 2
4304 0
4305 1
4306 0
4307 2
4308 1
4309 0
4310 1
4311 2
4312 0
4313 1
4314 0
4315 1
4316 0
4317 2
4318 1
4319 0
4320 2
4321 1
4322 2
4323 0
4324 3
4325 1
4326 0
4327 1
4328 2
4329 1
4330 2
4331 1
4332 0
4333 1
4334 0
4335 2
4336 1
4337 0
4338 1
4339 0
4340 1
4341 2
4342 0
4343 2
4344 0
4345 3
4346 1
4347 2
4348 1
4349 2
4350 0
4351 2
4352 1
4353 2
4354 0
4355 2
4356 1
4357 2
4358 1
4359 2
4360 0
4361 2
4362 1
4363 2
4364 0
4365 2
4366 1
4367 2
4368 1
4369 0
4370 2
4371 1
4372 0
4373 1
4374 3
4375 0
4376 2
4377 1
4378 2
4379 0
4380 1
4381 0
4382 2
4383 0
4384 2
4385 0
4386 1
4387 0
4388 2
4389 1
4390 2
4391 0
4392 2
4393 1
4394 2
4395 0
4396 1
4397 0
4398 2
4399 1
4400 0
4401 2
4402 1
4403 0
4404 2
4405 1
4406 2
4407 1
4408 0
4409 2
4410 1
4411 0
4412 1
4413 0
4414 1
4415 2
4416 1
4417 0
4418 1
4419 2
4420 0
4421 3
4422 1
4423 0
4424 1
4425 0
4426 1
4427 2
4428 0
4429 1
4430 0
4431 1
4432 2
4433 0
4434 1
4435 2
4436 0
4437 1
4438 0
4439 2
4440 1
4441 0
4442 1
4443 2
4444 0
4445 2
4446 1
4447 0
4448 1
4449 0
4450 2
4451 0
4452 1
4453 2
4454 0
4455 2
4456 0
4457 1
4458 0
4459 1
4460 2
4461 0
4462 2
4463 0
4464 2
4465 1
4466 0
4467 1
4468 0
4469 2
4470 0
4471 2
4472 1
4473 2
4474 0
4475 1
4476 0
4477 2
4478 0
4479 1
4480 0
4481 2
4482 1
4483 0
4484 1
4485 2
4486 0
4487 2
4488 1
4489 0
4490 1
4491 0
4492 1
4493 0
4494 3
4495 2
4496 1
4497 0
4498 1
4499 0
4500 1
4501 2
4502 1
4503 2
4504 0
4505 1
4506 2
4507 1
4508 0
4509 1
4510 0
4511 2
4512 0
4513 1
4514 0
4515 1
4516 0
4517 2
4518 1
4519 2
4520 0
4521 2
4522 0
4523 1
4524 0
4525 1
4526 0
4527 1
4528 0
4529 1
4530 0
4531 2
4532 0
4533 1
4534 0
4535 2
4536 1
4537 0
4538 2
4539 0
4540 2
4541 0
4542 2
4543 0
4544 1
4545 2
4546 3
4547 0
4548 1
4549 3
4550 2
4551 1
4552 0
4553 2
4554 1
4555 0
4556 1
4557 0
4558 2
4559 1
4560 0
4561 2
4562 3
4563 1
4564 2
4565 0
4566 2
4567 1
4568 2
4569 1
4570 0
4571 1
4572 0
4573 2
4574 1
4575 0
4576 1
4577 0
4578 2
4579 1
4580 2
4581 0
4582 2
4583 1
4584 0
4585 1
4586 2
4587 0
4588 2
4589 0
4590 1
4591 0
4592 1
4593 0
4594 1
4595 0
4596 1
4597 0
4598 1
4599 0
4600 2
4601 0
4602 1
4603 0
4604 1
4605 0
4606 2
4607 0
4608 1
4609 2
4610 0
4611 1
4612 0
4613 1
4614 2
4615 1
4616 2
4617 3
4618 1
4619 2
4620 0
4621 1
4622 2
4623 3
4624 1
4625 2
4626 0
4627 2
4628 1
4629 0
4630 2
4631 1
4632 0
4633 2
4634 1
4635 3
4636 2
4637 1
4638 0
4639 2
4640 1
4641 0
4642 2
4643 3
4644 0
4645 2
4646 0
4647 1
4648 2
4649 0
4650 2
4651 1
4652 3
4653 2
4654 3
4655 0
4656 2
4657 1
4658 2
4659 0
4660 2
4661 1
4662 0
4663 1
4664 2
4665 0
4666 2
4667 1
4668 0
4669 1
4670 2
4671 0
4672 2
4673 1
4674 2
4675 0
4676 1
4677 0
4678 2
4679 0
4680 1
4681 2
4682 0
4683 1
4684 0
4685 1
4686 0
4687 1
4688 0
4689 2
4690 1
4691 0
4692 1
4693 0
4694 1
4695 0
4696 1
4697 0
4698 2
4699 0
4700 1
4701 0
4702 1
4703 2
4704 1
4705 0
4706 2
4707 0
4708 1
4709 0
4710 2
4711 0
4712 1
4713 2
4714 0
4715 2
4716 0
4717 3
4718 2
4719 1
4720 2
4721 1
4722 2
4723 0
4724 2
4725 1
4726 2
4727 0
4728 1
4729 2
4730 1
4731 0
4732 1
4733 0
4734 2
4735 1
4736 0
4737 1
4738 2
4739 0
4740 2
4741 0
4742 2
4743 1
4744 2
4745 0
4746 2
4747 0
4748 1
4749 2
4750 0
4751 1
4752 0
4753 2
4754 1
4755 0
4756 2
4757 1
4758 2
4759 0
4760 1
4761 2
4762 0
4763 1
4764 2
4765 0
4766 1
4767 0
4768 1
4769 2
4770 0
4771 1
4772 0
4773 1
4774 0
4775 2
4776 0
4777 1
4778 2
4779 0
4780 1
4781 2
4782 1
4783 0
4784 2
4785 1
4786 2
4787 1
4788 0
4789 1
4790 0
4791 1
4792 0
4793 2
4794 1
4795 2
4796 0
4797 2
4798 1
4799 0
4800 1
4801 2
4802 1
4803 0
4804 1
4805 2
4806 1
4807 0
4808 1
4809 0
4810 1
4811 2
4812 0
4813 1
4814 0
4815 1
4816 2
4817 1
4818 0
4819 2
4820 0
4821 1
4822 0
4823 2
4824 1
4825 0
4826 1
4827 0
4828 1
4829 0
4830 2
4831 1
4832 2
4833 0
4834 1
4835 2
4836 0
4837 1
4838 2
4839 3
4840 0
4841 2
4842 0
4843 1
4844 0
4845 1
4846 0
4847 1
4848 2
4849 0
4850 2
4851 1
4852 0
4853 2
4854 1
4855 0
4856 1
4857 0
4858 2
4859 0
4860 1
4861 2
4862 0
4863 1
4864 0
4865 1
4866 2
4867 0
4868 2
4869 3
4870 0
4871 1
4872 2
4873 0
4874 1
4875 0
4876 1
4877 0
4878 2
4879 0
4880 2
4881 1
4882 2
4883 0
4884 3
4885 2
4886 3
4887 0
4888 1
4889 0
4890 1
4891 2
4892 0
4893 2
4894 0
4895 2
4896 1
4897 0
4898 1
4899 0
4900 2
4901 1
4902 2
4903 0
4904 1
4905 0
4906 2
4907 1
4908 2
4909 1
4910 0
4911 1
4912 2
4913 0
4914 1
4915 0
4916 1
4917 0
4918 2
4919 0
4920 2
4921 1
4922 2
4923 0
4924 1
4925 2
4926 0
4927 2
4928 0
4929 1
4930 0
4931 1
4932 2
4933 1
4934 2
4935 0
4936 1
4937 0
4938 2
4939 1
4940 3
4941 2
4942 0
4943 1
4944 0
4945 1
4946 0
4947 1
4948 2
4949 0
4950 2
4951 1
4952 0
4953 2
4954 0
4955 1
4956 2
4957 1
4958 0
4959 1
4960 2
4961 0
4962 1
4963 2
4964 1
4965 0
4966 1
4967 2
4968 0
4969 1
4970 2
4971 0
4972 2
4973 0
4974 2
4975 1
4976 0
4977 1
4978 2
4979 1
4980 2
4981 0
4982 2
4983 0
4984 2
4985 0
4986 1
4987 0
4988 1
4989 2
4990 3
4991 1
4992 2
4993 0
4994 1
4995 0
4996 2
4997 1
4998 0
4999 2
5000 0
5001 1
5002 0
5003 1
5004 0
5005 1
5006 0
5007 1
5008 0
5009 1
5010 0
5011 1
5012 2
5013 1
5014 2
5015 3
5016 1
5017 2
5018 1
5019 0
5020 2
5021 0
5022 2
5023 1
5024 0
5025 1
5026 2
5027 1
5028 0
5029 1
5030 2
5031 1
5032 2
5033 0
5034 1
5035 2
5036 0
5037 1
5038 2
5039 1
5040 2
5041 0
5042 1
5043 0
5044 1
5045 2
5046 3
5047 0
5048 2
5049 1
5050 0
5051 1
5052 0
5053 1
5054 2
5055 0
5056 1
5057 0
5058 1
5059 0
5060 1
5061 0
5062 2
5063 1
5064 0
5065 1
5066 0
5067 1
5068 2
5069 0
5070 2
5071 1
5072 0
5073 2
5074 0
5075 1
5076 3
5077 2
5078 0
5079 2
5080 0
5081 1
5082 2
5083 0
5084 3
5085 2
5086 0
5087 2
5088 1
5089 0
5090 1
5091 0
5092 2
5093 1
5094 0
5095 1
5096 2
5097 3
5098 0
5099 1
5100 0
5101 1
5102 2
5103 1
5104 0
5105 1
5106 3
5107 1
5108 2
5109 3
5110 0
5111 2
5112 1
5113 2
5114 0
5115 2
5116 1
5117 2
5118 0
5119 1
5120 2
5121 0
5122 2
5123 3
5124 1
5125 0
5126 1
5127 0
5128 2
5129 1
5130 0
5131 2
5132 1
5133 0
5134 2
5135 1
5136 2
5137 0
5138 2
5139 1
5140 0
5141 1
5142 2
5143 1
5144 0
5145 1
5146 2
5147 0
5148 1
5149 2
5150 3
5151 1
5152 2
5153 0
5154 1
5155 0
5156 1
5157 2
5158 0
5159 1
5160 2
5161 0
5162 2
5163 1
5164 0
5165 1
5166 2
5167 0
5168 2
5169 1
5170 2
5171 1
5172 0
5173 1
5174 0
5175 2
5176 1
5177 0
5178 2
5179 1
5180 0
5181 2
5182 0
5183 1
5184 0
5185 1
5186 0
5187 2
5188 1
5189 0
5190 2
5191 1
5192 0
5193 1
5194 2
5195 0
5196 1
5197 0
5198 2
5199 1
5200 3
5201 0
5202 1
5203 0
5204 2
5205 3
5206 0
5207 2
5208 3
5209 0
5210 2
5211 1
5212 0
5213 2
5214 1
5215 3
5216 0
5217 2
5218 1
5219 0
5220 2
5221 1
5222 2
5223 3
5224 0
5225 2
5226 1
5227 0
5228 1
5229 2
5230 0
5231 1
5232 2
5233 1
5234 2
5235 1
5236 0
5237 1
5238 2
5239 1
5240 2
5241 1
5242 2
5243 1
5244 0
5245 1
5246 2
5247 0
5248 1
5249 0
5250 1
5251 0
5252 1
5253 2
5254 3
5255 1
5256 0
5257 1
5258 2
5259 1
5260 2
5261 0
5262 2
5263 1
5264 0
5265 1
5266 0
5267 1
5268 2
5269 1
5270 0
5271 1
5272 2
5273 0
5274 2
5275 0
5276 1
5277 0
5278 2
5279 1
5280 0
5281 1
5282 0
5283 1
5284 0
5285 1
5286 0
5287 2
5288 3
5289 0
5290 2
5291 0
5292 1
5293 0
5294 1
5295 0
5296 1
5297 0
5298 2
5299 1
5300 0
5301 1
5302 0
5303 1
5304 2
5305 0
5306 1
5307 2
5308 0
5309 1
5310 2
5311 1
5312 0
5313 1
5314 0
5315 1
5316 0
5317 2
5318 3
5319 1
5320 0
5321 1
5322 2
5323 1
5324 0
5325 1
5326 2
5327 1
5328 0
5329 1
5330 2
5331 0
5332 1
5333 2
5334 0
5335 2
5336 1
5337 0
5338 2
5339 0
5340 1
5341 2
5342 1
5343 0
5344 2
5345 1
5346 0
5347 2
5348 1
5349 2
5350 0
5351 1
5352 2
5353 0
5354 2
5355 1
5356 2
5357 0
5358 1
5359 0
5360 2
5361 0
5362 1
5363 0
5364 2
5365 3
5366 2
5367 0
5368 2
5369 1
5370 0
5371 1
5372 0
5373 1
5374 2
5375 0
5376 1
5377 2
5378 0
5379 1
5380 0
5381 2
5382 1
5383 0
5384 1
5385 0
5386 1
5387 2
5388 0
5389 1
5390 0
5391 2
5392 3
5393 1
5394 0
5395 1
5396 2
5397 1
5398 0
5399 2
5400 1
5401 0
5402 1
5403 2
5404 0
5405 1
5406 2
5407 0
5408 2
5409 1
5410 0
5411 2
5412 0
5413 1
5414 0
5415 2
5416 0
5417 2
5418 1
5419 0
5420 2
5421 0
5422 1
5423 0
5424 2
5425 0
5426 1
5427 0
5428 1
5429 0
5430 1
5431 2
5432 0
5433 1
5434 0
5435 1
5436 2
5437 1
5438 0
5439 1
5440 0
5441 2
5442 1
5443 0
5444 1
5445 0
5446 1
5447 2
5448 3
5449 2
5450 0
5451 1
5452 3
5453 0
5454 1
5455 0
5456 1
5457 0
5458 1
5459 2
5460 0
5461 2
5462 1
5463 0
5464 2
5465 0
5466 2
5467 1
5468 0
5469 1
5470 0
5471 1
5472 2
5473 0
5474 2
5475 0
5476 1
5477 2
5478 1
5479 2
5480 1
5481 0
5482 1
5483 2
5484 0
5485 1
5486 2
5487 1
5488 0
5489 1
5490 0
5491 1
5492 0
5493 1
5494 0
5495 1
5496 0
5497 1
5498 0
5499 1
5500 2
5501 0
5502 1
5503 0
5504 1
5505 2
5506 1
5507 0
5508 2
5509 1
5510 2
5511 0
5512 1
5513 0
5514 1
5515 0
5516 1
5517 2
5518 0
5519 1
5520 2
5521 0
5522 1
5523 2
5524 0
5525 1
5526 0
5527 1
5528 0
5529 1
5530 2
5531 0
5532 1
5533 2
5534 1
5535 2
5536 0
5537 1
5538 0
5539 1
5540 0
5541 1
5542 0
5543 2
5544 0
5545 1
5546 0
5547 2
5548 1
5549 0
5550 2
5551 0
5552 2
5553 1
5554 2
5555 1
5556 0
5557 1
5558 2
5559 0
5560 1
5561 0
5562 2
5563 1
5564 0
5565 1
5566 0
5567 1
5568 0
5569 1
5570 2
5571 1
5572 2
5573 0
5574 1
5575 0
5576 1
5577 0
5578 2
5579 1
5580 0
5581 1
5582 0
5583 1
5584 2
5585 0
5586 1
5587 2
5588 0
5589 1
5590 2
5591 0
5592 1
5593 2
5594 0
5595 1
5596 2
5597 0
5598 2
5599 1
5600 2
5601 1
5602 2
5603 0
5604 1
5605 2
5606 1
5607 0
5608 2
5609 0
5610 2
5611 3
5612 0
5613 1
5614 0
5615 1
5616 3
5617 0
5618 1
5619 0
5620 2
5621 1
5622 2
5623 0
5624 1
5625 0
5626 2
5627 0
5628 2
5629 1
5630 0
5631 1
5632 2
5633 0
5634 1
5635 0
5636 1
5637 2
5638 0
5639 2
5640 1
5641 0
5642 1
5643 2
5644 0
5645 1
5646 0
5647 1
5648 0
5649 1
5650 0
5651 1
5652 0
5653 2
5654 1
5655 2
5656 3
5657 1
5658 0
5659 1
5660 2
5661 0
5662 1
5663 2
5664 0
5665 2
5666 1
5667 0
5668 1
5669 0
5670 1
5671 2
5672 3
5673 2
5674 0
5675 2
5676 0
5677 1
5678 0
5679 1
5680 0
5681 1
5682 0
5683 1
5684 2
5685 0
5686 1
5687 2
5688 0
5689 1
5690 0
5691 1
5692 0
5693 1
5694 0
5695 2
5696 1
5697 2
5698 0
5699 1
5700 0
5701 1
5702 0
5703 2
5704 1
5705 3
5706 0
5707 1
5708 2
5709 0
5710 2
5711 3
5712 0
5713 2
5714 1
5715 2
5716 0
5717 1
5718 2
5719 0
5720 1
5721 2
5722 0
5723 2
5724 1
5725 0
5726 2
5727 1
5728 0
5729 1
5730 2
5731 0
5732 2
5733 1
5734 2
5735 0
5736 1
5737 2
5738 1
5739 0
5740 2
5741 1
5742 0
5743 2
5744 1
5745 0
5746 2
5747 1
5748 3
5749 2
5750 1
5751 0
5752 1
5753 3
5754 0
5755 2
5756 1
5757 2
5758 1
5759 0
5760 1
5761 0
5762 1
5763 0
5764 1
5765 0
5766 2
5767 0
5768 1
5769 0
5770 1
5771 0
5772 1
5773 0
5774 1
5775 0
5776 2
5777 0
5778 2
5779 0
5780 1
5781 2
5782 0
5783 2
5784 1
5785 2
5786 0
5787 2
5788 0
5789 1
5790 0
5791 2
5792 0
5793 2
5794 1
5795 0
5796 1
5797 0
5798 1
5799 2
5800 0
5801 1
5802 2
5803 0
5804 2
5805 1
5806 0
5807 2
5808 0
5809 1
5810 0
5811 1
5812 0
5813 1
5814 0
5815 1
5816 0
5817 1
5818 0
5819 1
5820 0
5821 1
5822 0
5823 1
5824 0
5825 2
5826 1
5827 2
5828 0
5829 1
5830 0
5831 1
5832 0
5833 2
5834 1
5835 0
5836 2
5837 0
5838 2
5839 1
5840 0
5841 1
5842 2
5843 0
5844 1
5845 0
5846 1
5847 0
5848 1
5849 2
5850 0
5851 2
5852 0
5853 2
5854 1
5855 0
5856 1
5857 0
5858 1
5859 2
5860 0
5861 1
5862 0
5863 1
5864 0
5865 2
5866 1
5867 2
5868 0
5869 2
5870 1
5871 2
5872 0
5873 1
5874 0
5875 2
5876 1
5877 0
5878 1
5879 0
5880 1
5881 0
5882 1
5883 0
5884 1
5885 2
5886 1
5887 0
5888 1
5889 0
5890 2
5891 1
5892 3
5893 0
5894 1
5895 3
5896 2
5897 1
5898 2
5899 1
5900 2
5901 0
5902 1
5903 2
5904 0
5905 1
5906 2
5907 0
5908 1
5909 0
5910 2
5911 0
5912 1
5913 0
5914 1
5915 2
5916 1
5917 0
5918 1
5919 0
5920 1
5921 0
5922 1
5923 2
5924 0
5925 1
5926 2
5927 1
5928 0
5929 1
5930 0
5931 1
5932 0
5933 1
5934 0
5935 2
5936 1
5937 0
5938 2
5939 0
5940 2
5941 1
5942 2
5943 1
5944 3
5945 2
5946 1
5947 0
5948 1
5949 2
5950 3
5951 0
5952 1
5953 2
5954 0
5955 2
5956 1
5957 0
5958 1
5959 0
5960 1
5961 0
5962 1
5963 0
5964 2
5965 0
5966 1
5967 2
5968 0
5969 3
5970 1
5971 0
5972 1
5973 3
5974 2
5975 1
5976 0
5977 2
5978 1
5979 0
5980 1
5981 2
5982 0
5983 1
5984 0
5985 2
5986 1
5987 2
5988 0
5989 1
5990 2
5991 3
5992 0
5993 3
5994 2
5995 3
5996 0
5997 1
5998 2
5999 1
6000 2
6001 0
6002 1
6003 0
6004 1
6005 2
6006 1
6007 2
6008 0
6009 2
6010 1
6011 2
6012 0
6013 2
6014 0
6015 1
6016 0
6017 2
6018 0
6019 1
6020 2
6021 0
6022 1
6023 0
6024 1
6025 0
6026 1
6027 0
6028 2
6029 1
6030 0
6031 2
6032 1
6033 2
6034 1
6035 0
6036 1
6037 2
6038 0
6039 1
6040 2
6041 0
6042 2
6043 3
6044 1
6045 2
6046 0
6047 2
6048 1
6049 0
6050 1
6051 0
6052 1
6053 2
6054 0
6055 1
6056 0
6057 1
6058 0
6059 1
6060 0
6061 1
6062 0
6063 1
6064 3
6065 0
6066 1
6067 2
6068 0
6069 1
6070 0
6071 3
6072 2
6073 0
6074 1
6075 0
6076 1
6077 0
6078 2
6079 1
6080 0
6081 1
6082 0
6083 2
6084 1
6085 2
6086 0
6087 1
6088 2
6089 0
6090 2
6091 1
6092 0
6093 2
6094 1
6095 2
6096 0
6097 1
6098 3
6099 2
6100 0
6101 2
6102 1
6103 0
6104 1
6105 2
6106 1
6107 2
6108 1
6109 0
6110 1
6111 0
6112 2
6113 0
6114 3
6115 1
6116 0
6117 1
6118 0
6119 1
6120 2
6121 1
6122 0
6123 1
6124 0
6125 1
6126 2
6127 1
6128 0
6129 1
6130 2
6131 0
6132 2
6133 0
6134 1
6135 2
6136 0
6137 1
6138 0
6139 1
6140 0
6141 2
6142 3
6143 0
6144 2
6145 0
6146 1
6147 2
6148 1
6149 2
6150 0
6151 1
6152 2
6153 0
6154 2
6155 0
6156 1
6157 2
6158 1
6159 0
6160 2
6161 1
6162 0
6163 1
6164 2
6165 0
6166 1
6167 0
6168 1
6169 0
6170 1
6171 2
6172 0
6173 1
6174 0
6175 2
6176 1
6177 2
6178 0
6179 1
6180 0
6181 1
6182 2
6183 0
6184 2
6185 0
6186 3
6187 2
6188 3
6189 2
6190 0
6191 1
6192 2
6193 0
6194 1
6195 2
6196 0
6197 2
6198 1
6199 2
6200 0
6201 1
6202 2
6203 1
6204 0
6205 1
6206 0
6207 1
6208 0
6209 2
6210 1
6211 0
6212 1
6213 0
6214 1
6215 2
6216 0
6217 1
6218 0
6219 1
6220 2
6221 0
6222 1
6223 2
6224 1
6225 2
6226 1
6227 2
6228 1
6229 0
6230 2
6231 1
6232 2
6233 1
6234 2
6235 0
6236 1
6237 0
6238 1
6239 2
6240 1
6241 2
6242 0
6243 2
6244 1
6245 0
6246 1
6247 2
6248 1
6249 0
6250 1
6251 0
6252 1
6253 2
6254 0
6255 2
6256 1
6257 2
6258 3
6259 0
6260 2
6261 1
6262 2
6263 3
6264 1
6265 0
6266 2
6267 0
6268 1
6269 2
6270 0
6271 2
6272 0
6273 1
6274 2
6275 0
6276 1
6277 2
6278 1
6279 0
6280 2
6281 1
6282 0
6283 1
6284 0
6285 2
6286 1
6287 0
6288 1
6289 0
6290 1
6291 2
6292 1
6293 0
6294 1
6295 2
6296 0
6297 2
6298 1
6299 2
6300 0
6301 2
6302 3
6303 0
6304 1
6305 2
6306 0
6307 1
6308 0
6309 1
6310 0
6311 1
6312 2
6313 1
6314 2
6315 0
6316 1
6317 2
6318 0
6319 1
6320 3
6321 2
6322 1
6323 0
6324 1
6325 2
6326 0
6327 1
6328 0
6329 1
6330 0
6331 1
6332 2
6333 1
6334 0
6335 1
6336 2
6337 1
6338 2
6339 0
6340 2
6341 0
6342 2
6343 0
6344 1
6345 0
6346 1
6347 0
6348 1
6349 2
6350 1
6351 0
6352 1
6353 2
6354 1
6355 2
6356 0
6357 2
6358 1
6359 0
6360 2
6361 0
6362 1
6363 2
6364 0
6365 1
6366 0
6367 1
6368 2
6369 0
6370 1
6371 0
6372 1
6373 0
6374 1
6375 2
6376 1
6377 2
6378 0
6379 1
6380 0
6381 2
6382 1
6383 2
6384 0
6385 2
6386 1
6387 3
6388 2
6389 0
6390 1
6391 2
6392 0
6393 1
6394 2
6395 0
6396 1
6397 2
6398 0
6399 2
6400 1
6401 2
6402 0
6403 1
6404 2
6405 0
6406 2
6407 1
6408 0
6409 1
6410 0
6411 1
6412 0
6413 1
6414 0
6415 2
6416 1
6417 0
6418 2
6419 1
6420 0
6421 2
6422 3
6423 1
6424 2
6425 1
6426 2
6427 0
6428 1
6429 0
6430 2
6431 0
6432 1
6433 3
6434 0
6435 1
6436 2
6437 0
6438 2
6439 1
6440 0
6441 1
6442 0
6443 2
6444 1
6445 2
6446 0
6447 1
6448 2
6449 3
6450 0
6451 2
6452 1
6453 0
6454 2
6455 1
6456 2
6457 1
6458 0
6459 2
6460 1
6461 0
6462 1
6463 0
6464 1
6465 2
6466 0
6467 1
6468 2
6469 3
6470 0
6471 1
6472 0
6473 2
6474 1
6475 0
6476 1
6477 0
6478 1
6479 0
6480 1
6481 0
6482 1
6483 0
6484 3
6485 1
6486 0
6487 1
6488 0
6489 1
6490 2
6491 0
6492 1
6493 0
6494 2
6495 0
6496 1
6497 0
6498 2
6499 0
6500 2
6501 3
6502 0
6503 2
6504 0
6505 2
6506 1
6507 0
6508 1
6509 0
6510 1
6511 0
6512 1
6513 0
6514 1
6515 3
6516 0
6517 1
6518 2
6519 0
6520 1
6521 0
6522 1
6523 2
6524 0
6525 2
6526 0
6527 1
6528 2
6529 0
6530 1
6531 2
6532 0
6533 2
6534 1
6535 0
6536 1
6537 0
6538 1
6539 2
6540 1
6541 2
6542 0
6543 1
6544 0
6545 3
6546 2
6547 0
6548 1
6549 0
6550 2
6551 0
6552 2
6553 0
6554 2
6555 0
6556 3
6557 1
6558 0
6559 1
6560 0
6561 1
6562 2
6563 0
6564 1
6565 0
6566 2
6567 1
6568 0
6569 1
6570 2
6571 3
6572 1
6573 2
6574 1
6575 2
6576 3
6577 1
6578 0
6579 2
6580 1
6581 0
6582 1
6583 0
6584 1
6585 0
6586 1
6587 2
6588 0
6589 1
6590 0
6591 1
6592 0
6593 2
6594 0
6595 2
6596 1
6597 0
6598 1
6599 0
6600 1
6601 2
6602 0
6603 1
6604 0
6605 1
6606 0
6607 2
6608 0
6609 1
6610 0
6611 1
6612 2
6613 0
6614 1
6615 0
6616 1
6617 2
6618 0
6619 2
6620 0
6621 1
6622 0
6623 1
6624 0
6625 1
6626 0
6627 1
6628 0
6629 2
6630 1
6631 0
6632 2
6633 3
6634 2
6635 1
6636 0
6637 1
6638 0
6639 1
6640 2
6641 1
6642 2
6643 1
6644 2
6645 0
6646 1
6647 0
6648 1
6649 0
6650 1
6651 2
6652 0
6653 1
6654 0
6655 1
6656 0
6657 1
6658 0
6659 2
6660 1
6661 0
6662 1
6663 2
6664 1
6665 0
6666 1
6667 2
6668 0
6669 1
6670 0
6671 2
6672 1
6673 0
6674 1
6675 0
6676 1
6677 0
6678 1
6679 0
6680 2
6681 1
6682 0
6683 1
6684 0
6685 1
6686 3
6687 2
6688 0
6689 1
6690 2
6691 1
6692 0
6693 1
6694 0
6695 1
6696 0
6697 1
6698 0
6699 1
6700 0
6701 1
6702 0
6703 2
6704 0
6705 1
6706 3
6707 2
6708 0
6709 2
6710 0
6711 2
6712 1
6713 2
6714 0
6715 1
6716 2
6717 1
6718 2
6719 1
6720 2
6721 1
6722 0
6723 1
6724 0
6725 1
6726 0
6727 1
6728 0
6729 1
6730 2
6731 0
6732 1
6733 2
6734 3
6735 0
6736 1
6737 2
6738 1
6739 3
6740 0
6741 1
6742 0
6743 1
6744 0
6745 2
6746 1
6747 0
6748 1
6749 0
6750 2
6751 0
6752 1
6753 0
6754 2
6755 1
6756 0
6757 1
6758 2
6759 0
6760 1
6761 0
6762 2
6763 0
6764 1
6765 2
6766 0
6767 1
6768 0
6769 1
6770 2
6771 1
6772 2
6773 0
6774 2
6775 0
6776 3
6777 1
6778 0
6779 1
6780 0
6781 1
6782 2
6783 1
6784 2
6785 0
6786 2
6787 0
6788 1
6789 0
6790 1
6791 0
6792 2
6793 1
6794 2
6795 1
6796 0
6797 2
6798 0
6799 2
6800 0
6801 2
6802 1
6803 0
6804 2
6805 0
6806 1
6807 2
6808 3
6809 1
6810 2
6811 0
6812 1
6813 0
6814 2
6815 0
6816 1
6817 0
6818 1
6819 2
6820 0
6821 1
6822 2
6823 0
6824 2
6825 1
6826 0
6827 2
6828 0
6829 1
6830 0
6831 1
6832 2
6833 3
6834 0
6835 1
6836 2
6837 0
6838 1
6839 2
6840 0
6841 2
6842 1
6843 0
6844 2
6845 1
6846 0
6847 2
6848 0
6849 2
6850 1
6851 0
6852 2
6853 0
6854 1
6855 0
6856 2
6857 1
6858 0
6859 1
6860 0
6861 1
6862 0
6863 1
6864 0
6865 1
6866 0
6867 2
6868 0
6869 3
6870 1
6871 0
6872 1
6873 0
6874 2
6875 1
6876 0
6877 2
6878 1
6879 0
6880 1
6881 0
6882 1
6883 0
6884 2
6885 1
6886 2
6887 1
6888 0
6889 1
6890 0
6891 1
6892 0
6893 2
6894 3
6895 1
6896 0
6897 3
6898 2
6899 0
6900 1
6901 0
6902 3
6903 1
6904 2
6905 1
6906 2
6907 0
6908 1
6909 2
6910 0
6911 1
6912 2
6913 3
6914 1
6915 2
6916 0
6917 2
6918 1
6919 2
6920 1
6921 0
6922 1
6923 0
6924 1
6925 0
6926 2
6927 1
6928 0
6929 2
6930 0
6931 1
6932 2
6933 0
6934 1
6935 2
6936 0
6937 2
6938 1
6939 0
6940 1
6941 0
6942 3
6943 1
6944 0
6945 1
6946 2
6947 1
6948 0
6949 1
6950 2
6951 0
6952 1
6953 0
6954 1
6955 0
6956 1
6957 0
6958 2
6959 1
6960 0
6961 3
6962 1
6963 3
6964 0
6965 1
6966 0
6967 1
6968 2
6969 0
6970 2
6971 0
6972 2
6973 1
6974 2
6975 3
6976 0
6977 2
6978 0
6979 1
6980 0
6981 2
6982 1
6983 0
6984 2
6985 0
6986 1
6987 0
6988 2
6989 1
6990 0
6991 2
6992 1
6993 3
6994 0
6995 2
6996 1
6997 0
6998 1
6999 0
7000 1
7001 0
7002 1
7003 0
7004 1
7005 0
7006 1
7007 0
7008 1
7009 0
7010 1
7011 0
7012 1
7013 3
7014 0
7015 3
7016 0
7017 1
7018 0
7019 2
7020 1
7021 2
7022 0
7023 2
7024 0
7025 1
7026 0
7027 1
7028 0
7029 1
7030 0
7031 2
7032 0
7033 1
7034 0
7035 1
7036 2
7037 0
7038 1
7039 2
7040 1
7041 3
7042 0
7043 2
7044 1
7045 0
7046 1
7047 0
7048 1
7049 2
7050 3
7051 1
7052 2
7053 0
7054 1
7055 0
7056 1
7057 2
7058 1
7059 2
7060 1
7061 3
7062 0
7063 3
7064 1
7065 2
7066 0
7067 1
7068 0
7069 2
7070 1
7071 0
7072 2
7073 1
7074 2
7075 0
7076 2
7077 1
7078 0
7079 2
7080 0
7081 1
7082 2
7083 0
7084 3
7085 1
7086 2
7087 0
7088 3
7089 2
7090 1
7091 0
7092 1
7093 0
7094 2
7095 1
7096 0
7097 1
7098 0
7099 2
7100 1
7101 0
7102 1
7103 2
7104 0
7105 1
7106 0
7107 1
7108 0
7109 1
7110 2
7111 0
7112 2
7113 0
7114 2
7115 0
7116 1
7117 2
7118 1
7119 0
7120 1
7121 2
7122 0
7123 1
7124 0
7125 1
7126 2
7127 1
7128 0
7129 1
7130 0
7131 1
7132 0
7133 2
7134 1
7135 0
7136 1
7137 2
7138 0
7139 1
7140 0
7141 2
7142 0
7143 1
7144 0
7145 1
7146 0
7147 2
7148 1
7149 0
7150 3
7151 1
7152 0
7153 1
7154 0
7155 1
7156 0
7157 2
7158 1
7159 0
7160 1
7161 0
7162 1
7163 0
7164 1
7165 2
7166 0
7167 1
7168 0
7169 1
7170 0
7171 1
7172 0
7173 1
7174 2
7175 3
7176 1
7177 0
7178 1
7179 0
7180 1
7181 0
7182 1
7183 0
7184 2
7185 0
7186 1
7187 0
7188 1
7189 0
7190 2
7191 3
7192 0
7193 1
7194 0
7195 1
7196 2
7197 3
7198 1
7199 0
7200 2
7201 0
7202 1
7203 2
7204 0
7205 2
7206 1
7207 0
7208 1
7209 0
7210 1
7211 0
7212 1
7213 0
7214 1
7215 0
7216 1
7217 2
7218 0
7219 2
7220 0
7221 2
7222 0
7223 1
7224 0
7225 1
7226 0
7227 2
7228 1
7229 0
7230 1
7231 0
7232 2
7233 1
7234 3
7235 2
7236 1
7237 2
7238 0
7239 1
7240 0
7241 1
7242 2
7243 1
7244 2
7245 0
7246 2
7247 0
7248 1
7249 0
7250 1
7251 3
7252 2
7253 0
7254 2
7255 1
7256 0
7257 2
7258 1
7259 0
7260 2
7261 0
7262 1
7263 2
7264 1
7265 0
7266 1
7267 0
7268 1
7269 0
7270 1
7271 0
7272 1
7273 2
7274 1
7275 3
7276 0
7277 1
7278 0
7279 1
7280 0
7281 1
7282 0
7283 2
7284 1
7285 2
7286 0
7287 2
7288 1
7289 0
7290 2
7291 0
7292 2
7293 0
7294 1
7295 0
7296 2
7297 1
7298 0
7299 1
7300 0
7301 1
7302 2
7303 0
7304 1
7305 0
7306 1
7307 0
7308 2
7309 1
7310 2
7311 1
7312 0
7313 2
7314 1
7315 2
7316 1
7317 2
7318 0
7319 2
7320 1
7321 0
7322 1
7323 0
7324 1
7325 2
7326 3
7327 0
7328 2
7329 0
7330 1
7331 0
7332 2
7333 1
7334 2
7335 1
7336 2
7337 0
7338 2
7339 0
7340 1
7341 3
7342 0
7343 1
7344 0
7345 1
7346 2
7347 3
7348 1
7349 0
7350 1
7351 2
7352 0
7353 2
7354 1
7355 2
7356 1
7357 2
7358 0
7359 1
7360 0
7361 2
7362 1
7363 0
7364 2
7365 0
7366 2
7367 1
7368 2
7369 1
7370 3
7371 2
7372 1
7373 2
7374 0
7375 1
7376 2
7377 0
7378 2
7379 0
7380 1
7381 2
7382 1
7383 2
7384 0
7385 1
7386 3
7387 0
7388 2
7389 1
7390 2
7391 0
7392 1
7393 0
7394 2
7395 0
7396 1
7397 0
7398 1
7399 0
7400 1
7401 2
7402 3
7403 0
7404 1
7405 2
7406 0
7407 1
7408 0
7409 1
7410 2
7411 3
7412 0
7413 1
7414 0
7415 1
7416 2
7417 0
7418 1
7419 0
7420 1
7421 0
7422 2
7423 1
7424 0
7425 1
7426 2
7427 0
7428 1
7429 0
7430 2
7431 1
7432 0
7433 1
7434 0
7435 1
7436 3
7437 2
7438 0
7439 2
7440 1
7441 0
7442 1
7443 0
7444 2
7445 0
7446 1
7447 2
7448 0
7449 2
7450 1
7451 0
7452 1
7453 0
7454 1
7455 2
7456 0
7457 1
7458 0
7459 1
7460 0
7461 1
7462 0
7463 2
7464 0
7465 2
7466 0
7467 1
7468 0
7469 1
7470 0
7471 3
7472 1
7473 0
7474 1
7475 0
7476 1
7477 2
7478 0
7479 2
7480 0
7481 1
7482 0
7483 2
7484 1
7485 2
7486 0
7487 2
7488 1
7489 0
7490 2
7491 1
7492 2
7493 0
7494 1
7495 0
7496 1
7497 0
7498 2
7499 3
7500 0
7501 1
7502 2
7503 0
7504 2
7505 1
7506 2
7507 1
7508 0
7509 2
7510 1
7511 2
7512 0
7513 2
7514 1
7515 2
7516 0
7517 1
7518 0
7519 1
7520 2
7521 1
7522 3
7523 0
7524 2
7525 0
7526 1
7527 0
7528 1
7529 2
7530 1
7531 0
7532 1
7533 2
7534 0
7535 2
7536 3
7537 1
7538 0
7539 1
7540 0
7541 1
7542 2
7543 0
7544 2
7545 0
7546 2
7547 0
7548 2
7549 1
7550 2
7551 0
7552 1
7553 2
7554 0
7555 1
7556 0
7557 2
7558 0
7559 1
7560 2
7561 3
7562 0
7563 2
7564 1
7565 0
7566 2
7567 1
7568 0
7569 1
7570 0
7571 1
7572 0
7573 1
7574 2
7575 0
7576 3
7577 2
7578 0
7579 1
7580 2
7581 0
7582 2
7583 3
7584 1
7585 2
7586 0
7587 3
7588 2
7589 0
7590 1
7591 2
7592 1
7593 0
7594 1
7595 2
7596 1
7597 0
7598 1
7599 0
7600 2
7601 1
7602 0
7603 2
7604 1
7605 2
7606 1
7607 2
7608 0
7609 2
7610 0
7611 2
7612 0
7613 1
7614 0
7615 1
7616 2
7617 1
7618 0
7619 1
7620 0
7621 1
7622 0
7623 2
7624 1
7625 0
7626 1
7627 0
7628 1
7629 0
7630 1
7631 2
7632 1
7633 0
7634 2
7635 0
7636 2
7637 1
7638 0
7639 1
7640 2
7641 1
7642 0
7643 2
7644 1
7645 2
7646 1
7647 0
7648 1
7649 0
7650 2
7651 1
7652 0
7653 1
7654 2
7655 0
7656 2
7657 0
7658 1
7659 0
7660 1
7661 0
7662 1
7663 0
7664 1
7665 3
7666 0
7667 3
7668 1
7669 0
7670 1
7671 2
7672 0
7673 2
7674 0
7675 1
7676 2
7677 0
7678 1
7679 2
7680 0
7681 2
7682 1
7683 0
7684 1
7685 2
7686 1
7687 0
7688 2
7689 1
7690 0
7691 1
7692 2
7693 1
7694 0
7695 2
7696 0
7697 1
7698 0
7699 1
7700 3
7701 0
7702 3
7703 2
7704 0
7705 2
7706 1
7707 0
7708 2
7709 1
7710 0
7711 1
7712 2
7713 0
7714 1
7715 2
7716 3
7717 0
7718 2
7719 3
7720 2
7721 1
7722 3
7723 2
7724 3
7725 0
7726 3
7727 2
7728 1
7729 0
7730 1
7731 2
7732 0
7733 2
7734 0
7735 1
7736 2
7737 0
7738 2
7739 1
7740 2
7741 0
7742 2
7743 1
7744 0
7745 2
7746 0
7747 1
7748 3
7749 2
7750 1
7751 2
7752 0
7753 1
7754 0
7755 2
7756 1
7757 0
7758 1
7759 0
7760 2
7761 1
7762 2
7763 0
7764 1
7765 0
7766 2
7767 0
7768 1
7769 0
7770 2
7771 1
7772 2
7773 0
7774 1
7775 0
7776 2
7777 1
7778 2
7779 0
7780 2
7781 1
7782 0
7783 1
7784 0
7785 2
7786 1
7787 2
7788 1
7789 2
7790 0
7791 1
7792 0
7793 2
7794 1
7795 2
7796 0
7797 1
7798 0
7799 2
7800 1
7801 2
7802 0
7803 1
7804 2
7805 1
7806 0
7807 2
7808 0
7809 2
7810 0
7811 1
7812 2
7813 0
7814 1
7815 0
7816 2
7817 1
7818 0
7819 2
7820 1
7821 3
7822 2
7823 0
7824 3
7825 1
7826 3
7827 1
7828 0
7829 2
7830 1
7831 0
7832 1
7833 0
7834 2
7835 1
7836 0
7837 1
7838 3
7839 0
7840 2
7841 1
7842 2
7843 0
7844 2
7845 3
7846 0
7847 1
7848 2
7849 0
7850 1
7851 0
7852 2
7853 0
7854 1
7855 2
7856 0
7857 1
7858 0
7859 2
7860 1
7861 2
7862 1
7863 0
7864 2
7865 0
7866 2
7867 0
7868 1
7869 0
7870 2
7871 1
7872 0
7873 1
7874 2
7875 1
7876 0
7877 1
7878 2
7879 0
7880 1
7881 0
7882 2
7883 0
7884 1
7885 2
7886 1
7887 2
7888 0
7889 1
7890 2
7891 1
7892 0
7893 1
7894 0
7895 2
7896 1
7897 0
7898 2
7899 1
7900 0
7901 1
7902 0
7903 2
7904 1
7905 2
7906 0
7907 1
7908 0
7909 2
7910 0
7911 1
7912 0
7913 1
7914 0
7915 1
7916 0
7917 1
7918 0
7919 1
7920 2
7921 0
7922 2
7923 0
7924 1
7925 2
7926 0
7927 2
7928 0
7929 1
7930 0
7931 1
7932 2
7933 1
7934 2
7935 1
7936 2
7937 0
7938 1
7939 0
7940 2
7941 0
7942 1
7943 0
7944 2
7945 1
7946 0
7947 2
7948 1
7949 2
7950 0
7951 2
7952 0
7953 1
7954 0
7955 1
7956 2
7957 1
7958 0
7959 1
7960 2
7961 0
7962 2
7963 0
7964 1
7965 0
7966 1
7967 0
7968 1
7969 2
7970 3
7971 0
7972 1
7973 0
7974 2
7975 0
7976 1
7977 2
7978 0
7979 2
7980 0
7981 2
7982 0
7983 1
7984 2
7985 0
7986 2
7987 1
7988 2
7989 0
7990 2
7991 1
7992 2
7993 1
7994 2
7995 1
7996 2
7997 0
7998 2
7999 1
8000 2
8001 0
8002 1
8003 0
8004 1
8005 2
8006 0
8007 1
8008 0
8009 1
8010 2
8011 0
8012 1
8013 2
8014 0
8015 1
8016 2
8017 0
8018 1
8019 0
8020 1
8021 2
8022 1
8023 2
8024 1
8025 0
8026 1
8027 0
8028 2
8029 1
8030 2
8031 3
8032 0
8033 2
8034 0
8035 1
8036 0
8037 1
8038 0
8039 2
8040 0
8041 2
8042 0
8043 1
8044 2
8045 0
8046 1
8047 2
8048 1
8049 0
8050 1
8051 2
8052 0
8053 2
8054 0
8055 1
8056 0
8057 1
8058 0
8059 1
8060 2
8061 0
8062 1
8063 0
8064 3
8065 1
8066 2
8067 1
8068 2
8069 1
8070 2
8071 1
8072 0
8073 1
8074 2
8075 0
8076 1
8077 2
8078 0
8079 2
8080 1
8081 2
8082 0
8083 2
8084 1
8085 2
8086 0
8087 1
8088 0
8089 1
8090 0
8091 1
8092 2
8093 0
8094 1
8095 2
8096 0
8097 1
8098 2
8099 0
8100 1
8101 2
8102 0
8103 1
8104 2
8105 0
8106 3
8107 2
8108 0
8109 1
8110 0
8111 1
8112 0
8113 1
8114 2
8115 1
8116 0
8117 2
8118 1
8119 2
8120 0
8121 1
8122 0
8123 1
8124 2
8125 1
8126 0
8127 2
8128 1
8129 0
8130 1
8131 0
8132 2
8133 1
8134 0
8135 1
8136 3
8137 0
8138 2
8139 1
8140 0
8141 1
8142 2
8143 0
8144 1
8145 0
8146 1
8147 2
8148 0
8149 1
8150 2
8151 1
8152 0
8153 1
8154 2
8155 0
8156 2
8157 1
8158 0
8159 1
8160 2
8161 0
8162 1
8163 2
8164 0
8165 1
8166 0
8167 1
8168 0
8169 2
8170 0
8171 1
8172 2
8173 0
8174 2
8175 1
8176 3
8177 0
8178 1
8179 0
8180 1
8181 0
8182 2
8183 1
8184 0
8185 2
8186 1
8187 0
8188 1
8189 0
8190 1
8191 2
8192 0
8193 2
8194 1
8195 2
8196 0
8197 2
8198 1
8199 2
8200 0
8201 1
8202 2
8203 1
8204 0
8205 1
8206 0
8207 1
8208 0
8209 1
8210 0
8211 2
8212 1
8213 3
8214 2
8215 0
8216 2
8217 0
8218 1
8219 0
8220 1
8221 0
8222 1
8223 0
8224 1
8225 2
8226 1
8227 0
8228 1
8229 2
8230 0
8231 1
8232 2
8233 1
8234 2
8235 0
8236 1
8237 2
8238 1
8239 2
8240 1
8241 0
8242 1
8243 2
8244 0
8245 1
8246 2
8247 0
8248 2
8249 1
8250 0
8251 2
8252 0
8253 1
8254 0
8255 1
8256 2
8257 1
8258 0
8259 2
8260 1
8261 0
8262 2
8263 1
8264 0
8265 1
8266 2
8267 3
8268 0
8269 1
8270 0
8271 1
8272 2
8273 0
8274 1
8275 3
8276 2
8277 0
8278 1
8279 3
8280 0
8281 1
8282 2
8283 0
8284 1
8285 2
8286 0
8287 2
8288 1
8289 0
8290 2
8291 3
8292 1
8293 2
8294 0
8295 2
8296 1
8297 0
8298 1
8299 0
8300 1
8301 2
8302 1
8303 2
8304 1
8305 2
8306 0
8307 2
8308 1
8309 0
8310 2
8311 0
8312 1
8313 0
8314 1
8315 2
8316 0
8317 1
8318 2
8319 0
8320 1
8321 2
8322 0
8323 1
8324 0
8325 1
8326 0
8327 2
8328 1
8329 0
8330 1
8331 2
8332 0
8333 2
8334 0
8335 1
8336 0
8337 1
8338 0
8339 1
8340 0
8341 2
8342 3
8343 0
8344 1
8345 2
8346 0
8347 1
8348 2
8349 0
8350 1
8351 0
8352 2
8353 1
8354 2
8355 1
8356 0
8357 1
8358 0
8359 2
8360 1
8361 0
8362 1
8363 2
8364 3
8365 0
8366 1
8367 2
8368 1
8369 2
8370 0
8371 1
8372 2
8373 0
8374 2
8375 0
8376 1
8377 2
8378 0
8379 2
8380 1
8381 0
8382 2
8383 0
8384 1
8385 2
8386 0
8387 2
8388 0
8389 1
8390 2
8391 0
8392 2
8393 0
8394 2
8395 1
8396 2
8397 0
8398 1
8399 0
8400 1
8401 2
8402 1
8403 0
8404 1
8405 0
8406 1
8407 0
8408 2
8409 1
8410 0
8411 1
8412 0
8413 2
8414 0
8415 2
8416 1
8417 0
8418 1
8419 2
8420 0
8421 1
8422 0
8423 1
8424 0
8425 1
8426 0
8427 1
8428 0
8429 1
8430 2
8431 1
8432 0
8433 1
8434 2
8435 0
8436 2
8437 1
8438 2
8439 1
8440 2
8441 3
8442 0
8443 1
8444 0
8445 2
8446 1
8447 0
8448 1
8449 0
8450 2
8451 1
8452 2
8453 0
8454 2
8455 1
8456 2
8457 0
8458 1
8459 2
8460 1
8461 0
8462 1
8463 0
8464 1
8465 2
8466 1
8467 0
8468 1
8469 2
8470 0
8471 2
8472 0
8473 1
8474 0
8475 2
8476 1
8477 0
8478 1
8479 2
8480 1
8481 0
8482 1
8483 0
8484 1
8485 2
8486 0
8487 1
8488 2
8489 1
8490 0
8491 1
8492 2
8493 1
8494 2
8495 3
8496 1
8497 2
8498 1
8499 0
8500 1
8501 3
8502 0
8503 1
8504 2
8505 0
8506 2
8507 1
8508 0
8509 2
8510 1
8511 2
8512 0
8513 1
8514 2
8515 1
8516 2
8517 0
8518 1
8519 0
8520 2
8521 1
8522 0
8523 1
8524 2
8525 0
8526 2
8527 0
8528 2
8529 1
8530 0
8531 2
8532 1
8533 0
8534 1
8535 0
8536 1
8537 2
8538 0
8539 2
8540 3
8541 1
8542 2
8543 3
8544 0
8545 1
8546 3
8547 2
8548 1
8549 0
8550 1
8551 2
8552 0
8553 1
8554 0
8555 2
8556 0
8557 1
8558 0
8559 1
8560 0
8561 1
8562 0
8563 1
8564 2
8565 0
8566 1
8567 2
8568 1
8569 3
8570 0
8571 2
8572 0
8573 1
8574 2
8575 0
8576 1
8577 0
8578 2
8579 0
8580 1
8581 0
8582 1
8583 2
8584 0
8585 1
8586 0
8587 2
8588 0
8589 1
8590 0
8591 1
8592 0
8593 2
8594 1
8595 0
8596 2
8597 1
8598 3
8599 1
8600 0
8601 1
8602 0
8603 1
8604 0
8605 1
8606 2
8607 0
8608 1
8609 3
8610 1
8611 0
8612 1
8613 2
8614 1
8615 0
8616 2
8617 0
8618 2
8619 0
8620 1
8621 2
8622 1
8623 2
8624 0
8625 1
8626 0
8627 2
8628 1
8629 2
8630 0
8631 1
8632 2
8633 0
8634 1
8635 0
8636 1
8637 2
8638 0
8639 2
8640 0
8641 2
8642 0
8643 1
8644 0
8645 1
8646 0
8647 1
8648 2
8649 0
8650 1
8651 0
8652 1
8653 0
8654 1
8655 2
8656 0
8657 1
8658 0
8659 1
8660 2
8661 0
8662 1
8663 0
8664 3
8665 2
8666 1
8667 2
8668 0
8669 2
8670 0
8671 1
8672 0
8673 1
8674 2
8675 0
8676 1
8677 3
8678 0
8679 1
8680 2
8681 0
8682 2
8683 0
8684 1
8685 2
8686 1
8687 0
8688 1
8689 0
8690 2
8691 1
8692 0
8693 2
8694 0
8695 1
8696 0
8697 2
8698 1
8699 2
8700 0
8701 1
8702 0
8703 2
8704 1
8705 2
8706 3
8707 1
8708 2
8709 1
8710 2
8711 0
8712 1
8713 2
8714 0
8715 2
8716 0
8717 1
8718 2
8719 0
8720 2
8721 1
8722 2
8723 0
8724 1
8725 2
8726 0
8727 1
8728 0
8729 1
8730 0
8731 1
8732 2
8733 1
8734 0
8735 2
8736 1
8737 2
8738 0
8739 1
8740 2
8741 1
8742 0
8743 3
8744 1
8745 0
8746 2
8747 0
8748 1
8749 3
8750 0
8751 2
8752 1
8753 0
8754 1
8755 2
8756 0
8757 1
8758 0
8759 2
8760 1
8761 2
8762 0
8763 3
8764 1
8765 3
8766 2
8767 0
8768 1
8769 0
8770 2
8771 1
8772 0
8773 1
8774 0
8775 1
8776 0
8777 2
8778 0
8779 1
8780 2
8781 0
8782 1
8783 2
8784 0
8785 2
8786 0
8787 2
8788 3
8789 0
8790 1
8791 2
8792 0
8793 1
8794 0
8795 1
8796 3
8797 2
8798 1
8799 0
8800 2
8801 1
8802 2
8803 0
8804 3
8805 0
8806 1
8807 0
8808 1
8809 0
8810 2
8811 3
8812 2
8813 1
8814 2
8815 1
8816 0
8817 2
8818 1
8819 2
8820 0
8821 2
8822 0
8823 1
8824 0
8825 2
8826 0
8827 1
8828 0
8829 1
8830 2
8831 1
8832 0
8833 2
8834 0
8835 2
8836 1
8837 2
8838 0
8839 1
8840 0
8841 1
8842 2
8843 0
8844 1
8845 0
8846 1
8847 0
8848 1
8849 2
8850 0
8851 1
8852 2
8853 0
8854 2
8855 1
8856 2
8857 0
8858 2
8859 1
8860 2
8861 1
8862 0
8863 2
8864 1
8865 0
8866 2
8867 1
8868 2
8869 0
8870 1
8871 0
8872 1
8873 2
8874 0
8875 2
8876 1
8877 0
8878 2
8879 1
8880 2
8881 0
8882 1
8883 0
8884 1
8885 2
8886 3
8887 1
8888 2
8889 0
8890 2
8891 1
8892 0
8893 1
8894 0
8895 1
8896 0
8897 1
8898 2
8899 0
8900 1
8901 0
8902 2
8903 1
8904 0
8905 2
8906 1
8907 0
8908 1
8909 2
8910 0
8911 1
8912 0
8913 1
8914 0
8915 1
8916 0
8917 1
8918 0
8919 2
8920 0
8921 2
8922 1
8923 0
8924 1
8925 2
8926 0
8927 2
8928 1
8929 0
8930 1
8931 0
8932 2
8933 3
8934 0
8935 1
8936 2
8937 1
8938 0
8939 1
8940 2
8941 1
8942 0
8943 1
8944 0
8945 2
8946 1
8947 0
8948 2
8949 0
8950 1
8951 0
8952 1
8953 0
8954 1
8955 0
8956 2
8957 0
8958 1
8959 0
8960 1
8961 2
8962 1
8963 3
8964 1
8965 0
8966 1
8967 0
8968 2
8969 1
8970 0
8971 1
8972 0
8973 1
8974 0
8975 1
8976 0
8977 1
8978 0
8979 2
8980 1
8981 0
8982 1
8983 0
8984 2
8985 1
8986 3
8987 2
8988 0
8989 1
8990 0
8991 3
8992 2
8993 0
8994 2
8995 1
8996 0
8997 1
8998 2
8999 1
9000 0
9001 1
9002 2
9003 3
9004 1
9005 0
9006 2
9007 1
9008 2
9009 0
9010 2
9011 1
9012 2
9013 0
9014 1
9015 0
9016 1
9017 0
9018 1
9019 0
9020 2
9021 1
9022 0
9023 1
9024 0
9025 1
9026 2
9027 0
9028 1
9029 0
9030 2
9031 3
9032 2
9033 1
9034 0
9035 1
9036 0
9037 1
9038 2
9039 0
9040 2
9041 1
9042 0
9043 1
9044 0
9045 1
9046 2
9047 0
9048 1
9049 2
9050 0
9051 1
9052 0
9053 2
9054 0
9055 1
9056 2
9057 0
9058 1
9059 0
9060 1
9061 2
9062 0
9063 1
9064 2
9065 1
9066 2
9067 0
9068 1
9069 2
9070 0
9071 2
9072 1
9073 0
9074 1
9075 0
9076 2
9077 0
9078 1
9079 0
9080 1
9081 2
9082 3
9083 1
9084 2
9085 0
9086 1
9087 2
9088 1
9089 0
9090 2
9091 1
9092 2
9093 1
9094 0
9095 1
9096 0
9097 2
9098 1
9099 2
9100 0
9101 1
9102 2
9103 0
9104 1
9105 0
9106 2
9107 0
9108 2
9109 1
9110 2
9111 0
9112 3
9113 2
9114 1
9115 0
9116 2
9117 3
9118 0
9119 1
9120 0
9121 1
9122 0
9123 2
9124 1
9125 0
9126 1
9127 0
9128 1
9129 0
9130 1
9131 0
9132 1
9133 0
9134 1
9135 0
9136 2
9137 1
9138 2
9139 0
9140 1
9141 2
9142 1
9143 2
9144 1
9145 0
9146 1
9147 2
9148 1
9149 0
9150 1
9151 2
9152 1
9153 2
9154 1
9155 3
9156 0
9157 2
9158 1
9159 2
9160 0
9161 1
9162 0
9163 3
9164 2
9165 1
9166 0
9167 1
9168 0
9169 1
9170 0
9171 1
9172 0
9173 2
9174 1
9175 0
9176 2
9177 1
9178 0
9179 2
9180 1
9181 0
9182 2
9183 1
9184 3
9185 0
9186 1
9187 2
9188 1
9189 2
9190 1
9191 2
9192 0
9193 1
9194 0
9195 2
9196 0
9197 1
9198 2
9199 1
9200 0
9201 2
9202 1
9203 0
9204 1
9205 0
9206 1
9207 2
9208 0
9209 1
9210 0
9211 1
9212 0
9213 1
9214 2
9215 0
9216 3
9217 2
9218 0
9219 1
9220 0
9221 1
9222 2
9223 0
9224 1
9225 0
9226 2
9227 1
9228 3
9229 2
9230 1
9231 0
9232 1
9233 0
9234 1
9235 2
9236 0
9237 2
9238 0
9239 1
9240 0
9241 1
9242 0
9243 2
9244 0
9245 2
9246 1
9247 0
9248 1
9249 2
9250 0
9251 1
9252 2
9253 1
9254 2
9255 0
9256 1
9257 2
9258 0
9259 2
9260 0
9261 1
9262 0
9263 2
9264 3
9265 0
9266 1
9267 0
9268 1
9269 2
9270 0
9271 1
9272 2
9273 1
9274 0
9275 1
9276 0
9277 2
9278 1
9279 2
9280 0
9281 1
9282 0
9283 1
9284 2
9285 1
9286 0
9287 2
9288 1
9289 0
9290 1
9291 0
9292 1
9293 2
9294 3
9295 0
9296 2
9297 1
9298 0
9299 2
9300 1
9301 0
9302 1
9303 0
9304 2
9305 0
9306 1
9307 2
9308 0
9309 1
9310 0
9311 1
9312 2
9313 1
9314 0
9315 2
9316 1
9317 0
9318 1
9319 2
9320 0
9321 2
9322 3
9323 1
9324 2
9325 1
9326 2
9327 1
9328 2
9329 1
9330 2
9331 0
9332 1
9333 0
9334 1
9335 2
9336 1
9337 2
9338 1
9339 0
9340 1
9341 2
9342 0
9343 2
9344 1
9345 2
9346 0
9347 1
9348 2
9349 0
9350 1
9351 3
9352 0
9353 1
9354 0
9355 2
9356 1
9357 2
9358 1
9359 2
9360 0
9361 2
9362 1
9363 0
9364 2
9365 1
9366 2
9367 0
9368 2
9369 1
9370 0
9371 1
9372 2
9373 0
9374 1
9375 0
9376 1
9377 2
9378 0
9379 2
9380 0
9381 1
9382 0
9383 1
9384 0
9385 1
9386 2
9387 0
9388 2
9389 0
9390 1
9391 2
9392 1
9393 0
9394 1
9395 2
9396 1
9397 0
9398 1
9399 0
9400 2
9401 0
9402 1
9403 2
9404 0
9405 2
9406 1
9407 0
9408 2
9409 1
9410 0
9411 1
9412 0
9413 1
9414 2
9415 0
9416 1
9417 2
9418 0
9419 2
9420 0
9421 2
9422 0
9423 1
9424 2
9425 0
9426 2
9427 1
9428 0
9429 1
9430 0
9431 3
9432 2
9433 3
9434 0
9435 2
9436 1
9437 2
9438 0
9439 1
9440 0
9441 2
9442 0
9443 2
9444 1
9445 0
9446 1
9447 0
9448 1
9449 0
9450 1
9451 2
9452 0
9453 1
9454 3
9455 0
9456 2
9457 1
9458 0
9459 1
9460 0
9461 2
9462 3
9463 1
9464 2
9465 1
9466 0
9467 1
9468 0
9469 2
9470 1
9471 0
9472 2
9473 1
9474 0
9475 1
9476 2
9477 1
9478 2
9479 1
9480 0
9481 1
9482 2
9483 0
9484 1
9485 0
9486 1
9487 2
9488 0
9489 1
9490 3
9491 0
9492 2
9493 1
9494 2
9495 0
9496 1
9497 2
9498 0
9499 2
9500 1
9501 0
9502 2
9503 0
9504 2
9505 0
9506 2
9507 1
9508 0
9509 2
9510 0
9511 1
9512 2
9513 0
9514 1
9515 2
9516 0
9517 1
9518 0
9519 1
9520 0
9521 1
9522 3
9523 2
9524 3
9525 0
9526 2
9527 0
9528 2
9529 3
9530 0
9531 1
9532 0
9533 2
9534 1
9535 0
9536 1
9537 0
9538 1
9539 0
9540 2
9541 1
9542 0
9543 1
9544 0
9545 1
9546 2
9547 0
9548 2
9549 0
9550 1
9551 0
9552 1
9553 0
9554 1
9555 0
9556 2
9557 1
9558 2
9559 1
9560 0
9561 1
9562 2
9563 0
9564 1
9565 0
9566 2
9567 1
9568 0
9569 1
9570 0
9571 2
9572 0
9573 2
9574 1
9575 0
9576 1
9577 2
9578 1
9579 0
9580 1
9581 2
9582 0
9583 1
9584 2
9585 0
9586 2
9587 1
9588 2
9589 0
9590 2
9591 0
9592 1
9593 2
9594 0
9595 2
9596 0
9597 1
9598 0
9599 1
9600 2
9601 1
9602 2
9603 0
9604 1
9605 0
9606 3
9607 2
9608 3
9609 0
9610 1
9611 0
9612 1
9613 2
9614 0
9615 2
9616 1
9617 0
9618 1
9619 0
9620 2
9621 0
9622 2
9623 1
9624 0
9625 1
9626 0
9627 1
9628 0
9629 1
9630 2
9631 0
9632 1
9633 0
9634 2
9635 0
9636 1
9637 0
9638 2
9639 1
9640 0
9641 1
9642 0
9643 2
9644 1
9645 0
9646 2
9647 0
9648 2
9649 0
9650 2
9651 0
9652 2
9653 3
9654 2
9655 0
9656 1
9657 2
9658 0
9659 1
9660 2
9661 0
9662 1
9663 0
9664 2
9665 0
9666 2
9667 1
9668 2
9669 1
9670 0
9671 1
9672 0
9673 2
9674 0
9675 2
9676 0
9677 1
9678 0
9679 1
9680 2
9681 0
9682 2
9683 1
9684 2
9685 0
9686 2
9687 0
9688 2
9689 1
9690 0
9691 1
9692 0
9693 1
9694 0
9695 1
9696 0
9697 2
9698 1
9699 2
9700 0
9701 2
9702 1
9703 0
9704 1
9705 2
9706 0
9707 1
9708 0
9709 2
9710 1
9711 0
9712 1
9713 2
9714 3
9715 0
9716 1
9717 0
9718 2
9719 1
9720 0
9721 2
9722 0
9723 2
9724 1
9725 0
9726 1
9727 0
9728 2
9729 1
9730 0
9731 1
9732 2
9733 0
9734 1
9735 2
9736 1
9737 0
9738 2
9739 3
9740 1
9741 3
9742 2
9743 1
9744 2
9745 1
9746 2
9747 0
9748 2
9749 0
9750 1
9751 2
9752 1
9753 2
9754 1
9755 0
9756 2
9757 3
9758 0
9759 1
9760 0
9761 2
9762 1
9763 2
9764 0
9765 2
9766 1
9767 0
9768 2
9769 1
9770 2
9771 1
9772 0
9773 2
9774 1
9775 0
9776 1
9777 0
9778 1
9779 2
9780 0
9781 1
9782 2
9783 0
9784 1
9785 0
9786 1
9787 2
9788 1
9789 0
9790 2
9791 1
9792 0
9793 2
9794 1
9795 0
9796 2
9797 0
9798 1
9799 0
9800 2
9801 1
9802 0
9803 2
9804 0
9805 1
9806 0
9807 2
9808 1
9809 0
9810 1
9811 0
9812 1
9813 0
9814 1
9815 0
9816 2
9817 1
9818 0
9819 1
9820 0
9821 1
9822 0
9823 1
9824 2
9825 0
9826 2
9827 1
9828 0
9829 2
9830 0
9831 1
9832 2
9833 0
9834 1
9835 2
9836 0
9837 2
9838 1
9839 2
9840 0
9841 1
9842 0
9843 2
9844 1
9845 2
9846 0
9847 1
9848 0
9849 1
9850 0
9851 1
9852 0
9853 1
9854 0
9855 2
9856 0
9857 1
9858 0
9859 1
9860 2
9861 1
9862 0
9863 2
9864 3
9865 1
9866 2
9867 3
9868 1
9869 0
9870 2
9871 0
9872 1
9873 2
9874 3
9875 0
9876 2
9877 1
9878 2
9879 0
9880 2
9881 1
9882 3
9883 2
9884 0
9885 1
9886 0
9887 1
9888 0
9889 1
9890 2
9891 3
9892 0
9893 3
9894 1
9895 0
9896 1
9897 0
9898 2
9899 0
9900 1
9901 0
9902 2
9903 0
9904 1
9905 2
9906 1
9907 3
9908 2
9909 1
9910 2
9911 0
9912 2
9913 0
9914 1
9915 0
9916 2
9917 1
9918 2
9919 0
9920 2
9921 0
9922 2
9923 1
9924 2
9925 1
9926 0
9927 2
9928 0
9929 2
9930 1
9931 2
9932 1
9933 0
9934 1
9935 2
9936 3
9937 0
9938 2
9939 0
9940 1
9941 0
9942 2
9943 1
9944 2
9945 3
9946 1
9947 3
9948 0
9949 1
9950 0
9951 2
9952 1
9953 2
9954 3
9955 1
9956 0
9957 1
9958 0
9959 1
9960 0
9961 1
9962 2
9963 0
9964 1
9965 3
9966 0
9967 2
9968 1
9969 0
9970 2
9971 1
9972 0
9973 1
9974 0
9975 1
9976 0
9977 2
9978 1
9979 2
9980 1
9981 2
9982 0
9983 2
9984 0
9985 2
9986 1
9987 0
9988 2
9989 1
9990 2
9991 1
9992 2
9993 0
9994 1
9995 0
9996 1
9997 0
9998 2
9999 1
10000 0
10001 2
10002 0
10003 1
10004 2
10005 1
10006 0
10007 3
10008 1
10009 0
10010 1
10011 0
10012 1
10013 2
10014 0
10015 3
10016 2
10017 0
10018 2
10019 1
10020 0
10021 3
10022 1
10023 2
10024 0
10025 2
10026 1
10027 0
10028 1
10029 0
10030 2
10031 1
10032 2
10033 0
10034 1
10035 2
10036 1
10037 0
10038 1
10039 0
10040 1
10041 0
10042 1
10043 0
10044 2
10045 1
10046 2
10047 0
10048 1
10049 0
10050 1
10051 2
10052 1
10053 0
10054 2
10055 0
10056 3
10057 2
10058 0
10059 1
10060 0
10061 2
10062 0
10063 1
10064 0
10065 2
10066 0
10067 2
10068 1
10069 2
10070 1
10071 0
10072 2
10073 1
10074 2
10075 1
10076 0
10077 2
10078 1
10079 2
10080 1
10081 0
10082 1
10083 0
10084 2
10085 0
10086 1
10087 0
10088 2
10089 1
10090 0
10091 1
10092 0
10093 1
10094 0
10095 2
10096 0
10097 1
10098 0
10099 2
10100 0
10101 2
10102 1
10103 3
10104 0
10105 2
10106 1
10107 2
10108 0
10109 1
10110 0
10111 1
10112 2
10113 3
10114 1
10115 2
10116 0
10117 1
10118 2
10119 0
10120 1
10121 0
10122 2
10123 1
10124 2
10125 0
10126 2
10127 1
10128 0
10129 2
10130 1
10131 2
10132 0
10133 2
10134 1
10135 0
10136 2
10137 3
10138 0
10139 1
10140 0
10141 2
10142 1
10143 2
10144 0
10145 1
10146 0
10147 2
10148 1
10149 2
10150 3
10151 0
10152 2
10153 1
10154 2
10155 0
10156 1
10157 0
10158 1
10159 0
10160 1
10161 0
10162 3
10163 0
10164 2
10165 0
10166 1
10167 2
10168 1
10169 2
10170 0
10171 1
10172 0
10173 1
10174 2
10175 1
10176 0
10177 1
10178 2
10179 0
10180 2
10181 1
10182 0
10183 1
10184 2
10185 0
10186 1
10187 0
10188 2
10189 3
10190 1
10191 0
10192 2
10193 1
10194 0
10195 1
10196 3
10197 0
10198 1
10199 0
10200 1
10201 0
10202 2
10203 0
10204 2
10205 0
10206 1
10207 0
10208 2
10209 1
10210 0
10211 2
10212 3
10213 0
10214 1
10215 0
10216 2
10217 1
10218 0
10219 2
10220 1
10221 0
10222 1
10223 2
10224 3
10225 0
10226 1
10227 0
10228 1
10229 2
10230 1
10231 0
10232 2
10233 0
10234 1
10235 2
10236 0
10237 1
10238 0
10239 1
10240 2
10241 1
10242 0
10243 2
10244 1
10245 2
10246 0
10247 1
10248 0
10249 2
10250 0
10251 1
10252 0
10253 3
10254 2
10255 1
10256 2
10257 0
10258 1
10259 0
10260 1
10261 0
10262 1
10263 0
10264 1
10265 2
10266 0
10267 1
10268 2
10269 0
10270 1
10271 0
10272 3
10273 2
10274 0
10275 1
10276 2
10277 3
10278 0
10279 1
10280 2
10281 3
10282 0
10283 2
10284 1
10285 0
10286 1
10287 2
10288 0
10289 2
10290 1
10291 0
10292 1
10293 2
10294 1
10295 2
10296 0
10297 1
10298 2
10299 0
10300 1
10301 0
10302 1
10303 2
10304 0
10305 1
10306 2
10307 0
10308 1
10309 2
10310 1
10311 2
10312 1
10313 0
10314 1
10315 3
10316 0
10317 1
10318 0
10319 1
10320 2
10321 1
10322 0
10323 2
10324 1
10325 0
10326 1
10327 2
10328 0
10329 2
10330 3
10331 0
10332 1
10333 0
10334 2
10335 0
10336 2
10337 0
10338 1
10339 2
10340 1
10341 0
10342 3
10343 2
10344 1
10345 2
10346 1
10347 2
10348 3
10349 1
10350 0
10351 2
10352 1
10353 0
10354 1
10355 0
10356 1
10357 0
10358 1
10359 0
10360 1
10361 0
10362 2
10363 1
10364 0
10365 1
10366 0
10367 1
10368 0
10369 2
10370 0
10371 1
10372 2
10373 1
10374 0
10375 2
10376 1
10377 2
10378 3
10379 0
10380 1
10381 2
10382 1
10383 0
10384 1
10385 0
10386 2
10387 1
10388 0
10389 2
10390 1
10391 0
10392 1
10393 0
10394 1
10395 2
10396 0
10397 1
10398 2
10399 1
10400 2
10401 0
10402 1
10403 2
10404 3
10405 0
10406 1
10407 0
10408 1
10409 2
10410 0
10411 2
10412 1
10413 0
10414 2
10415 1
10416 2
10417 0
10418 2
10419 1
10420 0
10421 2
10422 1
10423 2
10424 0
10425 1
10426 0
10427 1
10428 0
10429 1
10430 2
10431 0
10432 1
10433 0
10434 1
10435 0
10436 2
10437 1
10438 0
10439 1
10440 0
10441 2
10442 0
10443 1
10444 0
10445 1
10446 0
10447 1
10448 0
10449 1
10450 0
10451 1
10452 2
10453 1
10454 0
10455 2
10456 3
10457 0
10458 1
10459 3
10460 2
10461 1
10462 2
10463 1
10464 2
10465 0
10466 1
10467 0
10468 1
10469 2
10470 0
10471 1
10472 3
10473 2
10474 0
10475 1
10476 0
10477 1
10478 0
10479 1
10480 0
10481 2
10482 0
10483 2
10484 1
10485 0
10486 2
10487 3
10488 1
10489 0
10490 2
10491 0
10492 1
10493 2
10494 1
10495 2
10496 0
10497 2
10498 1
10499 3
10500 0
10501 1
10502 0
10503 2
10504 3
10505 2
10506 1
10507 2
10508 1
10509 3
10510 0
10511 1
10512 0
10513 2
10514 1
10515 2
10516 0
10517 2
10518 1
10519 0
10520 1
10521 0
10522 1
10523 0
10524 1
10525 0
10526 1
10527 2
10528 0
10529 1
10530 0
10531 1
10532 2
10533 0
10534 2
10535 0
10536 1
10537 2
10538 0
10539 2
10540 1
10541 0
10542 2
10543 1
10544 0
10545 1
10546 2
10547 1
10548 0
10549 1
10550 2
10551 1
10552 3
10553 1
10554 0
10555 1
10556 0
10557 1
10558 2
10559 1
10560 2
10561 0
10562 3
10563 2
10564 1
10565 0
10566 3
10567 2
10568 0
10569 2
10570 3
10571 1
10572 3
10573 0
10574 2
10575 0
10576 1
10577 2
10578 0
10579 1
10580 0
10581 2
10582 1
10583 2
10584 0
10585 1
10586 2
10587 1
10588 0
10589 1
10590 0
10591 1
10592 0
10593 1
10594 2
10595 0
10596 2
10597 1
10598 2
10599 0
10600 2
10601 1
10602 2
10603 1
10604 0
10605 1
10606 0
10607 1
10608 0
10609 1
10610 2
10611 1
10612 0
10613 1
10614 0
10615 1
10616 0
10617 2
10618 1
10619 2
10620 0
10621 2
10622 1
10623 3
10624 2
10625 0
10626 1
10627 3
10628 2
10629 1
10630 0
10631 1
10632 2
10633 0
10634 1
10635 2
10636 0
10637 1
10638 0
10639 2
10640 1
10641 0
10642 2
10643 0
10644 1
10645 0
10646 1
10647 0
10648 3
10649 1
10650 2
10651 3
10652 1
10653 0
10654 1
10655 2
10656 0
10657 1
10658 0
10659 1
10660 0
10661 1
10662 3
10663 0
10664 2
10665 1
10666 2
10667 0
10668 1
10669 0
10670 1
10671 0
10672 2
10673 1
10674 0
10675 1
10676 0
10677 2
10678 0
10679 2
10680 0
10681 2
10682 0
10683 1
10684 0
10685 1
10686 2
10687 0
10688 1
10689 3
10690 0
10691 1
10692 2
10693 0
10694 1
10695 0
10696 2
10697 0
10698 1
10699 0
10700 2
10701 1
10702 3
10703 2
10704 0
10705 2
10706 1
10707 2
10708 1
10709 0
10710 2
10711 1
10712 3
10713 0
10714 2
10715 0
10716 1
10717 0
10718 2
10719 1
10720 2
10721 1
10722 2
10723 1
10724 0
10725 2
10726 1
10727 0
10728 2
10729 0
10730 1
10731 0
10732 1
10733 2
10734 0
10735 2
10736 0
10737 2
10738 0
10739 2
10740 1
10741 0
10742 1
10743 2
10744 3
10745 1
10746 0
10747 3
10748 2
10749 1
10750 0
10751 1
10752 2
10753 0
10754 1
10755 0
10756 1
10757 2
10758 0
10759 1
10760 0
10761 1
10762 0
10763 2
10764 1
10765 0
10766 3
10767 2
10768 1
10769 2
10770 0
10771 1
10772 2
10773 0
10774 1
10775 2
10776 1
10777 0
10778 1
10779 0
10780 2
10781 3
10782 1
10783 2
10784 1
10785 2
10786 0
10787 1
10788 0
10789 1
10790 0
10791 1
10792 0
10793 1
10794 0
10795 1
10796 0
10797 2
10798 1
10799 0
10800 2
10801 1
10802 0
10803 1
10804 2
10805 0
10806 1
10807 0
10808 1
10809 2
10810 0
10811 1
10812 0
10813 2
10814 1
10815 0
10816 3
10817 1
10818 0
10819 1
10820 0
10821 2
10822 1
10823 0
10824 2
10825 1
10826 0
10827 2
10828 0
10829 2
10830 1
10831 3
10832 2
10833 0
10834 1
10835 2
10836 0
10837 2
10838 0
10839 1
10840 2
10841 0
10842 2
10843 1
10844 0
10845 1
10846 0
10847 1
10848 2
10849 0
10850 1
10851 0
10852 1
10853 0
10854 2
10855 3
10856 1
10857 2
10858 0
10859 2
10860 0
10861 1
10862 0
10863 2
10864 1
10865 0
10866 2
10867 0
10868 1
10869 2
10870 0
10871 1
10872 0
10873 1
10874 0
10875 2
10876 1
10877 0
10878 1
10879 2
10880 0
10881 1
10882 0
10883 1
10884 0
10885 1
10886 3
10887 1
10888 0
10889 2
10890 0
10891 1
10892 2
10893 0
10894 1
10895 2
10896 0
10897 1
10898 2
10899 0
10900 2
10901 0
10902 1
10903 2
10904 0
10905 1
10906 2
10907 1
10908 2
10909 1
10910 2
10911 0
10912 2
10913 0
10914 1
10915 0
10916 1
10917 0
10918 1
10919 2
10920 1
10921 0
10922 1
10923 2
10924 1
10925 0
10926 1
10927 2
10928 1
10929 0
10930 1
10931 0
10932 1
10933 0
10934 1
10935 0
10936 1
10937 0
10938 1
10939 2
10940 0
10941 1
10942 0
10943 2
10944 1
10945 0
10946 1
10947 2
10948 0
10949 1
10950 0
10951 2
10952 1
10953 2
10954 1
10955 0
10956 1
10957 0
10958 2
10959 0
10960 1
10961 0
10962 1
10963 2
10964 0
10965 1
10966 2
10967 0
10968 1
10969 0
10970 2
10971 0
10972 1
10973 0
10974 2
10975 1
10976 0
10977 1
10978 0
10979 1
10980 2
10981 1
10982 0
10983 1
10984 0
10985 2
10986 0
10987 2
10988 0
10989 2
10990 1
10991 3
10992 2
10993 0
10994 1
10995 2
10996 0
10997 1
10998 0
10999 1
11000 2
11001 0
11002 1
11003 2
11004 0
11005 2
11006 0
11007 2
11008 1
11009 2
11010 0
11011 2
11012 3
11013 1
11014 2
11015 0
11016 1
11017 2
11018 0
11019 1
11020 0
11021 1
11022 0
11023 2
11024 3
11025 1
11026 0
11027 1
11028 0
11029 2
11030 0
11031 1
11032 0
11033 1
11034 0
11035 2
11036 0
11037 1
11038 0
11039 2
11040 0
11041 1
11042 0
11043 2
11044 1
11045 2
11046 1
11047 0
11048 1
11049 0
11050 2
11051 0
11052 2
11053 0
11054 2
11055 1
11056 0
11057 1
11058 0
11059 1
11060 3
11061 2
11062 3
11063 0
11064 1
11065 2
11066 0
11067 1
11068 0
11069 2
11070 1
11071 0
11072 1
11073 2
11074 1
11075 0
11076 1
11077 0
11078 2
11079 1
11080 0
11081 2
11082 1
11083 0
11084 1
11085 0
11086 2
11087 0
11088 2
11089 1
11090 2
11091 0
11092 1
11093 0
11094 1
11095 2
11096 0
11097 2
11098 1
11099 0
11100 2
11101 1
11102 2
11103 0
11104 2
11105 1
11106 0
11107 2
11108 1
11109 0
11110 1
11111 0
11112 1
11113 2
11114 0
11115 1
11116 0
11117 2
11118 0
11119 1
11120 2
11121 0
11122 1
11123 0
11124 1
11125 2
11126 0
11127 1
11128 0
11129 2
11130 3
11131 1
11132 0
11133 2
11134 1
11135 3
11136 0
11137 1
11138 0
11139 1
11140 0
11141 2
11142 1
11143 2
11144 0
11145 2
11146 1
11147 0
11148 1
11149 2
11150 0
11151 1
11152 2
11153 0
11154 1
11155 3
11156 1
11157 2
11158 1
11159 0
11160 1
11161 2
11162 1
11163 0
11164 1
11165 0
11166 1
11167 0
11168 1
11169 2
11170 0
11171 2
11172 1
11173 0
11174 1
11175 0
11176 2
11177 1
11178 2
11179 0
11180 2
11181 1
11182 0
11183 1
11184 2
11185 1
11186 0
11187 2
11188 0
11189 2
11190 1
11191 0
11192 1
11193 2
11194 0
11195 1
11196 2
11197 0
11198 1
11199 0
11200 1
11201 0
11202 1
11203 0
11204 1
11205 0
11206 1
11207 0
11208 1
11209 3
11210 0
11211 1
11212 2
11213 1
11214 0
11215 1
11216 0
11217 1
11218 0
11219 2
11220 1
11221 0
11222 1
11223 0
11224 1
11225 0
11226 2
11227 0
11228 1
11229 0
11230 2
11231 0
11232 1
11233 2
11234 1
11235 0
11236 1
11237 2
11238 0
11239 1
11240 0
11241 1
11242 0
11243 1
11244 2
11245 0
11246 1
11247 0
11248 1
11249 0
11250 2
11251 1
11252 2
11253 0
11254 2
11255 1
11256 0
11257 1
11258 0
11259 2
11260 0
11261 1
11262 0
11263 1
11264 2
11265 0
11266 1
11267 0
11268 2
11269 1
11270 3
11271 1
11272 0
11273 2
11274 0
11275 1
11276 0
11277 1
11278 0
11279 1
11280 2
11281 0
11282 1
11283 0
11284 2
11285 1
11286 2
11287 0
11288 1
11289 2
11290 0
11291 1
11292 2
11293 1
11294 0
11295 1
11296 2
11297 0
11298 1
11299 0
11300 2
11301 0
11302 1
11303 2
11304 1
11305 2
11306 1
11307 0
11308 1
11309 0
11310 1
11311 0
11312 1
11313 0
11314 2
11315 0
11316 1
11317 0
11318 1
11319 2
11320 0
11321 1
11322 2
11323 0
11324 1
11325 0
11326 2
11327 0
11328 2
11329 1
11330 0
11331 1
11332 0
11333 1
11334 0
11335 2
11336 1
11337 0
11338 1
11339 0
11340 2
11341 1
11342 0
11343 1
11344 2
11345 0
11346 2
11347 1
11348 0
11349 1
11350 0
11351 2
11352 1
11353 2
11354 1
11355 3
11356 2
11357 3
11358 0
11359 1
11360 2
11361 1
11362 0
11363 1
11364 0
11365 1
11366 0
11367 1
11368 2
11369 0
11370 1
11371 0
11372 1
11373 2
11374 1
11375 0
11376 1
11377 2
11378 1
11379 2
11380 0
11381 1
11382 0
11383 2
11384 1
11385 0
11386 2
11387 1
11388 3
11389 2
11390 1
11391 0
11392 1
11393 2
11394 0
11395 1
11396 0
11397 1
11398 0
11399 2
11400 0
11401 1
11402 2
11403 0
11404 2
11405 3
11406 1
11407 2
11408 1
11409 0
11410 1
11411 0
11412 2
11413 0
11414 1
11415 2
11416 0
11417 2
11418 0
11419 1
11420 0
11421 1
11422 0
11423 1
11424 0
11425 2
11426 1
11427 0
11428 1
11429 2
11430 0
11431 1
11432 0
11433 1
11434 0
11435 1
11436 0
11437 1
11438 0
11439 2
11440 3
11441 1
11442 2
11443 1
11444 0
11445 2
11446 1
11447 0
11448 2
11449 1
11450 2
11451 0
11452 2
11453 1
11454 0
11455 1
11456 3
11457 0
11458 2
11459 0
11460 1
11461 0
11462 2
11463 0
11464 2
11465 0
11466 1
11467 0
11468 1
11469 0
11470 2
11471 3
11472 0
11473 1
11474 0
11475 1
11476 2
11477 0
11478 1
11479 3
11480 2
11481 3
11482 1
11483 2
11484 1
11485 0
11486 1
11487 0
11488 2
11489 0
11490 1
11491 0
11492 1
11493 0
11494 1
11495 2
11496 0
11497 1
11498 0
11499 1
11500 0
11501 2
11502 0
11503 1
11504 0
11505 2
11506 0
11507 2
11508 1
11509 0
11510 2
11511 0
11512 2
11513 0
11514 1
11515 0
11516 2
11517 1
11518 0
11519 1
11520 2
11521 0
11522 1
11523 0
11524 2
11525 1
11526 0
11527 2
11528 1
11529 2
11530 1
11531 2
11532 0
11533 1
11534 0
11535 1
11536 0
11537 2
11538 1
11539 0
11540 2
11541 0
11542 2
11543 0
11544 1
11545 0
11546 1
11547 2
11548 0
11549 2
11550 1
11551 0
11552 1
11553 2
11554 1
11555 2
11556 0
11557 1
11558 2
11559 0
11560 1
11561 0
11562 2
11563 1
11564 2
11565 1
11566 2
11567 1
11568 0
11569 2
11570 0
11571 1
11572 2
11573 0
11574 2
11575 0
11576 2
11577 0
11578 1
11579 2
11580 3
11581 0
11582 1
11583 0
11584 1
11585 0
11586 1
11587 0
11588 1
11589 2
11590 1
11591 0
11592 3
11593 1
11594 0
11595 1
11596 2
11597 0
11598 2
11599 0
11600 2
11601 0
11602 1
11603 0
11604 2
11605 1
11606 0
11607 2
11608 0
11609 2
11610 0
11611 1
11612 0
11613 1
11614 0
11615 2
11616 1
11617 2
11618 1
11619 2
11620 0
11621 1
11622 0
11623 1
11624 0
11625 1
11626 2
11627 0
11628 1
11629 0
11630 1
11631 2
11632 1
11633 0
11634 2
11635 1
11636 2
11637 1
11638 2
11639 1
11640 0
11641 2
11642 1
11643 2
11644 0
11645 1
11646 0
11647 2
11648 1
11649 0
11650 2
11651 0
11652 2
11653 0
11654 1
11655 2
11656 0
11657 2
11658 1
11659 2
11660 0
11661 1
11662 2
11663 0
11664 2
11665 0
11666 1
11667 2
11668 3
11669 0
11670 1
11671 0
11672 1
11673 0
11674 1
11675 2
11676 0
11677 2
11678 0
11679 2
11680 0
11681 2
11682 1
11683 0
11684 1
11685 2
11686 0
11687 1
11688 0
11689 2
11690 1
11691 0
11692 1
11693 0
11694 1
11695 0
11696 1
11697 2
11698 1
11699 0
11700 1
11701 0
11702 1
11703 2
11704 0
11705 3
11706 2
11707 1
11708 2
11709 1
11710 0
11711 1
11712 0
11713 1
11714 2
11715 0
11716 1
11717 0
11718 2
11719 0
11720 2
11721 1
11722 0
11723 2
11724 1
11725 0
11726 3
11727 0
11728 1
11729 3
11730 2
11731 0
11732 2
11733 1
11734 0
11735 3
11736 1
11737 2
11738 0
11739 3
11740 1
11741 2
11742 0
11743 1
11744 0
11745 2
11746 0
11747 2
11748 0
11749 2
11750 0
11751 2
11752 0
11753 1
11754 2
11755 1
11756 2
11757 1
11758 2
11759 1
11760 0
11761 1
11762 2
11763 0
11764 1
11765 3
11766 1
11767 0
11768 1
11769 0
11770 1
11771 0
11772 1
11773 0
11774 1
11775 0
11776 1
11777 0
11778 1
11779 0
11780 1
11781 0
11782 1
11783 0
11784 1
11785 2
11786 1
11787 0
11788 1
11789 2
11790 3
11791 1
11792 2
11793 0
11794 1
11795 2
11796 1
11797 0
11798 2
11799 1
11800 0
11801 1
11802 0
11803 1
11804 2
11805 1
11806 0
11807 1
11808 2
11809 1
11810 0
11811 1
11812 0
11813 2
11814 1
11815 2
11816 0
11817 1
11818 0
11819 2
11820 0
11821 3
11822 0
11823 1
11824 0
11825 2
11826 0
11827 1
11828 2
11829 1
11830 0
11831 2
11832 1
11833 0
11834 1
11835 2
11836 0
11837 1
11838 0
11839 1
11840 0
11841 1
11842 0
11843 1
11844 0
11845 1
11846 0
11847 1
11848 0
11849 1
11850 0
11851 1
11852 0
11853 1
11854 2
11855 1
11856 2
11857 0
11858 2
11859 1
11860 0
11861 1
11862 2
11863 0
11864 1
11865 2
11866 0
11867 1
11868 2
11869 0
11870 1
11871 2
11872 0
11873 1
11874 0
11875 3
11876 1
11877 0
11878 1
11879 0
11880 2
11881 1
11882 0
11883 1
11884 0
11885 1
11886 0
11887 1
11888 0
11889 1
11890 2
11891 1
11892 0
11893 1
11894 2
11895 3
11896 0
11897 1
11898 0
11899 2
11900 1
11901 2
11902 1
11903 0
11904 1
11905 0
11906 2
11907 1
11908 2
11909 0
11910 1
11911 0
11912 2
11913 1
11914 0
11915 1
11916 0
11917 1
11918 0
11919 1
11920 0
11921 1
11922 2
11923 1
11924 2
11925 0
11926 2
11927 1
11928 0
11929 1
11930 2
11931 0
11932 1
11933 2
11934 0
11935 1
11936 0
11937 2
11938 1
11939 2
11940 3
11941 0
11942 2
11943 0
11944 1
11945 2
11946 0
11947 1
11948 2
11949 0
11950 1
11951 2
11952 1
11953 2
11954 0
11955 2
11956 0
11957 2
11958 0
11959 2
11960 0
11961 1
11962 2
11963 0
11964 1
11965 0
11966 1
11967 2
11968 1
11969 0
11970 1
11971 0
11972 1
11973 0
11974 2
11975 1
11976 0
11977 1
11978 0
11979 2
11980 1
11981 2
11982 1
11983 0
11984 1
11985 2
11986 0
11987 2
11988 1
11989 2
11990 1
11991 2
11992 0
11993 2
11994 1
11995 0
11996 2
11997 0
11998 1
11999 2
12000 0
12001 1
12002 2
12003 1
12004 2
12005 0
12006 1
12007 2
12008 1
12009 0
12010 1
12011 0
12012 2
12013 1
12014 2
12015 0
12016 1
12017 2
12018 0
12019 1
12020 3
12021 0
12022 1
12023 2
12024 0
12025 2
12026 3
12027 0
12028 1
12029 2
12030 1
12031 2
12032 0
12033 2
12034 1
12035 2
12036 1
12037 0
12038 2
12039 1
12040 0
12041 2
12042 0
12043 2
12044 1
12045 2
12046 0
12047 1
12048 2
12049 3
12050 0
12051 2
12052 1
12053 0
12054 1
12055 0
12056 2
12057 1
12058 0
12059 2
12060 1
12061 0
12062 1
12063 0
12064 2
12065 1
12066 2
12067 3
12068 0
12069 1
12070 0
12071 1
12072 2
12073 0
12074 1
12075 0
12076 1
12077 2
12078 0
12079 2
12080 1
12081 2
12082 1
12083 2
12084 0
12085 1
12086 0
12087 1
12088 2
12089 1
12090 2
12091 0
12092 1
12093 2
12094 0
12095 1
12096 0
12097 2
12098 1
12099 2
12100 1
12101 2
12102 1
12103 0
12104 1
12105 0
12106 2
12107 0
12108 1
12109 0
12110 1
12111 2
12112 0
12113 1
12114 0
12115 2
12116 0
12117 2
12118 0
12119 1
12120 0
12121 2
12122 0
12123 2
12124 1
12125 0
12126 2
12127 1
12128 2
12129 0
12130 2
12131 0
12132 2
12133 0
12134 2
12135 0
12136 1
12137 2
12138 1
12139 0
12140 1
12141 0
12142 3
12143 2
12144 1
12145 0
12146 1
12147 2
12148 0
12149 1
12150 0
12151 1
12152 0
12153 1
12154 0
12155 1
12156 2
12157 0
12158 1
12159 0
12160 2
12161 1
12162 2
12163 0
12164 1
12165 2
12166 0
12167 3
12168 1
12169 2
12170 0
12171 2
12172 1
12173 0
12174 1
12175 0
12176 2
12177 0
12178 1
12179 0
12180 1
12181 0
12182 1
12183 0
12184 1
12185 0
12186 1
12187 0
12188 1
12189 0
12190 3
12191 2
12192 0
12193 2
12194 0
12195 2
12196 1
12197 0
12198 1
12199 2
12200 1
12201 0
12202 1
12203 2
12204 1
12205 2
12206 0
12207 2
12208 1
12209 0
12210 1
12211 0
12212 2
12213 1
12214 2
12215 0
12216 1
12217 0
12218 1
12219 2
12220 0
12221 1
12222 0
12223 2
12224 3
12225 1
12226 0
12227 1
12228 2
12229 3
12230 1
12231 2
12232 0
12233 1
12234 0
12235 1
12236 0
12237 1
12238 0
12239 1
12240 0
12241 1
12242 0
12243 1
12244 0
12245 1
12246 0
12247 1
12248 0
12249 1
12250 0
12251 2
12252 1
12253 0
12254 1
12255 0
12256 1
12257 0
12258 2
12259 1
12260 0
12261 2
12262 1
12263 2
12264 1
12265 2
12266 0
12267 2
12268 1
12269 0
12270 1
12271 0
12272 2
12273 1
12274 0
12275 2
12276 1
12277 2
12278 0
12279 3
12280 1
12281 2
12282 1
12283 0
12284 2
12285 1
12286 2
12287 0
12288 1
12289 0
12290 3
12291 2
12292 1
12293 0
12294 1
12295 0
12296 1
12297 2
12298 0
12299 2
12300 0
12301 1
12302 0
12303 1
12304 2
12305 0
12306 2
12307 0
12308 2
12309 0
12310 2
12311 1
12312 2
12313 0
12314 1
12315 3
12316 2
12317 1
12318 0
12319 1
12320 0
12321 2
12322 1
12323 0
12324 1
12325 2
12326 3
12327 2
12328 1
12329 2
12330 0
12331 1
12332 0
12333 2
12334 1
12335 0
12336 1
12337 0
12338 1
12339 0
12340 2
12341 1
12342 2
12343 0
12344 2
12345 1
12346 0
12347 1
12348 0
12349 2
12350 1
12351 2
12352 0
12353 1
12354 0
12355 1
12356 0
12357 2
12358 1
12359 0
12360 1
12361 2
12362 0
12363 1
12364 2
12365 0
12366 1
12367 0
12368 1
12369 0
12370 3
12371 2
12372 0
12373 2
12374 0
12375 2
12376 0
12377 1
12378 3
12379 1
12380 0
12381 2
12382 0
12383 2
12384 1
12385 2
12386 1
12387 0
12388 1
12389 0
12390 2
12391 0
12392 1
12393 0
12394 1
12395 0
12396 1
12397 0
12398 2
12399 3
12400 0
12401 1
12402 2
12403 0
12404 1
12405 0
12406 2
12407 1
12408 2
12409 1
12410 0
12411 2
12412 1
12413 0
12414 1
12415 0
12416 1
12417 2
12418 3
12419 1
12420 2
12421 0
12422 2
12423 0
12424 1
12425 3
12426 0
12427 2
12428 1
12429 3
12430 2
12431 1
12432 2
12433 0
12434 1
12435 0
12436 1
12437 3
12438 1
12439 2
12440 0
12441 2
12442 0
12443 1
12444 0
12445 1
12446 0
12447 1
12448 2
12449 1
12450 2
12451 0
12452 2
12453 1
12454 0
12455 1
12456 0
12457 1
12458 0
12459 1
12460 0
12461 1
12462 0
12463 1
12464 0
12465 2
12466 1
12467 0
12468 2
12469 1
12470 0
12471 1
12472 0
12473 2
12474 0
12475 2
12476 1
12477 0
12478 2
12479 1
12480 0
12481 2
12482 1
12483 2
12484 1
12485 0
12486 1
12487 2
12488 1
12489 0
12490 2
12491 0
12492 1
12493 0
12494 2
12495 0
12496 1
12497 2
12498 0
12499 1
12500 0
12501 1
12502 2
12503 0
12504 1
12505 2
12506 0
12507 2
12508 1
12509 2
12510 0
12511 1
12512 2
12513 1
12514 0
12515 1
12516 0
12517 2
12518 1
12519 0
12520 1
12521 0
12522 2
12523 1
12524 2
12525 0
12526 1
12527 2
12528 1
12529 0
12530 1
12531 2
12532 1
12533 2
12534 3
12535 0
12536 1
12537 0
12538 2
12539 0
12540 1
12541 0
12542 1
12543 0
12544 2
12545 1
12546 0
12547 1
12548 2
12549 1
12550 0
12551 1
12552 0
12553 1
12554 0
12555 2
12556 0
12557 2
12558 0
12559 1
12560 0
12561 1
12562 2
12563 0
12564 1
12565 0
12566 1
12567 0
12568 1
12569 2
12570 1
12571 0
12572 1
12573 0
12574 2
12575 1
12576 3
12577 0
12578 2
12579 1
12580 0
12581 2
12582 0
12583 2
12584 0
12585 1
12586 2
12587 0
12588 1
12589 2
12590 0
12591 1
12592 0
12593 1
12594 0
12595 1
12596 2
12597 1
12598 2
12599 0
12600 1
12601 0
12602 2
12603 1
12604 0
12605 1
12606 0
12607 2
12608 1
12609 0
12610 2
12611 1
12612 0
12613 2
12614 1
12615 0
12616 1
12617 2
12618 1
12619 3
12620 0
12621 1
12622 0
12623 1
12624 2
12625 0
12626 1
12627 2
12628 0
12629 1
12630 3
12631 0
12632 1
12633 0
12634 1
12635 0
12636 1
12637 0
12638 1
12639 0
12640 1
12641 2
12642 0
12643 2
12644 1
12645 2
12646 0
12647 2
12648 1
12649 2
12650 3
12651 1
12652 2
12653 0
12654 2
12655 1
12656 2
12657 0
12658 1
12659 0
12660 1
12661 0
12662 1
12663 0
12664 1
12665 0
12666 1
12667 2
12668 0
12669 1
12670 0
12671 1
12672 0
12673 1
12674 2
12675 1
12676 2
12677 0
12678 2
12679 1
12680 0
12681 1
12682 0
12683 2
12684 1
12685 0
12686 1
12687 0
12688 1
12689 2
12690 0
12691 2
12692 1
12693 2
12694 1
12695 2
12696 1
12697 2
12698 0
12699 1
12700 2
12701 1
12702 2
12703 1
12704 0
12705 1
12706 0
12707 1
12708 2
12709 0
12710 1
12711 0
12712 2
12713 1
12714 0
12715 2
12716 0
12717 1
12718 0
12719 1
12720 2
12721 3
12722 0
12723 2
12724 0
12725 1
12726 2
12727 0
12728 1
12729 2
12730 0
12731 1
12732 0
12733 1
12734 0
12735 1
12736 0
12737 2
12738 0
12739 2
12740 1
12741 0
12742 2
12743 0
12744 1
12745 0
12746 1
12747 2
12748 1
12749 0
12750 2
12751 3
12752 1
12753 2
12754 0
12755 1
12756 0
12757 2
12758 1
12759 2
12760 1
12761 0
12762 2
12763 1
12764 3
12765 0
12766 1
12767 0
12768 1
12769 2
12770 1
12771 3
12772 0
12773 1
12774 2
12775 1
12776 0
12777 2
12778 0
12779 2
12780 1
12781 0
12782 1
12783 2
12784 1
12785 0
12786 1
12787 2
12788 1
12789 0
12790 1
12791 0
12792 1
12793 2
12794 0
12795 1
12796 0
12797 1
12798 0
12799 1
12800 0
12801 1
12802 0
12803 1
12804 0
12805 2
12806 1
12807 0
12808 1
12809 2
12810 0
12811 2
12812 1
12813 0
12814 1
12815 2
12816 0
12817 2
12818 0
12819 2
12820 1
12821 2
12822 0
12823 1
12824 0
12825 1
12826 0
12827 2
12828 1
12829 3
12830 2
12831 0
12832 1
12833 2
12834 1
12835 2
12836 1
12837 0
12838 1
12839 0
12840 2
12841 1
12842 0
12843 1
12844 0
12845 2
12846 0
12847 2
12848 0
12849 1
12850 0
12851 1
12852 2
12853 0
12854 1
12855 2
12856 0
12857 1
12858 0
12859 2
12860 1
12861 2
12862 0
12863 2
12864 3
12865 1
12866 3
12867 0
12868 2
12869 0
12870 1
12871 2
12872 0
12873 2
12874 0
12875 2
12876 0
12877 2
12878 0
12879 1
12880 0
12881 1
12882 0
12883 2
12884 1
12885 2
12886 0
12887 2
12888 1
12889 0
12890 2
12891 1
12892 2
12893 1
12894 0
12895 2
12896 1
12897 0
12898 1
12899 0
12900 1
12901 2
12902 0
12903 2
12904 0
12905 1
12906 2
12907 0
12908 2
12909 1
12910 2
12911 0
12912 1
12913 0
12914 1
12915 2
12916 0
12917 1
12918 2
12919 0
12920 2
12921 0
12922 2
12923 0
12924 3
12925 1
12926 0
12927 2
12928 1
12929 0
12930 1
12931 0
12932 1
12933 0
12934 1
12935 2
12936 0
12937 1
12938 2
12939 0
12940 1
12941 0
12942 2
12943 1
12944 0
12945 2
12946 0
12947 2
12948 1
12949 2
12950 1
12951 0
12952 1
12953 0
12954 2
12955 0
12956 1
12957 0
12958 2
12959 1
12960 0
12961 1
12962 0
12963 2
12964 1
12965 0
12966 1
12967 2
12968 0
12969 1
12970 3
12971 2
12972 0
12973 1
12974 0
12975 1
12976 2
12977 1
12978 0
12979 1
12980 0
12981 1
12982 0
12983 2
12984 0
12985 1
12986 0
12987 2
12988 0
12989 2
12990 1
12991 0
12992 1
12993 2
12994 0
12995 2
12996 0
12997 1
12998 2
12999 1
13000 0
13001 2
13002 0
13003 1
13004 2
13005 1
13006 0
13007 1
13008 0
13009 1
13010 0
13011 2
13012 1
13013 0
13014 1
13015 0
13016 2
13017 1
13018 2
13019 0
13020 2
13021 1
13022 2
13023 1
13024 0
13025 2
13026 0
13027 2
13028 1
13029 0
13030 2
13031 0
13032 1
13033 0
13034 1
13035 2
13036 1
13037 0
13038 1
13039 0
13040 1
13041 2
13042 0
13043 1
13044 2
13045 0
13046 1
13047 0
13048 1
13049 0
13050 2
13051 3
13052 1
13053 2
13054 1
13055 0
13056 1
13057 0
13058 1
13059 0
13060 1
13061 0
13062 2
13063 1
13064 2
13065 3
13066 1
13067 2
13068 0
13069 2
13070 0
13071 2
13072 1
13073 0
13074 1
13075 2
13076 1
13077 0
13078 3
13079 1
13080 2
13081 1
13082 0
13083 1
13084 2
13085 1
13086 2
13087 3
13088 0
13089 1
13090 2
13091 0
13092 2
13093 1
13094 0
13095 1
13096 0
13097 2
13098 1
13099 2
13100 1
13101 0
13102 1
13103 2
13104 1
13105 0
13106 2
13107 0
13108 1
13109 0
13110 1
13111 0
13112 1
13113 0
13114 1
13115 0
13116 1
13117 0
13118 1
13119 0
13120 1
13121 0
13122 1
13123 2
13124 0
13125 1
13126 2
13127 0
13128 1
13129 2
13130 0
13131 1
13132 0
13133 1
13134 2
13135 1
13136 2
13137 0
13138 2
13139 1
13140 2
13141 0
13142 2
13143 1
13144 2
13145 0
13146 2
13147 1
13148 2
13149 1
13150 2
13151 0
13152 1
13153 0
13154 1
13155 3
13156 1
13157 2
13158 0
13159 2
13160 0
13161 1
13162 0
13163 2
13164 0
13165 2
13166 0
13167 1
13168 2
13169 0
13170 2
13171 1
13172 0
13173 1
13174 0
13175 1
13176 0
13177 2
13178 1
13179 0
13180 2
13181 1
13182 2
13183 0
13184 1
13185 2
13186 0
13187 1
13188 2
13189 1
13190 2
13191 0
13192 3
13193 1
13194 0
13195 2
13196 1
13197 0
13198 1
13199 0
13200 1
13201 0
13202 1
13203 2
13204 1
13205 0
13206 2
13207 0
13208 2
13209 1
13210 0
13211 1
13212 2
13213 1
13214 3
13215 2
13216 0
13217 1
13218 0
13219 1
13220 3
13221 0
13222 1
13223 0
13224 1
13225 0
13226 3
13227 1
13228 2
13229 0
13230 1
13231 2
13232 0
13233 2
13234 3
13235 1
13236 0
13237 1
13238 0
13239 1
13240 2
13241 3
13242 1
13243 0
13244 1
13245 2
13246 1
13247 0
13248 1
13249 2
13250 0
13251 1
13252 2
13253 1
13254 0
13255 1
13256 0
13257 2
13258 1
13259 0
13260 2
13261 0
13262 2
13263 1
13264 2
13265 0
13266 2
13267 1
13268 0
13269 1
13270 0
13271 1
13272 2
13273 0
13274 1
13275 0
13276 1
13277 0
13278 1
13279 0
13280 2
13281 1
13282 0
13283 1
13284 0
13285 2
13286 0
13287 2
13288 1
13289 0
13290 1
13291 3
13292 2
13293 1
13294 0
13295 1
13296 0
13297 1
13298 2
13299 1
13300 2
13301 0
13302 2
13303 1
13304 2
13305 1
13306 2
13307 0
13308 1
13309 2
13310 1
13311 0
13312 2
13313 1
13314 0
13315 1
13316 2
13317 0
13318 1
13319 0
13320 2
13321 3
13322 0
13323 1
13324 2
13325 1
13326 2
13327 0
13328 2
13329 1
13330 0
13331 1
13332 3
13333 2
13334 1
13335 2
13336 0
13337 2
13338 1
13339 0
13340 2
13341 1
13342 0
13343 2
13344 1
13345 3
13346 0
13347 1
13348 0
13349 2
13350 1
13351 0
13352 2
13353 0
13354 1
13355 2
13356 0
13357 3
13358 1
13359 0
13360 1
13361 0
13362 3
13363 1
13364 2
13365 1
13366 0
13367 1
13368 0
13369 2
13370 1
13371 0
13372 1
13373 0
13374 2
13375 0
13376 1
13377 0
13378 2
13379 0
13380 1
13381 2
13382 1
13383 2
13384 0
13385 2
13386 0
13387 2
13388 1
13389 0
13390 1
13391 0
13392 1
13393 0
13394 1
13395 0
13396 2
13397 0
13398 1
13399 2
13400 0
13401 1
13402 2
13403 0
13404 1
13405 0
13406 1
13407 2
13408 0
13409 1
13410 2
13411 0
13412 2
13413 1
13414 2
13415 1
13416 0
13417 2
13418 1
13419 2
13420 0
13421 2
13422 1
13423 2
13424 1
13425 2
13426 0
13427 2
13428 3
13429 0
13430 1
13431 0
13432 1
13433 0
13434 1
13435 0
13436 2
13437 0
13438 2
13439 1
13440 0
13441 1
13442 2
13443 0
13444 1
13445 3
13446 2
13447 1
13448 0
13449 1
13450 0
13451 1
13452 0
13453 2
13454 1
13455 0
13456 1
13457 2
13458 0
13459 1
13460 0
13461 1
13462 0
13463 2
13464 0
13465 1
13466 0
13467 1
13468 0
13469 1
13470 3
13471 2
13472 0
13473 1
13474 2
13475 0
13476 1
13477 3
13478 2
13479 1
13480 0
13481 1
13482 2
13483 1
13484 2
13485 0
13486 2
13487 0
13488 2
13489 1
13490 2
13491 1
13492 2
13493 0
13494 1
13495 2
13496 1
13497 2
13498 0
13499 2
13500 0
13501 1
13502 3
13503 0
13504 1
13505 2
13506 1
13507 0
13508 1
13509 0
13510 2
13511 0
13512 2
13513 0
13514 1
13515 2
13516 3
13517 1
13518 0
13519 2
13520 1
13521 0
13522 1
13523 2
13524 0
13525 2
13526 0
13527 1
13528 2
13529 1
13530 0
13531 1
13532 2
13533 1
13534 0
13535 1
13536 2
13537 0
13538 1
13539 0
13540 1
13541 2
13542 0
13543 2
13544 1
13545 2
13546 0
13547 1
13548 2
13549 0
13550 2
13551 0
13552 2
13553 0
13554 1
13555 2
13556 0
13557 2
13558 1
13559 2
13560 1
13561 2
13562 1
13563 2
13564 0
13565 2
13566 1
13567 2
13568 1
13569 0
13570 1
13571 2
13572 1
13573 0
13574 1
13575 0
13576 1
13577 2
13578 3
13579 0
13580 1
13581 2
13582 3
13583 1
13584 2
13585 0
13586 2
13587 0
13588 1
13589 2
13590 3
13591 0
13592 1
13593 0
13594 2
13595 1
13596 0
13597 1
13598 0
13599 1
13600 0
13601 2
13602 1
13603 0
13604 1
13605 0
13606 1
13607 2
13608 0
13609 3
13610 1
13611 2
13612 0
13613 1
13614 0
13615 2
13616 0
13617 2
13618 1
13619 2
13620 1
13621 0
13622 2
13623 1
13624 2
13625 0
13626 1
13627 2
13628 1
13629 0
13630 1
13631 0
13632 2
13633 1
13634 0
13635 1
13636 0
13637 2
13638 3
13639 2
13640 0
13641 2
13642 1
13643 2
13644 1
13645 0
13646 1
13647 0
13648 1
13649 3
13650 2
13651 0
13652 1
13653 2
13654 0
13655 1
13656 2
13657 3
13658 0
13659 1
13660 2
13661 0
13662 1
13663 2
13664 1
13665 0
13666 2
13667 0
13668 1
13669 2
13670 1
13671 0
13672 2
13673 1
13674 0
13675 1
13676 2
13677 0
13678 1
13679 2
13680 0
13681 2
13682 0
13683 1
13684 0
13685 1
13686 2
13687 0
13688 2
13689 0
13690 1
13691 2
13692 1
13693 3
13694 2
13695 0
13696 1
13697 0
13698 2
13699 1
13700 2
13701 1
13702 0
13703 2
13704 0
13705 3
13706 1
13707 0
13708 1
13709 0
13710 1
13711 2
13712 1
13713 0
13714 1
13715 2
13716 3
13717 1
13718 2
13719 1
13720 2
13721 0
13722 1
13723 0
13724 2
13725 1
13726 0
13727 1
13728 2
13729 1
13730 0
13731 1
13732 0
13733 2
13734 1
13735 0
13736 1
13737 0
13738 1
13739 0
13740 1
13741 2
13742 0
13743 1
13744 3
13745 1
13746 0
13747 1
13748 0
13749 2
13750 1
13751 0
13752 1
13753 2
13754 0
13755 1
13756 0
13757 1
13758 2
13759 0
13760 1
13761 0
13762 1
13763 2
13764 0
13765 1
13766 0
13767 2
13768 1
13769 2
13770 1
13771 0
13772 1
13773 0
13774 1
13775 3
13776 2
13777 3
13778 2
13779 1
13780 2
13781 1
13782 0
13783 1
13784 0
13785 1
13786 0
13787 1
13788 0
13789 1
13790 2
13791 0
13792 2
13793 1
13794 0
13795 2
13796 0
13797 2
13798 1
13799 2
13800 0
13801 1
13802 0
13803 2
13804 1
13805 0
13806 2
13807 0
13808 2
13809 0
13810 2
13811 0
13812 1
13813 0
13814 1
13815 0
13816 1
13817 0
13818 2
13819 0
13820 1
13821 0
13822 1
13823 2
13824 0
13825 1
13826 2
13827 1
13828 2
13829 1
13830 0
13831 1
13832 0
13833 2
13834 1
13835 2
13836 1
13837 3
13838 2
13839 1
13840 0
13841 2
13842 0
13843 2
13844 1
13845 0
13846 2
13847 1
13848 2
13849 1
13850 0
13851 1
13852 0
13853 3
13854 1
13855 0
13856 1
13857 0
13858 1
13859 2
13860 1
13861 0
13862 2
13863 0
13864 1
13865 0
13866 1
13867 0
13868 2
13869 3
13870 0
13871 1
13872 0
13873 1
13874 2
13875 0
13876 1
13877 0
13878 1
13879 0
13880 1
13881 0
13882 1
13883 0
13884 1
13885 0
13886 1
13887 0
13888 1
13889 0
13890 1
13891 0
13892 2
13893 1
13894 3
13895 0
13896 1
13897 0
13898 1
13899 3
13900 2
13901 0
13902 1
13903 3
13904 2
13905 1
13906 2
13907 1
13908 2
13909 0
13910 2
13911 1
13912 2
13913 0
13914 1
13915 2
13916 1
13917 0
13918 2
13919 3
13920 1
13921 0
13922 1
13923 0
13924 2
13925 0
13926 1
13927 0
13928 2
13929 1
13930 2
13931 0
13932 1
13933 2
13934 0
13935 1
13936 2
13937 0
13938 1
13939 2
13940 0
13941 1
13942 3
13943 2
13944 0
13945 2
13946 1
13947 2
13948 0
13949 1
13950 0
13951 2
13952 3
13953 1
13954 0
13955 1
13956 2
13957 1
13958 0
13959 2
13960 0
13961 2
13962 0
13963 1
13964 0
13965 1
13966 2
13967 0
13968 1
13969 0
13970 1
13971 2
13972 1
13973 2
13974 1
13975 0
13976 2
13977 1
13978 0
13979 1
13980 0
13981 1
13982 2
13983 1
13984 0
13985 3
13986 1
13987 0
13988 1
13989 2
13990 3
13991 0
13992 1
13993 2
13994 0
13995 2
13996 3
13997 0
13998 2
13999 1
14000 0
14001 2
14002 0
14003 1
14004 0
14005 2
14006 1
14007 0
14008 1
14009 0
14010 2
14011 1
14012 0
14013 1
14014 0
14015 1
14016 2
14017 0
14018 2
14019 1
14020 0
14021 2
14022 3
14023 2
14024 0
14025 1
14026 0
14027 1
14028 3
14029 0
14030 1
14031 0
14032 1
14033 2
14034 0
14035 2
14036 0
14037 2
14038 0
14039 1
14040 0
14041 3
14042 1
14043 3
14044 1
14045 2
14046 1
14047 0
14048 1
14049 0
14050 1
14051 2
14052 0
14053 1
14054 2
14055 0
14056 1
14057 2
14058 0
14059 1
14060 0
14061 1
14062 2
14063 1
14064 2
14065 0
14066 1
14067 0
14068 2
14069 0
14070 3
14071 2
14072 3
14073 0
14074 1
14075 2
14076 0
14077 3
14078 2
14079 1
14080 2
14081 0
14082 2
14083 1
14084 2
14085 0
14086 2
14087 1
14088 0
14089 1
14090 0
14091 1
14092 2
14093 0
14094 1
14095 2
14096 1
14097 0
14098 1
14099 0
14100 1
14101 0
14102 1
14103 0
14104 1
14105 2
14106 1
14107 3
14108 1
14109 0
14110 1
14111 0
14112 3
14113 1
14114 2
14115 0
14116 1
14117 0
14118 1
14119 2
14120 0
14121 1
14122 2
14123 1
14124 2
14125 0
14126 1
14127 0
14128 2
14129 1
14130 2
14131 0
14132 1
14133 0
14134 1
14135 3
14136 0
14137 1
14138 0
14139 1
14140 2
14141 0
14142 2
14143 1
14144 0
14145 1
14146 2
14147 0
14148 1
14149 0
14150 1
14151 2
14152 0
14153 2
14154 1
14155 0
14156 2
14157 0
14158 1
14159 3
14160 2
14161 1
14162 2
14163 1
14164 2
14165 1
14166 2
14167 1
14168 0
14169 2
14170 1
14171 0
14172 1
14173 0
14174 2
14175 1
14176 0
14177 2
14178 1
14179 0
14180 2
14181 1
14182 2
14183 0
14184 3
14185 2
14186 1
14187 0
14188 1
14189 0
14190 2
14191 1
14192 0
14193 1
14194 0
14195 1
14196 0
14197 1
14198 2
14199 0
14200 1
14201 2
14202 1
14203 0
14204 1
14205 2
14206 0
14207 1
14208 2
14209 0
14210 1
14211 0
14212 1
14213 2
14214 0
14215 1
14216 3
14217 2
14218 3
14219 0
14220 3
14221 1
14222 2
14223 0
14224 1
14225 0
14226 2
14227 1
14228 0
14229 2
14230 3
14231 0
14232 2
14233 1
14234 0
14235 2
14236 1
14237 0
14238 1
14239 0
14240 1
14241 0
14242 1
14243 3
14244 1
14245 2
14246 0
14247 2
14248 1
14249 2
14250 0
14251 1
14252 0
14253 1
14254 0
14255 1
14256 0
14257 1
14258 2
14259 0
14260 1
14261 2
14262 0
14263 2
14264 1
14265 2
14266 1
14267 0
14268 2
14269 0
14270 2
14271 0
14272 2
14273 1
14274 2
14275 0
14276 1
14277 2
14278 0
14279 1
14280 0
14281 1
14282 0
14283 3
14284 2
14285 0
14286 1
14287 3
14288 0
14289 2
14290 0
14291 2
14292 0
14293 1
14294 2
14295 0
14296 2
14297 1
14298 2
14299 1
14300 0
14301 1
14302 2
14303 1
14304 2
14305 3
14306 1
14307 2
14308 0
14309 1
14310 2
14311 0
14312 2
14313 0
14314 2
14315 1
14316 0
14317 1
14318 2
14319 0
14320 1
14321 0
14322 2
14323 1
14324 0
14325 3
14326 2
14327 0
14328 2
14329 0
14330 1
14331 2
14332 0
14333 1
14334 2
14335 0
14336 1
14337 0
14338 3
14339 0
14340 2
14341 1
14342 2
14343 0
14344 2
14345 1
14346 2
14347 0
14348 1
14349 0
14350 1
14351 0
14352 2
14353 1
14354 0
14355 1
14356 2
14357 1
14358 0
14359 1
14360 0
14361 1
14362 2
14363 0
14364 1
14365 2
14366 1
14367 2
14368 0
14369 1
14370 2
14371 1
14372 0
14373 1
14374 0
14375 2
14376 1
14377 0
14378 2
14379 1
14380 2
14381 1
14382 2
14383 1
14384 0
14385 1
14386 2
14387 0
14388 2
14389 3
14390 1
14391 2
14392 0
14393 2
14394 0
14395 1
14396 2
14397 0
14398 1
14399 0
14400 1
14401 0
14402 1
14403 0
14404 1
14405 0
14406 1
14407 2
14408 1
14409 2
14410 0
14411 2
14412 0
14413 1
14414 0
14415 1
14416 0
14417 1
14418 2
14419 0
14420 1
14421 0
14422 1
14423 0
14424 1
14425 0
14426 3
14427 1
14428 0
14429 1
14430 2
14431 0
14432 1
14433 0
14434 2
14435 1
14436 0
14437 1
14438 0
14439 2
14440 1
14441 0
14442 2
14443 1
14444 3
14445 1
14446 0
14447 1
14448 0
14449 1
14450 0
14451 1
14452 2
14453 0
14454 1
14455 0
14456 2
14457 0
14458 1
14459 0
14460 2
14461 0
14462 1
14463 2
14464 0
14465 2
14466 1
14467 0
14468 2
14469 0
14470 1
14471 2
14472 1
14473 0
14474 1
14475 3
14476 2
14477 3
14478 0
14479 2
14480 1
14481 0
14482 2
14483 1
14484 0
14485 2
14486 0
14487 2
14488 1
14489 0
14490 3
14491 1
14492 0
14493 1
14494 0
14495 2
14496 3
14497 1
14498 0
14499 3
14500 1
14501 0
14502 2
14503 0
14504 2
14505 1
14506 3
14507 0
14508 2
14509 1
14510 2
14511 0
14512 1
14513 0
14514 1
14515 0
14516 1
14517 0
14518 2
14519 3
14520 1
14521 2
14522 0
14523 1
14524 0
14525 2
14526 0
14527 2
14528 1
14529 0
14530 1
14531 2
14532 0
14533 1
14534 2
14535 0
14536 2
14537 0
14538 1
14539 0
14540 1
14541 0
14542 1
14543 0
14544 2
14545 1
14546 2
14547 3
14548 0
14549 1
14550 0
14551 2
14552 0
14553 1
14554 0
14555 1
14556 0
14557 2
14558 1
14559 2
14560 0
14561 1
14562 0
14563 1
14564 2
14565 1
14566 0
14567 1
14568 2
14569 0
14570 1
14571 2
14572 1
14573 0
14574 2
14575 0
14576 2
14577 3
14578 0
14579 1
14580 2
14581 0
14582 2
14583 1
14584 0
14585 2
14586 1
14587 0
14588 1
14589 0
14590 1
14591 2
14592 0
14593 2
14594 0
14595 2
14596 1
14597 2
14598 1
14599 0
14600 3
14601 0
14602 1
14603 2
14604 0
14605 1
14606 0
14607 2
14608 1
14609 2
14610 1
14611 0
14612 1
14613 0
14614 1
14615 2
14616 3
14617 0
14618 1
14619 0
14620 2
14621 0
14622 2
14623 0
14624 2
14625 1
14626 0
14627 2
14628 0
14629 2
14630 0
14631 1
14632 0
14633 1
14634 0
14635 1
14636 2
14637 0
14638 1
14639 3
14640 0
14641 2
14642 1
14643 2
14644 0
14645 1
14646 0
14647 1
14648 2
14649 0
14650 1
14651 0
14652 1
14653 2
14654 0
14655 2
14656 1
14657 0
14658 1
14659 0
14660 1
14661 2
14662 1
14663 0
14664 2
14665 1
14666 0
14667 2
14668 0
14669 1
14670 0
14671 1
14672 0
14673 2
14674 0
14675 1
14676 0
14677 2
14678 1
14679 0
14680 1
14681 0
14682 2
14683 1
14684 2
14685 0
14686 1
14687 2
14688 1
14689 2
14690 0
14691 1
14692 2
14693 1
14694 2
14695 1
14696 0
14697 2
14698 0
14699 1
14700 0
14701 3
14702 2
14703 1
14704 0
14705 2
14706 1
14707 0
14708 2
14709 1
14710 0
14711 1
14712 0
14713 2
14714 1
14715 0
14716 1
14717 0
14718 1
14719 0
14720 1
14721 0
14722 1
14723 0
14724 1
14725 0
14726 1
14727 3
14728 2
14729 1
14730 2
14731 0
14732 1
14733 2
14734 0
14735 1
14736 0
14737 1
14738 0
14739 1
14740 0
14741 2
14742 1
14743 2
14744 0
14745 2
14746 1
14747 0
14748 1
14749 2
14750 3
14751 1
14752 0
14753 1
14754 2
14755 0
14756 1
14757 2
14758 0
14759 2
14760 1
14761 2
14762 0
14763 1
14764 0
14765 1
14766 0
14767 2
14768 1
14769 0
14770 2
14771 1
14772 3
14773 1
14774 0
14775 1
14776 0
14777 2
14778 0
14779 1
14780 0
14781 1
14782 2
14783 1
14784 0
14785 1
14786 2
14787 0
14788 1
14789 2
14790 0
14791 2
14792 0
14793 1
14794 2
14795 1
14796 3
14797 0
14798 1
14799 2
14800 1
14801 2
14802 0
14803 2
14804 3
14805 1
14806 0
14807 2
14808 1
14809 0
14810 2
14811 1
14812 2
14813 3
14814 1
14815 2
14816 0
14817 1
14818 0
14819 2
14820 0
14821 1
14822 0
14823 2
14824 1
14825 2
14826 0
14827 1
14828 2
14829 1
14830 0
14831 1
14832 0
14833 1
14834 0
14835 1
14836 0
14837 1
14838 2
14839 0
14840 1
14841 0
14842 1
14843 2
14844 0
14845 1
14846 2
14847 0
14848 2
14849 1
14850 2
14851 0
14852 1
14853 0
14854 1
14855 0
14856 1
14857 2
14858 1
14859 2
14860 1
14861 0
14862 1
14863 2
14864 0
14865 2
14866 1
14867 2
14868 0
14869 1
14870 2
14871 1
14872 0
14873 3
14874 2
14875 1
14876 0
14877 2
14878 1
14879 0
14880 1
14881 0
14882 3
14883 0
14884 2
14885 1
14886 2
14887 1
14888 0
14889 2
14890 3
14891 0
14892 2
14893 0
14894 2
14895 0
14896 1
14897 0
14898 2
14899 1
14900 2
14901 0
14902 2
14903 0
14904 1
14905 2
14906 0
14907 1
14908 0
14909 2
14910 1
14911 0
14912 2
14913 1
14914 0
14915 2
14916 1
14917 0
14918 1
14919 2
14920 1
14921 0
14922 2
14923 1
14924 0
14925 3
14926 2
14927 0
14928 3
14929 1
14930 0
14931 2
14932 1
14933 0
14934 1
14935 0
14936 1
14937 0
14938 1
14939 0
14940 1
14941 0
14942 1
14943 2
14944 1
14945 2
14946 0
14947 1
14948 0
14949 1
14950 0
14951 2
14952 0
14953 2
14954 3
14955 1
14956 2
14957 3
14958 1
14959 0
14960 2
14961 1
14962 0
14963 1
14964 2
14965 1
14966 0
14967 1
14968 2
14969 0
14970 1
14971 0
14972 2
14973 0
14974 1
14975 2
14976 0
14977 1
14978 2
14979 1
14980 0
14981 1
14982 0
14983 2
14984 0
14985 1
14986 0
14987 1
14988 3
14989 0
14990 2
14991 0
14992 2
14993 1
14994 0
14995 2
14996 1
14997 0
14998 1
14999 2
15000 0
15001 1
15002 0
15003 1
15004 0
15005 1
15006 0
15007 1
15008 2
15009 0
15010 2
15011 0
15012 2
15013 0
15014 1
15015 0
15016 1
15017 0
15018 1
15019 0
15020 2
15021 1
15022 2
15023 0
15024 2
15025 0
15026 1
15027 2
15028 3
15029 1
15030 0
15031 1
15032 0
15033 1
15034 0
15035 1
15036 2
15037 1
15038 2
15039 0
15040 1
15041 3
15042 1
15043 2
15044 0
15045 2
15046 0
15047 2
15048 0
15049 1
15050 0
15051 1
15052 0
15053 1
15054 2
15055 1
15056 0
15057 1
15058 2
15059 0
15060 1
15061 0
15062 1
15063 3
15064 2
15065 1
15066 2
15067 0
15068 1
15069 2
15070 1
15071 2
15072 1
15073 0
15074 1
15075 2
15076 1
15077 0
15078 1
15079 0
15080 1
15081 2
15082 3
15083 1
15084 0
15085 1
15086 2
15087 1
15088 0
15089 1
15090 0
15091 1
15092 0
15093 2
15094 1
15095 2
15096 0
15097 2
15098 1
15099 0
15100 1
15101 0
15102 2
15103 1
15104 2
15105 0
15106 1
15107 2
15108 3
15109 0
15110 1
15111 0
15112 2
15113 1
15114 2
15115 1
15116 0
15117 2
15118 0
15119 1
15120 2
15121 0
15122 1
15123 0
15124 1
15125 0
15126 1
15127 0
15128 3
15129 1
15130 2
15131 0
15132 1
15133 2
15134 3
15135 1
15136 0
15137 1
15138 0
15139 1
15140 0
15141 1
15142 0
15143 2
15144 0
15145 1
15146 2
15147 0
15148 1
15149 0
15150 1
15151 0
15152 1
15153 0
15154 2
15155 1
15156 0
15157 1
15158 0
15159 2
15160 1
15161 2
15162 0
15163 2
15164 1
15165 2
15166 0
15167 2
15168 1
15169 2
15170 1
15171 0
15172 1
15173 0
15174 1
15175 0
15176 1
15177 2
15178 1
15179 0
15180 2
15181 0
15182 1
15183 0
15184 2
15185 1
15186 0
15187 2
15188 3
15189 0
15190 2
15191 1
15192 0
15193 1
15194 3
15195 1
15196 0
15197 1
15198 0
15199 1
15200 2
15201 1
15202 0
15203 1
15204 0
15205 1
15206 2
15207 0
15208 1
15209 2
15210 0
15211 2
15212 1
15213 0
15214 1
15215 2
15216 0
15217 2
15218 1
15219 0
15220 1
15221 2
15222 0
15223 1
15224 0
15225 1
15226 2
15227 1
15228 2
15229 1
15230 0
15231 2
15232 0
15233 2
15234 1
15235 2
15236 0
15237 1
15238 0
15239 3
15240 1
15241 0
15242 1
15243 0
15244 2
15245 1
15246 2
15247 0
15248 2
15249 1
15250 2
15251 3
15252 1
15253 2
15254 3
15255 1
15256 0
15257 1
15258 0
15259 2
15260 0
15261 1
15262 0
15263 2
15264 1
15265 2
15266 0
15267 1
15268 2
15269 0
15270 2
15271 0
15272 1
15273 0
15274 3
15275 1
15276 2
15277 0
15278 1
15279 2
15280 0
15281 1
15282 0
15283 1
15284 0
15285 3
15286 2
15287 3
15288 1
15289 2
15290 0
15291 1
15292 0
15293 1
15294 2
15295 3
15296 0
15297 2
15298 1
15299 0
15300 1
15301 0
15302 2
15303 1
15304 0
15305 1
15306 0
15307 2
15308 0
15309 1
15310 0
15311 1
15312 3
15313 2
15314 1
15315 0
15316 2
15317 0
15318 1
15319 2
15320 0
15321 3
15322 2
15323 0
15324 1
15325 0
15326 2
15327 1
15328 0
15329 1
15330 2
15331 0
15332 2
15333 1
15334 2
15335 1
15336 2
15337 0
15338 1
15339 2
15340 3
15341 1
15342 0
15343 2
15344 1
15345 3
15346 2
15347 0
15348 1
15349 2
15350 0
15351 1
15352 2
15353 0
15354 1
15355 2
15356 0
15357 1
15358 2
15359 0
15360 2
15361 0
15362 1
15363 0
15364 1
15365 0
15366 2
15367 1
15368 2
15369 3
15370 0
15371 1
15372 0
15373 2
15374 1
15375 0
15376 1
15377 0
15378 1
15379 2
15380 0
15381 2
15382 0
15383 1
15384 2
15385 1
15386 0
15387 2
15388 0
15389 1
15390 2
15391 0
15392 1
15393 0
15394 1
15395 0
15396 1
15397 0
15398 1
15399 3
15400 1
15401 2
15402 1
15403 2
15404 3
15405 1
15406 2
15407 1
15408 0
15409 2
15410 0
15411 1
15412 0
15413 1
15414 0
15415 2
15416 1
15417 3
15418 2
15419 1
15420 0
15421 1
15422 0
15423 1
15424 0
15425 2
15426 1
15427 3
15428 2
15429 0
15430 1
15431 0
15432 1
15433 2
15434 0
15435 1
15436 2
15437 1
15438 2
15439 1
15440 0
15441 2
15442 0
15443 1
15444 2
15445 0
15446 1
15447 0
15448 2
15449 1
15450 3
15451 0
15452 3
15453 0
15454 1
15455 2
15456 0
15457 2
15458 1
15459 0
15460 1
15461 0
15462 1
15463 0
15464 1
15465 0
15466 1
15467 2
15468 0
15469 2
15470 1
15471 0
15472 2
15473 1
15474 2
15475 1
15476 2
15477 3
15478 1
15479 0
15480 2
15481 1
15482 0
15483 2
15484 1
15485 2
15486 1
15487 2
15488 0
15489 2
15490 1
15491 3
15492 0
15493 2
15494 3
15495 0
15496 1
15497 2
15498 0
15499 1
15500 2
15501 0
15502 1
15503 2
15504 0
15505 1
15506 2
15507 0
15508 1
15509 0
15510 1
15511 2
15512 0
15513 1
15514 0
15515 1
15516 2
15517 0
15518 3
15519 0
15520 2
15521 1
15522 0
15523 2
15524 1
15525 0
15526 2
15527 0
15528 1
15529 3
15530 2
15531 3
15532 0
15533 2
15534 0
15535 1
15536 0
15537 1
15538 2
15539 0
15540 2
15541 1
15542 0
15543 1
15544 0
15545 2
15546 0
15547 2
15548 1
15549 2
15550 3
15551 0
15552 1
15553 0
15554 1
15555 2
15556 1
15557 0
15558 1
15559 0
15560 1
15561 0
15562 2
15563 0
15564 2
15565 1
15566 2
15567 0
15568 1
15569 0
15570 2
15571 1
15572 0
15573 1
15574 0
15575 2
15576 0
15577 2
15578 1
15579 0
15580 2
15581 1
15582 0
15583 1
15584 2
15585 0
15586 1
15587 2
15588 1
15589 0
15590 2
15591 1
15592 0
15593 1
15594 0
15595 1
15596 0
15597 2
15598 0
15599 2
15600 1
15601 0
15602 1
15603 2
15604 0
15605 1
15606 2
15607 1
15608 2
15609 1
15610 2
15611 1
15612 2
15613 1
15614 2
15615 0
15616 1
15617 0
15618 1
15619 0
15620 1
15621 0
15622 2
15623 0
15624 1
15625 0
15626 2
15627 0
15628 1
15629 0
15630 1
15631 2
15632 0
15633 2
15634 1
15635 0
15636 2
15637 0
15638 1
15639 0
15640 2
15641 1
15642 2
15643 0
15644 1
15645 0
15646 2
15647 0
15648 1
15649 0
15650 1
15651 0
15652 2
15653 1
15654 2
15655 1
15656 2
15657 1
15658 0
15659 1
15660 0
15661 1
15662 0
15663 2
15664 0
15665 1
15666 2
15667 0
15668 1
15669 0
15670 2
15671 0
15672 2
15673 0
15674 1
15675 2
15676 1
15677 0
15678 1
15679 0
15680 1
15681 2
15682 0
15683 2
15684 0
15685 2
15686 0
15687 1
15688 0
15689 1
15690 0
15691 1
15692 2
15693 0
15694 1
15695 2
15696 0
15697 2
15698 1
15699 0
15700 2
15701 1
15702 2
15703 0
15704 2
15705 0
15706 1
15707 0
15708 1
15709 0
15710 2
15711 1
15712 0
15713 2
15714 0
15715 2
15716 1
15717 2
15718 0
15719 2
15720 1
15721 0
15722 1
15723 0
15724 1
15725 2
15726 0
15727 1
15728 2
15729 1
15730 0
15731 2
15732 1
15733 2
15734 3
15735 0
15736 1
15737 2
15738 0
15739 2
15740 1
15741 0
15742 1
15743 2
15744 0
15745 2
15746 1
15747 0
15748 1
15749 2
15750 0
15751 2
15752 0
15753 1
15754 2
15755 0
15756 1
15757 2
15758 0
15759 1
15760 2
15761 0
15762 2
15763 0
15764 1
15765 2
15766 1
15767 2
15768 0
15769 2
15770 0
15771 2
15772 3
15773 1
15774 2
15775 1
15776 0
15777 1
15778 0
15779 3
15780 1
15781 0
15782 1
15783 0
15784 2
15785 0
15786 1
15787 2
15788 0
15789 1
15790 2
15791 1
15792 2
15793 1
15794 2
15795 0
15796 2
15797 3
15798 0
15799 1
15800 2
15801 0
15802 2
15803 0
15804 1
15805 2
15806 0
15807 1
15808 2
15809 1
15810 0
15811 1
15812 0
15813 2
15814 0
15815 3
15816 2
15817 1
15818 3
15819 2
15820 1
15821 2
15822 0
15823 2
15824 1
15825 0
15826 2
15827 1
15828 2
15829 0
15830 3
15831 0
15832 2
15833 0
15834 1
15835 0
15836 2
15837 0
15838 2
15839 1
15840 3
15841 0
15842 1
15843 2
15844 0
15845 1
15846 2
15847 0
15848 1
15849 2
15850 0
15851 1
15852 0
15853 2
15854 1
15855 2
15856 0
15857 2
15858 1
15859 2
15860 0
15861 2
15862 1
15863 2
15864 1
15865 0
15866 1
15867 2
15868 0
15869 1
15870 3
15871 2
15872 0
15873 1
15874 0
15875 1
15876 0
15877 2
15878 0
15879 2
15880 0
15881 2
15882 1
15883 0
15884 3
15885 2
15886 1
15887 0
15888 3
15889 0
15890 1
15891 0
15892 1
15893 0
15894 2
15895 0
15896 2
15897 1
15898 0
15899 1
15900 0
15901 2
15902 1
15903 2
15904 1
15905 0
15906 1
15907 2
15908 0
15909 2
15910 1
15911 2
15912 1
15913 2
15914 0
15915 1
15916 0
15917 2
15918 1
15919 2
15920 3
15921 1
15922 0
15923 1
15924 0
15925 1
15926 2
15927 1
15928 0
15929 2
15930 0
15931 1
15932 0
15933 1
15934 2
15935 0
15936 2
15937 1
15938 0
15939 1
15940 0
15941 1
15942 0
15943 1
15944 0
15945 1
15946 0
15947 2
15948 0
15949 1
15950 2
15951 0
15952 1
15953 2
15954 1
15955 2
15956 0
15957 2
15958 0
15959 1
15960 2
15961 0
15962 2
15963 0
15964 1
15965 0
15966 3
15967 1
15968 0
15969 1
15970 0
15971 2
15972 1
15973 0
15974 2
15975 1
15976 0
15977 1
15978 0
15979 2
15980 1
15981 2
15982 0
15983 2
15984 1
15985 2
15986 0
15987 1
15988 0
15989 1
15990 0
15991 1
15992 0
15993 2
15994 1
15995 2
15996 1
15997 0
15998 1
15999 2
16000 1
16001 0
16002 1
16003 2
16004 0
16005 2
16006 1
16007 2
16008 0
16009 1
16010 0
16011 1
16012 0
16013 2
16014 1
16015 2
16016 0
16017 2
16018 1
16019 3
16020 0
16021 1
16022 3
16023 1
16024 0
16025 2
16026 1
16027 0
16028 1
16029 2
16030 1
16031 0
16032 1
16033 2
16034 1
16035 2
16036 0
16037 2
16038 1
16039 0
16040 2
16041 0
16042 3
16043 0
16044 1
16045 2
16046 1
16047 0
16048 1
16049 0
16050 1
16051 2
16052 3
16053 1
16054 0
16055 1
16056 2
16057 3
16058 0
16059 3
16060 1
16061 2
16062 1
16063 3
16064 0
16065 1
16066 0
16067 2
16068 1
16069 0
16070 1
16071 0
16072 2
16073 0
16074 2
16075 1
16076 0
16077 2
16078 1
16079 0
16080 1
16081 0
16082 1
16083 0
16084 1
16085 0
16086 1
16087 0
16088 2
16089 0
16090 2
16091 3
16092 1
16093 2
16094 3
16095 0
16096 1
16097 2
16098 1
16099 2
16100 0
16101 1
16102 2
16103 0
16104 1
16105 0
16106 1
16107 3
16108 2
16109 0
16110 1
16111 0
16112 1
16113 0
16114 2
16115 0
16116 1
16117 2
16118 1
16119 0
16120 1
16121 2
16122 1
16123 2
16124 0
16125 3
16126 2
16127 1
16128 0
16129 2
16130 1
16131 0
16132 1
16133 0
16134 1
16135 0
16136 2
16137 0
16138 2
16139 1
16140 0
16141 1
16142 0
16143 1
16144 0
16145 3
16146 2
16147 0
16148 1
16149 0
16150 1
16151 2
16152 0
16153 1
16154 0
16155 2
16156 1
16157 2
16158 1
16159 2
16160 0
16161 2
16162 1
16163 0
16164 2
16165 1
16166 2
16167 1
16168 0
16169 1
16170 0
16171 1
16172 2
16173 1
16174 0
16175 1
16176 0
16177 2
16178 1
16179 3
16180 2
16181 1
16182 0
16183 1
16184 2
16185 1
16186 0
16187 2
16188 1
16189 2
16190 1
16191 2
16192 0
16193 2
16194 1
16195 3
16196 2
16197 0
16198 2
16199 1
16200 3
16201 0
16202 1
16203 2
16204 0
16205 1
16206 2
16207 0
16208 2
16209 1
16210 2
16211 1
16212 2
16213 0
16214 2
16215 0
16216 1
16217 3
16218 2
16219 1
16220 0
16221 1
16222 2
16223 1
16224 0
16225 2
16226 0
16227 1
16228 0
16229 2
16230 0
16231 1
16232 0
16233 2
16234 0
16235 2
16236 1
16237 2
16238 1
16239 0
16240 1
16241 0
16242 1
16243 0
16244 1
16245 2
16246 0
16247 1
16248 0
16249 2
16250 1
16251 0
16252 2
16253 1
16254 2
16255 0
16256 1
16257 2
16258 0
16259 1
16260 0
16261 1
16262 0
16263 2
16264 0
16265 1
16266 3
16267 0
16268 1
16269 2
16270 3
16271 1
16272 0
16273 1
16274 3
16275 2
16276 0
16277 2
16278 0
16279 1
16280 0
16281 2
16282 1
16283 0
16284 1
16285 2
16286 1
16287 0
16288 1
16289 2
16290 0
16291 1
16292 2
16293 0
16294 2
16295 0
16296 2
16297 3
16298 1
16299 2
16300 0
16301 1
16302 2
16303 3
16304 0
16305 2
16306 1
16307 0
16308 1
16309 0
16310 2
16311 1
16312 2
16313 3
16314 1
16315 2
16316 1
16317 0
16318 1
16319 2
16320 0
16321 1
16322 0
16323 2
16324 0
16325 1
16326 2
16327 0
16328 1
16329 2
16330 0
16331 1
16332 0
16333 2
16334 1
16335 0
16336 2
16337 0
16338 2
16339 1
16340 0
16341 1
16342 0
16343 2
16344 3
16345 0
16346 1
16347 2
16348 3
16349 1
16350 0
16351 2
16352 0
16353 1
16354 2
16355 1
16356 2
16357 0
16358 1
16359 0
16360 1
16361 0
16362 1
16363 0
16364 1
16365 0
16366 1
16367 2
16368 1
16369 0
16370 3
16371 2
16372 1
16373 0
16374 1
16375 2
16376 1
16377 2
16378 0
16379 1
16380 0
16381 1
16382 0
16383 1
16384 2
16385 1
16386 0
16387 1
16388 0
16389 1
16390 0
16391 2
16392 0
16393 2
16394 0
16395 1
16396 2
16397 0
16398 1
16399 2
16400 0
16401 1
16402 2
16403 1
16404 0
16405 1
16406 0
16407 1
16408 0
16409 2
16410 0
16411 2
16412 1
16413 0
16414 1
16415 0
16416 2
16417 1
16418 2
16419 0
16420 2
16421 1
16422 0
16423 1
16424 0
16425 2
16426 1
16427 0
16428 2
16429 1
16430 0
16431 1
16432 2
16433 0
16434 1
16435 0
16436 2
16437 0
16438 1
16439 2
16440 0
16441 1
16442 0
16443 1
16444 0
16445 2
16446 1
16447 0
16448 1
16449 0
16450 1
16451 0
16452 1
16453 3
16454 0
16455 1
16456 2
16457 0
16458 2
16459 0
16460 1
16461 2
16462 0
16463 1
16464 2
16465 0
16466 3
16467 1
16468 0
16469 2
16470 1
16471 2
16472 0
16473 2
16474 0
16475 1
16476 0
16477 1
16478 2
16479 1
16480 2
16481 1
16482 2
16483 1
16484 3
16485 2
16486 1
16487 2
16488 0
16489 1
16490 0
16491 2
16492 1
16493 0
16494 1
16495 2
16496 0
16497 2
16498 1
16499 2
16500 0
16501 1
16502 0
16503 3
16504 0
16505 2
16506 1
16507 2
16508 3
16509 0
16510 1
16511 3
16512 1
16513 0
16514 1
16515 2
16516 1
16517 0
16518 1
16519 0
16520 1
16521 0
16522 1
16523 0
16524 1
16525 0
16526 2
16527 0
16528 1
16529 2
16530 0
16531 1
16532 2
16533 0
16534 1
16535 2
16536 0
16537 1
16538 2
16539 0
16540 1
16541 0
16542 1
16543 0
16544 1
16545 0
16546 1
16547 0
16548 2
16549 1
16550 2
16551 0
16552 2
16553 0
16554 1
16555 3
16556 2
16557 0
16558 2
16559 0
16560 1
16561 0
16562 1
16563 0
16564 1
16565 0
16566 2
16567 1
16568 0
16569 1
16570 2
16571 0
16572 1
16573 2
16574 1
16575 0
16576 2
16577 1
16578 0
16579 1
16580 2
16581 1
16582 2
16583 0
16584 1
16585 0
16586 2
16587 1
16588 0
16589 2
16590 1
16591 2
16592 0
16593 1
16594 2
16595 0
16596 2
16597 1
16598 0
16599 1
16600 0
16601 2
16602 1
16603 0
16604 2
16605 1
16606 0
16607 1
16608 0
16609 2
16610 1
16611 0
16612 2
16613 0
16614 3
16615 2
16616 0
16617 1
16618 2
16619 0
16620 1
16621 0
16622 2
16623 1
16624 0
16625 2
16626 1
16627 0
16628 1
16629 0
16630 1
16631 0
16632 1
16633 2
16634 0
16635 3
16636 1
16637 0
16638 2
16639 0
16640 2
16641 1
16642 0
16643 1
16644 3
16645 0
16646 2
16647 1
16648 2
16649 0
16650 2
16651 0
16652 1
16653 2
16654 0
16655 1
16656 0
16657 1
16658 2
16659 0
16660 1
16661 0
16662 1
16663 2
16664 0
16665 2
16666 1
16667 0
16668 2
16669 0
16670 2
16671 1
16672 0
16673 1
16674 2
16675 1
16676 0
16677 1
16678 2
16679 1
16680 0
16681 2
16682 0
16683 3
16684 1
16685 3
16686 2
16687 0
16688 2
16689 0
16690 1
16691 2
16692 3
16693 1
16694 2
16695 1
16696 0
16697 1
16698 0
16699 2
16700 0
16701 1
16702 0
16703 1
16704 2
16705 1
16706 2
16707 0
16708 1
16709 2
16710 3
16711 0
16712 1
16713 2
16714 1
16715 0
16716 2
16717 3
16718 1
16719 0
16720 1
16721 0
16722 1
16723 2
16724 0
16725 1
16726 2
16727 3
16728 0
16729 1
16730 0
16731 2
16732 1
16733 2
16734 0
16735 2
16736 1
16737 0
16738 2
16739 1
16740 2
16741 0
16742 1
16743 2
16744 1
16745 2
16746 0
16747 1
16748 2
16749 0
16750 1
16751 2
16752 0
16753 1
16754 0
16755 2
16756 3
16757 0
16758 2
16759 1
16760 2
16761 0
16762 1
16763 2
16764 0
16765 1
16766 2
16767 1
16768 0
16769 3
16770 2
16771 0
16772 3
16773 0
16774 2
16775 1
16776 0
16777 1
16778 0
16779 1
16780 2
16781 1
16782 0
16783 1
16784 2
16785 1
16786 2
16787 1
16788 0
16789 2
16790 0
16791 2
16792 3
16793 0
16794 1
16795 2
16796 0
16797 1
16798 0
16799 1
16800 2
16801 0
16802 1
16803 2
16804 0
16805 2
16806 1
16807 0
16808 2
16809 1
16810 2
16811 0
16812 1
16813 0
16814 1
16815 0
16816 2
16817 0
16818 1
16819 0
16820 2
16821 3
16822 0
16823 2
16824 1
16825 2
16826 1
16827 2
16828 0
16829 1
16830 0
16831 1
16832 2
16833 0
16834 1
16835 0
16836 1
16837 0
16838 2
16839 1
16840 2
16841 1
16842 2
16843 0
16844 1
16845 0
16846 1
16847 2
16848 1
16849 2
16850 0
16851 1
16852 0
16853 2
16854 3
16855 1
16856 2
16857 0
16858 2
16859 1
16860 0
16861 1
16862 0
16863 1
16864 2
16865 0
16866 1
16867 0
16868 2
16869 0
16870 3
16871 1
16872 0
16873 1
16874 0
16875 2
16876 3
16877 2
16878 1
16879 0
16880 1
16881 0
16882 2
16883 3
16884 1
16885 2
16886 1
16887 3
16888 1
16889 0
16890 2
16891 1
16892 0
16893 3
16894 0
16895 1
16896 2
16897 1
16898 3
16899 1
16900 0
16901 2
16902 1
16903 0
16904 2
16905 1
16906 3
16907 0
16908 1
16909 0
16910 1
16911 2
16912 0
16913 1
16914 2
16915 1
16916 3
16917 0
16918 1
16919 0
16920 1
16921 3
16922 2
16923 0
16924 1
16925 2
16926 1
16927 0
16928 1
16929 2
16930 0
16931 2
16932 1
16933 2
16934 0
16935 1
16936 0
16937 1
16938 0
16939 2
16940 1
16941 3
16942 0
16943 1
16944 2
16945 0
16946 1
16947 0
16948 1
16949 0
16950 1
16951 0
16952 1
16953 2
16954 1
16955 0
16956 1
16957 0
16958 1
16959 2
16960 0
16961 1
16962 0
16963 1
16964 2
16965 0
16966 1
16967 2
16968 0
16969 2
16970 0
16971 2
16972 0
16973 1
16974 2
16975 0
16976 1
16977 2
16978 1
16979 0
16980 2
16981 0
16982 1
16983 2
16984 1
16985 0
16986 1
16987 2
16988 1
16989 2
16990 0
16991 2
16992 0
16993 1
16994 2
16995 1
16996 2
16997 1
16998 0
16999 1
17000 0
17001 1
17002 0
17003 2
17004 0
17005 1
17006 0
17007 1
17008 0
17009 1
17010 2
17011 0
17012 2
17013 0
17014 1
17015 2
17016 0
17017 1
17018 3
17019 0
17020 1
17021 0
17022 1
17023 0
17024 1
17025 2
17026 0
17027 2
17028 1
17029 0
17030 2
17031 1
17032 2
17033 1
17034 2
17035 0
17036 2
17037 1
17038 0
17039 1
17040 2
17041 1
17042 0
17043 1
17044 0
17045 1
17046 2
17047 1
17048 0
17049 3
17050 1
17051 2
17052 0
17053 1
17054 0
17055 1
17056 2
17057 1
17058 2
17059 0
17060 1
17061 2
17062 3
17063 1
17064 2
17065 0
17066 2
17067 0
17068 1
17069 2
17070 3
17071 0
17072 2
17073 1
17074 0
17075 1
17076 2
17077 0
17078 1
17079 0
17080 1
17081 2
17082 3
17083 0
17084 2
17085 1
17086 0
17087 2
17088 0
17089 3
17090 2
17091 3
17092 0
17093 2
17094 0
17095 1
17096 0
17097 1
17098 2
17099 0
17100 1
17101 0
17102 2
17103 1
17104 0
17105 1
17106 0
17107 2
17108 3
17109 1
17110 0
17111 1
17112 0
17113 1
17114 2
17115 3
17116 1
17117 2
17118 1
17119 0
17120 2
17121 1
17122 2
17123 0
17124 1
17125 0
17126 2
17127 1
17128 0
17129 2
17130 1
17131 3
17132 1
17133 0
17134 1
17135 0
17136 1
17137 3
17138 2
17139 0
17140 2
17141 1
17142 0
17143 1
17144 2
17145 1
17146 0
17147 1
17148 0
17149 1
17150 2
17151 0
17152 1
17153 2
17154 0
17155 1
17156 2
17157 1
17158 2
17159 1
17160 0
17161 1
17162 2
17163 3
17164 0
17165 1
17166 0
17167 1
17168 0
17169 2
17170 1
17171 0
17172 2
17173 1
17174 0
17175 1
17176 0
17177 1
17178 0
17179 1
17180 2
17181 1
17182 2
17183 0
17184 1
17185 0
17186 1
17187 2
17188 1
17189 0
17190 1
17191 2
17192 1
17193 0
17194 1
17195 2
17196 1
17197 2
17198 1
17199 2
17200 0
17201 2
17202 1
17203 0
17204 2
17205 0
17206 1
17207 2
17208 0
17209 3
17210 1
17211 3
17212 0
17213 2
17214 1
17215 2
17216 1
17217 0
17218 2
17219 1
17220 0
17221 1
17222 0
17223 2
17224 0
17225 1
17226 0
17227 2
17228 1
17229 2
17230 1
17231 0
17232 2
17233 1
17234 2
17235 0
17236 1
17237 0
17238 2
17239 0
17240 2
17241 0
17242 2
17243 1
17244 2
17245 1
17246 0
17247 2
17248 1
17249 0
17250 1
17251 0
17252 1
17253 3
17254 2
17255 0
17256 1
17257 0
17258 2
17259 0
17260 1
17261 2
17262 0
17263 2
17264 1
17265 0
17266 1
17267 0
17268 1
17269 0
17270 1
17271 0
17272 1
17273 2
17274 3
17275 0
17276 2
17277 1
17278 2
17279 0
17280 1
17281 2
17282 1
17283 2
17284 0
17285 1
17286 2
17287 0
17288 1
17289 0
17290 1
17291 2
17292 0
17293 2
17294 0
17295 1
17296 0
17297 1
17298 2
17299 0
17300 1
17301 0
17302 1
17303 0
17304 2
17305 1
17306 0
17307 2
17308 3
17309 1
17310 2
17311 0
17312 1
17313 0
17314 2
17315 1
17316 0
17317 2
17318 1
17319 0
17320 1
17321 2
17322 0
17323 2
17324 0
17325 2
17326 1
17327 2
17328 0
17329 1
17330 0
17331 3
17332 1
17333 2
17334 1
17335 0
17336 1
17337 2
17338 0
17339 1
17340 3
17341 0
17342 1
17343 0
17344 1
17345 0
17346 1
17347 0
17348 2
17349 1
17350 0
17351 1
17352 0
17353 1
17354 2
17355 0
17356 1
17357 0
17358 2
17359 0
17360 1
17361 2
17362 0
17363 1
17364 0
17365 1
17366 0
17367 1
17368 0
17369 1
17370 2
17371 0
17372 3
17373 0
17374 2
17375 1
17376 2
17377 0
17378 2
17379 0
17380 1
17381 2
17382 0
17383 2
17384 1
17385 2
17386 0
17387 1
17388 2
17389 1
17390 2
17391 0
17392 2
17393 1
17394 2
17395 0
17396 1
17397 2
17398 3
17399 1
17400 0
17401 1
17402 0
17403 1
17404 2
17405 0
17406 2
17407 0
17408 1
17409 3
17410 2
17411 1
17412 0
17413 1
17414 0
17415 1
17416 2
17417 3
17418 0
17419 1
17420 0
17421 2
17422 1
17423 2
17424 0
17425 1
17426 2
17427 3
17428 0
17429 1
17430 2
17431 0
17432 3
17433 0
17434 2
17435 0
17436 1
17437 2
17438 3
17439 0
17440 1
17441 2
17442 1
17443 0
17444 1
17445 0
17446 1
17447 2
17448 0
17449 2
17450 1
17451 0
17452 1
17453 2
17454 1
17455 0
17456 1
17457 2
17458 0
17459 2
17460 1
17461 0
17462 1
17463 0
17464 2
17465 0
17466 2
17467 1
17468 0
17469 2
17470 0
17471 2
17472 3
17473 1
17474 0
17475 1
17476 0
17477 2
17478 0
17479 1
17480 2
17481 0
17482 2
17483 0
17484 1
17485 0
17486 2
17487 1
17488 0
17489 2
17490 1
17491 0
17492 2
17493 1
17494 2
17495 1
17496 0
17497 2
17498 3
17499 2
17500 0
17501 1
17502 0
17503 2
17504 1
17505 3
17506 2
17507 3
17508 1
17509 2
17510 1
17511 0
17512 2
17513 1
17514 0
17515 1
17516 2
17517 0
17518 1
17519 0
17520 1
17521 0
17522 1
17523 2
17524 1
17525 2
17526 0
17527 2
17528 0
17529 2
17530 1
17531 0
17532 2
17533 1
17534 2
17535 0
17536 2
17537 1
17538 0
17539 2
17540 1
17541 0
17542 1
17543 0
17544 2
17545 1
17546 2
17547 0
17548 1
17549 0
17550 2
17551 0
17552 1
17553 2
17554 0
17555 2
17556 0
17557 2
17558 1
17559 0
17560 1
17561 0
17562 2
17563 0
17564 1
17565 0
17566 1
17567 2
17568 0
17569 1
17570 0
17571 1
17572 2
17573 1
17574 0
17575 2
17576 3
17577 1
17578 2
17579 1
17580 0
17581 2
17582 1
17583 2
17584 1
17585 0
17586 2
17587 1
17588 2
17589 0
17590 2
17591 1
17592 2
17593 0
17594 1
17595 0
17596 1
17597 2
17598 0
17599 3
17600 2
17601 1
17602 2
17603 1
17604 2
17605 0
17606 1
17607 2
17608 0
17609 1
17610 0
17611 1
17612 2
17613 1
17614 2
17615 1
17616 0
17617 2
17618 0
17619 1
17620 0
17621 2
17622 1
17623 0
17624 1
17625 2
17626 0
17627 1
17628 0
17629 2
17630 0
17631 1
17632 0
17633 2
17634 1
17635 0
17636 1
17637 0
17638 1
17639 2
17640 1
17641 0
17642 1
17643 2
17644 3
17645 1
17646 0
17647 1
17648 0
17649 2
17650 1
17651 0
17652 1
17653 2
17654 3
17655 0
17656 2
17657 1
17658 0
17659 2
17660 1
17661 3
17662 2
17663 0
17664 2
17665 1
17666 0
17667 1
17668 2
17669 1
17670 0
17671 3
17672 0
17673 1
17674 2
17675 0
17676 1
17677 0
17678 1
17679 0
17680 1
17681 0
17682 1
17683 0
17684 1
17685 0
17686 1
17687 0
17688 1
17689 0
17690 1
17691 2
17692 0
17693 1
17694 2
17695 0
17696 2
17697 1
17698 0
17699 2
17700 3
17701 0
17702 1
17703 0
17704 1
17705 0
17706 1
17707 2
17708 0
17709 1
17710 0
17711 1
17712 2
17713 0
17714 2
17715 1
17716 2
17717 1
17718 0
17719 2
17720 0
17721 2
17722 1
17723 0
17724 1
17725 2
17726 0
17727 2
17728 3
17729 1
17730 0
17731 1
17732 0
17733 1
17734 2
17735 0
17736 2
17737 1
17738 2
17739 0
17740 1
17741 2
17742 0
17743 2
17744 3
17745 1
17746 0
17747 2
17748 1
17749 2
17750 0
17751 2
17752 0
17753 2
17754 1
17755 0
17756 1
17757 2
17758 1
17759 3
17760 1
17761 2
17762 1
17763 0
17764 2
17765 1
17766 0
17767 1
17768 2
17769 0
17770 1
17771 2
17772 1
17773 0
17774 1
17775 2
17776 0
17777 2
17778 0
17779 1
17780 0
17781 1
17782 0
17783 2
17784 0
17785 2
17786 1
17787 2
17788 0
17789 3
17790 1
17791 0
17792 2
17793 1
17794 2
17795 1
17796 0
17797 2
17798 1
17799 2
17800 0
17801 2
17802 0
17803 1
17804 0
17805 1
17806 3
17807 2
17808 1
17809 0
17810 2
17811 3
17812 1
17813 0
17814 2
17815 1
17816 0
17817 1
17818 2
17819 0
17820 2
17821 1
17822 0
17823 2
17824 0
17825 1
17826 0
17827 1
17828 2
17829 0
17830 1
17831 0
17832 2
17833 1
17834 2
17835 0
17836 1
17837 0
17838 1
17839 0
17840 1
17841 0
17842 1
17843 0
17844 1
17845 0
17846 2
17847 0
17848 2
17849 1
17850 0
17851 1
17852 2
17853 0
17854 1
17855 2
17856 1
17857 0
17858 3
17859 1
17860 2
17861 0
17862 1
17863 2
17864 0
17865 2
17866 1
17867 0
17868 1
17869 0
17870 2
17871 0
17872 1
17873 2
17874 1
17875 0
17876 1
17877 2
17878 0
17879 2
17880 1
17881 0
17882 2
17883 1
17884 0
17885 1
17886 0
17887 1
17888 0
17889 1
17890 0
17891 2
17892 1
17893 0
17894 1
17895 0
17896 1
17897 0
17898 1
17899 0
17900 1
17901 0
17902 2
17903 1
17904 2
17905 0
17906 1
17907 2
17908 0
17909 1
17910 0
17911 2
17912 0
17913 2
17914 0
17915 2
17916 1
17917 2
17918 1
17919 0
17920 1
17921 2
17922 3
17923 1
17924 0
17925 2
17926 1
17927 2
17928 1
17929 2
17930 1
17931 2
17932 0
17933 1
17934 0
17935 1
17936 2
17937 3
17938 1
17939 0
17940 2
17941 1
17942 0
17943 1
17944 0
17945 1
17946 2
17947 3
17948 1
17949 0
17950 2
17951 1
17952 2
17953 1
17954 0
17955 1
17956 2
17957 1
17958 2
17959 1
17960 3
17961 1
17962 0
17963 1
17964 0
17965 2
17966 0
17967 1
17968 0
17969 1
17970 0
17971 2
17972 0
17973 1
17974 2
17975 1
17976 0
17977 1
17978 0
17979 2
17980 1
17981 2
17982 1
17983 0
17984 1
17985 2
17986 1
17987 2
17988 0
17989 1
17990 0
17991 1
17992 0
17993 1
17994 2
17995 1
17996 2
17997 1
17998 0
17999 2
18000 1
18001 0
18002 1
18003 0
18004 2
18005 1
18006 0
18007 1
18008 0
18009 2
18010 0
18011 1
18012 0
18013 1
18014 2
18015 0
18016 1
18017 0
18018 2
18019 1
18020 3
18021 1
18022 0
18023 2
18024 1
18025 0
18026 1
18027 0
18028 1
18029 2
18030 3
18031 1
18032 0
18033 2
18034 1
18035 0
18036 1
18037 0
18038 1
18039 2
18040 0
18041 1
18042 0
18043 1
18044 2
18045 1
18046 2
18047 0
18048 1
18049 2
18050 3
18051 1
18052 0
18053 2
18054 1
18055 2
18056 1
18057 0
18058 1
18059 0
18060 1
18061 0
18062 2
18063 1
18064 0
18065 2
18066 1
18067 2
18068 0
18069 2
18070 1
18071 3
18072 0
18073 1
18074 0
18075 1
18076 0
18077 1
18078 0
18079 1
18080 0
18081 1
18082 0
18083 1
18084 3
18085 0
18086 1
18087 0
18088 1
18089 0
18090 1
18091 0
18092 2
18093 1
18094 2
18095 3
18096 0
18097 3
18098 1
18099 0
18100 1
18101 2
18102 0
18103 1
18104 2
18105 3
18106 0
18107 2
18108 1
18109 0
18110 1
18111 0
18112 1
18113 0
18114 1
18115 0
18116 2
18117 1
18118 0
18119 1
18120 0
18121 3
18122 2
18123 1
18124 0
18125 1
18126 0
18127 1
18128 2
18129 0
18130 2
18131 0
18132 1
18133 2
18134 0
18135 2
18136 1
18137 0
18138 1
18139 2
18140 3
18141 1
18142 0
18143 2
18144 1
18145 0
18146 1
18147 2
18148 0
18149 2
18150 0
18151 1
18152 3
18153 1
18154 0
18155 2
18156 1
18157 2
18158 0
18159 1
18160 2
18161 1
18162 0
18163 1
18164 0
18165 1
18166 0
18167 1
18168 2
18169 0
18170 1
18171 2
18172 0
18173 1
18174 0
18175 2
18176 1
18177 2
18178 1
18179 2
18180 0
18181 1
18182 2
18183 1
18184 2
18185 0
18186 3
18187 0
18188 1
18189 2
18190 0
18191 2
18192 1
18193 0
18194 1
18195 2
18196 1
18197 2
18198 0
18199 1
18200 2
18201 0
18202 1
18203 2
18204 0
18205 2
18206 1
18207 0
18208 2
18209 1
18210 0
18211 1
18212 0
18213 1
18214 0
18215 1
18216 2
18217 0
18218 1
18219 0
18220 1
18221 2
18222 0
18223 1
18224 2
18225 0
18226 1
18227 2
18228 0
18229 1
18230 2
18231 0
18232 1
18233 0
18234 1
18235 0
18236 2
18237 0
18238 1
18239 0
18240 2
18241 1
18242 0
18243 1
18244 2
18245 3
18246 0
18247 1
18248 0
18249 2
18250 1
18251 2
18252 0
18253 1
18254 2
18255 1
18256 2
18257 1
18258 0
18259 2
18260 1
18261 2
18262 3
18263 0
18264 2
18265 0
18266 2
18267 1
18268 0
18269 1
18270 2
18271 0
18272 2
18273 1
18274 0
18275 2
18276 0
18277 1
18278 2
18279 1
18280 0
18281 1
18282 0
18283 2
18284 1
18285 2
18286 0
18287 1
18288 0
18289 2
18290 0
18291 1
18292 0
18293 1
18294 0
18295 2
18296 0
18297 2
18298 1
18299 2
18300 0
18301 1
18302 0
18303 2
18304 1
18305 0
18306 1
18307 2
18308 1
18309 0
18310 1
18311 0
18312 1
18313 0
18314 2
18315 1
18316 0
18317 1
18318 0
18319 2
18320 3
18321 1
18322 2
18323 0
18324 1
18325 0
18326 1
18327 2
18328 0
18329 1
18330 0
18331 1
18332 2
18333 1
18334 2
18335 0
18336 1
18337 0
18338 1
18339 0
18340 1
18341 3
18342 2
18343 3
18344 1
18345 2
18346 1
18347 0
18348 1
18349 2
18350 0
18351 1
18352 0
18353 1
18354 2
18355 1
18356 0
18357 3
18358 0
18359 3
18360 1
18361 2
18362 0
18363 1
18364 0
18365 2
18366 0
18367 1
18368 2
18369 1
18370 0
18371 2
18372 0
18373 2
18374 1
18375 0
18376 2
18377 1
18378 2
18379 0
18380 3
18381 1
18382 2
18383 0
18384 1
18385 0
18386 1
18387 0
18388 1
18389 2
18390 0
18391 1
18392 2
18393 0
18394 1
18395 2
18396 0
18397 1
18398 0
18399 2
18400 1
18401 0
18402 1
18403 2
18404 0
18405 1
18406 2
18407 3
18408 0
18409 2
18410 0
18411 2
18412 1
18413 0
18414 2
18415 0
18416 2
18417 0
18418 1
18419 0
18420 1
18421 0
18422 1
18423 2
18424 0
18425 1
18426 0
18427 1
18428 0
18429 1
18430 2
18431 0
18432 2
18433 0
18434 2
18435 0
18436 1
18437 0
18438 2
18439 1
18440 0
18441 1
18442 0
18443 2
18444 0
18445 1
18446 2
18447 0
18448 1
18449 2
18450 0
18451 2
18452 1
18453 2
18454 0
18455 1
18456 0
18457 2
18458 1
18459 0
18460 1
18461 0
18462 2
18463 1
18464 2
18465 1
18466 2
18467 0
18468 1
18469 2
18470 0
18471 1
18472 2
18473 0
18474 3
18475 1
18476 0
18477 2
18478 1
18479 2
18480 0
18481 1
18482 3
18483 2
18484 3
18485 2
18486 0
18487 2
18488 0
18489 2
18490 0
18491 1
18492 0
18493 2
18494 0
18495 2
18496 1
18497 0
18498 2
18499 3
18500 0
18501 1
18502 0
18503 2
18504 0
18505 1
18506 2
18507 1
18508 0
18509 1
18510 0
18511 1
18512 0
18513 1
18514 0
18515 2
18516 0
18517 1
18518 0
18519 1
18520 2
18521 1
18522 0
18523 3
18524 1
18525 0
18526 1
18527 2
18528 0
18529 1
18530 2
18531 0
18532 1
18533 2
18534 1
18535 2
18536 0
18537 1
18538 0
18539 1
18540 0
18541 1
18542 0
18543 1
18544 2
18545 0
18546 1
18547 2
18548 1
18549 0
18550 1
18551 0
18552 2
18553 1
18554 0
18555 2
18556 1
18557 2
18558 1
18559 2
18560 0
18561 1
18562 0
18563 1
18564 0
18565 2
18566 1
18567 0
18568 2
18569 1
18570 0
18571 2
18572 0
18573 2
18574 1
18575 0
18576 2
18577 1
18578 2
18579 0
18580 1
18581 0
18582 3
18583 2
18584 1
18585 0
18586 2
18587 1
18588 2
18589 0
18590 1
18591 2
18592 0
18593 1
18594 0
18595 1
18596 2
18597 1
18598 0
18599 1
18600 0
18601 1
18602 2
18603 1
18604 0
18605 1
18606 0
18607 2
18608 1
18609 0
18610 1
18611 0
18612 2
18613 0
18614 1
18615 0
18616 2
18617 1
18618 2
18619 1
18620 2
18621 1
18622 0
18623 1
18624 2
18625 3
18626 1
18627 2
18628 3
18629 1
18630 0
18631 2
18632 1
18633 0
18634 1
18635 2
18636 0
18637 1
18638 2
18639 0
18640 1
18641 2
18642 0
18643 1
18644 2
18645 0
18646 1
18647 3
18648 1
18649 0
18650 1
18651 2
18652 1
18653 3
18654 2
18655 1
18656 2
18657 1
18658 0
18659 2
18660 1
18661 2
18662 0
18663 2
18664 0
18665 2
18666 1
18667 0
18668 2
18669 3
18670 1
18671 0
18672 1
18673 2
18674 0
18675 1
18676 2
18677 1
18678 2
18679 0
18680 2
18681 1
18682 0
18683 1
18684 2
18685 0
18686 1
18687 0
18688 1
18689 2
18690 0
18691 1
18692 0
18693 1
18694 2
18695 0
18696 2
18697 1
18698 0
18699 1
18700 2
18701 0
18702 2
18703 1
18704 0
18705 2
18706 1
18707 0
18708 1
18709 0
18710 2
18711 1
18712 2
18713 0
18714 3
18715 0
18716 1
18717 2
18718 1
18719 0
18720 1
18721 0
18722 3
18723 0
18724 2
18725 1
18726 0
18727 2
18728 1
18729 0
18730 1
18731 0
18732 1
18733 2
18734 0
18735 1
18736 2
18737 1
18738 0
18739 1
18740 0
18741 2
18742 1
18743 0
18744 1
18745 2
18746 1
18747 0
18748 1
18749 0
18750 1
18751 0
18752 2
18753 0
18754 2
18755 0
18756 2
18757 1
18758 0
18759 2
18760 1
18761 0
18762 2
18763 1
18764 0
18765 1
18766 0
18767 3
18768 1
18769 3
18770 0
18771 1
18772 0
18773 1
18774 0
18775 1
18776 2
18777 1
18778 2
18779 0
18780 2
18781 0
18782 1
18783 3
18784 1
18785 2
18786 0
18787 2
18788 0
18789 2
18790 1
18791 2
18792 0
18793 2
18794 1
18795 0
18796 1
18797 0
18798 1
18799 2
18800 0
18801 1
18802 2
18803 0
18804 1
18805 0
18806 1
18807 0
18808 1
18809 0
18810 1
18811 2
18812 1
18813 0
18814 1
18815 0
18816 1
18817 0
18818 1
18819 2
18820 0
18821 1
18822 2
18823 0
18824 1
18825 2
18826 0
18827 1
18828 0
18829 1
18830 0
18831 1
18832 2
18833 0
18834 1
18835 0
18836 1
18837 2
18838 0
18839 1
18840 0
18841 1
18842 0
18843 1
18844 0
18845 2
18846 0
18847 1
18848 3
18849 2
18850 0
18851 2
18852 0
18853 2
18854 1
18855 0
18856 1
18857 2
18858 0
18859 1
18860 2
18861 0
18862 1
18863 0
18864 1
18865 2
18866 1
18867 0
18868 1
18869 0
18870 1
18871 0
18872 1
18873 0
18874 3
18875 1
18876 2
18877 0
18878 1
18879 0
18880 2
18881 1
18882 0
18883 1
18884 2
18885 0
18886 1
18887 2
18888 0
18889 1
18890 0
18891 1
18892 2
18893 0
18894 1
18895 0
18896 1
18897 2
18898 0
18899 2
18900 0
18901 1
18902 0
18903 1
18904 0
18905 1
18906 0
18907 1
18908 2
18909 0
18910 1
18911 3
18912 2
18913 0
18914 3
18915 2
18916 0
18917 1
18918 2
18919 0
18920 1
18921 2
18922 1
18923 0
18924 2
18925 1
18926 0
18927 2
18928 0
18929 1
18930 2
18931 0
18932 1
18933 0
18934 1
18935 0
18936 2
18937 1
18938 0
18939 2
18940 1
18941 0
18942 2
18943 0
18944 2
18945 0
18946 1
18947 2
18948 0
18949 1
18950 0
18951 2
18952 1
18953 0
18954 2
18955 0
18956 1
18957 2
18958 0
18959 1
18960 0
18961 1
18962 0
18963 2
18964 1
18965 0
18966 2
18967 1
18968 0
18969 2
18970 1
18971 2
18972 3
18973 1
18974 0
18975 3
18976 1
18977 2
18978 1
18979 2
18980 1
18981 3
18982 2
18983 0
18984 1
18985 0
18986 2
18987 1
18988 2
18989 0
18990 1
18991 2
18992 0
18993 1
18994 2
18995 1
18996 0
18997 2
18998 3
18999 1
19000 2
19001 0
19002 2
19003 1
19004 0
19005 1
19006 2
19007 0
19008 2
19009 1
19010 0
19011 2
19012 0
19013 1
19014 0
19015 1
19016 2
19017 1
19018 0
19019 1
19020 0
19021 1
19022 0
19023 1
19024 0
19025 1
19026 0
19027 2
19028 0
19029 1
19030 2
19031 3
19032 1
19033 0
19034 1
19035 2
19036 1
19037 0
19038 1
19039 0
19040 1
19041 2
19042 1
19043 0
19044 1
19045 0
19046 2
19047 1
19048 2
19049 0
19050 1
19051 0
19052 1
19053 2
19054 1
19055 0
19056 1
19057 0
19058 2
19059 1
19060 2
19061 1
19062 2
19063 1
19064 0
19065 1
19066 2
19067 1
19068 2
19069 3
19070 0
19071 1
19072 2
19073 0
19074 1
19075 2
19076 0
19077 2
19078 1
19079 0
19080 1
19081 0
19082 1
19083 2
19084 0
19085 1
19086 2
19087 0
19088 2
19089 0
19090 1
19091 0
19092 2
19093 0
19094 2
19095 0
19096 2
19097 1
19098 2
19099 0
19100 1
19101 0
19102 1
19103 0
19104 1
19105 0
19106 1
19107 0
19108 1
19109 2
19110 3
19111 0
19112 1
19113 0
19114 1
19115 0
19116 1
19117 0
19118 2
19119 0
19120 1
19121 2
19122 3
19123 1
19124 0
19125 1
19126 0
19127 2
19128 1
19129 3
19130 2
19131 3
19132 1
19133 0
19134 1
19135 0
19136 1
19137 0
19138 1
19139 0
19140 1
19141 0
19142 2
19143 1
19144 0
19145 2
19146 1
19147 2
19148 0
19149 1
19150 0
19151 2
19152 1
19153 0
19154 1
19155 0
19156 1
19157 2
19158 0
19159 1
19160 0
19161 2
19162 0
19163 2
19164 1
19165 0
19166 3
19167 2
19168 0
19169 1
19170 2
19171 3
19172 0
19173 1
19174 3
19175 0
19176 1
19177 2
19178 1
19179 0
19180 1
19181 0
19182 2
19183 0
19184 2
19185 0
19186 1
19187 2
19188 0
19189 2
19190 1
19191 2
19192 0
19193 2
19194 0
19195 1
19196 3
19197 0
19198 1
19199 0
19200 3
19201 2
19202 0
19203 1
19204 3
19205 2
19206 0
19207 1
19208 0
19209 2
19210 3
19211 0
19212 2
19213 1
19214 2
19215 0
19216 1
19217 0
19218 1
19219 2
19220 0
19221 2
19222 1
19223 0
19224 2
19225 1
19226 2
19227 0
19228 1
19229 2
19230 0
19231 1
19232 3
19233 2
19234 0
19235 1
19236 2
19237 1
19238 0
19239 1
19240 2
19241 0
19242 1
19243 2
19244 1
19245 2
19246 0
19247 1
19248 2
19249 1
19250 0
19251 1
19252 0
19253 2
19254 1
19255 2
19256 0
19257 2
19258 1
19259 0
19260 2
19261 1
19262 2
19263 0
19264 1
19265 0
19266 1
19267 0
19268 2
19269 1
19270 0
19271 1
19272 2
19273 0
19274 1
19275 2
19276 0
19277 1
19278 0
19279 2
19280 1
19281 0
19282 2
19283 0
19284 2
19285 1
19286 0
19287 1
19288 2
19289 3
19290 0
19291 1
19292 0
19293 1
19294 0
19295 2
19296 0
19297 2
19298 0
19299 2
19300 1
19301 0
19302 2
19303 0
19304 2
19305 1
19306 2
19307 0
19308 1
19309 0
19310 2
19311 0
19312 1
19313 2
19314 1
19315 2
19316 0
19317 1
19318 0
19319 3
19320 0
19321 2
19322 0
19323 2
19324 1
19325 0
19326 1
19327 0
19328 1
19329 0
19330 2
19331 1
19332 2
19333 1
19334 0
19335 1
19336 2
19337 1
19338 2
19339 0
19340 1
19341 0
19342 1
19343 2
19344 0
19345 1
19346 2
19347 0
19348 2
19349 3
19350 0
19351 3
19352 1
19353 0
19354 2
19355 1
19356 2
19357 1
19358 0
19359 1
19360 2
19361 0
19362 1
19363 0
19364 1
19365 0
19366 1
19367 0
19368 1
19369 0
19370 2
19371 1
19372 2
19373 0
19374 1
19375 0
19376 1
19377 0
19378 1
19379 0
19380 2
19381 1
19382 0
19383 1
19384 2
19385 0
19386 1
19387 2
19388 0
19389 1
19390 0
19391 1
19392 2
19393 1
19394 0
19395 2
19396 0
19397 1
19398 0
19399 1
19400 3
19401 1
19402 0
19403 1
19404 3
19405 0
19406 1
19407 2
19408 0
19409 1
19410 2
19411 0
19412 1
19413 2
19414 0
19415 2
19416 1
19417 3
19418 0
19419 1
19420 2
19421 0
19422 1
19423 0
19424 2
19425 1
19426 2
19427 0
19428 2
19429 0
19430 1
19431 0
19432 3
19433 1
19434 2
19435 1
19436 0
19437 1
19438 2
19439 0
19440 1
19441 0
19442 2
19443 0
19444 1
19445 2
19446 0
19447 1
19448 3
19449 2
19450 1
19451 2
19452 1
19453 2
19454 3
19455 1
19456 2
19457 0
19458 1
19459 0
19460 1
19461 0
19462 1
19463 2
19464 1
19465 0
19466 1
19467 0
19468 1
19469 0
19470 1
19471 0
19472 1
19473 0
19474 2
19475 1
19476 0
19477 2
19478 1
19479 0
19480 2
19481 1
19482 2
19483 1
19484 0
19485 2
19486 0
19487 1
19488 0
19489 2
19490 1
19491 0
19492 2
19493 1
19494 2
19495 1
19496 0
19497 1
19498 0
19499 1
19500 0
19501 2
19502 0
19503 2
19504 1
19505 2
19506 1
19507 3
19508 2
19509 1
19510 0
19511 2
19512 1
19513 3
19514 2
19515 1
19516 0
19517 1
19518 0
19519 1
19520 0
19521 1
19522 0
19523 2
19524 1
19525 2
19526 1
19527 0
19528 1
19529 2
19530 0
19531 2
19532 1
19533 0
19534 2
19535 0
19536 2
19537 1
19538 0
19539 1
19540 2
19541 0
19542 1
19543 2
19544 3
19545 0
19546 1
19547 0
19548 1
19549 2
19550 1
19551 0
19552 2
19553 0
19554 1
19555 2
19556 0
19557 2
19558 0
19559 2
19560 1
19561 2
19562 3
19563 0
19564 1
19565 3
19566 2
19567 1
19568 3
19569 0
19570 3
19571 1
19572 0
19573 1
19574 0
19575 2
19576 3
19577 1
19578 0
19579 1
19580 2
19581 0
19582 1
19583 0
19584 1
19585 2
19586 1
19587 0
19588 1
19589 2
19590 0
19591 1
19592 0
19593 2
19594 1
19595 2
19596 0
19597 1
19598 2
19599 1
19600 0
19601 1
19602 2
19603 0
19604 2
19605 1
19606 0
19607 2
19608 1
19609 0
19610 1
19611 0
19612 1
19613 2
19614 0
19615 2
19616 1
19617 0
19618 2
19619 0
19620 1
19621 2
19622 0
19623 1
19624 0
19625 1
19626 0
19627 1
19628 2
19629 1
19630 0
19631 2
19632 1
19633 0
19634 1
19635 2
19636 0
19637 2
19638 0
19639 1
19640 2
19641 3
19642 0
19643 2
19644 1
19645 2
19646 3
19647 1
19648 2
19649 0
19650 2
19651 1
19652 3
19653 2
19654 1
19655 0
19656 1
19657 0
19658 1
19659 2
19660 0
19661 1
19662 0
19663 2
19664 1
19665 2
19666 1
19667 0
19668 2
19669 1
19670 2
19671 0
19672 1
19673 0
19674 1
19675 0
19676 3
19677 1
19678 2
19679 3
19680 0
19681 1
19682 2
19683 0
19684 2
19685 1
19686 0
19687 2
19688 0
19689 2
19690 1
19691 2
19692 1
19693 0
19694 2
19695 1
19696 0
19697 1
19698 0
19699 1
19700 2
19701 0
19702 1
19703 0
19704 1
19705 0
19706 2
19707 1
19708 2
19709 0
19710 1
19711 0
19712 1
19713 0
19714 2
19715 0
19716 2
19717 1
19718 0
19719 2
19720 0
19721 2
19722 1
19723 0
19724 1
19725 2
19726 0
19727 2
19728 1
19729 2
19730 0
19731 2
19732 0
19733 2
19734 1
19735 0
19736 1
19737 0
19738 1
19739 2
19740 1
19741 2
19742 0
19743 2
19744 1
19745 2
19746 3
19747 1
19748 0
19749 2
19750 0
19751 2
19752 3
19753 1
19754 0
19755 1
19756 0
19757 2
19758 3
19759 1
19760 0
19761 1
19762 0
19763 1
19764 2
19765 0
19766 2
19767 0
19768 2
19769 1
19770 2
19771 1
19772 2
19773 0
19774 2
19775 0
19776 2
19777 1
19778 0
19779 3
19780 2
19781 3
19782 1
19783 0
19784 1
19785 2
19786 1
19787 2
19788 1
19789 2
19790 3
19791 0
19792 2
19793 3
19794 0
19795 1
19796 2
19797 1
19798 0
19799 2
19800 0
19801 2
19802 1
19803 0
19804 2
19805 0
19806 1
19807 2
19808 0
19809 1
19810 0
19811 1
19812 0
19813 1
19814 2
19815 1
19816 2
19817 3
19818 0
19819 1
19820 0
19821 1
19822 0
19823 2
19824 0
19825 2
19826 1
19827 0
19828 1
19829 0
19830 1
19831 2
19832 3
19833 1
19834 0
19835 2
19836 0
19837 1
19838 0
19839 1
19840 0
19841 1
19842 2
19843 1
19844 0
19845 1
19846 2
19847 1
19848 0
19849 1
19850 0
19851 1
19852 2
19853 1
19854 0
19855 2
19856 0
19857 1
19858 0
19859 2
19860 1
19861 0
19862 1
19863 2
19864 0
19865 1
19866 0
19867 1
19868 2
19869 1
19870 0
19871 1
19872 0
19873 1
19874 2
19875 1
19876 0
19877 1
19878 2
19879 1
19880 0
19881 2
19882 0
19883 1
19884 0
19885 2
19886 1
19887 2
19888 0
19889 2
19890 1
19891 0
19892 1
19893 2
19894 0
19895 1
19896 2
19897 1
19898 0
19899 1
19900 2
19901 0
19902 2
19903 1
19904 0
19905 1
19906 2
19907 0
19908 1
19909 0
19910 1
19911 0
19912 1
19913 0
19914 3
19915 1
19916 0
19917 1
19918 2
19919 0
19920 2
19921 0
19922 1
19923 0
19924 1
19925 0
19926 1
19927 2
19928 3
19929 1
19930 0
19931 1
19932 0
19933 2
19934 0
19935 1
19936 2
19937 0
19938 1
19939 0
19940 1
19941 0
19942 2
19943 1
19944 0
19945 2
19946 0
19947 2
19948 1
19949 0
19950 2
19951 0
19952 2
19953 1
19954 0
19955 2
19956 1
19957 2
19958 0
19959 1
19960 2
19961 0
19962 2
19963 1
19964 0
19965 1
19966 2
19967 0
19968 1
19969 0
19970 1
19971 0
19972 1
19973 2
19974 0
19975 2
19976 1
19977 0
19978 2
19979 1
19980 0
19981 2
19982 0
19983 2
19984 1
19985 0
19986 3
19987 1
19988 0
19989 2
19990 0
19991 2
19992 0
19993 1
19994 0
19995 2
19996 1
19997 0
19998 2
19999 1
20000 0
20001 1
20002 2
20003 0
20004 1
20005 2
20006 1
20007 0
20008 2
20009 0
20010 1
20011 2
20012 1
20013 0
20014 1
20015 2
20016 3
20017 1
20018 0
20019 2
20020 1
20021 0
20022 2
20023 0
20024 2
20025 1
20026 0
20027 1
20028 0
20029 1
20030 0
20031 1
20032 2
20033 0
20034 1
20035 2
20036 0
20037 2
20038 0
20039 2
20040 1
20041 0
20042 1
20043 0
20044 2
20045 1
20046 3
20047 2
20048 1
20049 0
20050 1
20051 2
20052 0
20053 2
20054 1
20055 0
20056 2
20057 0
20058 1
20059 0
20060 1
20061 0
20062 1
20063 2
20064 0
20065 1
20066 0
20067 1
20068 0
20069 1
20070 2
20071 1
20072 0
20073 2
20074 0
20075 2
20076 3
20077 0
20078 1
20079 0
20080 2
20081 3
20082 1
20083 0
20084 1
20085 2
20086 1
20087 2
20088 0
20089 1
20090 2
20091 0
20092 1
20093 2
20094 0
20095 2
20096 1
20097 2
20098 3
20099 2
20100 0
20101 1
20102 0
20103 1
20104 2
20105 1
20106 3
20107 0
20108 1
20109 0
20110 1
20111 2
20112 1
20113 2
20114 3
20115 0
20116 2
20117 1
20118 0
20119 1
20120 0
20121 2
20122 0
20123 2
20124 1
20125 0
20126 1
20127 2
20128 1
20129 3
20130 2
20131 1
20132 0
20133 1
20134 0
20135 1
20136 2
20137 1
20138 0
20139 1
20140 2
20141 3
20142 0
20143 1
20144 0
20145 2
20146 0
20147 1
20148 0
20149 2
20150 1
20151 2
20152 1
20153 2
20154 1
20155 0
20156 2
20157 1
20158 2
20159 0
20160 1
20161 3
20162 2
20163 1
20164 2
20165 1
20166 3
20167 0
20168 1
20169 2
20170 1
20171 0
20172 1
20173 2
20174 0
20175 1
20176 0
20177 1
20178 2
20179 0
20180 1
20181 2
20182 0
20183 1
20184 0
20185 1
20186 0
20187 2
20188 3
20189 1
20190 0
20191 2
20192 1
20193 0
20194 2
20195 3
20196 1
20197 3
20198 0
20199 2
20200 1
20201 0
20202 2
20203 0
20204 1
20205 2
20206 1
20207 0
20208 1
20209 0
20210 1
20211 2
20212 1
20213 3
20214 1
20215 0
20216 1
20217 0
20218 1
20219 0
20220 1
20221 0
20222 1
20223 2
20224 0
20225 1
20226 0
20227 1
20228 2
20229 0
20230 1
20231 0
20232 1
20233 2
20234 0
20235 1
20236 0
20237 2
20238 1
20239 2
20240 0
20241 1
20242 0
20243 2
20244 1
20245 0
20246 2
20247 1
20248 0
20249 2
20250 3
20251 1
20252 0
20253 2
20254 1
20255 0
20256 1
20257 0
20258 1
20259 2
20260 1
20261 2
20262 1
20263 2
20264 1
20265 2
20266 1
20267 2
20268 0
20269 1
20270 0
20271 2
20272 1
20273 0
20274 1
20275 2
20276 0
20277 1
20278 2
20279 3
20280 0
20281 2
20282 1
20283 2
20284 0
20285 1
20286 0
20287 2
20288 0
20289 1
20290 0
20291 2
20292 1
20293 2
20294 0
20295 2
20296 1
20297 2
20298 0
20299 2
20300 1
20301 0
20302 2
20303 1
20304 3
20305 2
20306 1
20307 0
20308 2
20309 0
20310 3
20311 2
20312 1
20313 2
20314 1
20315 2
20316 0
20317 1
20318 0
20319 1
20320 0
20321 1
20322 0
20323 2
20324 0
20325 1
20326 2
20327 0
20328 1
20329 2
20330 0
20331 1
20332 2
20333 0
20334 2
20335 1
20336 2
20337 0
20338 1
20339 0
20340 2
20341 0
20342 1
20343 2
20344 3
20345 1
20346 2
20347 0
20348 2
20349 0
20350 1
20351 2
20352 0
20353 1
20354 2
20355 0
20356 1
20357 2
20358 1
20359 0
20360 1
20361 2
20362 0
20363 1
20364 0
20365 1
20366 0
20367 2
20368 3
20369 1
20370 2
20371 0
20372 1
20373 0
20374 2
20375 0
20376 2
20377 1
20378 2
20379 3
20380 2
20381 0
20382 2
20383 1
20384 0
20385 2
20386 1
20387 0
20388 1
20389 2
20390 0
20391 2
20392 0
20393 3
20394 2
20395 0
20396 1
20397 0
20398 1
20399 0
20400 1
20401 0
20402 1
20403 0
20404 1
20405 3
20406 2
20407 3
20408 1
20409 2
20410 0
20411 1
20412 2
20413 0
20414 2
20415 1
20416 2
20417 0
20418 2
20419 1
20420 2
20421 0
20422 1
20423 0
20424 3
20425 2
20426 3
20427 1
20428 0
20429 1
20430 2
20431 0
20432 1
20433 0
20434 1
20435 0
20436 1
20437 0
20438 3
20439 1
20440 0
20441 1
20442 0
20443 1
20444 0
20445 1
20446 2
20447 0
20448 2
20449 0
20450 1
20451 0
20452 2
20453 1
20454 0
20455 2
20456 0
20457 2
20458 0
20459 1
20460 2
20461 3
20462 0
20463 2
20464 1
20465 2
20466 0
20467 2
20468 1
20469 2
20470 1
20471 0
20472 2
20473 1
20474 2
20475 0
20476 2
20477 1
20478 0
20479 2
20480 0
20481 2
20482 1
20483 0
20484 1
20485 0
20486 1
20487 0
20488 3
20489 2
20490 0
20491 1
20492 0
20493 2
20494 1
20495 2
20496 0
20497 1
20498 0
20499 1
20500 2
20501 1
20502 0
20503 2
20504 0
20505 3
20506 2
20507 1
20508 2
20509 0
20510 1
20511 0
20512 2
20513 0
20514 1
20515 0
20516 1
20517 0
20518 2
20519 0
20520 2
20521 1
20522 3
20523 2
20524 1
20525 0
20526 1
20527 2
20528 0
20529 2
20530 1
20531 0
20532 2
20533 0
20534 1
20535 2
20536 1
20537 2
20538 0
20539 2
20540 0
20541 3
20542 1
20543 2
20544 0
20545 1
20546 0
20547 1
20548 2
20549 1
20550 0
20551 2
20552 1
20553 2
20554 1
20555 2
20556 3
20557 1
20558 0
20559 2
20560 0
20561 2
20562 0
20563 2
20564 1
20565 2
20566 1
20567 2
20568 0
20569 2
20570 1
20571 0
20572 2
20573 1
20574 2
20575 0
20576 1
20577 0
20578 1
20579 2
20580 1
20581 0
20582 2
20583 0
20584 2
20585 1
20586 0
20587 1
20588 2
20589 0
20590 1
20591 0
20592 2
20593 1
20594 2
20595 0
20596 3
20597 1
20598 2
20599 0
20600 2
20601 1
20602 0
20603 1
20604 3
20605 1
20606 0
20607 1
20608 0
20609 1
20610 0
20611 1
20612 2
20613 1
20614 2
20615 0
20616 1
20617 2
20618 0
20619 2
20620 1
20621 0
20622 1
20623 0
20624 2
20625 1
20626 2
20627 1
20628 2
20629 0
20630 2
20631 1
20632 2
20633 1
20634 3
20635 1
20636 0
20637 1
20638 2
20639 0
20640 1
20641 0
20642 2
20643 0
20644 1
20645 2
20646 0
20647 1
20648 0
20649 2
20650 3
20651 1
20652 2
20653 0
20654 2
20655 1
20656 0
20657 2
20658 1
20659 2
20660 0
20661 1
20662 2
20663 0
20664 1
20665 0
20666 2
20667 1
20668 2
20669 0
20670 1
20671 0
20672 1
20673 2
20674 0
20675 3
20676 0
20677 2
20678 1
20679 0
20680 1
20681 2
20682 1
20683 0
20684 2
20685 1
20686 0
20687 1
20688 2
20689 1
20690 0
20691 1
20692 0
20693 1
20694 0
20695 1
20696 0
20697 2
20698 1
20699 0
20700 1
20701 2
20702 0
20703 1
20704 2
20705 1
20706 2
20707 1
20708 0
20709 2
20710 1
20711 0
20712 3
20713 0
20714 1
20715 2
20716 1
20717 0
20718 2
20719 0
20720 1
20721 2
20722 0
20723 1
20724 2
20725 0
20726 1
20727 2
20728 1
20729 0
20730 1
20731 2
20732 0
20733 3
20734 2
20735 3
20736 0
20737 2
20738 0
20739 1
20740 2
20741 0
20742 2
20743 1
20744 2
20745 0
20746 1
20747 0
20748 1
20749 0
20750 1
20751 2
20752 1
20753 0
20754 2
20755 1
20756 2
20757 0
20758 1
20759 0
20760 2
20761 1
20762 2
20763 0
20764 1
20765 2
20766 0
20767 2
20768 0
20769 2
20770 0
20771 1
20772 2
20773 0
20774 1
20775 2
20776 3
20777 1
20778 2
20779 1
20780 0
20781 1
20782 0
20783 2
20784 0
20785 2
20786 0
20787 1
20788 0
20789 1
20790 0
20791 2
20792 0
20793 1
20794 2
20795 0
20796 1
20797 2
20798 0
20799 2
20800 1
20801 0
20802 2
20803 1
20804 0
20805 1
20806 2
20807 1
20808 0
20809 3
20810 2
20811 1
20812 0
20813 1
20814 0
20815 2
20816 3
20817 0
20818 1
20819 2
20820 0
20821 1
20822 0
20823 1
20824 0
20825 1
20826 0
20827 2
20828 0
20829 2
20830 1
20831 0
20832 1
20833 0
20834 1
20835 2
20836 0
20837 1
20838 0
20839 1
20840 0
20841 1
20842 0
20843 1
20844 0
20845 2
20846 1
20847 0
20848 2
20849 0
20850 2
20851 0
20852 2
20853 0
20854 1
20855 2
20856 1
20857 2
20858 1
20859 0
20860 1
20861 0
20862 1
20863 2
20864 1
20865 0
20866 3
20867 0
20868 1
20869 2
20870 0
20871 1
20872 0
20873 1
20874 2
20875 0
20876 1
20877 2
20878 0
20879 1
20880 0
20881 2
20882 0
20883 2
20884 0
20885 1
20886 0
20887 2
20888 1
20889 0
20890 1
20891 2
20892 0
20893 1
20894 0
20895 2
20896 1
20897 2
20898 3
20899 1
20900 0
20901 2
20902 1
20903 2
20904 0
20905 1
20906 2
20907 0
20908 1
20909 2
20910 0
20911 2
20912 1
20913 2
20914 1
20915 0
20916 1
20917 2
20918 0
20919 1
20920 0
20921 1
20922 0
20923 1
20924 2
20925 0
20926 1
20927 0
20928 1
20929 2
20930 0
20931 1
20932 0
20933 1
20934 0
20935 1
20936 2
20937 3
20938 0
20939 1
20940 0
20941 1
20942 0
20943 1
20944 0
20945 1
20946 0
20947 1
20948 0
20949 2
20950 1
20951 0
20952 1
20953 0
20954 2
20955 1
20956 2
20957 0
20958 1
20959 3
20960 2
20961 1
20962 0
20963 1
20964 0
20965 1
20966 2
20967 0
20968 2
20969 1
20970 2
20971 0
20972 1
20973 0
20974 1
20975 2
20976 1
20977 0
20978 2
20979 0
20980 2
20981 1
20982 2
20983 1
20984 2
20985 0
20986 1
20987 0
20988 2
20989 1
20990 0
20991 1
20992 3
20993 0
20994 1
20995 3
20996 2
20997 1
20998 3
20999 2
21000 1
21001 3
21002 0
21003 1
21004 2
21005 1
21006 2
21007 0
21008 1
21009 2
21010 0
21011 1
21012 0
21013 2
21014 1
21015 2
21016 1
21017 0
21018 1
21019 2
21020 3
21021 1
21022 0
21023 1
21024 0
21025 2
21026 0
21027 2
21028 1
21029 0
21030 1
21031 2
21032 1
21033 2
21034 0
21035 1
21036 2
21037 0
21038 2
21039 1
21040 0
21041 1
21042 0
21043 2
21044 1
21045 0
21046 2
21047 1
21048 0
21049 1
21050 0
21051 1
21052 2
21053 1
21054 2
21055 0
21056 1
21057 2
21058 1
21059 0
21060 3
21061 2
21062 1
21063 0
21064 2
21065 0
21066 1
21067 2
21068 1
21069 0
21070 1
21071 2
21072 0
21073 2
21074 1
21075 0
21076 1
21077 2
21078 0
21079 1
21080 0
21081 2
21082 0
21083 2
21084 0
21085 2
21086 0
21087 2
21088 1
21089 0
21090 1
21091 0
21092 2
21093 0
21094 1
21095 0
21096 1
21097 0
21098 1
21099 0
21100 2
21101 0
21102 1
21103 0
21104 1
21105 0
21106 1
21107 0
21108 1
21109 2
21110 1
21111 2
21112 0
21113 1
21114 3
21115 0
21116 1
21117 3
21118 2
21119 0
21120 2
21121 0
21122 1
21123 2
21124 1
21125 3
21126 0
21127 2
21128 1
21129 0
21130 2
21131 1
21132 0
21133 3
21134 2
21135 0
21136 2
21137 0
21138 1
21139 2
21140 1
21141 0
21142 1
21143 2
21144 0
21145 1
21146 0
21147 2
21148 0
21149 1
21150 0
21151 1
21152 0
21153 1
21154 0
21155 1
21156 0
21157 1
21158 0
21159 1
21160 2
21161 3
21162 0
21163 1
21164 0
21165 1
21166 3
21167 1
21168 0
21169 3
21170 1
21171 0
21172 2
21173 1
21174 2
21175 0
21176 1
21177 0
21178 1
21179 0
21180 1
21181 2
21182 3
21183 1
21184 2
21185 1
21186 0
21187 1
21188 0
21189 2
21190 1
21191 0
21192 1
21193 0
21194 1
21195 0
21196 1
21197 0
21198 1
21199 0
21200 1
21201 2
21202 0
21203 3
21204 1
21205 2
21206 1
21207 0
21208 2
21209 1
21210 0
21211 2
21212 0
21213 1
21214 2
21215 0
21216 1
21217 0
21218 1
21219 0
21220 1
21221 0
21222 1
21223 0
21224 2
21225 1
21226 0
21227 1
21228 3
21229 0
21230 1
21231 0
21232 1
21233 2
21234 1
21235 0
21236 1
21237 2
21238 1
21239 3
21240 0
21241 1
21242 2
21243 0
21244 3
21245 1
21246 0
21247 2
21248 1
21249 2
21250 0
21251 2
21252 1
21253 2
21254 0
21255 1
21256 0
21257 2
21258 1
21259 2
21260 0
21261 2
21262 1
21263 2
21264 0
21265 1
21266 0
21267 1
21268 2
21269 0
21270 1
21271 0
21272 2
21273 1
21274 0
21275 1
21276 0
21277 1
21278 0
21279 1
21280 0
21281 2
21282 1
21283 2
21284 0
21285 1
21286 0
21287 2
21288 1
21289 3
21290 0
21291 2
21292 1
21293 2
21294 1
21295 0
21296 1
21297 0
21298 1
21299 2
21300 1
21301 0
21302 1
21303 2
21304 0
21305 1
21306 3
21307 0
21308 1
21309 0
21310 2
21311 1
21312 0
21313 2
21314 1
21315 0
21316 2
21317 1
21318 2
21319 1
21320 2
21321 0
21322 1
21323 0
21324 3
21325 1
21326 2
21327 1
21328 2
21329 1
21330 0
21331 2
21332 1
21333 0
21334 1
21335 0
21336 1
21337 0
21338 1
21339 0
21340 1
21341 0
21342 1
21343 0
21344 1
21345 2
21346 0
21347 2
21348 0
21349 1
21350 2
21351 0
21352 2
21353 0
21354 2
21355 0
21356 1
21357 2
21358 0
21359 2
21360 0
21361 1
21362 0
21363 1
21364 0
21365 1
21366 0
21367 1
21368 3
21369 0
21370 1
21371 0
21372 1
21373 2
21374 1
21375 0
21376 1
21377 0
21378 1
21379 0
21380 1
21381 0
21382 1
21383 2
21384 0
21385 1
21386 2
21387 0
21388 2
21389 0
21390 2
21391 1
21392 0
21393 1
21394 2
21395 3
21396 0
21397 1
21398 0
21399 3
21400 2
21401 0
21402 1
21403 0
21404 2
21405 1
21406 0
21407 2
21408 1
21409 0
21410 2
21411 1
21412 0
21413 2
21414 0
21415 1
21416 2
21417 3
21418 1
21419 3
21420 1
21421 0
21422 2
21423 1
21424 2
21425 0
21426 1
21427 3
21428 2
21429 1
21430 2
21431 0
21432 1
21433 0
21434 2
21435 1
21436 0
21437 2
21438 1
21439 0
21440 1
21441 0
21442 1
21443 3
21444 2
21445 3
21446 1
21447 2
21448 1
21449 0
21450 3
21451 1
21452 2
21453 1
21454 0
21455 1
21456 0
21457 2
21458 1
21459 0
21460 1
21461 0
21462 1
21463 2
21464 0
21465 1
21466 0
21467 1
21468 0
21469 1
21470 0
21471 2
21472 0
21473 1
21474 0
21475 3
21476 2
21477 1
21478 2
21479 3
21480 0
21481 2
21482 0
21483 1
21484 0
21485 3
21486 1
21487 2
21488 1
21489 2
21490 1
21491 0
21492 2
21493 1
21494 2
21495 0
21496 2
21497 0
21498 2
21499 1
21500 2
21501 1
21502 0
21503 2
21504 1
21505 2
21506 0
21507 1
21508 2
21509 1
21510 0
21511 1
21512 2
21513 1
21514 0
21515 2
21516 3
21517 1
21518 0
21519 2
21520 1
21521 2
21522 1
21523 0
21524 1
21525 0
21526 2
21527 0
21528 1
21529 0
21530 1
21531 0
21532 1
21533 2
21534 3
21535 2
21536 0
21537 2
21538 1
21539 2
21540 0
21541 2
21542 0
21543 1
21544 2
21545 1
21546 0
21547 1
21548 0
21549 1
21550 2
21551 0
21552 2
21553 1
21554 0
21555 1
21556 2
21557 1
21558 2
21559 0
21560 2
21561 3
21562 1
21563 0
21564 1
21565 0
21566 1
21567 0
21568 2
21569 1
21570 0
21571 1
21572 0
21573 1
21574 0
21575 1
21576 0
21577 1
21578 0
21579 2
21580 1
21581 3
21582 0
21583 1
21584 2
21585 0
21586 2
21587 0
21588 1
21589 0
21590 1
21591 2
21592 0
21593 1
21594 2
21595 0
21596 1
21597 0
21598 2
21599 1
21600 0
21601 1
21602 0
21603 1
21604 0
21605 1
21606 0
21607 2
21608 3
21609 1
21610 0
21611 1
21612 2
21613 0
21614 1
21615 2
21616 0
21617 1
21618 0
21619 1
21620 0
21621 1
21622 2
21623 1
21624 0
21625 1
21626 2
21627 0
21628 1
21629 0
21630 1
21631 0
21632 2
21633 1
21634 2
21635 3
21636 0
21637 2
21638 0
21639 1
21640 0
21641 2
21642 1
21643 2
21644 0
21645 1
21646 2
21647 1
21648 0
21649 1
21650 0
21651 2
21652 1
21653 3
21654 0
21655 1
21656 0
21657 1
21658 0
21659 1
21660 2
21661 0
21662 1
21663 0
21664 2
21665 1
21666 0
21667 1
21668 3
21669 0
21670 1
21671 2
21672 1
21673 0
21674 1
21675 2
21676 0
21677 1
21678 0
21679 2
21680 1
21681 2
21682 0
21683 2
21684 1
21685 2
21686 1
21687 0
21688 1
21689 0
21690 2
21691 0
21692 1
21693 0
21694 1
21695 0
21696 2
21697 0
21698 2
21699 0
21700 1
21701 3
21702 1
21703 0
21704 1
21705 2
21706 1
21707 0
21708 2
21709 1
21710 0
21711 3
21712 2
21713 1
21714 2
21715 0
21716 2
21717 1
21718 0
21719 1
21720 3
21721 2
21722 0
21723 1
21724 0
21725 3
21726 1
21727 0
21728 1
21729 0
21730 2
21731 1
21732 0
21733 1
21734 2
21735 0
21736 1
21737 2
21738 0
21739 2
21740 0
21741 2
21742 0
21743 1
21744 0
21745 1
21746 2
21747 0
21748 1
21749 2
21750 1
21751 2
21752 1
21753 0
21754 1
21755 2
21756 0
21757 2
21758 0
21759 1
21760 2
21761 0
21762 1
21763 0
21764 1
21765 0
21766 1
21767 0
21768 2
21769 0
21770 1
21771 0
21772 2
21773 0
21774 1
21775 0
21776 1
21777 0
21778 1
21779 3
21780 0
21781 2
21782 0
21783 3
21784 1
21785 0
21786 1
21787 2
21788 1
21789 0
21790 1
21791 0
21792 1
21793 0
21794 1
21795 0
21796 1
21797 0
21798 1
21799 3
21800 0
21801 1
21802 0
21803 1
21804 0
21805 1
21806 2
21807 1
21808 0
21809 2
21810 0
21811 2
21812 1
21813 0
21814 2
21815 0
21816 1
21817 0
21818 2
21819 1
21820 2
21821 0
21822 1
21823 0
21824 1
21825 0
21826 1
21827 2
21828 1
21829 0
21830 1
21831 0
21832 1
21833 2
21834 0
21835 2
21836 1
21837 2
21838 0
21839 2
21840 1
21841 0
21842 1
21843 0
21844 2
21845 1
21846 0
21847 2
21848 0
21849 1
21850 0
21851 1
21852 0
21853 2
21854 1
21855 2
21856 3
21857 0
21858 1
21859 2
21860 0
21861 1
21862 0
21863 1
21864 2
21865 0
21866 2
21867 0
21868 1
21869 2
21870 1
21871 3
21872 2
21873 0
21874 1
21875 0
21876 1
21877 2
21878 1
21879 0
21880 2
21881 0
21882 2
21883 3
21884 1
21885 0
21886 1
21887 0
21888 1
21889 2
21890 1
21891 2
21892 0
21893 2
21894 0
21895 1
21896 2
21897 0
21898 2
21899 0
21900 1
21901 2
21902 0
21903 1
21904 0
21905 1
21906 2
21907 0
21908 3
21909 1
21910 0
21911 2
21912 0
21913 1
21914 0
21915 1
21916 0
21917 1
21918 0
21919 2
21920 1
21921 2
21922 1
21923 0
21924 2
21925 3
21926 1
21927 0
21928 2
21929 1
21930 2
21931 0
21932 3
21933 1
21934 0
21935 1
21936 2
21937 1
21938 0
21939 1
21940 2
21941 0
21942 1
21943 2
21944 0
21945 1
21946 0
21947 2
21948 0
21949 1
21950 2
21951 0
21952 1
21953 0
21954 2
21955 1
21956 0
21957 2
21958 1
21959 2
21960 0
21961 1
21962 0
21963 2
21964 1
21965 0
21966 1
21967 2
21968 0
21969 2
21970 0
21971 1
21972 2
21973 0
21974 1
21975 0
21976 1
21977 0
21978 1
21979 2
21980 1
21981 0
21982 1
21983 0
21984 1
21985 2
21986 0
21987 2
21988 0
21989 1
21990 2
21991 1
21992 0
21993 1
21994 0
21995 2
21996 1
21997 2
21998 1
21999 0
22000 1
22001 0
22002 2
22003 3
22004 0
22005 1
22006 0
22007 2
22008 1
22009 2
22010 0
22011 1
22012 0
22013 1
22014 2
22015 1
22016 0
22017 1
22018 2
22019 1
22020 0
22021 2
22022 0
22023 1
22024 3
22025 1
22026 2
22027 3
22028 1
22029 2
22030 3
22031 0
22032 1
22033 0
22034 2
22035 1
22036 2
22037 0
22038 2
22039 0
22040 1
22041 2
22042 1
22043 0
22044 1
22045 2
22046 0
22047 1
22048 0
22049 2
22050 1
22051 2
22052 0
22053 2
22054 0
22055 1
22056 2
22057 0
22058 1
22059 0
22060 1
22061 0
22062 1
22063 0
22064 2
22065 1
22066 0
22067 1
22068 2
22069 0
22070 1
22071 2
22072 3
22073 1
22074 2
22075 3
22076 1
22077 2
22078 1
22079 0
22080 1
22081 0
22082 2
22083 1
22084 2
22085 1
22086 2
22087 0
22088 1
22089 2
22090 0
22091 2
22092 0
22093 2
22094 1
22095 2
22096 1
22097 0
22098 1
22099 2
22100 3
22101 1
22102 0
22103 1
22104 2
22105 0
22106 1
22107 0
22108 1
22109 0
22110 2
22111 0
22112 1
22113 2
22114 0
22115 2
22116 1
22117 0
22118 1
22119 0
22120 2
22121 1
22122 0
22123 1
22124 2
22125 1
22126 0
22127 1
22128 0
22129 1
22130 0
22131 2
22132 1
22133 0
22134 1
22135 2
22136 0
22137 1
22138 3
22139 2
22140 1
22141 0
22142 2
22143 1
22144 0
22145 1
22146 3
22147 0
22148 1
22149 0
22150 1
22151 2
22152 1
22153 2
22154 0
22155 2
22156 1
22157 0
22158 1
22159 0
22160 1
22161 3
22162 2
22163 1
22164 0
22165 1
22166 2
22167 1
22168 0
22169 1
22170 3
22171 2
22172 1
22173 2
22174 3
22175 1
22176 0
22177 2
22178 0
22179 1
22180 3
22181 0
22182 1
22183 0
22184 1
22185 2
22186 0
22187 1
22188 0
22189 1
22190 2
22191 1
22192 0
22193 2
22194 1
22195 2
22196 0
22197 2
22198 0
22199 1
22200 2
22201 0
22202 2
22203 0
22204 1
22205 0
22206 1
22207 3
22208 2
22209 0
22210 2
22211 1
22212 0
22213 1
22214 0
22215 1
22216 0
22217 1
22218 2
22219 1
22220 0
22221 1
22222 0
22223 2
22224 1
22225 0
22226 2
22227 1
22228 3
22229 0
22230 2
22231 1
22232 0
22233 2
22234 1
22235 0
22236 1
22237 2
22238 0
22239 1
22240 2
22241 0
22242 1
22243 3
22244 2
22245 0
22246 1
22247 2
22248 0
22249 1
22250 2
22251 0
22252 2
22253 1
22254 0
22255 1
22256 0
22257 1
22258 0
22259 1
22260 2
22261 0
22262 2
22263 1
22264 0
22265 1
22266 0
22267 1
22268 2
22269 0
22270 1
22271 0
22272 2
22273 1
22274 0
22275 2
22276 1
22277 0
22278 1
22279 2
22280 0
22281 1
22282 0
22283 1
22284 0
22285 1
22286 2
22287 3
22288 2
22289 0
22290 1
22291 2
22292 3
22293 0
22294 1
22295 0
22296 2
22297 1
22298 0
22299 1
22300 2
22301 1
22302 0
22303 1
22304 0
22305 2
22306 0
22307 2
22308 1
22309 0
22310 1
22311 0
22312 1
22313 2
22314 0
22315 2
22316 3
22317 1
22318 0
22319 1
22320 0
22321 1
22322 2
22323 0
22324 2
22325 1
22326 2
22327 0
22328 2
22329 1
22330 0
22331 1
22332 0
22333 1
22334 2
22335 0
22336 1
22337 0
22338 2
22339 0
22340 2
22341 0
22342 1
22343 0
22344 2
22345 0
22346 1
22347 3
22348 1
22349 0
22350 1
22351 0
22352 3
22353 2
22354 3
22355 0
22356 3
22357 1
22358 0
22359 1
22360 2
22361 0
22362 1
22363 2
22364 0
22365 1
22366 0
22367 1
22368 2
22369 1
22370 2
22371 1
22372 3
22373 0
22374 2
22375 0
22376 1
22377 0
22378 2
22379 1
22380 2
22381 0
22382 2
22383 1
22384 0
22385 1
22386 0
22387 2
22388 1
22389 2
22390 1
22391 2
22392 0
22393 2
22394 0
22395 2
22396 3
22397 0
22398 2
22399 1
22400 0
22401 2
22402 0
22403 2
22404 3
22405 2
22406 0
22407 1
22408 0
22409 2
22410 1
22411 0
22412 1
22413 0
22414 1
22415 2
22416 1
22417 2
22418 0
22419 2
22420 1
22421 3
22422 2
22423 0
22424 1
22425 0
22426 2
22427 1
22428 0
22429 1
22430 0
22431 1
22432 2
22433 0
22434 1
22435 0
22436 2
22437 0
22438 1
22439 2
22440 0
22441 2
22442 1
22443 0
22444 1
22445 0
22446 2
22447 1
22448 0
22449 2
22450 1
22451 0
22452 1
22453 0
22454 2
22455 1
22456 0
22457 2
22458 3
22459 0
22460 2
22461 0
22462 1
22463 2
22464 0
22465 2
22466 1
22467 0
22468 1
22469 2
22470 0
22471 1
22472 2
22473 0
22474 2
22475 1
22476 2
22477 3
22478 0
22479 1
22480 2
22481 1
22482 2
22483 0
22484 1
22485 2
22486 3
22487 1
22488 2
22489 0
22490 1
22491 2
22492 0
22493 2
22494 0
22495 3
22496 1
22497 0
22498 1
22499 0
22500 1
22501 2
22502 3
22503 1
22504 3
22505 0
22506 1
22507 2
22508 0
22509 2
22510 1
22511 0
22512 1
22513 0
22514 1
22515 0
22516 1
22517 0
22518 1
22519 0
22520 2
22521 0
22522 1
22523 0
22524 1
22525 2
22526 3
22527 0
22528 2
22529 0
22530 1
22531 2
22532 0
22533 1
22534 0
22535 1
22536 2
22537 0
22538 1
22539 0
22540 1
22541 2
22542 3
22543 0
22544 1
22545 0
22546 1
22547 0
22548 1
22549 2
22550 3
22551 1
22552 2
22553 3
22554 0
22555 2
22556 3
22557 2
22558 0
22559 2
22560 1
22561 2
22562 1
22563 0
22564 1
22565 0
22566 1
22567 3
22568 2
22569 0
22570 2
22571 0
22572 1
22573 2
22574 0
22575 1
22576 0
22577 2
22578 0
22579 1
22580 2
22581 0
22582 2
22583 1
22584 2
22585 0
22586 1
22587 0
22588 2
22589 0
22590 2
22591 1
22592 2
22593 0
22594 2
22595 0
22596 1
22597 0
22598 1
22599 2
22600 0
22601 2
22602 0
22603 2
22604 1
22605 0
22606 1
22607 0
22608 1
22609 2
22610 0
22611 1
22612 0
22613 1
22614 2
22615 0
22616 1
22617 0
22618 2
22619 1
22620 0
22621 1
22622 2
22623 0
22624 1
22625 2
22626 0
22627 2
22628 1
22629 0
22630 1
22631 0
22632 1
22633 0
22634 2
22635 0
22636 1
22637 3
22638 2
22639 0
22640 2
22641 1
22642 2
22643 0
22644 2
22645 0
22646 1
22647 2
22648 1
22649 0
22650 2
22651 0
22652 2
22653 1
22654 0
22655 1
22656 0
22657 1
22658 0
22659 2
22660 0
22661 1
22662 3
22663 2
22664 1
22665 2
22666 0
22667 1
22668 2
22669 0
22670 1
22671 2
22672 1
22673 0
22674 1
22675 2
22676 1
22677 2
22678 0
22679 1
22680 3
22681 0
22682 1
22683 0
22684 1
22685 2
22686 0
22687 2
22688 1
22689 2
22690 0
22691 1
22692 0
22693 1
22694 2
22695 0
22696 2
22697 1
22698 0
22699 1
22700 2
22701 1
22702 0
22703 2
22704 0
22705 2
22706 1
22707 2
22708 1
22709 0
22710 1
22711 2
22712 3
22713 0
22714 2
22715 1
22716 0
22717 1
22718 0
22719 1
22720 0
22721 1
22722 0
22723 2
22724 1
22725 0
22726 1
22727 0
22728 1
22729 2
22730 3
22731 1
22732 2
22733 0
22734 1
22735 2
22736 0
22737 1
22738 0
22739 2
22740 1
22741 3
22742 0
22743 3
22744 2
22745 1
22746 0
22747 1
22748 0
22749 3
22750 0
22751 3
22752 1
22753 0
22754 2
22755 1
22756 0
22757 1
22758 0
22759 1
22760 2
22761 0
22762 1
22763 0
22764 1
22765 2
22766 0
22767 1
22768 0
22769 1
22770 0
22771 1
22772 0
22773 1
22774 0
22775 2
22776 1
22777 2
22778 1
22779 0
22780 1
22781 0
22782 1
22783 2
22784 0
22785 1
22786 0
22787 2
22788 1
22789 2
22790 1
22791 0
22792 1
22793 2
22794 0
22795 2
22796 1
22797 3
22798 2
22799 1
22800 0
22801 1
22802 2
22803 3
22804 1
22805 2
22806 1
22807 0
22808 2
22809 1
22810 2
22811 3
22812 0
22813 2
22814 0
22815 1
22816 0
22817 1
22818 2
22819 1
22820 0
22821 1
22822 2
22823 1
22824 0
22825 2
22826 1
22827 0
22828 1
22829 2
22830 1
22831 2
22832 0
22833 1
22834 0
22835 2
22836 0
22837 1
22838 0
22839 1
22840 2
22841 1
22842 0
22843 1
22844 0
22845 2
22846 3
22847 0
22848 1
22849 0
22850 2
22851 0
22852 1
22853 0
22854 1
22855 0
22856 1
22857 2
22858 0
22859 1
22860 0
22861 1
22862 0
22863 2
22864 1
22865 0
22866 2
22867 0
22868 1
22869 2
22870 1
22871 0
22872 3
22873 1
22874 0
22875 2
22876 0
22877 1
22878 2
22879 1
22880 3
22881 2
22882 3
22883 0
22884 2
22885 0
22886 3
22887 2
22888 0
22889 1
22890 0
22891 1
22892 3
22893 0
22894 2
22895 1
22896 0
22897 1
22898 0
22899 2
22900 1
22901 0
22902 1
22903 2
22904 0
22905 1
22906 2
22907 1
22908 0
22909 2
22910 1
22911 0
22912 2
22913 0
22914 1
22915 0
22916 1
22917 0
22918 1
22919 3
22920 0
22921 1
22922 2
22923 0
22924 2
22925 1
22926 0
22927 1
22928 2
22929 3
22930 1
22931 0
22932 1
22933 0
22934 1
22935 0
22936 1
22937 2
22938 0
22939 2
22940 0
22941 1
22942 2
22943 1
22944 0
22945 1
22946 0
22947 1
22948 0
22949 2
22950 1
22951 0
22952 1
22953 0
22954 1
22955 2
22956 1
22957 0
22958 1
22959 2
22960 3
22961 1
22962 2
22963 1
22964 0
22965 1
22966 2
22967 0
22968 2
22969 1
22970 2
22971 0
22972 1
22973 2
22974 0
22975 2
22976 1
22977 0
22978 2
22979 1
22980 2
22981 1
22982 0
22983 1
22984 0
22985 1
22986 2
22987 1
22988 0
22989 1
22990 0
22991 1
22992 0
22993 2
22994 1
22995 0
22996 1
22997 0
22998 1
22999 0
23000 1
23001 2
23002 3
23003 2
23004 1
23005 2
23006 0
23007 1
23008 0
23009 1
23010 2
23011 0
23012 2
23013 1
23014 0
23015 1
23016 0
23017 1
23018 0
23019 1
23020 0
23021 2
23022 0
23023 1
23024 0
23025 2
23026 1
23027 2
23028 1
23029 2
23030 3
23031 0
23032 1
23033 0
23034 2
23035 1
23036 0
23037 3
23038 2
23039 0
23040 1
23041 0
23042 1
23043 0
23044 2
23045 1
23046 0
23047 1
23048 0
23049 2
23050 1
23051 0
23052 1
23053 2
23054 1
23055 0
23056 1
23057 0
23058 2
23059 0
23060 2
23061 1
23062 0
23063 1
23064 0
23065 3
23066 0
23067 1
23068 0
23069 2
23070 0
23071 2
23072 0
23073 1
23074 0
23075 1
23076 2
23077 0
23078 1
23079 0
23080 1
23081 0
23082 1
23083 0
23084 2
23085 3
23086 1
23087 0
23088 1
23089 0
23090 1
23091 2
23092 0
23093 2
23094 1
23095 2
23096 1
23097 2
23098 0
23099 1
23100 2
23101 1
23102 0
23103 2
23104 1
23105 0
23106 1
23107 0
23108 3
23109 1
23110 0
23111 2
23112 1
23113 0
23114 2
23115 1
23116 0
23117 2
23118 0
23119 3
23120 2
23121 1
23122 3
23123 1
23124 2
23125 1
23126 2
23127 0
23128 2
23129 0
23130 2
23131 1
23132 0
23133 1
23134 2
23135 0
23136 1
23137 0
23138 2
23139 1
23140 2
23141 1
23142 0
23143 1
23144 2
23145 1
23146 0
23147 1
23148 2
23149 0
23150 1
23151 0
23152 1
23153 0
23154 1
23155 0
23156 2
23157 1
23158 2
23159 3
23160 0
23161 1
23162 2
23163 3
23164 1
23165 0
23166 1
23167 2
23168 0
23169 1
23170 0
23171 2
23172 0
23173 1
23174 0
23175 1
23176 0
23177 2
23178 3
23179 1
23180 2
23181 0
23182 1
23183 2
23184 0
23185 2
23186 1
23187 2
23188 0
23189 1
23190 2
23191 1
23192 0
23193 2
23194 3
23195 1
23196 0
23197 3
23198 1
23199 0
23200 2
23201 1
23202 2
23203 1
23204 0
23205 1
23206 0
23207 1
23208 0
23209 1
23210 0
23211 2
23212 0
23213 2
23214 1
23215 2
23216 3
23217 0
23218 2
23219 1
23220 2
23221 3
23222 1
23223 2
23224 1
23225 0
23226 1
23227 0
23228 2
23229 0
23230 1
23231 0
23232 2
23233 1
23234 3
23235 0
23236 1
23237 3
23238 0
23239 3
23240 2
23241 0
23242 1
23243 0
23244 1
23245 0
23246 2
23247 0
23248 1
23249 2
23250 0
23251 3
23252 2
23253 1
23254 2
23255 0
23256 1
23257 0
23258 1
23259 2
23260 0
23261 1
23262 0
23263 1
23264 0
23265 1
23266 0
23267 1
23268 2
23269 1
23270 2
23271 0
23272 2
23273 1
23274 2
23275 0
23276 1
23277 2
23278 1
23279 2
23280 1
23281 0
23282 2
23283 1
23284 2
23285 0
23286 1
23287 0
23288 1
23289 3
23290 0
23291 3
23292 1
23293 2
23294 1
23295 0
23296 1
23297 0
23298 2
23299 1
23300 0
23301 2
23302 0
23303 1
23304 0
23305 2
23306 1
23307 2
23308 0
23309 1
23310 2
23311 0
23312 1
23313 0
23314 2
23315 0
23316 1
23317 0
23318 1
23319 2
23320 1
23321 0
23322 2
23323 1
23324 0
23325 2
23326 1
23327 2
23328 0
23329 2
23330 1
23331 0
23332 2
23333 1
23334 0
23335 1
23336 2
23337 0
23338 1
23339 2
23340 0
23341 2
23342 1
23343 2
23344 3
23345 1
23346 0
23347 2
23348 0
23349 1
23350 3
23351 2
23352 0
23353 1
23354 0
23355 1
23356 3
23357 0
23358 2
23359 1
23360 0
23361 1
23362 2
23363 1
23364 0
23365 1
23366 0
23367 1
23368 0
23369 1
23370 2
23371 0
23372 1
23373 0
23374 1
23375 0
23376 2
23377 1
23378 0
23379 1
23380 0
23381 2
23382 0
23383 1
23384 0
23385 1
23386 2
23387 1
23388 0
23389 2
23390 3
23391 0
23392 2
23393 0
23394 2
23395 1
23396 0
23397 1
23398 0
23399 1
23400 0
23401 2
23402 0
23403 1
23404 0
23405 1
23406 0
23407 1
23408 3
23409 2
23410 1
23411 0
23412 1
23413 0
23414 2
23415 1
23416 0
23417 2
23418 0
23419 1
23420 0
23421 2
23422 1
23423 0
23424 2
23425 3
23426 0
23427 2
23428 1
23429 0
23430 2
23431 0
23432 1
23433 2
23434 0
23435 2
23436 0
23437 2
23438 1
23439 0
23440 1
23441 2
23442 1
23443 2
23444 0
23445 1
23446 0
23447 2
23448 1
23449 0
23450 2
23451 1
23452 2
23453 0
23454 1
23455 0
23456 1
23457 0
23458 3
23459 2
23460 3
23461 0
23462 2
23463 1
23464 0
23465 2
23466 1
23467 2
23468 0
23469 1
23470 0
23471 2
23472 1
23473 2
23474 0
23475 1
23476 2
23477 0
23478 2
23479 1
23480 0
23481 1
23482 0
23483 1
23484 0
23485 1
23486 2
23487 1
23488 2
23489 1
23490 0
23491 2
23492 1
23493 2
23494 1
23495 2
23496 0
23497 1
23498 0
23499 2
23500 1
23501 2
23502 1
23503 0
23504 1
23505 2
23506 0
23507 1
23508 2
23509 1
23510 0
23511 2
23512 0
23513 2
23514 3
23515 0
23516 2
23517 1
23518 0
23519 1
23520 2
23521 0
23522 1
23523 0
23524 1
23525 0
23526 3
23527 1
23528 0
23529 1
23530 2
23531 0
23532 1
23533 2
23534 0
23535 1
23536 2
23537 0
23538 1
23539 2
23540 1
23541 2
23542 0
23543 2
23544 1
23545 2
23546 1
23547 0
23548 1
23549 0
23550 1
23551 2
23552 3
23553 1
23554 3
23555 2
23556 3
23557 1
23558 3
23559 2
23560 0
23561 1
23562 0
23563 1
23564 0
23565 2
23566 3
23567 1
23568 2
23569 0
23570 1
23571 0
23572 2
23573 1
23574 0
23575 3
23576 1
23577 0
23578 2
23579 1
23580 0
23581 2
23582 1
23583 2
23584 1
23585 0
23586 1
23587 0
23588 1
23589 0
23590 1
23591 2
23592 0
23593 2
23594 1
23595 0
23596 1
23597 0
23598 1
23599 3
23600 2
23601 1
23602 0
23603 1
23604 0
23605 3
23606 2
23607 3
23608 2
23609 1
23610 0
23611 2
23612 1
23613 2
23614 3
23615 0
23616 1
23617 2
23618 3
23619 0
23620 1
23621 0
23622 1
23623 0
23624 2
23625 1
23626 2
23627 0
23628 3
23629 2
23630 0
23631 2
23632 0
23633 1
23634 2
23635 1
23636 0
23637 2
23638 0
23639 1
23640 0
23641 1
23642 0
23643 1
23644 0
23645 1
23646 2
23647 0
23648 2
23649 1
23650 2
23651 0
23652 1
23653 0
23654 2
23655 1
23656 0
23657 2
23658 1
23659 3
23660 0
23661 2
23662 0
23663 2
23664 3
23665 0
23666 2
23667 1
23668 2
23669 0
23670 1
23671 3
23672 2
23673 0
23674 1
23675 0
23676 1
23677 2
23678 1
23679 3
23680 0
23681 1
23682 2
23683 0
23684 1
23685 2
23686 0
23687 1
23688 2
23689 0
23690 2
23691 1
23692 2
23693 0
23694 2
23695 0
23696 2
23697 3
23698 0
23699 1
23700 0
23701 1
23702 2
23703 0
23704 1
23705 2
23706 1
23707 2
23708 0
23709 3
23710 1
23711 2
23712 1
23713 0
23714 1
23715 2
23716 1
23717 0
23718 1
23719 2
23720 0
23721 1
23722 0
23723 2
23724 1
23725 0
23726 1
23727 0
23728 1
23729 0
23730 1
23731 0
23732 1
23733 0
23734 1
23735 0
23736 2
23737 1
23738 2
23739 0
23740 1
23741 0
23742 1
23743 0
23744 1
23745 0
23746 2
23747 1
23748 0
23749 1
23750 0
23751 2
23752 1
23753 0
23754 1
23755 2
23756 0
23757 2
23758 3
23759 1
23760 0
23761 1
23762 0
23763 2
23764 0
23765 1
23766 0
23767 1
23768 0
23769 1
23770 0
23771 1
23772 0
23773 1
23774 2
23775 0
23776 1
23777 0
23778 1
23779 2
23780 1
23781 0
23782 1
23783 2
23784 0
23785 1
23786 0
23787 2
23788 1
23789 2
23790 1
23791 0
23792 2
23793 3
23794 1
23795 3
23796 2
23797 1
23798 2
23799 0
23800 1
23801 3
23802 1
23803 2
23804 1
23805 0
23806 1
23807 0
23808 1
23809 0
23810 1
23811 2
23812 0
23813 1
23814 0
23815 2
23816 0
23817 2
23818 1
23819 2
23820 0
23821 2
23822 1
23823 2
23824 0
23825 1
23826 0
23827 1
23828 0
23829 2
23830 1
23831 2
23832 0
23833 1
23834 2
23835 0
23836 2
23837 1
23838 2
23839 3
23840 0
23841 1
23842 3
23843 2
23844 1
23845 2
23846 1
23847 2
23848 1
23849 0
23850 1
23851 0
23852 1
23853 2
23854 0
23855 1
23856 0
23857 1
23858 2
23859 1
23860 2
23861 0
23862 2
23863 1
23864 0
23865 2
23866 0
23867 1
23868 2
23869 0
23870 1
23871 0
23872 1
23873 0
23874 2
23875 1
23876 2
23877 1
23878 2
23879 1
23880 2
23881 0
23882 1
23883 0
23884 1
23885 0
23886 1
23887 2
23888 0
23889 2
23890 1
23891 2
23892 0
23893 2
23894 1
23895 0
23896 1
23897 0
23898 1
23899 0
23900 1
23901 0
23902 1
23903 0
23904 1
23905 2
23906 0
23907 1
23908 0
23909 3
23910 0
23911 2
23912 1
23913 2
23914 0
23915 1
23916 0
23917 3
23918 1
23919 3
23920 0
23921 2
23922 1
23923 0
23924 1
23925 0
23926 1
23927 2
23928 0
23929 1
23930 2
23931 0
23932 2
23933 0
23934 2
23935 0
23936 1
23937 0
23938 2
23939 1
23940 0
23941 1
23942 2
23943 0
23944 2
23945 1
23946 0
23947 2
23948 1
23949 0
23950 1
23951 0
23952 2
23953 1
23954 0
23955 2
23956 0
23957 1
23958 0
23959 1
23960 0
23961 1
23962 0
23963 2
23964 3
23965 1
23966 0
23967 1
23968 2
23969 1
23970 0
23971 1
23972 2
23973 0
23974 1
23975 2
23976 0
23977 1
23978 2
23979 0
23980 2
23981 3
23982 1
23983 0
23984 2
23985 1
23986 0
23987 1
23988 0
23989 1
23990 2
23991 0
23992 2
23993 0
23994 2
23995 3
23996 0
23997 3
23998 2
23999 1
24000 2
24001 0
24002 2
24003 0
24004 2
24005 1
24006 0
24007 2
24008 1
24009 0
24010 1
24011 0
24012 1
24013 2
24014 1
24015 2
24016 0
24017 1
24018 2
24019 1
24020 3
24021 2
24022 0
24023 2
24024 0
24025 1
24026 0
24027 2
24028 0
24029 1
24030 0
24031 1
24032 2
24033 0
24034 1
24035 0
24036 3
24037 1
24038 2
24039 0
24040 1
24041 0
24042 1
24043 2
24044 0
24045 1
24046 0
24047 1
24048 2
24049 0
24050 1
24051 0
24052 2
24053 1
24054 2
24055 0
24056 2
24057 1
24058 0
24059 1
24060 0
24061 1
24062 0
24063 3
24064 2
24065 0
24066 1
24067 0
24068 1
24069 2
24070 0
24071 3
24072 1
24073 0
24074 2
24075 0
24076 3
24077 0
24078 1
24079 2
24080 1
24081 0
24082 1
24083 2
24084 0
24085 1
24086 2
24087 1
24088 0
24089 2
24090 1
24091 0
24092 1
24093 3
24094 0
24095 2
24096 1
24097 2
24098 1
24099 2
24100 3
24101 0
24102 1
24103 2
24104 0
24105 1
24106 0
24107 2
24108 1
24109 2
24110 0
24111 1
24112 0
24113 1
24114 0
24115 1
24116 0
24117 1
24118 0
24119 1
24120 0
24121 1
24122 0
24123 2
24124 1
24125 2
24126 3
24127 2
24128 0
24129 1
24130 2
24131 0
24132 1
24133 2
24134 3
24135 0
24136 1
24137 2
24138 1
24139 2
24140 0
24141 2
24142 0
24143 2
24144 1
24145 0
24146 3
24147 1
24148 2
24149 1
24150 0
24151 2
24152 0
24153 1
24154 0
24155 1
24156 0
24157 2
24158 1
24159 0
24160 1
24161 2
24162 0
24163 2
24164 1
24165 0
24166 1
24167 0
24168 1
24169 0
24170 1
24171 0
24172 3
24173 2
24174 0
24175 2
24176 1
24177 2
24178 0
24179 1
24180 2
24181 0
24182 2
24183 1
24184 0
24185 3
24186 1
24187 2
24188 3
24189 0
24190 1
24191 2
24192 0
24193 1
24194 0
24195 1
24196 2
24197 1
24198 2
24199 1
24200 2
24201 0
24202 1
24203 0
24204 2
24205 1
24206 3
24207 1
24208 0
24209 2
24210 1
24211 3
24212 2
24213 1
24214 0
24215 1
24216 2
24217 0
24218 1
24219 2
24220 0
24221 1
24222 2
24223 0
24224 1
24225 2
24226 0
24227 2
24228 1
24229 0
24230 1
24231 2
24232 0
24233 1
24234 2
24235 0
24236 1
24237 0
24238 1
24239 0
24240 1
24241 2
24242 0
24243 2
24244 1
24245 3
24246 0
24247 1
24248 2
24249 0
24250 1
24251 0
24252 3
24253 2
24254 1
24255 2
24256 0
24257 1
24258 0
24259 1
24260 2
24261 1
24262 0
24263 1
24264 2
24265 1
24266 2
24267 0
24268 2
24269 1
24270 0
24271 1
24272 2
24273 0
24274 2
24275 0
24276 1
24277 2
24278 0
24279 2
24280 1
24281 0
24282 1
24283 0
24284 2
24285 1
24286 0
24287 1
24288 2
24289 3
24290 0
24291 1
24292 0
24293 2
24294 1
24295 0
24296 2
24297 1
24298 0
24299 1
24300 0
24301 1
24302 0
24303 1
24304 0
24305 2
24306 0
24307 1
24308 2
24309 1
24310 2
24311 1
24312 0
24313 2
24314 1
24315 2
24316 0
24317 1
24318 0
24319 1
24320 2
24321 1
24322 2
24323 1
24324 2
24325 1
24326 2
24327 0
24328 2
24329 0
24330 1
24331 0
24332 1
24333 2
24334 1
24335 0
24336 1
24337 0
24338 3
24339 0
24340 1
24341 2
24342 0
24343 2
24344 0
24345 1
24346 0
24347 2
24348 1
24349 0
24350 2
24351 1
24352 2
24353 0
24354 1
24355 2
24356 3
24357 0
24358 1
24359 2
24360 0
24361 1
24362 2
24363 1
24364 2
24365 0
24366 1
24367 0
24368 2
24369 0
24370 2
24371 0
24372 1
24373 0
24374 2
24375 1
24376 2
24377 0
24378 1
24379 0
24380 1
24381 2
24382 0
24383 1
24384 0
24385 1
24386 0
24387 1
24388 2
24389 1
24390 0
24391 1
24392 0
24393 1
24394 0
24395 1
24396 0
24397 2
24398 0
24399 1
24400 0
24401 2
24402 1
24403 0
24404 1
24405 2
24406 1
24407 2
24408 0
24409 1
24410 2
24411 0
24412 2
24413 1
24414 0
24415 3
24416 2
24417 0
24418 2
24419 0
24420 1
24421 2
24422 1
24423 0
24424 1
24425 0
24426 2
24427 1
24428 0
24429 1
24430 0
24431 2
24432 1
24433 0
24434 1
24435 0
24436 1
24437 0
24438 1
24439 0
24440 1
24441 0
24442 2
24443 3
24444 0
24445 1
24446 0
24447 1
24448 0
24449 1
24450 2
24451 1
24452 2
24453 0
24454 2
24455 1
24456 0
24457 1
24458 2
24459 0
24460 1
24461 0
24462 2
24463 0
24464 1
24465 2
24466 1
24467 0
24468 1
24469 0
24470 2
24471 0
24472 2
24473 1
24474 0
24475 1
24476 3
24477 0
24478 1
24479 2
24480 0
24481 2
24482 1
24483 3
24484 0
24485 1
24486 0
24487 1
24488 2
24489 3
24490 2
24491 1
24492 0
24493 1
24494 3
24495 0
24496 3
24497 1
24498 2
24499 1
24500 0
24501 1
24502 0
24503 1
24504 2
24505 0
24506 1
24507 2
24508 0
24509 1
24510 0
24511 2
24512 1
24513 0
24514 1
24515 0
24516 1
24517 0
24518 2
24519 1
24520 0
24521 1
24522 0
24523 2
24524 1
24525 2
24526 0
24527 1
24528 0
24529 1
24530 0
24531 1
24532 0
24533 1
24534 0
24535 1
24536 2
24537 0
24538 1
24539 0
24540 1
24541 0
24542 1
24543 2
24544 0
24545 1
24546 0
24547 1
24548 0
24549 1
24550 2
24551 0
24552 2
24553 3
24554 1
24555 0
24556 2
24557 1
24558 0
24559 2
24560 0
24561 2
24562 1
24563 2
24564 0
24565 2
24566 1
24567 0
24568 1
24569 2
24570 0
24571 1
24572 0
24573 1
24574 0
24575 1
24576 0
24577 1
24578 0
24579 1
24580 0
24581 2
24582 0
24583 1
24584 0
24585 2
24586 1
24587 2
24588 1
24589 3
24590 1
24591 2
24592 1
24593 0
24594 1
24595 0
24596 2
24597 0
24598 2
24599 1
24600 2
24601 1
24602 0
24603 2
24604 1
24605 0
24606 1
24607 2
24608 0
24609 2
24610 0
24611 1
24612 2
24613 0
24614 1
24615 2
24616 0
24617 2
24618 1
24619 2
24620 1
24621 0
24622 2
24623 1
24624 2
24625 0
24626 1
24627 2
24628 0
24629 1
24630 2
24631 0
24632 1
24633 0
24634 1
24635 2
24636 1
24637 2
24638 1
24639 0
24640 2
24641 1
24642 3
24643 2
24644 1
24645 2
24646 0
24647 2
24648 0
24649 2
24650 0
24651 2
24652 1
24653 0
24654 1
24655 2
24656 0
24657 1
24658 0
24659 1
24660 0
24661 1
24662 3
24663 2
24664 1
24665 2
24666 0
24667 1
24668 0
24669 1
24670 0
24671 2
24672 3
24673 2
24674 0
24675 1
24676 0
24677 1
24678 0
24679 1
24680 0
24681 2
24682 0
24683 2
24684 0
24685 1
24686 0
24687 1
24688 0
24689 2
24690 0
24691 1
24692 0
24693 2
24694 1
24695 0
24696 2
24697 1
24698 0
24699 2
24700 1
24701 2
24702 0
24703 1
24704 3
24705 2
24706 1
24707 0
24708 1
24709 2
24710 0
24711 1
24712 2
24713 0
24714 1
24715 0
24716 1
24717 0
24718 2
24719 0
24720 1
24721 2
24722 0
24723 2
24724 1
24725 2
24726 0
24727 2
24728 1
24729 2
24730 1
24731 2
24732 0
24733 1
24734 0
24735 1
24736 0
24737 1
24738 2
24739 0
24740 2
24741 1
24742 2
24743 0
24744 2
24745 1
24746 0
24747 1
24748 0
24749 1
24750 2
24751 0
24752 2
24753 0
24754 2
24755 1
24756 2
24757 0
24758 1
24759 0
24760 1
24761 3
24762 1
24763 2
24764 0
24765 1
24766 0
24767 2
24768 1
24769 0
24770 2
24771 0
24772 1
24773 0
24774 2
24775 1
24776 0
24777 1
24778 3
24779 2
24780 3
24781 1
24782 2
24783 0
24784 2
24785 1
24786 0
24787 1
24788 2
24789 3
24790 0
24791 2
24792 1
24793 2
24794 0
24795 2
24796 1
24797 0
24798 2
24799 0
24800 1
24801 2
24802 3
24803 1
24804 0
24805 1
24806 2
24807 1
24808 0
24809 1
24810 0
24811 1
24812 2
24813 0
24814 3
24815 2
24816 0
24817 1
24818 0
24819 1
24820 2
24821 0
24822 1
24823 2
24824 3
24825 0
24826 2
24827 1
24828 0
24829 1
24830 2
24831 0
24832 3
24833 2
24834 0
24835 1
24836 0
24837 2
24838 0
24839 2
24840 0
24841 1
24842 2
24843 0
24844 1
24845 0
24846 1
24847 0
24848 1
24849 2
24850 1
24851 0
24852 1
24853 0
24854 1
24855 0
24856 2
24857 1
24858 0
24859 1
24860 2
24861 1
24862 0
24863 1
24864 0
24865 1
24866 0
24867 2
24868 1
24869 0
24870 1
24871 2
24872 0
24873 1
24874 0
24875 2
24876 0
24877 1
24878 3
24879 2
24880 3
24881 1
24882 0
24883 1
24884 0
24885 2
24886 1
24887 0
24888 1
24889 0
24890 1
24891 2
24892 0
24893 2
24894 1
24895 3
24896 0
24897 2
24898 1
24899 0
24900 1
24901 2
24902 0
24903 1
24904 0
24905 1
24906 0
24907 1
24908 2
24909 0
24910 1
24911 2
24912 0
24913 1
24914 2
24915 1
24916 0
24917 1
24918 0
24919 1
24920 0
24921 1
24922 2
24923 0
24924 2
24925 1
24926 2
24927 0
24928 2
24929 1
24930 0
24931 1
24932 0
24933 1
24934 0
24935 1
24936 2
24937 0
24938 1
24939 2
24940 0
24941 2
24942 0
24943 1
24944 0
24945 1
24946 0
24947 1
24948 0
24949 2
24950 1
24951 2
24952 0
24953 1
24954 0
24955 2
24956 1
24957 0
24958 1
24959 0
24960 2
24961 1
24962 2
24963 3
24964 1
24965 0
24966 2
24967 1
24968 0
24969 1
24970 0
24971 1
24972 0
24973 1
24974 2
24975 1
24976 2
24977 0
24978 1
24979 2
24980 0
24981 1
24982 0
24983 1
24984 2
24985 1
24986 0
24987 1
24988 0
24989 2
24990 3
24991 0
24992 2
24993 1
24994 2
24995 0
24996 1
24997 2
24998 1
24999 3
25000 2
25001 1
25002 2
25003 1
25004 0
25005 2
25006 0
25007 1
25008 0
25009 3
25010 1
25011 0
25012 1
25013 0
25014 2
25015 1
25016 0
25017 2
25018 0
25019 1
25020 0
25021 1
25022 2
25023 0
25024 1
25025 0
25026 2
25027 1
25028 0
25029 1
25030 0
25031 1
25032 0
25033 1
25034 3
25035 0
25036 1
25037 2
25038 1
25039 2
25040 1
25041 0
25042 3
25043 2
25044 0
25045 1
25046 0
25047 3
25048 2
25049 1
25050 2
25051 1
25052 0
25053 3
25054 0
25055 2
25056 1
25057 0
25058 1
25059 2
25060 0
25061 2
25062 1
25063 0
25064 1
25065 0
25066 3
25067 1
25068 0
25069 2
25070 1
25071 3
25072 2
25073 1
25074 2
25075 0
25076 1
25077 2
25078 0
25079 2
25080 0
25081 1
25082 0
25083 1
25084 0
25085 2
25086 1
25087 0
25088 1
25089 2
25090 1
25091 0
25092 1
25093 3
25094 0
25095 1
25096 0
25097 1
25098 3
25099 0
25100 1
25101 0
25102 1
25103 0
25104 2
25105 1
25106 3
25107 0
25108 1
25109 2
25110 3
25111 0
25112 1
25113 2
25114 0
25115 1
25116 2
25117 1
25118 0
25119 1
25120 0
25121 1
25122 0
25123 2
25124 1
25125 0
25126 2
25127 1
25128 0
25129 3
25130 1
25131 2
25132 0
25133 2
25134 0
25135 2
25136 1
25137 0
25138 1
25139 0
25140 2
25141 0
25142 1
25143 0
25144 1
25145 0
25146 1
25147 0
25148 1
25149 3
25150 0
25151 1
25152 2
25153 0
25154 1
25155 0
25156 1
25157 2
25158 0
25159 2
25160 3
25161 0
25162 1
25163 2
25164 1
25165 0
25166 1
25167 2
25168 0
25169 1
25170 0
25171 2
25172 1
25173 0
25174 1
25175 0
25176 1
25177 0
25178 2
25179 1
25180 2
25181 0
25182 1
25183 2
25184 1
25185 0
25186 2
25187 0
25188 2
25189 0
25190 2
25191 0
25192 1
25193 0
25194 2
25195 0
25196 1
25197 0
25198 2
25199 1
25200 2
25201 0
25202 2
25203 0
25204 2
25205 0
25206 2
25207 0
25208 2
25209 1
25210 2
25211 0
25212 2
25213 1
25214 0
25215 1
25216 0
25217 2
25218 0
25219 2
25220 1
25221 0
25222 1
25223 0
25224 2
25225 1
25226 3
25227 2
25228 0
25229 2
25230 0
25231 1
25232 0
25233 2
25234 1
25235 0
25236 2
25237 1
25238 0
25239 1
25240 2
25241 0
25242 1
25243 0
25244 2
25245 1
25246 0
25247 1
25248 0
25249 1
25250 2
25251 0
25252 1
25253 3
25254 2
25255 0
25256 2
25257 0
25258 2
25259 1
25260 0
25261 2
25262 0
25263 2
25264 1
25265 0
25266 1
25267 2
25268 1
25269 2
25270 1
25271 2
25272 3
25273 1
25274 2
25275 1
25276 0
25277 1
25278 2
25279 0
25280 1
25281 0
25282 1
25283 2
25284 1
25285 3
25286 1
25287 2
25288 0
25289 1
25290 0
25291 2
25292 1
25293 0
25294 1
25295 0
25296 1
25297 0
25298 1
25299 0
25300 2
25301 1
25302 0
25303 1
25304 0
25305 1
25306 0
25307 2
25308 1
25309 0
25310 2
25311 0
25312 2
25313 0
25314 1
25315 2
25316 0
25317 2
25318 1
25319 0
25320 2
25321 3
25322 1
25323 0
25324 2
25325 1
25326 2
25327 3
25328 1
25329 2
25330 0
25331 1
25332 2
25333 1
25334 2
25335 1
25336 0
25337 1
25338 0
25339 2
25340 1
25341 2
25342 0
25343 2
25344 1
25345 0
25346 2
25347 1
25348 0
25349 1
25350 2
25351 0
25352 2
25353 0
25354 1
25355 2
25356 0
25357 1
25358 0
25359 1
25360 0
25361 1
25362 0
25363 2
25364 0
25365 2
25366 1
25367 2
25368 0
25369 2
25370 0
25371 1
25372 2
25373 0
25374 3
25375 2
25376 0
25377 2
25378 1
25379 2
25380 0
25381 2
25382 0
25383 2
25384 1
25385 0
25386 2
25387 1
25388 0
25389 2
25390 0
25391 2
25392 0
25393 1
25394 0
25395 2
25396 1
25397 0
25398 2
25399 0
25400 1
25401 0
25402 1
25403 0
25404 2
25405 1
25406 0
25407 1
25408 2
25409 0
25410 1
25411 2
25412 0
25413 2
25414 1
25415 0
25416 1
25417 3
25418 1
25419 3
25420 2
25421 1
25422 2
25423 0
25424 1
25425 3
25426 2
25427 3
25428 1
25429 0
25430 1
25431 0
25432 2
25433 1
25434 2
25435 0
25436 2
25437 0
25438 1
25439 2
25440 3
25441 1
25442 2
25443 0
25444 1
25445 0
25446 1
25447 2
25448 0
25449 1
25450 0
25451 1
25452 0
25453 1
25454 0
25455 2
25456 0
25457 1
25458 0
25459 1
25460 2
25461 1
25462 2
25463 0
25464 2
25465 1
25466 0
25467 1
25468 0
25469 1
25470 2
25471 3
25472 0
25473 1
25474 0
25475 1
25476 0
25477 1
25478 0
25479 1
25480 0
25481 2
25482 1
25483 2
25484 3
25485 1
25486 0
25487 1
25488 0
25489 2
25490 1
25491 2
25492 1
25493 0
25494 1
25495 0
25496 1
25497 2
25498 1
25499 2
25500 0
25501 2
25502 1
25503 0
25504 1
25505 0
25506 3
25507 2
25508 0
25509 1
25510 2
25511 0
25512 2
25513 0
25514 1
25515 0
25516 2
25517 1
25518 0
25519 2
25520 0
25521 1
25522 0
25523 2
25524 0
25525 1
25526 0
25527 1
25528 0
25529 1
25530 2
25531 0
25532 1
25533 0
25534 1
25535 2
25536 3
25537 0
25538 2
25539 0
25540 3
25541 1
25542 0
25543 2
25544 1
25545 2
25546 0
25547 2
25548 1
25549 2
25550 3
25551 1
25552 0
25553 1
25554 2
25555 1
25556 0
25557 2
25558 1
25559 2
25560 3
25561 0
25562 1
25563 3
25564 0
25565 2
25566 0
25567 1
25568 2
25569 1
25570 0
25571 1
25572 2
25573 1
25574 2
25575 3
25576 1
25577 0
25578 2
25579 1
25580 0
25581 2
25582 0
25583 1
25584 0
25585 1
25586 0
25587 2
25588 1
25589 2
25590 0
25591 2
25592 1
25593 0
25594 1
25595 0
25596 1
25597 0
25598 1
25599 2
25600 0
25601 1
25602 2
25603 1
25604 0
25605 3
25606 0
25607 2
25608 0
25609 3
25610 2
25611 0
25612 1
25613 2
25614 0
25615 2
25616 0
25617 1
25618 0
25619 1
25620 0
25621 2
25622 1
25623 2
25624 0
25625 1
25626 0
25627 1
25628 0
25629 1
25630 0
25631 1
25632 2
25633 0
25634 2
25635 1
25636 0
25637 2
25638 1
25639 2
25640 1
25641 2
25642 0
25643 2
25644 0
25645 1
25646 3
25647 0
25648 1
25649 0
25650 2
25651 0
25652 2
25653 1
25654 2
25655 1
25656 0
25657 2
25658 0
25659 1
25660 2
25661 3
25662 1
25663 0
25664 1
25665 2
25666 3
25667 0
25668 1
25669 0
25670 2
25671 0
25672 1
25673 2
25674 1
25675 0
25676 1
25677 0
25678 1
25679 0
25680 2
25681 1
25682 2
25683 3
25684 1
25685 2
25686 1
25687 0
25688 2
25689 1
25690 0
25691 2
25692 1
25693 0
25694 2
25695 0
25696 1
25697 2
25698 0
25699 1
25700 0
25701 1
25702 2
25703 0
25704 2
25705 0
25706 1
25707 0
25708 2
25709 1
25710 2
25711 0
25712 2
25713 3
25714 0
25715 2
25716 0
25717 1
25718 2
25719 3
25720 1
25721 0
25722 1
25723 3
25724 0
25725 1
25726 0
25727 1
25728 0
25729 2
25730 1
25731 2
25732 0
25733 2
25734 1
25735 0
25736 2
25737 1
25738 0
25739 2
25740 1
25741 0
25742 1
25743 2
25744 1
25745 2
25746 0
25747 2
25748 3
25749 0
25750 1
25751 0
25752 2
25753 1
25754 2
25755 0
25756 1
25757 0
25758 1
25759 0
25760 2
25761 1
25762 0
25763 2
25764 1
25765 0
25766 1
25767 2
25768 1
25769 0
25770 1
25771 2
25772 1
25773 0
25774 2
25775 1
25776 2
25777 0
25778 1
25779 0
25780 2
25781 1
25782 0
25783 2
25784 1
25785 3
25786 1
25787 2
25788 3
25789 1
25790 0
25791 1
25792 0
25793 1
25794 0
25795 2
25796 1
25797 0
25798 2
25799 1
25800 2
25801 0
25802 2
25803 0
25804 1
25805 2
25806 0
25807 1
25808 0
25809 1
25810 2
25811 0
25812 1
25813 0
25814 2
25815 1
25816 2
25817 0
25818 1
25819 3
25820 0
25821 1
25822 2
25823 1
25824 0
25825 1
25826 2
25827 0
25828 1
25829 2
25830 0
25831 1
25832 0
25833 1
25834 0
25835 2
25836 3
25837 0
25838 1
25839 0
25840 2
25841 1
25842 0
25843 3
25844 2
25845 0
25846 1
25847 0
25848 1
25849 2
25850 0
25851 1
25852 0
25853 2
25854 1
25855 0
25856 2
25857 0
25858 1
25859 2
25860 0
25861 1
25862 2
25863 1
25864 0
25865 2
25866 0
25867 2
25868 1
25869 0
25870 1
25871 0
25872 1
25873 0
25874 1
25875 2
25876 1
25877 0
25878 2
25879 0
25880 1
25881 0
25882 1
25883 2
25884 0
25885 2
25886 0
25887 1
25888 2
25889 1
25890 2
25891 1
25892 2
25893 0
25894 1
25895 2
25896 0
25897 2
25898 3
25899 1
25900 0
25901 1
25902 2
25903 3
25904 2
25905 1
25906 0
25907 2
25908 1
25909 0
25910 2
25911 1
25912 2
25913 0
25914 2
25915 1
25916 2
25917 0
25918 1
25919 0
25920 2
25921 1
25922 0
25923 1
25924 0
25925 1
25926 2
25927 0
25928 1
25929 2
25930 1
25931 0
25932 1
25933 2
25934 1
25935 0
25936 1
25937 2
25938 0
25939 2
25940 1
25941 2
25942 0
25943 1
25944 0
25945 2
25946 0
25947 3
25948 0
25949 1
25950 0
25951 1
25952 0
25953 1
25954 0
25955 2
25956 1
25957 0
25958 1
25959 2
25960 1
25961 0
25962 1
25963 0
25964 2
25965 1
25966 0
25967 2
25968 0
25969 2
25970 0
25971 3
25972 2
25973 1
25974 2
25975 1
25976 2
25977 1
25978 0
25979 2
25980 1
25981 0
25982 1
25983 2
25984 0
25985 1
25986 3
25987 1
25988 0
25989 2
25990 1
25991 0
25992 1
25993 2
25994 0
25995 1
25996 0
25997 2
25998 1
25999 2
26000 0
26001 1
26002 0
26003 1
26004 0
26005 2
26006 0
26007 2
26008 0
26009 2
26010 0
26011 2
26012 1
26013 2
26014 0
26015 1
26016 0
26017 1
26018 2
26019 1
26020 2
26021 0
26022 1
26023 0
26024 2
26025 1
26026 2
26027 1
26028 0
26029 1
26030 2
26031 1
26032 0
26033 1
26034 0
26035 2
26036 1
26037 2
26038 1
26039 0
26040 3
26041 1
26042 2
26043 0
26044 2
26045 0
26046 1
26047 0
26048 2
26049 1
26050 3
26051 0
26052 2
26053 3
26054 1
26055 2
26056 3
26057 0
26058 2
26059 0
26060 1
26061 0
26062 1
26063 0
26064 1
26065 0
26066 1
26067 0
26068 2
26069 0
26070 1
26071 0
26072 1
26073 0
26074 1
26075 0
26076 1
26077 0
26078 1
26079 0
26080 2
26081 1
26082 2
26083 1
26084 0
26085 2
26086 0
26087 1
26088 0
26089 1
26090 2
26091 1
26092 0
26093 1
26094 0
26095 2
26096 3
26097 0
26098 1
26099 0
26100 1
26101 2
26102 0
26103 1
26104 2
26105 0
26106 2
26107 0
26108 3
26109 1
26110 0
26111 1
26112 0
26113 2
26114 1
26115 2
26116 0
26117 1
26118 2
26119 0
26120 1
26121 2
26122 0
26123 1
26124 2
26125 0
26126 1
26127 2
26128 0
26129 2
26130 1
26131 2
26132 0
26133 1
26134 0
26135 1
26136 0
26137 2
26138 1
26139 0
26140 2
26141 0
26142 1
26143 2
26144 0
26145 2
26146 0
26147 2
26148 1
26149 0
26150 1
26151 0
26152 1
26153 2
26154 0
26155 2
26156 1
26157 2
26158 0
26159 2
26160 1
26161 0
26162 2
26163 1
26164 0
26165 2
26166 1
26167 0
26168 2
26169 1
26170 2
26171 0
26172 2
26173 1
26174 0
26175 2
26176 3
26177 1
26178 2
26179 0
26180 2
26181 0
26182 1
26183 0
26184 1
26185 0
26186 2
26187 0
26188 1
26189 2
26190 0
26191 1
26192 2
26193 0
26194 1
26195 3
26196 2
26197 0
26198 1
26199 0
26200 2
26201 1
26202 2
26203 1
26204 3
26205 0
26206 1
26207 0
26208 1
26209 2
26210 0
26211 1
26212 2
26213 0
26214 2
26215 1
26216 2
26217 0
26218 2
26219 0
26220 2
26221 0
26222 2
26223 1
26224 0
26225 1
26226 2
26227 0
26228 1
26229 2
26230 1
26231 2
26232 3
26233 2
26234 1
26235 2
26236 3
26237 1
26238 2
26239 0
26240 3
26241 2
26242 0
26243 1
26244 0
26245 1
26246 2
26247 0
26248 2
26249 1
26250 2
26251 0
26252 1
26253 3
26254 2
26255 0
26256 1
26257 0
26258 2
26259 0
26260 1
26261 0
26262 2
26263 0
26264 2
26265 1
26266 0
26267 1
26268 0
26269 1
26270 2
26271 0
26272 2
26273 0
26274 2
26275 1
26276 2
26277 0
26278 1
26279 2
26280 3
26281 1
26282 0
26283 1
26284 2
26285 3
26286 1
26287 0
26288 1
26289 0
26290 1
26291 0
26292 1
26293 0
26294 1
26295 2
26296 0
26297 1
26298 2
26299 1
26300 2
26301 0
26302 2
26303 0
26304 1
26305 0
26306 2
26307 1
26308 0
26309 1
26310 2
26311 1
26312 0
26313 1
26314 2
26315 3
26316 1
26317 0
26318 1
26319 0
26320 1
26321 0
26322 1
26323 0
26324 2
26325 0
26326 3
26327 1
26328 0
26329 1
26330 0
26331 2
26332 1
26333 2
26334 0
26335 1
26336 0
26337 2
26338 0
26339 2
26340 0
26341 1
26342 2
26343 1
26344 0
26345 1
26346 2
26347 0
26348 2
26349 1
26350 0
26351 1
26352 2
26353 0
26354 2
26355 0
26356 1
26357 2
26358 1
26359 2
26360 1
26361 0
26362 2
26363 0
26364 1
26365 0
26366 2
26367 0
26368 1
26369 0
26370 1
26371 2
26372 0
26373 1
26374 2
26375 1
26376 0
26377 2
26378 0
26379 1
26380 2
26381 0
26382 1
26383 2
26384 1
26385 2
26386 0
26387 2
26388 1
26389 2
26390 0
26391 2
26392 1
26393 0
26394 2
26395 1
26396 0
26397 3
26398 2
26399 0
26400 1
26401 2
26402 0
26403 2
26404 1
26405 2
26406 0
26407 2
26408 1
26409 0
26410 1
26411 0
26412 3
26413 1
26414 2
26415 1
26416 2
26417 0
26418 1
26419 2
26420 1
26421 2
26422 0
26423 1
26424 2
26425 1
26426 0
26427 1
26428 0
26429 2
26430 1
26431 0
26432 2
26433 0
26434 1
26435 0
26436 1
26437 0
26438 2
26439 1
26440 0
26441 1
26442 0
26443 2
26444 3
26445 0
26446 2
26447 3
26448 0
26449 1
26450 0
26451 1
26452 0
26453 1
26454 0
26455 2
26456 0
26457 1
26458 0
26459 1
26460 0
26461 2
26462 0
26463 1
26464 0
26465 1
26466 2
26467 1
26468 0
26469 1
26470 2
26471 3
26472 1
26473 0
26474 1
26475 2
26476 0
26477 1
26478 0
26479 1
26480 0
26481 1
26482 0
26483 2
26484 1
26485 0
26486 2
26487 1
26488 0
26489 2
26490 1
26491 2
26492 1
26493 2
26494 1
26495 0
26496 1
26497 0
26498 1
26499 0
26500 1
26501 2
26502 0
26503 1
26504 2
26505 0
26506 2
26507 1
26508 2
26509 0
26510 1
26511 2
26512 0
26513 2
26514 3
26515 0
26516 2
26517 1
26518 0
26519 1
26520 0
26521 2
26522 1
26523 0
26524 2
26525 3
26526 1
26527 2
26528 1
26529 2
26530 0
26531 2
26532 1
26533 0
26534 2
26535 1
26536 0
26537 1
26538 0
26539 1
26540 2
26541 0
26542 1
26543 0
26544 2
26545 3
26546 1
26547 2
26548 0
26549 2
26550 1
26551 2
26552 3
26553 1
26554 0
26555 2
26556 1
26557 2
26558 0
26559 2
26560 1
26561 0
26562 1
26563 2
26564 0
26565 1
26566 3
26567 1
26568 0
26569 1
26570 0
26571 3
26572 2
26573 3
26574 1
26575 0
26576 3
26577 2
26578 0
26579 1
26580 0
26581 2
26582 3
26583 0
26584 2
26585 0
26586 2
26587 0
26588 2
26589 0
26590 1
26591 3
26592 0
26593 1
26594 0
26595 1
26596 0
26597 1
26598 2
26599 0
26600 1
26601 0
26602 1
26603 2
26604 1
26605 2
26606 1
26607 2
26608 0
26609 1
26610 0
26611 2
26612 0
26613 1
26614 3
26615 0
26616 2
26617 0
26618 2
26619 0
26620 1
26621 0
26622 2
26623 1
26624 0
26625 1
26626 2
26627 0
26628 1
26629 0
26630 1
26631 0
26632 2
26633 0
26634 3
26635 2
26636 3
26637 1
26638 2
26639 1
26640 3
26641 0
26642 1
26643 0
26644 1
26645 0
26646 2
26647 3
26648 2
26649 1
26650 0
26651 2
26652 0
26653 1
26654 2
26655 0
26656 1
26657 0
26658 2
26659 0
26660 1
26661 2
26662 0
26663 3
26664 0
26665 1
26666 2
26667 0
26668 3
26669 0
26670 1
26671 2
26672 1
26673 3
26674 1
26675 2
26676 0
26677 1
26678 2
26679 0
26680 1
26681 0
26682 1
26683 2
26684 0
26685 2
26686 3
26687 1
26688 0
26689 1
26690 0
26691 2
26692 1
26693 0
26694 1
26695 0
26696 1
26697 2
26698 0
26699 1
26700 2
26701 1
26702 3
26703 2
26704 0
26705 3
26706 0
26707 2
26708 0
26709 2
26710 0
26711 2
26712 1
26713 0
26714 2
26715 1
26716 0
26717 2
26718 0
26719 2
26720 0
26721 2
26722 1
26723 2
26724 0
26725 1
26726 0
26727 2
26728 1
26729 0
26730 1
26731 0
26732 1
26733 0
26734 1
26735 2
26736 1
26737 0
26738 1
26739 2
26740 0
26741 2
26742 1
26743 0
26744 1
26745 2
26746 3
26747 0
26748 1
26749 2
26750 3
26751 1
26752 0
26753 1
26754 0
26755 1
26756 2
26757 1
26758 3
26759 0
26760 1
26761 0
26762 1
26763 0
26764 2
26765 0
26766 2
26767 1
26768 0
26769 1
26770 2
26771 0
26772 2
26773 1
26774 2
26775 0
26776 2
26777 0
26778 1
26779 0
26780 2
26781 0
26782 1
26783 3
26784 2
26785 0
26786 1
26787 2
26788 1
26789 0
26790 2
26791 0
26792 1
26793 0
26794 1
26795 3
26796 2
26797 0
26798 1
26799 0
26800 2
26801 0
26802 1
26803 2
26804 0
26805 1
26806 0
26807 2
26808 1
26809 0
26810 1
26811 0
26812 1
26813 0
26814 2
26815 0
26816 2
26817 1
26818 2
26819 0
26820 2
26821 0
26822 1
26823 0
26824 3
26825 2
26826 1
26827 2
26828 0
26829 1
26830 2
26831 3
26832 0
26833 1
26834 0
26835 1
26836 2
26837 1
26838 0
26839 1
26840 0
26841 1
26842 0
26843 1
26844 0
26845 1
26846 2
26847 1
26848 0
26849 1
26850 2
26851 0
26852 1
26853 0
26854 2
26855 0
26856 1
26857 0
26858 2
26859 0
26860 1
26861 0
26862 1
26863 0
26864 1
26865 0
26866 1
26867 2
26868 0
26869 2
26870 3
26871 0
26872 1
26873 0
26874 2
26875 1
26876 2
26877 3
26878 0
26879 1
26880 0
26881 1
26882 0
26883 1
26884 0
26885 1
26886 0
26887 1
26888 0
26889 2
26890 1
26891 2
26892 0
26893 1
26894 2
26895 0
26896 1
26897 0
26898 1
26899 2
26900 1
26901 2
26902 3
26903 2
26904 1
26905 0
26906 2
26907 1
26908 2
26909 0
26910 1
26911 2
26912 1
26913 2
26914 0
26915 2
26916 0
26917 2
26918 1
26919 0
26920 2
26921 1
26922 0
26923 1
26924 2
26925 0
26926 2
26927 0
26928 1
26929 2
26930 0
26931 2
26932 1
26933 0
26934 2
26935 1
26936 0
26937 1
26938 2
26939 3
26940 1
26941 0
26942 2
26943 1
26944 0
26945 1
26946 0
26947 2
26948 1
26949 2
26950 0
26951 2
26952 1
26953 2
26954 0
26955 2
26956 1
26957 2
26958 0
26959 2
26960 0
26961 2
26962 1
26963 0
26964 1
26965 0
26966 2
26967 1
26968 2
26969 0
26970 2
26971 1
26972 0
26973 1
26974 2
26975 1
26976 0
26977 2
26978 0
26979 2
26980 1
26981 2
26982 0
26983 2
26984 1
26985 0
26986 1
26987 0
26988 2
26989 1
26990 2
26991 1
26992 3
26993 2
26994 3
26995 0
26996 2
26997 0
26998 2
26999 0
27000 1
27001 0
27002 2
27003 0
27004 1
27005 0
27006 2
27007 0
27008 2
27009 1
27010 2
27011 0
27012 3
27013 1
27014 2
27015 1
27016 0
27017 2
27018 0
27019 1
27020 0
27021 1
27022 0
27023 1
27024 2
27025 3
27026 1
27027 0
27028 1
27029 0
27030 1
27031 2
27032 0
27033 3
27034 1
27035 0
27036 2
27037 1
27038 2
27039 0
27040 2
27041 1
27042 0
27043 1
27044 0
27045 2
27046 1
27047 2
27048 1
27049 0
27050 2
27051 0
27052 1
27053 0
27054 2
27055 1
27056 0
27057 1
27058 0
27059 2
27060 1
27061 0
27062 2
27063 1
27064 0
27065 1
27066 0
27067 2
27068 0
27069 1
27070 0
27071 2
27072 3
27073 1
27074 2
27075 1
27076 0
27077 1
27078 0
27079 2
27080 1
27081 0
27082 2
27083 1
27084 0
27085 1
27086 0
27087 2
27088 0
27089 1
27090 2
27091 1
27092 2
27093 0
27094 1
27095 2
27096 0
27097 1
27098 0
27099 1
27100 0
27101 2
27102 1
27103 0
27104 1
27105 2
27106 3
27107 1
27108 2
27109 0
27110 2
27111 1
27112 2
27113 0
27114 1
27115 0
27116 1
27117 2
27118 3
27119 1
27120 0
27121 2
27122 1
27123 0
27124 1
27125 0
27126 1
27127 3
27128 2
27129 1
27130 2
27131 1
27132 0
27133 1
27134 0
27135 1
27136 0
27137 1
27138 2
27139 1
27140 2
27141 1
27142 0
27143 1
27144 0
27145 1
27146 0
27147 1
27148 2
27149 0
27150 2
27151 0
27152 2
27153 1
27154 2
27155 0
27156 2
27157 1
27158 0
27159 3
27160 2
27161 0
27162 2
27163 0
27164 2
27165 0
27166 1
27167 2
27168 1
27169 0
27170 2
27171 0
27172 2
27173 1
27174 0
27175 2
27176 3
27177 1
27178 2
27179 1
27180 2
27181 1
27182 0
27183 2
27184 0
27185 1
27186 0
27187 1
27188 0
27189 1
27190 0
27191 1
27192 2
27193 1
27194 2
27195 1
27196 0
27197 2
27198 1
27199 2
27200 0
27201 1
27202 2
27203 0
27204 1
27205 0
27206 1
27207 0
27208 1
27209 0
27210 2
27211 1
27212 0
27213 1
27214 0
27215 2
27216 1
27217 0
27218 1
27219 0
27220 1
27221 0
27222 1
27223 3
27224 2
27225 1
27226 0
27227 2
27228 0
27229 1
27230 0
27231 1
27232 2
27233 0
27234 1
27235 0
27236 1
27237 0
27238 2
27239 1
27240 2
27241 0
27242 1
27243 2
27244 3
27245 0
27246 2
27247 0
27248 2
27249 0
27250 1
27251 3
27252 1
27253 0
27254 1
27255 0
27256 1
27257 2
27258 1
27259 3
27260 2
27261 1
27262 0
27263 1
27264 2
27265 0
27266 1
27267 2
27268 0
27269 1
27270 0
27271 1
27272 3
27273 2
27274 1
27275 0
27276 2
27277 0
27278 1
27279 0
27280 2
27281 1
27282 2
27283 1
27284 0
27285 1
27286 0
27287 2
27288 1
27289 0
27290 1
27291 2
27292 1
27293 0
27294 2
27295 1
27296 2
27297 0
27298 2
27299 0
27300 1
27301 2
27302 1
27303 2
27304 0
27305 1
27306 2
27307 0
27308 3
27309 1
27310 0
27311 2
27312 0
27313 1
27314 2
27315 1
27316 2
27317 1
27318 0
27319 1
27320 2
27321 0
27322 2
27323 1
27324 2
27325 0
27326 1
27327 3
27328 2
27329 0
27330 1
27331 2
27332 0
27333 1
27334 0
27335 1
27336 2
27337 0
27338 2
27339 1
27340 2
27341 0
27342 1
27343 2
27344 0
27345 2
27346 1
27347 0
27348 2
27349 1
27350 0
27351 1
27352 0
27353 1
27354 0
27355 2
27356 0
27357 2
27358 1
27359 3
27360 0
27361 1
27362 0
27363 1
27364 2
27365 3
27366 1
27367 0
27368 2
27369 0
27370 1
27371 0
27372 1
27373 3
27374 2
27375 1
27376 2
27377 0
27378 2
27379 1
27380 2
27381 1
27382 3
27383 0
27384 2
27385 1
27386 0
27387 2
27388 1
27389 0
27390 1
27391 0
27392 3
27393 1
27394 3
27395 2
27396 0
27397 1
27398 0
27399 1
27400 2
27401 0
27402 1
27403 0
27404 1
27405 2
27406 1
27407 2
27408 1
27409 0
27410 3
27411 0
27412 3
27413 2
27414 0
27415 2
27416 1
27417 0
27418 2
27419 1
27420 0
27421 2
27422 0
27423 2
27424 1
27425 0
27426 3
27427 2
27428 0
27429 2
27430 1
27431 0
27432 2
27433 0
27434 2
27435 0
27436 2
27437 1
27438 0
27439 1
27440 0
27441 1
27442 2
27443 1
27444 0
27445 2
27446 0
27447 1
27448 0
27449 2
27450 1
27451 0
27452 1
27453 2
27454 0
27455 2
27456 1
27457 2
27458 0
27459 1
27460 2
27461 1
27462 0
27463 3
27464 1
27465 2
27466 0
27467 1
27468 0
27469 2
27470 1
27471 2
27472 3
27473 2
27474 1
27475 0
27476 1
27477 0
27478 1
27479 0
27480 2
27481 0
27482 1
27483 0
27484 1
27485 0
27486 2
27487 1
27488 2
27489 1
27490 0
27491 2
27492 0
27493 2
27494 3
27495 0
27496 1
27497 0
27498 2
27499 3
27500 1
27501 2
27502 0
27503 3
27504 1
27505 2
27506 0
27507 2
27508 0
27509 1
27510 0
27511 2
27512 1
27513 0
27514 1
27515 3
27516 0
27517 1
27518 0
27519 1
27520 2
27521 0
27522 1
27523 0
27524 1
27525 0
27526 1
27527 0
27528 1
27529 0
27530 1
27531 0
27532 2
27533 1
27534 2
27535 0
27536 1
27537 0
27538 2
27539 1
27540 0
27541 1
27542 2
27543 1
27544 0
27545 1
27546 2
27547 1
27548 3
27549 1
27550 2
27551 0
27552 1
27553 0
27554 2
27555 1
27556 0
27557 2
27558 0
27559 1
27560 0
27561 2
27562 1
27563 0
27564 2
27565 1
27566 2
27567 0
27568 1
27569 2
27570 0
27571 1
27572 2
27573 0
27574 1
27575 0
27576 1
27577 0
27578 1
27579 0
27580 2
27581 1
27582 3
27583 0
27584 2
27585 0
27586 2
27587 1
27588 2
27589 1
27590 0
27591 3
27592 0
27593 1
27594 0
27595 2
27596 1
27597 0
27598 2
27599 0
27600 1
27601 0
27602 1
27603 2
27604 0
27605 2
27606 1
27607 2
27608 0
27609 1
27610 3
27611 2
27612 1
27613 0
27614 2
27615 1
27616 2
27617 1
27618 0
27619 1
27620 0
27621 1
27622 0
27623 1
27624 0
27625 1
27626 0
27627 1
27628 2
27629 0
27630 2
27631 3
27632 0
27633 2
27634 0
27635 1
27636 0
27637 2
27638 1
27639 2
27640 1
27641 0
27642 2
27643 1
27644 0
27645 1
27646 2
27647 1
27648 3
27649 0
27650 1
27651 2
27652 0
27653 2
27654 1
27655 0
27656 2
27657 0
27658 2
27659 0
27660 3
27661 2
27662 0
27663 3
27664 1
27665 0
27666 2
27667 0
27668 2
27669 0
27670 1
27671 2
27672 0
27673 1
27674 0
27675 1
27676 2
27677 1
27678 0
27679 1
27680 2
27681 0
27682 1
27683 0
27684 1
27685 0
27686 1
27687 2
27688 1
27689 0
27690 1
27691 0
27692 1
27693 2
27694 0
27695 1
27696 0
27697 1
27698 0
27699 1
27700 2
27701 0
27702 2
27703 1
27704 0
27705 2
27706 1
27707 2
27708 0
27709 1
27710 2
27711 0
27712 3
27713 0
27714 2
27715 0
27716 1
27717 2
27718 1
27719 2
27720 0
27721 1
27722 0
27723 1
27724 2
27725 0
27726 2
27727 1
27728 2
27729 0
27730 1
27731 2
27732 1
27733 3
27734 0
27735 1
27736 2
27737 0
27738 1
27739 2
27740 0
27741 1
27742 2
27743 0
27744 1
27745 2
27746 0
27747 2
27748 0
27749 1
27750 3
27751 2
27752 0
27753 2
27754 3
27755 1
27756 0
27757 1
27758 0
27759 1
27760 2
27761 0
27762 1
27763 0
27764 1
27765 0
27766 1
27767 0
27768 2
27769 1
27770 0
27771 2
27772 1
27773 0
27774 2
27775 1
27776 0
27777 2
27778 1
27779 0
27780 1
27781 0
27782 1
27783 0
27784 1
27785 2
27786 3
27787 1
27788 3
27789 0
27790 1
27791 0
27792 2
27793 0
27794 1
27795 2
27796 1
27797 2
27798 1
27799 0
27800 1
27801 0
27802 2
27803 0
27804 2
27805 1
27806 0
27807 1
27808 0
27809 1
27810 2
27811 1
27812 0
27813 1
27814 3
27815 2
27816 0
27817 1
27818 0
27819 2
27820 1
27821 0
27822 1
27823 0
27824 1
27825 0
27826 1
27827 0
27828 2
27829 3
27830 0
27831 2
27832 3
27833 1
27834 0
27835 2
27836 1
27837 2
27838 0
27839 2
27840 1
27841 2
27842 0
27843 3
27844 1
27845 2
27846 1
27847 0
27848 1
27849 2
27850 0
27851 1
27852 2
27853 0
27854 2
27855 0
27856 1
27857 3
27858 1
27859 2
27860 0
27861 1
27862 2
27863 3
27864 1
27865 0
27866 1
27867 2
27868 3
27869 1
27870 2
27871 0
27872 2
27873 1
27874 0
27875 2
27876 0
27877 1
27878 0
27879 1
27880 2
27881 1
27882 2
27883 0
27884 2
27885 3
27886 1
27887 2
27888 0
27889 1
27890 0
27891 2
27892 0
27893 2
27894 1
27895 3
27896 0
27897 1
27898 0
27899 2
27900 0
27901 1
27902 0
27903 2
27904 0
27905 1
27906 0
27907 2
27908 0
27909 1
27910 0
27911 1
27912 0
27913 2
27914 1
27915 0
27916 1
27917 2
27918 0
27919 1
27920 2
27921 0
27922 1
27923 2
27924 3
27925 1
27926 0
27927 1
27928 0
27929 1
27930 0
27931 2
27932 0
27933 1
27934 0
27935 1
27936 2
27937 1
27938 2
27939 0
27940 3
27941 2
27942 1
27943 2
27944 1
27945 0
27946 2
27947 0
27948 2
27949 0
27950 1
27951 0
27952 1
27953 0
27954 1
27955 3
27956 2
27957 0
27958 2
27959 0
27960 1
27961 0
27962 2
27963 1
27964 0
27965 2
27966 0
27967 1
27968 0
27969 1
27970 0
27971 2
27972 1
27973 2
27974 0
27975 1
27976 0
27977 1
27978 2
27979 3
27980 0
27981 3
27982 1
27983 0
27984 1
27985 2
27986 3
27987 0
27988 2
27989 1
27990 0
27991 1
27992 2
27993 0
27994 1
27995 2
27996 0
27997 1
27998 2
27999 0
28000 3
28001 0
28002 2
28003 1
28004 0
28005 2
28006 3
28007 0
28008 1
28009 0
28010 1
28011 0
28012 1
28013 0
28014 1
28015 2
28016 0
28017 1
28018 0
28019 1
28020 2
28021 0
28022 2
28023 3
28024 1
28025 0
28026 1
28027 0
28028 2
28029 1
28030 2
28031 1
28032 2
28033 0
28034 1
28035 2
28036 0
28037 2
28038 1
28039 2
28040 1
28041 0
28042 1
28043 2
28044 1
28045 2
28046 0
28047 2
28048 1
28049 0
28050 1
28051 2
28052 1
28053 2
28054 1
28055 2
28056 1
28057 2
28058 0
28059 1
28060 0
28061 2
28062 0
28063 1
28064 0
28065 2
28066 1
28067 0
28068 3
28069 2
28070 1
28071 0
28072 2
28073 1
28074 0
28075 2
28076 1
28077 2
28078 0
28079 1
28080 2
28081 0
28082 1
28083 0
28084 2
28085 0
28086 2
28087 1
28088 0
28089 2
28090 0
28091 2
28092 1
28093 2
28094 0
28095 2
28096 1
28097 0
28098 2
28099 0
28100 1
28101 3
28102 2
28103 1
28104 0
28105 2
28106 3
28107 0
28108 1
28109 0
28110 2
28111 1
28112 2
28113 0
28114 1
28115 2
28116 1
28117 2
28118 1
28119 0
28120 1
28121 0
28122 1
28123 2
28124 1
28125 2
28126 0
28127 1
28128 0
28129 2
28130 1
28131 0
28132 1
28133 2
28134 3
28135 1
28136 2
28137 1
28138 0
28139 2
28140 1
28141 0
28142 2
28143 1
28144 0
28145 1
28146 0
28147 2
28148 1
28149 0
28150 2
28151 0
28152 1
28153 0
28154 2
28155 1
28156 2
28157 0
28158 2
28159 1
28160 2
28161 1
28162 2
28163 0
28164 1
28165 0
28166 2
28167 1
28168 0
28169 1
28170 0
28171 2
28172 0
28173 1
28174 0
28175 1
28176 2
28177 0
28178 1
28179 2
28180 0
28181 1
28182 0
28183 1
28184 0
28185 2
28186 3
28187 1
28188 2
28189 1
28190 0
28191 2
28192 0
28193 1
28194 2
28195 0
28196 2
28197 1
28198 0
28199 1
28200 2
28201 1
28202 2
28203 1
28204 0
28205 1
28206 0
28207 1
28208 3
28209 0
28210 2
28211 0
28212 1
28213 3
28214 0
28215 1
28216 2
28217 0
28218 2
28219 1
28220 0
28221 1
28222 3
28223 2
28224 0
28225 1
28226 0
28227 1
28228 2
28229 0
28230 1
28231 2
28232 0
28233 1
28234 2
28235 1
28236 0
28237 1
28238 2
28239 0
28240 2
28241 1
28242 0
28243 1
28244 2
28245 0
28246 2
28247 0
28248 1
28249 0
28250 1
28251 3
28252 0
28253 2
28254 0
28255 1
28256 2
28257 1
28258 2
28259 0
28260 2
28261 1
28262 3
28263 1
28264 3
28265 2
28266 1
28267 0
28268 1
28269 2
28270 0
28271 1
28272 0
28273 1
28274 0
28275 1
28276 2
28277 0
28278 1
28279 0
28280 2
28281 1
28282 2
28283 3
28284 1
28285 0
28286 1
28287 0
28288 1
28289 2
28290 1
28291 0
28292 1
28293 2
28294 1
28295 0
28296 2
28297 0
28298 2
28299 0
28300 1
28301 0
28302 1
28303 0
28304 1
28305 0
28306 2
28307 0
28308 1
28309 2
28310 0
28311 1
28312 0
28313 1
28314 2
28315 3
28316 0
28317 2
28318 0
28319 1
28320 0
28321 1
28322 0
28323 2
28324 0
28325 1
28326 0
28327 1
28328 2
28329 3
28330 0
28331 1
28332 0
28333 1
28334 2
28335 0
28336 2
28337 1
28338 2
28339 3
28340 1
28341 0
28342 1
28343 2
28344 0
28345 1
28346 0
28347 2
28348 1
28349 2
28350 1
28351 0
28352 1
28353 2
28354 0
28355 1
28356 0
28357 2
28358 1
28359 0
28360 1
28361 0
28362 2
28363 1
28364 2
28365 0
28366 1
28367 2
28368 0
28369 1
28370 2
28371 0
28372 2
28373 1
28374 2
28375 1
28376 0
28377 1
28378 0
28379 1
28380 0
28381 3
28382 1
28383 0
28384 1
28385 2
28386 0
28387 1
28388 0
28389 1
28390 0
28391 1
28392 0
28393 1
28394 0
28395 1
28396 0
28397 1
28398 3
28399 1
28400 0
28401 1
28402 2
28403 1
28404 0
28405 1
28406 0
28407 1
28408 2
28409 3
28410 0
28411 2
28412 1
28413 0
28414 1
28415 2
28416 1
28417 2
28418 0
28419 2
28420 0
28421 2
28422 1
28423 2
28424 0
28425 1
28426 0
28427 2
28428 1
28429 0
28430 2
28431 1
28432 2
28433 3
28434 0
28435 1
28436 2
28437 0
28438 2
28439 3
28440 1
28441 3
28442 0
28443 2
28444 0
28445 1
28446 0
28447 1
28448 2
28449 0
28450 1
28451 0
28452 2
28453 1
28454 0
28455 2
28456 1
28457 2
28458 3
28459 1
28460 2
28461 0
28462 1
28463 0
28464 2
28465 0
28466 2
28467 0
28468 1
28469 0
28470 1
28471 0
28472 2
28473 3
28474 0
28475 2
28476 3
28477 1
28478 0
28479 2
28480 1
28481 2
28482 0
28483 2
28484 1
28485 2
28486 3
28487 1
28488 0
28489 1
28490 2
28491 0
28492 1
28493 0
28494 1
28495 2
28496 0
28497 1
28498 2
28499 0
28500 2
28501 1
28502 0
28503 1
28504 0
28505 2
28506 1
28507 2
28508 1
28509 0
28510 1
28511 0
28512 1
28513 2
28514 1
28515 2
28516 0
28517 2
28518 1
28519 0
28520 1
28521 0
28522 1
28523 2
28524 0
28525 1
28526 0
28527 2
28528 1
28529 2
28530 3
28531 0
28532 1
28533 2
28534 0
28535 1
28536 2
28537 3
28538 0
28539 2
28540 0
28541 3
28542 1
28543 0
28544 2
28545 1
28546 0
28547 1
28548 0
28549 2
28550 3
28551 0
28552 1
28553 0
28554 3
28555 1
28556 0
28557 1
28558 0
28559 2
28560 0
28561 2
28562 1
28563 0
28564 1
28565 0
28566 2
28567 0
28568 1
28569 0
28570 2
28571 3
28572 1
28573 2
28574 1
28575 0
28576 1
28577 2
28578 0
28579 1
28580 2
28581 0
28582 1
28583 2
28584 0
28585 1
28586 2
28587 0
28588 1
28589 0
28590 2
28591 1
28592 0
28593 2
28594 1
28595 2
28596 0
28597 2
28598 0
28599 2
28600 0
28601 2
28602 1
28603 0
28604 2
28605 0
28606 1
28607 2
28608 0
28609 1
28610 2
28611 0
28612 1
28613 2
28614 0
28615 1
28616 2
28617 1
28618 0
28619 2
28620 1
28621 0
28622 2
28623 1
28624 0
28625 1
28626 0
28627 1
28628 0
28629 2
28630 0
28631 2
28632 3
28633 0
28634 1
28635 0
28636 1
28637 2
28638 1
28639 2
28640 1
28641 0
28642 2
28643 1
28644 0
28645 2
28646 1
28647 0
28648 1
28649 2
28650 0
28651 2
28652 1
28653 2
28654 0
28655 1
28656 2
28657 1
28658 0
28659 2
28660 1
28661 0
28662 1
28663 0
28664 2
28665 0
28666 2
28667 3
28668 2
28669 0
28670 2
28671 3
28672 4
28673 0
28674 1
28675 0
28676 2
28677 1
28678 0
28679 2
28680 1
28681 2
28682 0
28683 1
28684 2
28685 1
28686 0
28687 1
28688 2
28689 0
28690 2
28691 1
28692 2
28693 3
28694 1
28695 2
28696 3
28697 1
28698 2
28699 0
28700 2
28701 1
28702 2
28703 0
28704 1
28705 3
28706 2
28707 0
28708 2
28709 3
28710 1
28711 0
28712 1
28713 2
28714 1
28715 0
28716 1
28717 2
28718 1
28719 0
28720 2
28721 0
28722 2
28723 0
28724 1
28725 2
28726 0
28727 1
28728 0
28729 2
28730 1
28731 0
28732 1
28733 0
28734 1
28735 0
28736 1
28737 0
28738 2
28739 0
28740 1
28741 3
28742 2
28743 1
28744 2
28745 1
28746 2
28747 1
28748 0
28749 2
28750 1
28751 2
28752 1
28753 2
28754 0
28755 2
28756 1
28757 0
28758 1
28759 2
28760 0
28761 1
28762 0
28763 1
28764 2
28765 0
28766 1
28767 2
28768 1
28769 0
28770 1
28771 2
28772 1
28773 0
28774 2
28775 1
28776 0
28777 2
28778 0
28779 1
28780 2
28781 0
28782 1
28783 0
28784 2
28785 1
28786 0
28787 2
28788 1
28789 0
28790 1
28791 2
28792 0
28793 1
28794 0
28795 1
28796 0
28797 1
28798 2
28799 3
28800 1
28801 2
28802 0
28803 1
28804 2
28805 0
28806 2
28807 1
28808 2
28809 0
28810 1
28811 0
28812 2
28813 1
28814 0
28815 1
28816 2
28817 0
28818 1
28819 2
28820 3
28821 1
28822 3
28823 0
28824 1
28825 0
28826 2
28827 1
28828 0
28829 2
28830 1
28831 0
28832 1
28833 3
28834 2
28835 1
28836 0
28837 1
28838 0
28839 2
28840 3
28841 0
28842 2
28843 0
28844 2
28845 0
28846 1
28847 2
28848 1
28849 0
28850 1
28851 2
28852 1
28853 2
28854 1
28855 2
28856 0
28857 1
28858 0
28859 1
28860 0
28861 1
28862 2
28863 1
28864 3
28865 1
28866 2
28867 1
28868 2
28869 1
28870 0
28871 2
28872 0
28873 1
28874 0
28875 1
28876 2
28877 0
28878 1
28879 2
28880 1
28881 2
28882 0
28883 2
28884 0
28885 1
28886 0
28887 2
28888 0
28889 1
28890 2
28891 1
28892 0
28893 2
28894 1
28895 3
28896 2
28897 1
28898 0
28899 3
28900 2
28901 1
28902 0
28903 1
28904 0
28905 1
28906 0
28907 2
28908 1
28909 2
28910 0
28911 1
28912 0
28913 2
28914 1
28915 0
28916 2
28917 1
28918 0
28919 2
28920 0
28921 1
28922 2
28923 0
28924 2
28925 1
28926 3
28927 2
28928 1
28929 0
28930 1
28931 2
28932 1
28933 2
28934 0
28935 2
28936 1
28937 2
28938 0
28939 1
28940 3
28941 0
28942 2
28943 0
28944 1
28945 0
28946 2
28947 1
28948 2
28949 1
28950 0
28951 2
28952 1
28953 0
28954 1
28955 0
28956 1
28957 0
28958 3
28959 2
28960 1
28961 0
28962 1
28963 0
28964 1
28965 0
28966 1
28967 3
28968 2
28969 0
28970 2
28971 0
28972 2
28973 0
28974 2
28975 0
28976 2
28977 0
28978 3
28979 2
28980 1
28981 2
28982 0
28983 2
28984 1
28985 0
28986 2
28987 1
28988 0
28989 2
28990 1
28991 0
28992 2
28993 1
28994 0
28995 1
28996 2
28997 0
28998 2
28999 0
29000 1
29001 0
29002 1
29003 0
29004 1
29005 3
29006 2
29007 0
29008 1
29009 2
29010 0
29011 1
29012 0
29013 1
29014 0
29015 1
29016 3
29017 1
29018 2
29019 0
29020 2
29021 1
29022 3
29023 0
29024 2
29025 0
29026 1
29027 2
29028 0
29029 1
29030 2
29031 0
29032 1
29033 2
29034 0
29035 1
29036 2
29037 0
29038 2
29039 1
29040 0
29041 1
29042 0
29043 3
29044 2
29045 0
29046 1
29047 0
29048 2
29049 0
29050 1
29051 0
29052 2
29053 1
29054 0
29055 3
29056 2
29057 1
29058 2
29059 1
29060 0
29061 1
29062 0
29063 2
29064 0
29065 3
29066 1
29067 0
29068 1
29069 0
29070 3
29071 2
29072 0
29073 3
29074 1
29075 2
29076 1
29077 2
29078 0
29079 1
29080 3
29081 0
29082 1
29083 0
29084 1
29085 0
29086 1
29087 2
29088 1
29089 0
29090 2
29091 0
29092 1
29093 0
29094 1
29095 2
29096 1
29097 0
29098 1
29099 2
29100 1
29101 0
29102 1
29103 2
29104 0
29105 2
29106 1
29107 2
29108 1
29109 2
29110 0
29111 3
29112 2
29113 3
29114 1
29115 0
29116 2
29117 0
29118 1
29119 0
29120 2
29121 1
29122 2
29123 0
29124 2
29125 0
29126 2
29127 0
29128 1
29129 2
29130 1
29131 2
29132 1
29133 2
29134 3
29135 1
29136 0
29137 1
29138 0
29139 2
29140 3
29141 1
29142 0
29143 1
29144 2
29145 0
29146 1
29147 0
29148 1
29149 0
29150 1
29151 2
29152 0
29153 1
29154 2
29155 1
29156 2
29157 0
29158 1
29159 0
29160 1
29161 0
29162 1
29163 2
29164 0
29165 2
29166 1
29167 0
29168 1
29169 0
29170 1
29171 2
29172 0
29173 1
29174 0
29175 2
29176 1
29177 2
29178 0
29179 1
29180 2
29181 0
29182 1
29183 0
29184 1
29185 0
29186 1
29187 0
29188 2
29189 1
29190 0
29191 1
29192 2
29193 0
29194 1
29195 0
29196 1
29197 0
29198 1
29199 0
29200 1
29201 0
29202 2
29203 1
29204 0
29205 2
29206 1
29207 2
29208 0
29209 2
29210 0
29211 1
29212 0
29213 1
29214 0
29215 2
29216 1
29217 0
29218 1
29219 2
29220 0
29221 2
29222 1
29223 3
29224 2
29225 0
29226 2
29227 0
29228 3
29229 2
29230 0
29231 2
29232 1
29233 0
29234 2
29235 1
29236 0
29237 2
29238 1
29239 0
29240 2
29241 0
29242 1
29243 0
29244 1
29245 2
29246 1
29247 0
29248 2
29249 3
29250 0
29251 1
29252 0
29253 3
29254 2
29255 0
29256 2
29257 0
29258 1
29259 0
29260 2
29261 1
29262 0
29263 2
29264 1
29265 0
29266 3
29267 1
29268 0
29269 2
29270 1
29271 0
29272 3
29273 1
29274 3
29275 0
29276 1
29277 0
29278 1
29279 2
29280 1
29281 2
29282 0
29283 2
29284 3
29285 2
29286 1
29287 0
29288 2
29289 0
29290 2
29291 1
29292 2
29293 0
29294 1
29295 0
29296 1
29297 0
29298 2
29299 1
29300 0
29301 1
29302 0
29303 1
29304 0
29305 2
29306 0
29307 2
29308 1
29309 0
29310 1
29311 2
29312 1
29313 2
29314 0
29315 1
29316 2
29317 1
29318 0
29319 1
29320 3
29321 2
29322 0
29323 2
29324 1
29325 0
29326 2
29327 1
29328 0
29329 1
29330 0
29331 2
29332 1
29333 2
29334 1
29335 2
29336 0
29337 3
29338 1
29339 0
29340 1
29341 0
29342 1
29343 2
29344 1
29345 3
29346 2
29347 1
29348 2
29349 0
29350 1
29351 0
29352 2
29353 1
29354 3
29355 0
29356 1
29357 0
29358 1
29359 0
29360 1
29361 2
29362 1
29363 0
29364 2
29365 1
29366 2
29367 0
29368 1
29369 2
29370 0
29371 1
29372 0
29373 1
29374 2
29375 0
29376 1
29377 2
29378 3
29379 1
29380 2
29381 0
29382 1
29383 0
29384 1
29385 0
29386 2
29387 1
29388 2
29389 0
29390 1
29391 0
29392 1
29393 3
29394 2
29395 0
29396 1
29397 0
29398 1
29399 0
29400 2
29401 1
29402 0
29403 1
29404 3
29405 0
29406 3
29407 2
29408 0
29409 1
29410 0
29411 1
29412 2
29413 0
29414 2
29415 1
29416 0
29417 1
29418 0
29419 2
29420 1
29421 0
29422 2
29423 1
29424 2
29425 0
29426 1
29427 2
29428 0
29429 1
29430 0
29431 1
29432 0
29433 2
29434 0
29435 2
29436 1
29437 2
29438 0
29439 2
29440 1
29441 0
29442 1
29443 2
29444 0
29445 2
29446 1
29447 2
29448 0
29449 1
29450 0
29451 1
29452 2
29453 1
29454 2
29455 0
29456 1
29457 2
29458 0
29459 1
29460 2
29461 3
29462 0
29463 1
29464 2
29465 0
29466 1
29467 2
29468 0
29469 1
29470 2
29471 3
29472 0
29473 1
29474 2
29475 0
29476 2
29477 0
29478 1
29479 0
29480 2
29481 1
29482 2
29483 1
29484 0
29485 1
29486 0
29487 2
29488 1
29489 0
29490 1
29491 0
29492 2
29493 1
29494 0
29495 2
29496 0
29497 1
29498 2
29499 0
29500 1
29501 0
29502 3
29503 2
29504 1
29505 0
29506 2
29507 1
29508 0
29509 2
29510 1
29511 0
29512 1
29513 0
29514 1
29515 2
29516 0
29517 2
29518 1
29519 0
29520 1
29521 2
29522 0
29523 2
29524 0
29525 2
29526 1
29527 2
29528 0
29529 1
29530 0
29531 2
29532 1
29533 0
29534 1
29535 0
29536 3
29537 0
29538 1
29539 2
29540 1
29541 3
29542 1
29543 2
29544 0
29545 1
29546 0
29547 2
29548 1
29549 0
29550 2
29551 0
29552 1
29553 0
29554 1
29555 2
29556 1
29557 0
29558 2
29559 0
29560 1
29561 2
29562 1
29563 0
29564 2
29565 1
29566 0
29567 1
29568 0
29569 1
29570 0
29571 1
29572 0
29573 1
29574 0
29575 1
29576 2
29577 0
29578 1
29579 0
29580 2
29581 1
29582 2
29583 0
29584 2
29585 1
29586 3
29587 2
29588 1
29589 3
29590 2
29591 0
29592 2
29593 0
29594 1
29595 2
29596 0
29597 1
29598 2
29599 0
29600 1
29601 2
29602 0
29603 1
29604 2
29605 1
29606 2
29607 0
29608 1
29609 0
29610 1
29611 2
29612 0
29613 1
29614 0
29615 2
29616 1
29617 2
29618 0
29619 1
29620 0
29621 1
29622 3
29623 2
29624 1
29625 0
29626 1
29627 2
29628 0
29629 1
29630 2
29631 1
29632 2
29633 0
29634 1
29635 0
29636 2
29637 1
29638 2
29639 0
29640 2
29641 0
29642 1
29643 3
29644 1
29645 0
29646 1
29647 2
29648 0
29649 1
29650 0
29651 1
29652 2
29653 0
29654 2
29655 0
29656 2
29657 0
29658 1
29659 0
29660 1
29661 2
29662 0
29663 1
29664 0
29665 1
29666 0
29667 1
29668 2
29669 1
29670 0
29671 1
29672 0
29673 2
29674 1
29675 0
29676 1
29677 2
29678 1
29679 0
29680 1
29681 0
29682 3
29683 2
29684 0
29685 1
29686 0
29687 1
29688 2
29689 1
29690 2
29691 0
29692 1
29693 2
29694 0
29695 2
29696 1
29697 0
29698 1
29699 0
29700 1
29701 0
29702 1
29703 2
29704 0
29705 1
29706 0
29707 2
29708 3
29709 1
29710 0
29711 2
29712 1
29713 0
29714 1
29715 2
29716 3
29717 1
29718 2
29719 0
29720 1
29721 0
29722 2
29723 1
29724 0
29725 1
29726 0
29727 2
29728 3
29729 1
29730 0
29731 2
29732 1
29733 0
29734 2
29735 0
29736 2
29737 3
29738 0
29739 2
29740 1
29741 0
29742 2
29743 1
29744 0
29745 2
29746 1
29747 0
29748 2
29749 0
29750 2
29751 1
29752 0
29753 1
29754 2
29755 1
29756 2
29757 0
29758 1
29759 0
29760 2
29761 1
29762 0
29763 2
29764 0
29765 2
29766 0
29767 3
29768 2
29769 1
29770 0
29771 1
29772 2
29773 0
29774 2
29775 1
29776 0
29777 1
29778 0
29779 1
29780 0
29781 1
29782 0
29783 2
29784 1
29785 0
29786 2
29787 1
29788 0
29789 1
29790 2
29791 0
29792 2
29793 0
29794 1
29795 2
29796 0
29797 2
29798 1
29799 2
29800 1
29801 2
29802 1
29803 2
29804 0
29805 1
29806 2
29807 1
29808 2
29809 0
29810 2
29811 1
29812 0
29813 1
29814 3
29815 2
29816 1
29817 0
29818 2
29819 0
29820 1
29821 2
29822 0
29823 2
29824 3
29825 2
29826 1
29827 0
29828 2
29829 1
29830 0
29831 3
29832 0
29833 1
29834 0
29835 2
29836 1
29837 3
29838 2
29839 0
29840 2
29841 0
29842 2
29843 1
29844 0
29845 1
29846 2
29847 0
29848 1
29849 0
29850 1
29851 0
29852 1
29853 2
29854 0
29855 2
29856 3
29857 2
29858 0
29859 1
29860 0
29861 1
29862 2
29863 0
29864 1
29865 2
29866 1
29867 2
29868 1
29869 0
29870 2
29871 1
29872 0
29873 1
29874 0
29875 2
29876 1
29877 0
29878 2
29879 1
29880 0
29881 1
29882 2
29883 0
29884 1
29885 0
29886 1
29887 0
29888 1
29889 0
29890 2
29891 0
29892 1
29893 0
29894 2
29895 0
29896 2
29897 0
29898 1
29899 0
29900 1
29901 2
29902 0
29903 1
29904 2
29905 0
29906 1
29907 0
29908 1
29909 2
29910 0
29911 1
29912 0
29913 2
29914 1
29915 0
29916 2
29917 0
29918 2
29919 1
29920 0
29921 1
29922 2
29923 0
29924 2
29925 0
29926 1
29927 2
29928 0
29929 2
29930 1
29931 0
29932 2
29933 1
29934 0
29935 1
29936 2
29937 0
29938 2
29939 1
29940 2
29941 0
29942 1
29943 0
29944 2
29945 1
29946 0
29947 2
29948 1
29949 2
29950 1
29951 2
29952 0
29953 1
29954 0
29955 2
29956 1
29957 0
29958 2
29959 0
29960 2
29961 0
29962 1
29963 0
29964 1
29965 2
29966 0
29967 2
29968 0
29969 1
29970 2
29971 1
29972 0
29973 1
29974 2
29975 0
29976 1
29977 0
29978 1
29979 0
29980 1
29981 3
29982 2
29983 0
29984 2
29985 1
29986 2
29987 1
29988 0
29989 1
29990 0
29991 2
29992 0
29993 2
29994 0
29995 3
29996 0
29997 1
29998 2
29999 0
30000 2
30001 0
30002 2
30003 3
30004 1
30005 2
30006 0
30007 1
30008 0
30009 2
30010 1
30011 2
30012 0
30013 2
30014 3
30015 0
30016 3
30017 1
30018 0
30019 1
30020 2
30021 0
30022 2
30023 0
30024 1
30025 0
30026 2
30027 0
30028 2
30029 0
30030 2
30031 1
30032 2
30033 1
30034 0
30035 2
30036 0
30037 3
30038 1
30039 0
30040 2
30041 0
30042 1
30043 0
30044 1
30045 2
30046 0
30047 1
30048 0
30049 2
30050 1
30051 2
30052 1
30053 2
30054 1
30055 3
30056 2
30057 3
30058 2
30059 0
30060 1
30061 3
30062 2
30063 0
30064 1
30065 2
30066 0
30067 2
30068 1
30069 0
30070 1
30071 2
30072 0
30073 2
30074 1
30075 2
30076 0
30077 3
30078 1
30079 3
30080 0
30081 1
30082 0
30083 2
30084 0
30085 1
30086 2
30087 0
30088 1
30089 2
30090 0
30091 1
30092 0
30093 1
30094 2
30095 0
30096 2
30097 1
30098 0
30099 1
30100 0
30101 1
30102 0
30103 1
30104 2
30105 0
30106 1
30107 2
30108 0
30109 1
30110 0
30111 1
30112 0
30113 1
30114 2
30115 0
30116 1
30117 2
30118 0
30119 2
30120 0
30121 1
30122 0
30123 2
30124 1
30125 0
30126 1
30127 0
30128 2
30129 0
30130 2
30131 1
30132 0
30133 1
30134 0
30135 2
30136 0
30137 1
30138 2
30139 0
30140 1
30141 2
30142 0
30143 1
30144 0
30145 1
30146 2
30147 0
30148 1
30149 0
30150 2
30151 3
30152 0
30153 2
30154 1
30155 0
30156 1
30157 2
30158 1
30159 0
30160 1
30161 0
30162 1
30163 0
30164 2
30165 1
30166 2
30167 0
30168 1
30169 2
30170 3
30171 2
30172 1
30173 0
30174 1
30175 2
30176 3
30177 1
30178 0
30179 2
30180 1
30181 3
30182 0
30183 2
30184 1
30185 2
30186 1
30187 2
30188 0
30189 1
30190 2
30191 0
30192 1
30193 0
30194 3
30195 2
30196 0
30197 1
30198 0
30199 3
30200 2
30201 0
30202 1
30203 0
30204 1
30205 0
30206 2
30207 3
30208 1
30209 3
30210 0
30211 1
30212 0
30213 2
30214 1
30215 0
30216 1
30217 0
30218 2
30219 1
30220 0
30221 1
30222 0
30223 1
30224 0
30225 1
30226 2
30227 1
30228 2
30229 1
30230 2
30231 0
30232 2
30233 1
30234 3
30235 2
30236 1
30237 0
30238 1
30239 2
30240 0
30241 1
30242 2
30243 0
30244 1
30245 2
30246 1
30247 0
30248 2
30249 1
30250 2
30251 0
30252 1
30253 0
30254 1
30255 2
30256 1
30257 0
30258 1
30259 2
30260 0
30261 1
30262 2
30263 3
30264 0
30265 2
30266 0
30267 1
30268 2
30269 0
30270 3
30271 1
30272 2
30273 0
30274 2
30275 0
30276 2
30277 0
30278 1
30279 2
30280 1
30281 2
30282 1
30283 2
30284 0
30285 1
30286 0
30287 1
30288 2
30289 0
30290 3
30291 1
30292 2
30293 1
30294 0
30295 2
30296 0
30297 2
30298 1
30299 3
30300 1
30301 0
30302 1
30303 0
30304 2
30305 1
30306 2
30307 0
30308 1
30309 0
30310 1
30311 2
30312 1
30313 2
30314 1
30315 0
30316 2
30317 0
30318 3
30319 2
30320 0
30321 2
30322 1
30323 0
30324 2
30325 1
30326 2
30327 1
30328 0
30329 1
30330 0
30331 3
30332 1
30333 0
30334 3
30335 2
30336 0
30337 1
30338 0
30339 1
30340 0
30341 2
30342 0
30343 1
30344 2
30345 3
30346 0
30347 2
30348 1
30349 0
30350 2
30351 0
30352 2
30353 1
30354 0
30355 1
30356 2
30357 3
30358 1
30359 2
30360 1
30361 0
30362 1
30363 3
30364 2
30365 3
30366 1
30367 0
30368 2
30369 0
30370 3
30371 2
30372 0
30373 2
30374 1
30375 2
30376 3
30377 1
30378 2
30379 1
30380 2
30381 1
30382 2
30383 1
30384 3
30385 2
30386 1
30387 0
30388 1
30389 3
30390 1
30391 0
30392 1
30393 0
30394 2
30395 0
30396 1
30397 0
30398 1
30399 2
30400 0
30401 1
30402 2
30403 3
30404 1
30405 2
30406 3
30407 1
30408 2
30409 1
30410 2
30411 1
30412 2
30413 0
30414 1
30415 2
30416 3
30417 1
30418 2
30419 0
30420 1
30421 0
30422 1
30423 2
30424 1
30425 0
30426 1
30427 0
30428 1
30429 0
30430 1
30431 0
30432 2
30433 1
30434 0
30435 2
30436 1
30437 2
30438 0
30439 1
30440 0
30441 1
30442 0
30443 1
30444 0
30445 1
30446 0
30447 1
30448 2
30449 3
30450 1
30451 2
30452 1
30453 0
30454 1
30455 0
30456 1
30457 0
30458 1
30459 0
30460 1
30461 0
30462 2
30463 1
30464 2
30465 0
30466 1
30467 0
30468 1
30469 2
30470 0
30471 2
30472 1
30473 2
30474 1
30475 2
30476 0
30477 1
30478 0
30479 2
30480 1
30481 2
30482 0
30483 1
30484 0
30485 1
30486 0
30487 2
30488 0
30489 2
30490 0
30491 1
30492 0
30493 1
30494 0
30495 2
30496 1
30497 2
30498 0
30499 2
30500 1
30501 0
30502 1
30503 2
30504 0
30505 1
30506 2
30507 0
30508 1
30509 0
30510 1
30511 3
30512 2
30513 3
30514 1
30515 0
30516 1
30517 2
30518 1
30519 2
30520 1
30521 2
30522 0
30523 2
30524 1
30525 2
30526 1
30527 0
30528 2
30529 0
30530 2
30531 0
30532 1
30533 2
30534 0
30535 1
30536 0
30537 1
30538 2
30539 0
30540 1
30541 0
30542 2
30543 1
30544 2
30545 0
30546 1
30547 2
30548 0
30549 1
30550 2
30551 0
30552 1
30553 2
30554 0
30555 2
30556 3
30557 0
30558 1
30559 2
30560 0
30561 2
30562 1
30563 0
30564 3
30565 1
30566 0
30567 1
30568 2
30569 1
30570 2
30571 0
30572 1
30573 0
30574 1
30575 2
30576 0
30577 1
30578 2
30579 0
30580 2
30581 1
30582 0
30583 1
30584 0
30585 1
30586 0
30587 3
30588 2
30589 1
30590 0
30591 2
30592 3
30593 0
30594 1
30595 2
30596 1
30597 2
30598 0
30599 2
30600 0
30601 1
30602 2
30603 1
30604 2
30605 1
30606 2
30607 0
30608 1
30609 2
30610 0
30611 3
30612 1
30613 0
30614 1
30615 2
30616 0
30617 2
30618 0
30619 1
30620 0
30621 1
30622 2
30623 1
30624 0
30625 1
30626 3
30627 1
30628 0
30629 1
30630 0
30631 1
30632 2
30633 0
30634 1
30635 0
30636 2
30637 0
30638 1
30639 0
30640 1
30641 0
30642 2
30643 1
30644 0
30645 1
30646 0
30647 1
30648 0
30649 2
30650 0
30651 1
30652 0
30653 2
30654 0
30655 2
30656 0
30657 2
30658 0
30659 2
30660 1
30661 0
30662 1
30663 0
30664 1
30665 0
30666 2
30667 0
30668 1
30669 0
30670 1
30671 0
30672 2
30673 0
30674 1
30675 0
30676 2
30677 0
30678 1
30679 0
30680 3
30681 1
30682 2
30683 3
30684 1
30685 0
30686 1
30687 0
30688 1
30689 0
30690 2
30691 0
30692 1
30693 2
30694 0
30695 1
30696 0
30697 2
30698 0
30699 2
30700 1
30701 0
30702 1
30703 0
30704 1
30705 0
30706 2
30707 1
30708 0
30709 2
30710 1
30711 2
30712 3
30713 0
30714 1
30715 2
30716 1
30717 0
30718 2
30719 0
30720 1
30721 0
30722 1
30723 3
30724 2
30725 1
30726 2
30727 0
30728 3
30729 0
30730 1
30731 0
30732 1
30733 0
30734 1
30735 0
30736 1
30737 0
30738 2
30739 0
30740 2
30741 1
30742 2
30743 0
30744 1
30745 2
30746 1
30747 0
30748 1
30749 0
30750 1
30751 0
30752 1
30753 0
30754 2
30755 0
30756 1
30757 3
30758 2
30759 0
30760 2
30761 0
30762 1
30763 2
30764 0
30765 1
30766 2
30767 1
30768 0
30769 2
30770 1
30771 0
30772 2
30773 1
30774 2
30775 1
30776 2
30777 0
30778 1
30779 2
30780 0
30781 2
30782 0
30783 1
30784 0
30785 1
30786 0
30787 1
30788 2
30789 0
30790 1
30791 2
30792 3
30793 0
30794 2
30795 1
30796 0
30797 3
30798 1
30799 3
30800 0
30801 1
30802 0
30803 2
30804 1
30805 0
30806 1
30807 2
30808 0
30809 2
30810 0
30811 1
30812 0
30813 1
30814 2
30815 0
30816 1
30817 2
30818 0
30819 2
30820 1
30821 0
30822 2
30823 1
30824 2
30825 0
30826 1
30827 3
30828 2
30829 0
30830 3
30831 0
30832 1
30833 2
30834 0
30835 2
30836 1
30837 0
30838 2
30839 0
30840 2
30841 0
30842 1
30843 0
30844 2
30845 0
30846 2
30847 0
30848 1
30849 0
30850 1
30851 0
30852 2
30853 1
30854 0
30855 2
30856 1
30857 2
30858 1
30859 0
30860 2
30861 1
30862 0
30863 2
30864 0
30865 2
30866 1
30867 2
30868 1
30869 0
30870 1
30871 2
30872 3
30873 0
30874 2
30875 0
30876 3
30877 2
30878 0
30879 1
30880 2
30881 0
30882 1
30883 2
30884 0
30885 1
30886 0
30887 2
30888 0
30889 2
30890 1
30891 0
30892 1
30893 2
30894 1
30895 2
30896 1
30897 0
30898 1
30899 0
30900 3
30901 2
30902 0
30903 1
30904 3
30905 2
30906 1
30907 0
30908 1
30909 2
30910 0
30911 1
30912 0
30913 1
30914 2
30915 1
30916 3
30917 1
30918 0
30919 2
30920 0
30921 1
30922 2
30923 0
30924 3
30925 0
30926 1
30927 2
30928 1
30929 2
30930 3
30931 0
30932 1
30933 0
30934 1
30935 0
30936 1
30937 2
30938 1
30939 0
30940 2
30941 1
30942 0
30943 1
30944 0
30945 1
30946 2
30947 0
30948 2
30949 0
30950 1
30951 2
30952 0
30953 1
30954 0
30955 2
30956 3
30957 1
30958 2
30959 1
30960 0
30961 1
30962 2
30963 1
30964 0
30965 1
30966 0
30967 2
30968 3
30969 1
30970 2
30971 0
30972 1
30973 0
30974 2
30975 1
30976 2
30977 0
30978 2
30979 0
30980 1
30981 2
30982 3
30983 1
30984 0
30985 3
30986 1
30987 0
30988 2
30989 1
30990 0
30991 2
30992 0
30993 1
30994 0
30995 1
30996 2
30997 0
30998 1
30999 3
31000 0
31001 3
31002 2
31003 1
31004 2
31005 0
31006 1
31007 2
31008 1
31009 2
31010 0
31011 1
31012 0
31013 1
31014 0
31015 1
31016 2
31017 0
31018 1
31019 2
31020 1
31021 0
31022 1
31023 2
31024 0
31025 1
31026 2
31027 1
31028 0
31029 1
31030 2
31031 1
31032 2
31033 0
31034 2
31035 1
31036 2
31037 0
31038 3
31039 2
31040 0
31041 1
31042 0
31043 1
31044 2
31045 0
31046 3
31047 2
31048 0
31049 2
31050 1
31051 0
31052 2
31053 1
31054 2
31055 0
31056 1
31057 0
31058 1
31059 0
31060 2
31061 3
31062 0
31063 2
31064 0
31065 1
31066 2
31067 1
31068 2
31069 0
31070 1
31071 2
31072 1
31073 2
31074 0
31075 1
31076 2
31077 0
31078 2
31079 0
31080 1
31081 0
31082 1
31083 0
31084 1
31085 0
31086 1
31087 0
31088 2
31089 1
31090 2
31091 1
31092 2
31093 0
31094 3
31095 2
31096 0
31097 1
31098 0
31099 1
31100 2
31101 1
31102 2
31103 0
31104 1
31105 3
31106 2
31107 0
31108 1
31109 0
31110 1
31111 2
31112 0
31113 2
31114 0
31115 2
31116 1
31117 2
31118 1
31119 0
31120 1
31121 0
31122 1
31123 2
31124 1
31125 0
31126 2
31127 1
31128 2
31129 0
31130 1
31131 0
31132 2
31133 3
31134 1
31135 0
31136 2
31137 1
31138 0
31139 1
31140 2
31141 0
31142 2
31143 1
31144 2
31145 0
31146 2
31147 0
31148 2
31149 1
31150 0
31151 1
31152 2
31153 0
31154 1
31155 0
31156 1
31157 0
31158 2
31159 1
31160 0
31161 1
31162 2
31163 3
31164 0
31165 2
31166 1
31167 0
31168 1
31169 0
31170 1
31171 0
31172 1
31173 0
31174 1
31175 2
31176 1
31177 2
31178 1
31179 0
31180 1
31181 0
31182 2
31183 1
31184 0
31185 1
31186 2
31187 0
31188 1
31189 2
31190 1
31191 0
31192 1
31193 2
31194 1
31195 0
31196 2
31197 1
31198 0
31199 2
31200 1
31201 2
31202 0
31203 1
31204 2
31205 0
31206 2
31207 1
31208 0
31209 1
31210 0
31211 1
31212 2
31213 1
31214 0
31215 1
31216 0
31217 1
31218 0
31219 3
31220 1
31221 0
31222 1
31223 2
31224 3
31225 1
31226 2
31227 0
31228 2
31229 1
31230 0
31231 2
31232 1
31233 2
31234 0
31235 1
31236 0
31237 1
31238 0
31239 2
31240 1
31241 2
31242 0
31243 1
31244 2
31245 0
31246 2
31247 1
31248 0
31249 1
31250 2
31251 0
31252 1
31253 2
31254 0
31255 1
31256 0
31257 1
31258 2
31259 0
31260 2
31261 1
31262 2
31263 0
31264 1
31265 2
31266 0
31267 1
31268 0
31269 2
31270 0
31271 2
31272 1
31273 0
31274 1
31275 2
31276 1
31277 3
31278 2
31279 1
31280 0
31281 1
31282 0
31283 1
31284 0
31285 2
31286 1
31287 2
31288 4
31289 0
31290 2
31291 1
31292 2
31293 0
31294 2
31295 3
31296 0
31297 1
31298 0
31299 1
31300 2
31301 1
31302 2
31303 1
31304 0
31305 2
31306 1
31307 0
31308 2
31309 1
31310 0
31311 1
31312 2
31313 1
31314 2
31315 0
31316 1
31317 2
31318 0
31319 2
31320 0
31321 2
31322 0
31323 1
31324 2
31325 0
31326 1
31327 0
31328 2
31329 0
31330 2
31331 1
31332 0
31333 1
31334 2
31335 0
31336 2
31337 0
31338 1
31339 2
31340 0
31341 2
31342 0
31343 2
31344 1
31345 0
31346 1
31347 0
31348 2
31349 0
31350 1
31351 2
31352 0
31353 2
31354 1
31355 2
31356 1
31357 2
31358 1
31359 0
31360 1
31361 0
31362 2
31363 1
31364 2
31365 1
31366 0
31367 1
31368 0
31369 2
31370 0
31371 1
31372 2
31373 0
31374 2
31375 1
31376 2
31377 0
31378 1
31379 0
31380 2
31381 0
31382 2
31383 1
31384 0
31385 2
31386 1
31387 0
31388 1
31389 0
31390 1
31391 0
31392 2
31393 0
31394 1
31395 2
31396 0
31397 2
31398 1
31399 2
31400 0
31401 2
31402 1
31403 0
31404 2
31405 1
31406 0
31407 1
31408 0
31409 1
31410 0
31411 2
31412 1
31413 0
31414 1
31415 2
31416 3
31417 0
31418 2
31419 1
31420 0
31421 1
31422 2
31423 1
31424 3
31425 2
31426 0
31427 2
31428 1
31429 2
31430 1
31431 0
31432 1
31433 2
31434 0
31435 1
31436 3
31437 2
31438 1
31439 0
31440 2
31441 1
31442 0
31443 2
31444 1
31445 2
31446 0
31447 2
31448 1
31449 2
31450 3
31451 0
31452 2
31453 1
31454 0
31455 1
31456 2
31457 0
31458 3
31459 2
31460 1
31461 0
31462 2
31463 1
31464 3
31465 2
31466 0
31467 2
31468 1
31469 2
31470 3
31471 2
31472 1
31473 0
31474 2
31475 0
31476 1
31477 0
31478 2
31479 1
31480 0
31481 2
31482 1
31483 0
31484 3
31485 2
31486 1
31487 0
31488 1
31489 2
31490 1
31491 2
31492 1
31493 0
31494 2
31495 0
31496 1
31497 0
31498 1
31499 0
31500 3
31501 1
31502 2
31503 1
31504 2
31505 0
31506 2
31507 1
31508 2
31509 0
31510 1
31511 2
31512 0
31513 1
31514 2
31515 1
31516 0
31517 2
31518 1
31519 0
31520 1
31521 2
31522 1
31523 0
31524 2
31525 1
31526 0
31527 1
31528 0
31529 1
31530 0
31531 1
31532 0
31533 2
31534 1
31535 0
31536 2
31537 1
31538 2
31539 1
31540 2
31541 3
31542 0
31543 2
31544 1
31545 0
31546 2
31547 0
31548 1
31549 2
31550 0
31551 2
31552 0
31553 1
31554 0
31555 1
31556 2
31557 0
31558 2
31559 0
31560 1
31561 0
31562 1
31563 0
31564 1
31565 0
31566 2
31567 0
31568 1
31569 0
31570 1
31571 0
31572 1
31573 2
31574 0
31575 2
31576 1
31577 2
31578 0
31579 2
31580 1
31581 0
31582 2
31583 1
31584 2
31585 0
31586 2
31587 0
31588 1
31589 2
31590 3
31591 1
31592 0
31593 3
31594 1
31595 2
31596 1
31597 0
31598 2
31599 3
31600 1
31601 0
31602 2
31603 0
31604 1
31605 0
31606 1
31607 2
31608 1
31609 0
31610 2
31611 3
31612 1
31613 2
31614 0
31615 1
31616 0
31617 2
31618 0
31619 1
31620 0
31621 1
31622 2
31623 0
31624 1
31625 2
31626 3
31627 1
31628 2
31629 0
31630 2
31631 1
31632 2
31633 0
31634 2
31635 1
31636 0
31637 1
31638 2
31639 3
31640 0
31641 2
31642 1
31643 2
31644 0
31645 1
31646 0
31647 1
31648 2
31649 1
31650 0
31651 2
31652 1
31653 3
31654 1
31655 2
31656 0
31657 3
31658 1
31659 0
31660 1
31661 2
31662 1
31663 2
31664 1
31665 2
31666 1
31667 0
31668 2
31669 1
31670 3
31671 2
31672 3
31673 1
31674 0
31675 2
31676 1
31677 0
31678 1
31679 0
31680 1
31681 2
31682 1
31683 0
31684 2
31685 0
31686 2
31687 3
31688 1
31689 3
31690 2
31691 1
31692 0
31693 1
31694 2
31695 1
31696 2
31697 1
31698 0
31699 2
31700 1
31701 0
31702 2
31703 0
31704 2
31705 0
31706 1
31707 0
31708 1
31709 0
31710 1
31711 0
31712 2
31713 0
31714 1
31715 0
31716 2
31717 1
31718 2
31719 1
31720 2
31721 0
31722 1
31723 2
31724 1
31725 0
31726 2
31727 3
31728 0
31729 2
31730 1
31731 3
31732 2
31733 1
31734 0
31735 1
31736 0
31737 1
31738 2
31739 1
31740 0
31741 2
31742 1
31743 2
31744 0
31745 2
31746 0
31747 1
31748 2
31749 1
31750 0
31751 2
31752 1
31753 2
31754 0
31755 1
31756 0
31757 1
31758 0
31759 2
31760 0
31761 1
31762 0
31763 2
31764 1
31765 0
31766 1
31767 0
31768 1
31769 2
31770 0
31771 1
31772 2
31773 0
31774 2
31775 0
31776 2
31777 1
31778 0
31779 3
31780 2
31781 1
31782 0
31783 2
31784 1
31785 2
31786 0
31787 1
31788 0
31789 2
31790 1
31791 0
31792 1
31793 2
31794 0
31795 2
31796 3
31797 1
31798 0
31799 2
31800 1
31801 0
31802 1
31803 2
31804 0
31805 1
31806 2
31807 0
31808 2
31809 3
31810 0
31811 1
31812 2
31813 1
31814 2
31815 0
31816 1
31817 2
31818 1
31819 0
31820 1
31821 2
31822 3
31823 1
31824 2
31825 0
31826 2
31827 1
31828 0
31829 2
31830 1
31831 0
31832 1
31833 2
31834 0
31835 2
31836 0
31837 1
31838 0
31839 2
31840 0
31841 1
31842 0
31843 1
31844 2
31845 0
31846 1
31847 0
31848 1
31849 0
31850 1
31851 0
31852 2
31853 1
31854 0
31855 2
31856 1
31857 2
31858 0
31859 2
31860 0
31861 1
31862 0
31863 1
31864 2
31865 0
31866 1
31867 2
31868 0
31869 1
31870 0
31871 1
31872 0
31873 1
31874 2
31875 0
31876 2
31877 0
31878 3
31879 2
31880 1
31881 0
31882 1
31883 2
31884 3
31885 0
31886 2
31887 1
31888 2
31889 1
31890 3
31891 1
31892 2
31893 0
31894 2
31895 1
31896 0
31897 1
31898 0
31899 1
31900 0
31901 2
31902 0
31903 1
31904 2
31905 1
31906 2
31907 0
31908 1
31909 0
31910 2
31911 0
31912 2
31913 1
31914 0
31915 1
31916 0
31917 2
31918 3
31919 1
31920 0
31921 2
31922 1
31923 2
31924 0
31925 1
31926 2
31927 0
31928 1
31929 2
31930 0
31931 1
31932 2
31933 3
31934 1
31935 3
31936 0
31937 1
31938 2
31939 1
31940 2
31941 0
31942 2
31943 1
31944 2
31945 0
31946 1
31947 2
31948 1
31949 0
31950 3
31951 1
31952 2
31953 0
31954 2
31955 1
31956 0
31957 2
31958 1
31959 0
31960 1
31961 2
31962 0
31963 2
31964 3
31965 1
31966 2
31967 1
31968 2
31969 1
31970 0
31971 1
31972 2
31973 1
31974 0
31975 1
31976 0
31977 1
31978 0
31979 1
31980 0
31981 2
31982 1
31983 0
31984 2
31985 1
31986 0
31987 2
31988 1
31989 0
31990 2
31991 1
31992 2
31993 3
31994 1
31995 3
31996 2
31997 1
31998 0
31999 2
32000 1
32001 0
32002 2
32003 0
32004 1
32005 2
32006 0
32007 1
32008 0
32009 1
32010 2
32011 0
32012 2
32013 1
32014 2
32015 0
32016 1
32017 0
32018 2
32019 1
32020 2
32021 1
32022 0
32023 1
32024 0
32025 2
32026 1
32027 2
32028 0
32029 1
32030 3
32031 2
32032 0
32033 2
32034 1
32035 0
32036 3
32037 0
32038 2
32039 0
32040 2
32041 1
32042 0
32043 1
32044 0
32045 1
32046 0
32047 3
32048 1
32049 0
32050 1
32051 3
32052 2
32053 3
32054 2
32055 1
32056 2
32057 0
32058 1
32059 2
32060 0
32061 2
32062 3
32063 0
32064 3
32065 0
32066 1
32067 3
32068 2
32069 0
32070 1
32071 0
32072 2
32073 1
32074 0
32075 1
32076 2
32077 0
32078 1
32079 0
32080 1
32081 2
32082 0
32083 1
32084 2
32085 1
32086 0
32087 1
32088 2
32089 0
32090 1
32091 0
32092 1
32093 2
32094 0
32095 2
32096 0
32097 1
32098 2
32099 0
32100 2
32101 0
32102 1
32103 3
32104 2
32105 0
32106 1
32107 0
32108 3
32109 0
32110 3
32111 2
32112 1
32113 0
32114 1
32115 2
32116 0
32117 1
32118 0
32119 2
32120 0
32121 2
32122 1
32123 0
32124 2
32125 1
32126 0
32127 1
32128 0
32129 1
32130 0
32131 2
32132 1
32133 2
32134 1
32135 0
32136 2
32137 3
32138 0
32139 1
32140 0
32141 1
32142 2
32143 0
32144 1
32145 2
32146 0
32147 1
32148 0
32149 1
32150 0
32151 1
32152 2
32153 0
32154 1
32155 0
32156 1
32157 0
32158 1
32159 2
32160 1
32161 0
32162 1
32163 2
32164 0
32165 2
32166 0
32167 1
32168 0
32169 3
32170 1
32171 3
32172 0
32173 2
32174 0
32175 2
32176 1
32177 2
32178 1
32179 0
32180 2
32181 1
32182 0
32183 3
32184 2
32185 3
32186 0
32187 1
32188 2
32189 1
32190 0
32191 1
32192 2
32193 0
32194 2
32195 0
32196 2
32197 1
32198 2
32199 0
32200 1
32201 2
32202 0
32203 2
32204 1
32205 2
32206 0
32207 2
32208 3
32209 1
32210 0
32211 2
32212 1
32213 0
32214 1
32215 0
32216 2
32217 0
32218 2
32219 1
32220 2
32221 1
32222 0
32223 2
32224 1
32225 0
32226 1
32227 2
32228 1
32229 2
32230 3
32231 0
32232 2
32233 0
32234 1
32235 0
32236 1
32237 0
32238 1
32239 2
32240 0
32241 1
32242 2
32243 3
32244 1
32245 0
32246 2
32247 3
32248 1
32249 0
32250 1
32251 3
32252 0
32253 1
32254 0
32255 2
32256 1
32257 2
32258 0
32259 2
32260 1
32261 2
32262 1
32263 0
32264 2
32265 1
32266 0
32267 1
32268 2
32269 0
32270 1
32271 2
32272 0
32273 2
32274 1
32275 2
32276 1
32277 0
32278 1
32279 0
32280 1
32281 2
32282 1
32283 2
32284 3
32285 0
32286 1
32287 2
32288 0
32289 1
32290 0
32291 1
32292 0
32293 1
32294 2
32295 0
32296 1
32297 0
32298 2
32299 1
32300 2
32301 1
32302 0
32303 1
32304 0
32305 1
32306 2
32307 0
32308 2
32309 0
32310 1
32311 0
32312 1
32313 0
32314 1
32315 0
32316 2
32317 3
32318 1
32319 2
32320 1
32321 0
32322 1
32323 0
32324 2
32325 1
32326 3
32327 2
32328 0
32329 2
32330 1
32331 0
32332 1
32333 0
32334 2
32335 1
32336 2
32337 0
32338 1
32339 0
32340 1
32341 2
32342 3
32343 0
32344 2
32345 1
32346 0
32347 1
32348 0
32349 1
32350 2
32351 1
32352 2
32353 1
32354 2
32355 0
32356 2
32357 1
32358 0
32359 2
32360 1
32361 0
32362 1
32363 2
32364 0
32365 1
32366 2
32367 0
32368 2
32369 1
32370 2
32371 0
32372 1
32373 0
32374 2
32375 0
32376 1
32377 2
32378 0
32379 2
32380 1
32381 0
32382 1
32383 2
32384 0
32385 1
32386 0
32387 1
32388 0
32389 2
32390 0
32391 2
32392 0
32393 1
32394 0
32395 1
32396 2
32397 1
32398 0
32399 2
32400 1
32401 0
32402 1
32403 2
32404 0
32405 2
32406 3
32407 1
32408 0
32409 1
32410 3
32411 1
32412 0
32413 1
32414 0
32415 1
32416 2
32417 1
32418 2
32419 0
32420 1
32421 0
32422 1
32423 3
32424 0
32425 2
32426 1
32427 2
32428 1
32429 2
32430 0
32431 1
32432 0
32433 2
32434 1
32435 0
32436 1
32437 2
32438 0
32439 2
32440 1
32441 0
32442 1
32443 0
32444 2
32445 1
32446 2
32447 1
32448 2
32449 0
32450 2
32451 3
32452 1
32453 2
32454 0
32455 1
32456 2
32457 1
32458 0
32459 2
32460 1
32461 2
32462 0
32463 3
32464 1
32465 3
32466 2
32467 1
32468 2
32469 1
32470 2
32471 0
32472 1
32473 0
32474 1
32475 2
32476 1
32477 2
32478 0
32479 1
32480 0
32481 2
32482 0
32483 1
32484 2
32485 0
32486 2
32487 0
32488 2
32489 1
32490 0
32491 1
32492 0
32493 2
32494 1
32495 2
32496 3
32497 1
32498 0
32499 2
32500 1
32501 2
32502 1
32503 2
32504 0
32505 2
32506 0
32507 1
32508 2
32509 0
32510 1
32511 0
32512 1
32513 0
32514 2
32515 0
32516 3
32517 1
32518 0
32519 1
32520 0
32521 2
32522 3
32523 1
32524 0
32525 1
32526 0
32527 1
32528 0
32529 2
32530 1
32531 2
32532 0
32533 3
32534 2
32535 1
32536 0
32537 1
32538 2
32539 0
32540 2
32541 1
32542 2
32543 0
32544 1
32545 2
32546 0
32547 1
32548 0
32549 2
32550 1
32551 0
32552 1
32553 0
32554 2
32555 0
32556 1
32557 0
32558 1
32559 0
32560 1
32561 0
32562 1
32563 0
32564 2
32565 1
32566 2
32567 0
32568 3
32569 0
32570 1
32571 0
32572 1
32573 2
32574 3
32575 1
32576 3
32577 0
32578 2
32579 1
32580 2
32581 0
32582 1
32583 0
32584 2
32585 0
32586 1
32587 2
32588 1
32589 0
32590 1
32591 0
32592 1
32593 0
32594 1
32595 2
32596 0
32597 1
32598 3
32599 0
32600 1
32601 2
32602 3
32603 1
32604 0
32605 1
32606 2
32607 0
32608 2
32609 1
32610 2
32611 0
32612 2
32613 1
32614 2
32615 1
32616 2
32617 0
32618 1
32619 3
32620 0
32621 1
32622 2
32623 1
32624 0
32625 2
32626 1
32627 2
32628 0
32629 2
32630 1
32631 2
32632 0
32633 1
32634 0
32635 1
32636 2
32637 0
32638 1
32639 0
32640 2
32641 1
32642 0
32643 1
32644 0
32645 1
32646 0
32647 1
32648 0
32649 2
32650 1
32651 0
32652 1
32653 2
32654 0
32655 1
32656 2
32657 1
32658 0
32659 1
32660 2
32661 0
32662 1
32663 2
32664 1
32665 2
32666 0
32667 1
32668 0
32669 2
32670 0
32671 1
32672 0
32673 1
32674 3
32675 0
32676 2
32677 0
32678 1
32679 0
32680 1
32681 0
32682 2
32683 3
32684 1
32685 2
32686 0
32687 2
32688 1
32689 0
32690 1
32691 2
32692 0
32693 1
32694 0
32695 1
32696 0
32697 1
32698 0
32699 2
32700 1
32701 0
32702 1
32703 0
32704 1
32705 0
32706 2
32707 0
32708 1
32709 0
32710 2
32711 0
32712 1
32713 3
32714 2
32715 0
32716 1
32717 0
32718 1
32719 0
32720 1
32721 0
32722 2
32723 3
32724 4
32725 2
32726 0
32727 1
32728 0
32729 1
32730 2
32731 1
32732 3
32733 2
32734 1
32735 2
32736 1
32737 2
32738 1
32739 0
32740 2
32741 3
32742 1
32743 2
32744 1
32745 2
32746 1
32747 0
32748 1
32749 0
32750 1
32751 2
32752 0
32753 2
32754 1
32755 0
32756 2
32757 0
32758 1
32759 0
32760 1
32761 3
32762 2
32763 0
32764 2
32765 1
32766 0
32767 2
32768 1
32769 0
32770 1
32771 0
32772 2
32773 0
32774 2
32775 1
32776 0
32777 1
32778 0
32779 2
32780 1
32781 2
32782 0
32783 2
32784 1
32785 2
32786 3
32787 1
32788 0
32789 2
32790 1
32791 2
32792 0
32793 2
32794 1
32795 0
32796 1
32797 0
32798 2
32799 0
32800 2
32801 0
32802 2
32803 0
32804 1
32805 0
32806 1
32807 2
32808 0
32809 1
32810 2
32811 0
32812 2
32813 0
32814 1
32815 2
32816 0
32817 1
32818 0
32819 1
32820 2
32821 0
32822 2
32823 1
32824 2
32825 0
32826 2
32827 1
32828 2
32829 0
32830 2
32831 1
32832 0
32833 1
32834 3
32835 2
32836 1
32837 0
32838 2
32839 1
32840 2
32841 1
32842 2
32843 1
32844 0
32845 1
32846 0
32847 1
32848 0
32849 2
32850 1
32851 0
32852 2
32853 0
32854 1
32855 2
32856 1
32857 3
32858 2
32859 1
32860 0
32861 2
32862 0
32863 1
32864 0
32865 2
32866 1
32867 0
32868 1
32869 0
32870 2
32871 1
32872 0
32873 3
32874 1
32875 2
32876 0
32877 1
32878 2
32879 1
32880 0
32881 2
32882 1
32883 2
32884 0
32885 2
32886 0
32887 1
32888 0
32889 2
32890 1
32891 2
32892 1
32893 0
32894 3
32895 2
32896 0
32897 2
32898 3
32899 0
32900 1
32901 2
32902 1
32903 0
32904 2
32905 1
32906 0
32907 2
32908 1
32909 0
32910 2
32911 1
32912 0
32913 1
32914 3
32915 1
32916 0
32917 2
32918 1
32919 0
32920 2
32921 0
32922 1
32923 2
32924 0
32925 1
32926 2
32927 0
32928 2
32929 0
32930 1
32931 2
32932 0
32933 1
32934 2
32935 0
32936 1
32937 3
32938 0
32939 2
32940 1
32941 0
32942 1
32943 3
32944 2
32945 1
32946 2
32947 0
32948 2
32949 1
32950 0
32951 2
32952 1
32953 2
32954 0
32955 1
32956 0
32957 1
32958 3
32959 1
32960 0
32961 1
32962 0
32963 2
32964 1
32965 2
32966 1
32967 0
32968 1
32969 0
32970 1
32971 2
32972 1
32973 2
32974 0
32975 1
32976 0
32977 1
32978 2
32979 1
32980 0
32981 1
32982 0
32983 1
32984 0
32985 1
32986 2
32987 1
32988 0
32989 1
32990 2
32991 3
32992 1
32993 2
32994 3
32995 1
32996 2
32997 1
32998 0
32999 1
33000 2
33001 1
33002 2
33003 1
33004 2
33005 0
33006 1
33007 2
33008 0
33009 1
33010 2
33011 3
33012 1
33013 2
33014 0
33015 1
33016 2
33017 0
33018 3
33019 2
33020 3
33021 0
33022 1
33023 2
33024 1
33025 0
33026 2
33027 1
33028 2
33029 1
33030 0
33031 1
33032 2
33033 3
33034 1
33035 0
33036 2
33037 0
33038 1
33039 0
33040 2
33041 1
33042 2
33043 0
33044 1
33045 0
33046 1
33047 0
33048 1
33049 2
33050 0
33051 1
33052 2
33053 0
33054 1
33055 2
33056 0
33057 2
33058 1
33059 0
33060 1
33061 2
33062 3
33063 0
33064 1
33065 0
33066 1
33067 0
33068 1
33069 0
33070 1
33071 0
33072 1
33073 0
33074 2
33075 1
33076 0
33077 2
33078 3
33079 2
33080 1
33081 0
33082 2
33083 1
33084 0
33085 2
33086 0
33087 2
33088 1
33089 2
33090 1
33091 0
33092 2
33093 1
33094 0
33095 1
33096 2
33097 0
33098 2
33099 1
33100 2
33101 0
33102 2
33103 1
33104 0
33105 2
33106 0
33107 3
33108 1
33109 3
33110 0
33111 1
33112 2
33113 0
33114 2
33115 0
33116 1
33117 2
33118 0
33119 1
33120 2
33121 1
33122 0
33123 1
33124 0
33125 1
33126 0
33127 1
33128 2
33129 0
33130 3
33131 1
33132 3
33133 0
33134 1
33135 0
33136 1
33137 2
33138 0
33139 2
33140 1
33141 2
33142 0
33143 1
33144 0
33145 1
33146 0
33147 2
33148 0
33149 1
33150 2
33151 1
33152 2
33153 0
33154 3
33155 2
33156 1
33157 0
33158 1
33159 2
33160 0
33161 1
33162 2
33163 0
33164 2
33165 1
33166 2
33167 1
33168 0
33169 2
33170 3
33171 0
33172 2
33173 0
33174 2
33175 0
33176 1
33177 0
33178 2
33179 1
33180 0
33181 2
33182 0
33183 2
33184 0
33185 1
33186 0
33187 1
33188 2
33189 0
33190 2
33191 1
33192 2
33193 0
33194 1
33195 0
33196 2
33197 3
33198 0
33199 1
33200 0
33201 2
33202 1
33203 0
33204 2
33205 1
33206 0
33207 1
33208 2
33209 1
33210 0
33211 1
33212 2
33213 3
33214 0
33215 2
33216 1
33217 0
33218 1
33219 2
33220 0
33221 1
33222 0
33223 2
33224 3
33225 1
33226 3
33227 0
33228 1
33229 0
33230 1
33231 0
33232 1
33233 3
33234 2
33235 1
33236 0
33237 1
33238 2
33239 0
33240 1
33241 2
33242 1
33243 2
33244 0
33245 2
33246 1
33247 2
33248 1
33249 2
33250 0
33251 2
33252 1
33253 2
33254 0
33255 2
33256 0
33257 2
33258 0
33259 2
33260 0
33261 1
33262 0
33263 2
33264 1
33265 2
33266 1
33267 2
33268 0
33269 1
33270 2
33271 0
33272 1
33273 0
33274 2
33275 1
33276 0
33277 1
33278 2
33279 1
33280 2
33281 1
33282 3
33283 2
33284 0
33285 2
33286 0
33287 2
33288 1
33289 2
33290 1
33291 0
33292 2
33293 0
33294 1
33295 0
33296 2
33297 0
33298 2
33299 1
33300 2
33301 0
33302 1
33303 2
33304 3
33305 0
33306 2
33307 0
33308 1
33309 3
33310 0
33311 2
33312 3
33313 0
33314 1
33315 2
33316 0
33317 1
33318 3
33319 2
33320 1
33321 0
33322 1
33323 0
33324 1
33325 0
33326 1
33327 2
33328 3
33329 2
33330 0
33331 2
33332 1
33333 2
33334 1
33335 0
33336 1
33337 0
33338 2
33339 0
33340 1
33341 0
33342 2
33343 1
33344 0
33345 1
33346 2
33347 1
33348 0
33349 1
33350 2
33351 1
33352 2
33353 1
33354 0
33355 1
33356 2
33357 0
33358 1
33359 0
33360 1
33361 0
33362 1
33363 0
33364 1
33365 2
33366 0
33367 2
33368 0
33369 1
33370 2
33371 1
33372 2
33373 1
33374 0
33375 1
33376 2
33377 3
33378 0
33379 1
33380 0
33381 1
33382 2
33383 0
33384 1
33385 2
33386 0
33387 2
33388 1
33389 2
33390 0
33391 1
33392 2
33393 0
33394 2
33395 1
33396 3
33397 2
33398 0
33399 1
33400 0
33401 2
33402 0
33403 2
33404 1
33405 2
33406 0
33407 1
33408 0
33409 2
33410 0
33411 1
33412 2
33413 0
33414 1
33415 0
33416 1
33417 2
33418 1
33419 0
33420 1
33421 0
33422 2
33423 1
33424 0
33425 2
33426 3
33427 0
33428 3
33429 1
33430 0
33431 1
33432 2
33433 0
33434 1
33435 2
33436 1
33437 0
33438 2
33439 1
33440 3
33441 0
33442 1
33443 0
33444 2
33445 1
33446 3
33447 2
33448 3
33449 2
33450 1
33451 0
33452 1
33453 0
33454 1
33455 0
33456 2
33457 1
33458 2
33459 0
33460 2
33461 3
33462 2
33463 3
33464 1
33465 3
33466 2
33467 1
33468 2
33469 0
33470 2
33471 0
33472 2
33473 3
33474 0
33475 1
33476 0
33477 2
33478 0
33479 1
33480 2
33481 1
33482 0
33483 1
33484 2
33485 0
33486 1
33487 2
33488 1
33489 0
33490 1
33491 0
33492 2
33493 0
33494 2
33495 0
33496 2
33497 1
33498 2
33499 0
33500 1
33501 2
33502 0
33503 2
33504 0
33505 2
33506 1
33507 0
33508 1
33509 2
33510 0
33511 1
33512 0
33513 2
33514 1
33515 0
33516 1
33517 0
33518 1
33519 0
33520 2
33521 1
33522 2
33523 1
33524 0
33525 2
33526 1
33527 2
33528 1
33529 2
33530 0
33531 2
33532 1
33533 0
33534 1
33535 0
33536 2
33537 3
33538 0
33539 1
33540 0
33541 1
33542 2
33543 0
33544 1
33545 0
33546 1
33547 2
33548 0
33549 2
33550 0
33551 2
33552 1
33553 0
33554 2
33555 1
33556 2
33557 0
33558 1
33559 0
33560 1
33561 0
33562 1
33563 0
33564 3
33565 1
33566 2
33567 0
33568 2
33569 1
33570 0
33571 1
33572 0
33573 3
33574 2
33575 1
33576 2
33577 1
33578 2
33579 0
33580 2
33581 1
33582 0
33583 2
33584 1
33585 2
33586 0
33587 2
33588 1
33589 0
33590 3
33591 0
33592 2
33593 1
33594 2
33595 1
33596 0
33597 2
33598 1
33599 0
33600 2
33601 1
33602 0
33603 2
33604 1
33605 3
33606 0
33607 2
33608 1
33609 2
33610 0
33611 2
33612 1
33613 0
33614 1
33615 0
33616 1
33617 2
33618 0
33619 1
33620 2
33621 0
33622 2
33623 0
33624 1
33625 0
33626 1
33627 2
33628 0
33629 2
33630 0
33631 1
33632 0
33633 1
33634 0
33635 2
33636 1
33637 0
33638 1
33639 2
33640 0
33641 1
33642 0
33643 1
33644 2
33645 0
33646 2
33647 1
33648 2
33649 1
33650 2
33651 1
33652 0
33653 1
33654 2
33655 0
33656 2
33657 0
33658 2
33659 1
33660 0
33661 1
33662 2
33663 1
33664 0
33665 1
33666 2
33667 0
33668 2
33669 0
33670 1
33671 2
33672 3
33673 0
33674 1
33675 0
33676 1
33677 0
33678 1
33679 0
33680 1
33681 2
33682 0
33683 1
33684 0
33685 2
33686 0
33687 2
33688 1
33689 2
33690 0
33691 1
33692 0
33693 3
33694 2
33695 1
33696 0
33697 2
33698 1
33699 0
33700 1
33701 0
33702 1
33703 2
33704 0
33705 2
33706 0
33707 1
33708 0
33709 2
33710 1
33711 0
33712 1
33713 0
33714 2
33715 1
33716 0
33717 1
33718 0
33719 1
33720 2
33721 0
33722 1
33723 2
33724 1
33725 0
33726 1
33727 0
33728 1
33729 0
33730 1
33731 0
33732 2
33733 1
33734 2
33735 1
33736 2
33737 0
33738 1
33739 2
33740 0
33741 1
33742 0
33743 2
33744 1
33745 2
33746 0
33747 1
33748 2
33749 0
33750 3
33751 2
33752 0
33753 1
33754 3
33755 1
33756 2
33757 1
33758 2
33759 0
33760 1
33761 0
33762 1
33763 0
33764 1
33765 0
33766 2
33767 1
33768 0
33769 1
33770 2
33771 1
33772 0
33773 2
33774 0
33775 1
33776 2
33777 0
33778 2
33779 1
33780 0
33781 2
33782 1
33783 2
33784 1
33785 0
33786 2
33787 0
33788 1
33789 0
33790 2
33791 1
33792 2
33793 0
33794 1
33795 3
33796 0
33797 2
33798 0
33799 1
33800 0
33801 3
33802 2
33803 1
33804 0
33805 2
33806 1
33807 3
33808 0
33809 1
33810 0
33811 1
33812 0
33813 3
33814 1
33815 0
33816 1
33817 0
33818 3
33819 2
33820 0
33821 1
33822 0
33823 1
33824 0
33825 2
33826 1
33827 0
33828 1
33829 2
33830 0
33831 2
33832 0
33833 1
33834 0
33835 2
33836 0
33837 1
33838 2
33839 3
33840 1
33841 0
33842 3
33843 2
33844 0
33845 1
33846 2
33847 0
33848 2
33849 0
33850 1
33851 2
33852 1
33853 0
33854 1
33855 0
33856 2
33857 1
33858 0
33859 1
33860 2
33861 0
33862 2
33863 1
33864 0
33865 1
33866 2
33867 0
33868 2
33869 1
33870 0
33871 1
33872 0
33873 2
33874 0
33875 2
33876 3
33877 0
33878 1
33879 2
33880 0
33881 2
33882 0
33883 2
33884 1
33885 0
33886 2
33887 0
33888 1
33889 2
33890 1
33891 2
33892 1
33893 0
33894 1
33895 2
33896 1
33897 2
33898 1
33899 2
33900 0
33901 2
33902 1
33903 2
33904 0
33905 1
33906 0
33907 2
33908 0
33909 2
33910 1
33911 0
33912 2
33913 1
33914 0
33915 2
33916 1
33917 0
33918 1
33919 3
33920 2
33921 1
33922 0
33923 1
33924 0
33925 3
33926 2
33927 0
33928 3
33929 1
33930 2
33931 0
33932 2
33933 3
33934 0
33935 2
33936 1
33937 0
33938 2
33939 1
33940 0
33941 2
33942 1
33943 3
33944 0
33945 1
33946 0
33947 1
33948 0
33949 1
33950 2
33951 1
33952 2
33953 1
33954 0
33955 2
33956 0
33957 2
33958 3
33959 1
33960 0
33961 1
33962 2
33963 1
33964 3
33965 2
33966 1
33967 0
33968 2
33969 1
33970 0
33971 1
33972 3
33973 2
33974 1
33975 0
33976 2
33977 1
33978 2
33979 1
33980 0
33981 1
33982 2
33983 1
33984 0
33985 2
33986 1
33987 0
33988 1
33989 0
33990 1
33991 2
33992 0
33993 2
33994 3
33995 1
33996 0
33997 2
33998 1
33999 0
34000 2
34001 3
34002 0
34003 1
34004 0
34005 2
34006 1
34007 2
34008 0
34009 1
34010 2
34011 0
34012 2
34013 0
34014 2
34015 1
34016 0
34017 1
34018 0
34019 2
34020 3
34021 1
34022 0
34023 1
34024 0
34025 2
34026 1
34027 2
34028 1
34029 0
34030 2
34031 1
34032 2
34033 0
34034 2
34035 1
34036 2
34037 0
34038 1
34039 0
34040 1
34041 2
34042 1
34043 0
34044 1
34045 2
34046 0
34047 2
34048 1
34049 2
34050 1
34051 3
34052 2
34053 0
34054 2
34055 1
34056 0
34057 2
34058 1
34059 0
34060 2
34061 1
34062 2
34063 1
34064 0
34065 2
34066 3
34067 1
34068 0
34069 1
34070 0
34071 1
34072 2
34073 0
34074 2
34075 1
34076 0
34077 2
34078 1
34079 0
34080 1
34081 0
34082 1
34083 0
34084 1
34085 2
34086 0
34087 1
34088 0
34089 2
34090 0
34091 2
34092 1
34093 0
34094 1
34095 2
34096 0
34097 2
34098 1
34099 0
34100 2
34101 1
34102 0
34103 2
34104 1
34105 2
34106 1
34107 0
34108 1
34109 2
34110 0
34111 2
34112 1
34113 0
34114 1
34115 0
34116 2
34117 1
34118 0
34119 3
34120 1
34121 0
34122 2
34123 1
34124 2
34125 1
34126 3
34127 0
34128 1
34129 0
34130 1
34131 3
34132 0
34133 2
34134 0
34135 1
34136 0
34137 2
34138 1
34139 0
34140 1
34141 2
34142 0
34143 1
34144 0
34145 1
34146 2
34147 0
34148 1
34149 2
34150 0
34151 2
34152 1
34153 0
34154 1
34155 2
34156 0
34157 1
34158 2
34159 1
34160 2
34161 1
34162 2
34163 0
34164 1
34165 2
34166 1
34167 0
34168 2
34169 1
34170 0
34171 2
34172 0
34173 2
34174 1
34175 0
34176 1
34177 2
34178 0
34179 1
34180 0
34181 1
34182 2
34183 3
34184 0
34185 1
34186 2
34187 0
34188 2
34189 1
34190 0
34191 1
34192 0
34193 1
34194 2
34195 0
34196 2
34197 1
34198 0
34199 2
34200 3
34201 0
34202 2
34203 0
34204 1
34205 2
34206 3
34207 1
34208 2
34209 0
34210 1
34211 2
34212 1
34213 2
34214 0
34215 2
34216 0
34217 2
34218 1
34219 2
34220 1
34221 0
34222 2
34223 1
34224 3
34225 2
34226 1
34227 0
34228 2
34229 1
34230 2
34231 0
34232 2
34233 1
34234 0
34235 1
34236 3
34237 0
34238 2
34239 1
34240 0
34241 1
34242 0
34243 3
34244 1
34245 2
34246 1
34247 2
34248 0
34249 1
34250 0
34251 1
34252 0
34253 1
34254 2
34255 1
34256 0
34257 1
34258 0
34259 2
34260 1
34261 0
34262 2
34263 1
34264 0
34265 2
34266 1
34267 2
34268 0
34269 1
34270 2
34271 1
34272 0
34273 3
34274 1
34275 0
34276 2
34277 1
34278 2
34279 0
34280 1
34281 0
34282 2
34283 1
34284 2
34285 0
34286 2
34287 0
34288 1
34289 3
34290 2
34291 1
34292 2
34293 0
34294 1
34295 2
34296 1
34297 2
34298 1
34299 3
34300 2
34301 1
34302 0
34303 1
34304 0
34305 1
34306 2
34307 0
34308 1
34309 0
34310 3
34311 0
34312 2
34313 0
34314 2
34315 1
34316 2
34317 1
34318 0
34319 2
34320 3
34321 1
34322 3
34323 2
34324 1
34325 3
34326 2
34327 3
34328 0
34329 1
34330 0
34331 1
34332 2
34333 0
34334 2
34335 1
34336 0
34337 2
34338 3
34339 0
34340 2
34341 1
34342 0
34343 2
34344 1
34345 0
34346 1
34347 2
34348 0
34349 2
34350 1
34351 2
34352 0
34353 2
34354 0
34355 1
34356 3
34357 2
34358 1
34359 2
34360 3
34361 0
34362 2
34363 3
34364 0
34365 1
34366 2
34367 1
34368 3
34369 2
34370 0
34371 1
34372 2
34373 0
34374 2
34375 0
34376 2
34377 1
34378 3
34379 2
34380 1
34381 0
34382 1
34383 2
34384 1
34385 0
34386 1
34387 0
34388 3
34389 1
34390 0
34391 1
34392 0
34393 2
34394 1
34395 2
34396 0
34397 2
34398 1
34399 0
34400 3
34401 2
34402 1
34403 2
34404 0
34405 1
34406 3
34407 0
34408 2
34409 0
34410 2
34411 0
34412 2
34413 1
34414 2
34415 0
34416 1
34417 2
34418 0
34419 1
34420 2
34421 0
34422 1
34423 0
34424 2
34425 1
34426 2
34427 3
34428 1
34429 2
34430 0
34431 1
34432 0
34433 2
34434 1
34435 0
34436 1
34437 2
34438 0
34439 1
34440 0
34441 1
34442 0
34443 1
34444 0
34445 2
34446 0
34447 1
34448 0
34449 1
34450 0
34451 1
34452 0
34453 1
34454 2
34455 1
34456 2
34457 0
34458 2
34459 1
34460 2
34461 0
34462 1
34463 0
34464 1
34465 0
34466 1
34467 0
34468 2
34469 0
34470 1
34471 2
34472 1
34473 0
34474 1
34475 0
34476 2
34477 0
34478 2
34479 1
34480 0
34481 1
34482 2
34483 1
34484 0
34485 2
34486 1
34487 2
34488 1
34489 0
34490 1
34491 0
34492 1
34493 0
34494 2
34495 0
34496 1
34497 0
34498 1
34499 0
34500 2
34501 1
34502 2
34503 1
34504 0
34505 1
34506 0
34507 1
34508 2
34509 1
34510 0
34511 2
34512 1
34513 2
34514 1
34515 0
34516 1
34517 0
34518 3
34519 0
34520 2
34521 1
34522 0
34523 2
34524 1
34525 0
34526 1
34527 2
34528 1
34529 2
34530 0
34531 1
34532 0
34533 2
34534 0
34535 1
34536 2
34537 0
34538 1
34539 0
34540 1
34541 0
34542 1
34543 0
34544 2
34545 1
34546 3
34547 2
34548 1
34549 0
34550 1
34551 0
34552 1
34553 2
34554 0
34555 2
34556 1
34557 0
34558 1
34559 0
34560 2
34561 1
34562 0
34563 2
34564 3
34565 0
34566 1
34567 0
34568 1
34569 2
34570 1
34571 0
34572 1
34573 2
34574 1
34575 0
34576 2
34577 1
34578 2
34579 3
34580 1
34581 2
34582 0
34583 1
34584 3
34585 2
34586 1
34587 2
34588 0
34589 1
34590 0
34591 1
34592 2
34593 0
34594 1
34595 2
34596 3
34597 1
34598 2
34599 0
34600 1
34601 0
34602 1
34603 2
34604 0
34605 2
34606 1
34607 0
34608 2
34609 0
34610 2
34611 1
34612 0
34613 1
34614 2
34615 0
34616 1
34617 0
34618 1
34619 2
34620 0
34621 2
34622 1
34623 2
34624 0
34625 2
34626 1
34627 2
34628 1
34629 2
34630 0
34631 1
34632 0
34633 1
34634 0
34635 1
34636 2
34637 1
34638 2
34639 0
34640 1
34641 2
34642 0
34643 2
34644 0
34645 2
34646 0
34647 2
34648 1
34649 2
34650 0
34651 1
34652 0
34653 1
34654 2
34655 1
34656 3
34657 1
34658 0
34659 1
34660 2
34661 1
34662 2
34663 3
34664 1
34665 2
34666 0
34667 1
34668 2
34669 0
34670 2
34671 0
34672 1
34673 2
34674 1
34675 0
34676 3
34677 1
34678 2
34679 0
34680 2
34681 1
34682 2
34683 0
34684 2
34685 0
34686 2
34687 0
34688 1
34689 2
34690 1
34691 0
34692 2
34693 1
34694 0
34695 1
34696 2
34697 0
34698 2
34699 3
34700 2
34701 0
34702 1
34703 2
34704 1
34705 0
34706 1
34707 2
34708 0
34709 2
34710 1
34711 3
34712 0
34713 1
34714 2
34715 1
34716 0
34717 1
34718 0
34719 1
34720 0
34721 1
34722 2
34723 0
34724 2
34725 1
34726 0
34727 3
34728 2
34729 0
34730 1
34731 2
34732 0
34733 1
34734 0
34735 1
34736 0
34737 1
34738 0
34739 1
34740 2
34741 1
34742 0
34743 2
34744 1
34745 2
34746 0
34747 1
34748 0
34749 1
34750 0
34751 1
34752 0
34753 1
34754 0
34755 2
34756 0
34757 1
34758 0
34759 2
34760 0
34761 1
34762 2
34763 0
34764 2
34765 1
34766 2
34767 0
34768 2
34769 1
34770 0
34771 1
34772 2
34773 3
34774 1
34775 2
34776 3
34777 0
34778 2
34779 1
34780 2
34781 0
34782 1
34783 2
34784 0
34785 2
34786 3
34787 2
34788 0
34789 1
34790 0
34791 2
34792 1
34793 2
34794 1
34795 0
34796 1
34797 2
34798 1
34799 3
34800 0
34801 1
34802 2
34803 0
34804 1
34805 0
34806 3
34807 2
34808 0
34809 2
34810 0
34811 1
34812 0
34813 1
34814 2
34815 0
34816 1
34817 0
34818 2
34819 1
34820 2
34821 0
34822 2
34823 1
34824 2
34825 1
34826 0
34827 2
34828 1
34829 0
34830 2
34831 0
34832 1
34833 0
34834 1
34835 2
34836 1
34837 0
34838 2
34839 1
34840 2
34841 1
34842 2
34843 0
34844 2
34845 1
34846 0
34847 2
34848 1
34849 0
34850 2
34851 1
34852 3
34853 0
34854 1
34855 2
34856 1
34857 2
34858 1
34859 2
34860 0
34861 1
34862 0
34863 1
34864 0
34865 2
34866 1
34867 0
34868 1
34869 2
34870 0
34871 2
34872 1
34873 0
34874 1
34875 0
34876 1
34877 2
34878 0
34879 2
34880 1
34881 0
34882 2
34883 1
34884 0
34885 2
34886 1
34887 0
34888 2
34889 1
34890 2
34891 1
34892 0
34893 2
34894 1
34895 2
34896 0
34897 2
34898 0
34899 2
34900 1
34901 2
34902 0
34903 1
34904 2
34905 1
34906 0
34907 2
34908 1
34909 0
34910 3
34911 2
34912 0
34913 3
34914 1
34915 2
34916 1
34917 3
34918 0
34919 1
34920 0
34921 1
34922 0
34923 2
34924 0
34925 1
34926 0
34927 1
34928 2
34929 0
34930 3
34931 1
34932 0
34933 2
34934 0
34935 2
34936 0
34937 1
34938 0
34939 2
34940 1
34941 3
34942 0
34943 2
34944 1
34945 3
34946 2
34947 1
34948 2
34949 1
34950 0
34951 1
34952 2
34953 0
34954 2
34955 1
34956 0
34957 2
34958 3
34959 1
34960 0
34961 2
34962 0
34963 3
34964 2
34965 1
34966 0
34967 1
34968 0
34969 2
34970 1
34971 3
34972 0
34973 1
34974 0
34975 1
34976 0
34977 1
34978 3
34979 2
34980 1
34981 2
34982 1
34983 2
34984 1
34985 2
34986 0
34987 1
34988 0
34989 2
34990 1
34991 0
34992 1
34993 2
34994 0
34995 1
34996 0
34997 2
34998 0
34999 1
35000 2
35001 1
35002 0
35003 1
35004 2
35005 0
35006 1
35007 2
35008 1
35009 0
35010 2
35011 1
35012 0
35013 2
35014 0
35015 1
35016 2
35017 0
35018 1
35019 0
35020 2
35021 1
35022 2
35023 0
35024 1
35025 0
35026 2
35027 0
35028 2
35029 1
35030 2
35031 1
35032 0
35033 1
35034 2
35035 0
35036 2
35037 0
35038 1
35039 0
35040 1
35041 0
35042 3
35043 2
35044 3
35045 1
35046 2
35047 0
35048 1
35049 2
35050 0
35051 1
35052 0
35053 1
35054 0
35055 1
35056 2
35057 3
35058 1
35059 2
35060 3
35061 1
35062 0
35063 2
35064 0
35065 1
35066 0
35067 2
35068 0
35069 2
35070 1
35071 2
35072 1
35073 2
35074 0
35075 2
35076 0
35077 1
35078 0
35079 2
35080 1
35081 0
35082 2
35083 1
35084 2
35085 1
35086 2
35087 0
35088 2
35089 1
35090 2
35091 1
35092 0
35093 2
35094 1
35095 2
35096 0
35097 1
35098 2
35099 1
35100 0
35101 2
35102 1
35103 2
35104 1
35105 2
35106 0
35107 2
35108 0
35109 2
35110 1
35111 0
35112 1
35113 3
35114 2
35115 1
35116 2
35117 0
35118 1
35119 0
35120 1
35121 2
35122 1
35123 0
35124 1
35125 2
35126 1
35127 3
35128 0
35129 2
35130 3
35131 1
35132 3
35133 1
35134 0
35135 1
35136 2
35137 0
35138 1
35139 0
35140 1
35141 2
35142 3
35143 0
35144 1
35145 0
35146 2
35147 0
35148 1
35149 2
35150 3
35151 1
35152 0
35153 1
35154 2
35155 1
35156 2
35157 1
35158 0
35159 1
35160 2
35161 3
35162 0
35163 2
35164 1
35165 2
35166 1
35167 2
35168 0
35169 1
35170 2
35171 1
35172 0
35173 2
35174 0
35175 1
35176 2
35177 0
35178 2
35179 1
35180 2
35181 1
35182 2
35183 1
35184 0
35185 1
35186 2
35187 1
35188 0
35189 1
35190 2
35191 0
35192 2
35193 1
35194 0
35195 2
35196 1
35197 2
35198 0
35199 1
35200 2
35201 1
35202 0
35203 1
35204 2
35205 3
35206 1
35207 2
35208 3
35209 1
35210 0
35211 2
35212 3
35213 0
35214 2
35215 0
35216 2
35217 0
35218 1
35219 0
35220 1
35221 0
35222 1
35223 0
35224 1
35225 0
35226 2
35227 0
35228 1
35229 0
35230 2
35231 1
35232 3
35233 0
35234 2
35235 1
35236 0
35237 1
35238 2
35239 0
35240 1
35241 0
35242 1
35243 0
35244 1
35245 0
35246 1
35247 2
35248 0
35249 1
35250 0
35251 2
35252 1
35253 2
35254 1
35255 0
35256 2
35257 0
35258 3
35259 1
35260 3
35261 2
35262 1
35263 2
35264 3
35265 0
35266 2
35267 0
35268 1
35269 2
35270 0
35271 1
35272 2
35273 1
35274 2
35275 1
35276 0
35277 2
35278 1
35279 2
35280 1
35281 0
35282 2
35283 1
35284 0
35285 1
35286 0
35287 1
35288 0
35289 1
35290 0
35291 2
35292 3
35293 0
35294 1
35295 2
35296 0
35297 2
35298 3
35299 1
35300 0
35301 2
35302 0
35303 3
35304 2
35305 3
35306 2
35307 1
35308 0
35309 1
35310 2
35311 0
35312 2
35313 1
35314 2
35315 0
35316 1
35317 2
35318 1
35319 0
35320 1
35321 0
35322 2
35323 0
35324 2
35325 1
35326 3
35327 2
35328 0
35329 2
35330 0
35331 1
35332 2
35333 0
35334 1
35335 2
35336 1
35337 0
35338 2
35339 1
35340 0
35341 1
35342 3
35343 2
35344 1
35345 0
35346 1
35347 2
35348 0
35349 1
35350 3
35351 0
35352 2
35353 0
35354 1
35355 0
35356 2
35357 1
35358 2
35359 0
35360 1
35361 0
35362 1
35363 0
35364 1
35365 3
35366 2
35367 1
35368 0
35369 1
35370 0
35371 2
35372 3
35373 1
35374 3
35375 1
35376 0
35377 1
35378 2
35379 0
35380 2
35381 1
35382 2
35383 3
35384 1
35385 2
35386 0
35387 1
35388 0
35389 2
35390 1
35391 2
35392 1
35393 0
35394 1
35395 2
35396 1
35397 2
35398 1
35399 2
35400 3
35401 2
35402 0
35403 1
35404 2
35405 1
35406 0
35407 1
35408 2
35409 1
35410 2
35411 0
35412 2
35413 1
35414 0
35415 2
35416 1
35417 0
35418 1
35419 2
35420 0
35421 1
35422 2
35423 0
35424 1
35425 2
35426 0
35427 1
35428 2
35429 3
35430 2
35431 1
35432 0
35433 2
35434 1
35435 2
35436 1
35437 0
35438 1
35439 0
35440 1
35441 2
35442 1
35443 3
35444 2
35445 0
35446 1
35447 0
35448 1
35449 0
35450 2
35451 1
35452 0
35453 2
35454 0
35455 1
35456 3
35457 0
35458 2
35459 1
35460 0
35461 1
35462 0
35463 2
35464 1
35465 0
35466 1
35467 3
35468 0
35469 1
35470 2
35471 0
35472 2
35473 0
35474 2
35475 1
35476 2
35477 1
35478 2
35479 0
35480 1
35481 3
35482 2
35483 0
35484 2
35485 0
35486 1
35487 0
35488 3
35489 2
35490 0
35491 1
35492 3
35493 0
35494 1
35495 2
35496 1
35497 0
35498 1
35499 2
35500 1
35501 2
35502 1
35503 0
35504 1
35505 0
35506 1
35507 2
35508 0
35509 3
35510 1
35511 0
35512 1
35513 2
35514 0
35515 1
35516 0
35517 2
35518 0
35519 1
35520 0
35521 1
35522 2
35523 0
35524 1
35525 2
35526 1
35527 0
35528 1
35529 0
35530 2
35531 1
35532 0
35533 1
35534 0
35535 2
35536 3
35537 0
35538 2
35539 1
35540 0
35541 1
35542 2
35543 0
35544 1
35545 0
35546 2
35547 1
35548 0
35549 1
35550 0
35551 2
35552 1
35553 2
35554 1
35555 2
35556 0
35557 1
35558 3
35559 0
35560 1
35561 2
35562 0
35563 1
35564 0
35565 2
35566 1
35567 2
35568 0
35569 1
35570 2
35571 0
35572 1
35573 2
35574 0
35575 1
35576 0
35577 2
35578 1
35579 0
35580 1
35581 2
35582 0
35583 1
35584 0
35585 2
35586 1
35587 2
35588 3
35589 1
35590 2
35591 0
35592 1
35593 0
35594 1
35595 0
35596 2
35597 0
35598 1
35599 3
35600 2
35601 0
35602 2
35603 3
35604 1
35605 0
35606 1
35607 2
35608 3
35609 0
35610 1
35611 0
35612 1
35613 2
35614 1
35615 0
35616 2
35617 0
35618 3
35619 2
35620 0
35621 1
35622 2
35623 1
35624 0
35625 2
35626 0
35627 1
35628 3
35629 0
35630 2
35631 1
35632 0
35633 1
35634 2
35635 1
35636 2
35637 0
35638 2
35639 1
35640 2
35641 0
35642 2
35643 1
35644 2
35645 1
35646 2
35647 0
35648 2
35649 3
35650 2
35651 3
35652 1
35653 3
35654 2
35655 0
35656 1
35657 0
35658 1
35659 2
35660 1
35661 3
35662 2
35663 0
35664 1
35665 0
35666 2
35667 0
35668 1
35669 2
35670 0
35671 1
35672 2
35673 1
35674 2
35675 1
35676 0
35677 1
35678 2
35679 1
35680 0
35681 1
35682 0
35683 2
35684 1
35685 0
35686 2
35687 1
35688 2
35689 1
35690 3
35691 1
35692 0
35693 1
35694 0
35695 1
35696 3
35697 0
35698 3
35699 0
35700 2
35701 3
35702 0
35703 1
35704 0
35705 1
35706 3
35707 0
35708 2
35709 1
35710 3
35711 2
35712 0
35713 1
35714 2
35715 1
35716 2
35717 1
35718 0
35719 2
35720 1
35721 0
35722 2
35723 1
35724 0
35725 1
35726 0
35727 1
35728 2
35729 1
35730 0
35731 1
35732 0
35733 2
35734 1
35735 2
35736 0
35737 3
35738 2
35739 1
35740 2
35741 0
35742 1
35743 0
35744 1
35745 0
35746 1
35747 2
35748 0
35749 2
35750 1
35751 0
35752 1
35753 2
35754 0
35755 2
35756 1
35757 2
35758 3
35759 2
35760 0
35761 1
35762 0
35763 1
35764 0
35765 3
35766 1
35767 2
35768 1
35769 0
35770 2
35771 0
35772 2
35773 1
35774 0
35775 1
35776 0
35777 3
35778 1
35779 0
35780 1
35781 0
35782 1
35783 0
35784 2
35785 1
35786 3
35787 0
35788 1
35789 2
35790 0
35791 1
35792 2
35793 0
35794 1
35795 2
35796 1
35797 2
35798 0
35799 2
35800 1
35801 2
35802 3
35803 1
35804 2
35805 0
35806 2
35807 1
35808 2
35809 1
35810 0
35811 1
35812 2
35813 1
35814 3
35815 2
35816 1
35817 0
35818 1
35819 0
35820 1
35821 3
35822 0
35823 1
35824 2
35825 1
35826 0
35827 1
35828 2
35829 0
35830 3
35831 1
35832 2
35833 3
35834 1
35835 0
35836 2
35837 1
35838 0
35839 2
35840 0
35841 2
35842 0
35843 2
35844 1
35845 2
35846 0
35847 1
35848 2
35849 0
35850 2
35851 1
35852 2
35853 3
35854 1
35855 0
35856 1
35857 2
35858 0
35859 1
35860 0
35861 2
35862 0
35863 2
35864 1
35865 0
35866 2
35867 0
35868 1
35869 0
35870 2
35871 1
35872 0
35873 2
35874 1
35875 2
35876 0
35877 1
35878 0
35879 2
35880 1
35881 0
35882 2
35883 3
35884 1
35885 2
35886 1
35887 0
35888 2
35889 0
35890 2
35891 3
35892 0
35893 1
35894 0
35895 1
35896 2
35897 0
35898 2
35899 0
35900 1
35901 0
35902 2
35903 3
35904 0
35905 1
35906 2
35907 3
35908 1
35909 0
35910 1
35911 0
35912 1
35913 0
35914 1
35915 2
35916 1
35917 2
35918 0
35919 1
35920 2
35921 0
35922 1
35923 2
35924 0
35925 2
35926 3
35927 0
35928 2
35929 1
35930 2
35931 0
35932 1
35933 0
35934 2
35935 3
35936 1
35937 0
35938 2
35939 1
35940 0
35941 2
35942 1
35943 0
35944 2
35945 1
35946 2
35947 3
35948 1
35949 0
35950 1
35951 0
35952 2
35953 0
35954 2
35955 0
35956 1
35957 0
35958 1
35959 0
35960 1
35961 0
35962 2
35963 3
35964 1
35965 0
35966 1
35967 0
35968 1
35969 0
35970 1
35971 2
35972 3
35973 1
35974 2
35975 0
35976 1
35977 0
35978 1
35979 3
35980 2
35981 1
35982 0
35983 2
35984 0
35985 3
35986 2
35987 1
35988 2
35989 0
35990 1
35991 0
35992 1
35993 2
35994 0
35995 2
35996 1
35997 0
35998 1
35999 2
36000 0
36001 1
36002 2
36003 0
36004 1
36005 2
36006 0
36007 2
36008 0
36009 1
36010 2
36011 0
36012 1
36013 0
36014 2
36015 1
36016 0
36017 2
36018 1
36019 3
36020 2
36021 1
36022 2
36023 0
36024 1
36025 0
36026 1
36027 0
36028 1
36029 0
36030 2
36031 1
36032 2
36033 1
36034 0
36035 1
36036 0
36037 1
36038 2
36039 1
36040 0
36041 1
36042 3
36043 0
36044 3
36045 2
36046 1
36047 0
36048 1
36049 2
36050 1
36051 2
36052 0
36053 2
36054 3
36055 1
36056 2
36057 0
36058 2
36059 1
36060 0
36061 2
36062 1
36063 2
36064 0
36065 1
36066 2
36067 0
36068 1
36069 0
36070 2
36071 1
36072 0
36073 1
36074 0
36075 1
36076 0
36077 1
36078 0
36079 1
36080 0
36081 2
36082 0
36083 1
36084 2
36085 0
36086 2
36087 1
36088 2
36089 3
36090 1
36091 2
36092 0
36093 1
36094 0
36095 1
36096 0
36097 1
36098 2
36099 0
36100 2
36101 3
36102 1
36103 3
36104 2
36105 1
36106 2
36107 0
36108 2
36109 1
36110 0
36111 1
36112 2
36113 0
36114 2
36115 1
36116 2
36117 1
36118 2
36119 0
36120 2
36121 1
36122 0
36123 2
36124 1
36125 2
36126 3
36127 1
36128 0
36129 1
36130 2
36131 3
36132 0
36133 2
36134 0
36135 2
36136 1
36137 0
36138 1
36139 0
36140 2
36141 1
36142 0
36143 2
36144 1
36145 0
36146 1
36147 2
36148 1
36149 0
36150 2
36151 0
36152 2
36153 1
36154 0
36155 1
36156 0
36157 2
36158 0
36159 1
36160 0
36161 2
36162 0
36163 1
36164 2
36165 1
36166 2
36167 0
36168 2
36169 0
36170 1
36171 0
36172 2
36173 0
36174 2
36175 1
36176 0
36177 2
36178 3
36179 1
36180 2
36181 0
36182 1
36183 0
36184 2
36185 1
36186 0
36187 2
36188 1
36189 2
36190 1
36191 2
36192 0
36193 1
36194 2
36195 0
36196 2
36197 1
36198 2
36199 0
36200 2
36201 0
36202 2
36203 1
36204 0
36205 1
36206 0
36207 2
36208 1
36209 0
36210 2
36211 1
36212 0
36213 1
36214 3
36215 0
36216 1
36217 0
36218 2
36219 1
36220 2
36221 3
36222 1
36223 2
36224 3
36225 1
36226 2
36227 1
36228 0
36229 1
36230 0
36231 1
36232 3
36233 2
36234 0
36235 1
36236 2
36237 1
36238 2
36239 0
36240 2
36241 1
36242 2
36243 3
36244 1
36245 2
36246 1
36247 0
36248 2
36249 3
36250 1
36251 0
36252 2
36253 1
36254 2
36255 1
36256 0
36257 2
36258 1
36259 0
36260 2
36261 1
36262 0
36263 1
36264 0
36265 1
36266 0
36267 3
36268 2
36269 1
36270 0
36271 2
36272 0
36273 1
36274 2
36275 0
36276 1
36277 2
36278 1
36279 0
36280 2
36281 1
36282 0
36283 2
36284 3
36285 1
36286 0
36287 1
36288 0
36289 1
36290 0
36291 2
36292 0
36293 1
36294 2
36295 1
36296 0
36297 2
36298 0
36299 1
36300 0
36301 1
36302 2
36303 1
36304 0
36305 1
36306 0
36307 2
36308 1
36309 0
36310 1
36311 2
36312 0
36313 3
36314 2
36315 0
36316 1
36317 0
36318 2
36319 1
36320 2
36321 0
36322 2
36323 1
36324 2
36325 0
36326 1
36327 2
36328 0
36329 3
36330 1
36331 0
36332 3
36333 1
36334 3
36335 1
36336 0
36337 1
36338 3
36339 0
36340 1
36341 0
36342 1
36343 2
36344 1
36345 0
36346 1
36347 2
36348 0
36349 1
36350 0
36351 1
36352 0
36353 2
36354 1
36355 0
36356 1
36357 2
36358 3
36359 2
36360 1
36361 0
36362 2
36363 1
36364 2
36365 1
36366 2
36367 0
36368 1
36369 0
36370 1
36371 2
36372 1
36373 3
36374 2
36375 1
36376 2
36377 0
36378 1
36379 2
36380 3
36381 1
36382 0
36383 3
36384 1
36385 2
36386 0
36387 1
36388 0
36389 1
36390 0
36391 1
36392 0
36393 1
36394 2
36395 1
36396 2
36397 0
36398 2
36399 1
36400 2
36401 0
36402 1
36403 2
36404 0
36405 2
36406 0
36407 1
36408 2
36409 1
36410 2
36411 0
36412 2
36413 1
36414 0
36415 1
36416 0
36417 1
36418 2
36419 0
36420 1
36421 0
36422 1
36423 2
36424 0
36425 3
36426 1
36427 0
36428 2
36429 3
36430 1
36431 3
36432 1
36433 2
36434 0
36435 1
36436 2
36437 0
36438 1
36439 2
36440 0
36441 1
36442 3
36443 1
36444 0
36445 1
36446 2
36447 1
36448 3
36449 2
36450 0
36451 2
36452 0
36453 1
36454 0
36455 1
36456 0
36457 1
36458 0
36459 1
36460 2
36461 0
36462 2
36463 1
36464 0
36465 1
36466 0
36467 1
36468 2
36469 0
36470 1
36471 0
36472 1
36473 2
36474 3
36475 1
36476 0
36477 1
36478 0
36479 1
36480 2
36481 0
36482 2
36483 1
36484 0
36485 2
36486 1
36487 0
36488 2
36489 0
36490 1
36491 0
36492 1
36493 2
36494 1
36495 0
36496 2
36497 0
36498 1
36499 0
36500 2
36501 0
36502 2
36503 1
36504 0
36505 1
36506 0
36507 1
36508 2
36509 1
36510 0
36511 1
36512 3
36513 0
36514 1
36515 2
36516 0
36517 1
36518 0
36519 1
36520 2
36521 1
36522 2
36523 1
36524 2
36525 0
36526 2
36527 0
36528 3
36529 1
36530 2
36531 0
36532 1
36533 0
36534 1
36535 2
36536 0
36537 1
36538 2
36539 0
36540 2
36541 1
36542 0
36543 2
36544 1
36545 0
36546 2
36547 1
36548 2
36549 0
36550 2
36551 1
36552 0
36553 2
36554 0
36555 2
36556 1
36557 0
36558 2
36559 1
36560 2
36561 1
36562 3
36563 2
36564 1
36565 2
36566 0
36567 2
36568 0
36569 1
36570 0
36571 2
36572 1
36573 0
36574 2
36575 0
36576 1
36577 0
36578 1
36579 2
36580 3
36581 1
36582 0
36583 2
36584 3
36585 1
36586 0
36587 1
36588 2
36589 0
36590 2
36591 0
36592 1
36593 2
36594 0
36595 1
36596 0
36597 2
36598 4
36599 2
36600 0
36601 1
36602 2
36603 1
36604 2
36605 0
36606 1
36607 0
36608 1
36609 2
36610 0
36611 1
36612 0
36613 1
36614 0
36615 2
36616 0
36617 1
36618 0
36619 1
36620 0
36621 1
36622 0
36623 2
36624 1
36625 3
36626 2
36627 0
36628 1
36629 0
36630 2
36631 0
36632 1
36633 0
36634 2
36635 0
36636 3
36637 2
36638 1
36639 0
36640 1
36641 2
36642 1
36643 0
36644 2
36645 3
36646 1
36647 2
36648 0
36649 1
36650 0
36651 1
36652 2
36653 0
36654 1
36655 0
36656 2
36657 0
36658 2
36659 0
36660 1
36661 0
36662 1
36663 0
36664 2
36665 0
36666 1
36667 3
36668 2
36669 0
36670 2
36671 0
36672 2
36673 0
36674 2
36675 1
36676 0
36677 1
36678 2
36679 1
36680 2
36681 1
36682 2
36683 0
36684 2
36685 1
36686 0
36687 2
36688 0
36689 2
36690 1
36691 2
36692 0
36693 1
36694 2
36695 0
36696 2
36697 0
36698 1
36699 2
36700 0
36701 2
36702 0
36703 1
36704 0
36705 1
36706 0
36707 1
36708 0
36709 1
36710 2
36711 1
36712 2
36713 1
36714 0
36715 2
36716 3
36717 1
36718 0
36719 1
36720 0
36721 2
36722 0
36723 1
36724 0
36725 2
36726 1
36727 2
36728 0
36729 2
36730 1
36731 0
36732 1
36733 0
36734 2
36735 1
36736 0
36737 2
36738 1
36739 0
36740 2
36741 0
36742 1
36743 0
36744 1
36745 0
36746 2
36747 0
36748 2
36749 1
36750 0
36751 1
36752 0
36753 2
36754 1
36755 0
36756 2
36757 1
36758 2
36759 0
36760 1
36761 2
36762 0
36763 2
36764 0
36765 1
36766 0
36767 2
36768 0
36769 2
36770 0
36771 1
36772 2
36773 0
36774 1
36775 0
36776 1
36777 0
36778 2
36779 0
36780 2
36781 0
36782 1
36783 0
36784 1
36785 0
36786 1
36787 0
36788 1
36789 0
36790 1
36791 2
36792 1
36793 2
36794 1
36795 0
36796 2
36797 1
36798 0
36799 2
36800 1
36801 0
36802 1
36803 0
36804 2
36805 3
36806 0
36807 2
36808 0
36809 2
36810 1
36811 2
36812 0
36813 2
36814 1
36815 0
36816 2
36817 1
36818 0
36819 2
36820 3
36821 1
36822 2
36823 0
36824 1
36825 2
36826 0
36827 2
36828 1
36829 0
36830 3
36831 2
36832 1
36833 0
36834 2
36835 1
36836 0
36837 3
36838 2
36839 0
36840 2
36841 1
36842 3
36843 2
36844 1
36845 0
36846 2
36847 0
36848 1
36849 2
36850 1
36851 2
36852 0
36853 1
36854 0
36855 1
36856 0
36857 2
36858 1
36859 2
36860 0
36861 2
36862 1
36863 0
36864 1
36865 2
36866 1
36867 2
36868 0
36869 2
36870 1
36871 2
36872 1
36873 0
36874 1
36875 0
36876 2
36877 3
36878 0
36879 1
36880 2
36881 1
36882 2
36883 0
36884 2
36885 1
36886 0
36887 2
36888 0
36889 1
36890 3
36891 2
36892 1
36893 2
36894 0
36895 1
36896 0
36897 2
36898 1
36899 2
36900 0
36901 2
36902 1
36903 0
36904 1
36905 0
36906 2
36907 1
36908 2
36909 0
36910 3
36911 0
36912 3
36913 2
36914 0
36915 1
36916 2
36917 0
36918 2
36919 1
36920 2
36921 1
36922 2
36923 0
36924 2
36925 0
36926 2
36927 1
36928 2
36929 1
36930 0
36931 1
36932 0
36933 1
36934 0
36935 2
36936 1
36937 0
36938 3
36939 2
36940 1
36941 2
36942 1
36943 0
36944 1
36945 0
36946 1
36947 0
36948 1
36949 2
36950 1
36951 0
36952 1
36953 2
36954 1
36955 2
36956 3
36957 1
36958 2
36959 0
36960 3
36961 2
36962 1
36963 0
36964 2
36965 1
36966 0
36967 1
36968 0
36969 1
36970 0
36971 2
36972 0
36973 2
36974 1
36975 0
36976 1
36977 0
36978 2
36979 1
36980 2
36981 1
36982 0
36983 2
36984 1
36985 3
36986 4
36987 1
36988 3
36989 2
36990 0
36991 2
36992 1
36993 2
36994 0
36995 3
36996 1
36997 0
36998 2
36999 0
37000 1
37001 2
37002 0
37003 2
37004 0
37005 1
37006 0
37007 1
37008 2
37009 0
37010 2
37011 0
37012 2
37013 0
37014 2
37015 0
37016 2
37017 0
37018 2
37019 0
37020 1
37021 2
37022 1
37023 0
37024 2
37025 3
37026 1
37027 2
37028 0
37029 1
37030 2
37031 1
37032 0
37033 1
37034 2
37035 0
37036 2
37037 1
37038 0
37039 1
37040 2
37041 1
37042 2
37043 1
37044 0
37045 2
37046 1
37047 0
37048 1
37049 2
37050 3
37051 0
37052 1
37053 2
37054 1
37055 0
37056 2
37057 0
37058 1
37059 0
37060 2
37061 1
37062 2
37063 1
37064 0
37065 2
37066 0
37067 1
37068 0
37069 2
37070 1
37071 2
37072 3
37073 2
37074 3
37075 0
37076 1
37077 0
37078 1
37079 0
37080 2
37081 0
37082 1
37083 0
37084 1
37085 2
37086 0
37087 1
37088 3
37089 2
37090 1
37091 2
37092 0
37093 2
37094 1
37095 0
37096 1
37097 0
37098 2
37099 1
37100 2
37101 1
37102 2
37103 1
37104 0
37105 1
37106 2
37107 1
37108 0
37109 1
37110 0
37111 1
37112 2
37113 0
37114 1
37115 0
37116 2
37117 1
37118 0
37119 2
37120 1
37121 2
37122 0
37123 1
37124 0
37125 3
37126 2
37127 0
37128 1
37129 0
37130 1
37131 0
37132 1
37133 2
37134 1
37135 0
37136 3
37137 2
37138 1
37139 0
37140 2
37141 1
37142 2
37143 0
37144 1
37145 3
37146 2
37147 0
37148 2
37149 1
37150 2
37151 1
37152 0
37153 2
37154 1
37155 0
37156 1
37157 2
37158 1
37159 2
37160 1
37161 0
37162 1
37163 2
37164 1
37165 2
37166 0
37167 2
37168 0
37169 2
37170 1
37171 2
37172 0
37173 1
37174 0
37175 2
37176 0
37177 2
37178 1
37179 2
37180 0
37181 2
37182 0
37183 1
37184 0
37185 1
37186 0
37187 1
37188 0
37189 2
37190 0
37191 1
37192 0
37193 2
37194 1
37195 0
37196 2
37197 0
37198 1
37199 2
37200 0
37201 1
37202 2
37203 0
37204 2
37205 0
37206 3
37207 2
37208 0
37209 2
37210 1
37211 0
37212 1
37213 0
37214 2
37215 1
37216 0
37217 2
37218 0
37219 2
37220 1
37221 0
37222 1
37223 0
37224 2
37225 0
37226 1
37227 0
37228 1
37229 0
37230 1
37231 2
37232 1
37233 0
37234 2
37235 1
37236 0
37237 2
37238 1
37239 2
37240 1
37241 0
37242 2
37243 1
37244 0
37245 2
37246 3
37247 1
37248 2
37249 0
37250 1
37251 0
37252 1
37253 0
37254 3
37255 1
37256 2
37257 0
37258 1
37259 2
37260 1
37261 2
37262 0
37263 2
37264 0
37265 1
37266 2
37267 1
37268 0
37269 3
37270 1
37271 2
37272 1
37273 0
37274 1
37275 0
37276 1
37277 0
37278 1
37279 0
37280 1
37281 2
37282 0
37283 1
37284 2
37285 1
37286 0
37287 1
37288 0
37289 2
37290 1
37291 0
37292 2
37293 0
37294 1
37295 0
37296 1
37297 0
37298 1
37299 0
37300 1
37301 2
37302 0
37303 2
37304 0
37305 2
37306 0
37307 2
37308 1
37309 2
37310 0
37311 1
37312 0
37313 1
37314 0
37315 1
37316 0
37317 1
37318 0
37319 2
37320 0
37321 1
37322 2
37323 1
37324 3
37325 1
37326 2
37327 0
37328 1
37329 2
37330 0
37331 2
37332 1
37333 2
37334 0
37335 1
37336 0
37337 1
37338 0
37339 1
37340 0
37341 1
37342 2
37343 0
37344 3
37345 1
37346 0
37347 1
37348 0
37349 1
37350 0
37351 2
37352 3
37353 1
37354 2
37355 0
37356 1
37357 0
37358 1
37359 0
37360 2
37361 0
37362 1
37363 0
37364 1
37365 0
37366 1
37367 0
37368 2
37369 0
37370 2
37371 1
37372 0
37373 1
37374 3
37375 4
37376 1
37377 0
37378 1
37379 3
37380 2
37381 1
37382 0
37383 2
37384 0
37385 1
37386 2
37387 1
37388 0
37389 1
37390 2
37391 0
37392 2
37393 0
37394 2
37395 0
37396 2
37397 0
37398 1
37399 2
37400 1
37401 0
37402 1
37403 2
37404 0
37405 1
37406 2
37407 1
37408 3
37409 0
37410 1
37411 3
37412 2
37413 1
37414 2
37415 1
37416 2
37417 0
37418 1
37419 3
37420 2
37421 1
37422 0
37423 1
37424 0
37425 1
37426 3
37427 0
37428 2
37429 3
37430 1
37431 0
37432 1
37433 0
37434 1
37435 0
37436 1
37437 0
37438 2
37439 1
37440 0
37441 1
37442 2
37443 0
37444 1
37445 0
37446 1
37447 0
37448 2
37449 0
37450 2
37451 1
37452 2
37453 1
37454 0
37455 3
37456 2
37457 3
37458 4
37459 0
37460 1
37461 0
37462 1
37463 2
37464 3
37465 0
37466 2
37467 0
37468 1
37469 0
37470 1
37471 0
37472 1
37473 2
37474 0
37475 2
37476 0
37477 2
37478 1
37479 3
37480 0
37481 2
37482 1
37483 2
37484 1
37485 0
37486 2
37487 0
37488 2
37489 1
37490 0
37491 1
37492 2
37493 0
37494 1
37495 0
37496 2
37497 1
37498 0
37499 2
37500 1
37501 0
37502 1
37503 2
37504 0
37505 2
37506 1
37507 2
37508 3
37509 0
37510 2
37511 1
37512 0
37513 2
37514 0
37515 1
37516 0
37517 1
37518 2
37519 1
37520 0
37521 2
37522 1
37523 2
37524 0
37525 1
37526 2
37527 1
37528 0
37529 1
37530 0
37531 2
37532 1
37533 0
37534 1
37535 2
37536 0
37537 2
37538 1
37539 2
37540 0
37541 1
37542 0
37543 2
37544 0
37545 2
37546 1
37547 2
37548 0
37549 1
37550 2
37551 0
37552 1
37553 2
37554 0
37555 2
37556 0
37557 1
37558 0
37559 2
37560 3
37561 0
37562 2
37563 1
37564 2
37565 1
37566 2
37567 1
37568 0
37569 1
37570 2
37571 0
37572 2
37573 0
37574 1
37575 2
37576 0
37577 2
37578 1
37579 3
37580 2
37581 0
37582 3
37583 1
37584 0
37585 3
37586 2
37587 0
37588 1
37589 2
37590 0
37591 2
37592 0
37593 2
37594 0
37595 2
37596 1
37597 0
37598 2
37599 1
37600 0
37601 2
37602 1
37603 0
37604 2
37605 1
37606 0
37607 1
37608 0
37609 1
37610 0
37611 2
37612 1
37613 2
37614 0
37615 1
37616 2
37617 0
37618 1
37619 0
37620 1
37621 3
37622 2
37623 1
37624 0
37625 2
37626 1
37627 2
37628 1
37629 3
37630 2
37631 1
37632 2
37633 0
37634 1
37635 0
37636 2
37637 1
37638 3
37639 2
37640 3
37641 0
37642 1
37643 0
37644 2
37645 1
37646 2
37647 1
37648 0
37649 2
37650 1
37651 2
37652 0
37653 1
37654 0
37655 1
37656 0
37657 2
37658 1
37659 0
37660 1
37661 2
37662 0
37663 2
37664 0
37665 2
37666 1
37667 2
37668 0
37669 2
37670 1
37671 0
37672 1
37673 0
37674 1
37675 0
37676 2
37677 0
37678 1
37679 3
37680 1
37681 0
37682 2
37683 1
37684 0
37685 1
37686 2
37687 0
37688 3
37689 2
37690 1
37691 0
37692 2
37693 1
37694 0
37695 2
37696 1
37697 0
37698 1
37699 0
37700 2
37701 0
37702 1
37703 2
37704 0
37705 2
37706 1
37707 2
37708 0
37709 1
37710 0
37711 1
37712 2
37713 0
37714 1
37715 0
37716 1
37717 3
37718 1
37719 2
37720 1
37721 0
37722 1
37723 0
37724 1
37725 0
37726 1
37727 0
37728 1
37729 2
37730 0
37731 2
37732 1
37733 2
37734 1
37735 2
37736 1
37737 0
37738 1
37739 0
37740 1
37741 0
37742 1
37743 2
37744 0
37745 2
37746 0
37747 1
37748 0
37749 2
37750 1
37751 2
37752 1
37753 0
37754 1
37755 0
37756 2
37757 3
37758 0
37759 2
37760 0
37761 2
37762 0
37763 1
37764 3
37765 2
37766 0
37767 1
37768 0
37769 2
37770 1
37771 0
37772 3
37773 1
37774 0
37775 1
37776 0
37777 2
37778 1
37779 0
37780 2
37781 0
37782 3
37783 2
37784 3
37785 0
37786 2
37787 0
37788 3
37789 2
37790 3
37791 1
37792 0
37793 2
37794 0
37795 1
37796 2
37797 0
37798 1
37799 0
37800 1
37801 2
37802 0
37803 1
37804 0
37805 2
37806 1
37807 0
37808 1
37809 2
37810 0
37811 2
37812 0
37813 1
37814 2
37815 0
37816 1
37817 0
37818 1
37819 0
37820 2
37821 0
37822 1
37823 0
37824 3
37825 2
37826 0
37827 2
37828 1
37829 2
37830 0
37831 1
37832 0
37833 2
37834 0
37835 2
37836 0
37837 2
37838 1
37839 2
37840 0
37841 2
37842 1
37843 2
37844 0
37845 1
37846 2
37847 0
37848 1
37849 2
37850 1
37851 2
37852 0
37853 2
37854 0
37855 2
37856 3
37857 0
37858 1
37859 3
37860 0
37861 1
37862 0
37863 3
37864 1
37865 0
37866 2
37867 1
37868 0
37869 1
37870 2
37871 0
37872 1
37873 0
37874 1
37875 2
37876 0
37877 3
37878 1
37879 0
37880 1
37881 3
37882 0
37883 2
37884 1
37885 0
37886 1
37887 0
37888 1
37889 0
37890 2
37891 1
37892 2
37893 0
37894 2
37895 1
37896 2
37897 1
37898 0
37899 2
37900 1
37901 0
37902 1
37903 2
37904 0
37905 2
37906 0
37907 1
37908 0
37909 2
37910 0
37911 2
37912 0
37913 1
37914 2
37915 3
37916 2
37917 0
37918 2
37919 3
37920 1
37921 0
37922 2
37923 0
37924 1
37925 0
37926 2
37927 1
37928 2
37929 0
37930 2
37931 1
37932 2
37933 0
37934 1
37935 2
37936 0
37937 1
37938 2
37939 1
37940 2
37941 1
37942 0
37943 1
37944 0
37945 1
37946 0
37947 1
37948 0
37949 1
37950 2
37951 1
37952 2
37953 0
37954 1
37955 2
37956 0
37957 3
37958 0
37959 1
37960 0
37961 2
37962 3
37963 0
37964 2
37965 1
37966 2
37967 0
37968 2
37969 1
37970 0
37971 1
37972 2
37973 0
37974 2
37975 1
37976 0
37977 2
37978 1
37979 0
37980 2
37981 1
37982 2
37983 1
37984 2
37985 0
37986 3
37987 2
37988 0
37989 2
37990 0
37991 1
37992 2
37993 1
37994 2
37995 3
37996 0
37997 1
37998 2
37999 0
38000 1
38001 0
38002 1
38003 0
38004 1
38005 2
38006 1
38007 0
38008 2
38009 0
38010 1
38011 2
38012 0
38013 2
38014 1
38015 0
38016 1
38017 0
38018 3
38019 1
38020 0
38021 1
38022 2
38023 0
38024 1
38025 2
38026 0
38027 2
38028 1
38029 2
38030 0
38031 2
38032 1
38033 2
38034 0
38035 1
38036 0
38037 1
38038 0
38039 1
38040 2
38041 1
38042 2
38043 0
38044 2
38045 1
38046 3
38047 2
38048 1
38049 2
38050 0
38051 1
38052 0
38053 1
38054 2
38055 1
38056 0
38057 3
38058 1
38059 2
38060 1
38061 3
38062 2
38063 1
38064 0
38065 2
38066 0
38067 2
38068 0
38069 2
38070 3
38071 0
38072 1
38073 3
38074 2
38075 0
38076 1
38077 3
38078 1
38079 0
38080 2
38081 1
38082 3
38083 2
38084 1
38085 3
38086 2
38087 1
38088 0
38089 1
38090 0
38091 1
38092 0
38093 1
38094 2
38095 0
38096 2
38097 1
38098 0
38099 2
38100 1
38101 0
38102 2
38103 1
38104 0
38105 1
38106 0
38107 3
38108 1
38109 3
38110 0
38111 2
38112 0
38113 2
38114 0
38115 2
38116 0
38117 1
38118 0
38119 1
38120 0
38121 1
38122 0
38123 1
38124 2
38125 1
38126 0
38127 1
38128 3
38129 2
38130 1
38131 0
38132 1
38133 0
38134 1
38135 2
38136 1
38137 2
38138 0
38139 3
38140 1
38141 2
38142 0
38143 1
38144 2
38145 1
38146 2
38147 1
38148 2
38149 0
38150 1
38151 0
38152 1
38153 0
38154 2
38155 1
38156 0
38157 2
38158 1
38159 0
38160 1
38161 2
38162 0
38163 1
38164 0
38165 2
38166 0
38167 1
38168 3
38169 0
38170 1
38171 0
38172 2
38173 1
38174 0
38175 1
38176 2
38177 3
38178 0
38179 2
38180 1
38181 2
38182 0
38183 3
38184 1
38185 3
38186 2
38187 1
38188 0
38189 2
38190 1
38191 2
38192 1
38193 2
38194 1
38195 0
38196 1
38197 2
38198 0
38199 1
38200 0
38201 2
38202 1
38203 2
38204 1
38205 2
38206 0
38207 2
38208 1
38209 3
38210 0
38211 2
38212 1
38213 0
38214 3
38215 0
38216 2
38217 1
38218 0
38219 1
38220 2
38221 0
38222 1
38223 0
38224 1
38225 0
38226 1
38227 0
38228 2
38229 3
38230 0
38231 1
38232 0
38233 2
38234 0
38235 1
38236 2
38237 0
38238 2
38239 1
38240 0
38241 1
38242 2
38243 1
38244 2
38245 0
38246 1
38247 0
38248 1
38249 0
38250 1
38251 0
38252 1
38253 0
38254 2
38255 0
38256 1
38257 0
38258 1
38259 0
38260 1
38261 2
38262 1
38263 0
38264 1
38265 2
38266 1
38267 2
38268 0
38269 2
38270 1
38271 0
38272 3
38273 1
38274 2
38275 0
38276 3
38277 1
38278 0
38279 2
38280 0
38281 1
38282 2
38283 0
38284 2
38285 1
38286 0
38287 2
38288 1
38289 2
38290 1
38291 2
38292 0
38293 1
38294 0
38295 1
38296 0
38297 3
38298 1
38299 0
38300 2
38301 0
38302 1
38303 0
38304 1
38305 0
38306 1
38307 2
38308 1
38309 0
38310 1
38311 0
38312 1
38313 0
38314 1
38315 0
38316 1
38317 0
38318 2
38319 1
38320 0
38321 1
38322 2
38323 0
38324 2
38325 1
38326 2
38327 0
38328 1
38329 2
38330 1
38331 0
38332 2
38333 1
38334 2
38335 0
38336 2
38337 1
38338 0
38339 2
38340 0
38341 1
38342 2
38343 3
38344 0
38345 1
38346 0
38347 2
38348 0
38349 1
38350 0
38351 3
38352 2
38353 0
38354 1
38355 0
38356 1
38357 0
38358 1
38359 0
38360 1
38361 2
38362 0
38363 1
38364 2
38365 0
38366 1
38367 2
38368 0
38369 2
38370 1
38371 2
38372 1
38373 0
38374 1
38375 0
38376 2
38377 0
38378 2
38379 1
38380 2
38381 0
38382 1
38383 0
38384 3
38385 1
38386 2
38387 1
38388 0
38389 2
38390 1
38391 2
38392 1
38393 2
38394 1
38395 2
38396 1
38397 0
38398 1
38399 0
38400 2
38401 1
38402 0
38403 1
38404 2
38405 3
38406 0
38407 1
38408 2
38409 0
38410 1
38411 2
38412 0
38413 2
38414 0
38415 2
38416 0
38417 2
38418 0
38419 1
38420 2
38421 1
38422 2
38423 1
38424 2
38425 0
38426 2
38427 1
38428 0
38429 2
38430 1
38431 0
38432 2
38433 1
38434 2
38435 0
38436 2
38437 1
38438 0
38439 2
38440 1
38441 0
38442 2
38443 0
38444 2
38445 1
38446 0
38447 1
38448 0
38449 3
38450 0
38451 2
38452 1
38453 0
38454 2
38455 0
38456 1
38457 0
38458 1
38459 0
38460 2
38461 1
38462 0
38463 2
38464 0
38465 1
38466 3
38467 1
38468 0
38469 2
38470 1
38471 2
38472 1
38473 0
38474 2
38475 1
38476 0
38477 1
38478 2
38479 1
38480 2
38481 1
38482 2
38483 1
38484 2
38485 0
38486 2
38487 1
38488 3
38489 0
38490 1
38491 2
38492 1
38493 2
38494 1
38495 0
38496 2
38497 1
38498 3
38499 2
38500 0
38501 3
38502 1
38503 0
38504 1
38505 0
38506 3
38507 2
38508 0
38509 1
38510 0
38511 1
38512 2
38513 1
38514 2
38515 1
38516 2
38517 3
38518 1
38519 0
38520 2
38521 0
38522 1
38523 0
38524 1
38525 2
38526 0
38527 1
38528 2
38529 1
38530 0
38531 1
38532 2
38533 0
38534 1
38535 2
38536 1
38537 3
38538 0
38539 1
38540 0
38541 2
38542 0
38543 3
38544 1
38545 0
38546 1
38547 0
38548 2
38549 0
38550 2
38551 0
38552 1
38553 0
38554 1
38555 2
38556 0
38557 3
38558 1
38559 0
38560 1
38561 2
38562 0
38563 3
38564 1
38565 3
38566 2
38567 0
38568 2
38569 3
38570 1
38571 0
38572 2
38573 1
38574 0
38575 2
38576 1
38577 0
38578 1
38579 2
38580 1
38581 0
38582 2
38583 1
38584 2
38585 0
38586 1
38587 0
38588 2
38589 1
38590 2
38591 0
38592 2
38593 1
38594 0
38595 1
38596 2
38597 0
38598 1
38599 0
38600 2
38601 1
38602 2
38603 0
38604 2
38605 1
38606 0
38607 3
38608 2
38609 3
38610 0
38611 1
38612 0
38613 1
38614 2
38615 0
38616 2
38617 1
38618 2
38619 1
38620 0
38621 1
38622 2
38623 1
38624 0
38625 1
38626 2
38627 1
38628 0
38629 1
38630 0
38631 1
38632 0
38633 1
38634 0
38635 1
38636 2
38637 0
38638 1
38639 2
38640 1
38641 2
38642 1
38643 0
38644 2
38645 0
38646 1
38647 2
38648 0
38649 1
38650 0
38651 3
38652 2
38653 1
38654 0
38655 1
38656 2
38657 1
38658 0
38659 1
38660 0
38661 1
38662 2
38663 0
38664 1
38665 2
38666 0
38667 1
38668 2
38669 1
38670 2
38671 0
38672 2
38673 0
38674 2
38675 1
38676 2
38677 1
38678 0
38679 2
38680 0
38681 2
38682 1
38683 0
38684 2
38685 3
38686 0
38687 2
38688 1
38689 0
38690 2
38691 1
38692 0
38693 1
38694 2
38695 0
38696 1
38697 2
38698 0
38699 2
38700 1
38701 2
38702 1
38703 0
38704 1
38705 0
38706 2
38707 0
38708 2
38709 0
38710 1
38711 0
38712 2
38713 0
38714 1
38715 0
38716 1
38717 2
38718 1
38719 0
38720 1
38721 0
38722 2
38723 1
38724 0
38725 1
38726 2
38727 0
38728 1
38729 2
38730 1
38731 2
38732 0
38733 1
38734 2
38735 0
38736 2
38737 1
38738 0
38739 1
38740 0
38741 1
38742 0
38743 2
38744 1
38745 0
38746 1
38747 0
38748 2
38749 0
38750 1
38751 0
38752 2
38753 1
38754 0
38755 1
38756 0
38757 1
38758 2
38759 0
38760 1
38761 0
38762 1
38763 0
38764 1
38765 0
38766 1
38767 2
38768 0
38769 2
38770 0
38771 2
38772 0
38773 2
38774 0
38775 3
38776 1
38777 0
38778 1
38779 2
38780 0
38781 2
38782 3
38783 1
38784 0
38785 2
38786 1
38787 2
38788 0
38789 1
38790 0
38791 2
38792 0
38793 1
38794 0
38795 1
38796 2
38797 0
38798 3
38799 1
38800 0
38801 1
38802 0
38803 2
38804 3
38805 1
38806 2
38807 0
38808 2
38809 1
38810 0
38811 1
38812 2
38813 0
38814 1
38815 3
38816 2
38817 1
38818 2
38819 1
38820 0
38821 2
38822 1
38823 3
38824 2
38825 0
38826 1
38827 0
38828 1
38829 0
38830 1
38831 2
38832 0
38833 1
38834 2
38835 1
38836 3
38837 1
38838 0
38839 2
38840 1
38841 0
38842 1
38843 2
38844 0
38845 1
38846 0
38847 1
38848 3
38849 2
38850 0
38851 2
38852 1
38853 0
38854 1
38855 0
38856 2
38857 0
38858 3
38859 1
38860 0
38861 1
38862 3
38863 0
38864 2
38865 0
38866 1
38867 0
38868 1
38869 2
38870 1
38871 0
38872 2
38873 1
38874 0
38875 1
38876 0
38877 2
38878 1
38879 2
38880 3
38881 1
38882 2
38883 1
38884 2
38885 1
38886 0
38887 2
38888 1
38889 0
38890 1
38891 2
38892 0
38893 2
38894 1
38895 0
38896 1
38897 3
38898 0
38899 1
38900 0
38901 1
38902 0
38903 1
38904 0
38905 2
38906 3
38907 0
38908 1
38909 0
38910 2
38911 0
38912 1
38913 0
38914 1
38915 2
38916 0
38917 1
38918 0
38919 2
38920 3
38921 1
38922 2
38923 0
38924 2
38925 1
38926 0
38927 2
38928 1
38929 2
38930 1
38931 2
38932 3
38933 2
38934 0
38935 1
38936 0
38937 1
38938 2
38939 0
38940 2
38941 1
38942 0
38943 2
38944 1
38945 0
38946 1
38947 0
38948 1
38949 0
38950 2
38951 1
38952 0
38953 1
38954 2
38955 1
38956 2
38957 0
38958 1
38959 2
38960 0
38961 1
38962 3
38963 0
38964 2
38965 1
38966 0
38967 2
38968 1
38969 3
38970 2
38971 0
38972 1
38973 3
38974 0
38975 1
38976 2
38977 0
38978 1
38979 2
38980 1
38981 0
38982 1
38983 0
38984 1
38985 2
38986 0
38987 1
38988 2
38989 0
38990 1
38991 0
38992 3
38993 1
38994 0
38995 3
38996 0
38997 1
38998 3
38999 0
39000 2
39001 0
39002 1
39003 2
39004 1
39005 2
39006 0
39007 1
39008 2
39009 0
39010 1
39011 2
39012 1
39013 2
39014 0
39015 1
39016 3
39017 2
39018 0
39019 1
39020 3
39021 2
39022 3
39023 0
39024 1
39025 2
39026 1
39027 0
39028 1
39029 2
39030 1
39031 2
39032 1
39033 3
39034 0
39035 2
39036 1
39037 2
39038 0
39039 1
39040 0
39041 1
39042 2
39043 0
39044 1
39045 3
39046 2
39047 1
39048 2
39049 0
39050 1
39051 2
39052 1
39053 2
39054 0
39055 1
39056 2
39057 3
39058 0
39059 1
39060 0
39061 2
39062 1
39063 2
39064 1
39065 2
39066 3
39067 0
39068 1
39069 2
39070 1
39071 0
39072 2
39073 1
39074 0
39075 1
39076 0
39077 1
39078 2
39079 0
39080 2
39081 1
39082 2
39083 0
39084 1
39085 2
39086 0
39087 2
39088 1
39089 2
39090 1
39091 2
39092 1
39093 0
39094 2
39095 1
39096 0
39097 2
39098 1
39099 0
39100 2
39101 3
39102 1
39103 0
39104 1
39105 0
39106 2
39107 0
39108 2
39109 1
39110 2
39111 0
39112 1
39113 0
39114 1
39115 2
39116 0
39117 1
39118 0
39119 1
39120 2
39121 3
39122 1
39123 0
39124 1
39125 0
39126 1
39127 2
39128 0
39129 2
39130 1
39131 2
39132 3
39133 2
39134 1
39135 0
39136 2
39137 0
39138 2
39139 0
39140 1
39141 0
39142 1
39143 0
39144 2
39145 1
39146 2
39147 0
39148 1
39149 0
39150 1
39151 2
39152 1
39153 2
39154 3
39155 1
39156 2
39157 1
39158 2
39159 0
39160 1
39161 0
39162 2
39163 1
39164 0
39165 1
39166 2
39167 3
39168 0
39169 2
39170 0
39171 1
39172 2
39173 1
39174 0
39175 2
39176 1
39177 2
39178 0
39179 1
39180 2
39181 1
39182 2
39183 1
39184 2
39185 0
39186 2
39187 1
39188 0
39189 1
39190 2
39191 1
39192 3
39193 1
39194 0
39195 3
39196 2
39197 1
39198 0
39199 1
39200 0
39201 1
39202 0
39203 1
39204 0
39205 2
39206 1
39207 0
39208 2
39209 0
39210 1
39211 0
39212 1
39213 0
39214 1
39215 0
39216 1
39217 2
39218 0
39219 2
39220 0
39221 1
39222 2
39223 1
39224 0
39225 1
39226 0
39227 3
39228 1
39229 0
39230 1
39231 0
39232 2
39233 1
39234 3
39235 0
39236 1
39237 0
39238 1
39239 2
39240 0
39241 2
39242 1
39243 0
39244 1
39245 2
39246 3
39247 0
39248 2
39249 1
39250 0
39251 2
39252 3
39253 1
39254 0
39255 1
39256 2
39257 0
39258 1
39259 2
39260 1
39261 0
39262 2
39263 0
39264 2
39265 1
39266 0
39267 1
39268 2
39269 0
39270 1
39271 0
39272 1
39273 2
39274 0
39275 2
39276 0
39277 1
39278 2
39279 1
39280 0
39281 2
39282 1
39283 2
39284 1
39285 0
39286 1
39287 3
39288 2
39289 0
39290 1
39291 0
39292 2
39293 1
39294 0
39295 2
39296 1
39297 2
39298 0
39299 1
39300 2
39301 0
39302 1
39303 0
39304 1
39305 0
39306 3
39307 0
39308 2
39309 0
39310 1
39311 0
39312 1
39313 2
39314 0
39315 2
39316 1
39317 0
39318 2
39319 1
39320 3
39321 0
39322 1
39323 2
39324 1
39325 2
39326 1
39327 0
39328 2
39329 1
39330 2
39331 1
39332 2
39333 0
39334 1
39335 0
39336 2
39337 1
39338 0
39339 1
39340 2
39341 0
39342 1
39343 0
39344 2
39345 1
39346 3
39347 2
39348 0
39349 3
39350 2
39351 1
39352 0
39353 2
39354 1
39355 2
39356 0
39357 2
39358 1
39359 0
39360 1
39361 2
39362 1
39363 2
39364 1
39365 2
39366 1
39367 0
39368 1
39369 0
39370 2
39371 1
39372 0
39373 1
39374 0
39375 1
39376 2
39377 0
39378 1
39379 2
39380 0
39381 1
39382 2
39383 1
39384 0
39385 2
39386 1
39387 2
39388 0
39389 1
39390 0
39391 2
39392 1
39393 0
39394 2
39395 1
39396 0
39397 2
39398 1
39399 2
39400 0
39401 1
39402 2
39403 0
39404 2
39405 1
39406 2
39407 0
39408 3
39409 2
39410 1
39411 0
39412 1
39413 0
39414 1
39415 2
39416 0
39417 1
39418 2
39419 0
39420 1
39421 0
39422 2
39423 0
39424 2
39425 1
39426 0
39427 1
39428 2
39429 0
39430 1
39431 2
39432 0
39433 1
39434 0
39435 2
39436 0
39437 1
39438 2
39439 1
39440 0
39441 2
39442 1
39443 2
39444 0
39445 1
39446 2
39447 3
39448 0
39449 1
39450 0
39451 1
39452 0
39453 1
39454 0
39455 1
39456 0
39457 1
39458 2
39459 0
39460 1
39461 0
39462 1
39463 3
39464 1
39465 0
39466 1
39467 0
39468 1
39469 0
39470 1
39471 2
39472 0
39473 1
39474 0
39475 1
39476 2
39477 0
39478 2
39479 1
39480 0
39481 1
39482 0
39483 2
39484 1
39485 0
39486 1
39487 2
39488 0
39489 1
39490 2
39491 1
39492 2
39493 1
39494 2
39495 1
39496 2
39497 1
39498 3
39499 1
39500 0
39501 2
39502 1
39503 2
39504 0
39505 2
39506 1
39507 2
39508 1
39509 2
39510 1
39511 0
39512 2
39513 0
39514 1
39515 2
39516 0
39517 2
39518 0
39519 1
39520 0
39521 2
39522 1
39523 2
39524 1
39525 2
39526 1
39527 0
39528 2
39529 0
39530 2
39531 0
39532 1
39533 0
39534 2
39535 3
39536 0
39537 1
39538 2
39539 0
39540 3
39541 2
39542 1
39543 2
39544 0
39545 2
39546 1
39547 2
39548 0
39549 1
39550 0
39551 1
39552 2
39553 0
39554 1
39555 0
39556 3
39557 1
39558 0
39559 2
39560 1
39561 2
39562 0
39563 1
39564 0
39565 1
39566 2
39567 0
39568 1
39569 2
39570 0
39571 1
39572 2
39573 3
39574 1
39575 2
39576 1
39577 2
39578 0
39579 2
39580 1
39581 0
39582 2
39583 1
39584 2
39585 1
39586 2
39587 0
39588 2
39589 0
39590 1
39591 0
39592 1
39593 0
39594 1
39595 2
39596 3
39597 0
39598 1
39599 0
39600 2
39601 1
39602 3
39603 2
39604 3
39605 0
39606 1
39607 0
39608 1
39609 0
39610 1
39611 2
39612 1
39613 0
39614 3
39615 2
39616 3
39617 0
39618 2
39619 1
39620 0
39621 1
39622 0
39623 1
39624 2
39625 0
39626 2
39627 0
39628 2
39629 1
39630 0
39631 1
39632 0
39633 2
39634 0
39635 1
39636 0
39637 2
39638 0
39639 1
39640 2
39641 0
39642 2
39643 1
39644 2
39645 1
39646 0
39647 2
39648 0
39649 2
39650 0
39651 2
39652 0
39653 2
39654 1
39655 0
39656 1
39657 0
39658 1
39659 2
39660 0
39661 1
39662 0
39663 2
39664 0
39665 1
39666 2
39667 0
39668 1
39669 2
39670 0
39671 3
39672 1
39673 0
39674 1
39675 0
39676 3
39677 2
39678 0
39679 2
39680 1
39681 0
39682 1
39683 0
39684 3
39685 1
39686 0
39687 2
39688 1
39689 0
39690 1
39691 3
39692 2
39693 0
39694 1
39695 2
39696 3
39697 0
39698 2
39699 1
39700 0
39701 1
39702 0
39703 1
39704 0
39705 1
39706 0
39707 2
39708 1
39709 2
39710 1
39711 0
39712 1
39713 3
39714 2
39715 3
39716 1
39717 2
39718 1
39719 0
39720 2
39721 1
39722 2
39723 3
39724 0
39725 1
39726 2
39727 3
39728 1
39729 2
39730 0
39731 3
39732 2
39733 0
39734 2
39735 0
39736 1
39737 2
39738 1
39739 0
39740 1
39741 0
39742 1
39743 2
39744 0
39745 1
39746 0
39747 1
39748 0
39749 1
39750 0
39751 1
39752 2
39753 1
39754 0
39755 2
39756 1
39757 2
39758 1
39759 2
39760 0
39761 2
39762 0
39763 1
39764 0
39765 1
39766 0
39767 2
39768 3
39769 1
39770 0
39771 1
39772 0
39773 2
39774 1
39775 0
39776 2
39777 1
39778 0
39779 2
39780 1
39781 3
39782 2
39783 0
39784 1
39785 2
39786 1
39787 0
39788 2
39789 0
39790 2
39791 1
39792 0
39793 2
39794 1
39795 0
39796 1
39797 0
39798 2
39799 1
39800 0
39801 1
39802 2
39803 3
39804 2
39805 0
39806 1
39807 0
39808 1
39809 2
39810 1
39811 0
39812 1
39813 2
39814 0
39815 1
39816 0
39817 1
39818 0
39819 2
39820 1
39821 0
39822 2
39823 1
39824 2
39825 0
39826 2
39827 0
39828 1
39829 2
39830 1
39831 0
39832 1
39833 2
39834 0
39835 1
39836 0
39837 1
39838 0
39839 2
39840 1
39841 2
39842 0
39843 2
39844 0
39845 1
39846 0
39847 2
39848 0
39849 2
39850 1
39851 0
39852 1
39853 2
39854 1
39855 2
39856 0
39857 2
39858 1
39859 2
39860 1
39861 0
39862 1
39863 3
39864 1
39865 0
39866 2
39867 1
39868 0
39869 1
39870 0
39871 1
39872 0
39873 2
39874 1
39875 3
39876 1
39877 0
39878 2
39879 0
39880 1
39881 2
39882 1
39883 0
39884 1
39885 0
39886 1
39887 2
39888 0
39889 1
39890 0
39891 2
39892 1
39893 2
39894 0
39895 1
39896 2
39897 1
39898 3
39899 0
39900 1
39901 0
39902 2
39903 1
39904 2
39905 1
39906 3
39907 2
39908 1
39909 2
39910 3
39911 0
39912 3
39913 1
39914 2
39915 0
39916 1
39917 0
39918 1
39919 0
39920 1
39921 0
39922 1
39923 0
39924 1
39925 2
39926 1
39927 0
39928 1
39929 2
39930 0
39931 1
39932 0
39933 1
39934 0
39935 2
39936 1
39937 2
39938 1
39939 0
39940 1
39941 0
39942 1
39943 3
39944 2
39945 0
39946 1
39947 2
39948 0
39949 1
39950 0
39951 2
39952 0
39953 1
39954 2
39955 1
39956 0
39957 1
39958 3
39959 2
39960 0
39961 2
39962 0
39963 1
39964 0
39965 2
39966 3
39967 1
39968 0
39969 2
39970 1
39971 2
39972 0
39973 2
39974 0
39975 1
39976 0
39977 2
39978 1
39979 0
39980 1
39981 0
39982 1
39983 0
39984 1
39985 2
39986 0
39987 1
39988 0
39989 1
39990 0
39991 1
39992 2
39993 1
39994 3
39995 2
39996 1
39997 2
39998 0
39999 1
40000 0
40001 1
40002 0
40003 2
40004 0
40005 3
40006 2
40007 0
40008 1
40009 0
40010 1
40011 0
40012 2
40013 3
40014 0
40015 2
40016 0
40017 3
40018 2
40019 3
40020 1
40021 2
40022 0
40023 1
40024 2
40025 3
40026 1
40027 2
40028 0
40029 1
40030 0
40031 1
40032 0
40033 3
40034 2
40035 1
40036 0
40037 1
40038 3
40039 2
40040 1
40041 0
40042 1
40043 0
40044 3
40045 1
40046 2
40047 0
40048 1
40049 0
40050 2
40051 0
40052 1
40053 2
40054 0
40055 3
40056 2
40057 1
40058 3
40059 0
40060 2
40061 1
40062 0
40063 3
40064 1
40065 0
40066 1
40067 2
40068 1
40069 0
40070 2
40071 1
40072 0
40073 2
40074 1
40075 0
40076 2
40077 1
40078 0
40079 3
40080 0
40081 2
40082 1
40083 0
40084 1
40085 3
40086 2
40087 0
40088 1
40089 0
40090 2
40091 1
40092 0
40093 1
40094 2
40095 0
40096 2
40097 1
40098 2
40099 0
40100 1
40101 2
40102 0
40103 1
40104 0
40105 3
40106 1
40107 0
40108 1
40109 0
40110 3
40111 1
40112 0
40113 2
40114 1
40115 3
40116 2
40117 0
40118 2
40119 1
40120 0
40121 1
40122 2
40123 1
40124 0
40125 1
40126 2
40127 0
40128 2
40129 1
40130 0
40131 2
40132 1
40133 0
40134 2
40135 1
40136 0
40137 2
40138 0
40139 2
40140 0
40141 1
40142 2
40143 0
40144 2
40145 1
40146 0
40147 2
40148 0
40149 1
40150 0
40151 2
40152 1
40153 2
40154 1
40155 0
40156 2
40157 1
40158 0
40159 1
40160 3
40161 2
40162 3
40163 0
40164 2
40165 1
40166 0
40167 2
40168 1
40169 0
40170 1
40171 3
40172 2
40173 0
40174 1
40175 2
40176 0
40177 2
40178 3
40179 1
40180 2
40181 1
40182 0
40183 1
40184 2
40185 0
40186 3
40187 0
40188 2
40189 0
40190 1
40191 0
40192 1
40193 0
40194 1
40195 2
40196 0
40197 1
40198 0
40199 1
40200 0
40201 1
40202 2
40203 1
40204 2
40205 1
40206 2
40207 0
40208 1
40209 0
40210 1
40211 2
40212 0
40213 1
40214 0
40215 1
40216 0
40217 1
40218 0
40219 3
40220 1
40221 2
40222 1
40223 0
40224 1
40225 0
40226 1
40227 2
40228 1
40229 0
40230 1
40231 0
40232 1
40233 0
40234 2
40235 1
40236 0
40237 1
40238 2
40239 1
40240 0
40241 2
40242 1
40243 0
40244 1
40245 3
40246 2
40247 1
40248 3
40249 2
40250 3
40251 0
40252 2
40253 0
40254 2
40255 0
40256 1
40257 0
40258 2
40259 1
40260 0
40261 2
40262 0
40263 1
40264 0
40265 2
40266 1
40267 2
40268 0
40269 2
40270 1
40271 0
40272 2
40273 1
40274 0
40275 1
40276 2
40277 0
40278 3
40279 2
40280 0
40281 1
40282 0
40283 3
40284 2
40285 1
40286 0
40287 1
40288 3
40289 2
40290 3
40291 0
40292 1
40293 2
40294 0
40295 1
40296 0
40297 1
40298 2
40299 3
40300 2
40301 1
40302 0
40303 2
40304 1
40305 3
40306 1
40307 0
40308 1
40309 2
40310 3
40311 1
40312 0
40313 2
40314 0
40315 2
40316 1
40317 2
40318 0
40319 2
40320 1
40321 3
40322 2
40323 1
40324 0
40325 1
40326 2
40327 1
40328 2
40329 0
40330 1
40331 2
40332 3
40333 1
40334 3
40335 2
40336 3
40337 0
40338 2
40339 0
40340 1
40341 0
40342 1
40343 0
40344 2
40345 3
40346 0
40347 1
40348 0
40349 1
40350 0
40351 1
40352 0
40353 2
40354 0
40355 1
40356 0
40357 3
40358 2
40359 1
40360 0
40361 1
40362 0
40363 1
40364 0
40365 1
40366 2
40367 0
40368 1
40369 2
40370 3
40371 1
40372 2
40373 0
40374 2
40375 1
40376 0
40377 1
40378 0
40379 2
40380 0
40381 2
40382 1
40383 0
40384 1
40385 2
40386 0
40387 1
40388 2
40389 0
40390 1
40391 2
40392 3
40393 1
40394 3
40395 2
40396 0
40397 2
40398 0
40399 1
40400 2
40401 0
40402 2
40403 0
40404 1
40405 3
40406 2
40407 0
40408 1
40409 2
40410 1
40411 0
40412 1
40413 0
40414 1
40415 2
40416 0
40417 1
40418 0
40419 2
40420 0
40421 2
40422 3
40423 1
40424 0
40425 1
40426 2
40427 0
40428 1
40429 0
40430 1
40431 0
40432 1
40433 0
40434 1
40435 0
40436 2
40437 1
40438 0
40439 2
40440 1
40441 0
40442 1
40443 0
40444 2
40445 1
40446 2
40447 1
40448 2
40449 1
40450 2
40451 0
40452 1
40453 2
40454 0
40455 1
40456 2
40457 1
40458 2
40459 1
40460 2
40461 0
40462 1
40463 2
40464 3
40465 0
40466 2
40467 0
40468 2
40469 1
40470 2
40471 0
40472 2
40473 1
40474 0
40475 1
40476 3
40477 0
40478 1
40479 2
40480 0
40481 1
40482 2
40483 0
40484 2
40485 1
40486 2
40487 0
40488 1
40489 0
40490 1
40491 0
40492 2
40493 1
40494 0
40495 2
40496 3
40497 2
40498 1
40499 2
40500 3
40501 0
40502 1
40503 2
40504 0
40505 2
40506 1
40507 2
40508 1
40509 0
40510 1
40511 0
40512 2
40513 1
40514 2
40515 1
40516 2
40517 1
40518 2
40519 0
40520 2
40521 1
40522 0
40523 1
40524 0
40525 1
40526 2
40527 0
40528 2
40529 1
40530 0
40531 1
40532 0
40533 2
40534 0
40535 1
40536 2
40537 3
40538 1
40539 3
40540 2
40541 0
40542 1
40543 2
40544 0
40545 2
40546 1
40547 0
40548 1
40549 0
40550 1
40551 2
40552 0
40553 2
40554 1
40555 0
40556 2
40557 1
40558 2
40559 0
40560 1
40561 0
40562 1
40563 2
40564 1
40565 0
40566 1
40567 0
40568 1
40569 0
40570 2
40571 1
40572 0
40573 1
40574 2
40575 0
40576 1
40577 0
40578 1
40579 2
40580 1
40581 2
40582 1
40583 3
40584 2
40585 1
40586 0
40587 1
40588 0
40589 1
40590 2
40591 0
40592 1
40593 2
40594 1
40595 0
40596 2
40597 1
40598 2
40599 0
40600 2
40601 1
40602 2
40603 0
40604 1
40605 3
40606 0
40607 2
40608 1
40609 0
40610 1
40611 0
40612 1
40613 0
40614 1
40615 0
40616 2
40617 1
40618 0
40619 1
40620 2
40621 0
40622 1
40623 0
40624 3
40625 0
40626 2
40627 0
40628 1
40629 2
40630 0
40631 2
40632 1
40633 0
40634 2
40635 1
40636 0
40637 1
40638 0
40639 1
40640 0
40641 1
40642 0
40643 1
40644 0
40645 1
40646 2
40647 0
40648 1
40649 0
40650 1
40651 2
40652 0
40653 1
40654 2
40655 1
40656 2
40657 3
40658 1
40659 0
40660 1
40661 2
40662 0
40663 2
40664 1
40665 0
40666 1
40667 2
40668 1
40669 0
40670 2
40671 1
40672 2
40673 1
40674 0
40675 1
40676 2
40677 1
40678 0
40679 1
40680 2
40681 1
40682 2
40683 1
40684 2
40685 0
40686 2
40687 1
40688 0
40689 1
40690 2
40691 3
40692 1
40693 2
40694 3
40695 1
40696 0
40697 1
40698 2
40699 0
40700 2
40701 0
40702 2
40703 1
40704 2
40705 1
40706 0
40707 1
40708 3
40709 0
40710 1
40711 0
40712 1
40713 2
40714 1
40715 3
40716 2
40717 0
40718 1
40719 0
40720 1
40721 2
40722 0
40723 2
40724 0
40725 2
40726 1
40727 2
40728 0
40729 1
40730 0
40731 1
40732 0
40733 1
40734 0
40735 2
40736 1
40737 0
40738 1
40739 0
40740 2
40741 1
40742 0
40743 3
40744 0
40745 2
40746 1
40747 2
40748 3
40749 1
40750 2
40751 0
40752 1
40753 2
40754 1
40755 0
40756 1
40757 0
40758 1
40759 0
40760 1
40761 0
40762 2
40763 3
40764 1
40765 0
40766 2
40767 1
40768 2
40769 0
40770 2
40771 1
40772 0
40773 2
40774 1
40775 2
40776 3
40777 0
40778 1
40779 0
40780 1
40781 2
40782 0
40783 1
40784 0
40785 2
40786 0
40787 3
40788 1
40789 0
40790 1
40791 0
40792 2
40793 1
40794 2
40795 1
40796 0
40797 1
40798 0
40799 1
40800 2
40801 1
40802 0
40803 1
40804 0
40805 1
40806 3
40807 1
40808 2
40809 0
40810 2
40811 0
40812 2
40813 0
40814 3
40815 0
40816 3
40817 1
40818 0
40819 1
40820 2
40821 0
40822 1
40823 2
40824 0
40825 3
40826 1
40827 2
40828 0
40829 1
40830 0
40831 1
40832 0
40833 2
40834 1
40835 0
40836 2
40837 0
40838 1
40839 0
40840 1
40841 0
40842 1
40843 0
40844 2
40845 1
40846 3
40847 0
40848 1
40849 0
40850 2
40851 1
40852 3
40853 0
40854 1
40855 2
40856 0
40857 3
40858 0
40859 1
40860 2
40861 0
40862 2
40863 3
40864 1
40865 0
40866 1
40867 0
40868 3
40869 2
40870 3
40871 1
40872 0
40873 1
40874 2
40875 0
40876 1
40877 0
40878 2
40879 0
40880 2
40881 0
40882 1
40883 2
40884 1
40885 0
40886 1
40887 0
40888 2
40889 1
40890 2
40891 1
40892 2
40893 1
40894 0
40895 2
40896 1
40897 0
40898 1
40899 2
40900 1
40901 2
40902 0
40903 1
40904 2
40905 1
40906 0
40907 1
40908 0
40909 1
40910 0
40911 1
40912 0
40913 1
40914 0
40915 2
40916 0
40917 2
40918 1
40919 2
40920 1
40921 2
40922 0
40923 2
40924 0
40925 2
40926 1
40927 3
40928 2
40929 0
40930 1
40931 3
40932 0
40933 1
40934 0
40935 2
40936 1
40937 0
40938 2
40939 0
40940 1
40941 0
40942 1
40943 0
40944 1
40945 0
40946 2
40947 1
40948 0
40949 2
40950 1
40951 2
40952 1
40953 0
40954 1
40955 0
40956 2
40957 1
40958 0
40959 1
40960 0
40961 1
40962 0
40963 1
40964 2
40965 1
40966 2
40967 0
40968 2
40969 3
40970 2
40971 0
40972 2
40973 1
40974 0
40975 1
40976 0
40977 2
40978 1
40979 0
40980 2
40981 1
40982 2
40983 1
40984 0
40985 1
40986 2
40987 1
40988 2
40989 0
40990 1
40991 0
40992 1
40993 0
40994 2
40995 0
40996 2
40997 3
40998 1
40999 2
41000 0
41001 1
41002 2
41003 1
41004 0
41005 2
41006 1
41007 2
41008 0
41009 2
41010 1
41011 0
41012 1
41013 2
41014 1
41015 0
41016 2
41017 1
41018 0
41019 1
41020 2
41021 0
41022 1
41023 2
41024 0
41025 3
41026 1
41027 0
41028 2
41029 3
41030 1
41031 2
41032 3
41033 0
41034 1
41035 0
41036 1
41037 0
41038 1
41039 2
41040 1
41041 0
41042 1
41043 2
41044 1
41045 0
41046 2
41047 1
41048 0
41049 1
41050 2
41051 0
41052 1
41053 0
41054 1
41055 3
41056 1
41057 0
41058 3
41059 2
41060 1
41061 2
41062 0
41063 1
41064 0
41065 1
41066 2
41067 1
41068 0
41069 1
41070 0
41071 2
41072 1
41073 2
41074 0
41075 1
41076 2
41077 0
41078 2
41079 1
41080 2
41081 0
41082 1
41083 3
41084 0
41085 2
41086 1
41087 2
41088 0
41089 1
41090 0
41091 1
41092 2
41093 1
41094 0
41095 2
41096 0
41097 1
41098 2
41099 0
41100 1
41101 2
41102 0
41103 2
41104 3
41105 0
41106 1
41107 2
41108 1
41109 0
41110 1
41111 2
41112 3
41113 1
41114 2
41115 0
41116 1
41117 0
41118 1
41119 2
41120 1
41121 0
41122 1
41123 2
41124 0
41125 1
41126 2
41127 0
41128 2
41129 0
41130 2
41131 0
41132 1
41133 0
41134 1
41135 0
41136 1
41137 2
41138 1
41139 0
41140 1
41141 0
41142 2
41143 0
41144 1
41145 0
41146 1
41147 2
41148 0
41149 2
41150 1
41151 3
41152 0
41153 1
41154 2
41155 1
41156 2
41157 3
41158 0
41159 1
41160 2
41161 0
41162 2
41163 1
41164 0
41165 1
41166 2
41167 0
41168 2
41169 0
41170 2
41171 1
41172 0
41173 1
41174 3
41175 1
41176 2
41177 3
41178 1
41179 2
41180 1
41181 0
41182 1
41183 2
41184 0
41185 1
41186 2
41187 1
41188 0
41189 1
41190 0
41191 2
41192 0
41193 2
41194 1
41195 2
41196 3
41197 1
41198 3
41199 0
41200 1
41201 2
41202 0
41203 1
41204 2
41205 3
41206 0
41207 1
41208 0
41209 2
41210 1
41211 0
41212 2
41213 1
41214 2
41215 1
41216 2
41217 0
41218 1
41219 2
41220 1
41221 0
41222 1
41223 0
41224 2
41225 0
41226 2
41227 0
41228 2
41229 1
41230 3
41231 2
41232 3
41233 1
41234 2
41235 0
41236 2
41237 1
41238 3
41239 0
41240 1
41241 0
41242 2
41243 1
41244 2
41245 0
41246 1
41247 0
41248 1
41249 0
41250 1
41251 3
41252 2
41253 1
41254 0
41255 2
41256 3
41257 1
41258 2
41259 1
41260 0
41261 2
41262 0
41263 1
41264 0
41265 1
41266 2
41267 0
41268 1
41269 0
41270 3
41271 2
41272 0
41273 1
41274 0
41275 2
41276 1
41277 3
41278 2
41279 0
41280 2
41281 1
41282 2
41283 0
41284 1
41285 3
41286 2
41287 1
41288 0
41289 2
41290 1
41291 0
41292 2
41293 1
41294 0
41295 2
41296 0
41297 3
41298 1
41299 2
41300 1
41301 0
41302 2
41303 1
41304 2
41305 0
41306 1
41307 0
41308 1
41309 0
41310 1
41311 0
41312 1
41313 0
41314 1
41315 0
41316 1
41317 0
41318 2
41319 0
41320 1
41321 2
41322 0
41323 1
41324 2
41325 1
41326 0
41327 1
41328 2
41329 1
41330 2
41331 0
41332 1
41333 2
41334 1
41335 0
41336 2
41337 1
41338 0
41339 1
41340 0
41341 1
41342 0
41343 3
41344 2
41345 1
41346 2
41347 1
41348 2
41349 3
41350 1
41351 2
41352 0
41353 3
41354 0
41355 1
41356 2
41357 1
41358 0
41359 2
41360 1
41361 2
41362 1
41363 2
41364 0
41365 3
41366 1
41367 2
41368 1
41369 2
41370 0
41371 1
41372 0
41373 1
41374 2
41375 1
41376 0
41377 2
41378 0
41379 1
41380 0
41381 1
41382 0
41383 1
41384 2
41385 3
41386 1
41387 2
41388 0
41389 1
41390 0
41391 1
41392 0
41393 2
41394 1
41395 0
41396 2
41397 1
41398 2
41399 0
41400 2
41401 0
41402 1
41403 0
41404 2
41405 1
41406 0
41407 2
41408 1
41409 0
41410 1
41411 2
41412 0
41413 2
41414 1
41415 0
41416 2
41417 0
41418 1
41419 0
41420 3
41421 1
41422 2
41423 1
41424 0
41425 2
41426 0
41427 1
41428 0
41429 1
41430 0
41431 2
41432 1
41433 0
41434 3
41435 1
41436 2
41437 0
41438 1
41439 0
41440 1
41441 0
41442 3
41443 1
41444 3
41445 2
41446 3
41447 1
41448 0
41449 3
41450 2
41451 1
41452 2
41453 1
41454 2
41455 1
41456 0
41457 2
41458 0
41459 2
41460 1
41461 0
41462 2
41463 1
41464 0
41465 1
41466 2
41467 3
41468 0
41469 2
41470 1
41471 0
41472 1
41473 0
41474 2
41475 0
41476 2
41477 0
41478 1
41479 2
41480 0
41481 2
41482 0
41483 1
41484 0
41485 1
41486 0
41487 2
41488 0
41489 1
41490 2
41491 0
41492 1
41493 0
41494 1
41495 0
41496 2
41497 1
41498 0
41499 1
41500 0
41501 1
41502 2
41503 0
41504 2
41505 1
41506 3
41507 2
41508 0
41509 1
41510 0
41511 1
41512 2
41513 1
41514 0
41515 1
41516 2
41517 0
41518 2
41519 0
41520 1
41521 2
41522 1
41523 2
41524 0
41525 3
41526 1
41527 0
41528 1
41529 2
41530 3
41531 1
41532 2
41533 0
41534 2
41535 1
41536 0
41537 1
41538 2
41539 0
41540 2
41541 0
41542 1
41543 0
41544 2
41545 1
41546 3
41547 2
41548 0
41549 1
41550 0
41551 2
41552 0
41553 2
41554 1
41555 0
41556 2
41557 0
41558 3
41559 0
41560 2
41561 0
41562 1
41563 0
41564 2
41565 1
41566 2
41567 0
41568 2
41569 3
41570 1
41571 3
41572 0
41573 1
41574 2
41575 0
41576 2
41577 1
41578 0
41579 1
41580 0
41581 1
41582 2
41583 0
41584 1
41585 0
41586 1
41587 0
41588 1
41589 2
41590 1
41591 0
41592 2
41593 0
41594 1
41595 2
41596 3
41597 0
41598 1
41599 2
41600 0
41601 1
41602 2
41603 0
41604 1
41605 2
41606 0
41607 1
41608 0
41609 2
41610 0
41611 2
41612 1
41613 0
41614 2
41615 1
41616 2
41617 0
41618 2
41619 1
41620 2
41621 1
41622 2
41623 1
41624 2
41625 1
41626 0
41627 1
41628 0
41629 1
41630 2
41631 0
41632 1
41633 2
41634 0
41635 1
41636 0
41637 2
41638 0
41639 2
41640 1
41641 0
41642 1
41643 2
41644 0
41645 1
41646 2
41647 1
41648 0
41649 1
41650 0
41651 1
41652 2
41653 1
41654 2
41655 0
41656 2
41657 3
41658 1
41659 2
41660 0
41661 1
41662 2
41663 1
41664 0
41665 2
41666 0
41667 1
41668 2
41669 0
41670 2
41671 1
41672 2
41673 0
41674 1
41675 0
41676 1
41677 2
41678 0
41679 2
41680 1
41681 2
41682 0
41683 1
41684 0
41685 2
41686 0
41687 1
41688 0
41689 2
41690 0
41691 1
41692 2
41693 1
41694 2
41695 1
41696 2
41697 0
41698 1
41699 2
41700 1
41701 2
41702 1
41703 2
41704 3
41705 0
41706 1
41707 0
41708 1
41709 2
41710 3
41711 1
41712 2
41713 0
41714 1
41715 0
41716 1
41717 2
41718 1
41719 3
41720 0
41721 1
41722 0
41723 1
41724 3
41725 2
41726 0
41727 2
41728 0
41729 2
41730 0
41731 1
41732 0
41733 2
41734 1
41735 0
41736 2
41737 1
41738 0
41739 2
41740 3
41741 0
41742 1
41743 0
41744 1
41745 2
41746 1
41747 0
41748 1
41749 2
41750 0
41751 1
41752 0
41753 2
41754 0
41755 1
41756 0
41757 2
41758 1
41759 0
41760 1
41761 2
41762 3
41763 1
41764 0
41765 2
41766 1
41767 0
41768 1
41769 2
41770 0
41771 1
41772 0
41773 1
41774 0
41775 2
41776 1
41777 0
41778 1
41779 2
41780 0
41781 1
41782 0
41783 2
41784 1
41785 2
41786 1
41787 2
41788 0
41789 1
41790 0
41791 1
41792 2
41793 3
41794 1
41795 0
41796 3
41797 2
41798 3
41799 0
41800 2
41801 0
41802 1
41803 3
41804 1
41805 2
41806 1
41807 0
41808 1
41809 2
41810 1
41811 0
41812 1
41813 0
41814 2
41815 1
41816 2
41817 0
41818 1
41819 2
41820 0
41821 2
41822 0
41823 1
41824 0
41825 2
41826 1
41827 2
41828 0
41829 2
41830 1
41831 2
41832 3
41833 0
41834 1
41835 0
41836 1
41837 0
41838 3
41839 2
41840 0
41841 3
41842 2
41843 1
41844 0
41845 1
41846 2
41847 1
41848 0
41849 1
41850 0
41851 2
41852 0
41853 1
41854 2
41855 0
41856 1
41857 0
41858 2
41859 1
41860 0
41861 1
41862 2
41863 1
41864 2
41865 0
41866 1
41867 2
41868 3
41869 1
41870 0
41871 2
41872 3
41873 1
41874 0
41875 2
41876 1
41877 0
41878 2
41879 0
41880 2
41881 1
41882 0
41883 1
41884 2
41885 0
41886 1
41887 0
41888 1
41889 0
41890 1
41891 0
41892 2
41893 1
41894 0
41895 2
41896 0
41897 2
41898 1
41899 2
41900 0
41901 1
41902 0
41903 2
41904 0
41905 2
41906 1
41907 2
41908 1
41909 0
41910 3
41911 1
41912 2
41913 1
41914 0
41915 2
41916 1
41917 2
41918 0
41919 1
41920 0
41921 2
41922 1
41923 2
41924 0
41925 1
41926 2
41927 1
41928 0
41929 1
41930 2
41931 0
41932 3
41933 0
41934 1
41935 2
41936 1
41937 0
41938 2
41939 0
41940 1
41941 2
41942 0
41943 2
41944 0
41945 1
41946 2
41947 1
41948 2
41949 1
41950 0
41951 2
41952 1
41953 0
41954 1
41955 0
41956 1
41957 0
41958 2
41959 0
41960 2
41961 1
41962 0
41963 2
41964 0
41965 2
41966 0
41967 3
41968 1
41969 3
41970 2
41971 1
41972 0
41973 2
41974 1
41975 0
41976 1
41977 0
41978 1
41979 0
41980 1
41981 2
41982 0
41983 2
41984 0
41985 1
41986 2
41987 0
41988 1
41989 2
41990 1
41991 0
41992 1
41993 0
41994 1
41995 2
41996 1
41997 2
41998 1
41999 2
42000 0
42001 1
42002 0
42003 1
42004 3
42005 0
42006 1
42007 0
42008 1
42009 2
42010 0
42011 2
42012 0
42013 1
42014 0
42015 1
42016 0
42017 3
42018 0
42019 1
42020 0
42021 2
42022 1
42023 0
42024 1
42025 2
42026 0
42027 2
42028 1
42029 0
42030 1
42031 0
42032 1
42033 2
42034 1
42035 2
42036 1
42037 2
42038 0
42039 1
42040 0
42041 2
42042 1
42043 0
42044 2
42045 0
42046 1
42047 2
42048 1
42049 2
42050 0
42051 2
42052 3
42053 1
42054 0
42055 1
42056 2
42057 0
42058 2
42059 1
42060 2
42061 0
42062 1
42063 0
42064 1
42065 0
42066 2
42067 1
42068 2
42069 0
42070 1
42071 2
42072 0
42073 2
42074 0
42075 2
42076 1
42077 0
42078 2
42079 3
42080 2
42081 1
42082 0
42083 1
42084 0
42085 1
42086 0
42087 1
42088 2
42089 0
42090 3
42091 2
42092 1
42093 2
42094 3
42095 1
42096 3
42097 2
42098 0
42099 2
42100 3
42101 1
42102 3
42103 2
42104 1
42105 0
42106 2
42107 3
42108 1
42109 2
42110 0
42111 2
42112 1
42113 2
42114 0
42115 1
42116 0
42117 2
42118 0
42119 2
42120 1
42121 0
42122 1
42123 2
42124 0
42125 1
42126 0
42127 2
42128 1
42129 0
42130 2
42131 1
42132 0
42133 1
42134 2
42135 0
42136 2
42137 1
42138 0
42139 1
42140 2
42141 1
42142 2
42143 0
42144 1
42145 2
42146 0
42147 2
42148 1
42149 2
42150 0
42151 1
42152 2
42153 0
42154 1
42155 0
42156 2
42157 0
42158 1
42159 0
42160 1
42161 0
42162 1
42163 0
42164 1
42165 0
42166 2
42167 0
42168 1
42169 0
42170 1
42171 2
42172 1
42173 2
42174 0
42175 2
42176 1
42177 2
42178 0
42179 1
42180 0
42181 2
42182 1
42183 0
42184 2
42185 3
42186 0
42187 2
42188 1
42189 0
42190 1
42191 2
42192 0
42193 2
42194 0
42195 2
42196 0
42197 1
42198 2
42199 3
42200 0
42201 1
42202 2
42203 3
42204 2
42205 1
42206 0
42207 3
42208 2
42209 1
42210 0
42211 1
42212 0
42213 2
42214 0
42215 1
42216 0
42217 1
42218 0
42219 1
42220 0
42221 1
42222 2
42223 1
42224 0
42225 1
42226 2
42227 0
42228 2
42229 1
42230 0
42231 1
42232 0
42233 1
42234 2
42235 3
42236 0
42237 1
42238 0
42239 1
42240 0
42241 1
42242 3
42243 2
42244 0
42245 1
42246 2
42247 1
42248 0
42249 1
42250 0
42251 1
42252 2
42253 1
42254 2
42255 1
42256 3
42257 0
42258 2
42259 1
42260 0
42261 2
42262 1
42263 0
42264 2
42265 1
42266 0
42267 1
42268 3
42269 2
42270 3
42271 2
42272 1
42273 2
42274 0
42275 1
42276 2
42277 0
42278 2
42279 1
42280 0
42281 2
42282 1
42283 3
42284 2
42285 1
42286 2
42287 1
42288 0
42289 1
42290 2
42291 0
42292 2
42293 0
42294 2
42295 1
42296 0
42297 1
42298 2
42299 0
42300 1
42301 3
42302 0
42303 2
42304 1
42305 2
42306 0
42307 2
42308 1
42309 2
42310 0
42311 1
42312 2
42313 1
42314 0
42315 2
42316 1
42317 0
42318 2
42319 1
42320 0
42321 2
42322 3
42323 0
42324 1
42325 0
42326 1
42327 0
42328 1
42329 2
42330 0
42331 2
42332 3
42333 0
42334 2
42335 1
42336 3
42337 2
42338 0
42339 2
42340 1
42341 2
42342 3
42343 2
42344 1
42345 0
42346 1
42347 0
42348 1
42349 0
42350 2
42351 0
42352 1
42353 2
42354 1
42355 2
42356 1
42357 2
42358 1
42359 0
42360 2
42361 3
42362 1
42363 2
42364 1
42365 2
42366 0
42367 2
42368 1
42369 2
42370 0
42371 2
42372 1
42373 2
42374 0
42375 1
42376 2
42377 0
42378 2
42379 0
42380 1
42381 0
42382 2
42383 3
42384 1
42385 2
42386 1
42387 0
42388 1
42389 0
42390 1
42391 2
42392 1
42393 2
42394 0
42395 2
42396 1
42397 0
42398 2
42399 1
42400 2
42401 0
42402 1
42403 0
42404 1
42405 2
42406 1
42407 2
42408 3
42409 1
42410 2
42411 0
42412 1
42413 0
42414 1
42415 0
42416 2
42417 1
42418 2
42419 0
42420 1
42421 0
42422 1
42423 0
42424 2
42425 0
42426 1
42427 0
42428 1
42429 2
42430 1
42431 2
42432 1
42433 0
42434 1
42435 2
42436 1
42437 2
42438 0
42439 2
42440 0
42441 1
42442 2
42443 1
42444 3
42445 1
42446 0
42447 1
42448 2
42449 0
42450 1
42451 2
42452 3
42453 0
42454 1
42455 3
42456 0
42457 2
42458 0
42459 1
42460 2
42461 0
42462 1
42463 2
42464 1
42465 2
42466 0
42467 2
42468 1
42469 2
42470 1
42471 0
42472 1
42473 0
42474 1
42475 2
42476 3
42477 1
42478 2
42479 1
42480 2
42481 3
42482 1
42483 0
42484 2
42485 0
42486 1
42487 0
42488 1
42489 0
42490 1
42491 2
42492 1
42493 2
42494 3
42495 0
42496 1
42497 2
42498 3
42499 0
42500 1
42501 2
42502 1
42503 0
42504 1
42505 2
42506 0
42507 1
42508 0
42509 2
42510 0
42511 2
42512 1
42513 0
42514 2
42515 1
42516 2
42517 0
42518 1
42519 2
42520 0
42521 2
42522 1
42523 3
42524 0
42525 1
42526 2
42527 0
42528 2
42529 1
42530 3
42531 1
42532 2
42533 1
42534 0
42535 1
42536 0
42537 2
42538 1
42539 0
42540 1
42541 0
42542 2
42543 1
42544 2
42545 1
42546 0
42547 1
42548 2
42549 0
42550 1
42551 2
42552 1
42553 0
42554 2
42555 1
42556 2
42557 1
42558 0
42559 2
42560 1
42561 0
42562 1
42563 0
42564 2
42565 0
42566 1
42567 0
42568 1
42569 2
42570 0
42571 2
42572 0
42573 1
42574 0
42575 3
42576 1
42577 2
42578 0
42579 1
42580 2
42581 1
42582 0
42583 1
42584 0
42585 2
42586 1
42587 2
42588 0
42589 1
42590 0
42591 2
42592 1
42593 0
42594 2
42595 1
42596 0
42597 2
42598 0
42599 3
42600 0
42601 2
42602 1
42603 2
42604 0
42605 2
42606 1
42607 2
42608 1
42609 0
42610 2
42611 1
42612 3
42613 2
42614 0
42615 2
42616 1
42617 0
42618 1
42619 0
42620 1
42621 2
42622 1
42623 0
42624 1
42625 0
42626 1
42627 0
42628 2
42629 1
42630 2
42631 0
42632 1
42633 0
42634 1
42635 0
42636 2
42637 0
42638 1
42639 0
42640 1
42641 0
42642 1
42643 0
42644 2
42645 1
42646 0
42647 2
42648 0
42649 1
42650 2
42651 0
42652 1
42653 0
42654 1
42655 2
42656 1
42657 0
42658 1
42659 2
42660 3
42661 2
42662 3
42663 1
42664 2
42665 0
42666 1
42667 2
42668 3
42669 0
42670 1
42671 2
42672 1
42673 2
42674 0
42675 2
42676 0
42677 1
42678 2
42679 0
42680 2
42681 1
42682 2
42683 1
42684 0
42685 1
42686 0
42687 1
42688 0
42689 1
42690 2
42691 0
42692 2
42693 0
42694 1
42695 2
42696 0
42697 2
42698 1
42699 2
42700 0
42701 1
42702 0
42703 1
42704 3
42705 2
42706 3
42707 1
42708 0
42709 1
42710 0
42711 1
42712 0
42713 2
42714 1
42715 0
42716 2
42717 1
42718 2
42719 1
42720 0
42721 1
42722 0
42723 2
42724 0
42725 1
42726 2
42727 3
42728 0
42729 2
42730 1
42731 0
42732 1
42733 0
42734 2
42735 1
42736 0
42737 2
42738 0
42739 1
42740 0
42741 2
42742 0
42743 1
42744 0
42745 1
42746 2
42747 0
42748 1
42749 0
42750 1
42751 0
42752 1
42753 0
42754 1
42755 3
42756 2
42757 1
42758 0
42759 1
42760 2
42761 0
42762 1
42763 2
42764 1
42765 0
42766 1
42767 0
42768 1
42769 0
42770 3
42771 1
42772 2
42773 0
42774 1
42775 2
42776 0
42777 2
42778 1
42779 0
42780 1
42781 2
42782 0
42783 2
42784 1
42785 0
42786 1
42787 2
42788 1
42789 0
42790 3
42791 1
42792 0
42793 2
42794 1
42795 0
42796 1
42797 2
42798 1
42799 3
42800 0
42801 1
42802 2
42803 0
42804 1
42805 0
42806 1
42807 2
42808 0
42809 2
42810 0
42811 1
42812 0
42813 1
42814 2
42815 3
42816 0
42817 1
42818 0
42819 1
42820 0
42821 1
42822 2
42823 0
42824 2
42825 1
42826 2
42827 0
42828 1
42829 0
42830 1
42831 2
42832 0
42833 1
42834 0
42835 2
42836 0
42837 1
42838 2
42839 0
42840 1
42841 0
42842 1
42843 0
42844 1
42845 0
42846 3
42847 1
42848 0
42849 2
42850 0
42851 1
42852 0
42853 1
42854 0
42855 1
42856 2
42857 0
42858 1
42859 2
42860 1
42861 0
42862 2
42863 0
42864 1
42865 2
42866 0
42867 1
42868 2
42869 0
42870 2
42871 1
42872 2
42873 0
42874 1
42875 2
42876 0
42877 1
42878 0
42879 1
42880 3
42881 2
42882 1
42883 3
42884 2
42885 3
42886 1
42887 2
42888 3
42889 1
42890 0
42891 2
42892 1
42893 0
42894 2
42895 1
42896 2
42897 0
42898 2
42899 0
42900 2
42901 0
42902 1
42903 2
42904 0
42905 2
42906 1
42907 2
42908 0
42909 1
42910 0
42911 2
42912 0
42913 2
42914 1
42915 0
42916 1
42917 0
42918 3
42919 1
42920 0
42921 3
42922 2
42923 1
42924 0
42925 2
42926 3
42927 1
42928 0
42929 1
42930 0
42931 1
42932 0
42933 3
42934 1
42935 2
42936 1
42937 0
42938 2
42939 0
42940 2
42941 3
42942 0
42943 2
42944 1
42945 0
42946 1
42947 0
42948 2
42949 3
42950 0
42951 1
42952 3
42953 2
42954 3
42955 1
42956 2
42957 0
42958 1
42959 2
42960 0
42961 1
42962 2
42963 3
42964 0
42965 2
42966 3
42967 1
42968 2
42969 0
42970 2
42971 0
42972 1
42973 2
42974 0
42975 3
42976 1
42977 2
42978 0
42979 2
42980 1
42981 0
42982 2
42983 1
42984 2
42985 0
42986 1
42987 2
42988 0
42989 2
42990 0
42991 1
42992 2
42993 0
42994 2
42995 3
42996 1
42997 2
42998 3
42999 2
43000 0
43001 1
43002 0
43003 2
43004 1
43005 0
43006 1
43007 0
43008 2
43009 1
43010 2
43011 0
43012 1
43013 0
43014 2
43015 3
43016 1
43017 2
43018 1
43019 0
43020 1
43021 2
43022 3
43023 0
43024 1
43025 2
43026 1
43027 2
43028 3
43029 1
43030 3
43031 2
43032 0
43033 2
43034 1
43035 0
43036 1
43037 0
43038 2
43039 0
43040 2
43041 1
43042 2
43043 0
43044 1
43045 2
43046 0
43047 1
43048 2
43049 0
43050 2
43051 1
43052 0
43053 2
43054 1
43055 2
43056 0
43057 2
43058 0
43059 2
43060 0
43061 2
43062 1
43063 0
43064 1
43065 2
43066 0
43067 2
43068 1
43069 0
43070 2
43071 1
43072 2
43073 0
43074 3
43075 2
43076 0
43077 2
43078 1
43079 2
43080 0
43081 1
43082 2
43083 1
43084 0
43085 1
43086 2
43087 3
43088 4
43089 2
43090 3
43091 0
43092 2
43093 0
43094 1
43095 3
43096 0
43097 1
43098 2
43099 0
43100 3
43101 1
43102 0
43103 2
43104 0
43105 1
43106 2
43107 1
43108 2
43109 1
43110 3
43111 1
43112 2
43113 3
43114 0
43115 2
43116 1
43117 0
43118 3
43119 4
43120 1
43121 0
43122 3
43123 2
43124 1
43125 0
43126 2
43127 1
43128 0
43129 1
43130 2
43131 3
43132 0
43133 1
43134 0
43135 1
43136 3
43137 2
43138 0
43139 1
43140 2
43141 0
43142 3
43143 2
43144 0
43145 2
43146 0
43147 2
43148 0
43149 1
43150 0
43151 1
43152 2
43153 1
43154 3
43155 2
43156 3
43157 0
43158 1
43159 0
43160 2
43161 0
43162 1
43163 0
43164 2
43165 0
43166 2
43167 0
43168 2
43169 0
43170 2
43171 0
43172 2
43173 1
43174 0
43175 2
43176 3
43177 1
43178 2
43179 0
43180 2
43181 0
43182 1
43183 0
43184 2
43185 0
43186 2
43187 1
43188 2
43189 3
43190 1
43191 0
43192 1
43193 0
43194 1
43195 2
43196 0
43197 1
43198 0
43199 1
43200 0
43201 1
43202 2
43203 0
43204 1
43205 2
43206 1
43207 2
43208 1
43209 3
43210 2
43211 1
43212 2
43213 0
43214 1
43215 2
43216 0
43217 1
43218 0
43219 1
43220 2
43221 0
43222 2
43223 0
43224 1
43225 2
43226 0
43227 2
43228 1
43229 2
43230 0
43231 2
43232 1
43233 2
43234 1
43235 0
43236 3
43237 2
43238 0
43239 1
43240 2
43241 1
43242 2
43243 0
43244 1
43245 0
43246 1
43247 0
43248 1
43249 0
43250 1
43251 2
43252 3
43253 2
43254 0
43255 1
43256 0
43257 1
43258 0
43259 1
43260 0
43261 1
43262 2
43263 0
43264 2
43265 0
43266 1
43267 0
43268 1
43269 0
43270 1
43271 0
43272 1
43273 2
43274 1
43275 0
43276 1
43277 2
43278 3
43279 2
43280 0
43281 2
43282 1
43283 2
43284 0
43285 1
43286 2
43287 1
43288 3
43289 2
43290 1
43291 2
43292 3
43293 1
43294 0
43295 1
43296 2
43297 0
43298 2
43299 1
43300 2
43301 3
43302 2
43303 1
43304 2
43305 1
43306 0
43307 1
43308 2
43309 0
43310 2
43311 1
43312 0
43313 2
43314 1
43315 0
43316 2
43317 3
43318 2
43319 1
43320 0
43321 1
43322 0
43323 1
43324 0
43325 2
43326 0
43327 2
43328 1
43329 0
43330 3
43331 2
43332 3
43333 1
43334 0
43335 2
43336 0
43337 1
43338 0
43339 2
43340 1
43341 2
43342 0
43343 2
43344 1
43345 2
43346 0
43347 1
43348 3
43349 2
43350 1
43351 2
43352 0
43353 1
43354 0
43355 2
43356 0
43357 1
43358 0
43359 3
43360 1
43361 2
43362 1
43363 0
43364 1
43365 0
43366 2
43367 0
43368 1
43369 2
43370 1
43371 0
43372 2
43373 0
43374 1
43375 2
43376 0
43377 1
43378 0
43379 1
43380 0
43381 2
43382 0
43383 1
43384 2
43385 1
43386 2
43387 3
43388 1
43389 0
43390 2
43391 1
43392 0
43393 1
43394 0
43395 1
43396 0
43397 3
43398 2
43399 3
43400 0
43401 2
43402 3
43403 0
43404 1
43405 2
43406 0
43407 1
43408 0
43409 1
43410 2
43411 0
43412 1
43413 0
43414 1
43415 0
43416 2
43417 1
43418 0
43419 1
43420 0
43421 1
43422 0
43423 1
43424 0
43425 1
43426 2
43427 1
43428 0
43429 1
43430 0
43431 1
43432 0
43433 2
43434 1
43435 0
43436 1
43437 0
43438 1
43439 0
43440 1
43441 0
43442 1
43443 0
43444 1
43445 0
43446 3
43447 2
43448 1
43449 0
43450 1
43451 2
43452 3
43453 1
43454 0
43455 1
43456 2
43457 1
43458 2
43459 0
43460 1
43461 2
43462 1
43463 2
43464 0
43465 1
43466 2
43467 0
43468 2
43469 1
43470 0
43471 1
43472 0
43473 1
43474 2
43475 0
43476 1
43477 0
43478 1
43479 2
43480 0
43481 2
43482 1
43483 0
43484 2
43485 1
43486 0
43487 1
43488 2
43489 0
43490 1
43491 0
43492 1
43493 2
43494 0
43495 1
43496 2
43497 1
43498 0
43499 1
43500 2
43501 0
43502 2
43503 0
43504 1
43505 2
43506 0
43507 1
43508 0
43509 1
43510 2
43511 0
43512 2
43513 1
43514 0
43515 1
43516 0
43517 1
43518 2
43519 1
43520 0
43521 1
43522 2
43523 0
43524 1
43525 2
43526 0
43527 2
43528 1
43529 0
43530 1
43531 0
43532 1
43533 0
43534 1
43535 2
43536 1
43537 3
43538 1
43539 0
43540 1
43541 0
43542 2
43543 1
43544 2
43545 0
43546 1
43547 3
43548 2
43549 3
43550 0
43551 2
43552 0
43553 1
43554 0
43555 2
43556 1
43557 0
43558 1
43559 0
43560 2
43561 1
43562 3
43563 2
43564 1
43565 0
43566 2
43567 1
43568 2
43569 0
43570 1
43571 2
43572 0
43573 2
43574 1
43575 0
43576 1
43577 2
43578 3
43579 0
43580 2
43581 1
43582 3
43583 2
43584 0
43585 1
43586 2
43587 0
43588 2
43589 0
43590 2
43591 3
43592 1
43593 0
43594 1
43595 0
43596 1
43597 0
43598 1
43599 0
43600 2
43601 1
43602 0
43603 2
43604 1
43605 2
43606 3
43607 1
43608 0
43609 1
43610 0
43611 3
43612 1
43613 2
43614 0
43615 1
43616 2
43617 0
43618 1
43619 0
43620 1
43621 0
43622 2
43623 1
43624 0
43625 1
43626 3
43627 0
43628 1
43629 0
43630 2
43631 3
43632 0
43633 1
43634 2
43635 0
43636 2
43637 0
43638 1
43639 2
43640 0
43641 3
43642 1
43643 0
43644 1
43645 0
43646 2
43647 1
43648 2
43649 0
43650 3
43651 1
43652 0
43653 1
43654 2
43655 1
43656 0
43657 2
43658 0
43659 1
43660 0
43661 1
43662 0
43663 2
43664 1
43665 0
43666 2
43667 3
43668 1
43669 0
43670 1
43671 2
43672 3
43673 0
43674 1
43675 2
43676 1
43677 2
43678 0
43679 1
43680 2
43681 0
43682 1
43683 0
43684 3
43685 0
43686 2
43687 1
43688 2
43689 0
43690 2
43691 1
43692 2
43693 0
43694 1
43695 2
43696 1
43697 2
43698 0
43699 2
43700 1
43701 0
43702 1
43703 0
43704 2
43705 1
43706 2
43707 0
43708 2
43709 1
43710 0
43711 2
43712 1
43713 2
43714 1
43715 0
43716 1
43717 2
43718 1
43719 2
43720 0
43721 1
43722 0
43723 2
43724 0
43725 1
43726 0
43727 3
43728 2
43729 0
43730 1
43731 0
43732 1
43733 0
43734 1
43735 0
43736 1
43737 2
43738 1
43739 2
43740 1
43741 3
43742 2
43743 0
43744 3
43745 1
43746 2
43747 0
43748 2
43749 0
43750 1
43751 0
43752 3
43753 1
43754 0
43755 1
43756 2
43757 1
43758 0
43759 1
43760 0
43761 1
43762 0
43763 1
43764 2
43765 3
43766 0
43767 1
43768 0
43769 2
43770 0
43771 1
43772 2
43773 1
43774 2
43775 0
43776 1
43777 2
43778 0
43779 2
43780 1
43781 0
43782 2
43783 1
43784 2
43785 1
43786 3
43787 0
43788 1
43789 0
43790 2
43791 0
43792 1
43793 3
43794 2
43795 3
43796 1
43797 0
43798 1
43799 2
43800 1
43801 0
43802 2
43803 0
43804 2
43805 0
43806 1
43807 2
43808 0
43809 2
43810 0
43811 2
43812 1
43813 2
43814 3
43815 0
43816 1
43817 2
43818 1
43819 2
43820 3
43821 0
43822 1
43823 0
43824 1
43825 2
43826 1
43827 3
43828 2
43829 3
43830 1
43831 2
43832 1
43833 2
43834 0
43835 1
43836 3
43837 0
43838 1
43839 0
43840 2
43841 1
43842 0
43843 1
43844 0
43845 1
43846 0
43847 1
43848 2
43849 1
43850 0
43851 1
43852 2
43853 0
43854 1
43855 2
43856 1
43857 0
43858 2
43859 3
43860 0
43861 3
43862 1
43863 2
43864 0
43865 1
43866 2
43867 1
43868 0
43869 1
43870 2
43871 0
43872 1
43873 0
43874 1
43875 2
43876 0
43877 1
43878 0
43879 2
43880 1
43881 2
43882 0
43883 2
43884 1
43885 0
43886 2
43887 0
43888 1
43889 2
43890 1
43891 2
43892 0
43893 1
43894 2
43895 0
43896 1
43897 3
43898 0
43899 1
43900 0
43901 2
43902 1
43903 0
43904 3
43905 2
43906 1
43907 2
43908 0
43909 1
43910 0
43911 1
43912 2
43913 0
43914 2
43915 1
43916 0
43917 1
43918 0
43919 1
43920 3
43921 0
43922 1
43923 2
43924 0
43925 2
43926 1
43927 0
43928 2
43929 0
43930 1
43931 2
43932 1
43933 0
43934 1
43935 0
43936 1
43937 2
43938 0
43939 3
43940 0
43941 1
43942 0
43943 3
43944 1
43945 0
43946 2
43947 1
43948 2
43949 1
43950 2
43951 0
43952 1
43953 2
43954 1
43955 0
43956 1
43957 0
43958 1
43959 0
43960 2
43961 1
43962 0
43963 2
43964 3
43965 0
43966 2
43967 3
43968 0
43969 1
43970 2
43971 0
43972 2
43973 1
43974 2
43975 1
43976 2
43977 1
43978 0
43979 1
43980 2
43981 1
43982 2
43983 1
43984 2
43985 0
43986 2
43987 1
43988 2
43989 0
43990 1
43991 2
43992 0
43993 2
43994 3
43995 0
43996 1
43997 0
43998 1
43999 0
44000 1
44001 3
44002 2
44003 3
44004 0
44005 1
44006 0
44007 3
44008 1
44009 0
44010 2
44011 1
44012 0
44013 1
44014 0
44015 1
44016 0
44017 1
44018 2
44019 1
44020 2
44021 0
44022 3
44023 2
44024 1
44025 3
44026 0
44027 2
44028 1
44029 0
44030 1
44031 2
44032 0
44033 1
44034 2
44035 0
44036 1
44037 2
44038 3
44039 1
44040 2
44041 1
44042 0
44043 2
44044 3
44045 2
44046 3
44047 0
44048 1
44049 3
44050 1
44051 0
44052 2
44053 0
44054 2
44055 1
44056 3
44057 0
44058 1
44059 2
44060 1
44061 0
44062 2
44063 1
44064 0
44065 1
44066 0
44067 1
44068 2
44069 1
44070 2
44071 3
44072 1
44073 0
44074 2
44075 0
44076 1
44077 2
44078 0
44079 1
44080 0
44081 1
44082 0
44083 1
44084 2
44085 1
44086 2
44087 3
44088 2
44089 0
44090 1
44091 2
44092 1
44093 0
44094 1
44095 0
44096 1
44097 0
44098 2
44099 0
44100 1
44101 2
44102 0
44103 2
44104 1
44105 0
44106 2
44107 0
44108 1
44109 0
44110 1
44111 0
44112 1
44113 0
44114 2
44115 1
44116 2
44117 0
44118 2
44119 3
44120 1
44121 0
44122 1
44123 0
44124 1
44125 3
44126 0
44127 2
44128 1
44129 2
44130 1
44131 2
44132 1
44133 2
44134 1
44135 0
44136 1
44137 0
44138 2
44139 1
44140 2
44141 0
44142 1
44143 0
44144 1
44145 0
44146 1
44147 0
44148 1
44149 0
44150 1
44151 2
44152 1
44153 0
44154 2
44155 1
44156 0
44157 1
44158 2
44159 0
44160 2
44161 0
44162 1
44163 0
44164 2
44165 0
44166 2
44167 3
44168 1
44169 2
44170 0
44171 1
44172 2
44173 0
44174 1
44175 0
44176 2
44177 0
44178 2
44179 1
44180 2
44181 1
44182 2
44183 1
44184 2
44185 3
44186 0
44187 1
44188 3
44189 2
44190 0
44191 2
44192 1
44193 0
44194 1
44195 2
44196 1
44197 0
44198 2
44199 1
44200 0
44201 2
44202 0
44203 2
44204 1
44205 0
44206 1
44207 2
44208 1
44209 0
44210 1
44211 2
44212 0
44213 1
44214 3
44215 2
44216 0
44217 1
44218 0
44219 2
44220 1
44221 0
44222 1
44223 2
44224 0
44225 2
44226 0
44227 2
44228 1
44229 2
44230 0
44231 2
44232 1
44233 0
44234 2
44235 0
44236 3
44237 0
44238 2
44239 3
44240 0
44241 2
44242 0
44243 1
44244 2
44245 1
44246 3
44247 0
44248 1
44249 0
44250 1
44251 0
44252 1
44253 3
44254 1
44255 2
44256 1
44257 2
44258 0
44259 1
44260 0
44261 1
44262 0
44263 1
44264 0
44265 2
44266 1
44267 2
44268 0
44269 1
44270 2
44271 3
44272 1
44273 3
44274 0
44275 2
44276 1
44277 0
44278 2
44279 3
44280 1
44281 2
44282 0
44283 1
44284 2
44285 1
44286 0
44287 1
44288 0
44289 2
44290 1
44291 0
44292 2
44293 3
44294 1
44295 0
44296 3
44297 1
44298 3
44299 0
44300 1
44301 0
44302 2
44303 0
44304 1
44305 0
44306 1
44307 0
44308 1
44309 2
44310 0
44311 1
44312 3
44313 2
44314 0
44315 1
44316 2
44317 1
44318 0
44319 1
44320 0
44321 1
44322 0
44323 2
44324 0
44325 2
44326 1
44327 0
44328 3
44329 1
44330 0
44331 2
44332 1
44333 3
44334 0
44335 1
44336 0
44337 3
44338 2
44339 1
44340 2
44341 0
44342 1
44343 0
44344 1
44345 0
44346 1
44347 2
44348 0
44349 1
44350 2
44351 0
44352 1
44353 0
44354 2
44355 1
44356 2
44357 0
44358 2
44359 0
44360 1
44361 2
44362 3
44363 1
44364 0
44365 2
44366 0
44367 1
44368 0
44369 1
44370 0
44371 2
44372 0
44373 2
44374 0
44375 1
44376 3
44377 0
44378 1
44379 0
44380 1
44381 2
44382 1
44383 0
44384 1
44385 0
44386 2
44387 1
44388 0
44389 2
44390 1
44391 0
44392 2
44393 3
44394 2
44395 1
44396 0
44397 1
44398 0
44399 2
44400 1
44401 2
44402 1
44403 2
44404 1
44405 0
44406 1
44407 2
44408 1
44409 0
44410 1
44411 2
44412 3
44413 1
44414 0
44415 1
44416 2
44417 1
44418 0
44419 1
44420 2
44421 0
44422 2
44423 3
44424 0
44425 2
44426 0
44427 1
44428 0
44429 1
44430 2
44431 0
44432 2
44433 0
44434 1
44435 2
44436 0
44437 2
44438 3
44439 1
44440 0
44441 1
44442 2
44443 1
44444 2
44445 1
44446 0
44447 1
44448 0
44449 1
44450 0
44451 1
44452 0
44453 1
44454 0
44455 1
44456 2
44457 0
44458 1
44459 0
44460 2
44461 0
44462 1
44463 0
44464 2
44465 1
44466 0
44467 2
44468 1
44469 2
44470 1
44471 2
44472 0
44473 1
44474 0
44475 1
44476 0
44477 1
44478 2
44479 0
44480 1
44481 2
44482 0
44483 1
44484 2
44485 1
44486 0
44487 2
44488 1
44489 0
44490 1
44491 0
44492 1
44493 0
44494 1
44495 2
44496 0
44497 3
44498 2
44499 1
44500 0
44501 1
44502 0
44503 1
44504 2
44505 1
44506 2
44507 0
44508 1
44509 2
44510 1
44511 0
44512 1
44513 0
44514 1
44515 0
44516 1
44517 0
44518 1
44519 2
44520 1
44521 0
44522 1
44523 0
44524 1
44525 2
44526 0
44527 3
44528 2
44529 1
44530 2
44531 1
44532 2
44533 0
44534 1
44535 2
44536 0
44537 1
44538 0
44539 1
44540 2
44541 0
44542 2
44543 0
44544 2
44545 3
44546 0
44547 2
44548 1
44549 2
44550 0
44551 1
44552 0
44553 3
44554 2
44555 0
44556 2
44557 1
44558 2
44559 3
44560 1
44561 2
44562 0
44563 2
44564 1
44565 2
44566 3
44567 1
44568 0
44569 2
44570 1
44571 0
44572 1
44573 2
44574 0
44575 1
44576 0
44577 1
44578 2
44579 1
44580 3
44581 2
44582 0
44583 1
44584 2
44585 0
44586 2
44587 0
44588 1
44589 3
44590 2
44591 3
44592 0
44593 2
44594 1
44595 3
44596 2
44597 0
44598 1
44599 0
44600 2
44601 1
44602 2
44603 1
44604 0
44605 1
44606 0
44607 2
44608 1
44609 0
44610 1
44611 2
44612 0
44613 1
44614 0
44615 1
44616 0
44617 2
44618 0
44619 2
44620 0
44621 1
44622 2
44623 0
44624 1
44625 2
44626 0
44627 3
44628 1
44629 2
44630 0
44631 1
44632 2
44633 0
44634 2
44635 1
44636 2
44637 1
44638 0
44639 2
44640 0
44641 2
44642 0
44643 1
44644 3
44645 1
44646 0
44647 1
44648 0
44649 3
44650 1
44651 2
44652 1
44653 0
44654 2
44655 3
44656 1
44657 0
44658 1
44659 2
44660 1
44661 2
44662 0
44663 1
44664 0
44665 3
44666 2
44667 1
44668 0
44669 1
44670 0
44671 2
44672 0
44673 1
44674 2
44675 0
44676 2
44677 1
44678 0
44679 2
44680 0
44681 3
44682 2
44683 3
44684 1
44685 0
44686 1
44687 0
44688 2
44689 1
44690 2
44691 0
44692 2
44693 1
44694 2
44695 1
44696 0
44697 2
44698 1
44699 0
44700 2
44701 1
44702 2
44703 0
44704 2
44705 1
44706 0
44707 1
44708 2
44709 0
44710 3
44711 2
44712 1
44713 3
44714 0
44715 3
44716 2
44717 1
44718 3
44719 2
44720 1
44721 2
44722 3
44723 2
44724 1
44725 0
44726 2
44727 1
44728 0
44729 2
44730 0
44731 1
44732 0
44733 1
44734 0
44735 2
44736 1
44737 0
44738 3
44739 1
44740 2
44741 0
44742 1
44743 2
44744 1
44745 2
44746 0
44747 1
44748 3
44749 2
44750 0
44751 2
44752 1
44753 2
44754 1
44755 2
44756 0
44757 2
44758 3
44759 1
44760 2
44761 1
44762 0
44763 2
44764 1
44765 2
44766 3
44767 0
44768 2
44769 0
44770 1
44771 2
44772 3
44773 1
44774 0
44775 3
44776 2
44777 0
44778 1
44779 3
44780 2
44781 0
44782 1
44783 2
44784 3
44785 0
44786 1
44787 0
44788 1
44789 0
44790 1
44791 0
44792 1
44793 2
44794 0
44795 2
44796 1
44797 0
44798 1
44799 2
44800 1
44801 0
44802 2
44803 1
44804 0
44805 3
44806 2
44807 1
44808 2
44809 1
44810 2
44811 1
44812 3
44813 0
44814 2
44815 1
44816 0
44817 1
44818 2
44819 0
44820 2
44821 1
44822 2
44823 3
44824 1
44825 0
44826 1
44827 2
44828 1
44829 2
44830 0
44831 3
44832 1
44833 0
44834 2
44835 0
44836 2
44837 0
44838 2
44839 1
44840 2
44841 0
44842 1
44843 0
44844 1
44845 2
44846 0
44847 1
44848 2
44849 0
44850 1
44851 0
44852 3
44853 2
44854 0
44855 2
44856 0
44857 1
44858 0
44859 1
44860 2
44861 3
44862 1
44863 0
44864 1
44865 0
44866 1
44867 2
44868 1
44869 0
44870 3
44871 0
44872 3
44873 1
44874 0
44875 1
44876 2
44877 0
44878 1
44879 2
44880 0
44881 1
44882 2
44883 0
44884 1
44885 2
44886 1
44887 0
44888 2
44889 1
44890 0
44891 1
44892 2
44893 1
44894 2
44895 1
44896 0
44897 2
44898 1
44899 2
44900 0
44901 1
44902 0
44903 1
44904 0
44905 2
44906 1
44907 2
44908 0
44909 1
44910 2
44911 1
44912 0
44913 2
44914 1
44915 2
44916 0
44917 2
44918 1
44919 0
44920 1
44921 0
44922 2
44923 1
44924 0
44925 3
44926 1
44927 0
44928 1
44929 0
44930 1
44931 2
44932 0
44933 1
44934 0
44935 3
44936 2
44937 0
44938 1
44939 0
44940 2
44941 1
44942 3
44943 0
44944 1
44945 0
44946 2
44947 3
44948 1
44949 2
44950 1
44951 0
44952 1
44953 0
44954 1
44955 2
44956 0
44957 2
44958 1
44959 0
44960 1
44961 0
44962 1
44963 3
44964 0
44965 3
44966 1
44967 0
44968 3
44969 2
44970 0
44971 2
44972 1
44973 2
44974 1
44975 0
44976 2
44977 1
44978 2
44979 1
44980 0
44981 1
44982 2
44983 1
44984 0
44985 1
44986 2
44987 0
44988 2
44989 3
44990 1
44991 2
44992 1
44993 2
44994 0
44995 2
44996 1
44997 0
44998 3
44999 2
45000 1
45001 2
45002 0
45003 1
45004 0
45005 2
45006 1
45007 0
45008 2
45009 1
45010 0
45011 1
45012 2
45013 1
45014 0
45015 1
45016 0
45017 1
45018 0
45019 1
45020 0
45021 2
45022 1
45023 0
45024 2
45025 1
45026 0
45027 2
45028 1
45029 2
45030 0
45031 1
45032 0
45033 1
45034 0
45035 2
45036 1
45037 0
45038 1
45039 3
45040 2
45041 1
45042 0
45043 1
45044 0
45045 2
45046 1
45047 2
45048 1
45049 2
45050 1
45051 0
45052 2
45053 1
45054 2
45055 3
45056 0
45057 1
45058 2
45059 0
45060 1
45061 0
45062 2
45063 0
45064 2
45065 3
45066 0
45067 1
45068 2
45069 0
45070 1
45071 0
45072 1
45073 2
45074 0
45075 2
45076 1
45077 0
45078 1
45079 2
45080 0
45081 2
45082 3
45083 0
45084 2
45085 1
45086 0
45087 2
45088 1
45089 0
45090 1
45091 0
45092 2
45093 1
45094 0
45095 2
45096 1
45097 0
45098 1
45099 2
45100 0
45101 1
45102 2
45103 0
45104 2
45105 0
45106 1
45107 0
45108 1
45109 2
45110 0
45111 1
45112 2
45113 3
45114 1
45115 0
45116 2
45117 0
45118 2
45119 0
45120 2
45121 0
45122 2
45123 1
45124 0
45125 2
45126 1
45127 0
45128 2
45129 3
45130 1
45131 2
45132 1
45133 2
45134 3
45135 0
45136 3
45137 1
45138 2
45139 1
45140 0
45141 1
45142 2
45143 3
45144 0
45145 2
45146 3
45147 1
45148 2
45149 0
45150 1
45151 2
45152 1
45153 0
45154 2
45155 1
45156 2
45157 0
45158 1
45159 0
45160 3
45161 1
45162 0
45163 1
45164 0
45165 1
45166 2
45167 3
45168 1
45169 0
45170 1
45171 2
45172 1
45173 2
45174 0
45175 1
45176 0
45177 2
45178 0
45179 1
45180 0
45181 2
45182 1
45183 2
45184 1
45185 0
45186 1
45187 2
45188 0
45189 1
45190 0
45191 1
45192 3
45193 0
45194 2
45195 0
45196 1
45197 0
45198 3
45199 1
45200 2
45201 1
45202 3
45203 0
45204 1
45205 0
45206 2
45207 0
45208 2
45209 1
45210 2
45211 0
45212 1
45213 3
45214 0
45215 1
45216 0
45217 1
45218 2
45219 1
45220 2
45221 1
45222 0
45223 1
45224 2
45225 0
45226 2
45227 1
45228 0
45229 2
45230 0
45231 2
45232 0
45233 2
45234 1
45235 0
45236 2
45237 1
45238 2
45239 3
45240 0
45241 3
45242 1
45243 0
45244 1
45245 2
45246 1
45247 0
45248 2
45249 1
45250 2
45251 0
45252 2
45253 0
45254 1
45255 0
45256 1
45257 0
45258 2
45259 1
45260 0
45261 2
45262 0
45263 1
45264 2
45265 0
45266 1
45267 2
45268 0
45269 3
45270 1
45271 2
45272 0
45273 3
45274 1
45275 2
45276 3
45277 1
45278 2
45279 1
45280 3
45281 2
45282 1
45283 2
45284 3
45285 0
45286 1
45287 0
45288 1
45289 0
45290 2
45291 3
45292 1
45293 0
45294 1
45295 3
45296 2
45297 1
45298 2
45299 0
45300 1
45301 3
45302 2
45303 1
45304 0
45305 2
45306 0
45307 3
45308 0
45309 1
45310 0
45311 2
45312 1
45313 2
45314 0
45315 2
45316 1
45317 0
45318 1
45319 2
45320 3
45321 2
45322 0
45323 1
45324 3
45325 0
45326 2
45327 1
45328 0
45329 1
45330 0
45331 2
45332 1
45333 2
45334 3
45335 0
45336 1
45337 2
45338 1
45339 0
45340 1
45341 2
45342 1
45343 2
45344 1
45345 0
45346 1
45347 2
45348 0
45349 1
45350 2
45351 0
45352 1
45353 0
45354 2
45355 0
45356 1
45357 2
45358 0
45359 1
45360 3
45361 0
45362 1
45363 0
45364 1
45365 0
45366 1
45367 0
45368 2
45369 1
45370 2
45371 0
45372 1
45373 0
45374 1
45375 0
45376 2
45377 1
45378 0
45379 1
45380 0
45381 1
45382 0
45383 2
45384 1
45385 0
45386 2
45387 0
45388 1
45389 2
45390 1
45391 3
45392 2
45393 3
45394 0
45395 2
45396 0
45397 2
45398 0
45399 2
45400 0
45401 1
45402 2
45403 0
45404 1
45405 2
45406 1
45407 2
45408 0
45409 1
45410 0
45411 1
45412 2
45413 1
45414 0
45415 2
45416 0
45417 1
45418 0
45419 1
45420 3
45421 1
45422 0
45423 2
45424 0
45425 2
45426 0
45427 1
45428 0
45429 2
45430 1
45431 2
45432 0
45433 2
45434 3
45435 1
45436 2
45437 1
45438 2
45439 0
45440 2
45441 1
45442 2
45443 1
45444 0
45445 1
45446 2
45447 0
45448 1
45449 0
45450 1
45451 0
45452 1
45453 0
45454 2
45455 1
45456 0
45457 2
45458 0
45459 1
45460 2
45461 1
45462 2
45463 1
45464 3
45465 2
45466 0
45467 2
45468 1
45469 0
45470 1
45471 2
45472 1
45473 0
45474 1
45475 2
45476 1
45477 2
45478 1
45479 0
45480 1
45481 2
45482 3
45483 0
45484 1
45485 2
45486 1
45487 0
45488 1
45489 0
45490 1
45491 2
45492 0
45493 3
45494 0
45495 1
45496 0
45497 2
45498 1
45499 0
45500 2
45501 3
45502 0
45503 3
45504 2
45505 0
45506 1
45507 2
45508 3
45509 0
45510 1
45511 3
45512 1
45513 0
45514 3
45515 1
45516 2
45517 1
45518 0
45519 1
45520 0
45521 2
45522 0
45523 1
45524 2
45525 1
45526 0
45527 2
45528 1
45529 0
45530 2
45531 0
45532 2
45533 1
45534 2
45535 1
45536 0
45537 1
45538 2
45539 0
45540 2
45541 0
45542 1
45543 0
45544 1
45545 2
45546 0
45547 1
45548 0
45549 1
45550 2
45551 0
45552 1
45553 2
45554 1
45555 2
45556 0
45557 2
45558 1
45559 0
45560 2
45561 1
45562 2
45563 1
45564 2
45565 0
45566 1
45567 0
45568 2
45569 1
45570 2
45571 0
45572 2
45573 0
45574 1
45575 2
45576 0
45577 1
45578 0
45579 2
45580 0
45581 1
45582 2
45583 1
45584 2
45585 0
45586 1
45587 2
45588 0
45589 1
45590 0
45591 1
45592 2
45593 0
45594 3
45595 2
45596 0
45597 1
45598 2
45599 0
45600 1
45601 2
45602 1
45603 2
45604 1
45605 2
45606 1
45607 2
45608 1
45609 0
45610 1
45611 0
45612 2
45613 0
45614 1
45615 0
45616 1
45617 2
45618 0
45619 1
45620 2
45621 1
45622 0
45623 1
45624 2
45625 0
45626 3
45627 1
45628 2
45629 0
45630 2
45631 1
45632 0
45633 2
45634 0
45635 1
45636 2
45637 0
45638 3
45639 1
45640 0
45641 1
45642 2
45643 1
45644 0
45645 1
45646 2
45647 0
45648 1
45649 0
45650 1
45651 3
45652 2
45653 1
45654 0
45655 2
45656 0
45657 2
45658 0
45659 3
45660 1
45661 0
45662 1
45663 0
45664 1
45665 2
45666 0
45667 2
45668 0
45669 1
45670 2
45671 1
45672 2
45673 1
45674 0
45675 2
45676 0
45677 3
45678 2
45679 0
45680 2
45681 1
45682 0
45683 2
45684 0
45685 2
45686 0
45687 1
45688 2
45689 1
45690 2
45691 0
45692 1
45693 0
45694 2
45695 1
45696 2
45697 0
45698 1
45699 3
45700 0
45701 1
45702 0
45703 2
45704 0
45705 1
45706 2
45707 0
45708 2
45709 1
45710 0
45711 1
45712 0
45713 2
45714 0
45715 1
45716 0
45717 1
45718 2
45719 1
45720 0
45721 3
45722 2
45723 1
45724 0
45725 2
45726 1
45727 0
45728 1
45729 0
45730 2
45731 0
45732 1
45733 2
45734 3
45735 1
45736 2
45737 3
45738 1
45739 0
45740 1
45741 2
45742 3
45743 1
45744 0
45745 1
45746 0
45747 1
45748 0
45749 1
45750 2
45751 1
45752 0
45753 1
45754 0
45755 2
45756 0
45757 1
45758 0
45759 2
45760 1
45761 4
45762 3
45763 2
45764 0
45765 1
45766 2
45767 1
45768 0
45769 2
45770 1
45771 0
45772 1
45773 0
45774 1
45775 3
45776 2
45777 0
45778 2
45779 1
45780 0
45781 1
45782 0
45783 1
45784 2
45785 0
45786 1
45787 2
45788 0
45789 1
45790 0
45791 2
45792 1
45793 2
45794 0
45795 2
45796 1
45797 2
45798 1
45799 0
45800 1
45801 2
45802 1
45803 3
45804 2
45805 0
45806 1
45807 0
45808 1
45809 0
45810 2
45811 1
45812 2
45813 0
45814 3
45815 2
45816 0
45817 2
45818 1
45819 0
45820 1
45821 2
45822 3
45823 2
45824 1
45825 2
45826 0
45827 2
45828 1
45829 2
45830 0
45831 3
45832 1
45833 2
45834 0
45835 1
45836 0
45837 1
45838 3
45839 2
45840 0
45841 1
45842 0
45843 1
45844 2
45845 0
45846 1
45847 2
45848 1
45849 0
45850 1
45851 2
45852 0
45853 1
45854 0
45855 2
45856 1
45857 0
45858 2
45859 3
45860 0
45861 2
45862 1
45863 0
45864 2
45865 1
45866 2
45867 0
45868 1
45869 2
45870 1
45871 2
45872 0
45873 3
45874 1
45875 0
45876 1
45877 2
45878 1
45879 0
45880 1
45881 0
45882 1
45883 3
45884 1
45885 0
45886 2
45887 1
45888 0
45889 1
45890 0
45891 2
45892 1
45893 2
45894 0
45895 1
45896 0
45897 1
45898 2
45899 0
45900 1
45901 0
45902 1
45903 0
45904 2
45905 1
45906 0
45907 2
45908 0
45909 1
45910 0
45911 2
45912 1
45913 0
45914 2
45915 1
45916 2
45917 0
45918 1
45919 0
45920 2
45921 0
45922 1
45923 0
45924 1
45925 2
45926 0
45927 1
45928 2
45929 0
45930 2
45931 1
45932 0
45933 1
45934 2
45935 3
45936 2
45937 1
45938 2
45939 1
45940 3
45941 0
45942 1
45943 2
45944 1
45945 2
45946 1
45947 2
45948 0
45949 1
45950 3
45951 0
45952 1
45953 0
45954 1
45955 3
45956 1
45957 0
45958 1
45959 2
45960 1
45961 0
45962 1
45963 0
45964 2
45965 0
45966 1
45967 2
45968 0
45969 1
45970 2
45971 1
45972 2
45973 1
45974 0
45975 1
45976 0
45977 2
45978 1
45979 0
45980 1
45981 0
45982 2
45983 1
45984 2
45985 0
45986 1
45987 3
45988 0
45989 2
45990 0
45991 2
45992 1
45993 2
45994 0
45995 2
45996 0
45997 1
45998 2
45999 1
46000 0
46001 1
46002 0
46003 1
46004 2
46005 0
46006 3
46007 2
46008 0
46009 1
46010 0
46011 3
46012 0
46013 1
46014 0
46015 2
46016 1
46017 3
46018 2
46019 1
46020 3
46021 0
46022 1
46023 2
46024 0
46025 2
46026 1
46027 0
46028 3
46029 2
46030 1
46031 0
46032 1
46033 2
46034 0
46035 1
46036 2
46037 1
46038 0
46039 2
46040 3
46041 4
46042 1
46043 2
46044 1
46045 0
46046 2
46047 1
46048 2
46049 0
46050 2
46051 0
46052 2
46053 1
46054 0
46055 2
46056 0
46057 1
46058 2
46059 1
46060 2
46061 1
46062 0
46063 1
46064 0
46065 1
46066 3
46067 2
46068 1
46069 2
46070 1
46071 0
46072 1
46073 2
46074 1
46075 0
46076 1
46077 2
46078 1
46079 0
46080 3
46081 1
46082 0
46083 1
46084 2
46085 0
46086 1
46087 0
46088 1
46089 2
46090 1
46091 2
46092 1
46093 2
46094 0
46095 2
46096 1
46097 0
46098 1
46099 2
46100 1
46101 3
46102 2
46103 0
46104 1
46105 2
46106 0
46107 2
46108 0
46109 1
46110 0
46111 2
46112 1
46113 0
46114 1
46115 2
46116 0
46117 2
46118 1
46119 0
46120 2
46121 0
46122 2
46123 0
46124 2
46125 1
46126 3
46127 0
46128 2
46129 1
46130 2
46131 0
46132 2
46133 0
46134 2
46135 1
46136 2
46137 1
46138 0
46139 2
46140 1
46141 0
46142 2
46143 0
46144 1
46145 0
46146 1
46147 3
46148 2
46149 1
46150 2
46151 1
46152 3
46153 2
46154 1
46155 0
46156 1
46157 0
46158 2
46159 1
46160 0
46161 3
46162 0
46163 2
46164 3
46165 1
46166 2
46167 0
46168 1
46169 2
46170 0
46171 1
46172 2
46173 1
46174 2
46175 1
46176 2
46177 0
46178 1
46179 3
46180 0
46181 2
46182 0
46183 1
46184 0
46185 1
46186 2
46187 1
46188 0
46189 1
46190 0
46191 1
46192 0
46193 2
46194 0
46195 1
46196 2
46197 1
46198 0
46199 1
46200 0
46201 1
46202 0
46203 2
46204 0
46205 2
46206 1
46207 0
46208 1
46209 2
46210 0
46211 1
46212 3
46213 2
46214 3
46215 0
46216 2
46217 3
46218 0
46219 2
46220 1
46221 2
46222 1
46223 2
46224 0
46225 1
46226 3
46227 2
46228 3
46229 0
46230 1
46231 0
46232 2
46233 1
46234 2
46235 1
46236 2
46237 1
46238 0
46239 1
46240 0
46241 2
46242 1
46243 2
46244 1
46245 2
46246 0
46247 2
46248 1
46249 0
46250 1
46251 2
46252 1
46253 2
46254 1
46255 0
46256 1
46257 0
46258 2
46259 1
46260 2
46261 0
46262 1
46263 2
46264 0
46265 2
46266 1
46267 0
46268 1
46269 2
46270 1
46271 0
46272 2
46273 0
46274 2
46275 0
46276 2
46277 0
46278 1
46279 2
46280 3
46281 0
46282 2
46283 1
46284 3
46285 0
46286 2
46287 1
46288 3
46289 2
46290 3
46291 1
46292 3
46293 2
46294 0
46295 1
46296 0
46297 2
46298 1
46299 0
46300 2
46301 1
46302 0
46303 2
46304 1
46305 2
46306 0
46307 2
46308 3
46309 1
46310 0
46311 2
46312 0
46313 1
46314 0
46315 1
46316 0
46317 1
46318 2
46319 0
46320 1
46321 2
46322 0
46323 2
46324 1
46325 0
46326 1
46327 2
46328 1
46329 0
46330 1
46331 3
46332 0
46333 2
46334 1
46335 0
46336 1
46337 2
46338 0
46339 2
46340 1
46341 2
46342 3
46343 2
46344 0
46345 2
46346 0
46347 2
46348 3
46349 0
46350 2
46351 1
46352 0
46353 2
46354 1
46355 0
46356 1
46357 2
46358 1
46359 2
46360 1
46361 2
46362 1
46363 2
46364 3
46365 2
46366 0
46367 2
46368 1
46369 0
46370 2
46371 1
46372 2
46373 0
46374 1
46375 0
46376 2
46377 0
46378 2
46379 0
46380 1
46381 2
46382 0
46383 2
46384 1
46385 2
46386 1
46387 0
46388 2
46389 1
46390 0
46391 1
46392 0
46393 1
46394 2
46395 3
46396 2
46397 3
46398 1
46399 3
46400 0
46401 1
46402 2
46403 1
46404 2
46405 0
46406 2
46407 1
46408 2
46409 0
46410 1
46411 2
46412 0
46413 2
46414 0
46415 1
46416 2
46417 0
46418 2
46419 1
46420 2
46421 1
46422 2
46423 3
46424 0
46425 1
46426 2
46427 0
46428 1
46429 0
46430 1
46431 3
46432 2
46433 1
46434 3
46435 1
46436 2
46437 0
46438 1
46439 2
46440 0
46441 2
46442 1
46443 0
46444 1
46445 2
46446 1
46447 2
46448 0
46449 3
46450 0
46451 2
46452 0
46453 2
46454 1
46455 2
46456 3
46457 1
46458 0
46459 1
46460 0
46461 2
46462 1
46463 0
46464 1
46465 2
46466 0
46467 2
46468 0
46469 1
46470 2
46471 0
46472 2
46473 1
46474 2
46475 0
46476 1
46477 2
46478 0
46479 2
46480 3
46481 0
46482 2
46483 1
46484 2
46485 0
46486 1
46487 0
46488 1
46489 2
46490 3
46491 0
46492 2
46493 3
46494 1
46495 3
46496 0
46497 2
46498 1
46499 2
46500 0
46501 3
46502 1
46503 3
46504 2
46505 0
46506 1
46507 2
46508 0
46509 2
46510 0
46511 3
46512 0
46513 3
46514 2
46515 1
46516 3
46517 2
46518 3
46519 1
46520 2
46521 1
46522 0
46523 1
46524 0
46525 1
46526 2
46527 0
46528 1
46529 2
46530 0
46531 1
46532 2
46533 0
46534 1
46535 0
46536 2
46537 1
46538 2
46539 0
46540 1
46541 2
46542 0
46543 1
46544 2
46545 1
46546 2
46547 0
46548 1
46549 2
46550 0
46551 3
46552 1
46553 2
46554 3
46555 2
46556 0
46557 2
46558 0
46559 2
46560 0
46561 3
46562 2
46563 1
46564 2
46565 1
46566 3
46567 2
46568 1
46569 2
46570 0
46571 1
46572 0
46573 2
46574 1
46575 2
46576 0
46577 2
46578 0
46579 2
46580 1
46581 0
46582 2
46583 0
46584 2
46585 1
46586 2
46587 0
46588 2
46589 1
46590 3
46591 2
46592 0
46593 1
46594 0
46595 1
46596 2
46597 0
46598 2
46599 1
46600 0
46601 1
46602 0
46603 1
46604 0
46605 1
46606 3
46607 0
46608 2
46609 3
46610 0
46611 1
46612 0
46613 2
46614 1
46615 0
46616 1
46617 0
46618 2
46619 1
46620 2
46621 0
46622 1
46623 0
46624 1
46625 0
46626 2
46627 0
46628 1
46629 2
46630 0
46631 2
46632 3
46633 1
46634 2
46635 0
46636 2
46637 1
46638 2
46639 0
46640 2
46641 1
46642 3
46643 1
46644 0
46645 1
46646 2
46647 0
46648 2
46649 3
46650 1
46651 0
46652 1
46653 0
46654 2
46655 0
46656 1
46657 0
46658 2
46659 0
46660 1
46661 2
46662 1
46663 0
46664 3
46665 2
46666 3
46667 1
46668 2
46669 1
46670 0
46671 1
46672 2
46673 1
46674 2
46675 0
46676 2
46677 1
46678 0
46679 2
46680 3
46681 1
46682 3
46683 2
46684 3
46685 0
46686 1
46687 0
46688 1
46689 0
46690 2
46691 1
46692 3
46693 2
46694 1
46695 2
46696 0
46697 2
46698 1
46699 0
46700 2
46701 1
46702 2
46703 1
46704 0
46705 3
46706 1
46707 2
46708 1
46709 0
46710 1
46711 2
46712 1
46713 0
46714 1
46715 0
46716 2
46717 0
46718 1
46719 0
46720 1
46721 2
46722 1
46723 0
46724 1
46725 2
46726 0
46727 2
46728 3
46729 0
46730 2
46731 1
46732 0
46733 1
46734 2
46735 0
46736 1
46737 0
46738 2
46739 1
46740 0
46741 2
46742 1
46743 2
46744 0
46745 1
46746 2
46747 1
46748 0
46749 3
46750 4
46751 1
46752 0
46753 1
46754 0
46755 1
46756 2
46757 0
46758 1
46759 0
46760 1
46761 2
46762 0
46763 2
46764 1
46765 2
46766 1
46767 2
46768 0
46769 1
46770 0
46771 2
46772 1
46773 3
46774 1
46775 2
46776 1
46777 2
46778 1
46779 2
46780 1
46781 0
46782 1
46783 0
46784 1
46785 2
46786 0
46787 3
46788 1
46789 0
46790 1
46791 2
46792 0
46793 1
46794 0
46795 1
46796 2
46797 1
46798 3
46799 0
46800 1
46801 2
46802 0
46803 1
46804 0
46805 2
46806 1
46807 2
46808 0
46809 1
46810 0
46811 2
46812 0
46813 2
46814 1
46815 0
46816 1
46817 0
46818 2
46819 3
46820 0
46821 2
46822 1
46823 2
46824 0
46825 1
46826 0
46827 2
46828 0
46829 1
46830 3
46831 2
46832 3
46833 2
46834 1
46835 0
46836 2
46837 1
46838 0
46839 1
46840 0
46841 1
46842 0
46843 1
46844 0
46845 2
46846 1
46847 2
46848 0
46849 1
46850 3
46851 2
46852 0
46853 1
46854 0
46855 2
46856 0
46857 1
46858 0
46859 1
46860 0
46861 3
46862 1
46863 0
46864 1
46865 0
46866 2
46867 1
46868 2
46869 0
46870 1
46871 0
46872 2
46873 1
46874 0
46875 1
46876 0
46877 1
46878 2
46879 1
46880 0
46881 1
46882 2
46883 0
46884 1
46885 3
46886 2
46887 0
46888 2
46889 3
46890 1
46891 2
46892 1
46893 0
46894 1
46895 0
46896 1
46897 2
46898 1
46899 0
46900 2
46901 3
46902 0
46903 1
46904 2
46905 0
46906 1
46907 2
46908 1
46909 2
46910 1
46911 2
46912 1
46913 0
46914 2
46915 3
46916 2
46917 1
46918 2
46919 0
46920 1
46921 0
46922 2
46923 1
46924 0
46925 2
46926 0
46927 3
46928 0
46929 1
46930 0
46931 2
46932 1
46933 0
46934 2
46935 1
46936 2
46937 0
46938 1
46939 0
46940 1
46941 3
46942 2
46943 1
46944 4
46945 2
46946 0
46947 2
46948 3
46949 1
46950 2
46951 1
46952 0
46953 1
46954 2
46955 0
46956 2
46957 1
46958 0
46959 2
46960 1
46961 0
46962 1
46963 0
46964 1
46965 0
46966 1
46967 2
46968 0
46969 1
46970 0
46971 1
46972 2
46973 0
46974 2
46975 1
46976 2
46977 1
46978 0
46979 1
46980 2
46981 0
46982 2
46983 1
46984 0
46985 1
46986 3
46987 0
46988 1
46989 0
46990 2
46991 1
46992 2
46993 1
46994 0
46995 2
46996 1
46997 0
46998 2
46999 0
47000 2
47001 1
47002 0
47003 2
47004 3
47005 0
47006 2
47007 1
47008 0
47009 2
47010 1
47011 0
47012 1
47013 2
47014 1
47015 0
47016 1
47017 0
47018 2
47019 1
47020 2
47021 0
47022 1
47023 0
47024 1
47025 2
47026 0
47027 2
47028 0
47029 2
47030 1
47031 2
47032 0
47033 1
47034 2
47035 3
47036 0
47037 1
47038 2
47039 0
47040 2
47041 1
47042 2
47043 0
47044 1
47045 0
47046 2
47047 3
47048 0
47049 2
47050 0
47051 2
47052 0
47053 1
47054 2
47055 1
47056 0
47057 1
47058 2
47059 0
47060 2
47061 1
47062 0
47063 1
47064 2
47065 1
47066 2
47067 1
47068 0
47069 1
47070 0
47071 3
47072 2
47073 1
47074 2
47075 1
47076 2
47077 0
47078 2
47079 0
47080 1
47081 0
47082 2
47083 1
47084 2
47085 0
47086 2
47087 1
47088 2
47089 0
47090 1
47091 0
47092 2
47093 1
47094 3
47095 2
47096 0
47097 1
47098 0
47099 1
47100 2
47101 1
47102 0
47103 2
47104 1
47105 0
47106 2
47107 1
47108 2
47109 0
47110 3
47111 2
47112 1
47113 0
47114 1
47115 0
47116 1
47117 0
47118 1
47119 0
47120 2
47121 3
47122 1
47123 0
47124 2
47125 1
47126 0
47127 1
47128 0
47129 2
47130 1
47131 2
47132 1
47133 0
47134 2
47135 0
47136 1
47137 0
47138 2
47139 0
47140 3
47141 0
47142 1
47143 2
47144 1
47145 2
47146 0
47147 1
47148 0
47149 2
47150 1
47151 3
47152 0
47153 2
47154 1
47155 2
47156 1
47157 0
47158 1
47159 3
47160 2
47161 0
47162 1
47163 0
47164 2
47165 1
47166 2
47167 0
47168 2
47169 3
47170 1
47171 0
47172 1
47173 0
47174 2
47175 1
47176 0
47177 1
47178 2
47179 0
47180 2
47181 0
47182 1
47183 0
47184 2
47185 1
47186 2
47187 3
47188 1
47189 0
47190 1
47191 0
47192 1
47193 2
47194 0
47195 1
47196 2
47197 1
47198 2
47199 0
47200 1
47201 0
47202 3
47203 2
47204 0
47205 1
47206 0
47207 1
47208 0
47209 1
47210 2
47211 0
47212 1
47213 3
47214 2
47215 1
47216 3
47217 2
47218 0
47219 2
47220 1
47221 0
47222 1
47223 2
47224 0
47225 1
47226 0
47227 2
47228 1
47229 2
47230 1
47231 2
47232 0
47233 2
47234 1
47235 0
47236 1
47237 2
47238 3
47239 2
47240 0
47241 2
47242 1
47243 0
47244 2
47245 0
47246 1
47247 2
47248 0
47249 2
47250 0
47251 2
47252 0
47253 1
47254 0
47255 1
47256 2
47257 3
47258 0
47259 1
47260 0
47261 2
47262 1
47263 2
47264 0
47265 2
47266 1
47267 2
47268 3
47269 0
47270 1
47271 2
47272 3
47273 0
47274 2
47275 0
47276 1
47277 3
47278 1
47279 2
47280 0
47281 1
47282 2
47283 1
47284 2
47285 1
47286 0
47287 2
47288 1
47289 0
47290 2
47291 0
47292 1
47293 0
47294 2
47295 1
47296 2
47297 1
47298 2
47299 3
47300 1
47301 2
47302 1
47303 2
47304 0
47305 2
47306 0
47307 2
47308 0
47309 1
47310 0
47311 2
47312 0
47313 1
47314 2
47315 0
47316 1
47317 0
47318 2
47319 3
47320 1
47321 0
47322 1
47323 0
47324 1
47325 3
47326 2
47327 0
47328 1
47329 3
47330 0
47331 1
47332 0
47333 1
47334 0
47335 1
47336 2
47337 0
47338 2
47339 1
47340 2
47341 0
47342 1
47343 2
47344 0
47345 2
47346 1
47347 2
47348 1
47349 2
47350 1
47351 2
47352 1
47353 2
47354 0
47355 1
47356 0
47357 2
47358 1
47359 2
47360 1
47361 0
47362 1
47363 0
47364 1
47365 0
47366 1
47367 0
47368 2
47369 1
47370 0
47371 1
47372 2
47373 3
47374 0
47375 3
47376 2
47377 0
47378 1
47379 0
47380 1
47381 2
47382 1
47383 0
47384 2
47385 0
47386 2
47387 0
47388 2
47389 1
47390 3
47391 1
47392 3
47393 1
47394 0
47395 1
47396 0
47397 1
47398 0
47399 1
47400 0
47401 1
47402 2
47403 1
47404 2
47405 3
47406 1
47407 0
47408 2
47409 3
47410 0
47411 1
47412 2
47413 0
47414 2
47415 1
47416 3
47417 1
47418 0
47419 2
47420 3
47421 1
47422 2
47423 1
47424 2
47425 1
47426 0
47427 2
47428 1
47429 2
47430 0
47431 1
47432 0
47433 1
47434 0
47435 1
47436 0
47437 1
47438 0
47439 1
47440 2
47441 1
47442 0
47443 1
47444 0
47445 2
47446 1
47447 2
47448 3
47449 0
47450 1
47451 0
47452 1
47453 2
47454 1
47455 2
47456 0
47457 2
47458 1
47459 2
47460 0
47461 2
47462 0
47463 1
47464 2
47465 1
47466 0
47467 2
47468 1
47469 0
47470 2
47471 1
47472 2
47473 0
47474 3
47475 4
47476 1
47477 2
47478 3
47479 2
47480 1
47481 0
47482 1
47483 3
47484 1
47485 2
47486 0
47487 1
47488 0
47489 1
47490 0
47491 3
47492 2
47493 1
47494 2
47495 1
47496 2
47497 0
47498 1
47499 2
47500 0
47501 2
47502 1
47503 0
47504 1
47505 2
47506 1
47507 0
47508 3
47509 2
47510 0
47511 1
47512 2
47513 0
47514 2
47515 1
47516 0
47517 2
47518 1
47519 2
47520 1
47521 0
47522 1
47523 2
47524 0
47525 2
47526 1
47527 2
47528 1
47529 2
47530 0
47531 2
47532 0
47533 2
47534 0
47535 2
47536 1
47537 0
47538 2
47539 0
47540 2
47541 0
47542 2
47543 1
47544 2
47545 1
47546 2
47547 0
47548 3
47549 1
47550 3
47551 0
47552 1
47553 2
47554 0
47555 2
47556 0
47557 1
47558 0
47559 1
47560 3
47561 2
47562 3
47563 1
47564 3
47565 2
47566 1
47567 2
47568 0
47569 2
47570 1
47571 0
47572 2
47573 1
47574 0
47575 2
47576 0
47577 1
47578 2
47579 1
47580 3
47581 0
47582 2
47583 1
47584 0
47585 1
47586 2
47587 0
47588 2
47589 1
47590 0
47591 1
47592 0
47593 1
47594 2
47595 0
47596 1
47597 0
47598 1
47599 0
47600 1
47601 0
47602 2
47603 0
47604 1
47605 3
47606 2
47607 1
47608 0
47609 1
47610 2
47611 0
47612 2
47613 0
47614 1
47615 0
47616 1
47617 0
47618 1
47619 0
47620 1
47621 2
47622 1
47623 2
47624 3
47625 0
47626 1
47627 0
47628 2
47629 1
47630 0
47631 1
47632 0
47633 1
47634 3
47635 1
47636 2
47637 3
47638 1
47639 2
47640 0
47641 2
47642 0
47643 1
47644 0
47645 3
47646 0
47647 2
47648 1
47649 0
47650 1
47651 2
47652 1
47653 2
47654 0
47655 1
47656 2
47657 3
47658 1
47659 0
47660 3
47661 1
47662 2
47663 3
47664 2
47665 1
47666 2
47667 0
47668 2
47669 1
47670 0
47671 2
47672 1
47673 2
47674 0
47675 1
47676 2
47677 3
47678 0
47679 1
47680 2
47681 0
47682 2
47683 1
47684 0
47685 2
47686 1
47687 2
47688 3
47689 0
47690 3
47691 1
47692 0
47693 1
47694 2
47695 1
47696 0
47697 1
47698 0
47699 1
47700 2
47701 0
47702 1
47703 2
47704 1
47705 0
47706 3
47707 2
47708 1
47709 0
47710 1
47711 0
47712 1
47713 0
47714 3
47715 1
47716 3
47717 2
47718 1
47719 0
47720 1
47721 0
47722 2
47723 3
47724 1
47725 0
47726 1
47727 2
47728 1
47729 2
47730 0
47731 2
47732 3
47733 1
47734 0
47735 3
47736 1
47737 0
47738 1
47739 0
47740 1
47741 0
47742 1
47743 2
47744 1
47745 2
47746 0
47747 1
47748 2
47749 1
47750 3
47751 0
47752 1
47753 0
47754 2
47755 0
47756 2
47757 1
47758 2
47759 3
47760 0
47761 2
47762 0
47763 2
47764 0
47765 1
47766 0
47767 2
47768 0
47769 1
47770 0
47771 1
47772 0
47773 1
47774 0
47775 2
47776 0
47777 1
47778 0
47779 3
47780 2
47781 0
47782 1
47783 0
47784 1
47785 0
47786 1
47787 2
47788 1
47789 0
47790 2
47791 3
47792 2
47793 1
47794 2
47795 0
47796 1
47797 2
47798 0
47799 2
47800 0
47801 2
47802 1
47803 0
47804 2
47805 1
47806 0
47807 2
47808 1
47809 0
47810 2
47811 0
47812 2
47813 0
47814 1
47815 2
47816 0
47817 1
47818 0
47819 2
47820 0
47821 1
47822 0
47823 1
47824 2
47825 1
47826 3
47827 0
47828 1
47829 2
47830 0
47831 1
47832 2
47833 3
47834 0
47835 2
47836 1
47837 0
47838 1
47839 0
47840 1
47841 0
47842 1
47843 2
47844 0
47845 2
47846 0
47847 1
47848 2
47849 0
47850 3
47851 2
47852 1
47853 0
47854 2
47855 0
47856 2
47857 0
47858 1
47859 2
47860 0
47861 2
47862 0
47863 1
47864 2
47865 0
47866 1
47867 0
47868 1
47869 2
47870 0
47871 1
47872 2
47873 1
47874 0
47875 3
47876 2
47877 1
47878 0
47879 2
47880 1
47881 2
47882 1
47883 2
47884 0
47885 1
47886 0
47887 1
47888 0
47889 2
47890 0
47891 1
47892 2
47893 0
47894 1
47895 2
47896 1
47897 2
47898 0
47899 1
47900 0
47901 1
47902 0
47903 2
47904 1
47905 0
47906 1
47907 2
47908 0
47909 1
47910 0
47911 2
47912 1
47913 2
47914 0
47915 2
47916 1
47917 2
47918 1
47919 0
47920 1
47921 0
47922 1
47923 0
47924 1
47925 2
47926 1
47927 0
47928 1
47929 2
47930 0
47931 1
47932 2
47933 0
47934 1
47935 2
47936 0
47937 1
47938 0
47939 2
47940 0
47941 1
47942 2
47943 3
47944 0
47945 1
47946 0
47947 2
47948 1
47949 0
47950 2
47951 3
47952 2
47953 0
47954 2
47955 1
47956 2
47957 0
47958 2
47959 0
47960 1
47961 0
47962 1
47963 2
47964 1
47965 3
47966 1
47967 3
47968 0
47969 1
47970 0
47971 1
47972 0
47973 2
47974 3
47975 1
47976 2
47977 0
47978 1
47979 2
47980 0
47981 1
47982 2
47983 0
47984 1
47985 2
47986 0
47987 2
47988 1
47989 0
47990 2
47991 1
47992 0
47993 1
47994 0
47995 2
47996 1
47997 2
47998 0
47999 2
48000 0
48001 1
48002 2
48003 0
48004 1
48005 0
48006 1
48007 0
48008 1
48009 2
48010 0
48011 2
48012 1
48013 2
48014 3
48015 1
48016 2
48017 0
48018 2
48019 0
48020 1
48021 0
48022 1
48023 2
48024 1
48025 2
48026 0
48027 2
48028 1
48029 0
48030 1
48031 2
48032 3
48033 0
48034 3
48035 2
48036 0
48037 2
48038 1
48039 0
48040 1
48041 0
48042 1
48043 3
48044 1
48045 0
48046 1
48047 2
48048 1
48049 0
48050 1
48051 0
48052 2
48053 1
48054 2
48055 0
48056 1
48057 0
48058 1
48059 0
48060 1
48061 2
48062 3
48063 2
48064 1
48065 0
48066 2
48067 1
48068 2
48069 0
48070 2
48071 0
48072 1
48073 0
48074 2
48075 0
48076 2
48077 1
48078 0
48079 2
48080 1
48081 2
48082 0
48083 2
48084 0
48085 1
48086 0
48087 2
48088 3
48089 0
48090 2
48091 1
48092 3
48093 2
48094 1
48095 3
48096 0
48097 1
48098 0
48099 2
48100 1
48101 3
48102 2
48103 1
48104 0
48105 2
48106 1
48107 0
48108 2
48109 1
48110 0
48111 1
48112 3
48113 0
48114 1
48115 2
48116 0
48117 1
48118 2
48119 1
48120 0
48121 2
48122 1
48123 2
48124 1
48125 3
48126 1
48127 0
48128 2
48129 1
48130 2
48131 0
48132 1
48133 2
48134 0
48135 2
48136 1
48137 2
48138 0
48139 1
48140 0
48141 2
48142 1
48143 2
48144 0
48145 2
48146 1
48147 2
48148 0
48149 3
48150 2
48151 0
48152 1
48153 0
48154 2
48155 0
48156 2
48157 1
48158 0
48159 2
48160 0
48161 2
48162 1
48163 0
48164 2
48165 3
48166 1
48167 2
48168 1
48169 2
48170 0
48171 1
48172 2
48173 1
48174 2
48175 3
48176 0
48177 2
48178 0
48179 1
48180 0
48181 3
48182 2
48183 0
48184 3
48185 2
48186 0
48187 1
48188 2
48189 3
48190 1
48191 0
48192 1
48193 0
48194 1
48195 0
48196 1
48197 0
48198 1
48199 0
48200 2
48201 0
48202 3
48203 1
48204 0
48205 2
48206 1
48207 0
48208 1
48209 0
48210 2
48211 3
48212 0
48213 1
48214 0
48215 1
48216 0
48217 1
48218 0
48219 1
48220 0
48221 1
48222 0
48223 1
48224 0
48225 2
48226 1
48227 0
48228 2
48229 1
48230 0
48231 2
48232 1
48233 0
48234 2
48235 1
48236 0
48237 1
48238 0
48239 2
48240 1
48241 2
48242 0
48243 1
48244 2
48245 0
48246 1
48247 3
48248 0
48249 2
48250 1
48251 2
48252 1
48253 0
48254 1
48255 2
48256 1
48257 0
48258 2
48259 0
48260 2
48261 3
48262 1
48263 0
48264 1
48265 0
48266 1
48267 0
48268 2
48269 1
48270 0
48271 1
48272 3
48273 2
48274 1
48275 2
48276 0
48277 1
48278 0
48279 2
48280 0
48281 1
48282 0
48283 1
48284 2
48285 1
48286 0
48287 1
48288 2
48289 0
48290 1
48291 2
48292 3
48293 0
48294 1
48295 2
48296 0
48297 1
48298 0
48299 1
48300 0
48301 2
48302 0
48303 1
48304 0
48305 1
48306 2
48307 1
48308 2
48309 1
48310 2
48311 0
48312 1
48313 2
48314 1
48315 3
48316 0
48317 1
48318 2
48319 0
48320 2
48321 1
48322 0
48323 2
48324 0
48325 2
48326 1
48327 0
48328 1
48329 2
48330 1
48331 0
48332 1
48333 0
48334 2
48335 1
48336 0
48337 2
48338 1
48339 0
48340 2
48341 3
48342 1
48343 3
48344 2
48345 1
48346 2
48347 0
48348 1
48349 0
48350 2
48351 1
48352 0
48353 2
48354 3
48355 0
48356 3
48357 1
48358 3
48359 2
48360 1
48361 2
48362 1
48363 0
48364 1
48365 0
48366 1
48367 2
48368 0
48369 1
48370 0
48371 1
48372 2
48373 3
48374 0
48375 2
48376 0
48377 1
48378 0
48379 3
48380 2
48381 0
48382 3
48383 2
48384 1
48385 2
48386 3
48387 1
48388 2
48389 0
48390 2
48391 0
48392 1
48393 2
48394 0
48395 1
48396 0
48397 1
48398 2
48399 1
48400 0
48401 1
48402 0
48403 1
48404 2
48405 3
48406 1
48407 2
48408 0
48409 1
48410 0
48411 1
48412 2
48413 0
48414 2
48415 1
48416 0
48417 1
48418 0
48419 2
48420 1
48421 2
48422 0
48423 1
48424 0
48425 2
48426 1
48427 0
48428 3
48429 0
48430 1
48431 3
48432 1
48433 2
48434 0
48435 1
48436 0
48437 2
48438 0
48439 1
48440 0
48441 1
48442 2
48443 0
48444 2
48445 0
48446 2
48447 0
48448 1
48449 2
48450 0
48451 1
48452 0
48453 1
48454 3
48455 1
48456 0
48457 2
48458 3
48459 1
48460 0
48461 1
48462 2
48463 0
48464 1
48465 2
48466 0
48467 2
48468 1
48469 3
48470 0
48471 2
48472 1
48473 2
48474 0
48475 1
48476 0
48477 1
48478 0
48479 2
48480 0
48481 2
48482 1
48483 0
48484 1
48485 0
48486 2
48487 1
48488 0
48489 1
48490 0
48491 2
48492 0
48493 1
48494 2
48495 3
48496 1
48497 2
48498 1
48499 2
48500 3
48501 1
48502 2
48503 0
48504 2
48505 1
48506 2
48507 0
48508 2
48509 1
48510 2
48511 0
48512 1
48513 0
48514 2
48515 3
48516 0
48517 1
48518 0
48519 1
48520 2
48521 0
48522 2
48523 1
48524 2
48525 0
48526 1
48527 2
48528 3
48529 0
48530 2
48531 0
48532 1
48533 0
48534 1
48535 2
48536 1
48537 0
48538 2
48539 1
48540 3
48541 1
48542 3
48543 0
48544 2
48545 1
48546 0
48547 1
48548 0
48549 1
48550 0
48551 1
48552 0
48553 2
48554 1
48555 2
48556 1
48557 0
48558 1
48559 2
48560 1
48561 3
48562 2
48563 0
48564 1
48565 0
48566 1
48567 0
48568 1
48569 0
48570 3
48571 1
48572 0
48573 1
48574 2
48575 3
48576 0
48577 2
48578 0
48579 2
48580 1
48581 2
48582 0
48583 1
48584 0
48585 1
48586 0
48587 1
48588 2
48589 1
48590 0
48591 1
48592 2
48593 3
48594 0
48595 2
48596 0
48597 3
48598 1
48599 2
48600 0
48601 2
48602 1
48603 0
48604 2
48605 1
48606 2
48607 3
48608 2
48609 0
48610 2
48611 0
48612 2
48613 1
48614 2
48615 0
48616 3
48617 0
48618 1
48619 2
48620 1
48621 3
48622 2
48623 1
48624 0
48625 2
48626 1
48627 2
48628 1
48629 2
48630 1
48631 2
48632 0
48633 1
48634 2
48635 0
48636 1
48637 2
48638 1
48639 0
48640 2
48641 0
48642 1
48643 2
48644 0
48645 2
48646 3
48647 0
48648 2
48649 1
48650 2
48651 0
48652 2
48653 1
48654 0
48655 1
48656 0
48657 2
48658 0
48659 2
48660 1
48661 0
48662 2
48663 1
48664 0
48665 1
48666 0
48667 1
48668 0
48669 1
48670 2
48671 1
48672 0
48673 2
48674 1
48675 2
48676 3
48677 0
48678 1
48679 3
48680 2
48681 3
48682 0
48683 2
48684 1
48685 0
48686 1
48687 0
48688 1
48689 0
48690 1
48691 0
48692 2
48693 0
48694 2
48695 3
48696 2
48697 0
48698 2
48699 0
48700 3
48701 2
48702 1
48703 0
48704 2
48705 0
48706 1
48707 2
48708 1
48709 0
48710 2
48711 1
48712 2
48713 0
48714 1
48715 0
48716 2
48717 3
48718 1
48719 2
48720 1
48721 2
48722 1
48723 0
48724 1
48725 0
48726 2
48727 1
48728 2
48729 0
48730 2
48731 0
48732 3
48733 0
48734 1
48735 2
48736 1
48737 0
48738 1
48739 3
48740 2
48741 1
48742 3
48743 2
48744 3
48745 2
48746 1
48747 0
48748 1
48749 0
48750 1
48751 0
48752 1
48753 2
48754 3
48755 2
48756 0
48757 2
48758 1
48759 3
48760 2
48761 1
48762 2
48763 0
48764 2
48765 0
48766 2
48767 0
48768 1
48769 2
48770 0
48771 1
48772 0
48773 2
48774 3
48775 0
48776 2
48777 0
48778 2
48779 1
48780 0
48781 1
48782 0
48783 1
48784 0
48785 1
48786 0
48787 2
48788 0
48789 1
48790 2
48791 1
48792 2
48793 0
48794 2
48795 1
48796 2
48797 0
48798 1
48799 2
48800 1
48801 0
48802 2
48803 0
48804 1
48805 0
48806 2
48807 1
48808 2
48809 1
48810 0
48811 1
48812 2
48813 1
48814 0
48815 1
48816 0
48817 1
48818 2
48819 3
48820 1
48821 3
48822 2
48823 0
48824 2
48825 1
48826 0
48827 1
48828 0
48829 1
48830 3
48831 2
48832 1
48833 0
48834 2
48835 0
48836 1
48837 2
48838 1
48839 2
48840 1
48841 3
48842 2
48843 1
48844 0
48845 2
48846 0
48847 2
48848 0
48849 2
48850 0
48851 1
48852 2
48853 3
48854 1
48855 0
48856 2
48857 1
48858 0
48859 2
48860 1
48861 0
48862 1
48863 2
48864 0
48865 1
48866 2
48867 0
48868 2
48869 3
48870 1
48871 2
48872 1
48873 2
48874 1
48875 2
48876 0
48877 1
48878 0
48879 1
48880 0
48881 2
48882 1
48883 2
48884 3
48885 0
48886 2
48887 1
48888 0
48889 2
48890 1
48891 2
48892 0
48893 1
48894 2
48895 0
48896 1
48897 2
48898 0
48899 2
48900 1
48901 0
48902 1
48903 0
48904 2
48905 1
48906 0
48907 1
48908 2
48909 1
48910 0
48911 1
48912 2
48913 0
48914 2
48915 1
48916 2
48917 1
48918 2
48919 1
48920 0
48921 1
48922 0
48923 2
48924 1
48925 0
48926 1
48927 0
48928 1
48929 0
48930 2
48931 3
48932 0
48933 1
48934 0
48935 2
48936 0
48937 1
48938 0
48939 2
48940 0
48941 1
48942 2
48943 1
48944 0
48945 2
48946 1
48947 0
48948 1
48949 2
48950 0
48951 3
48952 2
48953 0
48954 1
48955 0
48956 1
48957 0
48958 1
48959 0
48960 1
48961 0
48962 1
48963 0
48964 1
48965 0
48966 2
48967 1
48968 0
48969 1
48970 2
48971 0
48972 1
48973 0
48974 2
48975 0
48976 1
48977 0
48978 1
48979 0
48980 1
48981 0
48982 1
48983 2
48984 1
48985 2
48986 1
48987 0
48988 1
48989 2
48990 0
48991 2
48992 1
48993 2
48994 3
48995 1
48996 2
48997 1
48998 0
48999 2
49000 0
49001 1
49002 2
49003 1
49004 0
49005 1
49006 2
49007 0
49008 2
49009 1
49010 0
49011 1
49012 2
49013 0
49014 1
49015 2
49016 1
49017 2
49018 0
49019 2
49020 1
49021 0
49022 1
49023 0
49024 1
49025 0
49026 1
49027 0
49028 2
49029 1
49030 2
49031 0
49032 1
49033 0
49034 2
49035 0
49036 3
49037 1
49038 0
49039 2
49040 1
49041 0
49042 3
49043 2
49044 1
49045 2
49046 0
49047 1
49048 2
49049 0
49050 1
49051 3
49052 0
49053 3
49054 2
49055 3
49056 1
49057 2
49058 0
49059 1
49060 0
49061 2
49062 1
49063 2
49064 0
49065 1
49066 0
49067 1
49068 2
49069 0
49070 2
49071 0
49072 1
49073 2
49074 0
49075 2
49076 1
49077 0
49078 2
49079 0
49080 2
49081 1
49082 2
49083 1
49084 0
49085 1
49086 0
49087 1
49088 0
49089 2
49090 1
49091 3
49092 2
49093 0
49094 2
49095 3
49096 0
49097 1
49098 0
49099 3
49100 2
49101 3
49102 4
49103 2
49104 1
49105 2
49106 1
49107 0
49108 2
49109 0
49110 1
49111 2
49112 1
49113 0
49114 2
49115 1
49116 2
49117 0
49118 1
49119 0
49120 1
49121 2
49122 1
49123 0
49124 2
49125 0
49126 1
49127 0
49128 1
49129 2
49130 0
49131 3
49132 1
49133 2
49134 0
49135 2
49136 0
49137 2
49138 1
49139 0
49140 2
49141 0
49142 2
49143 0
49144 1
49145 0
49146 2
49147 0
49148 1
49149 2
49150 0
49151 1
49152 2
49153 0
49154 1
49155 2
49156 1
49157 0
49158 1
49159 0
49160 1
49161 2
49162 3
49163 0
49164 2
49165 0
49166 1
49167 2
49168 3
49169 1
49170 0
49171 1
49172 0
49173 2
49174 1
49175 2
49176 3
49177 0
49178 3
49179 2
49180 0
49181 1
49182 0
49183 3
49184 2
49185 1
49186 0
49187 1
49188 0
49189 2
49190 0
49191 1
49192 3
49193 2
49194 1
49195 0
49196 2
49197 1
49198 0
49199 2
49200 1
49201 0
49202 1
49203 2
49204 1
49205 3
49206 1
49207 3
49208 2
49209 1
49210 2
49211 0
49212 1
49213 0
49214 1
49215 0
49216 1
49217 0
49218 1
49219 0
49220 1
49221 2
49222 0
49223 1
49224 2
49225 0
49226 1
49227 0
49228 1
49229 0
49230 3
49231 1
49232 0
49233 2
49234 1
49235 2
49236 0
49237 2
49238 1
49239 2
49240 1
49241 2
49242 0
49243 1
49244 2
49245 0
49246 1
49247 0
49248 1
49249 2
49250 0
49251 2
49252 1
49253 0
49254 1
49255 2
49256 1
49257 0
49258 2
49259 1
49260 2
49261 0
49262 2
49263 1
49264 2
49265 0
49266 2
49267 1
49268 2
49269 1
49270 3
49271 2
49272 1
49273 0
49274 2
49275 0
49276 2
49277 1
49278 3
49279 2
49280 0
49281 2
49282 1
49283 2
49284 1
49285 2
49286 0
49287 2
49288 0
49289 1
49290 2
49291 0
49292 1
49293 2
49294 1
49295 0
49296 1
49297 0
49298 3
49299 2
49300 1
49301 2
49302 0
49303 1
49304 0
49305 1
49306 3
49307 1
49308 2
49309 0
49310 1
49311 2
49312 1
49313 0
49314 1
49315 0
49316 3
49317 2
49318 0
49319 1
49320 0
49321 2
49322 1
49323 0
49324 2
49325 1
49326 0
49327 1
49328 0
49329 2
49330 1
49331 0
49332 1
49333 2
49334 3
49335 1
49336 0
49337 3
49338 1
49339 3
49340 2
49341 0
49342 1
49343 0
49344 2
49345 1
49346 0
49347 1
49348 2
49349 0
49350 3
49351 2
49352 1
49353 2
49354 0
49355 1
49356 3
49357 1
49358 2
49359 0
49360 1
49361 0
49362 1
49363 3
49364 1
49365 0
49366 2
49367 1
49368 2
49369 1
49370 0
49371 1
49372 2
49373 3
49374 2
49375 0
49376 1
49377 0
49378 1
49379 0
49380 1
49381 0
49382 1
49383 2
49384 0
49385 2
49386 1
49387 0
49388 1
49389 2
49390 0
49391 1
49392 0
49393 1
49394 2
49395 3
49396 0
49397 2
49398 1
49399 3
49400 2
49401 1
49402 0
49403 1
49404 0
49405 2
49406 1
49407 2
49408 0
49409 2
49410 1
49411 0
49412 1
49413 0
49414 2
49415 1
49416 2
49417 3
49418 1
49419 2
49420 0
49421 2
49422 1
49423 2
49424 1
49425 0
49426 2
49427 0
49428 1
49429 2
49430 0
49431 1
49432 2
49433 1
49434 2
49435 1
49436 2
49437 0
49438 2
49439 1
49440 2
49441 1
49442 0
49443 1
49444 2
49445 1
49446 3
49447 0
49448 2
49449 3
49450 0
49451 1
49452 0
49453 2
49454 0
49455 1
49456 2
49457 0
49458 1
49459 0
49460 3
49461 1
49462 0
49463 2
49464 1
49465 2
49466 0
49467 2
49468 0
49469 1
49470 0
49471 2
49472 0
49473 1
49474 2
49475 0
49476 2
49477 1
49478 3
49479 2
49480 0
49481 1
49482 2
49483 0
49484 1
49485 0
49486 1
49487 0
49488 1
49489 0
49490 2
49491 1
49492 0
49493 2
49494 0
49495 1
49496 2
49497 0
49498 3
49499 2
49500 0
49501 2
49502 1
49503 2
49504 3
49505 1
49506 2
49507 0
49508 2
49509 1
49510 0
49511 1
49512 2
49513 1
49514 0
49515 1
49516 0
49517 1
49518 2
49519 1
49520 0
49521 1
49522 0
49523 2
49524 3
49525 0
49526 1
49527 2
49528 1
49529 0
49530 1
49531 2
49532 1
49533 0
49534 3
49535 1
49536 0
49537 1
49538 2
49539 0
49540 2
49541 0
49542 1
49543 0
49544 1
49545 2
49546 0
49547 2
49548 1
49549 0
49550 1
49551 0
49552 1
49553 2
49554 0
49555 2
49556 1
49557 0
49558 1
49559 0
49560 1
49561 2
49562 1
49563 0
49564 2
49565 1
49566 0
49567 2
49568 0
49569 3
49570 1
49571 2
49572 1
49573 0
49574 2
49575 1
49576 2
49577 1
49578 0
49579 2
49580 0
49581 1
49582 2
49583 1
49584 0
49585 3
49586 1
49587 0
49588 2
49589 1
49590 0
49591 1
49592 3
49593 1
49594 0
49595 1
49596 2
49597 1
49598 2
49599 0
49600 1
49601 0
49602 3
49603 0
49604 1
49605 2
49606 0
49607 2
49608 0
49609 2
49610 0
49611 2
49612 1
49613 0
49614 1
49615 3
49616 0
49617 1
49618 2
49619 0
49620 2
49621 1
49622 0
49623 2
49624 1
49625 2
49626 1
49627 2
49628 0
49629 1
49630 2
49631 1
49632 2
49633 3
49634 0
49635 2
49636 0
49637 1
49638 0
49639 1
49640 0
49641 2
49642 0
49643 2
49644 3
49645 2
49646 3
49647 2
49648 3
49649 2
49650 0
49651 1
49652 0
49653 1
49654 2
49655 1
49656 2
49657 0
49658 1
49659 2
49660 0
49661 2
49662 0
49663 1
49664 2
49665 1
49666 3
49667 0
49668 2
49669 3
49670 0
49671 2
49672 0
49673 1
49674 0
49675 1
49676 2
49677 1
49678 0
49679 3
49680 1
49681 2
49682 1
49683 0
49684 2
49685 1
49686 0
49687 1
49688 0
49689 1
49690 0
49691 1
49692 0
49693 1
49694 0
49695 2
49696 0
49697 2
49698 1
49699 2
49700 0
49701 1
49702 0
49703 1
49704 3
49705 2
49706 1
49707 0
49708 1
49709 0
49710 1
49711 0
49712 1
49713 0
49714 1
49715 0
49716 2
49717 1
49718 0
49719 1
49720 0
49721 1
49722 0
49723 2
49724 1
49725 2
49726 3
49727 0
49728 3
49729 2
49730 0
49731 1
49732 0
49733 1
49734 2
49735 3
49736 1
49737 2
49738 3
49739 1
49740 0
49741 1
49742 2
49743 1
49744 0
49745 1
49746 2
49747 1
49748 0
49749 1
49750 2
49751 0
49752 2
49753 3
49754 0
49755 2
49756 1
49757 0
49758 1
49759 2
49760 0
49761 1
49762 0
49763 2
49764 0
49765 1
49766 0
49767 1
49768 0
49769 1
49770 2
49771 1
49772 0
49773 3
49774 2
49775 1
49776 3
49777 0
49778 1
49779 0
49780 2
49781 0
49782 1
49783 2
49784 1
49785 2
49786 0
49787 3
49788 1
49789 2
49790 3
49791 0
49792 1
49793 2
49794 0
49795 2
49796 3
49797 0
49798 1
49799 0
49800 2
49801 1
49802 0
49803 1
49804 2
49805 1
49806 2
49807 0
49808 2
49809 1
49810 0
49811 2
49812 0
49813 1
49814 0
49815 1
49816 0
49817 2
49818 1
49819 2
49820 3
49821 1
49822 0
49823 1
49824 0
49825 3
49826 0
49827 2
49828 1
49829 0
49830 3
49831 0
49832 1
49833 0
49834 2
49835 1
49836 0
49837 2
49838 3
49839 0
49840 2
49841 3
49842 1
49843 2
49844 0
49845 3
49846 2
49847 1
49848 0
49849 2
49850 1
49851 2
49852 3
49853 0
49854 2
49855 1
49856 0
49857 1
49858 2
49859 1
49860 2
49861 1
49862 2
49863 0
49864 1
49865 2
49866 1
49867 0
49868 1
49869 2
49870 1
49871 0
49872 1
49873 2
49874 0
49875 2
49876 1
49877 0
49878 2
49879 1
49880 2
49881 1
49882 0
49883 1
49884 2
49885 1
49886 2
49887 3
49888 0
49889 1
49890 0
49891 2
49892 1
49893 0
49894 2
49895 1
49896 2
49897 1
49898 2
49899 1
49900 2
49901 1
49902 2
49903 1
49904 0
49905 1
49906 3
49907 1
49908 0
49909 1
49910 2
49911 0
49912 1
49913 0
49914 1
49915 2
49916 1
49917 0
49918 2
49919 0
49920 1
49921 3
49922 2
49923 1
49924 0
49925 1
49926 2
49927 1
49928 2
49929 1
49930 0
49931 2
49932 1
49933 0
49934 1
49935 3
49936 2
49937 1
49938 2
49939 1
49940 2
49941 0
49942 2
49943 1
49944 2
49945 0
49946 1
49947 0
49948 1
49949 2
49950 3
49951 1
49952 2
49953 1
49954 0
49955 1
49956 2
49957 0
49958 2
49959 1
49960 2
49961 1
49962 2
49963 1
49964 0
49965 2
49966 3
49967 1
49968 2
49969 0
49970 1
49971 0
49972 1
49973 2
49974 0
49975 2
49976 1
49977 0
49978 3
49979 0
49980 3
49981 2
49982 0
49983 1
49984 2
49985 0
49986 2
49987 0
49988 1
49989 0
49990 1
49991 0
49992 2
49993 1
49994 0
49995 1
49996 0
49997 1
49998 3
49999 1
Colors used: 5
Execution time: 24.619 ms
