Algorithm : Floyd-Warshall

Distance matrix:
0 2 3 4 6 7 5 4 6 7 8 10 6 8 9 10 12 10 8 10 11 12 14 10 12 13 14 16 14 12 14 15 16 18 14 16 17 18 20 18 16 18 19 20 22 18 20 21 22 24 22 20 22 23 24 26 22 24 25 26 28 26 24 26 27 28 30 26 28 29 30 32 30 28 30 31 32 34 30 32 33 34 36 34 32 34 35 36 38 34 36 37 38 40 38 36 38 39 40 42 38 40 41 42 44 42 40 42 43 44 46 42 44 45 46 48 46 44 46 47 48 50 46 48 49 50 52 50 48 50 51 52 54 50 52 53 54 56 54 52 54 55 56 58 54 56 57 58 60 58 56 58 59 60 62 58 60 61 62 64 62 60 62 63 64 66 62 64 65 66 68 66 64 66 67 68 70 66 68 69 70 72 70 68 70 71 72 74 70 72 73 74 76 74 72 74 75 76 78 74 76 77 78 80 78 76 78 79 80 82 78 80 81 82 84 82 80 82 83 84 86 82 84 85 86 88 86 84 86 87 88 90 86 88 89 90 92 90 88 90 91 92 94 90 92 93 94 96 94 92 94 95 96 98 94 96 97 98 100 98 96 98 99 100 102 98 100 101 102 104 102 100 102 103 104 106 102 104 105 106 108 106 104 106 107 108 110 106 108 109 110 112 110 108 110 111 112 114 110 112 113 114 116 114 112 114 115 116 118 114 116 117 118 120 118 116 118 119 120 122 118 120 121 122 124 122 120 122 123 124 126 122 124 125 126 128 126 124 126 127 128 130 126 128 129 130 132 130 128 130 131 132 134 130 132 133 134 136 134 132 134 135 136 138 134 136 137 138 140 138 136 138 139 140 142 138 140 141 142 144 142 140 142 143 144 146 142 144 145 146 148 146 144 146 147 148 150 146 148 149 150 152 150 148 150 151 152 154 150 152 153 154 156 154 152 154 155 156 158 154 156 157 158 160 158 156 158 159 160 162 158 160 161 162 164 162 160 162 163 164 166 162 164 165 166 168 166 164 166 167 168 170 166 168 169 170 172 170 168 170 171 172 174 170 172 173 174 176 174 172 174 175 176 178 174 176 177 178 180 178 176 178 179 180 182 178 180 181 182 184 182 180 182 183 184 186 182 184 185 186
INF 0 2 3 4 6 4 2 4 5 6 8 4 6 7 8 10 8 6 8 9 10 12 8 10 11 12 14 12 10 12 13 14 16 12 14 15 16 18 16 14 16 17 18 20 16 18 19 20 22 20 18 20 21 22 24 20 22 23 24 26 24 22 24 25 26 28 24 26 27 28 30 28 26 28 29 30 32 28 30 31 32 34 32 30 32 33 34 36 32 34 35 36 38 36 34 36 37 38 40 36 38 39 40 42 40 38 40 41 42 44 40 42 43 44 46 44 42 44 45 46 48 44 46 47 48 50 48 46 48 49 50 52 48 50 51 52 54 52 50 52 53 54 56 52 54 55 56 58 56 54 56 57 58 60 56 58 59 60 62 60 58 60 61 62 64 60 62 63 64 66 64 62 64 65 66 68 64 66 67 68 70 68 66 68 69 70 72 68 70 71 72 74 72 70 72 73 74 76 72 74 75 76 78 76 74 76 77 78 80 76 78 79 80 82 80 78 80 81 82 84 80 82 83 84 86 84 82 84 85 86 88 84 86 87 88 90 88 86 88 89 90 92 88 90 91 92 94 92 90 92 93 94 96 92 94 95 96 98 96 94 96 97 98 100 96 98 99 100 102 100 98 100 101 102 104 100 102 103 104 106 104 102 104 105 106 108 104 106 107 108 110 108 106 108 109 110 112 108 110 111 112 114 112 110 112 113 114 116 112 114 115 116 118 116 114 116 117 118 120 116 118 119 120 122 120 118 120 121 122 124 120 122 123 124 126 124 122 124 125 126 128 124 126 127 128 130 128 126 128 129 130 132 128 130 131 132 134 132 130 132 133 134 136 132 134 135 136 138 136 134 136 137 138 140 136 138 139 140 142 140 138 140 141 142 144 140 142 143 144 146 144 142 144 145 146 148 144 146 147 148 150 148 146 148 149 150 152 148 150 151 152 154 152 150 152 153 154 156 152 154 155 156 158 156 154 156 157 158 160 156 158 159 160 162 160 158 160 161 162 164 160 162 163 164 166 164 162 164 165 166 168 164 166 167 168 170 168 166 168 169 170 172 168 170 171 172 174 172 170 172 173 174 176 172 174 175 176 178 176 174 176 177 178 180 176 178 179 180 182 180 178 180 181 182 184 180 182 183 184
INF INF 0 2 3 4 2 1 3 4 5 7 3 5 6 7 9 7 5 7 8 9 11 7 9 10 11 13 11 9 11 12 13 15 11 13 14 15 17 15 13 15 16 17 19 15 17 18 19 21 19 17 19 20 21 23 19 21 22 23 25 23 21 23 24 25 27 23 25 26 27 29 27 25 27 28 29 31 27 29 30 31 33 31 29 31 32 33 35 31 33 34 35 37 35 33 35 36 37 39 35 37 38 39 41 39 37 39 40 41 43 39 41 42 43 45 43 41 43 44 45 47 43 45 46 47 49 47 45 47 48 49 51 47 49 50 51 53 51 49 51 52 53 55 51 53 54 55 57 55 53 55 56 57 59 55 57 58 59 61 59 57 59 60 61 63 59 61 62 63 65 63 61 63 64 65 67 63 65 66 67 69 67 65 67 68 69 71 67 69 70 71 73 71 69 71 72 73 75 71 73 74 75 77 75 73 75 76 77 79 75 77 78 79 81 79 77 79 80 81 83 79 81 82 83 85 83 81 83 84 85 87 83 85 86 87 89 87 85 87 88 89 91 87 89 90 91 93 91 89 91 92 93 95 91 93 94 95 97 95 93 95 96 97 99 95 97 98 99 101 99 97 99 100 101 103 99 101 102 103 105 103 101 103 104 105 107 103 105 106 107 109 107 105 107 108 109 111 107 109 110 111 113 111 109 111 112 113 115 111 113 114 115 117 115 113 115 116 117 119 115 117 118 119 121 119 117 119 120 121 123 119 121 122 123 125 123 121 123 124 125 127 123 125 126 127 129 127 125 127 128 129 131 127 129 130 131 133 131 129 131 132 133 135 131 133 134 135 137 135 133 135 136 137 139 135 137 138 139 141 139 137 139 140 141 143 139 141 142 143 145 143 141 143 144 145 147 143 145 146 147 149 147 145 147 148 149 151 147 149 150 151 153 151 149 151 152 153 155 151 153 154 155 157 155 153 155 156 157 159 155 157 158 159 161 159 157 159 160 161 163 159 161 162 163 165 163 161 163 164 165 167 163 165 166 167 169 167 165 167 168 169 171 167 169 170 171 173 171 169 171 172 173 175 171 173 174 175 177 175 173 175 176 177 179 175 177 178 179 181 179 177 179 180 181 183 179 181 182 183
INF INF INF 0 2 3 1 0 2 3 4 6 2 4 5 6 8 6 4 6 7 8 10 6 8 9 10 12 10 8 10 11 12 14 10 12 13 14 16 14 12 14 15 16 18 14 16 17 18 20 18 16 18 19 20 22 18 20 21 22 24 22 20 22 23 24 26 22 24 25 26 28 26 24 26 27 28 30 26 28 29 30 32 30 28 30 31 32 34 30 32 33 34 36 34 32 34 35 36 38 34 36 37 38 40 38 36 38 39 40 42 38 40 41 42 44 42 40 42 43 44 46 42 44 45 46 48 46 44 46 47 48 50 46 48 49 50 52 50 48 50 51 52 54 50 52 53 54 56 54 52 54 55 56 58 54 56 57 58 60 58 56 58 59 60 62 58 60 61 62 64 62 60 62 63 64 66 62 64 65 66 68 66 64 66 67 68 70 66 68 69 70 72 70 68 70 71 72 74 70 72 73 74 76 74 72 74 75 76 78 74 76 77 78 80 78 76 78 79 80 82 78 80 81 82 84 82 80 82 83 84 86 82 84 85 86 88 86 84 86 87 88 90 86 88 89 90 92 90 88 90 91 92 94 90 92 93 94 96 94 92 94 95 96 98 94 96 97 98 100 98 96 98 99 100 102 98 100 101 102 104 102 100 102 103 104 106 102 104 105 106 108 106 104 106 107 108 110 106 108 109 110 112 110 108 110 111 112 114 110 112 113 114 116 114 112 114 115 116 118 114 116 117 118 120 118 116 118 119 120 122 118 120 121 122 124 122 120 122 123 124 126 122 124 125 126 128 126 124 126 127 128 130 126 128 129 130 132 130 128 130 131 132 134 130 132 133 134 136 134 132 134 135 136 138 134 136 137 138 140 138 136 138 139 140 142 138 140 141 142 144 142 140 142 143 144 146 142 144 145 146 148 146 144 146 147 148 150 146 148 149 150 152 150 148 150 151 152 154 150 152 153 154 156 154 152 154 155 156 158 154 156 157 158 160 158 156 158 159 160 162 158 160 161 162 164 162 160 162 163 164 166 162 164 165 166 168 166 164 166 167 168 170 166 168 169 170 172 170 168 170 171 172 174 170 172 173 174 176 174 172 174 175 176 178 174 176 177 178 180 178 176 178 179 180 182 178 180 181 182
INF INF INF INF 0 2 0 -2 0 1 2 4 0 2 3 4 6 4 2 4 5 6 8 4 6 7 8 10 8 6 8 9 10 12 8 10 11 12 14 12 10 12 13 14 16 12 14 15 16 18 16 14 16 17 18 20 16 18 19 20 22 20 18 20 21 22 24 20 22 23 24 26 24 22 24 25 26 28 24 26 27 28 30 28 26 28 29 30 32 28 30 31 32 34 32 30 32 33 34 36 32 34 35 36 38 36 34 36 37 38 40 36 38 39 40 42 40 38 40 41 42 44 40 42 43 44 46 44 42 44 45 46 48 44 46 47 48 50 48 46 48 49 50 52 48 50 51 52 54 52 50 52 53 54 56 52 54 55 56 58 56 54 56 57 58 60 56 58 59 60 62 60 58 60 61 62 64 60 62 63 64 66 64 62 64 65 66 68 64 66 67 68 70 68 66 68 69 70 72 68 70 71 72 74 72 70 72 73 74 76 72 74 75 76 78 76 74 76 77 78 80 76 78 79 80 82 80 78 80 81 82 84 80 82 83 84 86 84 82 84 85 86 88 84 86 87 88 90 88 86 88 89 90 92 88 90 91 92 94 92 90 92 93 94 96 92 94 95 96 98 96 94 96 97 98 100 96 98 99 100 102 100 98 100 101 102 104 100 102 103 104 106 104 102 104 105 106 108 104 106 107 108 110 108 106 108 109 110 112 108 110 111 112 114 112 110 112 113 114 116 112 114 115 116 118 116 114 116 117 118 120 116 118 119 120 122 120 118 120 121 122 124 120 122 123 124 126 124 122 124 125 126 128 124 126 127 128 130 128 126 128 129 130 132 128 130 131 132 134 132 130 132 133 134 136 132 134 135 136 138 136 134 136 137 138 140 136 138 139 140 142 140 138 140 141 142 144 140 142 143 144 146 144 142 144 145 146 148 144 146 147 148 150 148 146 148 149 150 152 148 150 151 152 154 152 150 152 153 154 156 152 154 155 156 158 156 154 156 157 158 160 156 158 159 160 162 160 158 160 161 162 164 160 162 163 164 166 164 162 164 165 166 168 164 166 167 168 170 168 166 168 169 170 172 168 170 171 172 174 172 170 172 173 174 176 172 174 175 176 178 176 174 176 177 178 180 176 178 179 180
INF INF INF INF INF 0 -2 0 1 2 4 5 2 4 5 6 8 6 4 6 7 8 10 6 8 9 10 12 10 8 10 11 12 14 10 12 13 14 16 14 12 14 15 16 18 14 16 17 18 20 18 16 18 19 20 22 18 20 21 22 24 22 20 22 23 24 26 22 24 25 26 28 26 24 26 27 28 30 26 28 29 30 32 30 28 30 31 32 34 30 32 33 34 36 34 32 34 35 36 38 34 36 37 38 40 38 36 38 39 40 42 38 40 41 42 44 42 40 42 43 44 46 42 44 45 46 48 46 44 46 47 48 50 46 48 49 50 52 50 48 50 51 52 54 50 52 53 54 56 54 52 54 55 56 58 54 56 57 58 60 58 56 58 59 60 62 58 60 61 62 64 62 60 62 63 64 66 62 64 65 66 68 66 64 66 67 68 70 66 68 69 70 72 70 68 70 71 72 74 70 72 73 74 76 74 72 74 75 76 78 74 76 77 78 80 78 76 78 79 80 82 78 80 81 82 84 82 80 82 83 84 86 82 84 85 86 88 86 84 86 87 88 90 86 88 89 90 92 90 88 90 91 92 94 90 92 93 94 96 94 92 94 95 96 98 94 96 97 98 100 98 96 98 99 100 102 98 100 101 102 104 102 100 102 103 104 106 102 104 105 106 108 106 104 106 107 108 110 106 108 109 110 112 110 108 110 111 112 114 110 112 113 114 116 114 112 114 115 116 118 114 116 117 118 120 118 116 118 119 120 122 118 120 121 122 124 122 120 122 123 124 126 122 124 125 126 128 126 124 126 127 128 130 126 128 129 130 132 130 128 130 131 132 134 130 132 133 134 136 134 132 134 135 136 138 134 136 137 138 140 138 136 138 139 140 142 138 140 141 142 144 142 140 142 143 144 146 142 144 145 146 148 146 144 146 147 148 150 146 148 149 150 152 150 148 150 151 152 154 150 152 153 154 156 154 152 154 155 156 158 154 156 157 158 160 158 156 158 159 160 162 158 160 161 162 164 162 160 162 163 164 166 162 164 165 166 168 166 164 166 167 168 170 166 168 169 170 172 170 168 170 171 172 174 170 172 173 174 176 174 172 174 175 176 178 174 176 177 178 180 178 176 178 179 180 182 178 180 181 182
INF INF INF INF INF INF 0 2 3 4 6 7 4 6 7 8 10 8 6 8 9 10 12 8 10 11 12 14 12 10 12 13 14 16 12 14 15 16 18 16 14 16 17 18 20 16 18 19 20 22 20 18 20 21 22 24 20 22 23 24 26 24 22 24 25 26 28 24 26 27 28 30 28 26 28 29 30 32 28 30 31 32 34 32 30 32 33 34 36 32 34 35 36 38 36 34 36 37 38 40 36 38 39 40 42 40 38 40 41 42 44 40 42 43 44 46 44 42 44 45 46 48 44 46 47 48 50 48 46 48 49 50 52 48 50 51 52 54 52 50 52 53 54 56 52 54 55 56 58 56 54 56 57 58 60 56 58 59 60 62 60 58 60 61 62 64 60 62 63 64 66 64 62 64 65 66 68 64 66 67 68 70 68 66 68 69 70 72 68 70 71 72 74 72 70 72 73 74 76 72 74 75 76 78 76 74 76 77 78 80 76 78 79 80 82 80 78 80 81 82 84 80 82 83 84 86 84 82 84 85 86 88 84 86 87 88 90 88 86 88 89 90 92 88 90 91 92 94 92 90 92 93 94 96 92 94 95 96 98 96 94 96 97 98 100 96 98 99 100 102 100 98 100 101 102 104 100 102 103 104 106 104 102 104 105 106 108 104 106 107 108 110 108 106 108 109 110 112 108 110 111 112 114 112 110 112 113 114 116 112 114 115 116 118 116 114 116 117 118 120 116 118 119 120 122 120 118 120 121 122 124 120 122 123 124 126 124 122 124 125 126 128 124 126 127 128 130 128 126 128 129 130 132 128 130 131 132 134 132 130 132 133 134 136 132 134 135 136 138 136 134 136 137 138 140 136 138 139 140 142 140 138 140 141 142 144 140 142 143 144 146 144 142 144 145 146 148 144 146 147 148 150 148 146 148 149 150 152 148 150 151 152 154 152 150 152 153 154 156 152 154 155 156 158 156 154 156 157 158 160 156 158 159 160 162 160 158 160 161 162 164 160 162 163 164 166 164 162 164 165 166 168 164 166 167 168 170 168 166 168 169 170 172 168 170 171 172 174 172 170 172 173 174 176 172 174 175 176 178 176 174 176 177 178 180 176 178 179 180 182 180 178 180 181 182 184 180 182 183 184
INF INF INF INF INF INF INF 0 2 3 4 6 2 4 5 6 8 6 4 6 7 8 10 6 8 9 10 12 10 8 10 11 12 14 10 12 13 14 16 14 12 14 15 16 18 14 16 17 18 20 18 16 18 19 20 22 18 20 21 22 24 22 20 22 23 24 26 22 24 25 26 28 26 24 26 27 28 30 26 28 29 30 32 30 28 30 31 32 34 30 32 33 34 36 34 32 34 35 36 38 34 36 37 38 40 38 36 38 39 40 42 38 40 41 42 44 42 40 42 43 44 46 42 44 45 46 48 46 44 46 47 48 50 46 48 49 50 52 50 48 50 51 52 54 50 52 53 54 56 54 52 54 55 56 58 54 56 57 58 60 58 56 58 59 60 62 58 60 61 62 64 62 60 62 63 64 66 62 64 65 66 68 66 64 66 67 68 70 66 68 69 70 72 70 68 70 71 72 74 70 72 73 74 76 74 72 74 75 76 78 74 76 77 78 80 78 76 78 79 80 82 78 80 81 82 84 82 80 82 83 84 86 82 84 85 86 88 86 84 86 87 88 90 86 88 89 90 92 90 88 90 91 92 94 90 92 93 94 96 94 92 94 95 96 98 94 96 97 98 100 98 96 98 99 100 102 98 100 101 102 104 102 100 102 103 104 106 102 104 105 106 108 106 104 106 107 108 110 106 108 109 110 112 110 108 110 111 112 114 110 112 113 114 116 114 112 114 115 116 118 114 116 117 118 120 118 116 118 119 120 122 118 120 121 122 124 122 120 122 123 124 126 122 124 125 126 128 126 124 126 127 128 130 126 128 129 130 132 130 128 130 131 132 134 130 132 133 134 136 134 132 134 135 136 138 134 136 137 138 140 138 136 138 139 140 142 138 140 141 142 144 142 140 142 143 144 146 142 144 145 146 148 146 144 146 147 148 150 146 148 149 150 152 150 148 150 151 152 154 150 152 153 154 156 154 152 154 155 156 158 154 156 157 158 160 158 156 158 159 160 162 158 160 161 162 164 162 160 162 163 164 166 162 164 165 166 168 166 164 166 167 168 170 166 168 169 170 172 170 168 170 171 172 174 170 172 173 174 176 174 172 174 175 176 178 174 176 177 178 180 178 176 178 179 180 182 178 180 181 182
INF INF INF INF INF INF INF INF 0 2 3 4 1 3 4 5 7 5 3 5 6 7 9 5 7 8 9 11 9 7 9 10 11 13 9 11 12 13 15 13 11 13 14 15 17 13 15 16 17 19 17 15 17 18 19 21 17 19 20 21 23 21 19 21 22 23 25 21 23 24 25 27 25 23 25 26 27 29 25 27 28 29 31 29 27 29 30 31 33 29 31 32 33 35 33 31 33 34 35 37 33 35 36 37 39 37 35 37 38 39 41 37 39 40 41 43 41 39 41 42 43 45 41 43 44 45 47 45 43 45 46 47 49 45 47 48 49 51 49 47 49 50 51 53 49 51 52 53 55 53 51 53 54 55 57 53 55 56 57 59 57 55 57 58 59 61 57 59 60 61 63 61 59 61 62 63 65 61 63 64 65 67 65 63 65 66 67 69 65 67 68 69 71 69 67 69 70 71 73 69 71 72 73 75 73 71 73 74 75 77 73 75 76 77 79 77 75 77 78 79 81 77 79 80 81 83 81 79 81 82 83 85 81 83 84 85 87 85 83 85 86 87 89 85 87 88 89 91 89 87 89 90 91 93 89 91 92 93 95 93 91 93 94 95 97 93 95 96 97 99 97 95 97 98 99 101 97 99 100 101 103 101 99 101 102 103 105 101 103 104 105 107 105 103 105 106 107 109 105 107 108 109 111 109 107 109 110 111 113 109 111 112 113 115 113 111 113 114 115 117 113 115 116 117 119 117 115 117 118 119 121 117 119 120 121 123 121 119 121 122 123 125 121 123 124 125 127 125 123 125 126 127 129 125 127 128 129 131 129 127 129 130 131 133 129 131 132 133 135 133 131 133 134 135 137 133 135 136 137 139 137 135 137 138 139 141 137 139 140 141 143 141 139 141 142 143 145 141 143 144 145 147 145 143 145 146 147 149 145 147 148 149 151 149 147 149 150 151 153 149 151 152 153 155 153 151 153 154 155 157 153 155 156 157 159 157 155 157 158 159 161 157 159 160 161 163 161 159 161 162 163 165 161 163 164 165 167 165 163 165 166 167 169 165 167 168 169 171 169 167 169 170 171 173 169 171 172 173 175 173 171 173 174 175 177 173 175 176 177 179 177 175 177 178 179 181 177 179 180 181
INF INF INF INF INF INF INF INF INF 0 2 3 0 2 3 4 6 4 2 4 5 6 8 4 6 7 8 10 8 6 8 9 10 12 8 10 11 12 14 12 10 12 13 14 16 12 14 15 16 18 16 14 16 17 18 20 16 18 19 20 22 20 18 20 21 22 24 20 22 23 24 26 24 22 24 25 26 28 24 26 27 28 30 28 26 28 29 30 32 28 30 31 32 34 32 30 32 33 34 36 32 34 35 36 38 36 34 36 37 38 40 36 38 39 40 42 40 38 40 41 42 44 40 42 43 44 46 44 42 44 45 46 48 44 46 47 48 50 48 46 48 49 50 52 48 50 51 52 54 52 50 52 53 54 56 52 54 55 56 58 56 54 56 57 58 60 56 58 59 60 62 60 58 60 61 62 64 60 62 63 64 66 64 62 64 65 66 68 64 66 67 68 70 68 66 68 69 70 72 68 70 71 72 74 72 70 72 73 74 76 72 74 75 76 78 76 74 76 77 78 80 76 78 79 80 82 80 78 80 81 82 84 80 82 83 84 86 84 82 84 85 86 88 84 86 87 88 90 88 86 88 89 90 92 88 90 91 92 94 92 90 92 93 94 96 92 94 95 96 98 96 94 96 97 98 100 96 98 99 100 102 100 98 100 101 102 104 100 102 103 104 106 104 102 104 105 106 108 104 106 107 108 110 108 106 108 109 110 112 108 110 111 112 114 112 110 112 113 114 116 112 114 115 116 118 116 114 116 117 118 120 116 118 119 120 122 120 118 120 121 122 124 120 122 123 124 126 124 122 124 125 126 128 124 126 127 128 130 128 126 128 129 130 132 128 130 131 132 134 132 130 132 133 134 136 132 134 135 136 138 136 134 136 137 138 140 136 138 139 140 142 140 138 140 141 142 144 140 142 143 144 146 144 142 144 145 146 148 144 146 147 148 150 148 146 148 149 150 152 148 150 151 152 154 152 150 152 153 154 156 152 154 155 156 158 156 154 156 157 158 160 156 158 159 160 162 160 158 160 161 162 164 160 162 163 164 166 164 162 164 165 166 168 164 166 167 168 170 168 166 168 169 170 172 168 170 171 172 174 172 170 172 173 174 176 172 174 175 176 178 176 174 176 177 178 180 176 178 179 180
INF INF INF INF INF INF INF INF INF INF 0 2 -2 0 1 2 4 2 0 2 3 4 6 2 4 5 6 8 6 4 6 7 8 10 6 8 9 10 12 10 8 10 11 12 14 10 12 13 14 16 14 12 14 15 16 18 14 16 17 18 20 18 16 18 19 20 22 18 20 21 22 24 22 20 22 23 24 26 22 24 25 26 28 26 24 26 27 28 30 26 28 29 30 32 30 28 30 31 32 34 30 32 33 34 36 34 32 34 35 36 38 34 36 37 38 40 38 36 38 39 40 42 38 40 41 42 44 42 40 42 43 44 46 42 44 45 46 48 46 44 46 47 48 50 46 48 49 50 52 50 48 50 51 52 54 50 52 53 54 56 54 52 54 55 56 58 54 56 57 58 60 58 56 58 59 60 62 58 60 61 62 64 62 60 62 63 64 66 62 64 65 66 68 66 64 66 67 68 70 66 68 69 70 72 70 68 70 71 72 74 70 72 73 74 76 74 72 74 75 76 78 74 76 77 78 80 78 76 78 79 80 82 78 80 81 82 84 82 80 82 83 84 86 82 84 85 86 88 86 84 86 87 88 90 86 88 89 90 92 90 88 90 91 92 94 90 92 93 94 96 94 92 94 95 96 98 94 96 97 98 100 98 96 98 99 100 102 98 100 101 102 104 102 100 102 103 104 106 102 104 105 106 108 106 104 106 107 108 110 106 108 109 110 112 110 108 110 111 112 114 110 112 113 114 116 114 112 114 115 116 118 114 116 117 118 120 118 116 118 119 120 122 118 120 121 122 124 122 120 122 123 124 126 122 124 125 126 128 126 124 126 127 128 130 126 128 129 130 132 130 128 130 131 132 134 130 132 133 134 136 134 132 134 135 136 138 134 136 137 138 140 138 136 138 139 140 142 138 140 141 142 144 142 140 142 143 144 146 142 144 145 146 148 146 144 146 147 148 150 146 148 149 150 152 150 148 150 151 152 154 150 152 153 154 156 154 152 154 155 156 158 154 156 157 158 160 158 156 158 159 160 162 158 160 161 162 164 162 160 162 163 164 166 162 164 165 166 168 166 164 166 167 168 170 166 168 169 170 172 170 168 170 171 172 174 170 172 173 174 176 174 172 174 175 176 178 174 176 177 178
INF INF INF INF INF INF INF INF INF INF INF 0 2 3 4 6 7 5 4 6 7 8 10 6 8 9 10 12 10 8 10 11 12 14 10 12 13 14 16 14 12 14 15 16 18 14 16 17 18 20 18 16 18 19 20 22 18 20 21 22 24 22 20 22 23 24 26 22 24 25 26 28 26 24 26 27 28 30 26 28 29 30 32 30 28 30 31 32 34 30 32 33 34 36 34 32 34 35 36 38 34 36 37 38 40 38 36 38 39 40 42 38 40 41 42 44 42 40 42 43 44 46 42 44 45 46 48 46 44 46 47 48 50 46 48 49 50 52 50 48 50 51 52 54 50 52 53 54 56 54 52 54 55 56 58 54 56 57 58 60 58 56 58 59 60 62 58 60 61 62 64 62 60 62 63 64 66 62 64 65 66 68 66 64 66 67 68 70 66 68 69 70 72 70 68 70 71 72 74 70 72 73 74 76 74 72 74 75 76 78 74 76 77 78 80 78 76 78 79 80 82 78 80 81 82 84 82 80 82 83 84 86 82 84 85 86 88 86 84 86 87 88 90 86 88 89 90 92 90 88 90 91 92 94 90 92 93 94 96 94 92 94 95 96 98 94 96 97 98 100 98 96 98 99 100 102 98 100 101 102 104 102 100 102 103 104 106 102 104 105 106 108 106 104 106 107 108 110 106 108 109 110 112 110 108 110 111 112 114 110 112 113 114 116 114 112 114 115 116 118 114 116 117 118 120 118 116 118 119 120 122 118 120 121 122 124 122 120 122 123 124 126 122 124 125 126 128 126 124 126 127 128 130 126 128 129 130 132 130 128 130 131 132 134 130 132 133 134 136 134 132 134 135 136 138 134 136 137 138 140 138 136 138 139 140 142 138 140 141 142 144 142 140 142 143 144 146 142 144 145 146 148 146 144 146 147 148 150 146 148 149 150 152 150 148 150 151 152 154 150 152 153 154 156 154 152 154 155 156 158 154 156 157 158 160 158 156 158 159 160 162 158 160 161 162 164 162 160 162 163 164 166 162 164 165 166 168 166 164 166 167 168 170 166 168 169 170 172 170 168 170 171 172 174 170 172 173 174 176 174 172 174 175 176 178 174 176 177 178 180 178 176 178 179 180 182 178 180 181 182
INF INF INF INF INF INF INF INF INF INF INF INF 0 2 3 4 6 4 2 4 5 6 8 4 6 7 8 10 8 6 8 9 10 12 8 10 11 12 14 12 10 12 13 14 16 12 14 15 16 18 16 14 16 17 18 20 16 18 19 20 22 20 18 20 21 22 24 20 22 23 24 26 24 22 24 25 26 28 24 26 27 28 30 28 26 28 29 30 32 28 30 31 32 34 32 30 32 33 34 36 32 34 35 36 38 36 34 36 37 38 40 36 38 39 40 42 40 38 40 41 42 44 40 42 43 44 46 44 42 44 45 46 48 44 46 47 48 50 48 46 48 49 50 52 48 50 51 52 54 52 50 52 53 54 56 52 54 55 56 58 56 54 56 57 58 60 56 58 59 60 62 60 58 60 61 62 64 60 62 63 64 66 64 62 64 65 66 68 64 66 67 68 70 68 66 68 69 70 72 68 70 71 72 74 72 70 72 73 74 76 72 74 75 76 78 76 74 76 77 78 80 76 78 79 80 82 80 78 80 81 82 84 80 82 83 84 86 84 82 84 85 86 88 84 86 87 88 90 88 86 88 89 90 92 88 90 91 92 94 92 90 92 93 94 96 92 94 95 96 98 96 94 96 97 98 100 96 98 99 100 102 100 98 100 101 102 104 100 102 103 104 106 104 102 104 105 106 108 104 106 107 108 110 108 106 108 109 110 112 108 110 111 112 114 112 110 112 113 114 116 112 114 115 116 118 116 114 116 117 118 120 116 118 119 120 122 120 118 120 121 122 124 120 122 123 124 126 124 122 124 125 126 128 124 126 127 128 130 128 126 128 129 130 132 128 130 131 132 134 132 130 132 133 134 136 132 134 135 136 138 136 134 136 137 138 140 136 138 139 140 142 140 138 140 141 142 144 140 142 143 144 146 144 142 144 145 146 148 144 146 147 148 150 148 146 148 149 150 152 148 150 151 152 154 152 150 152 153 154 156 152 154 155 156 158 156 154 156 157 158 160 156 158 159 160 162 160 158 160 161 162 164 160 162 163 164 166 164 162 164 165 166 168 164 166 167 168 170 168 166 168 169 170 172 168 170 171 172 174 172 170 172 173 174 176 172 174 175 176 178 176 174 176 177 178 180 176 178 179 180
INF INF INF INF INF INF INF INF INF INF INF INF INF 0 2 3 4 2 1 3 4 5 7 3 5 6 7 9 7 5 7 8 9 11 7 9 10 11 13 11 9 11 12 13 15 11 13 14 15 17 15 13 15 16 17 19 15 17 18 19 21 19 17 19 20 21 23 19 21 22 23 25 23 21 23 24 25 27 23 25 26 27 29 27 25 27 28 29 31 27 29 30 31 33 31 29 31 32 33 35 31 33 34 35 37 35 33 35 36 37 39 35 37 38 39 41 39 37 39 40 41 43 39 41 42 43 45 43 41 43 44 45 47 43 45 46 47 49 47 45 47 48 49 51 47 49 50 51 53 51 49 51 52 53 55 51 53 54 55 57 55 53 55 56 57 59 55 57 58 59 61 59 57 59 60 61 63 59 61 62 63 65 63 61 63 64 65 67 63 65 66 67 69 67 65 67 68 69 71 67 69 70 71 73 71 69 71 72 73 75 71 73 74 75 77 75 73 75 76 77 79 75 77 78 79 81 79 77 79 80 81 83 79 81 82 83 85 83 81 83 84 85 87 83 85 86 87 89 87 85 87 88 89 91 87 89 90 91 93 91 89 91 92 93 95 91 93 94 95 97 95 93 95 96 97 99 95 97 98 99 101 99 97 99 100 101 103 99 101 102 103 105 103 101 103 104 105 107 103 105 106 107 109 107 105 107 108 109 111 107 109 110 111 113 111 109 111 112 113 115 111 113 114 115 117 115 113 115 116 117 119 115 117 118 119 121 119 117 119 120 121 123 119 121 122 123 125 123 121 123 124 125 127 123 125 126 127 129 127 125 127 128 129 131 127 129 130 131 133 131 129 131 132 133 135 131 133 134 135 137 135 133 135 136 137 139 135 137 138 139 141 139 137 139 140 141 143 139 141 142 143 145 143 141 143 144 145 147 143 145 146 147 149 147 145 147 148 149 151 147 149 150 151 153 151 149 151 152 153 155 151 153 154 155 157 155 153 155 156 157 159 155 157 158 159 161 159 157 159 160 161 163 159 161 162 163 165 163 161 163 164 165 167 163 165 166 167 169 167 165 167 168 169 171 167 169 170 171 173 171 169 171 172 173 175 171 173 174 175 177 175 173 175 176 177 179 175 177 178 179
INF INF INF INF INF INF INF INF INF INF INF INF INF INF 0 2 3 1 0 2 3 4 6 2 4 5 6 8 6 4 6 7 8 10 6 8 9 10 12 10 8 10 11 12 14 10 12 13 14 16 14 12 14 15 16 18 14 16 17 18 20 18 16 18 19 20 22 18 20 21 22 24 22 20 22 23 24 26 22 24 25 26 28 26 24 26 27 28 30 26 28 29 30 32 30 28 30 31 32 34 30 32 33 34 36 34 32 34 35 36 38 34 36 37 38 40 38 36 38 39 40 42 38 40 41 42 44 42 40 42 43 44 46 42 44 45 46 48 46 44 46 47 48 50 46 48 49 50 52 50 48 50 51 52 54 50 52 53 54 56 54 52 54 55 56 58 54 56 57 58 60 58 56 58 59 60 62 58 60 61 62 64 62 60 62 63 64 66 62 64 65 66 68 66 64 66 67 68 70 66 68 69 70 72 70 68 70 71 72 74 70 72 73 74 76 74 72 74 75 76 78 74 76 77 78 80 78 76 78 79 80 82 78 80 81 82 84 82 80 82 83 84 86 82 84 85 86 88 86 84 86 87 88 90 86 88 89 90 92 90 88 90 91 92 94 90 92 93 94 96 94 92 94 95 96 98 94 96 97 98 100 98 96 98 99 100 102 98 100 101 102 104 102 100 102 103 104 106 102 104 105 106 108 106 104 106 107 108 110 106 108 109 110 112 110 108 110 111 112 114 110 112 113 114 116 114 112 114 115 116 118 114 116 117 118 120 118 116 118 119 120 122 118 120 121 122 124 122 120 122 123 124 126 122 124 125 126 128 126 124 126 127 128 130 126 128 129 130 132 130 128 130 131 132 134 130 132 133 134 136 134 132 134 135 136 138 134 136 137 138 140 138 136 138 139 140 142 138 140 141 142 144 142 140 142 143 144 146 142 144 145 146 148 146 144 146 147 148 150 146 148 149 150 152 150 148 150 151 152 154 150 152 153 154 156 154 152 154 155 156 158 154 156 157 158 160 158 156 158 159 160 162 158 160 161 162 164 162 160 162 163 164 166 162 164 165 166 168 166 164 166 167 168 170 166 168 169 170 172 170 168 170 171 172 174 170 172 173 174 176 174 172 174 175 176 178 174 176 177 178
INF INF INF INF INF INF INF INF INF INF INF INF INF INF INF 0 2 0 -2 0 1 2 4 0 2 3 4 6 4 2 4 5 6 8 4 6 7 8 10 8 6 8 9 10 12 8 10 11 12 14 12 10 12 13 14 16 12 14 15 16 18 16 14 16 17 18 20 16 18 19 20 22 20 18 20 21 22 24 20 22 23 24 26 24 22 24 25 26 28 24 26 27 28 30 28 26 28 29 30 32 28 30 31 32 34 32 30 32 33 34 36 32 34 35 36 38 36 34 36 37 38 40 36 38 39 40 42 40 38 40 41 42 44 40 42 43 44 46 44 42 44 45 46 48 44 46 47 48 50 48 46 48 49 50 52 48 50 51 52 54 52 50 52 53 54 56 52 54 55 56 58 56 54 56 57 58 60 56 58 59 60 62 60 58 60 61 62 64 60 62 63 64 66 64 62 64 65 66 68 64 66 67 68 70 68 66 68 69 70 72 68 70 71 72 74 72 70 72 73 74 76 72 74 75 76 78 76 74 76 77 78 80 76 78 79 80 82 80 78 80 81 82 84 80 82 83 84 86 84 82 84 85 86 88 84 86 87 88 90 88 86 88 89 90 92 88 90 91 92 94 92 90 92 93 94 96 92 94 95 96 98 96 94 96 97 98 100 96 98 99 100 102 100 98 100 101 102 104 100 102 103 104 106 104 102 104 105 106 108 104 106 107 108 110 108 106 108 109 110 112 108 110 111 112 114 112 110 112 113 114 116 112 114 115 116 118 116 114 116 117 118 120 116 118 119 120 122 120 118 120 121 122 124 120 122 123 124 126 124 122 124 125 126 128 124 126 127 128 130 128 126 128 129 130 132 128 130 131 132 134 132 130 132 133 134 136 132 134 135 136 138 136 134 136 137 138 140 136 138 139 140 142 140 138 140 141 142 144 140 142 143 144 146 144 142 144 145 146 148 144 146 147 148 150 148 146 148 149 150 152 148 150 151 152 154 152 150 152 153 154 156 152 154 155 156 158 156 154 156 157 158 160 156 158 159 160 162 160 158 160 161 162 164 160 162 163 164 166 164 162 164 165 166 168 164 166 167 168 170 168 166 168 169 170 172 168 170 171 172 174 172 170 172 173 174 176 172 174 175 176
INF INF INF INF INF INF INF INF INF INF INF INF INF INF INF INF 0 -2 0 1 2 4 5 2 4 5 6 8 6 4 6 7 8 10 6 8 9 10 12 10 8 10 11 12 14 10 12 13 14 16 14 12 14 15 16 18 14 16 17 18 20 18 16 18 19 20 22 18 20 21 22 24 22 20 22 23 24 26 22 24 25 26 28 26 24 26 27 28 30 26 28 29 30 32 30 28 30 31 32 34 30 32 33 34 36 34 32 34 35 36 38 34 36 37 38 40 38 36 38 39 40 42 38 40 41 42 44 42 40 42 43 44 46 42 44 45 46 48 46 44 46 47 48 50 46 48 49 50 52 50 48 50 51 52 54 50 52 53 54 56 54 52 54 55 56 58 54 56 57 58 60 58 56 58 59 60 62 58 60 61 62 64 62 60 62 63 64 66 62 64 65 66 68 66 64 66 67 68 70 66 68 69 70 72 70 68 70 71 72 74 70 72 73 74 76 74 72 74 75 76 78 74 76 77 78 80 78 76 78 79 80 82 78 80 81 82 84 82 80 82 83 84 86 82 84 85 86 88 86 84 86 87 88 90 86 88 89 90 92 90 88 90 91 92 94 90 92 93 94 96 94 92 94 95 96 98 94 96 97 98 100 98 96 98 99 100 102 98 100 101 102 104 102 100 102 103 104 106 102 104 105 106 108 106 104 106 107 108 110 106 108 109 110 112 110 108 110 111 112 114 110 112 113 114 116 114 112 114 115 116 118 114 116 117 118 120 118 116 118 119 120 122 118 120 121 122 124 122 120 122 123 124 126 122 124 125 126 128 126 124 126 127 128 130 126 128 129 130 132 130 128 130 131 132 134 130 132 133 134 136 134 132 134 135 136 138 134 136 137 138 140 138 136 138 139 140 142 138 140 141 142 144 142 140 142 143 144 146 142 144 145 146 148 146 144 146 147 148 150 146 148 149 150 152 150 148 150 151 152 154 150 152 153 154 156 154 152 154 155 156 158 154 156 157 158 160 158 156 158 159 160 162 158 160 161 162 164 162 160 162 163 164 166 162 164 165 166 168 166 164 166 167 168 170 166 168 169 170 172 170 168 170 171 172 174 170 172 173 174 176 174 172 174 175 176 178 174 176 177 178
INF INF INF INF INF INF INF INF INF INF INF INF INF INF INF INF INF 0 2 3 4 6 7 4 6 7 8 10 8 6 8 9 10 12 8 10 11 12 14 12 10 12 13 14 16 12 14 15 16 18 16 14 16 17 18 20 16 18 19 20 22 20 18 20 21 22 24 20 22 23 24 26 24 22 24 25 26 28 24 26 27 28 30 28 26 28 29 30 32 28 30 31 32 34 32 30 32 33 34 36 32 34 35 36 38 36 34 36 37 38 40 36 38 39 40 42 40 38 40 41 42 44 40 42 43 44 46 44 42 44 45 46 48 44 46 47 48 50 48 46 48 49 50 52 48 50 51 52 54 52 50 52 53 54 56 52 54 55 56 58 56 54 56 57 58 60 56 58 59 60 62 60 58 60 61 62 64 60 62 63 64 66 64 62 64 65 66 68 64 66 67 68 70 68 66 68 69 70 72 68 70 71 72 74 72 70 72 73 74 76 72 74 75 76 78 76 74 76 77 78 80 76 78 79 80 82 80 78 80 81 82 84 80 82 83 84 86 84 82 84 85 86 88 84 86 87 88 90 88 86 88 89 90 92 88 90 91 92 94 92 90 92 93 94 96 92 94 95 96 98 96 94 96 97 98 100 96 98 99 100 102 100 98 100 101 102 104 100 102 103 104 106 104 102 104 105 106 108 104 106 107 108 110 108 106 108 109 110 112 108 110 111 112 114 112 110 112 113 114 116 112 114 115 116 118 116 114 116 117 118 120 116 118 119 120 122 120 118 120 121 122 124 120 122 123 124 126 124 122 124 125 126 128 124 126 127 128 130 128 126 128 129 130 132 128 130 131 132 134 132 130 132 133 134 136 132 134 135 136 138 136 134 136 137 138 140 136 138 139 140 142 140 138 140 141 142 144 140 142 143 144 146 144 142 144 145 146 148 144 146 147 148 150 148 146 148 149 150 152 148 150 151 152 154 152 150 152 153 154 156 152 154 155 156 158 156 154 156 157 158 160 156 158 159 160 162 160 158 160 161 162 164 160 162 163 164 166 164 162 164 165 166 168 164 166 167 168 170 168 166 168 169 170 172 168 170 171 172 174 172 170 172 173 174 176 172 174 175 176 178 176 174 176 177 178 180 176 178 179 180
INF INF INF INF INF INF INF INF INF INF INF INF INF INF INF INF INF INF 0 2 3 4 6 2 4 5 6 8 6 4 6 7 8 10 6 8 9 10 12 10 8 10 11 12 14 10 12 13 14 16 14 12 14 15 16 18 14 16 17 18 20 18 16 18 19 20 22 18 20 21 22 24 22 20 22 23 24 26 22 24 25 26 28 26 24 26 27 28 30 26 28 29 30 32 30 28 30 31 32 34 30 32 33 34 36 34 32 34 35 36 38 34 36 37 38 40 38 36 38 39 40 42 38 40 41 42 44 42 40 42 43 44 46 42 44 45 46 48 46 44 46 47 48 50 46 48 49 50 52 50 48 50 51 52 54 50 52 53 54 56 54 52 54 55 56 58 54 56 57 58 60 58 56 58 59 60 62 58 60 61 62 64 62 60 62 63 64 66 62 64 65 66 68 66 64 66 67 68 70 66 68 69 70 72 70 68 70 71 72 74 70 72 73 74 76 74 72 74 75 76 78 74 76 77 78 80 78 76 78 79 80 82 78 80 81 82 84 82 80 82 83 84 86 82 84 85 86 88 86 84 86 87 88 90 86 88 89 90 92 90 88 90 91 92 94 90 92 93 94 96 94 92 94 95 96 98 94 96 97 98 100 98 96 98 99 100 102 98 100 101 102 104 102 100 102 103 104 106 102 104 105 106 108 106 104 106 107 108 110 106 108 109 110 112 110 108 110 111 112 114 110 112 113 114 116 114 112 114 115 116 118 114 116 117 118 120 118 116 118 119 120 122 118 120 121 122 124 122 120 122 123 124 126 122 124 125 126 128 126 124 126 127 128 130 126 128 129 130 132 130 128 130 131 132 134 130 132 133 134 136 134 132 134 135 136 138 134 136 137 138 140 138 136 138 139 140 142 138 140 141 142 144 142 140 142 143 144 146 142 144 145 146 148 146 144 146 147 148 150 146 148 149 150 152 150 148 150 151 152 154 150 152 153 154 156 154 152 154 155 156 158 154 156 157 158 160 158 156 158 159 160 162 158 160 161 162 164 162 160 162 163 164 166 162 164 165 166 168 166 164 166 167 168 170 166 168 169 170 172 170 168 170 171 172 174 170 172 173 174 176 174 172 174 175 176 178 174 176 177 178
INF INF INF INF INF INF INF INF INF INF INF INF INF INF INF INF INF INF INF 0 2 3 4 1 3 4 5 7 5 3 5 6 7 9 5 7 8 9 11 9 7 9 10 11 13 9 11 12 13 15 13 11 13 14 15 17 13 15 16 17 19 17 15 17 18 19 21 17 19 20 21 23 21 19 21 22 23 25 21 23 24 25 27 25 23 25 26 27 29 25 27 28 29 31 29 27 29 30 31 33 29 31 32 33 35 33 31 33 34 35 37 33 35 36 37 39 37 35 37 38 39 41 37 39 40 41 43 41 39 41 42 43 45 41 43 44 45 47 45 43 45 46 47 49 45 47 48 49 51 49 47 49 50 51 53 49 51 52 53 55 53 51 53 54 55 57 53 55 56 57 59 57 55 57 58 59 61 57 59 60 61 63 61 59 61 62 63 65 61 63 64 65 67 65 63 65 66 67 69 65 67 68 69 71 69 67 69 70 71 73 69 71 72 73 75 73 71 73 74 75 77 73 75 76 77 79 77 75 77 78 79 81 77 79 80 81 83 81 79 81 82 83 85 81 83 84 85 87 85 83 85 86 87 89 85 87 88 89 91 89 87 89 90 91 93 89 91 92 93 95 93 91 93 94 95 97 93 95 96 97 99 97 95 97 98 99 101 97 99 100 101 103 101 99 101 102 103 105 101 103 104 105 107 105 103 105 106 107 109 105 107 108 109 111 109 107 109 110 111 113 109 111 112 113 115 113 111 113 114 115 117 113 115 116 117 119 117 115 117 118 119 121 117 119 120 121 123 121 119 121 122 123 125 121 123 124 125 127 125 123 125 126 127 129 125 127 128 129 131 129 127 129 130 131 133 129 131 132 133 135 133 131 133 134 135 137 133 135 136 137 139 137 135 137 138 139 141 137 139 140 141 143 141 139 141 142 143 145 141 143 144 145 147 145 143 145 146 147 149 145 147 148 149 151 149 147 149 150 151 153 149 151 152 153 155 153 151 153 154 155 157 153 155 156 157 159 157 155 157 158 159 161 157 159 160 161 163 161 159 161 162 163 165 161 163 164 165 167 165 163 165 166 167 169 165 167 168 169 171 169 167 169 170 171 173 169 171 172 173 175 173 171 173 174 175 177 173 175 176 177
INF INF INF INF INF INF INF INF INF INF INF INF INF INF INF INF INF INF INF INF 0 2 3 0 2 3 4 6 4 2 4 5 6 8 4 6 7 8 10 8 6 8 9 10 12 8 10 11 12 14 12 10 12 13 14 16 12 14 15 16 18 16 14 16 17 18 20 16 18 19 20 22 20 18 20 21 22 24 20 22 23 24 26 24 22 24 25 26 28 24 26 27 28 30 28 26 28 29 30 32 28 30 31 32 34 32 30 32 33 34 36 32 34 35 36 38 36 34 36 37 38 40 36 38 39 40 42 40 38 40 41 42 44 40 42 43 44 46 44 42 44 45 46 48 44 46 47 48 50 48 46 48 49 50 52 48 50 51 52 54 52 50 52 53 54 56 52 54 55 56 58 56 54 56 57 58 60 56 58 59 60 62 60 58 60 61 62 64 60 62 63 64 66 64 62 64 65 66 68 64 66 67 68 70 68 66 68 69 70 72 68 70 71 72 74 72 70 72 73 74 76 72 74 75 76 78 76 74 76 77 78 80 76 78 79 80 82 80 78 80 81 82 84 80 82 83 84 86 84 82 84 85 86 88 84 86 87 88 90 88 86 88 89 90 92 88 90 91 92 94 92 90 92 93 94 96 92 94 95 96 98 96 94 96 97 98 100 96 98 99 100 102 100 98 100 101 102 104 100 102 103 104 106 104 102 104 105 106 108 104 106 107 108 110 108 106 108 109 110 112 108 110 111 112 114 112 110 112 113 114 116 112 114 115 116 118 116 114 116 117 118 120 116 118 119 120 122 120 118 120 121 122 124 120 122 123 124 126 124 122 124 125 126 128 124 126 127 128 130 128 126 128 129 130 132 128 130 131 132 134 132 130 132 133 134 136 132 134 135 136 138 136 134 136 137 138 140 136 138 139 140 142 140 138 140 141 142 144 140 142 143 144 146 144 142 144 145 146 148 144 146 147 148 150 148 146 148 149 150 152 148 150 151 152 154 152 150 152 153 154 156 152 154 155 156 158 156 154 156 157 158 160 156 158 159 160 162 160 158 160 161 162 164 160 162 163 164 166 164 162 164 165 166 168 164 166 167 168 170 168 166 168 169 170 172 168 170 171 172 174 172 170 172 173 174 176 172 174 175 176
INF INF INF INF INF INF INF INF INF INF INF INF INF INF INF INF INF INF INF INF INF 0 2 -2 0 1 2 4 2 0 2 3 4 6 2 4 5 6 8 6 4 6 7 8 10 6 8 9 10 12 10 8 10 11 12 14 10 12 13 14 16 14 12 14 15 16 18 14 16 17 18 20 18 16 18 19 20 22 18 20 21 22 24 22 20 22 23 24 26 22 24 25 26 28 26 24 26 27 28 30 26 28 29 30 32 30 28 30 31 32 34 30 32 33 34 36 34 32 34 35 36 38 34 36 37 38 40 38 36 38 39 40 42 38 40 41 42 44 42 40 42 43 44 46 42 44 45 46 48 46 44 46 47 48 50 46 48 49 50 52 50 48 50 51 52 54 50 52 53 54 56 54 52 54 55 56 58 54 56 57 58 60 58 56 58 59 60 62 58 60 61 62 64 62 60 62 63 64 66 62 64 65 66 68 66 64 66 67 68 70 66 68 69 70 72 70 68 70 71 72 74 70 72 73 74 76 74 72 74 75 76 78 74 76 77 78 80 78 76 78 79 80 82 78 80 81 82 84 82 80 82 83 84 86 82 84 85 86 88 86 84 86 87 88 90 86 88 89 90 92 90 88 90 91 92 94 90 92 93 94 96 94 92 94 95 96 98 94 96 97 98 100 98 96 98 99 100 102 98 100 101 102 104 102 100 102 103 104 106 102 104 105 106 108 106 104 106 107 108 110 106 108 109 110 112 110 108 110 111 112 114 110 112 113 114 116 114 112 114 115 116 118 114 116 117 118 120 118 116 118 119 120 122 118 120 121 122 124 122 120 122 123 124 126 122 124 125 126 128 126 124 126 127 128 130 126 128 129 130 132 130 128 130 131 132 134 130 132 133 134 136 134 132 134 135 136 138 134 136 137 138 140 138 136 138 139 140 142 138 140 141 142 144 142 140 142 143 144 146 142 144 145 146 148 146 144 146 147 148 150 146 148 149 150 152 150 148 150 151 152 154 150 152 153 154 156 154 152 154 155 156 158 154 156 157 158 160 158 156 158 159 160 162 158 160 161 162 164 162 160 162 163 164 166 162 164 165 166 168 166 164 166 167 168 170 166 168 169 170 172 170 168 170 171 172 174 170 172 173 174
INF INF INF INF INF INF INF INF INF INF INF INF INF INF INF INF INF INF INF INF INF INF 0 2 3 4 6 7 5 4 6 7 8 10 6 8 9 10 12 10 8 10 11 12 14 10 12 13 14 16 14 12 14 15 16 18 14 16 17 18 20 18 16 18 19 20 22 18 20 21 22 24 22 20 22 23 24 26 22 24 25 26 28 26 24 26 27 28 30 26 28 29 30 32 30 28 30 31 32 34 30 32 33 34 36 34 32 34 35 36 38 34 36 37 38 40 38 36 38 39 40 42 38 40 41 42 44 42 40 42 43 44 46 42 44 45 46 48 46 44 46 47 48 50 46 48 49 50 52 50 48 50 51 52 54 50 52 53 54 56 54 52 54 55 56 58 54 56 57 58 60 58 56 58 59 60 62 58 60 61 62 64 62 60 62 63 64 66 62 64 65 66 68 66 64 66 67 68 70 66 68 69 70 72 70 68 70 71 72 74 70 72 73 74 76 74 72 74 75 76 78 74 76 77 78 80 78 76 78 79 80 82 78 80 81 82 84 82 80 82 83 84 86 82 84 85 86 88 86 84 86 87 88 90 86 88 89 90 92 90 88 90 91 92 94 90 92 93 94 96 94 92 94 95 96 98 94 96 97 98 100 98 96 98 99 100 102 98 100 101 102 104 102 100 102 103 104 106 102 104 105 106 108 106 104 106 107 108 110 106 108 109 110 112 110 108 110 111 112 114 110 112 113 114 116 114 112 114 115 116 118 114 116 117 118 120 118 116 118 119 120 122 118 120 121 122 124 122 120 122 123 124 126 122 124 125 126 128 126 124 126 127 128 130 126 128 129 130 132 130 128 130 131 132 134 130 132 133 134 136 134 132 134 135 136 138 134 136 137 138 140 138 136 138 139 140 142 138 140 141 142 144 142 140 142 143 144 146 142 144 145 146 148 146 144 146 147 148 150 146 148 149 150 152 150 148 150 151 152 154 150 152 153 154 156 154 152 154 155 156 158 154 156 157 158 160 158 156 158 159 160 162 158 160 161 162 164 162 160 162 163 164 166 162 164 165 166 168 166 164 166 167 168 170 166 168 169 170 172 170 168 170 171 172 174 170 172 173 174 176 174 172 174 175 176 178 174 176 177 178
INF INF INF INF INF INF INF INF INF INF INF INF INF INF INF INF INF INF INF INF INF INF INF 0 2 3 4 6 4 2 4 5 6 8 4 6 7 8 10 8 6 8 9 10 12 8 10 11 12 14 12 10 12 13 14 16 12 14 15 16 18 16 14 16 17 18 20 16 18 19 20 22 20 18 20 21 22 24 20 22 23 24 26 24 22 24 25 26 28 24 26 27 28 30 28 26 28 29 30 32 28 30 31 32 34 32 30 32 33 34 36 32 34 35 36 38 36 34 36 37 38 40 36 38 39 40 42 40 38 40 41 42 44 40 42 43 44 46 44 42 44 45 46 48 44 46 47 48 50 48 46 48 49 50 52 48 50 51 52 54 52 50 52 53 54 56 52 54 55 56 58 56 54 56 57 58 60 56 58 59 60 62 60 58 60 61 62 64 60 62 63 64 66 64 62 64 65 66 68 64 66 67 68 70 68 66 68 69 70 72 68 70 71 72 74 72 70 72 73 74 76 72 74 75 76 78 76 74 76 77 78 80 76 78 79 80 82 80 78 80 81 82 84 80 82 83 84 86 84 82 84 85 86 88 84 86 87 88 90 88 86 88 89 90 92 88 90 91 92 94 92 90 92 93 94 96 92 94 95 96 98 96 94 96 97 98 100 96 98 99 100 102 100 98 100 101 102 104 100 102 103 104 106 104 102 104 105 106 108 104 106 107 108 110 108 106 108 109 110 112 108 110 111 112 114 112 110 112 113 114 116 112 114 115 116 118 116 114 116 117 118 120 116 118 119 120 122 120 118 120 121 122 124 120 122 123 124 126 124 122 124 125 126 128 124 126 127 128 130 128 126 128 129 130 132 128 130 131 132 134 132 130 132 133 134 136 132 134 135 136 138 136 134 136 137 138 140 136 138 139 140 142 140 138 140 141 142 144 140 142 143 144 146 144 142 144 145 146 148 144 146 147 148 150 148 146 148 149 150 152 148 150 151 152 154 152 150 152 153 154 156 152 154 155 156 158 156 154 156 157 158 160 156 158 159 160 162 160 158 160 161 162 164 160 162 163 164 166 164 162 164 165 166 168 164 166 167 168 170 168 166 168 169 170 172 168 170 171 172 174 172 170 172 173 174 176 172 174 175 176
INF INF INF INF INF INF INF INF INF INF INF INF INF INF INF INF INF INF INF INF INF INF INF INF 0 2 3 4 2 1 3 4 5 7 3 5 6 7 9 7 5 7 8 9 11 7 9 10 11 13 11 9 11 12 13 15 11 13 14 15 17 15 13 15 16 17 19 15 17 18 19 21 19 17 19 20 21 23 19 21 22 23 25 23 21 23 24 25 27 23 25 26 27 29 27 25 27 28 29 31 27 29 30 31 33 31 29 31 32 33 35 31 33 34 35 37 35 33 35 36 37 39 35 37 38 39 41 39 37 39 40 41 43 39 41 42 43 45 43 41 43 44 45 47 43 45 46 47 49 47 45 47 48 49 51 47 49 50 51 53 51 49 51 52 53 55 51 53 54 55 57 55 53 55 56 57 59 55 57 58 59 61 59 57 59 60 61 63 59 61 62 63 65 63 61 63 64 65 67 63 65 66 67 69 67 65 67 68 69 71 67 69 70 71 73 71 69 71 72 73 75 71 73 74 75 77 75 73 75 76 77 79 75 77 78 79 81 79 77 79 80 81 83 79 81 82 83 85 83 81 83 84 85 87 83 85 86 87 89 87 85 87 88 89 91 87 89 90 91 93 91 89 91 92 93 95 91 93 94 95 97 95 93 95 96 97 99 95 97 98 99 101 99 97 99 100 101 103 99 101 102 103 105 103 101 103 104 105 107 103 105 106 107 109 107 105 107 108 109 111 107 109 110 111 113 111 109 111 112 113 115 111 113 114 115 117 115 113 115 116 117 119 115 117 118 119 121 119 117 119 120 121 123 119 121 122 123 125 123 121 123 124 125 127 123 125 126 127 129 127 125 127 128 129 131 127 129 130 131 133 131 129 131 132 133 135 131 133 134 135 137 135 133 135 136 137 139 135 137 138 139 141 139 137 139 140 141 143 139 141 142 143 145 143 141 143 144 145 147 143 145 146 147 149 147 145 147 148 149 151 147 149 150 151 153 151 149 151 152 153 155 151 153 154 155 157 155 153 155 156 157 159 155 157 158 159 161 159 157 159 160 161 163 159 161 162 163 165 163 161 163 164 165 167 163 165 166 167 169 167 165 167 168 169 171 167 169 170 171 173 171 169 171 172 173 175 171 173 174 175
INF INF INF INF INF INF INF INF INF INF INF INF INF INF INF INF INF INF INF INF INF INF INF INF INF 0 2 3 1 0 2 3 4 6 2 4 5 6 8 6 4 6 7 8 10 6 8 9 10 12 10 8 10 11 12 14 10 12 13 14 16 14 12 14 15 16 18 14 16 17 18 20 18 16 18 19 20 22 18 20 21 22 24 22 20 22 23 24 26 22 24 25 26 28 26 24 26 27 28 30 26 28 29 30 32 30 28 30 31 32 34 30 32 33 34 36 34 32 34 35 36 38 34 36 37 38 40 38 36 38 39 40 42 38 40 41 42 44 42 40 42 43 44 46 42 44 45 46 48 46 44 46 47 48 50 46 48 49 50 52 50 48 50 51 52 54 50 52 53 54 56 54 52 54 55 56 58 54 56 57 58 60 58 56 58 59 60 62 58 60 61 62 64 62 60 62 63 64 66 62 64 65 66 68 66 64 66 67 68 70 66 68 69 70 72 70 68 70 71 72 74 70 72 73 74 76 74 72 74 75 76 78 74 76 77 78 80 78 76 78 79 80 82 78 80 81 82 84 82 80 82 83 84 86 82 84 85 86 88 86 84 86 87 88 90 86 88 89 90 92 90 88 90 91 92 94 90 92 93 94 96 94 92 94 95 96 98 94 96 97 98 100 98 96 98 99 100 102 98 100 101 102 104 102 100 102 103 104 106 102 104 105 106 108 106 104 106 107 108 110 106 108 109 110 112 110 108 110 111 112 114 110 112 113 114 116 114 112 114 115 116 118 114 116 117 118 120 118 116 118 119 120 122 118 120 121 122 124 122 120 122 123 124 126 122 124 125 126 128 126 124 126 127 128 130 126 128 129 130 132 130 128 130 131 132 134 130 132 133 134 136 134 132 134 135 136 138 134 136 137 138 140 138 136 138 139 140 142 138 140 141 142 144 142 140 142 143 144 146 142 144 145 146 148 146 144 146 147 148 150 146 148 149 150 152 150 148 150 151 152 154 150 152 153 154 156 154 152 154 155 156 158 154 156 157 158 160 158 156 158 159 160 162 158 160 161 162 164 162 160 162 163 164 166 162 164 165 166 168 166 164 166 167 168 170 166 168 169 170 172 170 168 170 171 172 174 170 172 173 174
INF INF INF INF INF INF INF INF INF INF INF INF INF INF INF INF INF INF INF INF INF INF INF INF INF INF 0 2 0 -2 0 1 2 4 0 2 3 4 6 4 2 4 5 6 8 4 6 7 8 10 8 6 8 9 10 12 8 10 11 12 14 12 10 12 13 14 16 12 14 15 16 18 16 14 16 17 18 20 16 18 19 20 22 20 18 20 21 22 24 20 22 23 24 26 24 22 24 25 26 28 24 26 27 28 30 28 26 28 29 30 32 28 30 31 32 34 32 30 32 33 34 36 32 34 35 36 38 36 34 36 37 38 40 36 38 39 40 42 40 38 40 41 42 44 40 42 43 44 46 44 42 44 45 46 48 44 46 47 48 50 48 46 48 49 50 52 48 50 51 52 54 52 50 52 53 54 56 52 54 55 56 58 56 54 56 57 58 60 56 58 59 60 62 60 58 60 61 62 64 60 62 63 64 66 64 62 64 65 66 68 64 66 67 68 70 68 66 68 69 70 72 68 70 71 72 74 72 70 72 73 74 76 72 74 75 76 78 76 74 76 77 78 80 76 78 79 80 82 80 78 80 81 82 84 80 82 83 84 86 84 82 84 85 86 88 84 86 87 88 90 88 86 88 89 90 92 88 90 91 92 94 92 90 92 93 94 96 92 94 95 96 98 96 94 96 97 98 100 96 98 99 100 102 100 98 100 101 102 104 100 102 103 104 106 104 102 104 105 106 108 104 106 107 108 110 108 106 108 109 110 112 108 110 111 112 114 112 110 112 113 114 116 112 114 115 116 118 116 114 116 117 118 120 116 118 119 120 122 120 118 120 121 122 124 120 122 123 124 126 124 122 124 125 126 128 124 126 127 128 130 128 126 128 129 130 132 128 130 131 132 134 132 130 132 133 134 136 132 134 135 136 138 136 134 136 137 138 140 136 138 139 140 142 140 138 140 141 142 144 140 142 143 144 146 144 142 144 145 146 148 144 146 147 148 150 148 146 148 149 150 152 148 150 151 152 154 152 150 152 153 154 156 152 154 155 156 158 156 154 156 157 158 160 156 158 159 160 162 160 158 160 161 162 164 160 162 163 164 166 164 162 164 165 166 168 164 166 167 168 170 168 166 168 169 170 172 168 170 171 172
INF INF INF INF INF INF INF INF INF INF INF INF INF INF INF INF INF INF INF INF INF INF INF INF INF INF INF 0 -2 0 1 2 4 5 2 4 5 6 8 6 4 6 7 8 10 6 8 9 10 12 10 8 10 11 12 14 10 12 13 14 16 14 12 14 15 16 18 14 16 17 18 20 18 16 18 19 20 22 18 20 21 22 24 22 20 22 23 24 26 22 24 25 26 28 26 24 26 27 28 30 26 28 29 30 32 30 28 30 31 32 34 30 32 33 34 36 34 32 34 35 36 38 34 36 37 38 40 38 36 38 39 40 42 38 40 41 42 44 42 40 42 43 44 46 42 44 45 46 48 46 44 46 47 48 50 46 48 49 50 52 50 48 50 51 52 54 50 52 53 54 56 54 52 54 55 56 58 54 56 57 58 60 58 56 58 59 60 62 58 60 61 62 64 62 60 62 63 64 66 62 64 65 66 68 66 64 66 67 68 70 66 68 69 70 72 70 68 70 71 72 74 70 72 73 74 76 74 72 74 75 76 78 74 76 77 78 80 78 76 78 79 80 82 78 80 81 82 84 82 80 82 83 84 86 82 84 85 86 88 86 84 86 87 88 90 86 88 89 90 92 90 88 90 91 92 94 90 92 93 94 96 94 92 94 95 96 98 94 96 97 98 100 98 96 98 99 100 102 98 100 101 102 104 102 100 102 103 104 106 102 104 105 106 108 106 104 106 107 108 110 106 108 109 110 112 110 108 110 111 112 114 110 112 113 114 116 114 112 114 115 116 118 114 116 117 118 120 118 116 118 119 120 122 118 120 121 122 124 122 120 122 123 124 126 122 124 125 126 128 126 124 126 127 128 130 126 128 129 130 132 130 128 130 131 132 134 130 132 133 134 136 134 132 134 135 136 138 134 136 137 138 140 138 136 138 139 140 142 138 140 141 142 144 142 140 142 143 144 146 142 144 145 146 148 146 144 146 147 148 150 146 148 149 150 152 150 148 150 151 152 154 150 152 153 154 156 154 152 154 155 156 158 154 156 157 158 160 158 156 158 159 160 162 158 160 161 162 164 162 160 162 163 164 166 162 164 165 166 168 166 164 166 167 168 170 166 168 169 170 172 170 168 170 171 172 174 170 172 173 174
INF INF INF INF INF INF INF INF INF INF INF INF INF INF INF INF INF INF INF INF INF INF INF INF INF INF INF INF 0 2 3 4 6 7 4 6 7 8 10 8 6 8 9 10 12 8 10 11 12 14 12 10 12 13 14 16 12 14 15 16 18 16 14 16 17 18 20 16 18 19 20 22 20 18 20 21 22 24 20 22 23 24 26 24 22 24 25 26 28 24 26 27 28 30 28 26 28 29 30 32 28 30 31 32 34 32 30 32 33 34 36 32 34 35 36 38 36 34 36 37 38 40 36 38 39 40 42 40 38 40 41 42 44 40 42 43 44 46 44 42 44 45 46 48 44 46 47 48 50 48 46 48 49 50 52 48 50 51 52 54 52 50 52 53 54 56 52 54 55 56 58 56 54 56 57 58 60 56 58 59 60 62 60 58 60 61 62 64 60 62 63 64 66 64 62 64 65 66 68 64 66 67 68 70 68 66 68 69 70 72 68 70 71 72 74 72 70 72 73 74 76 72 74 75 76 78 76 74 76 77 78 80 76 78 79 80 82 80 78 80 81 82 84 80 82 83 84 86 84 82 84 85 86 88 84 86 87 88 90 88 86 88 89 90 92 88 90 91 92 94 92 90 92 93 94 96 92 94 95 96 98 96 94 96 97 98 100 96 98 99 100 102 100 98 100 101 102 104 100 102 103 104 106 104 102 104 105 106 108 104 106 107 108 110 108 106 108 109 110 112 108 110 111 112 114 112 110 112 113 114 116 112 114 115 116 118 116 114 116 117 118 120 116 118 119 120 122 120 118 120 121 122 124 120 122 123 124 126 124 122 124 125 126 128 124 126 127 128 130 128 126 128 129 130 132 128 130 131 132 134 132 130 132 133 134 136 132 134 135 136 138 136 134 136 137 138 140 136 138 139 140 142 140 138 140 141 142 144 140 142 143 144 146 144 142 144 145 146 148 144 146 147 148 150 148 146 148 149 150 152 148 150 151 152 154 152 150 152 153 154 156 152 154 155 156 158 156 154 156 157 158 160 156 158 159 160 162 160 158 160 161 162 164 160 162 163 164 166 164 162 164 165 166 168 164 166 167 168 170 168 166 168 169 170 172 168 170 171 172 174 172 170 172 173 174 176 172 174 175 176
INF INF INF INF INF INF INF INF INF INF INF INF INF INF INF INF INF INF INF INF INF INF INF INF INF INF INF INF INF 0 2 3 4 6 2 4 5 6 8 6 4 6 7 8 10 6 8 9 10 12 10 8 10 11 12 14 10 12 13 14 16 14 12 14 15 16 18 14 16 17 18 20 18 16 18 19 20 22 18 20 21 22 24 22 20 22 23 24 26 22 24 25 26 28 26 24 26 27 28 30 26 28 29 30 32 30 28 30 31 32 34 30 32 33 34 36 34 32 34 35 36 38 34 36 37 38 40 38 36 38 39 40 42 38 40 41 42 44 42 40 42 43 44 46 42 44 45 46 48 46 44 46 47 48 50 46 48 49 50 52 50 48 50 51 52 54 50 52 53 54 56 54 52 54 55 56 58 54 56 57 58 60 58 56 58 59 60 62 58 60 61 62 64 62 60 62 63 64 66 62 64 65 66 68 66 64 66 67 68 70 66 68 69 70 72 70 68 70 71 72 74 70 72 73 74 76 74 72 74 75 76 78 74 76 77 78 80 78 76 78 79 80 82 78 80 81 82 84 82 80 82 83 84 86 82 84 85 86 88 86 84 86 87 88 90 86 88 89 90 92 90 88 90 91 92 94 90 92 93 94 96 94 92 94 95 96 98 94 96 97 98 100 98 96 98 99 100 102 98 100 101 102 104 102 100 102 103 104 106 102 104 105 106 108 106 104 106 107 108 110 106 108 109 110 112 110 108 110 111 112 114 110 112 113 114 116 114 112 114 115 116 118 114 116 117 118 120 118 116 118 119 120 122 118 120 121 122 124 122 120 122 123 124 126 122 124 125 126 128 126 124 126 127 128 130 126 128 129 130 132 130 128 130 131 132 134 130 132 133 134 136 134 132 134 135 136 138 134 136 137 138 140 138 136 138 139 140 142 138 140 141 142 144 142 140 142 143 144 146 142 144 145 146 148 146 144 146 147 148 150 146 148 149 150 152 150 148 150 151 152 154 150 152 153 154 156 154 152 154 155 156 158 154 156 157 158 160 158 156 158 159 160 162 158 160 161 162 164 162 160 162 163 164 166 162 164 165 166 168 166 164 166 167 168 170 166 168 169 170 172 170 168 170 171 172 174 170 172 173 174
INF INF INF INF INF INF INF INF INF INF INF INF INF INF INF INF INF INF INF INF INF INF INF INF INF INF INF INF INF INF 0 2 3 4 1 3 4 5 7 5 3 5 6 7 9 5 7 8 9 11 9 7 9 10 11 13 9 11 12 13 15 13 11 13 14 15 17 13 15 16 17 19 17 15 17 18 19 21 17 19 20 21 23 21 19 21 22 23 25 21 23 24 25 27 25 23 25 26 27 29 25 27 28 29 31 29 27 29 30 31 33 29 31 32 33 35 33 31 33 34 35 37 33 35 36 37 39 37 35 37 38 39 41 37 39 40 41 43 41 39 41 42 43 45 41 43 44 45 47 45 43 45 46 47 49 45 47 48 49 51 49 47 49 50 51 53 49 51 52 53 55 53 51 53 54 55 57 53 55 56 57 59 57 55 57 58 59 61 57 59 60 61 63 61 59 61 62 63 65 61 63 64 65 67 65 63 65 66 67 69 65 67 68 69 71 69 67 69 70 71 73 69 71 72 73 75 73 71 73 74 75 77 73 75 76 77 79 77 75 77 78 79 81 77 79 80 81 83 81 79 81 82 83 85 81 83 84 85 87 85 83 85 86 87 89 85 87 88 89 91 89 87 89 90 91 93 89 91 92 93 95 93 91 93 94 95 97 93 95 96 97 99 97 95 97 98 99 101 97 99 100 101 103 101 99 101 102 103 105 101 103 104 105 107 105 103 105 106 107 109 105 107 108 109 111 109 107 109 110 111 113 109 111 112 113 115 113 111 113 114 115 117 113 115 116 117 119 117 115 117 118 119 121 117 119 120 121 123 121 119 121 122 123 125 121 123 124 125 127 125 123 125 126 127 129 125 127 128 129 131 129 127 129 130 131 133 129 131 132 133 135 133 131 133 134 135 137 133 135 136 137 139 137 135 137 138 139 141 137 139 140 141 143 141 139 141 142 143 145 141 143 144 145 147 145 143 145 146 147 149 145 147 148 149 151 149 147 149 150 151 153 149 151 152 153 155 153 151 153 154 155 157 153 155 156 157 159 157 155 157 158 159 161 157 159 160 161 163 161 159 161 162 163 165 161 163 164 165 167 165 163 165 166 167 169 165 167 168 169 171 169 167 169 170 171 173 169 171 172 173
INF INF INF INF INF INF INF INF INF INF INF INF INF INF INF INF INF INF INF INF INF INF INF INF INF INF INF INF INF INF INF 0 2 3 0 2 3 4 6 4 2 4 5 6 8 4 6 7 8 10 8 6 8 9 10 12 8 10 11 12 14 12 10 12 13 14 16 12 14 15 16 18 16 14 16 17 18 20 16 18 19 20 22 20 18 20 21 22 24 20 22 23 24 26 24 22 24 25 26 28 24 26 27 28 30 28 26 28 29 30 32 28 30 31 32 34 32 30 32 33 34 36 32 34 35 36 38 36 34 36 37 38 40 36 38 39 40 42 40 38 40 41 42 44 40 42 43 44 46 44 42 44 45 46 48 44 46 47 48 50 48 46 48 49 50 52 48 50 51 52 54 52 50 52 53 54 56 52 54 55 56 58 56 54 56 57 58 60 56 58 59 60 62 60 58 60 61 62 64 60 62 63 64 66 64 62 64 65 66 68 64 66 67 68 70 68 66 68 69 70 72 68 70 71 72 74 72 70 72 73 74 76 72 74 75 76 78 76 74 76 77 78 80 76 78 79 80 82 80 78 80 81 82 84 80 82 83 84 86 84 82 84 85 86 88 84 86 87 88 90 88 86 88 89 90 92 88 90 91 92 94 92 90 92 93 94 96 92 94 95 96 98 96 94 96 97 98 100 96 98 99 100 102 100 98 100 101 102 104 100 102 103 104 106 104 102 104 105 106 108 104 106 107 108 110 108 106 108 109 110 112 108 110 111 112 114 112 110 112 113 114 116 112 114 115 116 118 116 114 116 117 118 120 116 118 119 120 122 120 118 120 121 122 124 120 122 123 124 126 124 122 124 125 126 128 124 126 127 128 130 128 126 128 129 130 132 128 130 131 132 134 132 130 132 133 134 136 132 134 135 136 138 136 134 136 137 138 140 136 138 139 140 142 140 138 140 141 142 144 140 142 143 144 146 144 142 144 145 146 148 144 146 147 148 150 148 146 148 149 150 152 148 150 151 152 154 152 150 152 153 154 156 152 154 155 156 158 156 154 156 157 158 160 156 158 159 160 162 160 158 160 161 162 164 160 162 163 164 166 164 162 164 165 166 168 164 166 167 168 170 168 166 168 169 170 172 168 170 171 172
INF INF INF INF INF INF INF INF INF INF INF INF INF INF INF INF INF INF INF INF INF INF INF INF INF INF INF INF INF INF INF INF 0 2 -2 0 1 2 4 2 0 2 3 4 6 2 4 5 6 8 6 4 6 7 8 10 6 8 9 10 12 10 8 10 11 12 14 10 12 13 14 16 14 12 14 15 16 18 14 16 17 18 20 18 16 18 19 20 22 18 20 21 22 24 22 20 22 23 24 26 22 24 25 26 28 26 24 26 27 28 30 26 28 29 30 32 30 28 30 31 32 34 30 32 33 34 36 34 32 34 35 36 38 34 36 37 38 40 38 36 38 39 40 42 38 40 41 42 44 42 40 42 43 44 46 42 44 45 46 48 46 44 46 47 48 50 46 48 49 50 52 50 48 50 51 52 54 50 52 53 54 56 54 52 54 55 56 58 54 56 57 58 60 58 56 58 59 60 62 58 60 61 62 64 62 60 62 63 64 66 62 64 65 66 68 66 64 66 67 68 70 66 68 69 70 72 70 68 70 71 72 74 70 72 73 74 76 74 72 74 75 76 78 74 76 77 78 80 78 76 78 79 80 82 78 80 81 82 84 82 80 82 83 84 86 82 84 85 86 88 86 84 86 87 88 90 86 88 89 90 92 90 88 90 91 92 94 90 92 93 94 96 94 92 94 95 96 98 94 96 97 98 100 98 96 98 99 100 102 98 100 101 102 104 102 100 102 103 104 106 102 104 105 106 108 106 104 106 107 108 110 106 108 109 110 112 110 108 110 111 112 114 110 112 113 114 116 114 112 114 115 116 118 114 116 117 118 120 118 116 118 119 120 122 118 120 121 122 124 122 120 122 123 124 126 122 124 125 126 128 126 124 126 127 128 130 126 128 129 130 132 130 128 130 131 132 134 130 132 133 134 136 134 132 134 135 136 138 134 136 137 138 140 138 136 138 139 140 142 138 140 141 142 144 142 140 142 143 144 146 142 144 145 146 148 146 144 146 147 148 150 146 148 149 150 152 150 148 150 151 152 154 150 152 153 154 156 154 152 154 155 156 158 154 156 157 158 160 158 156 158 159 160 162 158 160 161 162 164 162 160 162 163 164 166 162 164 165 166 168 166 164 166 167 168 170 166 168 169 170
INF INF INF INF INF INF INF INF INF INF INF INF INF INF INF INF INF INF INF INF INF INF INF INF INF INF INF INF INF INF INF INF INF 0 2 3 4 6 7 5 4 6 7 8 10 6 8 9 10 12 10 8 10 11 12 14 10 12 13 14 16 14 12 14 15 16 18 14 16 17 18 20 18 16 18 19 20 22 18 20 21 22 24 22 20 22 23 24 26 22 24 25 26 28 26 24 26 27 28 30 26 28 29 30 32 30 28 30 31 32 34 30 32 33 34 36 34 32 34 35 36 38 34 36 37 38 40 38 36 38 39 40 42 38 40 41 42 44 42 40 42 43 44 46 42 44 45 46 48 46 44 46 47 48 50 46 48 49 50 52 50 48 50 51 52 54 50 52 53 54 56 54 52 54 55 56 58 54 56 57 58 60 58 56 58 59 60 62 58 60 61 62 64 62 60 62 63 64 66 62 64 65 66 68 66 64 66 67 68 70 66 68 69 70 72 70 68 70 71 72 74 70 72 73 74 76 74 72 74 75 76 78 74 76 77 78 80 78 76 78 79 80 82 78 80 81 82 84 82 80 82 83 84 86 82 84 85 86 88 86 84 86 87 88 90 86 88 89 90 92 90 88 90 91 92 94 90 92 93 94 96 94 92 94 95 96 98 94 96 97 98 100 98 96 98 99 100 102 98 100 101 102 104 102 100 102 103 104 106 102 104 105 106 108 106 104 106 107 108 110 106 108 109 110 112 110 108 110 111 112 114 110 112 113 114 116 114 112 114 115 116 118 114 116 117 118 120 118 116 118 119 120 122 118 120 121 122 124 122 120 122 123 124 126 122 124 125 126 128 126 124 126 127 128 130 126 128 129 130 132 130 128 130 131 132 134 130 132 133 134 136 134 132 134 135 136 138 134 136 137 138 140 138 136 138 139 140 142 138 140 141 142 144 142 140 142 143 144 146 142 144 145 146 148 146 144 146 147 148 150 146 148 149 150 152 150 148 150 151 152 154 150 152 153 154 156 154 152 154 155 156 158 154 156 157 158 160 158 156 158 159 160 162 158 160 161 162 164 162 160 162 163 164 166 162 164 165 166 168 166 164 166 167 168 170 166 168 169 170 172 170 168 170 171 172 174 170 172 173 174
INF INF INF INF INF INF INF INF INF INF INF INF INF INF INF INF INF INF INF INF INF INF INF INF INF INF INF INF INF INF INF INF INF INF 0 2 3 4 6 4 2 4 5 6 8 4 6 7 8 10 8 6 8 9 10 12 8 10 11 12 14 12 10 12 13 14 16 12 14 15 16 18 16 14 16 17 18 20 16 18 19 20 22 20 18 20 21 22 24 20 22 23 24 26 24 22 24 25 26 28 24 26 27 28 30 28 26 28 29 30 32 28 30 31 32 34 32 30 32 33 34 36 32 34 35 36 38 36 34 36 37 38 40 36 38 39 40 42 40 38 40 41 42 44 40 42 43 44 46 44 42 44 45 46 48 44 46 47 48 50 48 46 48 49 50 52 48 50 51 52 54 52 50 52 53 54 56 52 54 55 56 58 56 54 56 57 58 60 56 58 59 60 62 60 58 60 61 62 64 60 62 63 64 66 64 62 64 65 66 68 64 66 67 68 70 68 66 68 69 70 72 68 70 71 72 74 72 70 72 73 74 76 72 74 75 76 78 76 74 76 77 78 80 76 78 79 80 82 80 78 80 81 82 84 80 82 83 84 86 84 82 84 85 86 88 84 86 87 88 90 88 86 88 89 90 92 88 90 91 92 94 92 90 92 93 94 96 92 94 95 96 98 96 94 96 97 98 100 96 98 99 100 102 100 98 100 101 102 104 100 102 103 104 106 104 102 104 105 106 108 104 106 107 108 110 108 106 108 109 110 112 108 110 111 112 114 112 110 112 113 114 116 112 114 115 116 118 116 114 116 117 118 120 116 118 119 120 122 120 118 120 121 122 124 120 122 123 124 126 124 122 124 125 126 128 124 126 127 128 130 128 126 128 129 130 132 128 130 131 132 134 132 130 132 133 134 136 132 134 135 136 138 136 134 136 137 138 140 136 138 139 140 142 140 138 140 141 142 144 140 142 143 144 146 144 142 144 145 146 148 144 146 147 148 150 148 146 148 149 150 152 148 150 151 152 154 152 150 152 153 154 156 152 154 155 156 158 156 154 156 157 158 160 156 158 159 160 162 160 158 160 161 162 164 160 162 163 164 166 164 162 164 165 166 168 164 166 167 168 170 168 166 168 169 170 172 168 170 171 172
INF INF INF INF INF INF INF INF INF INF INF INF INF INF INF INF INF INF INF INF INF INF INF INF INF INF INF INF INF INF INF INF INF INF INF 0 2 3 4 2 1 3 4 5 7 3 5 6 7 9 7 5 7 8 9 11 7 9 10 11 13 11 9 11 12 13 15 11 13 14 15 17 15 13 15 16 17 19 15 17 18 19 21 19 17 19 20 21 23 19 21 22 23 25 23 21 23 24 25 27 23 25 26 27 29 27 25 27 28 29 31 27 29 30 31 33 31 29 31 32 33 35 31 33 34 35 37 35 33 35 36 37 39 35 37 38 39 41 39 37 39 40 41 43 39 41 42 43 45 43 41 43 44 45 47 43 45 46 47 49 47 45 47 48 49 51 47 49 50 51 53 51 49 51 52 53 55 51 53 54 55 57 55 53 55 56 57 59 55 57 58 59 61 59 57 59 60 61 63 59 61 62 63 65 63 61 63 64 65 67 63 65 66 67 69 67 65 67 68 69 71 67 69 70 71 73 71 69 71 72 73 75 71 73 74 75 77 75 73 75 76 77 79 75 77 78 79 81 79 77 79 80 81 83 79 81 82 83 85 83 81 83 84 85 87 83 85 86 87 89 87 85 87 88 89 91 87 89 90 91 93 91 89 91 92 93 95 91 93 94 95 97 95 93 95 96 97 99 95 97 98 99 101 99 97 99 100 101 103 99 101 102 103 105 103 101 103 104 105 107 103 105 106 107 109 107 105 107 108 109 111 107 109 110 111 113 111 109 111 112 113 115 111 113 114 115 117 115 113 115 116 117 119 115 117 118 119 121 119 117 119 120 121 123 119 121 122 123 125 123 121 123 124 125 127 123 125 126 127 129 127 125 127 128 129 131 127 129 130 131 133 131 129 131 132 133 135 131 133 134 135 137 135 133 135 136 137 139 135 137 138 139 141 139 137 139 140 141 143 139 141 142 143 145 143 141 143 144 145 147 143 145 146 147 149 147 145 147 148 149 151 147 149 150 151 153 151 149 151 152 153 155 151 153 154 155 157 155 153 155 156 157 159 155 157 158 159 161 159 157 159 160 161 163 159 161 162 163 165 163 161 163 164 165 167 163 165 166 167 169 167 165 167 168 169 171 167 169 170 171
INF INF INF INF INF INF INF INF INF INF INF INF INF INF INF INF INF INF INF INF INF INF INF INF INF INF INF INF INF INF INF INF INF INF INF INF 0 2 3 1 0 2 3 4 6 2 4 5 6 8 6 4 6 7 8 10 6 8 9 10 12 10 8 10 11 12 14 10 12 13 14 16 14 12 14 15 16 18 14 16 17 18 20 18 16 18 19 20 22 18 20 21 22 24 22 20 22 23 24 26 22 24 25 26 28 26 24 26 27 28 30 26 28 29 30 32 30 28 30 31 32 34 30 32 33 34 36 34 32 34 35 36 38 34 36 37 38 40 38 36 38 39 40 42 38 40 41 42 44 42 40 42 43 44 46 42 44 45 46 48 46 44 46 47 48 50 46 48 49 50 52 50 48 50 51 52 54 50 52 53 54 56 54 52 54 55 56 58 54 56 57 58 60 58 56 58 59 60 62 58 60 61 62 64 62 60 62 63 64 66 62 64 65 66 68 66 64 66 67 68 70 66 68 69 70 72 70 68 70 71 72 74 70 72 73 74 76 74 72 74 75 76 78 74 76 77 78 80 78 76 78 79 80 82 78 80 81 82 84 82 80 82 83 84 86 82 84 85 86 88 86 84 86 87 88 90 86 88 89 90 92 90 88 90 91 92 94 90 92 93 94 96 94 92 94 95 96 98 94 96 97 98 100 98 96 98 99 100 102 98 100 101 102 104 102 100 102 103 104 106 102 104 105 106 108 106 104 106 107 108 110 106 108 109 110 112 110 108 110 111 112 114 110 112 113 114 116 114 112 114 115 116 118 114 116 117 118 120 118 116 118 119 120 122 118 120 121 122 124 122 120 122 123 124 126 122 124 125 126 128 126 124 126 127 128 130 126 128 129 130 132 130 128 130 131 132 134 130 132 133 134 136 134 132 134 135 136 138 134 136 137 138 140 138 136 138 139 140 142 138 140 141 142 144 142 140 142 143 144 146 142 144 145 146 148 146 144 146 147 148 150 146 148 149 150 152 150 148 150 151 152 154 150 152 153 154 156 154 152 154 155 156 158 154 156 157 158 160 158 156 158 159 160 162 158 160 161 162 164 162 160 162 163 164 166 162 164 165 166 168 166 164 166 167 168 170 166 168 169 170
INF INF INF INF INF INF INF INF INF INF INF INF INF INF INF INF INF INF INF INF INF INF INF INF INF INF INF INF INF INF INF INF INF INF INF INF INF 0 2 0 -2 0 1 2 4 0 2 3 4 6 4 2 4 5 6 8 4 6 7 8 10 8 6 8 9 10 12 8 10 11 12 14 12 10 12 13 14 16 12 14 15 16 18 16 14 16 17 18 20 16 18 19 20 22 20 18 20 21 22 24 20 22 23 24 26 24 22 24 25 26 28 24 26 27 28 30 28 26 28 29 30 32 28 30 31 32 34 32 30 32 33 34 36 32 34 35 36 38 36 34 36 37 38 40 36 38 39 40 42 40 38 40 41 42 44 40 42 43 44 46 44 42 44 45 46 48 44 46 47 48 50 48 46 48 49 50 52 48 50 51 52 54 52 50 52 53 54 56 52 54 55 56 58 56 54 56 57 58 60 56 58 59 60 62 60 58 60 61 62 64 60 62 63 64 66 64 62 64 65 66 68 64 66 67 68 70 68 66 68 69 70 72 68 70 71 72 74 72 70 72 73 74 76 72 74 75 76 78 76 74 76 77 78 80 76 78 79 80 82 80 78 80 81 82 84 80 82 83 84 86 84 82 84 85 86 88 84 86 87 88 90 88 86 88 89 90 92 88 90 91 92 94 92 90 92 93 94 96 92 94 95 96 98 96 94 96 97 98 100 96 98 99 100 102 100 98 100 101 102 104 100 102 103 104 106 104 102 104 105 106 108 104 106 107 108 110 108 106 108 109 110 112 108 110 111 112 114 112 110 112 113 114 116 112 114 115 116 118 116 114 116 117 118 120 116 118 119 120 122 120 118 120 121 122 124 120 122 123 124 126 124 122 124 125 126 128 124 126 127 128 130 128 126 128 129 130 132 128 130 131 132 134 132 130 132 133 134 136 132 134 135 136 138 136 134 136 137 138 140 136 138 139 140 142 140 138 140 141 142 144 140 142 143 144 146 144 142 144 145 146 148 144 146 147 148 150 148 146 148 149 150 152 148 150 151 152 154 152 150 152 153 154 156 152 154 155 156 158 156 154 156 157 158 160 156 158 159 160 162 160 158 160 161 162 164 160 162 163 164 166 164 162 164 165 166 168 164 166 167 168
INF INF INF INF INF INF INF INF INF INF INF INF INF INF INF INF INF INF INF INF INF INF INF INF INF INF INF INF INF INF INF INF INF INF INF INF INF INF 0 -2 0 1 2 4 5 2 4 5 6 8 6 4 6 7 8 10 6 8 9 10 12 10 8 10 11 12 14 10 12 13 14 16 14 12 14 15 16 18 14 16 17 18 20 18 16 18 19 20 22 18 20 21 22 24 22 20 22 23 24 26 22 24 25 26 28 26 24 26 27 28 30 26 28 29 30 32 30 28 30 31 32 34 30 32 33 34 36 34 32 34 35 36 38 34 36 37 38 40 38 36 38 39 40 42 38 40 41 42 44 42 40 42 43 44 46 42 44 45 46 48 46 44 46 47 48 50 46 48 49 50 52 50 48 50 51 52 54 50 52 53 54 56 54 52 54 55 56 58 54 56 57 58 60 58 56 58 59 60 62 58 60 61 62 64 62 60 62 63 64 66 62 64 65 66 68 66 64 66 67 68 70 66 68 69 70 72 70 68 70 71 72 74 70 72 73 74 76 74 72 74 75 76 78 74 76 77 78 80 78 76 78 79 80 82 78 80 81 82 84 82 80 82 83 84 86 82 84 85 86 88 86 84 86 87 88 90 86 88 89 90 92 90 88 90 91 92 94 90 92 93 94 96 94 92 94 95 96 98 94 96 97 98 100 98 96 98 99 100 102 98 100 101 102 104 102 100 102 103 104 106 102 104 105 106 108 106 104 106 107 108 110 106 108 109 110 112 110 108 110 111 112 114 110 112 113 114 116 114 112 114 115 116 118 114 116 117 118 120 118 116 118 119 120 122 118 120 121 122 124 122 120 122 123 124 126 122 124 125 126 128 126 124 126 127 128 130 126 128 129 130 132 130 128 130 131 132 134 130 132 133 134 136 134 132 134 135 136 138 134 136 137 138 140 138 136 138 139 140 142 138 140 141 142 144 142 140 142 143 144 146 142 144 145 146 148 146 144 146 147 148 150 146 148 149 150 152 150 148 150 151 152 154 150 152 153 154 156 154 152 154 155 156 158 154 156 157 158 160 158 156 158 159 160 162 158 160 161 162 164 162 160 162 163 164 166 162 164 165 166 168 166 164 166 167 168 170 166 168 169 170
INF INF INF INF INF INF INF INF INF INF INF INF INF INF INF INF INF INF INF INF INF INF INF INF INF INF INF INF INF INF INF INF INF INF INF INF INF INF INF 0 2 3 4 6 7 4 6 7 8 10 8 6 8 9 10 12 8 10 11 12 14 12 10 12 13 14 16 12 14 15 16 18 16 14 16 17 18 20 16 18 19 20 22 20 18 20 21 22 24 20 22 23 24 26 24 22 24 25 26 28 24 26 27 28 30 28 26 28 29 30 32 28 30 31 32 34 32 30 32 33 34 36 32 34 35 36 38 36 34 36 37 38 40 36 38 39 40 42 40 38 40 41 42 44 40 42 43 44 46 44 42 44 45 46 48 44 46 47 48 50 48 46 48 49 50 52 48 50 51 52 54 52 50 52 53 54 56 52 54 55 56 58 56 54 56 57 58 60 56 58 59 60 62 60 58 60 61 62 64 60 62 63 64 66 64 62 64 65 66 68 64 66 67 68 70 68 66 68 69 70 72 68 70 71 72 74 72 70 72 73 74 76 72 74 75 76 78 76 74 76 77 78 80 76 78 79 80 82 80 78 80 81 82 84 80 82 83 84 86 84 82 84 85 86 88 84 86 87 88 90 88 86 88 89 90 92 88 90 91 92 94 92 90 92 93 94 96 92 94 95 96 98 96 94 96 97 98 100 96 98 99 100 102 100 98 100 101 102 104 100 102 103 104 106 104 102 104 105 106 108 104 106 107 108 110 108 106 108 109 110 112 108 110 111 112 114 112 110 112 113 114 116 112 114 115 116 118 116 114 116 117 118 120 116 118 119 120 122 120 118 120 121 122 124 120 122 123 124 126 124 122 124 125 126 128 124 126 127 128 130 128 126 128 129 130 132 128 130 131 132 134 132 130 132 133 134 136 132 134 135 136 138 136 134 136 137 138 140 136 138 139 140 142 140 138 140 141 142 144 140 142 143 144 146 144 142 144 145 146 148 144 146 147 148 150 148 146 148 149 150 152 148 150 151 152 154 152 150 152 153 154 156 152 154 155 156 158 156 154 156 157 158 160 156 158 159 160 162 160 158 160 161 162 164 160 162 163 164 166 164 162 164 165 166 168 164 166 167 168 170 168 166 168 169 170 172 168 170 171 172
INF INF INF INF INF INF INF INF INF INF INF INF INF INF INF INF INF INF INF INF INF INF INF INF INF INF INF INF INF INF INF INF INF INF INF INF INF INF INF INF 0 2 3 4 6 2 4 5 6 8 6 4 6 7 8 10 6 8 9 10 12 10 8 10 11 12 14 10 12 13 14 16 14 12 14 15 16 18 14 16 17 18 20 18 16 18 19 20 22 18 20 21 22 24 22 20 22 23 24 26 22 24 25 26 28 26 24 26 27 28 30 26 28 29 30 32 30 28 30 31 32 34 30 32 33 34 36 34 32 34 35 36 38 34 36 37 38 40 38 36 38 39 40 42 38 40 41 42 44 42 40 42 43 44 46 42 44 45 46 48 46 44 46 47 48 50 46 48 49 50 52 50 48 50 51 52 54 50 52 53 54 56 54 52 54 55 56 58 54 56 57 58 60 58 56 58 59 60 62 58 60 61 62 64 62 60 62 63 64 66 62 64 65 66 68 66 64 66 67 68 70 66 68 69 70 72 70 68 70 71 72 74 70 72 73 74 76 74 72 74 75 76 78 74 76 77 78 80 78 76 78 79 80 82 78 80 81 82 84 82 80 82 83 84 86 82 84 85 86 88 86 84 86 87 88 90 86 88 89 90 92 90 88 90 91 92 94 90 92 93 94 96 94 92 94 95 96 98 94 96 97 98 100 98 96 98 99 100 102 98 100 101 102 104 102 100 102 103 104 106 102 104 105 106 108 106 104 106 107 108 110 106 108 109 110 112 110 108 110 111 112 114 110 112 113 114 116 114 112 114 115 116 118 114 116 117 118 120 118 116 118 119 120 122 118 120 121 122 124 122 120 122 123 124 126 122 124 125 126 128 126 124 126 127 128 130 126 128 129 130 132 130 128 130 131 132 134 130 132 133 134 136 134 132 134 135 136 138 134 136 137 138 140 138 136 138 139 140 142 138 140 141 142 144 142 140 142 143 144 146 142 144 145 146 148 146 144 146 147 148 150 146 148 149 150 152 150 148 150 151 152 154 150 152 153 154 156 154 152 154 155 156 158 154 156 157 158 160 158 156 158 159 160 162 158 160 161 162 164 162 160 162 163 164 166 162 164 165 166 168 166 164 166 167 168 170 166 168 169 170
INF INF INF INF INF INF INF INF INF INF INF INF INF INF INF INF INF INF INF INF INF INF INF INF INF INF INF INF INF INF INF INF INF INF INF INF INF INF INF INF INF 0 2 3 4 1 3 4 5 7 5 3 5 6 7 9 5 7 8 9 11 9 7 9 10 11 13 9 11 12 13 15 13 11 13 14 15 17 13 15 16 17 19 17 15 17 18 19 21 17 19 20 21 23 21 19 21 22 23 25 21 23 24 25 27 25 23 25 26 27 29 25 27 28 29 31 29 27 29 30 31 33 29 31 32 33 35 33 31 33 34 35 37 33 35 36 37 39 37 35 37 38 39 41 37 39 40 41 43 41 39 41 42 43 45 41 43 44 45 47 45 43 45 46 47 49 45 47 48 49 51 49 47 49 50 51 53 49 51 52 53 55 53 51 53 54 55 57 53 55 56 57 59 57 55 57 58 59 61 57 59 60 61 63 61 59 61 62 63 65 61 63 64 65 67 65 63 65 66 67 69 65 67 68 69 71 69 67 69 70 71 73 69 71 72 73 75 73 71 73 74 75 77 73 75 76 77 79 77 75 77 78 79 81 77 79 80 81 83 81 79 81 82 83 85 81 83 84 85 87 85 83 85 86 87 89 85 87 88 89 91 89 87 89 90 91 93 89 91 92 93 95 93 91 93 94 95 97 93 95 96 97 99 97 95 97 98 99 101 97 99 100 101 103 101 99 101 102 103 105 101 103 104 105 107 105 103 105 106 107 109 105 107 108 109 111 109 107 109 110 111 113 109 111 112 113 115 113 111 113 114 115 117 113 115 116 117 119 117 115 117 118 119 121 117 119 120 121 123 121 119 121 122 123 125 121 123 124 125 127 125 123 125 126 127 129 125 127 128 129 131 129 127 129 130 131 133 129 131 132 133 135 133 131 133 134 135 137 133 135 136 137 139 137 135 137 138 139 141 137 139 140 141 143 141 139 141 142 143 145 141 143 144 145 147 145 143 145 146 147 149 145 147 148 149 151 149 147 149 150 151 153 149 151 152 153 155 153 151 153 154 155 157 153 155 156 157 159 157 155 157 158 159 161 157 159 160 161 163 161 159 161 162 163 165 161 163 164 165 167 165 163 165 166 167 169 165 167 168 169
INF INF INF INF INF INF INF INF INF INF INF INF INF INF INF INF INF INF INF INF INF INF INF INF INF INF INF INF INF INF INF INF INF INF INF INF INF INF INF INF INF INF 0 2 3 0 2 3 4 6 4 2 4 5 6 8 4 6 7 8 10 8 6 8 9 10 12 8 10 11 12 14 12 10 12 13 14 16 12 14 15 16 18 16 14 16 17 18 20 16 18 19 20 22 20 18 20 21 22 24 20 22 23 24 26 24 22 24 25 26 28 24 26 27 28 30 28 26 28 29 30 32 28 30 31 32 34 32 30 32 33 34 36 32 34 35 36 38 36 34 36 37 38 40 36 38 39 40 42 40 38 40 41 42 44 40 42 43 44 46 44 42 44 45 46 48 44 46 47 48 50 48 46 48 49 50 52 48 50 51 52 54 52 50 52 53 54 56 52 54 55 56 58 56 54 56 57 58 60 56 58 59 60 62 60 58 60 61 62 64 60 62 63 64 66 64 62 64 65 66 68 64 66 67 68 70 68 66 68 69 70 72 68 70 71 72 74 72 70 72 73 74 76 72 74 75 76 78 76 74 76 77 78 80 76 78 79 80 82 80 78 80 81 82 84 80 82 83 84 86 84 82 84 85 86 88 84 86 87 88 90 88 86 88 89 90 92 88 90 91 92 94 92 90 92 93 94 96 92 94 95 96 98 96 94 96 97 98 100 96 98 99 100 102 100 98 100 101 102 104 100 102 103 104 106 104 102 104 105 106 108 104 106 107 108 110 108 106 108 109 110 112 108 110 111 112 114 112 110 112 113 114 116 112 114 115 116 118 116 114 116 117 118 120 116 118 119 120 122 120 118 120 121 122 124 120 122 123 124 126 124 122 124 125 126 128 124 126 127 128 130 128 126 128 129 130 132 128 130 131 132 134 132 130 132 133 134 136 132 134 135 136 138 136 134 136 137 138 140 136 138 139 140 142 140 138 140 141 142 144 140 142 143 144 146 144 142 144 145 146 148 144 146 147 148 150 148 146 148 149 150 152 148 150 151 152 154 152 150 152 153 154 156 152 154 155 156 158 156 154 156 157 158 160 156 158 159 160 162 160 158 160 161 162 164 160 162 163 164 166 164 162 164 165 166 168 164 166 167 168
INF INF INF INF INF INF INF INF INF INF INF INF INF INF INF INF INF INF INF INF INF INF INF INF INF INF INF INF INF INF INF INF INF INF INF INF INF INF INF INF INF INF INF 0 2 -2 0 1 2 4 2 0 2 3 4 6 2 4 5 6 8 6 4 6 7 8 10 6 8 9 10 12 10 8 10 11 12 14 10 12 13 14 16 14 12 14 15 16 18 14 16 17 18 20 18 16 18 19 20 22 18 20 21 22 24 22 20 22 23 24 26 22 24 25 26 28 26 24 26 27 28 30 26 28 29 30 32 30 28 30 31 32 34 30 32 33 34 36 34 32 34 35 36 38 34 36 37 38 40 38 36 38 39 40 42 38 40 41 42 44 42 40 42 43 44 46 42 44 45 46 48 46 44 46 47 48 50 46 48 49 50 52 50 48 50 51 52 54 50 52 53 54 56 54 52 54 55 56 58 54 56 57 58 60 58 56 58 59 60 62 58 60 61 62 64 62 60 62 63 64 66 62 64 65 66 68 66 64 66 67 68 70 66 68 69 70 72 70 68 70 71 72 74 70 72 73 74 76 74 72 74 75 76 78 74 76 77 78 80 78 76 78 79 80 82 78 80 81 82 84 82 80 82 83 84 86 82 84 85 86 88 86 84 86 87 88 90 86 88 89 90 92 90 88 90 91 92 94 90 92 93 94 96 94 92 94 95 96 98 94 96 97 98 100 98 96 98 99 100 102 98 100 101 102 104 102 100 102 103 104 106 102 104 105 106 108 106 104 106 107 108 110 106 108 109 110 112 110 108 110 111 112 114 110 112 113 114 116 114 112 114 115 116 118 114 116 117 118 120 118 116 118 119 120 122 118 120 121 122 124 122 120 122 123 124 126 122 124 125 126 128 126 124 126 127 128 130 126 128 129 130 132 130 128 130 131 132 134 130 132 133 134 136 134 132 134 135 136 138 134 136 137 138 140 138 136 138 139 140 142 138 140 141 142 144 142 140 142 143 144 146 142 144 145 146 148 146 144 146 147 148 150 146 148 149 150 152 150 148 150 151 152 154 150 152 153 154 156 154 152 154 155 156 158 154 156 157 158 160 158 156 158 159 160 162 158 160 161 162 164 162 160 162 163 164 166 162 164 165 166
INF INF INF INF INF INF INF INF INF INF INF INF INF INF INF INF INF INF INF INF INF INF INF INF INF INF INF INF INF INF INF INF INF INF INF INF INF INF INF INF INF INF INF INF 0 2 3 4 6 7 5 4 6 7 8 10 6 8 9 10 12 10 8 10 11 12 14 10 12 13 14 16 14 12 14 15 16 18 14 16 17 18 20 18 16 18 19 20 22 18 20 21 22 24 22 20 22 23 24 26 22 24 25 26 28 26 24 26 27 28 30 26 28 29 30 32 30 28 30 31 32 34 30 32 33 34 36 34 32 34 35 36 38 34 36 37 38 40 38 36 38 39 40 42 38 40 41 42 44 42 40 42 43 44 46 42 44 45 46 48 46 44 46 47 48 50 46 48 49 50 52 50 48 50 51 52 54 50 52 53 54 56 54 52 54 55 56 58 54 56 57 58 60 58 56 58 59 60 62 58 60 61 62 64 62 60 62 63 64 66 62 64 65 66 68 66 64 66 67 68 70 66 68 69 70 72 70 68 70 71 72 74 70 72 73 74 76 74 72 74 75 76 78 74 76 77 78 80 78 76 78 79 80 82 78 80 81 82 84 82 80 82 83 84 86 82 84 85 86 88 86 84 86 87 88 90 86 88 89 90 92 90 88 90 91 92 94 90 92 93 94 96 94 92 94 95 96 98 94 96 97 98 100 98 96 98 99 100 102 98 100 101 102 104 102 100 102 103 104 106 102 104 105 106 108 106 104 106 107 108 110 106 108 109 110 112 110 108 110 111 112 114 110 112 113 114 116 114 112 114 115 116 118 114 116 117 118 120 118 116 118 119 120 122 118 120 121 122 124 122 120 122 123 124 126 122 124 125 126 128 126 124 126 127 128 130 126 128 129 130 132 130 128 130 131 132 134 130 132 133 134 136 134 132 134 135 136 138 134 136 137 138 140 138 136 138 139 140 142 138 140 141 142 144 142 140 142 143 144 146 142 144 145 146 148 146 144 146 147 148 150 146 148 149 150 152 150 148 150 151 152 154 150 152 153 154 156 154 152 154 155 156 158 154 156 157 158 160 158 156 158 159 160 162 158 160 161 162 164 162 160 162 163 164 166 162 164 165 166 168 166 164 166 167 168 170 166 168 169 170
INF INF INF INF INF INF INF INF INF INF INF INF INF INF INF INF INF INF INF INF INF INF INF INF INF INF INF INF INF INF INF INF INF INF INF INF INF INF INF INF INF INF INF INF INF 0 2 3 4 6 4 2 4 5 6 8 4 6 7 8 10 8 6 8 9 10 12 8 10 11 12 14 12 10 12 13 14 16 12 14 15 16 18 16 14 16 17 18 20 16 18 19 20 22 20 18 20 21 22 24 20 22 23 24 26 24 22 24 25 26 28 24 26 27 28 30 28 26 28 29 30 32 28 30 31 32 34 32 30 32 33 34 36 32 34 35 36 38 36 34 36 37 38 40 36 38 39 40 42 40 38 40 41 42 44 40 42 43 44 46 44 42 44 45 46 48 44 46 47 48 50 48 46 48 49 50 52 48 50 51 52 54 52 50 52 53 54 56 52 54 55 56 58 56 54 56 57 58 60 56 58 59 60 62 60 58 60 61 62 64 60 62 63 64 66 64 62 64 65 66 68 64 66 67 68 70 68 66 68 69 70 72 68 70 71 72 74 72 70 72 73 74 76 72 74 75 76 78 76 74 76 77 78 80 76 78 79 80 82 80 78 80 81 82 84 80 82 83 84 86 84 82 84 85 86 88 84 86 87 88 90 88 86 88 89 90 92 88 90 91 92 94 92 90 92 93 94 96 92 94 95 96 98 96 94 96 97 98 100 96 98 99 100 102 100 98 100 101 102 104 100 102 103 104 106 104 102 104 105 106 108 104 106 107 108 110 108 106 108 109 110 112 108 110 111 112 114 112 110 112 113 114 116 112 114 115 116 118 116 114 116 117 118 120 116 118 119 120 122 120 118 120 121 122 124 120 122 123 124 126 124 122 124 125 126 128 124 126 127 128 130 128 126 128 129 130 132 128 130 131 132 134 132 130 132 133 134 136 132 134 135 136 138 136 134 136 137 138 140 136 138 139 140 142 140 138 140 141 142 144 140 142 143 144 146 144 142 144 145 146 148 144 146 147 148 150 148 146 148 149 150 152 148 150 151 152 154 152 150 152 153 154 156 152 154 155 156 158 156 154 156 157 158 160 156 158 159 160 162 160 158 160 161 162 164 160 162 163 164 166 164 162 164 165 166 168 164 166 167 168
INF INF INF INF INF INF INF INF INF INF INF INF INF INF INF INF INF INF INF INF INF INF INF INF INF INF INF INF INF INF INF INF INF INF INF INF INF INF INF INF INF INF INF INF INF INF 0 2 3 4 2 1 3 4 5 7 3 5 6 7 9 7 5 7 8 9 11 7 9 10 11 13 11 9 11 12 13 15 11 13 14 15 17 15 13 15 16 17 19 15 17 18 19 21 19 17 19 20 21 23 19 21 22 23 25 23 21 23 24 25 27 23 25 26 27 29 27 25 27 28 29 31 27 29 30 31 33 31 29 31 32 33 35 31 33 34 35 37 35 33 35 36 37 39 35 37 38 39 41 39 37 39 40 41 43 39 41 42 43 45 43 41 43 44 45 47 43 45 46 47 49 47 45 47 48 49 51 47 49 50 51 53 51 49 51 52 53 55 51 53 54 55 57 55 53 55 56 57 59 55 57 58 59 61 59 57 59 60 61 63 59 61 62 63 65 63 61 63 64 65 67 63 65 66 67 69 67 65 67 68 69 71 67 69 70 71 73 71 69 71 72 73 75 71 73 74 75 77 75 73 75 76 77 79 75 77 78 79 81 79 77 79 80 81 83 79 81 82 83 85 83 81 83 84 85 87 83 85 86 87 89 87 85 87 88 89 91 87 89 90 91 93 91 89 91 92 93 95 91 93 94 95 97 95 93 95 96 97 99 95 97 98 99 101 99 97 99 100 101 103 99 101 102 103 105 103 101 103 104 105 107 103 105 106 107 109 107 105 107 108 109 111 107 109 110 111 113 111 109 111 112 113 115 111 113 114 115 117 115 113 115 116 117 119 115 117 118 119 121 119 117 119 120 121 123 119 121 122 123 125 123 121 123 124 125 127 123 125 126 127 129 127 125 127 128 129 131 127 129 130 131 133 131 129 131 132 133 135 131 133 134 135 137 135 133 135 136 137 139 135 137 138 139 141 139 137 139 140 141 143 139 141 142 143 145 143 141 143 144 145 147 143 145 146 147 149 147 145 147 148 149 151 147 149 150 151 153 151 149 151 152 153 155 151 153 154 155 157 155 153 155 156 157 159 155 157 158 159 161 159 157 159 160 161 163 159 161 162 163 165 163 161 163 164 165 167 163 165 166 167
INF INF INF INF INF INF INF INF INF INF INF INF INF INF INF INF INF INF INF INF INF INF INF INF INF INF INF INF INF INF INF INF INF INF INF INF INF INF INF INF INF INF INF INF INF INF INF 0 2 3 1 0 2 3 4 6 2 4 5 6 8 6 4 6 7 8 10 6 8 9 10 12 10 8 10 11 12 14 10 12 13 14 16 14 12 14 15 16 18 14 16 17 18 20 18 16 18 19 20 22 18 20 21 22 24 22 20 22 23 24 26 22 24 25 26 28 26 24 26 27 28 30 26 28 29 30 32 30 28 30 31 32 34 30 32 33 34 36 34 32 34 35 36 38 34 36 37 38 40 38 36 38 39 40 42 38 40 41 42 44 42 40 42 43 44 46 42 44 45 46 48 46 44 46 47 48 50 46 48 49 50 52 50 48 50 51 52 54 50 52 53 54 56 54 52 54 55 56 58 54 56 57 58 60 58 56 58 59 60 62 58 60 61 62 64 62 60 62 63 64 66 62 64 65 66 68 66 64 66 67 68 70 66 68 69 70 72 70 68 70 71 72 74 70 72 73 74 76 74 72 74 75 76 78 74 76 77 78 80 78 76 78 79 80 82 78 80 81 82 84 82 80 82 83 84 86 82 84 85 86 88 86 84 86 87 88 90 86 88 89 90 92 90 88 90 91 92 94 90 92 93 94 96 94 92 94 95 96 98 94 96 97 98 100 98 96 98 99 100 102 98 100 101 102 104 102 100 102 103 104 106 102 104 105 106 108 106 104 106 107 108 110 106 108 109 110 112 110 108 110 111 112 114 110 112 113 114 116 114 112 114 115 116 118 114 116 117 118 120 118 116 118 119 120 122 118 120 121 122 124 122 120 122 123 124 126 122 124 125 126 128 126 124 126 127 128 130 126 128 129 130 132 130 128 130 131 132 134 130 132 133 134 136 134 132 134 135 136 138 134 136 137 138 140 138 136 138 139 140 142 138 140 141 142 144 142 140 142 143 144 146 142 144 145 146 148 146 144 146 147 148 150 146 148 149 150 152 150 148 150 151 152 154 150 152 153 154 156 154 152 154 155 156 158 154 156 157 158 160 158 156 158 159 160 162 158 160 161 162 164 162 160 162 163 164 166 162 164 165 166
INF INF INF INF INF INF INF INF INF INF INF INF INF INF INF INF INF INF INF INF INF INF INF INF INF INF INF INF INF INF INF INF INF INF INF INF INF INF INF INF INF INF INF INF INF INF INF INF 0 2 0 -2 0 1 2 4 0 2 3 4 6 4 2 4 5 6 8 4 6 7 8 10 8 6 8 9 10 12 8 10 11 12 14 12 10 12 13 14 16 12 14 15 16 18 16 14 16 17 18 20 16 18 19 20 22 20 18 20 21 22 24 20 22 23 24 26 24 22 24 25 26 28 24 26 27 28 30 28 26 28 29 30 32 28 30 31 32 34 32 30 32 33 34 36 32 34 35 36 38 36 34 36 37 38 40 36 38 39 40 42 40 38 40 41 42 44 40 42 43 44 46 44 42 44 45 46 48 44 46 47 48 50 48 46 48 49 50 52 48 50 51 52 54 52 50 52 53 54 56 52 54 55 56 58 56 54 56 57 58 60 56 58 59 60 62 60 58 60 61 62 64 60 62 63 64 66 64 62 64 65 66 68 64 66 67 68 70 68 66 68 69 70 72 68 70 71 72 74 72 70 72 73 74 76 72 74 75 76 78 76 74 76 77 78 80 76 78 79 80 82 80 78 80 81 82 84 80 82 83 84 86 84 82 84 85 86 88 84 86 87 88 90 88 86 88 89 90 92 88 90 91 92 94 92 90 92 93 94 96 92 94 95 96 98 96 94 96 97 98 100 96 98 99 100 102 100 98 100 101 102 104 100 102 103 104 106 104 102 104 105 106 108 104 106 107 108 110 108 106 108 109 110 112 108 110 111 112 114 112 110 112 113 114 116 112 114 115 116 118 116 114 116 117 118 120 116 118 119 120 122 120 118 120 121 122 124 120 122 123 124 126 124 122 124 125 126 128 124 126 127 128 130 128 126 128 129 130 132 128 130 131 132 134 132 130 132 133 134 136 132 134 135 136 138 136 134 136 137 138 140 136 138 139 140 142 140 138 140 141 142 144 140 142 143 144 146 144 142 144 145 146 148 144 146 147 148 150 148 146 148 149 150 152 148 150 151 152 154 152 150 152 153 154 156 152 154 155 156 158 156 154 156 157 158 160 156 158 159 160 162 160 158 160 161 162 164 160 162 163 164
INF INF INF INF INF INF INF INF INF INF INF INF INF INF INF INF INF INF INF INF INF INF INF INF INF INF INF INF INF INF INF INF INF INF INF INF INF INF INF INF INF INF INF INF INF INF INF INF INF 0 -2 0 1 2 4 5 2 4 5 6 8 6 4 6 7 8 10 6 8 9 10 12 10 8 10 11 12 14 10 12 13 14 16 14 12 14 15 16 18 14 16 17 18 20 18 16 18 19 20 22 18 20 21 22 24 22 20 22 23 24 26 22 24 25 26 28 26 24 26 27 28 30 26 28 29 30 32 30 28 30 31 32 34 30 32 33 34 36 34 32 34 35 36 38 34 36 37 38 40 38 36 38 39 40 42 38 40 41 42 44 42 40 42 43 44 46 42 44 45 46 48 46 44 46 47 48 50 46 48 49 50 52 50 48 50 51 52 54 50 52 53 54 56 54 52 54 55 56 58 54 56 57 58 60 58 56 58 59 60 62 58 60 61 62 64 62 60 62 63 64 66 62 64 65 66 68 66 64 66 67 68 70 66 68 69 70 72 70 68 70 71 72 74 70 72 73 74 76 74 72 74 75 76 78 74 76 77 78 80 78 76 78 79 80 82 78 80 81 82 84 82 80 82 83 84 86 82 84 85 86 88 86 84 86 87 88 90 86 88 89 90 92 90 88 90 91 92 94 90 92 93 94 96 94 92 94 95 96 98 94 96 97 98 100 98 96 98 99 100 102 98 100 101 102 104 102 100 102 103 104 106 102 104 105 106 108 106 104 106 107 108 110 106 108 109 110 112 110 108 110 111 112 114 110 112 113 114 116 114 112 114 115 116 118 114 116 117 118 120 118 116 118 119 120 122 118 120 121 122 124 122 120 122 123 124 126 122 124 125 126 128 126 124 126 127 128 130 126 128 129 130 132 130 128 130 131 132 134 130 132 133 134 136 134 132 134 135 136 138 134 136 137 138 140 138 136 138 139 140 142 138 140 141 142 144 142 140 142 143 144 146 142 144 145 146 148 146 144 146 147 148 150 146 148 149 150 152 150 148 150 151 152 154 150 152 153 154 156 154 152 154 155 156 158 154 156 157 158 160 158 156 158 159 160 162 158 160 161 162 164 162 160 162 163 164 166 162 164 165 166
INF INF INF INF INF INF INF INF INF INF INF INF INF INF INF INF INF INF INF INF INF INF INF INF INF INF INF INF INF INF INF INF INF INF INF INF INF INF INF INF INF INF INF INF INF INF INF INF INF INF 0 2 3 4 6 7 4 6 7 8 10 8 6 8 9 10 12 8 10 11 12 14 12 10 12 13 14 16 12 14 15 16 18 16 14 16 17 18 20 16 18 19 20 22 20 18 20 21 22 24 20 22 23 24 26 24 22 24 25 26 28 24 26 27 28 30 28 26 28 29 30 32 28 30 31 32 34 32 30 32 33 34 36 32 34 35 36 38 36 34 36 37 38 40 36 38 39 40 42 40 38 40 41 42 44 40 42 43 44 46 44 42 44 45 46 48 44 46 47 48 50 48 46 48 49 50 52 48 50 51 52 54 52 50 52 53 54 56 52 54 55 56 58 56 54 56 57 58 60 56 58 59 60 62 60 58 60 61 62 64 60 62 63 64 66 64 62 64 65 66 68 64 66 67 68 70 68 66 68 69 70 72 68 70 71 72 74 72 70 72 73 74 76 72 74 75 76 78 76 74 76 77 78 80 76 78 79 80 82 80 78 80 81 82 84 80 82 83 84 86 84 82 84 85 86 88 84 86 87 88 90 88 86 88 89 90 92 88 90 91 92 94 92 90 92 93 94 96 92 94 95 96 98 96 94 96 97 98 100 96 98 99 100 102 100 98 100 101 102 104 100 102 103 104 106 104 102 104 105 106 108 104 106 107 108 110 108 106 108 109 110 112 108 110 111 112 114 112 110 112 113 114 116 112 114 115 116 118 116 114 116 117 118 120 116 118 119 120 122 120 118 120 121 122 124 120 122 123 124 126 124 122 124 125 126 128 124 126 127 128 130 128 126 128 129 130 132 128 130 131 132 134 132 130 132 133 134 136 132 134 135 136 138 136 134 136 137 138 140 136 138 139 140 142 140 138 140 141 142 144 140 142 143 144 146 144 142 144 145 146 148 144 146 147 148 150 148 146 148 149 150 152 148 150 151 152 154 152 150 152 153 154 156 152 154 155 156 158 156 154 156 157 158 160 156 158 159 160 162 160 158 160 161 162 164 160 162 163 164 166 164 162 164 165 166 168 164 166 167 168
INF INF INF INF INF INF INF INF INF INF INF INF INF INF INF INF INF INF INF INF INF INF INF INF INF INF INF INF INF INF INF INF INF INF INF INF INF INF INF INF INF INF INF INF INF INF INF INF INF INF INF 0 2 3 4 6 2 4 5 6 8 6 4 6 7 8 10 6 8 9 10 12 10 8 10 11 12 14 10 12 13 14 16 14 12 14 15 16 18 14 16 17 18 20 18 16 18 19 20 22 18 20 21 22 24 22 20 22 23 24 26 22 24 25 26 28 26 24 26 27 28 30 26 28 29 30 32 30 28 30 31 32 34 30 32 33 34 36 34 32 34 35 36 38 34 36 37 38 40 38 36 38 39 40 42 38 40 41 42 44 42 40 42 43 44 46 42 44 45 46 48 46 44 46 47 48 50 46 48 49 50 52 50 48 50 51 52 54 50 52 53 54 56 54 52 54 55 56 58 54 56 57 58 60 58 56 58 59 60 62 58 60 61 62 64 62 60 62 63 64 66 62 64 65 66 68 66 64 66 67 68 70 66 68 69 70 72 70 68 70 71 72 74 70 72 73 74 76 74 72 74 75 76 78 74 76 77 78 80 78 76 78 79 80 82 78 80 81 82 84 82 80 82 83 84 86 82 84 85 86 88 86 84 86 87 88 90 86 88 89 90 92 90 88 90 91 92 94 90 92 93 94 96 94 92 94 95 96 98 94 96 97 98 100 98 96 98 99 100 102 98 100 101 102 104 102 100 102 103 104 106 102 104 105 106 108 106 104 106 107 108 110 106 108 109 110 112 110 108 110 111 112 114 110 112 113 114 116 114 112 114 115 116 118 114 116 117 118 120 118 116 118 119 120 122 118 120 121 122 124 122 120 122 123 124 126 122 124 125 126 128 126 124 126 127 128 130 126 128 129 130 132 130 128 130 131 132 134 130 132 133 134 136 134 132 134 135 136 138 134 136 137 138 140 138 136 138 139 140 142 138 140 141 142 144 142 140 142 143 144 146 142 144 145 146 148 146 144 146 147 148 150 146 148 149 150 152 150 148 150 151 152 154 150 152 153 154 156 154 152 154 155 156 158 154 156 157 158 160 158 156 158 159 160 162 158 160 161 162 164 162 160 162 163 164 166 162 164 165 166
INF INF INF INF INF INF INF INF INF INF INF INF INF INF INF INF INF INF INF INF INF INF INF INF INF INF INF INF INF INF INF INF INF INF INF INF INF INF INF INF INF INF INF INF INF INF INF INF INF INF INF INF 0 2 3 4 1 3 4 5 7 5 3 5 6 7 9 5 7 8 9 11 9 7 9 10 11 13 9 11 12 13 15 13 11 13 14 15 17 13 15 16 17 19 17 15 17 18 19 21 17 19 20 21 23 21 19 21 22 23 25 21 23 24 25 27 25 23 25 26 27 29 25 27 28 29 31 29 27 29 30 31 33 29 31 32 33 35 33 31 33 34 35 37 33 35 36 37 39 37 35 37 38 39 41 37 39 40 41 43 41 39 41 42 43 45 41 43 44 45 47 45 43 45 46 47 49 45 47 48 49 51 49 47 49 50 51 53 49 51 52 53 55 53 51 53 54 55 57 53 55 56 57 59 57 55 57 58 59 61 57 59 60 61 63 61 59 61 62 63 65 61 63 64 65 67 65 63 65 66 67 69 65 67 68 69 71 69 67 69 70 71 73 69 71 72 73 75 73 71 73 74 75 77 73 75 76 77 79 77 75 77 78 79 81 77 79 80 81 83 81 79 81 82 83 85 81 83 84 85 87 85 83 85 86 87 89 85 87 88 89 91 89 87 89 90 91 93 89 91 92 93 95 93 91 93 94 95 97 93 95 96 97 99 97 95 97 98 99 101 97 99 100 101 103 101 99 101 102 103 105 101 103 104 105 107 105 103 105 106 107 109 105 107 108 109 111 109 107 109 110 111 113 109 111 112 113 115 113 111 113 114 115 117 113 115 116 117 119 117 115 117 118 119 121 117 119 120 121 123 121 119 121 122 123 125 121 123 124 125 127 125 123 125 126 127 129 125 127 128 129 131 129 127 129 130 131 133 129 131 132 133 135 133 131 133 134 135 137 133 135 136 137 139 137 135 137 138 139 141 137 139 140 141 143 141 139 141 142 143 145 141 143 144 145 147 145 143 145 146 147 149 145 147 148 149 151 149 147 149 150 151 153 149 151 152 153 155 153 151 153 154 155 157 153 155 156 157 159 157 155 157 158 159 161 157 159 160 161 163 161 159 161 162 163 165 161 163 164 165
INF INF INF INF INF INF INF INF INF INF INF INF INF INF INF INF INF INF INF INF INF INF INF INF INF INF INF INF INF INF INF INF INF INF INF INF INF INF INF INF INF INF INF INF INF INF INF INF INF INF INF INF INF 0 2 3 0 2 3 4 6 4 2 4 5 6 8 4 6 7 8 10 8 6 8 9 10 12 8 10 11 12 14 12 10 12 13 14 16 12 14 15 16 18 16 14 16 17 18 20 16 18 19 20 22 20 18 20 21 22 24 20 22 23 24 26 24 22 24 25 26 28 24 26 27 28 30 28 26 28 29 30 32 28 30 31 32 34 32 30 32 33 34 36 32 34 35 36 38 36 34 36 37 38 40 36 38 39 40 42 40 38 40 41 42 44 40 42 43 44 46 44 42 44 45 46 48 44 46 47 48 50 48 46 48 49 50 52 48 50 51 52 54 52 50 52 53 54 56 52 54 55 56 58 56 54 56 57 58 60 56 58 59 60 62 60 58 60 61 62 64 60 62 63 64 66 64 62 64 65 66 68 64 66 67 68 70 68 66 68 69 70 72 68 70 71 72 74 72 70 72 73 74 76 72 74 75 76 78 76 74 76 77 78 80 76 78 79 80 82 80 78 80 81 82 84 80 82 83 84 86 84 82 84 85 86 88 84 86 87 88 90 88 86 88 89 90 92 88 90 91 92 94 92 90 92 93 94 96 92 94 95 96 98 96 94 96 97 98 100 96 98 99 100 102 100 98 100 101 102 104 100 102 103 104 106 104 102 104 105 106 108 104 106 107 108 110 108 106 108 109 110 112 108 110 111 112 114 112 110 112 113 114 116 112 114 115 116 118 116 114 116 117 118 120 116 118 119 120 122 120 118 120 121 122 124 120 122 123 124 126 124 122 124 125 126 128 124 126 127 128 130 128 126 128 129 130 132 128 130 131 132 134 132 130 132 133 134 136 132 134 135 136 138 136 134 136 137 138 140 136 138 139 140 142 140 138 140 141 142 144 140 142 143 144 146 144 142 144 145 146 148 144 146 147 148 150 148 146 148 149 150 152 148 150 151 152 154 152 150 152 153 154 156 152 154 155 156 158 156 154 156 157 158 160 156 158 159 160 162 160 158 160 161 162 164 160 162 163 164
INF INF INF INF INF INF INF INF INF INF INF INF INF INF INF INF INF INF INF INF INF INF INF INF INF INF INF INF INF INF INF INF INF INF INF INF INF INF INF INF INF INF INF INF INF INF INF INF INF INF INF INF INF INF 0 2 -2 0 1 2 4 2 0 2 3 4 6 2 4 5 6 8 6 4 6 7 8 10 6 8 9 10 12 10 8 10 11 12 14 10 12 13 14 16 14 12 14 15 16 18 14 16 17 18 20 18 16 18 19 20 22 18 20 21 22 24 22 20 22 23 24 26 22 24 25 26 28 26 24 26 27 28 30 26 28 29 30 32 30 28 30 31 32 34 30 32 33 34 36 34 32 34 35 36 38 34 36 37 38 40 38 36 38 39 40 42 38 40 41 42 44 42 40 42 43 44 46 42 44 45 46 48 46 44 46 47 48 50 46 48 49 50 52 50 48 50 51 52 54 50 52 53 54 56 54 52 54 55 56 58 54 56 57 58 60 58 56 58 59 60 62 58 60 61 62 64 62 60 62 63 64 66 62 64 65 66 68 66 64 66 67 68 70 66 68 69 70 72 70 68 70 71 72 74 70 72 73 74 76 74 72 74 75 76 78 74 76 77 78 80 78 76 78 79 80 82 78 80 81 82 84 82 80 82 83 84 86 82 84 85 86 88 86 84 86 87 88 90 86 88 89 90 92 90 88 90 91 92 94 90 92 93 94 96 94 92 94 95 96 98 94 96 97 98 100 98 96 98 99 100 102 98 100 101 102 104 102 100 102 103 104 106 102 104 105 106 108 106 104 106 107 108 110 106 108 109 110 112 110 108 110 111 112 114 110 112 113 114 116 114 112 114 115 116 118 114 116 117 118 120 118 116 118 119 120 122 118 120 121 122 124 122 120 122 123 124 126 122 124 125 126 128 126 124 126 127 128 130 126 128 129 130 132 130 128 130 131 132 134 130 132 133 134 136 134 132 134 135 136 138 134 136 137 138 140 138 136 138 139 140 142 138 140 141 142 144 142 140 142 143 144 146 142 144 145 146 148 146 144 146 147 148 150 146 148 149 150 152 150 148 150 151 152 154 150 152 153 154 156 154 152 154 155 156 158 154 156 157 158 160 158 156 158 159 160 162 158 160 161 162
INF INF INF INF INF INF INF INF INF INF INF INF INF INF INF INF INF INF INF INF INF INF INF INF INF INF INF INF INF INF INF INF INF INF INF INF INF INF INF INF INF INF INF INF INF INF INF INF INF INF INF INF INF INF INF 0 2 3 4 6 7 5 4 6 7 8 10 6 8 9 10 12 10 8 10 11 12 14 10 12 13 14 16 14 12 14 15 16 18 14 16 17 18 20 18 16 18 19 20 22 18 20 21 22 24 22 20 22 23 24 26 22 24 25 26 28 26 24 26 27 28 30 26 28 29 30 32 30 28 30 31 32 34 30 32 33 34 36 34 32 34 35 36 38 34 36 37 38 40 38 36 38 39 40 42 38 40 41 42 44 42 40 42 43 44 46 42 44 45 46 48 46 44 46 47 48 50 46 48 49 50 52 50 48 50 51 52 54 50 52 53 54 56 54 52 54 55 56 58 54 56 57 58 60 58 56 58 59 60 62 58 60 61 62 64 62 60 62 63 64 66 62 64 65 66 68 66 64 66 67 68 70 66 68 69 70 72 70 68 70 71 72 74 70 72 73 74 76 74 72 74 75 76 78 74 76 77 78 80 78 76 78 79 80 82 78 80 81 82 84 82 80 82 83 84 86 82 84 85 86 88 86 84 86 87 88 90 86 88 89 90 92 90 88 90 91 92 94 90 92 93 94 96 94 92 94 95 96 98 94 96 97 98 100 98 96 98 99 100 102 98 100 101 102 104 102 100 102 103 104 106 102 104 105 106 108 106 104 106 107 108 110 106 108 109 110 112 110 108 110 111 112 114 110 112 113 114 116 114 112 114 115 116 118 114 116 117 118 120 118 116 118 119 120 122 118 120 121 122 124 122 120 122 123 124 126 122 124 125 126 128 126 124 126 127 128 130 126 128 129 130 132 130 128 130 131 132 134 130 132 133 134 136 134 132 134 135 136 138 134 136 137 138 140 138 136 138 139 140 142 138 140 141 142 144 142 140 142 143 144 146 142 144 145 146 148 146 144 146 147 148 150 146 148 149 150 152 150 148 150 151 152 154 150 152 153 154 156 154 152 154 155 156 158 154 156 157 158 160 158 156 158 159 160 162 158 160 161 162 164 162 160 162 163 164 166 162 164 165 166
INF INF INF INF INF INF INF INF INF INF INF INF INF INF INF INF INF INF INF INF INF INF INF INF INF INF INF INF INF INF INF INF INF INF INF INF INF INF INF INF INF INF INF INF INF INF INF INF INF INF INF INF INF INF INF INF 0 2 3 4 6 4 2 4 5 6 8 4 6 7 8 10 8 6 8 9 10 12 8 10 11 12 14 12 10 12 13 14 16 12 14 15 16 18 16 14 16 17 18 20 16 18 19 20 22 20 18 20 21 22 24 20 22 23 24 26 24 22 24 25 26 28 24 26 27 28 30 28 26 28 29 30 32 28 30 31 32 34 32 30 32 33 34 36 32 34 35 36 38 36 34 36 37 38 40 36 38 39 40 42 40 38 40 41 42 44 40 42 43 44 46 44 42 44 45 46 48 44 46 47 48 50 48 46 48 49 50 52 48 50 51 52 54 52 50 52 53 54 56 52 54 55 56 58 56 54 56 57 58 60 56 58 59 60 62 60 58 60 61 62 64 60 62 63 64 66 64 62 64 65 66 68 64 66 67 68 70 68 66 68 69 70 72 68 70 71 72 74 72 70 72 73 74 76 72 74 75 76 78 76 74 76 77 78 80 76 78 79 80 82 80 78 80 81 82 84 80 82 83 84 86 84 82 84 85 86 88 84 86 87 88 90 88 86 88 89 90 92 88 90 91 92 94 92 90 92 93 94 96 92 94 95 96 98 96 94 96 97 98 100 96 98 99 100 102 100 98 100 101 102 104 100 102 103 104 106 104 102 104 105 106 108 104 106 107 108 110 108 106 108 109 110 112 108 110 111 112 114 112 110 112 113 114 116 112 114 115 116 118 116 114 116 117 118 120 116 118 119 120 122 120 118 120 121 122 124 120 122 123 124 126 124 122 124 125 126 128 124 126 127 128 130 128 126 128 129 130 132 128 130 131 132 134 132 130 132 133 134 136 132 134 135 136 138 136 134 136 137 138 140 136 138 139 140 142 140 138 140 141 142 144 140 142 143 144 146 144 142 144 145 146 148 144 146 147 148 150 148 146 148 149 150 152 148 150 151 152 154 152 150 152 153 154 156 152 154 155 156 158 156 154 156 157 158 160 156 158 159 160 162 160 158 160 161 162 164 160 162 163 164
INF INF INF INF INF INF INF INF INF INF INF INF INF INF INF INF INF INF INF INF INF INF INF INF INF INF INF INF INF INF INF INF INF INF INF INF INF INF INF INF INF INF INF INF INF INF INF INF INF INF INF INF INF INF INF INF INF 0 2 3 4 2 1 3 4 5 7 3 5 6 7 9 7 5 7 8 9 11 7 9 10 11 13 11 9 11 12 13 15 11 13 14 15 17 15 13 15 16 17 19 15 17 18 19 21 19 17 19 20 21 23 19 21 22 23 25 23 21 23 24 25 27 23 25 26 27 29 27 25 27 28 29 31 27 29 30 31 33 31 29 31 32 33 35 31 33 34 35 37 35 33 35 36 37 39 35 37 38 39 41 39 37 39 40 41 43 39 41 42 43 45 43 41 43 44 45 47 43 45 46 47 49 47 45 47 48 49 51 47 49 50 51 53 51 49 51 52 53 55 51 53 54 55 57 55 53 55 56 57 59 55 57 58 59 61 59 57 59 60 61 63 59 61 62 63 65 63 61 63 64 65 67 63 65 66 67 69 67 65 67 68 69 71 67 69 70 71 73 71 69 71 72 73 75 71 73 74 75 77 75 73 75 76 77 79 75 77 78 79 81 79 77 79 80 81 83 79 81 82 83 85 83 81 83 84 85 87 83 85 86 87 89 87 85 87 88 89 91 87 89 90 91 93 91 89 91 92 93 95 91 93 94 95 97 95 93 95 96 97 99 95 97 98 99 101 99 97 99 100 101 103 99 101 102 103 105 103 101 103 104 105 107 103 105 106 107 109 107 105 107 108 109 111 107 109 110 111 113 111 109 111 112 113 115 111 113 114 115 117 115 113 115 116 117 119 115 117 118 119 121 119 117 119 120 121 123 119 121 122 123 125 123 121 123 124 125 127 123 125 126 127 129 127 125 127 128 129 131 127 129 130 131 133 131 129 131 132 133 135 131 133 134 135 137 135 133 135 136 137 139 135 137 138 139 141 139 137 139 140 141 143 139 141 142 143 145 143 141 143 144 145 147 143 145 146 147 149 147 145 147 148 149 151 147 149 150 151 153 151 149 151 152 153 155 151 153 154 155 157 155 153 155 156 157 159 155 157 158 159 161 159 157 159 160 161 163 159 161 162 163
INF INF INF INF INF INF INF INF INF INF INF INF INF INF INF INF INF INF INF INF INF INF INF INF INF INF INF INF INF INF INF INF INF INF INF INF INF INF INF INF INF INF INF INF INF INF INF INF INF INF INF INF INF INF INF INF INF INF 0 2 3 1 0 2 3 4 6 2 4 5 6 8 6 4 6 7 8 10 6 8 9 10 12 10 8 10 11 12 14 10 12 13 14 16 14 12 14 15 16 18 14 16 17 18 20 18 16 18 19 20 22 18 20 21 22 24 22 20 22 23 24 26 22 24 25 26 28 26 24 26 27 28 30 26 28 29 30 32 30 28 30 31 32 34 30 32 33 34 36 34 32 34 35 36 38 34 36 37 38 40 38 36 38 39 40 42 38 40 41 42 44 42 40 42 43 44 46 42 44 45 46 48 46 44 46 47 48 50 46 48 49 50 52 50 48 50 51 52 54 50 52 53 54 56 54 52 54 55 56 58 54 56 57 58 60 58 56 58 59 60 62 58 60 61 62 64 62 60 62 63 64 66 62 64 65 66 68 66 64 66 67 68 70 66 68 69 70 72 70 68 70 71 72 74 70 72 73 74 76 74 72 74 75 76 78 74 76 77 78 80 78 76 78 79 80 82 78 80 81 82 84 82 80 82 83 84 86 82 84 85 86 88 86 84 86 87 88 90 86 88 89 90 92 90 88 90 91 92 94 90 92 93 94 96 94 92 94 95 96 98 94 96 97 98 100 98 96 98 99 100 102 98 100 101 102 104 102 100 102 103 104 106 102 104 105 106 108 106 104 106 107 108 110 106 108 109 110 112 110 108 110 111 112 114 110 112 113 114 116 114 112 114 115 116 118 114 116 117 118 120 118 116 118 119 120 122 118 120 121 122 124 122 120 122 123 124 126 122 124 125 126 128 126 124 126 127 128 130 126 128 129 130 132 130 128 130 131 132 134 130 132 133 134 136 134 132 134 135 136 138 134 136 137 138 140 138 136 138 139 140 142 138 140 141 142 144 142 140 142 143 144 146 142 144 145 146 148 146 144 146 147 148 150 146 148 149 150 152 150 148 150 151 152 154 150 152 153 154 156 154 152 154 155 156 158 154 156 157 158 160 158 156 158 159 160 162 158 160 161 162
INF INF INF INF INF INF INF INF INF INF INF INF INF INF INF INF INF INF INF INF INF INF INF INF INF INF INF INF INF INF INF INF INF INF INF INF INF INF INF INF INF INF INF INF INF INF INF INF INF INF INF INF INF INF INF INF INF INF INF 0 2 0 -2 0 1 2 4 0 2 3 4 6 4 2 4 5 6 8 4 6 7 8 10 8 6 8 9 10 12 8 10 11 12 14 12 10 12 13 14 16 12 14 15 16 18 16 14 16 17 18 20 16 18 19 20 22 20 18 20 21 22 24 20 22 23 24 26 24 22 24 25 26 28 24 26 27 28 30 28 26 28 29 30 32 28 30 31 32 34 32 30 32 33 34 36 32 34 35 36 38 36 34 36 37 38 40 36 38 39 40 42 40 38 40 41 42 44 40 42 43 44 46 44 42 44 45 46 48 44 46 47 48 50 48 46 48 49 50 52 48 50 51 52 54 52 50 52 53 54 56 52 54 55 56 58 56 54 56 57 58 60 56 58 59 60 62 60 58 60 61 62 64 60 62 63 64 66 64 62 64 65 66 68 64 66 67 68 70 68 66 68 69 70 72 68 70 71 72 74 72 70 72 73 74 76 72 74 75 76 78 76 74 76 77 78 80 76 78 79 80 82 80 78 80 81 82 84 80 82 83 84 86 84 82 84 85 86 88 84 86 87 88 90 88 86 88 89 90 92 88 90 91 92 94 92 90 92 93 94 96 92 94 95 96 98 96 94 96 97 98 100 96 98 99 100 102 100 98 100 101 102 104 100 102 103 104 106 104 102 104 105 106 108 104 106 107 108 110 108 106 108 109 110 112 108 110 111 112 114 112 110 112 113 114 116 112 114 115 116 118 116 114 116 117 118 120 116 118 119 120 122 120 118 120 121 122 124 120 122 123 124 126 124 122 124 125 126 128 124 126 127 128 130 128 126 128 129 130 132 128 130 131 132 134 132 130 132 133 134 136 132 134 135 136 138 136 134 136 137 138 140 136 138 139 140 142 140 138 140 141 142 144 140 142 143 144 146 144 142 144 145 146 148 144 146 147 148 150 148 146 148 149 150 152 148 150 151 152 154 152 150 152 153 154 156 152 154 155 156 158 156 154 156 157 158 160 156 158 159 160
INF INF INF INF INF INF INF INF INF INF INF INF INF INF INF INF INF INF INF INF INF INF INF INF INF INF INF INF INF INF INF INF INF INF INF INF INF INF INF INF INF INF INF INF INF INF INF INF INF INF INF INF INF INF INF INF INF INF INF INF 0 -2 0 1 2 4 5 2 4 5 6 8 6 4 6 7 8 10 6 8 9 10 12 10 8 10 11 12 14 10 12 13 14 16 14 12 14 15 16 18 14 16 17 18 20 18 16 18 19 20 22 18 20 21 22 24 22 20 22 23 24 26 22 24 25 26 28 26 24 26 27 28 30 26 28 29 30 32 30 28 30 31 32 34 30 32 33 34 36 34 32 34 35 36 38 34 36 37 38 40 38 36 38 39 40 42 38 40 41 42 44 42 40 42 43 44 46 42 44 45 46 48 46 44 46 47 48 50 46 48 49 50 52 50 48 50 51 52 54 50 52 53 54 56 54 52 54 55 56 58 54 56 57 58 60 58 56 58 59 60 62 58 60 61 62 64 62 60 62 63 64 66 62 64 65 66 68 66 64 66 67 68 70 66 68 69 70 72 70 68 70 71 72 74 70 72 73 74 76 74 72 74 75 76 78 74 76 77 78 80 78 76 78 79 80 82 78 80 81 82 84 82 80 82 83 84 86 82 84 85 86 88 86 84 86 87 88 90 86 88 89 90 92 90 88 90 91 92 94 90 92 93 94 96 94 92 94 95 96 98 94 96 97 98 100 98 96 98 99 100 102 98 100 101 102 104 102 100 102 103 104 106 102 104 105 106 108 106 104 106 107 108 110 106 108 109 110 112 110 108 110 111 112 114 110 112 113 114 116 114 112 114 115 116 118 114 116 117 118 120 118 116 118 119 120 122 118 120 121 122 124 122 120 122 123 124 126 122 124 125 126 128 126 124 126 127 128 130 126 128 129 130 132 130 128 130 131 132 134 130 132 133 134 136 134 132 134 135 136 138 134 136 137 138 140 138 136 138 139 140 142 138 140 141 142 144 142 140 142 143 144 146 142 144 145 146 148 146 144 146 147 148 150 146 148 149 150 152 150 148 150 151 152 154 150 152 153 154 156 154 152 154 155 156 158 154 156 157 158 160 158 156 158 159 160 162 158 160 161 162
INF INF INF INF INF INF INF INF INF INF INF INF INF INF INF INF INF INF INF INF INF INF INF INF INF INF INF INF INF INF INF INF INF INF INF INF INF INF INF INF INF INF INF INF INF INF INF INF INF INF INF INF INF INF INF INF INF INF INF INF INF 0 2 3 4 6 7 4 6 7 8 10 8 6 8 9 10 12 8 10 11 12 14 12 10 12 13 14 16 12 14 15 16 18 16 14 16 17 18 20 16 18 19 20 22 20 18 20 21 22 24 20 22 23 24 26 24 22 24 25 26 28 24 26 27 28 30 28 26 28 29 30 32 28 30 31 32 34 32 30 32 33 34 36 32 34 35 36 38 36 34 36 37 38 40 36 38 39 40 42 40 38 40 41 42 44 40 42 43 44 46 44 42 44 45 46 48 44 46 47 48 50 48 46 48 49 50 52 48 50 51 52 54 52 50 52 53 54 56 52 54 55 56 58 56 54 56 57 58 60 56 58 59 60 62 60 58 60 61 62 64 60 62 63 64 66 64 62 64 65 66 68 64 66 67 68 70 68 66 68 69 70 72 68 70 71 72 74 72 70 72 73 74 76 72 74 75 76 78 76 74 76 77 78 80 76 78 79 80 82 80 78 80 81 82 84 80 82 83 84 86 84 82 84 85 86 88 84 86 87 88 90 88 86 88 89 90 92 88 90 91 92 94 92 90 92 93 94 96 92 94 95 96 98 96 94 96 97 98 100 96 98 99 100 102 100 98 100 101 102 104 100 102 103 104 106 104 102 104 105 106 108 104 106 107 108 110 108 106 108 109 110 112 108 110 111 112 114 112 110 112 113 114 116 112 114 115 116 118 116 114 116 117 118 120 116 118 119 120 122 120 118 120 121 122 124 120 122 123 124 126 124 122 124 125 126 128 124 126 127 128 130 128 126 128 129 130 132 128 130 131 132 134 132 130 132 133 134 136 132 134 135 136 138 136 134 136 137 138 140 136 138 139 140 142 140 138 140 141 142 144 140 142 143 144 146 144 142 144 145 146 148 144 146 147 148 150 148 146 148 149 150 152 148 150 151 152 154 152 150 152 153 154 156 152 154 155 156 158 156 154 156 157 158 160 156 158 159 160 162 160 158 160 161 162 164 160 162 163 164
INF INF INF INF INF INF INF INF INF INF INF INF INF INF INF INF INF INF INF INF INF INF INF INF INF INF INF INF INF INF INF INF INF INF INF INF INF INF INF INF INF INF INF INF INF INF INF INF INF INF INF INF INF INF INF INF INF INF INF INF INF INF 0 2 3 4 6 2 4 5 6 8 6 4 6 7 8 10 6 8 9 10 12 10 8 10 11 12 14 10 12 13 14 16 14 12 14 15 16 18 14 16 17 18 20 18 16 18 19 20 22 18 20 21 22 24 22 20 22 23 24 26 22 24 25 26 28 26 24 26 27 28 30 26 28 29 30 32 30 28 30 31 32 34 30 32 33 34 36 34 32 34 35 36 38 34 36 37 38 40 38 36 38 39 40 42 38 40 41 42 44 42 40 42 43 44 46 42 44 45 46 48 46 44 46 47 48 50 46 48 49 50 52 50 48 50 51 52 54 50 52 53 54 56 54 52 54 55 56 58 54 56 57 58 60 58 56 58 59 60 62 58 60 61 62 64 62 60 62 63 64 66 62 64 65 66 68 66 64 66 67 68 70 66 68 69 70 72 70 68 70 71 72 74 70 72 73 74 76 74 72 74 75 76 78 74 76 77 78 80 78 76 78 79 80 82 78 80 81 82 84 82 80 82 83 84 86 82 84 85 86 88 86 84 86 87 88 90 86 88 89 90 92 90 88 90 91 92 94 90 92 93 94 96 94 92 94 95 96 98 94 96 97 98 100 98 96 98 99 100 102 98 100 101 102 104 102 100 102 103 104 106 102 104 105 106 108 106 104 106 107 108 110 106 108 109 110 112 110 108 110 111 112 114 110 112 113 114 116 114 112 114 115 116 118 114 116 117 118 120 118 116 118 119 120 122 118 120 121 122 124 122 120 122 123 124 126 122 124 125 126 128 126 124 126 127 128 130 126 128 129 130 132 130 128 130 131 132 134 130 132 133 134 136 134 132 134 135 136 138 134 136 137 138 140 138 136 138 139 140 142 138 140 141 142 144 142 140 142 143 144 146 142 144 145 146 148 146 144 146 147 148 150 146 148 149 150 152 150 148 150 151 152 154 150 152 153 154 156 154 152 154 155 156 158 154 156 157 158 160 158 156 158 159 160 162 158 160 161 162
INF INF INF INF INF INF INF INF INF INF INF INF INF INF INF INF INF INF INF INF INF INF INF INF INF INF INF INF INF INF INF INF INF INF INF INF INF INF INF INF INF INF INF INF INF INF INF INF INF INF INF INF INF INF INF INF INF INF INF INF INF INF INF 0 2 3 4 1 3 4 5 7 5 3 5 6 7 9 5 7 8 9 11 9 7 9 10 11 13 9 11 12 13 15 13 11 13 14 15 17 13 15 16 17 19 17 15 17 18 19 21 17 19 20 21 23 21 19 21 22 23 25 21 23 24 25 27 25 23 25 26 27 29 25 27 28 29 31 29 27 29 30 31 33 29 31 32 33 35 33 31 33 34 35 37 33 35 36 37 39 37 35 37 38 39 41 37 39 40 41 43 41 39 41 42 43 45 41 43 44 45 47 45 43 45 46 47 49 45 47 48 49 51 49 47 49 50 51 53 49 51 52 53 55 53 51 53 54 55 57 53 55 56 57 59 57 55 57 58 59 61 57 59 60 61 63 61 59 61 62 63 65 61 63 64 65 67 65 63 65 66 67 69 65 67 68 69 71 69 67 69 70 71 73 69 71 72 73 75 73 71 73 74 75 77 73 75 76 77 79 77 75 77 78 79 81 77 79 80 81 83 81 79 81 82 83 85 81 83 84 85 87 85 83 85 86 87 89 85 87 88 89 91 89 87 89 90 91 93 89 91 92 93 95 93 91 93 94 95 97 93 95 96 97 99 97 95 97 98 99 101 97 99 100 101 103 101 99 101 102 103 105 101 103 104 105 107 105 103 105 106 107 109 105 107 108 109 111 109 107 109 110 111 113 109 111 112 113 115 113 111 113 114 115 117 113 115 116 117 119 117 115 117 118 119 121 117 119 120 121 123 121 119 121 122 123 125 121 123 124 125 127 125 123 125 126 127 129 125 127 128 129 131 129 127 129 130 131 133 129 131 132 133 135 133 131 133 134 135 137 133 135 136 137 139 137 135 137 138 139 141 137 139 140 141 143 141 139 141 142 143 145 141 143 144 145 147 145 143 145 146 147 149 145 147 148 149 151 149 147 149 150 151 153 149 151 152 153 155 153 151 153 154 155 157 153 155 156 157 159 157 155 157 158 159 161 157 159 160 161
INF INF INF INF INF INF INF INF INF INF INF INF INF INF INF INF INF INF INF INF INF INF INF INF INF INF INF INF INF INF INF INF INF INF INF INF INF INF INF INF INF INF INF INF INF INF INF INF INF INF INF INF INF INF INF INF INF INF INF INF INF INF INF INF 0 2 3 0 2 3 4 6 4 2 4 5 6 8 4 6 7 8 10 8 6 8 9 10 12 8 10 11 12 14 12 10 12 13 14 16 12 14 15 16 18 16 14 16 17 18 20 16 18 19 20 22 20 18 20 21 22 24 20 22 23 24 26 24 22 24 25 26 28 24 26 27 28 30 28 26 28 29 30 32 28 30 31 32 34 32 30 32 33 34 36 32 34 35 36 38 36 34 36 37 38 40 36 38 39 40 42 40 38 40 41 42 44 40 42 43 44 46 44 42 44 45 46 48 44 46 47 48 50 48 46 48 49 50 52 48 50 51 52 54 52 50 52 53 54 56 52 54 55 56 58 56 54 56 57 58 60 56 58 59 60 62 60 58 60 61 62 64 60 62 63 64 66 64 62 64 65 66 68 64 66 67 68 70 68 66 68 69 70 72 68 70 71 72 74 72 70 72 73 74 76 72 74 75 76 78 76 74 76 77 78 80 76 78 79 80 82 80 78 80 81 82 84 80 82 83 84 86 84 82 84 85 86 88 84 86 87 88 90 88 86 88 89 90 92 88 90 91 92 94 92 90 92 93 94 96 92 94 95 96 98 96 94 96 97 98 100 96 98 99 100 102 100 98 100 101 102 104 100 102 103 104 106 104 102 104 105 106 108 104 106 107 108 110 108 106 108 109 110 112 108 110 111 112 114 112 110 112 113 114 116 112 114 115 116 118 116 114 116 117 118 120 116 118 119 120 122 120 118 120 121 122 124 120 122 123 124 126 124 122 124 125 126 128 124 126 127 128 130 128 126 128 129 130 132 128 130 131 132 134 132 130 132 133 134 136 132 134 135 136 138 136 134 136 137 138 140 136 138 139 140 142 140 138 140 141 142 144 140 142 143 144 146 144 142 144 145 146 148 144 146 147 148 150 148 146 148 149 150 152 148 150 151 152 154 152 150 152 153 154 156 152 154 155 156 158 156 154 156 157 158 160 156 158 159 160
INF INF INF INF INF INF INF INF INF INF INF INF INF INF INF INF INF INF INF INF INF INF INF INF INF INF INF INF INF INF INF INF INF INF INF INF INF INF INF INF INF INF INF INF INF INF INF INF INF INF INF INF INF INF INF INF INF INF INF INF INF INF INF INF INF 0 2 -2 0 1 2 4 2 0 2 3 4 6 2 4 5 6 8 6 4 6 7 8 10 6 8 9 10 12 10 8 10 11 12 14 10 12 13 14 16 14 12 14 15 16 18 14 16 17 18 20 18 16 18 19 20 22 18 20 21 22 24 22 20 22 23 24 26 22 24 25 26 28 26 24 26 27 28 30 26 28 29 30 32 30 28 30 31 32 34 30 32 33 34 36 34 32 34 35 36 38 34 36 37 38 40 38 36 38 39 40 42 38 40 41 42 44 42 40 42 43 44 46 42 44 45 46 48 46 44 46 47 48 50 46 48 49 50 52 50 48 50 51 52 54 50 52 53 54 56 54 52 54 55 56 58 54 56 57 58 60 58 56 58 59 60 62 58 60 61 62 64 62 60 62 63 64 66 62 64 65 66 68 66 64 66 67 68 70 66 68 69 70 72 70 68 70 71 72 74 70 72 73 74 76 74 72 74 75 76 78 74 76 77 78 80 78 76 78 79 80 82 78 80 81 82 84 82 80 82 83 84 86 82 84 85 86 88 86 84 86 87 88 90 86 88 89 90 92 90 88 90 91 92 94 90 92 93 94 96 94 92 94 95 96 98 94 96 97 98 100 98 96 98 99 100 102 98 100 101 102 104 102 100 102 103 104 106 102 104 105 106 108 106 104 106 107 108 110 106 108 109 110 112 110 108 110 111 112 114 110 112 113 114 116 114 112 114 115 116 118 114 116 117 118 120 118 116 118 119 120 122 118 120 121 122 124 122 120 122 123 124 126 122 124 125 126 128 126 124 126 127 128 130 126 128 129 130 132 130 128 130 131 132 134 130 132 133 134 136 134 132 134 135 136 138 134 136 137 138 140 138 136 138 139 140 142 138 140 141 142 144 142 140 142 143 144 146 142 144 145 146 148 146 144 146 147 148 150 146 148 149 150 152 150 148 150 151 152 154 150 152 153 154 156 154 152 154 155 156 158 154 156 157 158
INF INF INF INF INF INF INF INF INF INF INF INF INF INF INF INF INF INF INF INF INF INF INF INF INF INF INF INF INF INF INF INF INF INF INF INF INF INF INF INF INF INF INF INF INF INF INF INF INF INF INF INF INF INF INF INF INF INF INF INF INF INF INF INF INF INF 0 2 3 4 6 7 5 4 6 7 8 10 6 8 9 10 12 10 8 10 11 12 14 10 12 13 14 16 14 12 14 15 16 18 14 16 17 18 20 18 16 18 19 20 22 18 20 21 22 24 22 20 22 23 24 26 22 24 25 26 28 26 24 26 27 28 30 26 28 29 30 32 30 28 30 31 32 34 30 32 33 34 36 34 32 34 35 36 38 34 36 37 38 40 38 36 38 39 40 42 38 40 41 42 44 42 40 42 43 44 46 42 44 45 46 48 46 44 46 47 48 50 46 48 49 50 52 50 48 50 51 52 54 50 52 53 54 56 54 52 54 55 56 58 54 56 57 58 60 58 56 58 59 60 62 58 60 61 62 64 62 60 62 63 64 66 62 64 65 66 68 66 64 66 67 68 70 66 68 69 70 72 70 68 70 71 72 74 70 72 73 74 76 74 72 74 75 76 78 74 76 77 78 80 78 76 78 79 80 82 78 80 81 82 84 82 80 82 83 84 86 82 84 85 86 88 86 84 86 87 88 90 86 88 89 90 92 90 88 90 91 92 94 90 92 93 94 96 94 92 94 95 96 98 94 96 97 98 100 98 96 98 99 100 102 98 100 101 102 104 102 100 102 103 104 106 102 104 105 106 108 106 104 106 107 108 110 106 108 109 110 112 110 108 110 111 112 114 110 112 113 114 116 114 112 114 115 116 118 114 116 117 118 120 118 116 118 119 120 122 118 120 121 122 124 122 120 122 123 124 126 122 124 125 126 128 126 124 126 127 128 130 126 128 129 130 132 130 128 130 131 132 134 130 132 133 134 136 134 132 134 135 136 138 134 136 137 138 140 138 136 138 139 140 142 138 140 141 142 144 142 140 142 143 144 146 142 144 145 146 148 146 144 146 147 148 150 146 148 149 150 152 150 148 150 151 152 154 150 152 153 154 156 154 152 154 155 156 158 154 156 157 158 160 158 156 158 159 160 162 158 160 161 162
INF INF INF INF INF INF INF INF INF INF INF INF INF INF INF INF INF INF INF INF INF INF INF INF INF INF INF INF INF INF INF INF INF INF INF INF INF INF INF INF INF INF INF INF INF INF INF INF INF INF INF INF INF INF INF INF INF INF INF INF INF INF INF INF INF INF INF 0 2 3 4 6 4 2 4 5 6 8 4 6 7 8 10 8 6 8 9 10 12 8 10 11 12 14 12 10 12 13 14 16 12 14 15 16 18 16 14 16 17 18 20 16 18 19 20 22 20 18 20 21 22 24 20 22 23 24 26 24 22 24 25 26 28 24 26 27 28 30 28 26 28 29 30 32 28 30 31 32 34 32 30 32 33 34 36 32 34 35 36 38 36 34 36 37 38 40 36 38 39 40 42 40 38 40 41 42 44 40 42 43 44 46 44 42 44 45 46 48 44 46 47 48 50 48 46 48 49 50 52 48 50 51 52 54 52 50 52 53 54 56 52 54 55 56 58 56 54 56 57 58 60 56 58 59 60 62 60 58 60 61 62 64 60 62 63 64 66 64 62 64 65 66 68 64 66 67 68 70 68 66 68 69 70 72 68 70 71 72 74 72 70 72 73 74 76 72 74 75 76 78 76 74 76 77 78 80 76 78 79 80 82 80 78 80 81 82 84 80 82 83 84 86 84 82 84 85 86 88 84 86 87 88 90 88 86 88 89 90 92 88 90 91 92 94 92 90 92 93 94 96 92 94 95 96 98 96 94 96 97 98 100 96 98 99 100 102 100 98 100 101 102 104 100 102 103 104 106 104 102 104 105 106 108 104 106 107 108 110 108 106 108 109 110 112 108 110 111 112 114 112 110 112 113 114 116 112 114 115 116 118 116 114 116 117 118 120 116 118 119 120 122 120 118 120 121 122 124 120 122 123 124 126 124 122 124 125 126 128 124 126 127 128 130 128 126 128 129 130 132 128 130 131 132 134 132 130 132 133 134 136 132 134 135 136 138 136 134 136 137 138 140 136 138 139 140 142 140 138 140 141 142 144 140 142 143 144 146 144 142 144 145 146 148 144 146 147 148 150 148 146 148 149 150 152 148 150 151 152 154 152 150 152 153 154 156 152 154 155 156 158 156 154 156 157 158 160 156 158 159 160
INF INF INF INF INF INF INF INF INF INF INF INF INF INF INF INF INF INF INF INF INF INF INF INF INF INF INF INF INF INF INF INF INF INF INF INF INF INF INF INF INF INF INF INF INF INF INF INF INF INF INF INF INF INF INF INF INF INF INF INF INF INF INF INF INF INF INF INF 0 2 3 4 2 1 3 4 5 7 3 5 6 7 9 7 5 7 8 9 11 7 9 10 11 13 11 9 11 12 13 15 11 13 14 15 17 15 13 15 16 17 19 15 17 18 19 21 19 17 19 20 21 23 19 21 22 23 25 23 21 23 24 25 27 23 25 26 27 29 27 25 27 28 29 31 27 29 30 31 33 31 29 31 32 33 35 31 33 34 35 37 35 33 35 36 37 39 35 37 38 39 41 39 37 39 40 41 43 39 41 42 43 45 43 41 43 44 45 47 43 45 46 47 49 47 45 47 48 49 51 47 49 50 51 53 51 49 51 52 53 55 51 53 54 55 57 55 53 55 56 57 59 55 57 58 59 61 59 57 59 60 61 63 59 61 62 63 65 63 61 63 64 65 67 63 65 66 67 69 67 65 67 68 69 71 67 69 70 71 73 71 69 71 72 73 75 71 73 74 75 77 75 73 75 76 77 79 75 77 78 79 81 79 77 79 80 81 83 79 81 82 83 85 83 81 83 84 85 87 83 85 86 87 89 87 85 87 88 89 91 87 89 90 91 93 91 89 91 92 93 95 91 93 94 95 97 95 93 95 96 97 99 95 97 98 99 101 99 97 99 100 101 103 99 101 102 103 105 103 101 103 104 105 107 103 105 106 107 109 107 105 107 108 109 111 107 109 110 111 113 111 109 111 112 113 115 111 113 114 115 117 115 113 115 116 117 119 115 117 118 119 121 119 117 119 120 121 123 119 121 122 123 125 123 121 123 124 125 127 123 125 126 127 129 127 125 127 128 129 131 127 129 130 131 133 131 129 131 132 133 135 131 133 134 135 137 135 133 135 136 137 139 135 137 138 139 141 139 137 139 140 141 143 139 141 142 143 145 143 141 143 144 145 147 143 145 146 147 149 147 145 147 148 149 151 147 149 150 151 153 151 149 151 152 153 155 151 153 154 155 157 155 153 155 156 157 159 155 157 158 159
INF INF INF INF INF INF INF INF INF INF INF INF INF INF INF INF INF INF INF INF INF INF INF INF INF INF INF INF INF INF INF INF INF INF INF INF INF INF INF INF INF INF INF INF INF INF INF INF INF INF INF INF INF INF INF INF INF INF INF INF INF INF INF INF INF INF INF INF INF 0 2 3 1 0 2 3 4 6 2 4 5 6 8 6 4 6 7 8 10 6 8 9 10 12 10 8 10 11 12 14 10 12 13 14 16 14 12 14 15 16 18 14 16 17 18 20 18 16 18 19 20 22 18 20 21 22 24 22 20 22 23 24 26 22 24 25 26 28 26 24 26 27 28 30 26 28 29 30 32 30 28 30 31 32 34 30 32 33 34 36 34 32 34 35 36 38 34 36 37 38 40 38 36 38 39 40 42 38 40 41 42 44 42 40 42 43 44 46 42 44 45 46 48 46 44 46 47 48 50 46 48 49 50 52 50 48 50 51 52 54 50 52 53 54 56 54 52 54 55 56 58 54 56 57 58 60 58 56 58 59 60 62 58 60 61 62 64 62 60 62 63 64 66 62 64 65 66 68 66 64 66 67 68 70 66 68 69 70 72 70 68 70 71 72 74 70 72 73 74 76 74 72 74 75 76 78 74 76 77 78 80 78 76 78 79 80 82 78 80 81 82 84 82 80 82 83 84 86 82 84 85 86 88 86 84 86 87 88 90 86 88 89 90 92 90 88 90 91 92 94 90 92 93 94 96 94 92 94 95 96 98 94 96 97 98 100 98 96 98 99 100 102 98 100 101 102 104 102 100 102 103 104 106 102 104 105 106 108 106 104 106 107 108 110 106 108 109 110 112 110 108 110 111 112 114 110 112 113 114 116 114 112 114 115 116 118 114 116 117 118 120 118 116 118 119 120 122 118 120 121 122 124 122 120 122 123 124 126 122 124 125 126 128 126 124 126 127 128 130 126 128 129 130 132 130 128 130 131 132 134 130 132 133 134 136 134 132 134 135 136 138 134 136 137 138 140 138 136 138 139 140 142 138 140 141 142 144 142 140 142 143 144 146 142 144 145 146 148 146 144 146 147 148 150 146 148 149 150 152 150 148 150 151 152 154 150 152 153 154 156 154 152 154 155 156 158 154 156 157 158
INF INF INF INF INF INF INF INF INF INF INF INF INF INF INF INF INF INF INF INF INF INF INF INF INF INF INF INF INF INF INF INF INF INF INF INF INF INF INF INF INF INF INF INF INF INF INF INF INF INF INF INF INF INF INF INF INF INF INF INF INF INF INF INF INF INF INF INF INF INF 0 2 0 -2 0 1 2 4 0 2 3 4 6 4 2 4 5 6 8 4 6 7 8 10 8 6 8 9 10 12 8 10 11 12 14 12 10 12 13 14 16 12 14 15 16 18 16 14 16 17 18 20 16 18 19 20 22 20 18 20 21 22 24 20 22 23 24 26 24 22 24 25 26 28 24 26 27 28 30 28 26 28 29 30 32 28 30 31 32 34 32 30 32 33 34 36 32 34 35 36 38 36 34 36 37 38 40 36 38 39 40 42 40 38 40 41 42 44 40 42 43 44 46 44 42 44 45 46 48 44 46 47 48 50 48 46 48 49 50 52 48 50 51 52 54 52 50 52 53 54 56 52 54 55 56 58 56 54 56 57 58 60 56 58 59 60 62 60 58 60 61 62 64 60 62 63 64 66 64 62 64 65 66 68 64 66 67 68 70 68 66 68 69 70 72 68 70 71 72 74 72 70 72 73 74 76 72 74 75 76 78 76 74 76 77 78 80 76 78 79 80 82 80 78 80 81 82 84 80 82 83 84 86 84 82 84 85 86 88 84 86 87 88 90 88 86 88 89 90 92 88 90 91 92 94 92 90 92 93 94 96 92 94 95 96 98 96 94 96 97 98 100 96 98 99 100 102 100 98 100 101 102 104 100 102 103 104 106 104 102 104 105 106 108 104 106 107 108 110 108 106 108 109 110 112 108 110 111 112 114 112 110 112 113 114 116 112 114 115 116 118 116 114 116 117 118 120 116 118 119 120 122 120 118 120 121 122 124 120 122 123 124 126 124 122 124 125 126 128 124 126 127 128 130 128 126 128 129 130 132 128 130 131 132 134 132 130 132 133 134 136 132 134 135 136 138 136 134 136 137 138 140 136 138 139 140 142 140 138 140 141 142 144 140 142 143 144 146 144 142 144 145 146 148 144 146 147 148 150 148 146 148 149 150 152 148 150 151 152 154 152 150 152 153 154 156 152 154 155 156
INF INF INF INF INF INF INF INF INF INF INF INF INF INF INF INF INF INF INF INF INF INF INF INF INF INF INF INF INF INF INF INF INF INF INF INF INF INF INF INF INF INF INF INF INF INF INF INF INF INF INF INF INF INF INF INF INF INF INF INF INF INF INF INF INF INF INF INF INF INF INF 0 -2 0 1 2 4 5 2 4 5 6 8 6 4 6 7 8 10 6 8 9 10 12 10 8 10 11 12 14 10 12 13 14 16 14 12 14 15 16 18 14 16 17 18 20 18 16 18 19 20 22 18 20 21 22 24 22 20 22 23 24 26 22 24 25 26 28 26 24 26 27 28 30 26 28 29 30 32 30 28 30 31 32 34 30 32 33 34 36 34 32 34 35 36 38 34 36 37 38 40 38 36 38 39 40 42 38 40 41 42 44 42 40 42 43 44 46 42 44 45 46 48 46 44 46 47 48 50 46 48 49 50 52 50 48 50 51 52 54 50 52 53 54 56 54 52 54 55 56 58 54 56 57 58 60 58 56 58 59 60 62 58 60 61 62 64 62 60 62 63 64 66 62 64 65 66 68 66 64 66 67 68 70 66 68 69 70 72 70 68 70 71 72 74 70 72 73 74 76 74 72 74 75 76 78 74 76 77 78 80 78 76 78 79 80 82 78 80 81 82 84 82 80 82 83 84 86 82 84 85 86 88 86 84 86 87 88 90 86 88 89 90 92 90 88 90 91 92 94 90 92 93 94 96 94 92 94 95 96 98 94 96 97 98 100 98 96 98 99 100 102 98 100 101 102 104 102 100 102 103 104 106 102 104 105 106 108 106 104 106 107 108 110 106 108 109 110 112 110 108 110 111 112 114 110 112 113 114 116 114 112 114 115 116 118 114 116 117 118 120 118 116 118 119 120 122 118 120 121 122 124 122 120 122 123 124 126 122 124 125 126 128 126 124 126 127 128 130 126 128 129 130 132 130 128 130 131 132 134 130 132 133 134 136 134 132 134 135 136 138 134 136 137 138 140 138 136 138 139 140 142 138 140 141 142 144 142 140 142 143 144 146 142 144 145 146 148 146 144 146 147 148 150 146 148 149 150 152 150 148 150 151 152 154 150 152 153 154 156 154 152 154 155 156 158 154 156 157 158
INF INF INF INF INF INF INF INF INF INF INF INF INF INF INF INF INF INF INF INF INF INF INF INF INF INF INF INF INF INF INF INF INF INF INF INF INF INF INF INF INF INF INF INF INF INF INF INF INF INF INF INF INF INF INF INF INF INF INF INF INF INF INF INF INF INF INF INF INF INF INF INF 0 2 3 4 6 7 4 6 7 8 10 8 6 8 9 10 12 8 10 11 12 14 12 10 12 13 14 16 12 14 15 16 18 16 14 16 17 18 20 16 18 19 20 22 20 18 20 21 22 24 20 22 23 24 26 24 22 24 25 26 28 24 26 27 28 30 28 26 28 29 30 32 28 30 31 32 34 32 30 32 33 34 36 32 34 35 36 38 36 34 36 37 38 40 36 38 39 40 42 40 38 40 41 42 44 40 42 43 44 46 44 42 44 45 46 48 44 46 47 48 50 48 46 48 49 50 52 48 50 51 52 54 52 50 52 53 54 56 52 54 55 56 58 56 54 56 57 58 60 56 58 59 60 62 60 58 60 61 62 64 60 62 63 64 66 64 62 64 65 66 68 64 66 67 68 70 68 66 68 69 70 72 68 70 71 72 74 72 70 72 73 74 76 72 74 75 76 78 76 74 76 77 78 80 76 78 79 80 82 80 78 80 81 82 84 80 82 83 84 86 84 82 84 85 86 88 84 86 87 88 90 88 86 88 89 90 92 88 90 91 92 94 92 90 92 93 94 96 92 94 95 96 98 96 94 96 97 98 100 96 98 99 100 102 100 98 100 101 102 104 100 102 103 104 106 104 102 104 105 106 108 104 106 107 108 110 108 106 108 109 110 112 108 110 111 112 114 112 110 112 113 114 116 112 114 115 116 118 116 114 116 117 118 120 116 118 119 120 122 120 118 120 121 122 124 120 122 123 124 126 124 122 124 125 126 128 124 126 127 128 130 128 126 128 129 130 132 128 130 131 132 134 132 130 132 133 134 136 132 134 135 136 138 136 134 136 137 138 140 136 138 139 140 142 140 138 140 141 142 144 140 142 143 144 146 144 142 144 145 146 148 144 146 147 148 150 148 146 148 149 150 152 148 150 151 152 154 152 150 152 153 154 156 152 154 155 156 158 156 154 156 157 158 160 156 158 159 160
INF INF INF INF INF INF INF INF INF INF INF INF INF INF INF INF INF INF INF INF INF INF INF INF INF INF INF INF INF INF INF INF INF INF INF INF INF INF INF INF INF INF INF INF INF INF INF INF INF INF INF INF INF INF INF INF INF INF INF INF INF INF INF INF INF INF INF INF INF INF INF INF INF 0 2 3 4 6 2 4 5 6 8 6 4 6 7 8 10 6 8 9 10 12 10 8 10 11 12 14 10 12 13 14 16 14 12 14 15 16 18 14 16 17 18 20 18 16 18 19 20 22 18 20 21 22 24 22 20 22 23 24 26 22 24 25 26 28 26 24 26 27 28 30 26 28 29 30 32 30 28 30 31 32 34 30 32 33 34 36 34 32 34 35 36 38 34 36 37 38 40 38 36 38 39 40 42 38 40 41 42 44 42 40 42 43 44 46 42 44 45 46 48 46 44 46 47 48 50 46 48 49 50 52 50 48 50 51 52 54 50 52 53 54 56 54 52 54 55 56 58 54 56 57 58 60 58 56 58 59 60 62 58 60 61 62 64 62 60 62 63 64 66 62 64 65 66 68 66 64 66 67 68 70 66 68 69 70 72 70 68 70 71 72 74 70 72 73 74 76 74 72 74 75 76 78 74 76 77 78 80 78 76 78 79 80 82 78 80 81 82 84 82 80 82 83 84 86 82 84 85 86 88 86 84 86 87 88 90 86 88 89 90 92 90 88 90 91 92 94 90 92 93 94 96 94 92 94 95 96 98 94 96 97 98 100 98 96 98 99 100 102 98 100 101 102 104 102 100 102 103 104 106 102 104 105 106 108 106 104 106 107 108 110 106 108 109 110 112 110 108 110 111 112 114 110 112 113 114 116 114 112 114 115 116 118 114 116 117 118 120 118 116 118 119 120 122 118 120 121 122 124 122 120 122 123 124 126 122 124 125 126 128 126 124 126 127 128 130 126 128 129 130 132 130 128 130 131 132 134 130 132 133 134 136 134 132 134 135 136 138 134 136 137 138 140 138 136 138 139 140 142 138 140 141 142 144 142 140 142 143 144 146 142 144 145 146 148 146 144 146 147 148 150 146 148 149 150 152 150 148 150 151 152 154 150 152 153 154 156 154 152 154 155 156 158 154 156 157 158
INF INF INF INF INF INF INF INF INF INF INF INF INF INF INF INF INF INF INF INF INF INF INF INF INF INF INF INF INF INF INF INF INF INF INF INF INF INF INF INF INF INF INF INF INF INF INF INF INF INF INF INF INF INF INF INF INF INF INF INF INF INF INF INF INF INF INF INF INF INF INF INF INF INF 0 2 3 4 1 3 4 5 7 5 3 5 6 7 9 5 7 8 9 11 9 7 9 10 11 13 9 11 12 13 15 13 11 13 14 15 17 13 15 16 17 19 17 15 17 18 19 21 17 19 20 21 23 21 19 21 22 23 25 21 23 24 25 27 25 23 25 26 27 29 25 27 28 29 31 29 27 29 30 31 33 29 31 32 33 35 33 31 33 34 35 37 33 35 36 37 39 37 35 37 38 39 41 37 39 40 41 43 41 39 41 42 43 45 41 43 44 45 47 45 43 45 46 47 49 45 47 48 49 51 49 47 49 50 51 53 49 51 52 53 55 53 51 53 54 55 57 53 55 56 57 59 57 55 57 58 59 61 57 59 60 61 63 61 59 61 62 63 65 61 63 64 65 67 65 63 65 66 67 69 65 67 68 69 71 69 67 69 70 71 73 69 71 72 73 75 73 71 73 74 75 77 73 75 76 77 79 77 75 77 78 79 81 77 79 80 81 83 81 79 81 82 83 85 81 83 84 85 87 85 83 85 86 87 89 85 87 88 89 91 89 87 89 90 91 93 89 91 92 93 95 93 91 93 94 95 97 93 95 96 97 99 97 95 97 98 99 101 97 99 100 101 103 101 99 101 102 103 105 101 103 104 105 107 105 103 105 106 107 109 105 107 108 109 111 109 107 109 110 111 113 109 111 112 113 115 113 111 113 114 115 117 113 115 116 117 119 117 115 117 118 119 121 117 119 120 121 123 121 119 121 122 123 125 121 123 124 125 127 125 123 125 126 127 129 125 127 128 129 131 129 127 129 130 131 133 129 131 132 133 135 133 131 133 134 135 137 133 135 136 137 139 137 135 137 138 139 141 137 139 140 141 143 141 139 141 142 143 145 141 143 144 145 147 145 143 145 146 147 149 145 147 148 149 151 149 147 149 150 151 153 149 151 152 153 155 153 151 153 154 155 157 153 155 156 157
INF INF INF INF INF INF INF INF INF INF INF INF INF INF INF INF INF INF INF INF INF INF INF INF INF INF INF INF INF INF INF INF INF INF INF INF INF INF INF INF INF INF INF INF INF INF INF INF INF INF INF INF INF INF INF INF INF INF INF INF INF INF INF INF INF INF INF INF INF INF INF INF INF INF INF 0 2 3 0 2 3 4 6 4 2 4 5 6 8 4 6 7 8 10 8 6 8 9 10 12 8 10 11 12 14 12 10 12 13 14 16 12 14 15 16 18 16 14 16 17 18 20 16 18 19 20 22 20 18 20 21 22 24 20 22 23 24 26 24 22 24 25 26 28 24 26 27 28 30 28 26 28 29 30 32 28 30 31 32 34 32 30 32 33 34 36 32 34 35 36 38 36 34 36 37 38 40 36 38 39 40 42 40 38 40 41 42 44 40 42 43 44 46 44 42 44 45 46 48 44 46 47 48 50 48 46 48 49 50 52 48 50 51 52 54 52 50 52 53 54 56 52 54 55 56 58 56 54 56 57 58 60 56 58 59 60 62 60 58 60 61 62 64 60 62 63 64 66 64 62 64 65 66 68 64 66 67 68 70 68 66 68 69 70 72 68 70 71 72 74 72 70 72 73 74 76 72 74 75 76 78 76 74 76 77 78 80 76 78 79 80 82 80 78 80 81 82 84 80 82 83 84 86 84 82 84 85 86 88 84 86 87 88 90 88 86 88 89 90 92 88 90 91 92 94 92 90 92 93 94 96 92 94 95 96 98 96 94 96 97 98 100 96 98 99 100 102 100 98 100 101 102 104 100 102 103 104 106 104 102 104 105 106 108 104 106 107 108 110 108 106 108 109 110 112 108 110 111 112 114 112 110 112 113 114 116 112 114 115 116 118 116 114 116 117 118 120 116 118 119 120 122 120 118 120 121 122 124 120 122 123 124 126 124 122 124 125 126 128 124 126 127 128 130 128 126 128 129 130 132 128 130 131 132 134 132 130 132 133 134 136 132 134 135 136 138 136 134 136 137 138 140 136 138 139 140 142 140 138 140 141 142 144 140 142 143 144 146 144 142 144 145 146 148 144 146 147 148 150 148 146 148 149 150 152 148 150 151 152 154 152 150 152 153 154 156 152 154 155 156
INF INF INF INF INF INF INF INF INF INF INF INF INF INF INF INF INF INF INF INF INF INF INF INF INF INF INF INF INF INF INF INF INF INF INF INF INF INF INF INF INF INF INF INF INF INF INF INF INF INF INF INF INF INF INF INF INF INF INF INF INF INF INF INF INF INF INF INF INF INF INF INF INF INF INF INF 0 2 -2 0 1 2 4 2 0 2 3 4 6 2 4 5 6 8 6 4 6 7 8 10 6 8 9 10 12 10 8 10 11 12 14 10 12 13 14 16 14 12 14 15 16 18 14 16 17 18 20 18 16 18 19 20 22 18 20 21 22 24 22 20 22 23 24 26 22 24 25 26 28 26 24 26 27 28 30 26 28 29 30 32 30 28 30 31 32 34 30 32 33 34 36 34 32 34 35 36 38 34 36 37 38 40 38 36 38 39 40 42 38 40 41 42 44 42 40 42 43 44 46 42 44 45 46 48 46 44 46 47 48 50 46 48 49 50 52 50 48 50 51 52 54 50 52 53 54 56 54 52 54 55 56 58 54 56 57 58 60 58 56 58 59 60 62 58 60 61 62 64 62 60 62 63 64 66 62 64 65 66 68 66 64 66 67 68 70 66 68 69 70 72 70 68 70 71 72 74 70 72 73 74 76 74 72 74 75 76 78 74 76 77 78 80 78 76 78 79 80 82 78 80 81 82 84 82 80 82 83 84 86 82 84 85 86 88 86 84 86 87 88 90 86 88 89 90 92 90 88 90 91 92 94 90 92 93 94 96 94 92 94 95 96 98 94 96 97 98 100 98 96 98 99 100 102 98 100 101 102 104 102 100 102 103 104 106 102 104 105 106 108 106 104 106 107 108 110 106 108 109 110 112 110 108 110 111 112 114 110 112 113 114 116 114 112 114 115 116 118 114 116 117 118 120 118 116 118 119 120 122 118 120 121 122 124 122 120 122 123 124 126 122 124 125 126 128 126 124 126 127 128 130 126 128 129 130 132 130 128 130 131 132 134 130 132 133 134 136 134 132 134 135 136 138 134 136 137 138 140 138 136 138 139 140 142 138 140 141 142 144 142 140 142 143 144 146 142 144 145 146 148 146 144 146 147 148 150 146 148 149 150 152 150 148 150 151 152 154 150 152 153 154
INF INF INF INF INF INF INF INF INF INF INF INF INF INF INF INF INF INF INF INF INF INF INF INF INF INF INF INF INF INF INF INF INF INF INF INF INF INF INF INF INF INF INF INF INF INF INF INF INF INF INF INF INF INF INF INF INF INF INF INF INF INF INF INF INF INF INF INF INF INF INF INF INF INF INF INF INF 0 2 3 4 6 7 5 4 6 7 8 10 6 8 9 10 12 10 8 10 11 12 14 10 12 13 14 16 14 12 14 15 16 18 14 16 17 18 20 18 16 18 19 20 22 18 20 21 22 24 22 20 22 23 24 26 22 24 25 26 28 26 24 26 27 28 30 26 28 29 30 32 30 28 30 31 32 34 30 32 33 34 36 34 32 34 35 36 38 34 36 37 38 40 38 36 38 39 40 42 38 40 41 42 44 42 40 42 43 44 46 42 44 45 46 48 46 44 46 47 48 50 46 48 49 50 52 50 48 50 51 52 54 50 52 53 54 56 54 52 54 55 56 58 54 56 57 58 60 58 56 58 59 60 62 58 60 61 62 64 62 60 62 63 64 66 62 64 65 66 68 66 64 66 67 68 70 66 68 69 70 72 70 68 70 71 72 74 70 72 73 74 76 74 72 74 75 76 78 74 76 77 78 80 78 76 78 79 80 82 78 80 81 82 84 82 80 82 83 84 86 82 84 85 86 88 86 84 86 87 88 90 86 88 89 90 92 90 88 90 91 92 94 90 92 93 94 96 94 92 94 95 96 98 94 96 97 98 100 98 96 98 99 100 102 98 100 101 102 104 102 100 102 103 104 106 102 104 105 106 108 106 104 106 107 108 110 106 108 109 110 112 110 108 110 111 112 114 110 112 113 114 116 114 112 114 115 116 118 114 116 117 118 120 118 116 118 119 120 122 118 120 121 122 124 122 120 122 123 124 126 122 124 125 126 128 126 124 126 127 128 130 126 128 129 130 132 130 128 130 131 132 134 130 132 133 134 136 134 132 134 135 136 138 134 136 137 138 140 138 136 138 139 140 142 138 140 141 142 144 142 140 142 143 144 146 142 144 145 146 148 146 144 146 147 148 150 146 148 149 150 152 150 148 150 151 152 154 150 152 153 154 156 154 152 154 155 156 158 154 156 157 158
INF INF INF INF INF INF INF INF INF INF INF INF INF INF INF INF INF INF INF INF INF INF INF INF INF INF INF INF INF INF INF INF INF INF INF INF INF INF INF INF INF INF INF INF INF INF INF INF INF INF INF INF INF INF INF INF INF INF INF INF INF INF INF INF INF INF INF INF INF INF INF INF INF INF INF INF INF INF 0 2 3 4 6 4 2 4 5 6 8 4 6 7 8 10 8 6 8 9 10 12 8 10 11 12 14 12 10 12 13 14 16 12 14 15 16 18 16 14 16 17 18 20 16 18 19 20 22 20 18 20 21 22 24 20 22 23 24 26 24 22 24 25 26 28 24 26 27 28 30 28 26 28 29 30 32 28 30 31 32 34 32 30 32 33 34 36 32 34 35 36 38 36 34 36 37 38 40 36 38 39 40 42 40 38 40 41 42 44 40 42 43 44 46 44 42 44 45 46 48 44 46 47 48 50 48 46 48 49 50 52 48 50 51 52 54 52 50 52 53 54 56 52 54 55 56 58 56 54 56 57 58 60 56 58 59 60 62 60 58 60 61 62 64 60 62 63 64 66 64 62 64 65 66 68 64 66 67 68 70 68 66 68 69 70 72 68 70 71 72 74 72 70 72 73 74 76 72 74 75 76 78 76 74 76 77 78 80 76 78 79 80 82 80 78 80 81 82 84 80 82 83 84 86 84 82 84 85 86 88 84 86 87 88 90 88 86 88 89 90 92 88 90 91 92 94 92 90 92 93 94 96 92 94 95 96 98 96 94 96 97 98 100 96 98 99 100 102 100 98 100 101 102 104 100 102 103 104 106 104 102 104 105 106 108 104 106 107 108 110 108 106 108 109 110 112 108 110 111 112 114 112 110 112 113 114 116 112 114 115 116 118 116 114 116 117 118 120 116 118 119 120 122 120 118 120 121 122 124 120 122 123 124 126 124 122 124 125 126 128 124 126 127 128 130 128 126 128 129 130 132 128 130 131 132 134 132 130 132 133 134 136 132 134 135 136 138 136 134 136 137 138 140 136 138 139 140 142 140 138 140 141 142 144 140 142 143 144 146 144 142 144 145 146 148 144 146 147 148 150 148 146 148 149 150 152 148 150 151 152 154 152 150 152 153 154 156 152 154 155 156
INF INF INF INF INF INF INF INF INF INF INF INF INF INF INF INF INF INF INF INF INF INF INF INF INF INF INF INF INF INF INF INF INF INF INF INF INF INF INF INF INF INF INF INF INF INF INF INF INF INF INF INF INF INF INF INF INF INF INF INF INF INF INF INF INF INF INF INF INF INF INF INF INF INF INF INF INF INF INF 0 2 3 4 2 1 3 4 5 7 3 5 6 7 9 7 5 7 8 9 11 7 9 10 11 13 11 9 11 12 13 15 11 13 14 15 17 15 13 15 16 17 19 15 17 18 19 21 19 17 19 20 21 23 19 21 22 23 25 23 21 23 24 25 27 23 25 26 27 29 27 25 27 28 29 31 27 29 30 31 33 31 29 31 32 33 35 31 33 34 35 37 35 33 35 36 37 39 35 37 38 39 41 39 37 39 40 41 43 39 41 42 43 45 43 41 43 44 45 47 43 45 46 47 49 47 45 47 48 49 51 47 49 50 51 53 51 49 51 52 53 55 51 53 54 55 57 55 53 55 56 57 59 55 57 58 59 61 59 57 59 60 61 63 59 61 62 63 65 63 61 63 64 65 67 63 65 66 67 69 67 65 67 68 69 71 67 69 70 71 73 71 69 71 72 73 75 71 73 74 75 77 75 73 75 76 77 79 75 77 78 79 81 79 77 79 80 81 83 79 81 82 83 85 83 81 83 84 85 87 83 85 86 87 89 87 85 87 88 89 91 87 89 90 91 93 91 89 91 92 93 95 91 93 94 95 97 95 93 95 96 97 99 95 97 98 99 101 99 97 99 100 101 103 99 101 102 103 105 103 101 103 104 105 107 103 105 106 107 109 107 105 107 108 109 111 107 109 110 111 113 111 109 111 112 113 115 111 113 114 115 117 115 113 115 116 117 119 115 117 118 119 121 119 117 119 120 121 123 119 121 122 123 125 123 121 123 124 125 127 123 125 126 127 129 127 125 127 128 129 131 127 129 130 131 133 131 129 131 132 133 135 131 133 134 135 137 135 133 135 136 137 139 135 137 138 139 141 139 137 139 140 141 143 139 141 142 143 145 143 141 143 144 145 147 143 145 146 147 149 147 145 147 148 149 151 147 149 150 151 153 151 149 151 152 153 155 151 153 154 155
INF INF INF INF INF INF INF INF INF INF INF INF INF INF INF INF INF INF INF INF INF INF INF INF INF INF INF INF INF INF INF INF INF INF INF INF INF INF INF INF INF INF INF INF INF INF INF INF INF INF INF INF INF INF INF INF INF INF INF INF INF INF INF INF INF INF INF INF INF INF INF INF INF INF INF INF INF INF INF INF 0 2 3 1 0 2 3 4 6 2 4 5 6 8 6 4 6 7 8 10 6 8 9 10 12 10 8 10 11 12 14 10 12 13 14 16 14 12 14 15 16 18 14 16 17 18 20 18 16 18 19 20 22 18 20 21 22 24 22 20 22 23 24 26 22 24 25 26 28 26 24 26 27 28 30 26 28 29 30 32 30 28 30 31 32 34 30 32 33 34 36 34 32 34 35 36 38 34 36 37 38 40 38 36 38 39 40 42 38 40 41 42 44 42 40 42 43 44 46 42 44 45 46 48 46 44 46 47 48 50 46 48 49 50 52 50 48 50 51 52 54 50 52 53 54 56 54 52 54 55 56 58 54 56 57 58 60 58 56 58 59 60 62 58 60 61 62 64 62 60 62 63 64 66 62 64 65 66 68 66 64 66 67 68 70 66 68 69 70 72 70 68 70 71 72 74 70 72 73 74 76 74 72 74 75 76 78 74 76 77 78 80 78 76 78 79 80 82 78 80 81 82 84 82 80 82 83 84 86 82 84 85 86 88 86 84 86 87 88 90 86 88 89 90 92 90 88 90 91 92 94 90 92 93 94 96 94 92 94 95 96 98 94 96 97 98 100 98 96 98 99 100 102 98 100 101 102 104 102 100 102 103 104 106 102 104 105 106 108 106 104 106 107 108 110 106 108 109 110 112 110 108 110 111 112 114 110 112 113 114 116 114 112 114 115 116 118 114 116 117 118 120 118 116 118 119 120 122 118 120 121 122 124 122 120 122 123 124 126 122 124 125 126 128 126 124 126 127 128 130 126 128 129 130 132 130 128 130 131 132 134 130 132 133 134 136 134 132 134 135 136 138 134 136 137 138 140 138 136 138 139 140 142 138 140 141 142 144 142 140 142 143 144 146 142 144 145 146 148 146 144 146 147 148 150 146 148 149 150 152 150 148 150 151 152 154 150 152 153 154
INF INF INF INF INF INF INF INF INF INF INF INF INF INF INF INF INF INF INF INF INF INF INF INF INF INF INF INF INF INF INF INF INF INF INF INF INF INF INF INF INF INF INF INF INF INF INF INF INF INF INF INF INF INF INF INF INF INF INF INF INF INF INF INF INF INF INF INF INF INF INF INF INF INF INF INF INF INF INF INF INF 0 2 0 -2 0 1 2 4 0 2 3 4 6 4 2 4 5 6 8 4 6 7 8 10 8 6 8 9 10 12 8 10 11 12 14 12 10 12 13 14 16 12 14 15 16 18 16 14 16 17 18 20 16 18 19 20 22 20 18 20 21 22 24 20 22 23 24 26 24 22 24 25 26 28 24 26 27 28 30 28 26 28 29 30 32 28 30 31 32 34 32 30 32 33 34 36 32 34 35 36 38 36 34 36 37 38 40 36 38 39 40 42 40 38 40 41 42 44 40 42 43 44 46 44 42 44 45 46 48 44 46 47 48 50 48 46 48 49 50 52 48 50 51 52 54 52 50 52 53 54 56 52 54 55 56 58 56 54 56 57 58 60 56 58 59 60 62 60 58 60 61 62 64 60 62 63 64 66 64 62 64 65 66 68 64 66 67 68 70 68 66 68 69 70 72 68 70 71 72 74 72 70 72 73 74 76 72 74 75 76 78 76 74 76 77 78 80 76 78 79 80 82 80 78 80 81 82 84 80 82 83 84 86 84 82 84 85 86 88 84 86 87 88 90 88 86 88 89 90 92 88 90 91 92 94 92 90 92 93 94 96 92 94 95 96 98 96 94 96 97 98 100 96 98 99 100 102 100 98 100 101 102 104 100 102 103 104 106 104 102 104 105 106 108 104 106 107 108 110 108 106 108 109 110 112 108 110 111 112 114 112 110 112 113 114 116 112 114 115 116 118 116 114 116 117 118 120 116 118 119 120 122 120 118 120 121 122 124 120 122 123 124 126 124 122 124 125 126 128 124 126 127 128 130 128 126 128 129 130 132 128 130 131 132 134 132 130 132 133 134 136 132 134 135 136 138 136 134 136 137 138 140 136 138 139 140 142 140 138 140 141 142 144 140 142 143 144 146 144 142 144 145 146 148 144 146 147 148 150 148 146 148 149 150 152 148 150 151 152
INF INF INF INF INF INF INF INF INF INF INF INF INF INF INF INF INF INF INF INF INF INF INF INF INF INF INF INF INF INF INF INF INF INF INF INF INF INF INF INF INF INF INF INF INF INF INF INF INF INF INF INF INF INF INF INF INF INF INF INF INF INF INF INF INF INF INF INF INF INF INF INF INF INF INF INF INF INF INF INF INF INF 0 -2 0 1 2 4 5 2 4 5 6 8 6 4 6 7 8 10 6 8 9 10 12 10 8 10 11 12 14 10 12 13 14 16 14 12 14 15 16 18 14 16 17 18 20 18 16 18 19 20 22 18 20 21 22 24 22 20 22 23 24 26 22 24 25 26 28 26 24 26 27 28 30 26 28 29 30 32 30 28 30 31 32 34 30 32 33 34 36 34 32 34 35 36 38 34 36 37 38 40 38 36 38 39 40 42 38 40 41 42 44 42 40 42 43 44 46 42 44 45 46 48 46 44 46 47 48 50 46 48 49 50 52 50 48 50 51 52 54 50 52 53 54 56 54 52 54 55 56 58 54 56 57 58 60 58 56 58 59 60 62 58 60 61 62 64 62 60 62 63 64 66 62 64 65 66 68 66 64 66 67 68 70 66 68 69 70 72 70 68 70 71 72 74 70 72 73 74 76 74 72 74 75 76 78 74 76 77 78 80 78 76 78 79 80 82 78 80 81 82 84 82 80 82 83 84 86 82 84 85 86 88 86 84 86 87 88 90 86 88 89 90 92 90 88 90 91 92 94 90 92 93 94 96 94 92 94 95 96 98 94 96 97 98 100 98 96 98 99 100 102 98 100 101 102 104 102 100 102 103 104 106 102 104 105 106 108 106 104 106 107 108 110 106 108 109 110 112 110 108 110 111 112 114 110 112 113 114 116 114 112 114 115 116 118 114 116 117 118 120 118 116 118 119 120 122 118 120 121 122 124 122 120 122 123 124 126 122 124 125 126 128 126 124 126 127 128 130 126 128 129 130 132 130 128 130 131 132 134 130 132 133 134 136 134 132 134 135 136 138 134 136 137 138 140 138 136 138 139 140 142 138 140 141 142 144 142 140 142 143 144 146 142 144 145 146 148 146 144 146 147 148 150 146 148 149 150 152 150 148 150 151 152 154 150 152 153 154
INF INF INF INF INF INF INF INF INF INF INF INF INF INF INF INF INF INF INF INF INF INF INF INF INF INF INF INF INF INF INF INF INF INF INF INF INF INF INF INF INF INF INF INF INF INF INF INF INF INF INF INF INF INF INF INF INF INF INF INF INF INF INF INF INF INF INF INF INF INF INF INF INF INF INF INF INF INF INF INF INF INF INF 0 2 3 4 6 7 4 6 7 8 10 8 6 8 9 10 12 8 10 11 12 14 12 10 12 13 14 16 12 14 15 16 18 16 14 16 17 18 20 16 18 19 20 22 20 18 20 21 22 24 20 22 23 24 26 24 22 24 25 26 28 24 26 27 28 30 28 26 28 29 30 32 28 30 31 32 34 32 30 32 33 34 36 32 34 35 36 38 36 34 36 37 38 40 36 38 39 40 42 40 38 40 41 42 44 40 42 43 44 46 44 42 44 45 46 48 44 46 47 48 50 48 46 48 49 50 52 48 50 51 52 54 52 50 52 53 54 56 52 54 55 56 58 56 54 56 57 58 60 56 58 59 60 62 60 58 60 61 62 64 60 62 63 64 66 64 62 64 65 66 68 64 66 67 68 70 68 66 68 69 70 72 68 70 71 72 74 72 70 72 73 74 76 72 74 75 76 78 76 74 76 77 78 80 76 78 79 80 82 80 78 80 81 82 84 80 82 83 84 86 84 82 84 85 86 88 84 86 87 88 90 88 86 88 89 90 92 88 90 91 92 94 92 90 92 93 94 96 92 94 95 96 98 96 94 96 97 98 100 96 98 99 100 102 100 98 100 101 102 104 100 102 103 104 106 104 102 104 105 106 108 104 106 107 108 110 108 106 108 109 110 112 108 110 111 112 114 112 110 112 113 114 116 112 114 115 116 118 116 114 116 117 118 120 116 118 119 120 122 120 118 120 121 122 124 120 122 123 124 126 124 122 124 125 126 128 124 126 127 128 130 128 126 128 129 130 132 128 130 131 132 134 132 130 132 133 134 136 132 134 135 136 138 136 134 136 137 138 140 136 138 139 140 142 140 138 140 141 142 144 140 142 143 144 146 144 142 144 145 146 148 144 146 147 148 150 148 146 148 149 150 152 148 150 151 152 154 152 150 152 153 154 156 152 154 155 156
INF INF INF INF INF INF INF INF INF INF INF INF INF INF INF INF INF INF INF INF INF INF INF INF INF INF INF INF INF INF INF INF INF INF INF INF INF INF INF INF INF INF INF INF INF INF INF INF INF INF INF INF INF INF INF INF INF INF INF INF INF INF INF INF INF INF INF INF INF INF INF INF INF INF INF INF INF INF INF INF INF INF INF INF 0 2 3 4 6 2 4 5 6 8 6 4 6 7 8 10 6 8 9 10 12 10 8 10 11 12 14 10 12 13 14 16 14 12 14 15 16 18 14 16 17 18 20 18 16 18 19 20 22 18 20 21 22 24 22 20 22 23 24 26 22 24 25 26 28 26 24 26 27 28 30 26 28 29 30 32 30 28 30 31 32 34 30 32 33 34 36 34 32 34 35 36 38 34 36 37 38 40 38 36 38 39 40 42 38 40 41 42 44 42 40 42 43 44 46 42 44 45 46 48 46 44 46 47 48 50 46 48 49 50 52 50 48 50 51 52 54 50 52 53 54 56 54 52 54 55 56 58 54 56 57 58 60 58 56 58 59 60 62 58 60 61 62 64 62 60 62 63 64 66 62 64 65 66 68 66 64 66 67 68 70 66 68 69 70 72 70 68 70 71 72 74 70 72 73 74 76 74 72 74 75 76 78 74 76 77 78 80 78 76 78 79 80 82 78 80 81 82 84 82 80 82 83 84 86 82 84 85 86 88 86 84 86 87 88 90 86 88 89 90 92 90 88 90 91 92 94 90 92 93 94 96 94 92 94 95 96 98 94 96 97 98 100 98 96 98 99 100 102 98 100 101 102 104 102 100 102 103 104 106 102 104 105 106 108 106 104 106 107 108 110 106 108 109 110 112 110 108 110 111 112 114 110 112 113 114 116 114 112 114 115 116 118 114 116 117 118 120 118 116 118 119 120 122 118 120 121 122 124 122 120 122 123 124 126 122 124 125 126 128 126 124 126 127 128 130 126 128 129 130 132 130 128 130 131 132 134 130 132 133 134 136 134 132 134 135 136 138 134 136 137 138 140 138 136 138 139 140 142 138 140 141 142 144 142 140 142 143 144 146 142 144 145 146 148 146 144 146 147 148 150 146 148 149 150 152 150 148 150 151 152 154 150 152 153 154
INF INF INF INF INF INF INF INF INF INF INF INF INF INF INF INF INF INF INF INF INF INF INF INF INF INF INF INF INF INF INF INF INF INF INF INF INF INF INF INF INF INF INF INF INF INF INF INF INF INF INF INF INF INF INF INF INF INF INF INF INF INF INF INF INF INF INF INF INF INF INF INF INF INF INF INF INF INF INF INF INF INF INF INF INF 0 2 3 4 1 3 4 5 7 5 3 5 6 7 9 5 7 8 9 11 9 7 9 10 11 13 9 11 12 13 15 13 11 13 14 15 17 13 15 16 17 19 17 15 17 18 19 21 17 19 20 21 23 21 19 21 22 23 25 21 23 24 25 27 25 23 25 26 27 29 25 27 28 29 31 29 27 29 30 31 33 29 31 32 33 35 33 31 33 34 35 37 33 35 36 37 39 37 35 37 38 39 41 37 39 40 41 43 41 39 41 42 43 45 41 43 44 45 47 45 43 45 46 47 49 45 47 48 49 51 49 47 49 50 51 53 49 51 52 53 55 53 51 53 54 55 57 53 55 56 57 59 57 55 57 58 59 61 57 59 60 61 63 61 59 61 62 63 65 61 63 64 65 67 65 63 65 66 67 69 65 67 68 69 71 69 67 69 70 71 73 69 71 72 73 75 73 71 73 74 75 77 73 75 76 77 79 77 75 77 78 79 81 77 79 80 81 83 81 79 81 82 83 85 81 83 84 85 87 85 83 85 86 87 89 85 87 88 89 91 89 87 89 90 91 93 89 91 92 93 95 93 91 93 94 95 97 93 95 96 97 99 97 95 97 98 99 101 97 99 100 101 103 101 99 101 102 103 105 101 103 104 105 107 105 103 105 106 107 109 105 107 108 109 111 109 107 109 110 111 113 109 111 112 113 115 113 111 113 114 115 117 113 115 116 117 119 117 115 117 118 119 121 117 119 120 121 123 121 119 121 122 123 125 121 123 124 125 127 125 123 125 126 127 129 125 127 128 129 131 129 127 129 130 131 133 129 131 132 133 135 133 131 133 134 135 137 133 135 136 137 139 137 135 137 138 139 141 137 139 140 141 143 141 139 141 142 143 145 141 143 144 145 147 145 143 145 146 147 149 145 147 148 149 151 149 147 149 150 151 153 149 151 152 153
INF INF INF INF INF INF INF INF INF INF INF INF INF INF INF INF INF INF INF INF INF INF INF INF INF INF INF INF INF INF INF INF INF INF INF INF INF INF INF INF INF INF INF INF INF INF INF INF INF INF INF INF INF INF INF INF INF INF INF INF INF INF INF INF INF INF INF INF INF INF INF INF INF INF INF INF INF INF INF INF INF INF INF INF INF INF 0 2 3 0 2 3 4 6 4 2 4 5 6 8 4 6 7 8 10 8 6 8 9 10 12 8 10 11 12 14 12 10 12 13 14 16 12 14 15 16 18 16 14 16 17 18 20 16 18 19 20 22 20 18 20 21 22 24 20 22 23 24 26 24 22 24 25 26 28 24 26 27 28 30 28 26 28 29 30 32 28 30 31 32 34 32 30 32 33 34 36 32 34 35 36 38 36 34 36 37 38 40 36 38 39 40 42 40 38 40 41 42 44 40 42 43 44 46 44 42 44 45 46 48 44 46 47 48 50 48 46 48 49 50 52 48 50 51 52 54 52 50 52 53 54 56 52 54 55 56 58 56 54 56 57 58 60 56 58 59 60 62 60 58 60 61 62 64 60 62 63 64 66 64 62 64 65 66 68 64 66 67 68 70 68 66 68 69 70 72 68 70 71 72 74 72 70 72 73 74 76 72 74 75 76 78 76 74 76 77 78 80 76 78 79 80 82 80 78 80 81 82 84 80 82 83 84 86 84 82 84 85 86 88 84 86 87 88 90 88 86 88 89 90 92 88 90 91 92 94 92 90 92 93 94 96 92 94 95 96 98 96 94 96 97 98 100 96 98 99 100 102 100 98 100 101 102 104 100 102 103 104 106 104 102 104 105 106 108 104 106 107 108 110 108 106 108 109 110 112 108 110 111 112 114 112 110 112 113 114 116 112 114 115 116 118 116 114 116 117 118 120 116 118 119 120 122 120 118 120 121 122 124 120 122 123 124 126 124 122 124 125 126 128 124 126 127 128 130 128 126 128 129 130 132 128 130 131 132 134 132 130 132 133 134 136 132 134 135 136 138 136 134 136 137 138 140 136 138 139 140 142 140 138 140 141 142 144 140 142 143 144 146 144 142 144 145 146 148 144 146 147 148 150 148 146 148 149 150 152 148 150 151 152
INF INF INF INF INF INF INF INF INF INF INF INF INF INF INF INF INF INF INF INF INF INF INF INF INF INF INF INF INF INF INF INF INF INF INF INF INF INF INF INF INF INF INF INF INF INF INF INF INF INF INF INF INF INF INF INF INF INF INF INF INF INF INF INF INF INF INF INF INF INF INF INF INF INF INF INF INF INF INF INF INF INF INF INF INF INF INF 0 2 -2 0 1 2 4 2 0 2 3 4 6 2 4 5 6 8 6 4 6 7 8 10 6 8 9 10 12 10 8 10 11 12 14 10 12 13 14 16 14 12 14 15 16 18 14 16 17 18 20 18 16 18 19 20 22 18 20 21 22 24 22 20 22 23 24 26 22 24 25 26 28 26 24 26 27 28 30 26 28 29 30 32 30 28 30 31 32 34 30 32 33 34 36 34 32 34 35 36 38 34 36 37 38 40 38 36 38 39 40 42 38 40 41 42 44 42 40 42 43 44 46 42 44 45 46 48 46 44 46 47 48 50 46 48 49 50 52 50 48 50 51 52 54 50 52 53 54 56 54 52 54 55 56 58 54 56 57 58 60 58 56 58 59 60 62 58 60 61 62 64 62 60 62 63 64 66 62 64 65 66 68 66 64 66 67 68 70 66 68 69 70 72 70 68 70 71 72 74 70 72 73 74 76 74 72 74 75 76 78 74 76 77 78 80 78 76 78 79 80 82 78 80 81 82 84 82 80 82 83 84 86 82 84 85 86 88 86 84 86 87 88 90 86 88 89 90 92 90 88 90 91 92 94 90 92 93 94 96 94 92 94 95 96 98 94 96 97 98 100 98 96 98 99 100 102 98 100 101 102 104 102 100 102 103 104 106 102 104 105 106 108 106 104 106 107 108 110 106 108 109 110 112 110 108 110 111 112 114 110 112 113 114 116 114 112 114 115 116 118 114 116 117 118 120 118 116 118 119 120 122 118 120 121 122 124 122 120 122 123 124 126 122 124 125 126 128 126 124 126 127 128 130 126 128 129 130 132 130 128 130 131 132 134 130 132 133 134 136 134 132 134 135 136 138 134 136 137 138 140 138 136 138 139 140 142 138 140 141 142 144 142 140 142 143 144 146 142 144 145 146 148 146 144 146 147 148 150 146 148 149 150
INF INF INF INF INF INF INF INF INF INF INF INF INF INF INF INF INF INF INF INF INF INF INF INF INF INF INF INF INF INF INF INF INF INF INF INF INF INF INF INF INF INF INF INF INF INF INF INF INF INF INF INF INF INF INF INF INF INF INF INF INF INF INF INF INF INF INF INF INF INF INF INF INF INF INF INF INF INF INF INF INF INF INF INF INF INF INF INF 0 2 3 4 6 7 5 4 6 7 8 10 6 8 9 10 12 10 8 10 11 12 14 10 12 13 14 16 14 12 14 15 16 18 14 16 17 18 20 18 16 18 19 20 22 18 20 21 22 24 22 20 22 23 24 26 22 24 25 26 28 26 24 26 27 28 30 26 28 29 30 32 30 28 30 31 32 34 30 32 33 34 36 34 32 34 35 36 38 34 36 37 38 40 38 36 38 39 40 42 38 40 41 42 44 42 40 42 43 44 46 42 44 45 46 48 46 44 46 47 48 50 46 48 49 50 52 50 48 50 51 52 54 50 52 53 54 56 54 52 54 55 56 58 54 56 57 58 60 58 56 58 59 60 62 58 60 61 62 64 62 60 62 63 64 66 62 64 65 66 68 66 64 66 67 68 70 66 68 69 70 72 70 68 70 71 72 74 70 72 73 74 76 74 72 74 75 76 78 74 76 77 78 80 78 76 78 79 80 82 78 80 81 82 84 82 80 82 83 84 86 82 84 85 86 88 86 84 86 87 88 90 86 88 89 90 92 90 88 90 91 92 94 90 92 93 94 96 94 92 94 95 96 98 94 96 97 98 100 98 96 98 99 100 102 98 100 101 102 104 102 100 102 103 104 106 102 104 105 106 108 106 104 106 107 108 110 106 108 109 110 112 110 108 110 111 112 114 110 112 113 114 116 114 112 114 115 116 118 114 116 117 118 120 118 116 118 119 120 122 118 120 121 122 124 122 120 122 123 124 126 122 124 125 126 128 126 124 126 127 128 130 126 128 129 130 132 130 128 130 131 132 134 130 132 133 134 136 134 132 134 135 136 138 134 136 137 138 140 138 136 138 139 140 142 138 140 141 142 144 142 140 142 143 144 146 142 144 145 146 148 146 144 146 147 148 150 146 148 149 150 152 150 148 150 151 152 154 150 152 153 154
INF INF INF INF INF INF INF INF INF INF INF INF INF INF INF INF INF INF INF INF INF INF INF INF INF INF INF INF INF INF INF INF INF INF INF INF INF INF INF INF INF INF INF INF INF INF INF INF INF INF INF INF INF INF INF INF INF INF INF INF INF INF INF INF INF INF INF INF INF INF INF INF INF INF INF INF INF INF INF INF INF INF INF INF INF INF INF INF INF 0 2 3 4 6 4 2 4 5 6 8 4 6 7 8 10 8 6 8 9 10 12 8 10 11 12 14 12 10 12 13 14 16 12 14 15 16 18 16 14 16 17 18 20 16 18 19 20 22 20 18 20 21 22 24 20 22 23 24 26 24 22 24 25 26 28 24 26 27 28 30 28 26 28 29 30 32 28 30 31 32 34 32 30 32 33 34 36 32 34 35 36 38 36 34 36 37 38 40 36 38 39 40 42 40 38 40 41 42 44 40 42 43 44 46 44 42 44 45 46 48 44 46 47 48 50 48 46 48 49 50 52 48 50 51 52 54 52 50 52 53 54 56 52 54 55 56 58 56 54 56 57 58 60 56 58 59 60 62 60 58 60 61 62 64 60 62 63 64 66 64 62 64 65 66 68 64 66 67 68 70 68 66 68 69 70 72 68 70 71 72 74 72 70 72 73 74 76 72 74 75 76 78 76 74 76 77 78 80 76 78 79 80 82 80 78 80 81 82 84 80 82 83 84 86 84 82 84 85 86 88 84 86 87 88 90 88 86 88 89 90 92 88 90 91 92 94 92 90 92 93 94 96 92 94 95 96 98 96 94 96 97 98 100 96 98 99 100 102 100 98 100 101 102 104 100 102 103 104 106 104 102 104 105 106 108 104 106 107 108 110 108 106 108 109 110 112 108 110 111 112 114 112 110 112 113 114 116 112 114 115 116 118 116 114 116 117 118 120 116 118 119 120 122 120 118 120 121 122 124 120 122 123 124 126 124 122 124 125 126 128 124 126 127 128 130 128 126 128 129 130 132 128 130 131 132 134 132 130 132 133 134 136 132 134 135 136 138 136 134 136 137 138 140 136 138 139 140 142 140 138 140 141 142 144 140 142 143 144 146 144 142 144 145 146 148 144 146 147 148 150 148 146 148 149 150 152 148 150 151 152
INF INF INF INF INF INF INF INF INF INF INF INF INF INF INF INF INF INF INF INF INF INF INF INF INF INF INF INF INF INF INF INF INF INF INF INF INF INF INF INF INF INF INF INF INF INF INF INF INF INF INF INF INF INF INF INF INF INF INF INF INF INF INF INF INF INF INF INF INF INF INF INF INF INF INF INF INF INF INF INF INF INF INF INF INF INF INF INF INF INF 0 2 3 4 2 1 3 4 5 7 3 5 6 7 9 7 5 7 8 9 11 7 9 10 11 13 11 9 11 12 13 15 11 13 14 15 17 15 13 15 16 17 19 15 17 18 19 21 19 17 19 20 21 23 19 21 22 23 25 23 21 23 24 25 27 23 25 26 27 29 27 25 27 28 29 31 27 29 30 31 33 31 29 31 32 33 35 31 33 34 35 37 35 33 35 36 37 39 35 37 38 39 41 39 37 39 40 41 43 39 41 42 43 45 43 41 43 44 45 47 43 45 46 47 49 47 45 47 48 49 51 47 49 50 51 53 51 49 51 52 53 55 51 53 54 55 57 55 53 55 56 57 59 55 57 58 59 61 59 57 59 60 61 63 59 61 62 63 65 63 61 63 64 65 67 63 65 66 67 69 67 65 67 68 69 71 67 69 70 71 73 71 69 71 72 73 75 71 73 74 75 77 75 73 75 76 77 79 75 77 78 79 81 79 77 79 80 81 83 79 81 82 83 85 83 81 83 84 85 87 83 85 86 87 89 87 85 87 88 89 91 87 89 90 91 93 91 89 91 92 93 95 91 93 94 95 97 95 93 95 96 97 99 95 97 98 99 101 99 97 99 100 101 103 99 101 102 103 105 103 101 103 104 105 107 103 105 106 107 109 107 105 107 108 109 111 107 109 110 111 113 111 109 111 112 113 115 111 113 114 115 117 115 113 115 116 117 119 115 117 118 119 121 119 117 119 120 121 123 119 121 122 123 125 123 121 123 124 125 127 123 125 126 127 129 127 125 127 128 129 131 127 129 130 131 133 131 129 131 132 133 135 131 133 134 135 137 135 133 135 136 137 139 135 137 138 139 141 139 137 139 140 141 143 139 141 142 143 145 143 141 143 144 145 147 143 145 146 147 149 147 145 147 148 149 151 147 149 150 151
INF INF INF INF INF INF INF INF INF INF INF INF INF INF INF INF INF INF INF INF INF INF INF INF INF INF INF INF INF INF INF INF INF INF INF INF INF INF INF INF INF INF INF INF INF INF INF INF INF INF INF INF INF INF INF INF INF INF INF INF INF INF INF INF INF INF INF INF INF INF INF INF INF INF INF INF INF INF INF INF INF INF INF INF INF INF INF INF INF INF INF 0 2 3 1 0 2 3 4 6 2 4 5 6 8 6 4 6 7 8 10 6 8 9 10 12 10 8 10 11 12 14 10 12 13 14 16 14 12 14 15 16 18 14 16 17 18 20 18 16 18 19 20 22 18 20 21 22 24 22 20 22 23 24 26 22 24 25 26 28 26 24 26 27 28 30 26 28 29 30 32 30 28 30 31 32 34 30 32 33 34 36 34 32 34 35 36 38 34 36 37 38 40 38 36 38 39 40 42 38 40 41 42 44 42 40 42 43 44 46 42 44 45 46 48 46 44 46 47 48 50 46 48 49 50 52 50 48 50 51 52 54 50 52 53 54 56 54 52 54 55 56 58 54 56 57 58 60 58 56 58 59 60 62 58 60 61 62 64 62 60 62 63 64 66 62 64 65 66 68 66 64 66 67 68 70 66 68 69 70 72 70 68 70 71 72 74 70 72 73 74 76 74 72 74 75 76 78 74 76 77 78 80 78 76 78 79 80 82 78 80 81 82 84 82 80 82 83 84 86 82 84 85 86 88 86 84 86 87 88 90 86 88 89 90 92 90 88 90 91 92 94 90 92 93 94 96 94 92 94 95 96 98 94 96 97 98 100 98 96 98 99 100 102 98 100 101 102 104 102 100 102 103 104 106 102 104 105 106 108 106 104 106 107 108 110 106 108 109 110 112 110 108 110 111 112 114 110 112 113 114 116 114 112 114 115 116 118 114 116 117 118 120 118 116 118 119 120 122 118 120 121 122 124 122 120 122 123 124 126 122 124 125 126 128 126 124 126 127 128 130 126 128 129 130 132 130 128 130 131 132 134 130 132 133 134 136 134 132 134 135 136 138 134 136 137 138 140 138 136 138 139 140 142 138 140 141 142 144 142 140 142 143 144 146 142 144 145 146 148 146 144 146 147 148 150 146 148 149 150
INF INF INF INF INF INF INF INF INF INF INF INF INF INF INF INF INF INF INF INF INF INF INF INF INF INF INF INF INF INF INF INF INF INF INF INF INF INF INF INF INF INF INF INF INF INF INF INF INF INF INF INF INF INF INF INF INF INF INF INF INF INF INF INF INF INF INF INF INF INF INF INF INF INF INF INF INF INF INF INF INF INF INF INF INF INF INF INF INF INF INF INF 0 2 0 -2 0 1 2 4 0 2 3 4 6 4 2 4 5 6 8 4 6 7 8 10 8 6 8 9 10 12 8 10 11 12 14 12 10 12 13 14 16 12 14 15 16 18 16 14 16 17 18 20 16 18 19 20 22 20 18 20 21 22 24 20 22 23 24 26 24 22 24 25 26 28 24 26 27 28 30 28 26 28 29 30 32 28 30 31 32 34 32 30 32 33 34 36 32 34 35 36 38 36 34 36 37 38 40 36 38 39 40 42 40 38 40 41 42 44 40 42 43 44 46 44 42 44 45 46 48 44 46 47 48 50 48 46 48 49 50 52 48 50 51 52 54 52 50 52 53 54 56 52 54 55 56 58 56 54 56 57 58 60 56 58 59 60 62 60 58 60 61 62 64 60 62 63 64 66 64 62 64 65 66 68 64 66 67 68 70 68 66 68 69 70 72 68 70 71 72 74 72 70 72 73 74 76 72 74 75 76 78 76 74 76 77 78 80 76 78 79 80 82 80 78 80 81 82 84 80 82 83 84 86 84 82 84 85 86 88 84 86 87 88 90 88 86 88 89 90 92 88 90 91 92 94 92 90 92 93 94 96 92 94 95 96 98 96 94 96 97 98 100 96 98 99 100 102 100 98 100 101 102 104 100 102 103 104 106 104 102 104 105 106 108 104 106 107 108 110 108 106 108 109 110 112 108 110 111 112 114 112 110 112 113 114 116 112 114 115 116 118 116 114 116 117 118 120 116 118 119 120 122 120 118 120 121 122 124 120 122 123 124 126 124 122 124 125 126 128 124 126 127 128 130 128 126 128 129 130 132 128 130 131 132 134 132 130 132 133 134 136 132 134 135 136 138 136 134 136 137 138 140 136 138 139 140 142 140 138 140 141 142 144 140 142 143 144 146 144 142 144 145 146 148 144 146 147 148
INF INF INF INF INF INF INF INF INF INF INF INF INF INF INF INF INF INF INF INF INF INF INF INF INF INF INF INF INF INF INF INF INF INF INF INF INF INF INF INF INF INF INF INF INF INF INF INF INF INF INF INF INF INF INF INF INF INF INF INF INF INF INF INF INF INF INF INF INF INF INF INF INF INF INF INF INF INF INF INF INF INF INF INF INF INF INF INF INF INF INF INF INF 0 -2 0 1 2 4 5 2 4 5 6 8 6 4 6 7 8 10 6 8 9 10 12 10 8 10 11 12 14 10 12 13 14 16 14 12 14 15 16 18 14 16 17 18 20 18 16 18 19 20 22 18 20 21 22 24 22 20 22 23 24 26 22 24 25 26 28 26 24 26 27 28 30 26 28 29 30 32 30 28 30 31 32 34 30 32 33 34 36 34 32 34 35 36 38 34 36 37 38 40 38 36 38 39 40 42 38 40 41 42 44 42 40 42 43 44 46 42 44 45 46 48 46 44 46 47 48 50 46 48 49 50 52 50 48 50 51 52 54 50 52 53 54 56 54 52 54 55 56 58 54 56 57 58 60 58 56 58 59 60 62 58 60 61 62 64 62 60 62 63 64 66 62 64 65 66 68 66 64 66 67 68 70 66 68 69 70 72 70 68 70 71 72 74 70 72 73 74 76 74 72 74 75 76 78 74 76 77 78 80 78 76 78 79 80 82 78 80 81 82 84 82 80 82 83 84 86 82 84 85 86 88 86 84 86 87 88 90 86 88 89 90 92 90 88 90 91 92 94 90 92 93 94 96 94 92 94 95 96 98 94 96 97 98 100 98 96 98 99 100 102 98 100 101 102 104 102 100 102 103 104 106 102 104 105 106 108 106 104 106 107 108 110 106 108 109 110 112 110 108 110 111 112 114 110 112 113 114 116 114 112 114 115 116 118 114 116 117 118 120 118 116 118 119 120 122 118 120 121 122 124 122 120 122 123 124 126 122 124 125 126 128 126 124 126 127 128 130 126 128 129 130 132 130 128 130 131 132 134 130 132 133 134 136 134 132 134 135 136 138 134 136 137 138 140 138 136 138 139 140 142 138 140 141 142 144 142 140 142 143 144 146 142 144 145 146 148 146 144 146 147 148 150 146 148 149 150
INF INF INF INF INF INF INF INF INF INF INF INF INF INF INF INF INF INF INF INF INF INF INF INF INF INF INF INF INF INF INF INF INF INF INF INF INF INF INF INF INF INF INF INF INF INF INF INF INF INF INF INF INF INF INF INF INF INF INF INF INF INF INF INF INF INF INF INF INF INF INF INF INF INF INF INF INF INF INF INF INF INF INF INF INF INF INF INF INF INF INF INF INF INF 0 2 3 4 6 7 4 6 7 8 10 8 6 8 9 10 12 8 10 11 12 14 12 10 12 13 14 16 12 14 15 16 18 16 14 16 17 18 20 16 18 19 20 22 20 18 20 21 22 24 20 22 23 24 26 24 22 24 25 26 28 24 26 27 28 30 28 26 28 29 30 32 28 30 31 32 34 32 30 32 33 34 36 32 34 35 36 38 36 34 36 37 38 40 36 38 39 40 42 40 38 40 41 42 44 40 42 43 44 46 44 42 44 45 46 48 44 46 47 48 50 48 46 48 49 50 52 48 50 51 52 54 52 50 52 53 54 56 52 54 55 56 58 56 54 56 57 58 60 56 58 59 60 62 60 58 60 61 62 64 60 62 63 64 66 64 62 64 65 66 68 64 66 67 68 70 68 66 68 69 70 72 68 70 71 72 74 72 70 72 73 74 76 72 74 75 76 78 76 74 76 77 78 80 76 78 79 80 82 80 78 80 81 82 84 80 82 83 84 86 84 82 84 85 86 88 84 86 87 88 90 88 86 88 89 90 92 88 90 91 92 94 92 90 92 93 94 96 92 94 95 96 98 96 94 96 97 98 100 96 98 99 100 102 100 98 100 101 102 104 100 102 103 104 106 104 102 104 105 106 108 104 106 107 108 110 108 106 108 109 110 112 108 110 111 112 114 112 110 112 113 114 116 112 114 115 116 118 116 114 116 117 118 120 116 118 119 120 122 120 118 120 121 122 124 120 122 123 124 126 124 122 124 125 126 128 124 126 127 128 130 128 126 128 129 130 132 128 130 131 132 134 132 130 132 133 134 136 132 134 135 136 138 136 134 136 137 138 140 136 138 139 140 142 140 138 140 141 142 144 140 142 143 144 146 144 142 144 145 146 148 144 146 147 148 150 148 146 148 149 150 152 148 150 151 152
INF INF INF INF INF INF INF INF INF INF INF INF INF INF INF INF INF INF INF INF INF INF INF INF INF INF INF INF INF INF INF INF INF INF INF INF INF INF INF INF INF INF INF INF INF INF INF INF INF INF INF INF INF INF INF INF INF INF INF INF INF INF INF INF INF INF INF INF INF INF INF INF INF INF INF INF INF INF INF INF INF INF INF INF INF INF INF INF INF INF INF INF INF INF INF 0 2 3 4 6 2 4 5 6 8 6 4 6 7 8 10 6 8 9 10 12 10 8 10 11 12 14 10 12 13 14 16 14 12 14 15 16 18 14 16 17 18 20 18 16 18 19 20 22 18 20 21 22 24 22 20 22 23 24 26 22 24 25 26 28 26 24 26 27 28 30 26 28 29 30 32 30 28 30 31 32 34 30 32 33 34 36 34 32 34 35 36 38 34 36 37 38 40 38 36 38 39 40 42 38 40 41 42 44 42 40 42 43 44 46 42 44 45 46 48 46 44 46 47 48 50 46 48 49 50 52 50 48 50 51 52 54 50 52 53 54 56 54 52 54 55 56 58 54 56 57 58 60 58 56 58 59 60 62 58 60 61 62 64 62 60 62 63 64 66 62 64 65 66 68 66 64 66 67 68 70 66 68 69 70 72 70 68 70 71 72 74 70 72 73 74 76 74 72 74 75 76 78 74 76 77 78 80 78 76 78 79 80 82 78 80 81 82 84 82 80 82 83 84 86 82 84 85 86 88 86 84 86 87 88 90 86 88 89 90 92 90 88 90 91 92 94 90 92 93 94 96 94 92 94 95 96 98 94 96 97 98 100 98 96 98 99 100 102 98 100 101 102 104 102 100 102 103 104 106 102 104 105 106 108 106 104 106 107 108 110 106 108 109 110 112 110 108 110 111 112 114 110 112 113 114 116 114 112 114 115 116 118 114 116 117 118 120 118 116 118 119 120 122 118 120 121 122 124 122 120 122 123 124 126 122 124 125 126 128 126 124 126 127 128 130 126 128 129 130 132 130 128 130 131 132 134 130 132 133 134 136 134 132 134 135 136 138 134 136 137 138 140 138 136 138 139 140 142 138 140 141 142 144 142 140 142 143 144 146 142 144 145 146 148 146 144 146 147 148 150 146 148 149 150
INF INF INF INF INF INF INF INF INF INF INF INF INF INF INF INF INF INF INF INF INF INF INF INF INF INF INF INF INF INF INF INF INF INF INF INF INF INF INF INF INF INF INF INF INF INF INF INF INF INF INF INF INF INF INF INF INF INF INF INF INF INF INF INF INF INF INF INF INF INF INF INF INF INF INF INF INF INF INF INF INF INF INF INF INF INF INF INF INF INF INF INF INF INF INF INF 0 2 3 4 1 3 4 5 7 5 3 5 6 7 9 5 7 8 9 11 9 7 9 10 11 13 9 11 12 13 15 13 11 13 14 15 17 13 15 16 17 19 17 15 17 18 19 21 17 19 20 21 23 21 19 21 22 23 25 21 23 24 25 27 25 23 25 26 27 29 25 27 28 29 31 29 27 29 30 31 33 29 31 32 33 35 33 31 33 34 35 37 33 35 36 37 39 37 35 37 38 39 41 37 39 40 41 43 41 39 41 42 43 45 41 43 44 45 47 45 43 45 46 47 49 45 47 48 49 51 49 47 49 50 51 53 49 51 52 53 55 53 51 53 54 55 57 53 55 56 57 59 57 55 57 58 59 61 57 59 60 61 63 61 59 61 62 63 65 61 63 64 65 67 65 63 65 66 67 69 65 67 68 69 71 69 67 69 70 71 73 69 71 72 73 75 73 71 73 74 75 77 73 75 76 77 79 77 75 77 78 79 81 77 79 80 81 83 81 79 81 82 83 85 81 83 84 85 87 85 83 85 86 87 89 85 87 88 89 91 89 87 89 90 91 93 89 91 92 93 95 93 91 93 94 95 97 93 95 96 97 99 97 95 97 98 99 101 97 99 100 101 103 101 99 101 102 103 105 101 103 104 105 107 105 103 105 106 107 109 105 107 108 109 111 109 107 109 110 111 113 109 111 112 113 115 113 111 113 114 115 117 113 115 116 117 119 117 115 117 118 119 121 117 119 120 121 123 121 119 121 122 123 125 121 123 124 125 127 125 123 125 126 127 129 125 127 128 129 131 129 127 129 130 131 133 129 131 132 133 135 133 131 133 134 135 137 133 135 136 137 139 137 135 137 138 139 141 137 139 140 141 143 141 139 141 142 143 145 141 143 144 145 147 145 143 145 146 147 149 145 147 148 149
INF INF INF INF INF INF INF INF INF INF INF INF INF INF INF INF INF INF INF INF INF INF INF INF INF INF INF INF INF INF INF INF INF INF INF INF INF INF INF INF INF INF INF INF INF INF INF INF INF INF INF INF INF INF INF INF INF INF INF INF INF INF INF INF INF INF INF INF INF INF INF INF INF INF INF INF INF INF INF INF INF INF INF INF INF INF INF INF INF INF INF INF INF INF INF INF INF 0 2 3 0 2 3 4 6 4 2 4 5 6 8 4 6 7 8 10 8 6 8 9 10 12 8 10 11 12 14 12 10 12 13 14 16 12 14 15 16 18 16 14 16 17 18 20 16 18 19 20 22 20 18 20 21 22 24 20 22 23 24 26 24 22 24 25 26 28 24 26 27 28 30 28 26 28 29 30 32 28 30 31 32 34 32 30 32 33 34 36 32 34 35 36 38 36 34 36 37 38 40 36 38 39 40 42 40 38 40 41 42 44 40 42 43 44 46 44 42 44 45 46 48 44 46 47 48 50 48 46 48 49 50 52 48 50 51 52 54 52 50 52 53 54 56 52 54 55 56 58 56 54 56 57 58 60 56 58 59 60 62 60 58 60 61 62 64 60 62 63 64 66 64 62 64 65 66 68 64 66 67 68 70 68 66 68 69 70 72 68 70 71 72 74 72 70 72 73 74 76 72 74 75 76 78 76 74 76 77 78 80 76 78 79 80 82 80 78 80 81 82 84 80 82 83 84 86 84 82 84 85 86 88 84 86 87 88 90 88 86 88 89 90 92 88 90 91 92 94 92 90 92 93 94 96 92 94 95 96 98 96 94 96 97 98 100 96 98 99 100 102 100 98 100 101 102 104 100 102 103 104 106 104 102 104 105 106 108 104 106 107 108 110 108 106 108 109 110 112 108 110 111 112 114 112 110 112 113 114 116 112 114 115 116 118 116 114 116 117 118 120 116 118 119 120 122 120 118 120 121 122 124 120 122 123 124 126 124 122 124 125 126 128 124 126 127 128 130 128 126 128 129 130 132 128 130 131 132 134 132 130 132 133 134 136 132 134 135 136 138 136 134 136 137 138 140 136 138 139 140 142 140 138 140 141 142 144 140 142 143 144 146 144 142 144 145 146 148 144 146 147 148
INF INF INF INF INF INF INF INF INF INF INF INF INF INF INF INF INF INF INF INF INF INF INF INF INF INF INF INF INF INF INF INF INF INF INF INF INF INF INF INF INF INF INF INF INF INF INF INF INF INF INF INF INF INF INF INF INF INF INF INF INF INF INF INF INF INF INF INF INF INF INF INF INF INF INF INF INF INF INF INF INF INF INF INF INF INF INF INF INF INF INF INF INF INF INF INF INF INF 0 2 -2 0 1 2 4 2 0 2 3 4 6 2 4 5 6 8 6 4 6 7 8 10 6 8 9 10 12 10 8 10 11 12 14 10 12 13 14 16 14 12 14 15 16 18 14 16 17 18 20 18 16 18 19 20 22 18 20 21 22 24 22 20 22 23 24 26 22 24 25 26 28 26 24 26 27 28 30 26 28 29 30 32 30 28 30 31 32 34 30 32 33 34 36 34 32 34 35 36 38 34 36 37 38 40 38 36 38 39 40 42 38 40 41 42 44 42 40 42 43 44 46 42 44 45 46 48 46 44 46 47 48 50 46 48 49 50 52 50 48 50 51 52 54 50 52 53 54 56 54 52 54 55 56 58 54 56 57 58 60 58 56 58 59 60 62 58 60 61 62 64 62 60 62 63 64 66 62 64 65 66 68 66 64 66 67 68 70 66 68 69 70 72 70 68 70 71 72 74 70 72 73 74 76 74 72 74 75 76 78 74 76 77 78 80 78 76 78 79 80 82 78 80 81 82 84 82 80 82 83 84 86 82 84 85 86 88 86 84 86 87 88 90 86 88 89 90 92 90 88 90 91 92 94 90 92 93 94 96 94 92 94 95 96 98 94 96 97 98 100 98 96 98 99 100 102 98 100 101 102 104 102 100 102 103 104 106 102 104 105 106 108 106 104 106 107 108 110 106 108 109 110 112 110 108 110 111 112 114 110 112 113 114 116 114 112 114 115 116 118 114 116 117 118 120 118 116 118 119 120 122 118 120 121 122 124 122 120 122 123 124 126 122 124 125 126 128 126 124 126 127 128 130 126 128 129 130 132 130 128 130 131 132 134 130 132 133 134 136 134 132 134 135 136 138 134 136 137 138 140 138 136 138 139 140 142 138 140 141 142 144 142 140 142 143 144 146 142 144 145 146
INF INF INF INF INF INF INF INF INF INF INF INF INF INF INF INF INF INF INF INF INF INF INF INF INF INF INF INF INF INF INF INF INF INF INF INF INF INF INF INF INF INF INF INF INF INF INF INF INF INF INF INF INF INF INF INF INF INF INF INF INF INF INF INF INF INF INF INF INF INF INF INF INF INF INF INF INF INF INF INF INF INF INF INF INF INF INF INF INF INF INF INF INF INF INF INF INF INF INF 0 2 3 4 6 7 5 4 6 7 8 10 6 8 9 10 12 10 8 10 11 12 14 10 12 13 14 16 14 12 14 15 16 18 14 16 17 18 20 18 16 18 19 20 22 18 20 21 22 24 22 20 22 23 24 26 22 24 25 26 28 26 24 26 27 28 30 26 28 29 30 32 30 28 30 31 32 34 30 32 33 34 36 34 32 34 35 36 38 34 36 37 38 40 38 36 38 39 40 42 38 40 41 42 44 42 40 42 43 44 46 42 44 45 46 48 46 44 46 47 48 50 46 48 49 50 52 50 48 50 51 52 54 50 52 53 54 56 54 52 54 55 56 58 54 56 57 58 60 58 56 58 59 60 62 58 60 61 62 64 62 60 62 63 64 66 62 64 65 66 68 66 64 66 67 68 70 66 68 69 70 72 70 68 70 71 72 74 70 72 73 74 76 74 72 74 75 76 78 74 76 77 78 80 78 76 78 79 80 82 78 80 81 82 84 82 80 82 83 84 86 82 84 85 86 88 86 84 86 87 88 90 86 88 89 90 92 90 88 90 91 92 94 90 92 93 94 96 94 92 94 95 96 98 94 96 97 98 100 98 96 98 99 100 102 98 100 101 102 104 102 100 102 103 104 106 102 104 105 106 108 106 104 106 107 108 110 106 108 109 110 112 110 108 110 111 112 114 110 112 113 114 116 114 112 114 115 116 118 114 116 117 118 120 118 116 118 119 120 122 118 120 121 122 124 122 120 122 123 124 126 122 124 125 126 128 126 124 126 127 128 130 126 128 129 130 132 130 128 130 131 132 134 130 132 133 134 136 134 132 134 135 136 138 134 136 137 138 140 138 136 138 139 140 142 138 140 141 142 144 142 140 142 143 144 146 142 144 145 146 148 146 144 146 147 148 150 146 148 149 150
INF INF INF INF INF INF INF INF INF INF INF INF INF INF INF INF INF INF INF INF INF INF INF INF INF INF INF INF INF INF INF INF INF INF INF INF INF INF INF INF INF INF INF INF INF INF INF INF INF INF INF INF INF INF INF INF INF INF INF INF INF INF INF INF INF INF INF INF INF INF INF INF INF INF INF INF INF INF INF INF INF INF INF INF INF INF INF INF INF INF INF INF INF INF INF INF INF INF INF INF 0 2 3 4 6 4 2 4 5 6 8 4 6 7 8 10 8 6 8 9 10 12 8 10 11 12 14 12 10 12 13 14 16 12 14 15 16 18 16 14 16 17 18 20 16 18 19 20 22 20 18 20 21 22 24 20 22 23 24 26 24 22 24 25 26 28 24 26 27 28 30 28 26 28 29 30 32 28 30 31 32 34 32 30 32 33 34 36 32 34 35 36 38 36 34 36 37 38 40 36 38 39 40 42 40 38 40 41 42 44 40 42 43 44 46 44 42 44 45 46 48 44 46 47 48 50 48 46 48 49 50 52 48 50 51 52 54 52 50 52 53 54 56 52 54 55 56 58 56 54 56 57 58 60 56 58 59 60 62 60 58 60 61 62 64 60 62 63 64 66 64 62 64 65 66 68 64 66 67 68 70 68 66 68 69 70 72 68 70 71 72 74 72 70 72 73 74 76 72 74 75 76 78 76 74 76 77 78 80 76 78 79 80 82 80 78 80 81 82 84 80 82 83 84 86 84 82 84 85 86 88 84 86 87 88 90 88 86 88 89 90 92 88 90 91 92 94 92 90 92 93 94 96 92 94 95 96 98 96 94 96 97 98 100 96 98 99 100 102 100 98 100 101 102 104 100 102 103 104 106 104 102 104 105 106 108 104 106 107 108 110 108 106 108 109 110 112 108 110 111 112 114 112 110 112 113 114 116 112 114 115 116 118 116 114 116 117 118 120 116 118 119 120 122 120 118 120 121 122 124 120 122 123 124 126 124 122 124 125 126 128 124 126 127 128 130 128 126 128 129 130 132 128 130 131 132 134 132 130 132 133 134 136 132 134 135 136 138 136 134 136 137 138 140 136 138 139 140 142 140 138 140 141 142 144 140 142 143 144 146 144 142 144 145 146 148 144 146 147 148
INF INF INF INF INF INF INF INF INF INF INF INF INF INF INF INF INF INF INF INF INF INF INF INF INF INF INF INF INF INF INF INF INF INF INF INF INF INF INF INF INF INF INF INF INF INF INF INF INF INF INF INF INF INF INF INF INF INF INF INF INF INF INF INF INF INF INF INF INF INF INF INF INF INF INF INF INF INF INF INF INF INF INF INF INF INF INF INF INF INF INF INF INF INF INF INF INF INF INF INF INF 0 2 3 4 2 1 3 4 5 7 3 5 6 7 9 7 5 7 8 9 11 7 9 10 11 13 11 9 11 12 13 15 11 13 14 15 17 15 13 15 16 17 19 15 17 18 19 21 19 17 19 20 21 23 19 21 22 23 25 23 21 23 24 25 27 23 25 26 27 29 27 25 27 28 29 31 27 29 30 31 33 31 29 31 32 33 35 31 33 34 35 37 35 33 35 36 37 39 35 37 38 39 41 39 37 39 40 41 43 39 41 42 43 45 43 41 43 44 45 47 43 45 46 47 49 47 45 47 48 49 51 47 49 50 51 53 51 49 51 52 53 55 51 53 54 55 57 55 53 55 56 57 59 55 57 58 59 61 59 57 59 60 61 63 59 61 62 63 65 63 61 63 64 65 67 63 65 66 67 69 67 65 67 68 69 71 67 69 70 71 73 71 69 71 72 73 75 71 73 74 75 77 75 73 75 76 77 79 75 77 78 79 81 79 77 79 80 81 83 79 81 82 83 85 83 81 83 84 85 87 83 85 86 87 89 87 85 87 88 89 91 87 89 90 91 93 91 89 91 92 93 95 91 93 94 95 97 95 93 95 96 97 99 95 97 98 99 101 99 97 99 100 101 103 99 101 102 103 105 103 101 103 104 105 107 103 105 106 107 109 107 105 107 108 109 111 107 109 110 111 113 111 109 111 112 113 115 111 113 114 115 117 115 113 115 116 117 119 115 117 118 119 121 119 117 119 120 121 123 119 121 122 123 125 123 121 123 124 125 127 123 125 126 127 129 127 125 127 128 129 131 127 129 130 131 133 131 129 131 132 133 135 131 133 134 135 137 135 133 135 136 137 139 135 137 138 139 141 139 137 139 140 141 143 139 141 142 143 145 143 141 143 144 145 147 143 145 146 147
INF INF INF INF INF INF INF INF INF INF INF INF INF INF INF INF INF INF INF INF INF INF INF INF INF INF INF INF INF INF INF INF INF INF INF INF INF INF INF INF INF INF INF INF INF INF INF INF INF INF INF INF INF INF INF INF INF INF INF INF INF INF INF INF INF INF INF INF INF INF INF INF INF INF INF INF INF INF INF INF INF INF INF INF INF INF INF INF INF INF INF INF INF INF INF INF INF INF INF INF INF INF 0 2 3 1 0 2 3 4 6 2 4 5 6 8 6 4 6 7 8 10 6 8 9 10 12 10 8 10 11 12 14 10 12 13 14 16 14 12 14 15 16 18 14 16 17 18 20 18 16 18 19 20 22 18 20 21 22 24 22 20 22 23 24 26 22 24 25 26 28 26 24 26 27 28 30 26 28 29 30 32 30 28 30 31 32 34 30 32 33 34 36 34 32 34 35 36 38 34 36 37 38 40 38 36 38 39 40 42 38 40 41 42 44 42 40 42 43 44 46 42 44 45 46 48 46 44 46 47 48 50 46 48 49 50 52 50 48 50 51 52 54 50 52 53 54 56 54 52 54 55 56 58 54 56 57 58 60 58 56 58 59 60 62 58 60 61 62 64 62 60 62 63 64 66 62 64 65 66 68 66 64 66 67 68 70 66 68 69 70 72 70 68 70 71 72 74 70 72 73 74 76 74 72 74 75 76 78 74 76 77 78 80 78 76 78 79 80 82 78 80 81 82 84 82 80 82 83 84 86 82 84 85 86 88 86 84 86 87 88 90 86 88 89 90 92 90 88 90 91 92 94 90 92 93 94 96 94 92 94 95 96 98 94 96 97 98 100 98 96 98 99 100 102 98 100 101 102 104 102 100 102 103 104 106 102 104 105 106 108 106 104 106 107 108 110 106 108 109 110 112 110 108 110 111 112 114 110 112 113 114 116 114 112 114 115 116 118 114 116 117 118 120 118 116 118 119 120 122 118 120 121 122 124 122 120 122 123 124 126 122 124 125 126 128 126 124 126 127 128 130 126 128 129 130 132 130 128 130 131 132 134 130 132 133 134 136 134 132 134 135 136 138 134 136 137 138 140 138 136 138 139 140 142 138 140 141 142 144 142 140 142 143 144 146 142 144 145 146
INF INF INF INF INF INF INF INF INF INF INF INF INF INF INF INF INF INF INF INF INF INF INF INF INF INF INF INF INF INF INF INF INF INF INF INF INF INF INF INF INF INF INF INF INF INF INF INF INF INF INF INF INF INF INF INF INF INF INF INF INF INF INF INF INF INF INF INF INF INF INF INF INF INF INF INF INF INF INF INF INF INF INF INF INF INF INF INF INF INF INF INF INF INF INF INF INF INF INF INF INF INF INF 0 2 0 -2 0 1 2 4 0 2 3 4 6 4 2 4 5 6 8 4 6 7 8 10 8 6 8 9 10 12 8 10 11 12 14 12 10 12 13 14 16 12 14 15 16 18 16 14 16 17 18 20 16 18 19 20 22 20 18 20 21 22 24 20 22 23 24 26 24 22 24 25 26 28 24 26 27 28 30 28 26 28 29 30 32 28 30 31 32 34 32 30 32 33 34 36 32 34 35 36 38 36 34 36 37 38 40 36 38 39 40 42 40 38 40 41 42 44 40 42 43 44 46 44 42 44 45 46 48 44 46 47 48 50 48 46 48 49 50 52 48 50 51 52 54 52 50 52 53 54 56 52 54 55 56 58 56 54 56 57 58 60 56 58 59 60 62 60 58 60 61 62 64 60 62 63 64 66 64 62 64 65 66 68 64 66 67 68 70 68 66 68 69 70 72 68 70 71 72 74 72 70 72 73 74 76 72 74 75 76 78 76 74 76 77 78 80 76 78 79 80 82 80 78 80 81 82 84 80 82 83 84 86 84 82 84 85 86 88 84 86 87 88 90 88 86 88 89 90 92 88 90 91 92 94 92 90 92 93 94 96 92 94 95 96 98 96 94 96 97 98 100 96 98 99 100 102 100 98 100 101 102 104 100 102 103 104 106 104 102 104 105 106 108 104 106 107 108 110 108 106 108 109 110 112 108 110 111 112 114 112 110 112 113 114 116 112 114 115 116 118 116 114 116 117 118 120 116 118 119 120 122 120 118 120 121 122 124 120 122 123 124 126 124 122 124 125 126 128 124 126 127 128 130 128 126 128 129 130 132 128 130 131 132 134 132 130 132 133 134 136 132 134 135 136 138 136 134 136 137 138 140 136 138 139 140 142 140 138 140 141 142 144 140 142 143 144
INF INF INF INF INF INF INF INF INF INF INF INF INF INF INF INF INF INF INF INF INF INF INF INF INF INF INF INF INF INF INF INF INF INF INF INF INF INF INF INF INF INF INF INF INF INF INF INF INF INF INF INF INF INF INF INF INF INF INF INF INF INF INF INF INF INF INF INF INF INF INF INF INF INF INF INF INF INF INF INF INF INF INF INF INF INF INF INF INF INF INF INF INF INF INF INF INF INF INF INF INF INF INF INF 0 -2 0 1 2 4 5 2 4 5 6 8 6 4 6 7 8 10 6 8 9 10 12 10 8 10 11 12 14 10 12 13 14 16 14 12 14 15 16 18 14 16 17 18 20 18 16 18 19 20 22 18 20 21 22 24 22 20 22 23 24 26 22 24 25 26 28 26 24 26 27 28 30 26 28 29 30 32 30 28 30 31 32 34 30 32 33 34 36 34 32 34 35 36 38 34 36 37 38 40 38 36 38 39 40 42 38 40 41 42 44 42 40 42 43 44 46 42 44 45 46 48 46 44 46 47 48 50 46 48 49 50 52 50 48 50 51 52 54 50 52 53 54 56 54 52 54 55 56 58 54 56 57 58 60 58 56 58 59 60 62 58 60 61 62 64 62 60 62 63 64 66 62 64 65 66 68 66 64 66 67 68 70 66 68 69 70 72 70 68 70 71 72 74 70 72 73 74 76 74 72 74 75 76 78 74 76 77 78 80 78 76 78 79 80 82 78 80 81 82 84 82 80 82 83 84 86 82 84 85 86 88 86 84 86 87 88 90 86 88 89 90 92 90 88 90 91 92 94 90 92 93 94 96 94 92 94 95 96 98 94 96 97 98 100 98 96 98 99 100 102 98 100 101 102 104 102 100 102 103 104 106 102 104 105 106 108 106 104 106 107 108 110 106 108 109 110 112 110 108 110 111 112 114 110 112 113 114 116 114 112 114 115 116 118 114 116 117 118 120 118 116 118 119 120 122 118 120 121 122 124 122 120 122 123 124 126 122 124 125 126 128 126 124 126 127 128 130 126 128 129 130 132 130 128 130 131 132 134 130 132 133 134 136 134 132 134 135 136 138 134 136 137 138 140 138 136 138 139 140 142 138 140 141 142 144 142 140 142 143 144 146 142 144 145 146
INF INF INF INF INF INF INF INF INF INF INF INF INF INF INF INF INF INF INF INF INF INF INF INF INF INF INF INF INF INF INF INF INF INF INF INF INF INF INF INF INF INF INF INF INF INF INF INF INF INF INF INF INF INF INF INF INF INF INF INF INF INF INF INF INF INF INF INF INF INF INF INF INF INF INF INF INF INF INF INF INF INF INF INF INF INF INF INF INF INF INF INF INF INF INF INF INF INF INF INF INF INF INF INF INF 0 2 3 4 6 7 4 6 7 8 10 8 6 8 9 10 12 8 10 11 12 14 12 10 12 13 14 16 12 14 15 16 18 16 14 16 17 18 20 16 18 19 20 22 20 18 20 21 22 24 20 22 23 24 26 24 22 24 25 26 28 24 26 27 28 30 28 26 28 29 30 32 28 30 31 32 34 32 30 32 33 34 36 32 34 35 36 38 36 34 36 37 38 40 36 38 39 40 42 40 38 40 41 42 44 40 42 43 44 46 44 42 44 45 46 48 44 46 47 48 50 48 46 48 49 50 52 48 50 51 52 54 52 50 52 53 54 56 52 54 55 56 58 56 54 56 57 58 60 56 58 59 60 62 60 58 60 61 62 64 60 62 63 64 66 64 62 64 65 66 68 64 66 67 68 70 68 66 68 69 70 72 68 70 71 72 74 72 70 72 73 74 76 72 74 75 76 78 76 74 76 77 78 80 76 78 79 80 82 80 78 80 81 82 84 80 82 83 84 86 84 82 84 85 86 88 84 86 87 88 90 88 86 88 89 90 92 88 90 91 92 94 92 90 92 93 94 96 92 94 95 96 98 96 94 96 97 98 100 96 98 99 100 102 100 98 100 101 102 104 100 102 103 104 106 104 102 104 105 106 108 104 106 107 108 110 108 106 108 109 110 112 108 110 111 112 114 112 110 112 113 114 116 112 114 115 116 118 116 114 116 117 118 120 116 118 119 120 122 120 118 120 121 122 124 120 122 123 124 126 124 122 124 125 126 128 124 126 127 128 130 128 126 128 129 130 132 128 130 131 132 134 132 130 132 133 134 136 132 134 135 136 138 136 134 136 137 138 140 136 138 139 140 142 140 138 140 141 142 144 140 142 143 144 146 144 142 144 145 146 148 144 146 147 148
INF INF INF INF INF INF INF INF INF INF INF INF INF INF INF INF INF INF INF INF INF INF INF INF INF INF INF INF INF INF INF INF INF INF INF INF INF INF INF INF INF INF INF INF INF INF INF INF INF INF INF INF INF INF INF INF INF INF INF INF INF INF INF INF INF INF INF INF INF INF INF INF INF INF INF INF INF INF INF INF INF INF INF INF INF INF INF INF INF INF INF INF INF INF INF INF INF INF INF INF INF INF INF INF INF INF 0 2 3 4 6 2 4 5 6 8 6 4 6 7 8 10 6 8 9 10 12 10 8 10 11 12 14 10 12 13 14 16 14 12 14 15 16 18 14 16 17 18 20 18 16 18 19 20 22 18 20 21 22 24 22 20 22 23 24 26 22 24 25 26 28 26 24 26 27 28 30 26 28 29 30 32 30 28 30 31 32 34 30 32 33 34 36 34 32 34 35 36 38 34 36 37 38 40 38 36 38 39 40 42 38 40 41 42 44 42 40 42 43 44 46 42 44 45 46 48 46 44 46 47 48 50 46 48 49 50 52 50 48 50 51 52 54 50 52 53 54 56 54 52 54 55 56 58 54 56 57 58 60 58 56 58 59 60 62 58 60 61 62 64 62 60 62 63 64 66 62 64 65 66 68 66 64 66 67 68 70 66 68 69 70 72 70 68 70 71 72 74 70 72 73 74 76 74 72 74 75 76 78 74 76 77 78 80 78 76 78 79 80 82 78 80 81 82 84 82 80 82 83 84 86 82 84 85 86 88 86 84 86 87 88 90 86 88 89 90 92 90 88 90 91 92 94 90 92 93 94 96 94 92 94 95 96 98 94 96 97 98 100 98 96 98 99 100 102 98 100 101 102 104 102 100 102 103 104 106 102 104 105 106 108 106 104 106 107 108 110 106 108 109 110 112 110 108 110 111 112 114 110 112 113 114 116 114 112 114 115 116 118 114 116 117 118 120 118 116 118 119 120 122 118 120 121 122 124 122 120 122 123 124 126 122 124 125 126 128 126 124 126 127 128 130 126 128 129 130 132 130 128 130 131 132 134 130 132 133 134 136 134 132 134 135 136 138 134 136 137 138 140 138 136 138 139 140 142 138 140 141 142 144 142 140 142 143 144 146 142 144 145 146
INF INF INF INF INF INF INF INF INF INF INF INF INF INF INF INF INF INF INF INF INF INF INF INF INF INF INF INF INF INF INF INF INF INF INF INF INF INF INF INF INF INF INF INF INF INF INF INF INF INF INF INF INF INF INF INF INF INF INF INF INF INF INF INF INF INF INF INF INF INF INF INF INF INF INF INF INF INF INF INF INF INF INF INF INF INF INF INF INF INF INF INF INF INF INF INF INF INF INF INF INF INF INF INF INF INF INF 0 2 3 4 1 3 4 5 7 5 3 5 6 7 9 5 7 8 9 11 9 7 9 10 11 13 9 11 12 13 15 13 11 13 14 15 17 13 15 16 17 19 17 15 17 18 19 21 17 19 20 21 23 21 19 21 22 23 25 21 23 24 25 27 25 23 25 26 27 29 25 27 28 29 31 29 27 29 30 31 33 29 31 32 33 35 33 31 33 34 35 37 33 35 36 37 39 37 35 37 38 39 41 37 39 40 41 43 41 39 41 42 43 45 41 43 44 45 47 45 43 45 46 47 49 45 47 48 49 51 49 47 49 50 51 53 49 51 52 53 55 53 51 53 54 55 57 53 55 56 57 59 57 55 57 58 59 61 57 59 60 61 63 61 59 61 62 63 65 61 63 64 65 67 65 63 65 66 67 69 65 67 68 69 71 69 67 69 70 71 73 69 71 72 73 75 73 71 73 74 75 77 73 75 76 77 79 77 75 77 78 79 81 77 79 80 81 83 81 79 81 82 83 85 81 83 84 85 87 85 83 85 86 87 89 85 87 88 89 91 89 87 89 90 91 93 89 91 92 93 95 93 91 93 94 95 97 93 95 96 97 99 97 95 97 98 99 101 97 99 100 101 103 101 99 101 102 103 105 101 103 104 105 107 105 103 105 106 107 109 105 107 108 109 111 109 107 109 110 111 113 109 111 112 113 115 113 111 113 114 115 117 113 115 116 117 119 117 115 117 118 119 121 117 119 120 121 123 121 119 121 122 123 125 121 123 124 125 127 125 123 125 126 127 129 125 127 128 129 131 129 127 129 130 131 133 129 131 132 133 135 133 131 133 134 135 137 133 135 136 137 139 137 135 137 138 139 141 137 139 140 141 143 141 139 141 142 143 145 141 143 144 145
INF INF INF INF INF INF INF INF INF INF INF INF INF INF INF INF INF INF INF INF INF INF INF INF INF INF INF INF INF INF INF INF INF INF INF INF INF INF INF INF INF INF INF INF INF INF INF INF INF INF INF INF INF INF INF INF INF INF INF INF INF INF INF INF INF INF INF INF INF INF INF INF INF INF INF INF INF INF INF INF INF INF INF INF INF INF INF INF INF INF INF INF INF INF INF INF INF INF INF INF INF INF INF INF INF INF INF INF 0 2 3 0 2 3 4 6 4 2 4 5 6 8 4 6 7 8 10 8 6 8 9 10 12 8 10 11 12 14 12 10 12 13 14 16 12 14 15 16 18 16 14 16 17 18 20 16 18 19 20 22 20 18 20 21 22 24 20 22 23 24 26 24 22 24 25 26 28 24 26 27 28 30 28 26 28 29 30 32 28 30 31 32 34 32 30 32 33 34 36 32 34 35 36 38 36 34 36 37 38 40 36 38 39 40 42 40 38 40 41 42 44 40 42 43 44 46 44 42 44 45 46 48 44 46 47 48 50 48 46 48 49 50 52 48 50 51 52 54 52 50 52 53 54 56 52 54 55 56 58 56 54 56 57 58 60 56 58 59 60 62 60 58 60 61 62 64 60 62 63 64 66 64 62 64 65 66 68 64 66 67 68 70 68 66 68 69 70 72 68 70 71 72 74 72 70 72 73 74 76 72 74 75 76 78 76 74 76 77 78 80 76 78 79 80 82 80 78 80 81 82 84 80 82 83 84 86 84 82 84 85 86 88 84 86 87 88 90 88 86 88 89 90 92 88 90 91 92 94 92 90 92 93 94 96 92 94 95 96 98 96 94 96 97 98 100 96 98 99 100 102 100 98 100 101 102 104 100 102 103 104 106 104 102 104 105 106 108 104 106 107 108 110 108 106 108 109 110 112 108 110 111 112 114 112 110 112 113 114 116 112 114 115 116 118 116 114 116 117 118 120 116 118 119 120 122 120 118 120 121 122 124 120 122 123 124 126 124 122 124 125 126 128 124 126 127 128 130 128 126 128 129 130 132 128 130 131 132 134 132 130 132 133 134 136 132 134 135 136 138 136 134 136 137 138 140 136 138 139 140 142 140 138 140 141 142 144 140 142 143 144
INF INF INF INF INF INF INF INF INF INF INF INF INF INF INF INF INF INF INF INF INF INF INF INF INF INF INF INF INF INF INF INF INF INF INF INF INF INF INF INF INF INF INF INF INF INF INF INF INF INF INF INF INF INF INF INF INF INF INF INF INF INF INF INF INF INF INF INF INF INF INF INF INF INF INF INF INF INF INF INF INF INF INF INF INF INF INF INF INF INF INF INF INF INF INF INF INF INF INF INF INF INF INF INF INF INF INF INF INF 0 2 -2 0 1 2 4 2 0 2 3 4 6 2 4 5 6 8 6 4 6 7 8 10 6 8 9 10 12 10 8 10 11 12 14 10 12 13 14 16 14 12 14 15 16 18 14 16 17 18 20 18 16 18 19 20 22 18 20 21 22 24 22 20 22 23 24 26 22 24 25 26 28 26 24 26 27 28 30 26 28 29 30 32 30 28 30 31 32 34 30 32 33 34 36 34 32 34 35 36 38 34 36 37 38 40 38 36 38 39 40 42 38 40 41 42 44 42 40 42 43 44 46 42 44 45 46 48 46 44 46 47 48 50 46 48 49 50 52 50 48 50 51 52 54 50 52 53 54 56 54 52 54 55 56 58 54 56 57 58 60 58 56 58 59 60 62 58 60 61 62 64 62 60 62 63 64 66 62 64 65 66 68 66 64 66 67 68 70 66 68 69 70 72 70 68 70 71 72 74 70 72 73 74 76 74 72 74 75 76 78 74 76 77 78 80 78 76 78 79 80 82 78 80 81 82 84 82 80 82 83 84 86 82 84 85 86 88 86 84 86 87 88 90 86 88 89 90 92 90 88 90 91 92 94 90 92 93 94 96 94 92 94 95 96 98 94 96 97 98 100 98 96 98 99 100 102 98 100 101 102 104 102 100 102 103 104 106 102 104 105 106 108 106 104 106 107 108 110 106 108 109 110 112 110 108 110 111 112 114 110 112 113 114 116 114 112 114 115 116 118 114 116 117 118 120 118 116 118 119 120 122 118 120 121 122 124 122 120 122 123 124 126 122 124 125 126 128 126 124 126 127 128 130 126 128 129 130 132 130 128 130 131 132 134 130 132 133 134 136 134 132 134 135 136 138 134 136 137 138 140 138 136 138 139 140 142 138 140 141 142
INF INF INF INF INF INF INF INF INF INF INF INF INF INF INF INF INF INF INF INF INF INF INF INF INF INF INF INF INF INF INF INF INF INF INF INF INF INF INF INF INF INF INF INF INF INF INF INF INF INF INF INF INF INF INF INF INF INF INF INF INF INF INF INF INF INF INF INF INF INF INF INF INF INF INF INF INF INF INF INF INF INF INF INF INF INF INF INF INF INF INF INF INF INF INF INF INF INF INF INF INF INF INF INF INF INF INF INF INF INF 0 2 3 4 6 7 5 4 6 7 8 10 6 8 9 10 12 10 8 10 11 12 14 10 12 13 14 16 14 12 14 15 16 18 14 16 17 18 20 18 16 18 19 20 22 18 20 21 22 24 22 20 22 23 24 26 22 24 25 26 28 26 24 26 27 28 30 26 28 29 30 32 30 28 30 31 32 34 30 32 33 34 36 34 32 34 35 36 38 34 36 37 38 40 38 36 38 39 40 42 38 40 41 42 44 42 40 42 43 44 46 42 44 45 46 48 46 44 46 47 48 50 46 48 49 50 52 50 48 50 51 52 54 50 52 53 54 56 54 52 54 55 56 58 54 56 57 58 60 58 56 58 59 60 62 58 60 61 62 64 62 60 62 63 64 66 62 64 65 66 68 66 64 66 67 68 70 66 68 69 70 72 70 68 70 71 72 74 70 72 73 74 76 74 72 74 75 76 78 74 76 77 78 80 78 76 78 79 80 82 78 80 81 82 84 82 80 82 83 84 86 82 84 85 86 88 86 84 86 87 88 90 86 88 89 90 92 90 88 90 91 92 94 90 92 93 94 96 94 92 94 95 96 98 94 96 97 98 100 98 96 98 99 100 102 98 100 101 102 104 102 100 102 103 104 106 102 104 105 106 108 106 104 106 107 108 110 106 108 109 110 112 110 108 110 111 112 114 110 112 113 114 116 114 112 114 115 116 118 114 116 117 118 120 118 116 118 119 120 122 118 120 121 122 124 122 120 122 123 124 126 122 124 125 126 128 126 124 126 127 128 130 126 128 129 130 132 130 128 130 131 132 134 130 132 133 134 136 134 132 134 135 136 138 134 136 137 138 140 138 136 138 139 140 142 138 140 141 142 144 142 140 142 143 144 146 142 144 145 146
INF INF INF INF INF INF INF INF INF INF INF INF INF INF INF INF INF INF INF INF INF INF INF INF INF INF INF INF INF INF INF INF INF INF INF INF INF INF INF INF INF INF INF INF INF INF INF INF INF INF INF INF INF INF INF INF INF INF INF INF INF INF INF INF INF INF INF INF INF INF INF INF INF INF INF INF INF INF INF INF INF INF INF INF INF INF INF INF INF INF INF INF INF INF INF INF INF INF INF INF INF INF INF INF INF INF INF INF INF INF INF 0 2 3 4 6 4 2 4 5 6 8 4 6 7 8 10 8 6 8 9 10 12 8 10 11 12 14 12 10 12 13 14 16 12 14 15 16 18 16 14 16 17 18 20 16 18 19 20 22 20 18 20 21 22 24 20 22 23 24 26 24 22 24 25 26 28 24 26 27 28 30 28 26 28 29 30 32 28 30 31 32 34 32 30 32 33 34 36 32 34 35 36 38 36 34 36 37 38 40 36 38 39 40 42 40 38 40 41 42 44 40 42 43 44 46 44 42 44 45 46 48 44 46 47 48 50 48 46 48 49 50 52 48 50 51 52 54 52 50 52 53 54 56 52 54 55 56 58 56 54 56 57 58 60 56 58 59 60 62 60 58 60 61 62 64 60 62 63 64 66 64 62 64 65 66 68 64 66 67 68 70 68 66 68 69 70 72 68 70 71 72 74 72 70 72 73 74 76 72 74 75 76 78 76 74 76 77 78 80 76 78 79 80 82 80 78 80 81 82 84 80 82 83 84 86 84 82 84 85 86 88 84 86 87 88 90 88 86 88 89 90 92 88 90 91 92 94 92 90 92 93 94 96 92 94 95 96 98 96 94 96 97 98 100 96 98 99 100 102 100 98 100 101 102 104 100 102 103 104 106 104 102 104 105 106 108 104 106 107 108 110 108 106 108 109 110 112 108 110 111 112 114 112 110 112 113 114 116 112 114 115 116 118 116 114 116 117 118 120 116 118 119 120 122 120 118 120 121 122 124 120 122 123 124 126 124 122 124 125 126 128 124 126 127 128 130 128 126 128 129 130 132 128 130 131 132 134 132 130 132 133 134 136 132 134 135 136 138 136 134 136 137 138 140 136 138 139 140 142 140 138 140 141 142 144 140 142 143 144
INF INF INF INF INF INF INF INF INF INF INF INF INF INF INF INF INF INF INF INF INF INF INF INF INF INF INF INF INF INF INF INF INF INF INF INF INF INF INF INF INF INF INF INF INF INF INF INF INF INF INF INF INF INF INF INF INF INF INF INF INF INF INF INF INF INF INF INF INF INF INF INF INF INF INF INF INF INF INF INF INF INF INF INF INF INF INF INF INF INF INF INF INF INF INF INF INF INF INF INF INF INF INF INF INF INF INF INF INF INF INF INF 0 2 3 4 2 1 3 4 5 7 3 5 6 7 9 7 5 7 8 9 11 7 9 10 11 13 11 9 11 12 13 15 11 13 14 15 17 15 13 15 16 17 19 15 17 18 19 21 19 17 19 20 21 23 19 21 22 23 25 23 21 23 24 25 27 23 25 26 27 29 27 25 27 28 29 31 27 29 30 31 33 31 29 31 32 33 35 31 33 34 35 37 35 33 35 36 37 39 35 37 38 39 41 39 37 39 40 41 43 39 41 42 43 45 43 41 43 44 45 47 43 45 46 47 49 47 45 47 48 49 51 47 49 50 51 53 51 49 51 52 53 55 51 53 54 55 57 55 53 55 56 57 59 55 57 58 59 61 59 57 59 60 61 63 59 61 62 63 65 63 61 63 64 65 67 63 65 66 67 69 67 65 67 68 69 71 67 69 70 71 73 71 69 71 72 73 75 71 73 74 75 77 75 73 75 76 77 79 75 77 78 79 81 79 77 79 80 81 83 79 81 82 83 85 83 81 83 84 85 87 83 85 86 87 89 87 85 87 88 89 91 87 89 90 91 93 91 89 91 92 93 95 91 93 94 95 97 95 93 95 96 97 99 95 97 98 99 101 99 97 99 100 101 103 99 101 102 103 105 103 101 103 104 105 107 103 105 106 107 109 107 105 107 108 109 111 107 109 110 111 113 111 109 111 112 113 115 111 113 114 115 117 115 113 115 116 117 119 115 117 118 119 121 119 117 119 120 121 123 119 121 122 123 125 123 121 123 124 125 127 123 125 126 127 129 127 125 127 128 129 131 127 129 130 131 133 131 129 131 132 133 135 131 133 134 135 137 135 133 135 136 137 139 135 137 138 139 141 139 137 139 140 141 143 139 141 142 143
INF INF INF INF INF INF INF INF INF INF INF INF INF INF INF INF INF INF INF INF INF INF INF INF INF INF INF INF INF INF INF INF INF INF INF INF INF INF INF INF INF INF INF INF INF INF INF INF INF INF INF INF INF INF INF INF INF INF INF INF INF INF INF INF INF INF INF INF INF INF INF INF INF INF INF INF INF INF INF INF INF INF INF INF INF INF INF INF INF INF INF INF INF INF INF INF INF INF INF INF INF INF INF INF INF INF INF INF INF INF INF INF INF 0 2 3 1 0 2 3 4 6 2 4 5 6 8 6 4 6 7 8 10 6 8 9 10 12 10 8 10 11 12 14 10 12 13 14 16 14 12 14 15 16 18 14 16 17 18 20 18 16 18 19 20 22 18 20 21 22 24 22 20 22 23 24 26 22 24 25 26 28 26 24 26 27 28 30 26 28 29 30 32 30 28 30 31 32 34 30 32 33 34 36 34 32 34 35 36 38 34 36 37 38 40 38 36 38 39 40 42 38 40 41 42 44 42 40 42 43 44 46 42 44 45 46 48 46 44 46 47 48 50 46 48 49 50 52 50 48 50 51 52 54 50 52 53 54 56 54 52 54 55 56 58 54 56 57 58 60 58 56 58 59 60 62 58 60 61 62 64 62 60 62 63 64 66 62 64 65 66 68 66 64 66 67 68 70 66 68 69 70 72 70 68 70 71 72 74 70 72 73 74 76 74 72 74 75 76 78 74 76 77 78 80 78 76 78 79 80 82 78 80 81 82 84 82 80 82 83 84 86 82 84 85 86 88 86 84 86 87 88 90 86 88 89 90 92 90 88 90 91 92 94 90 92 93 94 96 94 92 94 95 96 98 94 96 97 98 100 98 96 98 99 100 102 98 100 101 102 104 102 100 102 103 104 106 102 104 105 106 108 106 104 106 107 108 110 106 108 109 110 112 110 108 110 111 112 114 110 112 113 114 116 114 112 114 115 116 118 114 116 117 118 120 118 116 118 119 120 122 118 120 121 122 124 122 120 122 123 124 126 122 124 125 126 128 126 124 126 127 128 130 126 128 129 130 132 130 128 130 131 132 134 130 132 133 134 136 134 132 134 135 136 138 134 136 137 138 140 138 136 138 139 140 142 138 140 141 142
INF INF INF INF INF INF INF INF INF INF INF INF INF INF INF INF INF INF INF INF INF INF INF INF INF INF INF INF INF INF INF INF INF INF INF INF INF INF INF INF INF INF INF INF INF INF INF INF INF INF INF INF INF INF INF INF INF INF INF INF INF INF INF INF INF INF INF INF INF INF INF INF INF INF INF INF INF INF INF INF INF INF INF INF INF INF INF INF INF INF INF INF INF INF INF INF INF INF INF INF INF INF INF INF INF INF INF INF INF INF INF INF INF INF 0 2 0 -2 0 1 2 4 0 2 3 4 6 4 2 4 5 6 8 4 6 7 8 10 8 6 8 9 10 12 8 10 11 12 14 12 10 12 13 14 16 12 14 15 16 18 16 14 16 17 18 20 16 18 19 20 22 20 18 20 21 22 24 20 22 23 24 26 24 22 24 25 26 28 24 26 27 28 30 28 26 28 29 30 32 28 30 31 32 34 32 30 32 33 34 36 32 34 35 36 38 36 34 36 37 38 40 36 38 39 40 42 40 38 40 41 42 44 40 42 43 44 46 44 42 44 45 46 48 44 46 47 48 50 48 46 48 49 50 52 48 50 51 52 54 52 50 52 53 54 56 52 54 55 56 58 56 54 56 57 58 60 56 58 59 60 62 60 58 60 61 62 64 60 62 63 64 66 64 62 64 65 66 68 64 66 67 68 70 68 66 68 69 70 72 68 70 71 72 74 72 70 72 73 74 76 72 74 75 76 78 76 74 76 77 78 80 76 78 79 80 82 80 78 80 81 82 84 80 82 83 84 86 84 82 84 85 86 88 84 86 87 88 90 88 86 88 89 90 92 88 90 91 92 94 92 90 92 93 94 96 92 94 95 96 98 96 94 96 97 98 100 96 98 99 100 102 100 98 100 101 102 104 100 102 103 104 106 104 102 104 105 106 108 104 106 107 108 110 108 106 108 109 110 112 108 110 111 112 114 112 110 112 113 114 116 112 114 115 116 118 116 114 116 117 118 120 116 118 119 120 122 120 118 120 121 122 124 120 122 123 124 126 124 122 124 125 126 128 124 126 127 128 130 128 126 128 129 130 132 128 130 131 132 134 132 130 132 133 134 136 132 134 135 136 138 136 134 136 137 138 140 136 138 139 140
INF INF INF INF INF INF INF INF INF INF INF INF INF INF INF INF INF INF INF INF INF INF INF INF INF INF INF INF INF INF INF INF INF INF INF INF INF INF INF INF INF INF INF INF INF INF INF INF INF INF INF INF INF INF INF INF INF INF INF INF INF INF INF INF INF INF INF INF INF INF INF INF INF INF INF INF INF INF INF INF INF INF INF INF INF INF INF INF INF INF INF INF INF INF INF INF INF INF INF INF INF INF INF INF INF INF INF INF INF INF INF INF INF INF INF 0 -2 0 1 2 4 5 2 4 5 6 8 6 4 6 7 8 10 6 8 9 10 12 10 8 10 11 12 14 10 12 13 14 16 14 12 14 15 16 18 14 16 17 18 20 18 16 18 19 20 22 18 20 21 22 24 22 20 22 23 24 26 22 24 25 26 28 26 24 26 27 28 30 26 28 29 30 32 30 28 30 31 32 34 30 32 33 34 36 34 32 34 35 36 38 34 36 37 38 40 38 36 38 39 40 42 38 40 41 42 44 42 40 42 43 44 46 42 44 45 46 48 46 44 46 47 48 50 46 48 49 50 52 50 48 50 51 52 54 50 52 53 54 56 54 52 54 55 56 58 54 56 57 58 60 58 56 58 59 60 62 58 60 61 62 64 62 60 62 63 64 66 62 64 65 66 68 66 64 66 67 68 70 66 68 69 70 72 70 68 70 71 72 74 70 72 73 74 76 74 72 74 75 76 78 74 76 77 78 80 78 76 78 79 80 82 78 80 81 82 84 82 80 82 83 84 86 82 84 85 86 88 86 84 86 87 88 90 86 88 89 90 92 90 88 90 91 92 94 90 92 93 94 96 94 92 94 95 96 98 94 96 97 98 100 98 96 98 99 100 102 98 100 101 102 104 102 100 102 103 104 106 102 104 105 106 108 106 104 106 107 108 110 106 108 109 110 112 110 108 110 111 112 114 110 112 113 114 116 114 112 114 115 116 118 114 116 117 118 120 118 116 118 119 120 122 118 120 121 122 124 122 120 122 123 124 126 122 124 125 126 128 126 124 126 127 128 130 126 128 129 130 132 130 128 130 131 132 134 130 132 133 134 136 134 132 134 135 136 138 134 136 137 138 140 138 136 138 139 140 142 138 140 141 142
INF INF INF INF INF INF INF INF INF INF INF INF INF INF INF INF INF INF INF INF INF INF INF INF INF INF INF INF INF INF INF INF INF INF INF INF INF INF INF INF INF INF INF INF INF INF INF INF INF INF INF INF INF INF INF INF INF INF INF INF INF INF INF INF INF INF INF INF INF INF INF INF INF INF INF INF INF INF INF INF INF INF INF INF INF INF INF INF INF INF INF INF INF INF INF INF INF INF INF INF INF INF INF INF INF INF INF INF INF INF INF INF INF INF INF INF 0 2 3 4 6 7 4 6 7 8 10 8 6 8 9 10 12 8 10 11 12 14 12 10 12 13 14 16 12 14 15 16 18 16 14 16 17 18 20 16 18 19 20 22 20 18 20 21 22 24 20 22 23 24 26 24 22 24 25 26 28 24 26 27 28 30 28 26 28 29 30 32 28 30 31 32 34 32 30 32 33 34 36 32 34 35 36 38 36 34 36 37 38 40 36 38 39 40 42 40 38 40 41 42 44 40 42 43 44 46 44 42 44 45 46 48 44 46 47 48 50 48 46 48 49 50 52 48 50 51 52 54 52 50 52 53 54 56 52 54 55 56 58 56 54 56 57 58 60 56 58 59 60 62 60 58 60 61 62 64 60 62 63 64 66 64 62 64 65 66 68 64 66 67 68 70 68 66 68 69 70 72 68 70 71 72 74 72 70 72 73 74 76 72 74 75 76 78 76 74 76 77 78 80 76 78 79 80 82 80 78 80 81 82 84 80 82 83 84 86 84 82 84 85 86 88 84 86 87 88 90 88 86 88 89 90 92 88 90 91 92 94 92 90 92 93 94 96 92 94 95 96 98 96 94 96 97 98 100 96 98 99 100 102 100 98 100 101 102 104 100 102 103 104 106 104 102 104 105 106 108 104 106 107 108 110 108 106 108 109 110 112 108 110 111 112 114 112 110 112 113 114 116 112 114 115 116 118 116 114 116 117 118 120 116 118 119 120 122 120 118 120 121 122 124 120 122 123 124 126 124 122 124 125 126 128 124 126 127 128 130 128 126 128 129 130 132 128 130 131 132 134 132 130 132 133 134 136 132 134 135 136 138 136 134 136 137 138 140 136 138 139 140 142 140 138 140 141 142 144 140 142 143 144
INF INF INF INF INF INF INF INF INF INF INF INF INF INF INF INF INF INF INF INF INF INF INF INF INF INF INF INF INF INF INF INF INF INF INF INF INF INF INF INF INF INF INF INF INF INF INF INF INF INF INF INF INF INF INF INF INF INF INF INF INF INF INF INF INF INF INF INF INF INF INF INF INF INF INF INF INF INF INF INF INF INF INF INF INF INF INF INF INF INF INF INF INF INF INF INF INF INF INF INF INF INF INF INF INF INF INF INF INF INF INF INF INF INF INF INF INF 0 2 3 4 6 2 4 5 6 8 6 4 6 7 8 10 6 8 9 10 12 10 8 10 11 12 14 10 12 13 14 16 14 12 14 15 16 18 14 16 17 18 20 18 16 18 19 20 22 18 20 21 22 24 22 20 22 23 24 26 22 24 25 26 28 26 24 26 27 28 30 26 28 29 30 32 30 28 30 31 32 34 30 32 33 34 36 34 32 34 35 36 38 34 36 37 38 40 38 36 38 39 40 42 38 40 41 42 44 42 40 42 43 44 46 42 44 45 46 48 46 44 46 47 48 50 46 48 49 50 52 50 48 50 51 52 54 50 52 53 54 56 54 52 54 55 56 58 54 56 57 58 60 58 56 58 59 60 62 58 60 61 62 64 62 60 62 63 64 66 62 64 65 66 68 66 64 66 67 68 70 66 68 69 70 72 70 68 70 71 72 74 70 72 73 74 76 74 72 74 75 76 78 74 76 77 78 80 78 76 78 79 80 82 78 80 81 82 84 82 80 82 83 84 86 82 84 85 86 88 86 84 86 87 88 90 86 88 89 90 92 90 88 90 91 92 94 90 92 93 94 96 94 92 94 95 96 98 94 96 97 98 100 98 96 98 99 100 102 98 100 101 102 104 102 100 102 103 104 106 102 104 105 106 108 106 104 106 107 108 110 106 108 109 110 112 110 108 110 111 112 114 110 112 113 114 116 114 112 114 115 116 118 114 116 117 118 120 118 116 118 119 120 122 118 120 121 122 124 122 120 122 123 124 126 122 124 125 126 128 126 124 126 127 128 130 126 128 129 130 132 130 128 130 131 132 134 130 132 133 134 136 134 132 134 135 136 138 134 136 137 138 140 138 136 138 139 140 142 138 140 141 142
INF INF INF INF INF INF INF INF INF INF INF INF INF INF INF INF INF INF INF INF INF INF INF INF INF INF INF INF INF INF INF INF INF INF INF INF INF INF INF INF INF INF INF INF INF INF INF INF INF INF INF INF INF INF INF INF INF INF INF INF INF INF INF INF INF INF INF INF INF INF INF INF INF INF INF INF INF INF INF INF INF INF INF INF INF INF INF INF INF INF INF INF INF INF INF INF INF INF INF INF INF INF INF INF INF INF INF INF INF INF INF INF INF INF INF INF INF INF 0 2 3 4 1 3 4 5 7 5 3 5 6 7 9 5 7 8 9 11 9 7 9 10 11 13 9 11 12 13 15 13 11 13 14 15 17 13 15 16 17 19 17 15 17 18 19 21 17 19 20 21 23 21 19 21 22 23 25 21 23 24 25 27 25 23 25 26 27 29 25 27 28 29 31 29 27 29 30 31 33 29 31 32 33 35 33 31 33 34 35 37 33 35 36 37 39 37 35 37 38 39 41 37 39 40 41 43 41 39 41 42 43 45 41 43 44 45 47 45 43 45 46 47 49 45 47 48 49 51 49 47 49 50 51 53 49 51 52 53 55 53 51 53 54 55 57 53 55 56 57 59 57 55 57 58 59 61 57 59 60 61 63 61 59 61 62 63 65 61 63 64 65 67 65 63 65 66 67 69 65 67 68 69 71 69 67 69 70 71 73 69 71 72 73 75 73 71 73 74 75 77 73 75 76 77 79 77 75 77 78 79 81 77 79 80 81 83 81 79 81 82 83 85 81 83 84 85 87 85 83 85 86 87 89 85 87 88 89 91 89 87 89 90 91 93 89 91 92 93 95 93 91 93 94 95 97 93 95 96 97 99 97 95 97 98 99 101 97 99 100 101 103 101 99 101 102 103 105 101 103 104 105 107 105 103 105 106 107 109 105 107 108 109 111 109 107 109 110 111 113 109 111 112 113 115 113 111 113 114 115 117 113 115 116 117 119 117 115 117 118 119 121 117 119 120 121 123 121 119 121 122 123 125 121 123 124 125 127 125 123 125 126 127 129 125 127 128 129 131 129 127 129 130 131 133 129 131 132 133 135 133 131 133 134 135 137 133 135 136 137 139 137 135 137 138 139 141 137 139 140 141
INF INF INF INF INF INF INF INF INF INF INF INF INF INF INF INF INF INF INF INF INF INF INF INF INF INF INF INF INF INF INF INF INF INF INF INF INF INF INF INF INF INF INF INF INF INF INF INF INF INF INF INF INF INF INF INF INF INF INF INF INF INF INF INF INF INF INF INF INF INF INF INF INF INF INF INF INF INF INF INF INF INF INF INF INF INF INF INF INF INF INF INF INF INF INF INF INF INF INF INF INF INF INF INF INF INF INF INF INF INF INF INF INF INF INF INF INF INF INF 0 2 3 0 2 3 4 6 4 2 4 5 6 8 4 6 7 8 10 8 6 8 9 10 12 8 10 11 12 14 12 10 12 13 14 16 12 14 15 16 18 16 14 16 17 18 20 16 18 19 20 22 20 18 20 21 22 24 20 22 23 24 26 24 22 24 25 26 28 24 26 27 28 30 28 26 28 29 30 32 28 30 31 32 34 32 30 32 33 34 36 32 34 35 36 38 36 34 36 37 38 40 36 38 39 40 42 40 38 40 41 42 44 40 42 43 44 46 44 42 44 45 46 48 44 46 47 48 50 48 46 48 49 50 52 48 50 51 52 54 52 50 52 53 54 56 52 54 55 56 58 56 54 56 57 58 60 56 58 59 60 62 60 58 60 61 62 64 60 62 63 64 66 64 62 64 65 66 68 64 66 67 68 70 68 66 68 69 70 72 68 70 71 72 74 72 70 72 73 74 76 72 74 75 76 78 76 74 76 77 78 80 76 78 79 80 82 80 78 80 81 82 84 80 82 83 84 86 84 82 84 85 86 88 84 86 87 88 90 88 86 88 89 90 92 88 90 91 92 94 92 90 92 93 94 96 92 94 95 96 98 96 94 96 97 98 100 96 98 99 100 102 100 98 100 101 102 104 100 102 103 104 106 104 102 104 105 106 108 104 106 107 108 110 108 106 108 109 110 112 108 110 111 112 114 112 110 112 113 114 116 112 114 115 116 118 116 114 116 117 118 120 116 118 119 120 122 120 118 120 121 122 124 120 122 123 124 126 124 122 124 125 126 128 124 126 127 128 130 128 126 128 129 130 132 128 130 131 132 134 132 130 132 133 134 136 132 134 135 136 138 136 134 136 137 138 140 136 138 139 140
INF INF INF INF INF INF INF INF INF INF INF INF INF INF INF INF INF INF INF INF INF INF INF INF INF INF INF INF INF INF INF INF INF INF INF INF INF INF INF INF INF INF INF INF INF INF INF INF INF INF INF INF INF INF INF INF INF INF INF INF INF INF INF INF INF INF INF INF INF INF INF INF INF INF INF INF INF INF INF INF INF INF INF INF INF INF INF INF INF INF INF INF INF INF INF INF INF INF INF INF INF INF INF INF INF INF INF INF INF INF INF INF INF INF INF INF INF INF INF INF 0 2 -2 0 1 2 4 2 0 2 3 4 6 2 4 5 6 8 6 4 6 7 8 10 6 8 9 10 12 10 8 10 11 12 14 10 12 13 14 16 14 12 14 15 16 18 14 16 17 18 20 18 16 18 19 20 22 18 20 21 22 24 22 20 22 23 24 26 22 24 25 26 28 26 24 26 27 28 30 26 28 29 30 32 30 28 30 31 32 34 30 32 33 34 36 34 32 34 35 36 38 34 36 37 38 40 38 36 38 39 40 42 38 40 41 42 44 42 40 42 43 44 46 42 44 45 46 48 46 44 46 47 48 50 46 48 49 50 52 50 48 50 51 52 54 50 52 53 54 56 54 52 54 55 56 58 54 56 57 58 60 58 56 58 59 60 62 58 60 61 62 64 62 60 62 63 64 66 62 64 65 66 68 66 64 66 67 68 70 66 68 69 70 72 70 68 70 71 72 74 70 72 73 74 76 74 72 74 75 76 78 74 76 77 78 80 78 76 78 79 80 82 78 80 81 82 84 82 80 82 83 84 86 82 84 85 86 88 86 84 86 87 88 90 86 88 89 90 92 90 88 90 91 92 94 90 92 93 94 96 94 92 94 95 96 98 94 96 97 98 100 98 96 98 99 100 102 98 100 101 102 104 102 100 102 103 104 106 102 104 105 106 108 106 104 106 107 108 110 106 108 109 110 112 110 108 110 111 112 114 110 112 113 114 116 114 112 114 115 116 118 114 116 117 118 120 118 116 118 119 120 122 118 120 121 122 124 122 120 122 123 124 126 122 124 125 126 128 126 124 126 127 128 130 126 128 129 130 132 130 128 130 131 132 134 130 132 133 134 136 134 132 134 135 136 138 134 136 137 138
INF INF INF INF INF INF INF INF INF INF INF INF INF INF INF INF INF INF INF INF INF INF INF INF INF INF INF INF INF INF INF INF INF INF INF INF INF INF INF INF INF INF INF INF INF INF INF INF INF INF INF INF INF INF INF INF INF INF INF INF INF INF INF INF INF INF INF INF INF INF INF INF INF INF INF INF INF INF INF INF INF INF INF INF INF INF INF INF INF INF INF INF INF INF INF INF INF INF INF INF INF INF INF INF INF INF INF INF INF INF INF INF INF INF INF INF INF INF INF INF INF 0 2 3 4 6 7 5 4 6 7 8 10 6 8 9 10 12 10 8 10 11 12 14 10 12 13 14 16 14 12 14 15 16 18 14 16 17 18 20 18 16 18 19 20 22 18 20 21 22 24 22 20 22 23 24 26 22 24 25 26 28 26 24 26 27 28 30 26 28 29 30 32 30 28 30 31 32 34 30 32 33 34 36 34 32 34 35 36 38 34 36 37 38 40 38 36 38 39 40 42 38 40 41 42 44 42 40 42 43 44 46 42 44 45 46 48 46 44 46 47 48 50 46 48 49 50 52 50 48 50 51 52 54 50 52 53 54 56 54 52 54 55 56 58 54 56 57 58 60 58 56 58 59 60 62 58 60 61 62 64 62 60 62 63 64 66 62 64 65 66 68 66 64 66 67 68 70 66 68 69 70 72 70 68 70 71 72 74 70 72 73 74 76 74 72 74 75 76 78 74 76 77 78 80 78 76 78 79 80 82 78 80 81 82 84 82 80 82 83 84 86 82 84 85 86 88 86 84 86 87 88 90 86 88 89 90 92 90 88 90 91 92 94 90 92 93 94 96 94 92 94 95 96 98 94 96 97 98 100 98 96 98 99 100 102 98 100 101 102 104 102 100 102 103 104 106 102 104 105 106 108 106 104 106 107 108 110 106 108 109 110 112 110 108 110 111 112 114 110 112 113 114 116 114 112 114 115 116 118 114 116 117 118 120 118 116 118 119 120 122 118 120 121 122 124 122 120 122 123 124 126 122 124 125 126 128 126 124 126 127 128 130 126 128 129 130 132 130 128 130 131 132 134 130 132 133 134 136 134 132 134 135 136 138 134 136 137 138 140 138 136 138 139 140 142 138 140 141 142
INF INF INF INF INF INF INF INF INF INF INF INF INF INF INF INF INF INF INF INF INF INF INF INF INF INF INF INF INF INF INF INF INF INF INF INF INF INF INF INF INF INF INF INF INF INF INF INF INF INF INF INF INF INF INF INF INF INF INF INF INF INF INF INF INF INF INF INF INF INF INF INF INF INF INF INF INF INF INF INF INF INF INF INF INF INF INF INF INF INF INF INF INF INF INF INF INF INF INF INF INF INF INF INF INF INF INF INF INF INF INF INF INF INF INF INF INF INF INF INF INF INF 0 2 3 4 6 4 2 4 5 6 8 4 6 7 8 10 8 6 8 9 10 12 8 10 11 12 14 12 10 12 13 14 16 12 14 15 16 18 16 14 16 17 18 20 16 18 19 20 22 20 18 20 21 22 24 20 22 23 24 26 24 22 24 25 26 28 24 26 27 28 30 28 26 28 29 30 32 28 30 31 32 34 32 30 32 33 34 36 32 34 35 36 38 36 34 36 37 38 40 36 38 39 40 42 40 38 40 41 42 44 40 42 43 44 46 44 42 44 45 46 48 44 46 47 48 50 48 46 48 49 50 52 48 50 51 52 54 52 50 52 53 54 56 52 54 55 56 58 56 54 56 57 58 60 56 58 59 60 62 60 58 60 61 62 64 60 62 63 64 66 64 62 64 65 66 68 64 66 67 68 70 68 66 68 69 70 72 68 70 71 72 74 72 70 72 73 74 76 72 74 75 76 78 76 74 76 77 78 80 76 78 79 80 82 80 78 80 81 82 84 80 82 83 84 86 84 82 84 85 86 88 84 86 87 88 90 88 86 88 89 90 92 88 90 91 92 94 92 90 92 93 94 96 92 94 95 96 98 96 94 96 97 98 100 96 98 99 100 102 100 98 100 101 102 104 100 102 103 104 106 104 102 104 105 106 108 104 106 107 108 110 108 106 108 109 110 112 108 110 111 112 114 112 110 112 113 114 116 112 114 115 116 118 116 114 116 117 118 120 116 118 119 120 122 120 118 120 121 122 124 120 122 123 124 126 124 122 124 125 126 128 124 126 127 128 130 128 126 128 129 130 132 128 130 131 132 134 132 130 132 133 134 136 132 134 135 136 138 136 134 136 137 138 140 136 138 139 140
INF INF INF INF INF INF INF INF INF INF INF INF INF INF INF INF INF INF INF INF INF INF INF INF INF INF INF INF INF INF INF INF INF INF INF INF INF INF INF INF INF INF INF INF INF INF INF INF INF INF INF INF INF INF INF INF INF INF INF INF INF INF INF INF INF INF INF INF INF INF INF INF INF INF INF INF INF INF INF INF INF INF INF INF INF INF INF INF INF INF INF INF INF INF INF INF INF INF INF INF INF INF INF INF INF INF INF INF INF INF INF INF INF INF INF INF INF INF INF INF INF INF INF 0 2 3 4 2 1 3 4 5 7 3 5 6 7 9 7 5 7 8 9 11 7 9 10 11 13 11 9 11 12 13 15 11 13 14 15 17 15 13 15 16 17 19 15 17 18 19 21 19 17 19 20 21 23 19 21 22 23 25 23 21 23 24 25 27 23 25 26 27 29 27 25 27 28 29 31 27 29 30 31 33 31 29 31 32 33 35 31 33 34 35 37 35 33 35 36 37 39 35 37 38 39 41 39 37 39 40 41 43 39 41 42 43 45 43 41 43 44 45 47 43 45 46 47 49 47 45 47 48 49 51 47 49 50 51 53 51 49 51 52 53 55 51 53 54 55 57 55 53 55 56 57 59 55 57 58 59 61 59 57 59 60 61 63 59 61 62 63 65 63 61 63 64 65 67 63 65 66 67 69 67 65 67 68 69 71 67 69 70 71 73 71 69 71 72 73 75 71 73 74 75 77 75 73 75 76 77 79 75 77 78 79 81 79 77 79 80 81 83 79 81 82 83 85 83 81 83 84 85 87 83 85 86 87 89 87 85 87 88 89 91 87 89 90 91 93 91 89 91 92 93 95 91 93 94 95 97 95 93 95 96 97 99 95 97 98 99 101 99 97 99 100 101 103 99 101 102 103 105 103 101 103 104 105 107 103 105 106 107 109 107 105 107 108 109 111 107 109 110 111 113 111 109 111 112 113 115 111 113 114 115 117 115 113 115 116 117 119 115 117 118 119 121 119 117 119 120 121 123 119 121 122 123 125 123 121 123 124 125 127 123 125 126 127 129 127 125 127 128 129 131 127 129 130 131 133 131 129 131 132 133 135 131 133 134 135 137 135 133 135 136 137 139 135 137 138 139
INF INF INF INF INF INF INF INF INF INF INF INF INF INF INF INF INF INF INF INF INF INF INF INF INF INF INF INF INF INF INF INF INF INF INF INF INF INF INF INF INF INF INF INF INF INF INF INF INF INF INF INF INF INF INF INF INF INF INF INF INF INF INF INF INF INF INF INF INF INF INF INF INF INF INF INF INF INF INF INF INF INF INF INF INF INF INF INF INF INF INF INF INF INF INF INF INF INF INF INF INF INF INF INF INF INF INF INF INF INF INF INF INF INF INF INF INF INF INF INF INF INF INF INF 0 2 3 1 0 2 3 4 6 2 4 5 6 8 6 4 6 7 8 10 6 8 9 10 12 10 8 10 11 12 14 10 12 13 14 16 14 12 14 15 16 18 14 16 17 18 20 18 16 18 19 20 22 18 20 21 22 24 22 20 22 23 24 26 22 24 25 26 28 26 24 26 27 28 30 26 28 29 30 32 30 28 30 31 32 34 30 32 33 34 36 34 32 34 35 36 38 34 36 37 38 40 38 36 38 39 40 42 38 40 41 42 44 42 40 42 43 44 46 42 44 45 46 48 46 44 46 47 48 50 46 48 49 50 52 50 48 50 51 52 54 50 52 53 54 56 54 52 54 55 56 58 54 56 57 58 60 58 56 58 59 60 62 58 60 61 62 64 62 60 62 63 64 66 62 64 65 66 68 66 64 66 67 68 70 66 68 69 70 72 70 68 70 71 72 74 70 72 73 74 76 74 72 74 75 76 78 74 76 77 78 80 78 76 78 79 80 82 78 80 81 82 84 82 80 82 83 84 86 82 84 85 86 88 86 84 86 87 88 90 86 88 89 90 92 90 88 90 91 92 94 90 92 93 94 96 94 92 94 95 96 98 94 96 97 98 100 98 96 98 99 100 102 98 100 101 102 104 102 100 102 103 104 106 102 104 105 106 108 106 104 106 107 108 110 106 108 109 110 112 110 108 110 111 112 114 110 112 113 114 116 114 112 114 115 116 118 114 116 117 118 120 118 116 118 119 120 122 118 120 121 122 124 122 120 122 123 124 126 122 124 125 126 128 126 124 126 127 128 130 126 128 129 130 132 130 128 130 131 132 134 130 132 133 134 136 134 132 134 135 136 138 134 136 137 138
INF INF INF INF INF INF INF INF INF INF INF INF INF INF INF INF INF INF INF INF INF INF INF INF INF INF INF INF INF INF INF INF INF INF INF INF INF INF INF INF INF INF INF INF INF INF INF INF INF INF INF INF INF INF INF INF INF INF INF INF INF INF INF INF INF INF INF INF INF INF INF INF INF INF INF INF INF INF INF INF INF INF INF INF INF INF INF INF INF INF INF INF INF INF INF INF INF INF INF INF INF INF INF INF INF INF INF INF INF INF INF INF INF INF INF INF INF INF INF INF INF INF INF INF INF 0 2 0 -2 0 1 2 4 0 2 3 4 6 4 2 4 5 6 8 4 6 7 8 10 8 6 8 9 10 12 8 10 11 12 14 12 10 12 13 14 16 12 14 15 16 18 16 14 16 17 18 20 16 18 19 20 22 20 18 20 21 22 24 20 22 23 24 26 24 22 24 25 26 28 24 26 27 28 30 28 26 28 29 30 32 28 30 31 32 34 32 30 32 33 34 36 32 34 35 36 38 36 34 36 37 38 40 36 38 39 40 42 40 38 40 41 42 44 40 42 43 44 46 44 42 44 45 46 48 44 46 47 48 50 48 46 48 49 50 52 48 50 51 52 54 52 50 52 53 54 56 52 54 55 56 58 56 54 56 57 58 60 56 58 59 60 62 60 58 60 61 62 64 60 62 63 64 66 64 62 64 65 66 68 64 66 67 68 70 68 66 68 69 70 72 68 70 71 72 74 72 70 72 73 74 76 72 74 75 76 78 76 74 76 77 78 80 76 78 79 80 82 80 78 80 81 82 84 80 82 83 84 86 84 82 84 85 86 88 84 86 87 88 90 88 86 88 89 90 92 88 90 91 92 94 92 90 92 93 94 96 92 94 95 96 98 96 94 96 97 98 100 96 98 99 100 102 100 98 100 101 102 104 100 102 103 104 106 104 102 104 105 106 108 104 106 107 108 110 108 106 108 109 110 112 108 110 111 112 114 112 110 112 113 114 116 112 114 115 116 118 116 114 116 117 118 120 116 118 119 120 122 120 118 120 121 122 124 120 122 123 124 126 124 122 124 125 126 128 124 126 127 128 130 128 126 128 129 130 132 128 130 131 132 134 132 130 132 133 134 136 132 134 135 136
INF INF INF INF INF INF INF INF INF INF INF INF INF INF INF INF INF INF INF INF INF INF INF INF INF INF INF INF INF INF INF INF INF INF INF INF INF INF INF INF INF INF INF INF INF INF INF INF INF INF INF INF INF INF INF INF INF INF INF INF INF INF INF INF INF INF INF INF INF INF INF INF INF INF INF INF INF INF INF INF INF INF INF INF INF INF INF INF INF INF INF INF INF INF INF INF INF INF INF INF INF INF INF INF INF INF INF INF INF INF INF INF INF INF INF INF INF INF INF INF INF INF INF INF INF INF 0 -2 0 1 2 4 5 2 4 5 6 8 6 4 6 7 8 10 6 8 9 10 12 10 8 10 11 12 14 10 12 13 14 16 14 12 14 15 16 18 14 16 17 18 20 18 16 18 19 20 22 18 20 21 22 24 22 20 22 23 24 26 22 24 25 26 28 26 24 26 27 28 30 26 28 29 30 32 30 28 30 31 32 34 30 32 33 34 36 34 32 34 35 36 38 34 36 37 38 40 38 36 38 39 40 42 38 40 41 42 44 42 40 42 43 44 46 42 44 45 46 48 46 44 46 47 48 50 46 48 49 50 52 50 48 50 51 52 54 50 52 53 54 56 54 52 54 55 56 58 54 56 57 58 60 58 56 58 59 60 62 58 60 61 62 64 62 60 62 63 64 66 62 64 65 66 68 66 64 66 67 68 70 66 68 69 70 72 70 68 70 71 72 74 70 72 73 74 76 74 72 74 75 76 78 74 76 77 78 80 78 76 78 79 80 82 78 80 81 82 84 82 80 82 83 84 86 82 84 85 86 88 86 84 86 87 88 90 86 88 89 90 92 90 88 90 91 92 94 90 92 93 94 96 94 92 94 95 96 98 94 96 97 98 100 98 96 98 99 100 102 98 100 101 102 104 102 100 102 103 104 106 102 104 105 106 108 106 104 106 107 108 110 106 108 109 110 112 110 108 110 111 112 114 110 112 113 114 116 114 112 114 115 116 118 114 116 117 118 120 118 116 118 119 120 122 118 120 121 122 124 122 120 122 123 124 126 122 124 125 126 128 126 124 126 127 128 130 126 128 129 130 132 130 128 130 131 132 134 130 132 133 134 136 134 132 134 135 136 138 134 136 137 138
INF INF INF INF INF INF INF INF INF INF INF INF INF INF INF INF INF INF INF INF INF INF INF INF INF INF INF INF INF INF INF INF INF INF INF INF INF INF INF INF INF INF INF INF INF INF INF INF INF INF INF INF INF INF INF INF INF INF INF INF INF INF INF INF INF INF INF INF INF INF INF INF INF INF INF INF INF INF INF INF INF INF INF INF INF INF INF INF INF INF INF INF INF INF INF INF INF INF INF INF INF INF INF INF INF INF INF INF INF INF INF INF INF INF INF INF INF INF INF INF INF INF INF INF INF INF INF 0 2 3 4 6 7 4 6 7 8 10 8 6 8 9 10 12 8 10 11 12 14 12 10 12 13 14 16 12 14 15 16 18 16 14 16 17 18 20 16 18 19 20 22 20 18 20 21 22 24 20 22 23 24 26 24 22 24 25 26 28 24 26 27 28 30 28 26 28 29 30 32 28 30 31 32 34 32 30 32 33 34 36 32 34 35 36 38 36 34 36 37 38 40 36 38 39 40 42 40 38 40 41 42 44 40 42 43 44 46 44 42 44 45 46 48 44 46 47 48 50 48 46 48 49 50 52 48 50 51 52 54 52 50 52 53 54 56 52 54 55 56 58 56 54 56 57 58 60 56 58 59 60 62 60 58 60 61 62 64 60 62 63 64 66 64 62 64 65 66 68 64 66 67 68 70 68 66 68 69 70 72 68 70 71 72 74 72 70 72 73 74 76 72 74 75 76 78 76 74 76 77 78 80 76 78 79 80 82 80 78 80 81 82 84 80 82 83 84 86 84 82 84 85 86 88 84 86 87 88 90 88 86 88 89 90 92 88 90 91 92 94 92 90 92 93 94 96 92 94 95 96 98 96 94 96 97 98 100 96 98 99 100 102 100 98 100 101 102 104 100 102 103 104 106 104 102 104 105 106 108 104 106 107 108 110 108 106 108 109 110 112 108 110 111 112 114 112 110 112 113 114 116 112 114 115 116 118 116 114 116 117 118 120 116 118 119 120 122 120 118 120 121 122 124 120 122 123 124 126 124 122 124 125 126 128 124 126 127 128 130 128 126 128 129 130 132 128 130 131 132 134 132 130 132 133 134 136 132 134 135 136 138 136 134 136 137 138 140 136 138 139 140
INF INF INF INF INF INF INF INF INF INF INF INF INF INF INF INF INF INF INF INF INF INF INF INF INF INF INF INF INF INF INF INF INF INF INF INF INF INF INF INF INF INF INF INF INF INF INF INF INF INF INF INF INF INF INF INF INF INF INF INF INF INF INF INF INF INF INF INF INF INF INF INF INF INF INF INF INF INF INF INF INF INF INF INF INF INF INF INF INF INF INF INF INF INF INF INF INF INF INF INF INF INF INF INF INF INF INF INF INF INF INF INF INF INF INF INF INF INF INF INF INF INF INF INF INF INF INF INF 0 2 3 4 6 2 4 5 6 8 6 4 6 7 8 10 6 8 9 10 12 10 8 10 11 12 14 10 12 13 14 16 14 12 14 15 16 18 14 16 17 18 20 18 16 18 19 20 22 18 20 21 22 24 22 20 22 23 24 26 22 24 25 26 28 26 24 26 27 28 30 26 28 29 30 32 30 28 30 31 32 34 30 32 33 34 36 34 32 34 35 36 38 34 36 37 38 40 38 36 38 39 40 42 38 40 41 42 44 42 40 42 43 44 46 42 44 45 46 48 46 44 46 47 48 50 46 48 49 50 52 50 48 50 51 52 54 50 52 53 54 56 54 52 54 55 56 58 54 56 57 58 60 58 56 58 59 60 62 58 60 61 62 64 62 60 62 63 64 66 62 64 65 66 68 66 64 66 67 68 70 66 68 69 70 72 70 68 70 71 72 74 70 72 73 74 76 74 72 74 75 76 78 74 76 77 78 80 78 76 78 79 80 82 78 80 81 82 84 82 80 82 83 84 86 82 84 85 86 88 86 84 86 87 88 90 86 88 89 90 92 90 88 90 91 92 94 90 92 93 94 96 94 92 94 95 96 98 94 96 97 98 100 98 96 98 99 100 102 98 100 101 102 104 102 100 102 103 104 106 102 104 105 106 108 106 104 106 107 108 110 106 108 109 110 112 110 108 110 111 112 114 110 112 113 114 116 114 112 114 115 116 118 114 116 117 118 120 118 116 118 119 120 122 118 120 121 122 124 122 120 122 123 124 126 122 124 125 126 128 126 124 126 127 128 130 126 128 129 130 132 130 128 130 131 132 134 130 132 133 134 136 134 132 134 135 136 138 134 136 137 138
INF INF INF INF INF INF INF INF INF INF INF INF INF INF INF INF INF INF INF INF INF INF INF INF INF INF INF INF INF INF INF INF INF INF INF INF INF INF INF INF INF INF INF INF INF INF INF INF INF INF INF INF INF INF INF INF INF INF INF INF INF INF INF INF INF INF INF INF INF INF INF INF INF INF INF INF INF INF INF INF INF INF INF INF INF INF INF INF INF INF INF INF INF INF INF INF INF INF INF INF INF INF INF INF INF INF INF INF INF INF INF INF INF INF INF INF INF INF INF INF INF INF INF INF INF INF INF INF INF 0 2 3 4 1 3 4 5 7 5 3 5 6 7 9 5 7 8 9 11 9 7 9 10 11 13 9 11 12 13 15 13 11 13 14 15 17 13 15 16 17 19 17 15 17 18 19 21 17 19 20 21 23 21 19 21 22 23 25 21 23 24 25 27 25 23 25 26 27 29 25 27 28 29 31 29 27 29 30 31 33 29 31 32 33 35 33 31 33 34 35 37 33 35 36 37 39 37 35 37 38 39 41 37 39 40 41 43 41 39 41 42 43 45 41 43 44 45 47 45 43 45 46 47 49 45 47 48 49 51 49 47 49 50 51 53 49 51 52 53 55 53 51 53 54 55 57 53 55 56 57 59 57 55 57 58 59 61 57 59 60 61 63 61 59 61 62 63 65 61 63 64 65 67 65 63 65 66 67 69 65 67 68 69 71 69 67 69 70 71 73 69 71 72 73 75 73 71 73 74 75 77 73 75 76 77 79 77 75 77 78 79 81 77 79 80 81 83 81 79 81 82 83 85 81 83 84 85 87 85 83 85 86 87 89 85 87 88 89 91 89 87 89 90 91 93 89 91 92 93 95 93 91 93 94 95 97 93 95 96 97 99 97 95 97 98 99 101 97 99 100 101 103 101 99 101 102 103 105 101 103 104 105 107 105 103 105 106 107 109 105 107 108 109 111 109 107 109 110 111 113 109 111 112 113 115 113 111 113 114 115 117 113 115 116 117 119 117 115 117 118 119 121 117 119 120 121 123 121 119 121 122 123 125 121 123 124 125 127 125 123 125 126 127 129 125 127 128 129 131 129 127 129 130 131 133 129 131 132 133 135 133 131 133 134 135 137 133 135 136 137
INF INF INF INF INF INF INF INF INF INF INF INF INF INF INF INF INF INF INF INF INF INF INF INF INF INF INF INF INF INF INF INF INF INF INF INF INF INF INF INF INF INF INF INF INF INF INF INF INF INF INF INF INF INF INF INF INF INF INF INF INF INF INF INF INF INF INF INF INF INF INF INF INF INF INF INF INF INF INF INF INF INF INF INF INF INF INF INF INF INF INF INF INF INF INF INF INF INF INF INF INF INF INF INF INF INF INF INF INF INF INF INF INF INF INF INF INF INF INF INF INF INF INF INF INF INF INF INF INF INF 0 2 3 0 2 3 4 6 4 2 4 5 6 8 4 6 7 8 10 8 6 8 9 10 12 8 10 11 12 14 12 10 12 13 14 16 12 14 15 16 18 16 14 16 17 18 20 16 18 19 20 22 20 18 20 21 22 24 20 22 23 24 26 24 22 24 25 26 28 24 26 27 28 30 28 26 28 29 30 32 28 30 31 32 34 32 30 32 33 34 36 32 34 35 36 38 36 34 36 37 38 40 36 38 39 40 42 40 38 40 41 42 44 40 42 43 44 46 44 42 44 45 46 48 44 46 47 48 50 48 46 48 49 50 52 48 50 51 52 54 52 50 52 53 54 56 52 54 55 56 58 56 54 56 57 58 60 56 58 59 60 62 60 58 60 61 62 64 60 62 63 64 66 64 62 64 65 66 68 64 66 67 68 70 68 66 68 69 70 72 68 70 71 72 74 72 70 72 73 74 76 72 74 75 76 78 76 74 76 77 78 80 76 78 79 80 82 80 78 80 81 82 84 80 82 83 84 86 84 82 84 85 86 88 84 86 87 88 90 88 86 88 89 90 92 88 90 91 92 94 92 90 92 93 94 96 92 94 95 96 98 96 94 96 97 98 100 96 98 99 100 102 100 98 100 101 102 104 100 102 103 104 106 104 102 104 105 106 108 104 106 107 108 110 108 106 108 109 110 112 108 110 111 112 114 112 110 112 113 114 116 112 114 115 116 118 116 114 116 117 118 120 116 118 119 120 122 120 118 120 121 122 124 120 122 123 124 126 124 122 124 125 126 128 124 126 127 128 130 128 126 128 129 130 132 128 130 131 132 134 132 130 132 133 134 136 132 134 135 136
INF INF INF INF INF INF INF INF INF INF INF INF INF INF INF INF INF INF INF INF INF INF INF INF INF INF INF INF INF INF INF INF INF INF INF INF INF INF INF INF INF INF INF INF INF INF INF INF INF INF INF INF INF INF INF INF INF INF INF INF INF INF INF INF INF INF INF INF INF INF INF INF INF INF INF INF INF INF INF INF INF INF INF INF INF INF INF INF INF INF INF INF INF INF INF INF INF INF INF INF INF INF INF INF INF INF INF INF INF INF INF INF INF INF INF INF INF INF INF INF INF INF INF INF INF INF INF INF INF INF INF 0 2 -2 0 1 2 4 2 0 2 3 4 6 2 4 5 6 8 6 4 6 7 8 10 6 8 9 10 12 10 8 10 11 12 14 10 12 13 14 16 14 12 14 15 16 18 14 16 17 18 20 18 16 18 19 20 22 18 20 21 22 24 22 20 22 23 24 26 22 24 25 26 28 26 24 26 27 28 30 26 28 29 30 32 30 28 30 31 32 34 30 32 33 34 36 34 32 34 35 36 38 34 36 37 38 40 38 36 38 39 40 42 38 40 41 42 44 42 40 42 43 44 46 42 44 45 46 48 46 44 46 47 48 50 46 48 49 50 52 50 48 50 51 52 54 50 52 53 54 56 54 52 54 55 56 58 54 56 57 58 60 58 56 58 59 60 62 58 60 61 62 64 62 60 62 63 64 66 62 64 65 66 68 66 64 66 67 68 70 66 68 69 70 72 70 68 70 71 72 74 70 72 73 74 76 74 72 74 75 76 78 74 76 77 78 80 78 76 78 79 80 82 78 80 81 82 84 82 80 82 83 84 86 82 84 85 86 88 86 84 86 87 88 90 86 88 89 90 92 90 88 90 91 92 94 90 92 93 94 96 94 92 94 95 96 98 94 96 97 98 100 98 96 98 99 100 102 98 100 101 102 104 102 100 102 103 104 106 102 104 105 106 108 106 104 106 107 108 110 106 108 109 110 112 110 108 110 111 112 114 110 112 113 114 116 114 112 114 115 116 118 114 116 117 118 120 118 116 118 119 120 122 118 120 121 122 124 122 120 122 123 124 126 122 124 125 126 128 126 124 126 127 128 130 126 128 129 130 132 130 128 130 131 132 134 130 132 133 134
INF INF INF INF INF INF INF INF INF INF INF INF INF INF INF INF INF INF INF INF INF INF INF INF INF INF INF INF INF INF INF INF INF INF INF INF INF INF INF INF INF INF INF INF INF INF INF INF INF INF INF INF INF INF INF INF INF INF INF INF INF INF INF INF INF INF INF INF INF INF INF INF INF INF INF INF INF INF INF INF INF INF INF INF INF INF INF INF INF INF INF INF INF INF INF INF INF INF INF INF INF INF INF INF INF INF INF INF INF INF INF INF INF INF INF INF INF INF INF INF INF INF INF INF INF INF INF INF INF INF INF INF 0 2 3 4 6 7 5 4 6 7 8 10 6 8 9 10 12 10 8 10 11 12 14 10 12 13 14 16 14 12 14 15 16 18 14 16 17 18 20 18 16 18 19 20 22 18 20 21 22 24 22 20 22 23 24 26 22 24 25 26 28 26 24 26 27 28 30 26 28 29 30 32 30 28 30 31 32 34 30 32 33 34 36 34 32 34 35 36 38 34 36 37 38 40 38 36 38 39 40 42 38 40 41 42 44 42 40 42 43 44 46 42 44 45 46 48 46 44 46 47 48 50 46 48 49 50 52 50 48 50 51 52 54 50 52 53 54 56 54 52 54 55 56 58 54 56 57 58 60 58 56 58 59 60 62 58 60 61 62 64 62 60 62 63 64 66 62 64 65 66 68 66 64 66 67 68 70 66 68 69 70 72 70 68 70 71 72 74 70 72 73 74 76 74 72 74 75 76 78 74 76 77 78 80 78 76 78 79 80 82 78 80 81 82 84 82 80 82 83 84 86 82 84 85 86 88 86 84 86 87 88 90 86 88 89 90 92 90 88 90 91 92 94 90 92 93 94 96 94 92 94 95 96 98 94 96 97 98 100 98 96 98 99 100 102 98 100 101 102 104 102 100 102 103 104 106 102 104 105 106 108 106 104 106 107 108 110 106 108 109 110 112 110 108 110 111 112 114 110 112 113 114 116 114 112 114 115 116 118 114 116 117 118 120 118 116 118 119 120 122 118 120 121 122 124 122 120 122 123 124 126 122 124 125 126 128 126 124 126 127 128 130 126 128 129 130 132 130 128 130 131 132 134 130 132 133 134 136 134 132 134 135 136 138 134 136 137 138
INF INF INF INF INF INF INF INF INF INF INF INF INF INF INF INF INF INF INF INF INF INF INF INF INF INF INF INF INF INF INF INF INF INF INF INF INF INF INF INF INF INF INF INF INF INF INF INF INF INF INF INF INF INF INF INF INF INF INF INF INF INF INF INF INF INF INF INF INF INF INF INF INF INF INF INF INF INF INF INF INF INF INF INF INF INF INF INF INF INF INF INF INF INF INF INF INF INF INF INF INF INF INF INF INF INF INF INF INF INF INF INF INF INF INF INF INF INF INF INF INF INF INF INF INF INF INF INF INF INF INF INF INF 0 2 3 4 6 4 2 4 5 6 8 4 6 7 8 10 8 6 8 9 10 12 8 10 11 12 14 12 10 12 13 14 16 12 14 15 16 18 16 14 16 17 18 20 16 18 19 20 22 20 18 20 21 22 24 20 22 23 24 26 24 22 24 25 26 28 24 26 27 28 30 28 26 28 29 30 32 28 30 31 32 34 32 30 32 33 34 36 32 34 35 36 38 36 34 36 37 38 40 36 38 39 40 42 40 38 40 41 42 44 40 42 43 44 46 44 42 44 45 46 48 44 46 47 48 50 48 46 48 49 50 52 48 50 51 52 54 52 50 52 53 54 56 52 54 55 56 58 56 54 56 57 58 60 56 58 59 60 62 60 58 60 61 62 64 60 62 63 64 66 64 62 64 65 66 68 64 66 67 68 70 68 66 68 69 70 72 68 70 71 72 74 72 70 72 73 74 76 72 74 75 76 78 76 74 76 77 78 80 76 78 79 80 82 80 78 80 81 82 84 80 82 83 84 86 84 82 84 85 86 88 84 86 87 88 90 88 86 88 89 90 92 88 90 91 92 94 92 90 92 93 94 96 92 94 95 96 98 96 94 96 97 98 100 96 98 99 100 102 100 98 100 101 102 104 100 102 103 104 106 104 102 104 105 106 108 104 106 107 108 110 108 106 108 109 110 112 108 110 111 112 114 112 110 112 113 114 116 112 114 115 116 118 116 114 116 117 118 120 116 118 119 120 122 120 118 120 121 122 124 120 122 123 124 126 124 122 124 125 126 128 124 126 127 128 130 128 126 128 129 130 132 128 130 131 132 134 132 130 132 133 134 136 132 134 135 136
INF INF INF INF INF INF INF INF INF INF INF INF INF INF INF INF INF INF INF INF INF INF INF INF INF INF INF INF INF INF INF INF INF INF INF INF INF INF INF INF INF INF INF INF INF INF INF INF INF INF INF INF INF INF INF INF INF INF INF INF INF INF INF INF INF INF INF INF INF INF INF INF INF INF INF INF INF INF INF INF INF INF INF INF INF INF INF INF INF INF INF INF INF INF INF INF INF INF INF INF INF INF INF INF INF INF INF INF INF INF INF INF INF INF INF INF INF INF INF INF INF INF INF INF INF INF INF INF INF INF INF INF INF INF 0 2 3 4 2 1 3 4 5 7 3 5 6 7 9 7 5 7 8 9 11 7 9 10 11 13 11 9 11 12 13 15 11 13 14 15 17 15 13 15 16 17 19 15 17 18 19 21 19 17 19 20 21 23 19 21 22 23 25 23 21 23 24 25 27 23 25 26 27 29 27 25 27 28 29 31 27 29 30 31 33 31 29 31 32 33 35 31 33 34 35 37 35 33 35 36 37 39 35 37 38 39 41 39 37 39 40 41 43 39 41 42 43 45 43 41 43 44 45 47 43 45 46 47 49 47 45 47 48 49 51 47 49 50 51 53 51 49 51 52 53 55 51 53 54 55 57 55 53 55 56 57 59 55 57 58 59 61 59 57 59 60 61 63 59 61 62 63 65 63 61 63 64 65 67 63 65 66 67 69 67 65 67 68 69 71 67 69 70 71 73 71 69 71 72 73 75 71 73 74 75 77 75 73 75 76 77 79 75 77 78 79 81 79 77 79 80 81 83 79 81 82 83 85 83 81 83 84 85 87 83 85 86 87 89 87 85 87 88 89 91 87 89 90 91 93 91 89 91 92 93 95 91 93 94 95 97 95 93 95 96 97 99 95 97 98 99 101 99 97 99 100 101 103 99 101 102 103 105 103 101 103 104 105 107 103 105 106 107 109 107 105 107 108 109 111 107 109 110 111 113 111 109 111 112 113 115 111 113 114 115 117 115 113 115 116 117 119 115 117 118 119 121 119 117 119 120 121 123 119 121 122 123 125 123 121 123 124 125 127 123 125 126 127 129 127 125 127 128 129 131 127 129 130 131 133 131 129 131 132 133 135 131 133 134 135
INF INF INF INF INF INF INF INF INF INF INF INF INF INF INF INF INF INF INF INF INF INF INF INF INF INF INF INF INF INF INF INF INF INF INF INF INF INF INF INF INF INF INF INF INF INF INF INF INF INF INF INF INF INF INF INF INF INF INF INF INF INF INF INF INF INF INF INF INF INF INF INF INF INF INF INF INF INF INF INF INF INF INF INF INF INF INF INF INF INF INF INF INF INF INF INF INF INF INF INF INF INF INF INF INF INF INF INF INF INF INF INF INF INF INF INF INF INF INF INF INF INF INF INF INF INF INF INF INF INF INF INF INF INF INF 0 2 3 1 0 2 3 4 6 2 4 5 6 8 6 4 6 7 8 10 6 8 9 10 12 10 8 10 11 12 14 10 12 13 14 16 14 12 14 15 16 18 14 16 17 18 20 18 16 18 19 20 22 18 20 21 22 24 22 20 22 23 24 26 22 24 25 26 28 26 24 26 27 28 30 26 28 29 30 32 30 28 30 31 32 34 30 32 33 34 36 34 32 34 35 36 38 34 36 37 38 40 38 36 38 39 40 42 38 40 41 42 44 42 40 42 43 44 46 42 44 45 46 48 46 44 46 47 48 50 46 48 49 50 52 50 48 50 51 52 54 50 52 53 54 56 54 52 54 55 56 58 54 56 57 58 60 58 56 58 59 60 62 58 60 61 62 64 62 60 62 63 64 66 62 64 65 66 68 66 64 66 67 68 70 66 68 69 70 72 70 68 70 71 72 74 70 72 73 74 76 74 72 74 75 76 78 74 76 77 78 80 78 76 78 79 80 82 78 80 81 82 84 82 80 82 83 84 86 82 84 85 86 88 86 84 86 87 88 90 86 88 89 90 92 90 88 90 91 92 94 90 92 93 94 96 94 92 94 95 96 98 94 96 97 98 100 98 96 98 99 100 102 98 100 101 102 104 102 100 102 103 104 106 102 104 105 106 108 106 104 106 107 108 110 106 108 109 110 112 110 108 110 111 112 114 110 112 113 114 116 114 112 114 115 116 118 114 116 117 118 120 118 116 118 119 120 122 118 120 121 122 124 122 120 122 123 124 126 122 124 125 126 128 126 124 126 127 128 130 126 128 129 130 132 130 128 130 131 132 134 130 132 133 134
INF INF INF INF INF INF INF INF INF INF INF INF INF INF INF INF INF INF INF INF INF INF INF INF INF INF INF INF INF INF INF INF INF INF INF INF INF INF INF INF INF INF INF INF INF INF INF INF INF INF INF INF INF INF INF INF INF INF INF INF INF INF INF INF INF INF INF INF INF INF INF INF INF INF INF INF INF INF INF INF INF INF INF INF INF INF INF INF INF INF INF INF INF INF INF INF INF INF INF INF INF INF INF INF INF INF INF INF INF INF INF INF INF INF INF INF INF INF INF INF INF INF INF INF INF INF INF INF INF INF INF INF INF INF INF INF 0 2 0 -2 0 1 2 4 0 2 3 4 6 4 2 4 5 6 8 4 6 7 8 10 8 6 8 9 10 12 8 10 11 12 14 12 10 12 13 14 16 12 14 15 16 18 16 14 16 17 18 20 16 18 19 20 22 20 18 20 21 22 24 20 22 23 24 26 24 22 24 25 26 28 24 26 27 28 30 28 26 28 29 30 32 28 30 31 32 34 32 30 32 33 34 36 32 34 35 36 38 36 34 36 37 38 40 36 38 39 40 42 40 38 40 41 42 44 40 42 43 44 46 44 42 44 45 46 48 44 46 47 48 50 48 46 48 49 50 52 48 50 51 52 54 52 50 52 53 54 56 52 54 55 56 58 56 54 56 57 58 60 56 58 59 60 62 60 58 60 61 62 64 60 62 63 64 66 64 62 64 65 66 68 64 66 67 68 70 68 66 68 69 70 72 68 70 71 72 74 72 70 72 73 74 76 72 74 75 76 78 76 74 76 77 78 80 76 78 79 80 82 80 78 80 81 82 84 80 82 83 84 86 84 82 84 85 86 88 84 86 87 88 90 88 86 88 89 90 92 88 90 91 92 94 92 90 92 93 94 96 92 94 95 96 98 96 94 96 97 98 100 96 98 99 100 102 100 98 100 101 102 104 100 102 103 104 106 104 102 104 105 106 108 104 106 107 108 110 108 106 108 109 110 112 108 110 111 112 114 112 110 112 113 114 116 112 114 115 116 118 116 114 116 117 118 120 116 118 119 120 122 120 118 120 121 122 124 120 122 123 124 126 124 122 124 125 126 128 124 126 127 128 130 128 126 128 129 130 132 128 130 131 132
INF INF INF INF INF INF INF INF INF INF INF INF INF INF INF INF INF INF INF INF INF INF INF INF INF INF INF INF INF INF INF INF INF INF INF INF INF INF INF INF INF INF INF INF INF INF INF INF INF INF INF INF INF INF INF INF INF INF INF INF INF INF INF INF INF INF INF INF INF INF INF INF INF INF INF INF INF INF INF INF INF INF INF INF INF INF INF INF INF INF INF INF INF INF INF INF INF INF INF INF INF INF INF INF INF INF INF INF INF INF INF INF INF INF INF INF INF INF INF INF INF INF INF INF INF INF INF INF INF INF INF INF INF INF INF INF INF 0 -2 0 1 2 4 5 2 4 5 6 8 6 4 6 7 8 10 6 8 9 10 12 10 8 10 11 12 14 10 12 13 14 16 14 12 14 15 16 18 14 16 17 18 20 18 16 18 19 20 22 18 20 21 22 24 22 20 22 23 24 26 22 24 25 26 28 26 24 26 27 28 30 26 28 29 30 32 30 28 30 31 32 34 30 32 33 34 36 34 32 34 35 36 38 34 36 37 38 40 38 36 38 39 40 42 38 40 41 42 44 42 40 42 43 44 46 42 44 45 46 48 46 44 46 47 48 50 46 48 49 50 52 50 48 50 51 52 54 50 52 53 54 56 54 52 54 55 56 58 54 56 57 58 60 58 56 58 59 60 62 58 60 61 62 64 62 60 62 63 64 66 62 64 65 66 68 66 64 66 67 68 70 66 68 69 70 72 70 68 70 71 72 74 70 72 73 74 76 74 72 74 75 76 78 74 76 77 78 80 78 76 78 79 80 82 78 80 81 82 84 82 80 82 83 84 86 82 84 85 86 88 86 84 86 87 88 90 86 88 89 90 92 90 88 90 91 92 94 90 92 93 94 96 94 92 94 95 96 98 94 96 97 98 100 98 96 98 99 100 102 98 100 101 102 104 102 100 102 103 104 106 102 104 105 106 108 106 104 106 107 108 110 106 108 109 110 112 110 108 110 111 112 114 110 112 113 114 116 114 112 114 115 116 118 114 116 117 118 120 118 116 118 119 120 122 118 120 121 122 124 122 120 122 123 124 126 122 124 125 126 128 126 124 126 127 128 130 126 128 129 130 132 130 128 130 131 132 134 130 132 133 134
INF INF INF INF INF INF INF INF INF INF INF INF INF INF INF INF INF INF INF INF INF INF INF INF INF INF INF INF INF INF INF INF INF INF INF INF INF INF INF INF INF INF INF INF INF INF INF INF INF INF INF INF INF INF INF INF INF INF INF INF INF INF INF INF INF INF INF INF INF INF INF INF INF INF INF INF INF INF INF INF INF INF INF INF INF INF INF INF INF INF INF INF INF INF INF INF INF INF INF INF INF INF INF INF INF INF INF INF INF INF INF INF INF INF INF INF INF INF INF INF INF INF INF INF INF INF INF INF INF INF INF INF INF INF INF INF INF INF 0 2 3 4 6 7 4 6 7 8 10 8 6 8 9 10 12 8 10 11 12 14 12 10 12 13 14 16 12 14 15 16 18 16 14 16 17 18 20 16 18 19 20 22 20 18 20 21 22 24 20 22 23 24 26 24 22 24 25 26 28 24 26 27 28 30 28 26 28 29 30 32 28 30 31 32 34 32 30 32 33 34 36 32 34 35 36 38 36 34 36 37 38 40 36 38 39 40 42 40 38 40 41 42 44 40 42 43 44 46 44 42 44 45 46 48 44 46 47 48 50 48 46 48 49 50 52 48 50 51 52 54 52 50 52 53 54 56 52 54 55 56 58 56 54 56 57 58 60 56 58 59 60 62 60 58 60 61 62 64 60 62 63 64 66 64 62 64 65 66 68 64 66 67 68 70 68 66 68 69 70 72 68 70 71 72 74 72 70 72 73 74 76 72 74 75 76 78 76 74 76 77 78 80 76 78 79 80 82 80 78 80 81 82 84 80 82 83 84 86 84 82 84 85 86 88 84 86 87 88 90 88 86 88 89 90 92 88 90 91 92 94 92 90 92 93 94 96 92 94 95 96 98 96 94 96 97 98 100 96 98 99 100 102 100 98 100 101 102 104 100 102 103 104 106 104 102 104 105 106 108 104 106 107 108 110 108 106 108 109 110 112 108 110 111 112 114 112 110 112 113 114 116 112 114 115 116 118 116 114 116 117 118 120 116 118 119 120 122 120 118 120 121 122 124 120 122 123 124 126 124 122 124 125 126 128 124 126 127 128 130 128 126 128 129 130 132 128 130 131 132 134 132 130 132 133 134 136 132 134 135 136
INF INF INF INF INF INF INF INF INF INF INF INF INF INF INF INF INF INF INF INF INF INF INF INF INF INF INF INF INF INF INF INF INF INF INF INF INF INF INF INF INF INF INF INF INF INF INF INF INF INF INF INF INF INF INF INF INF INF INF INF INF INF INF INF INF INF INF INF INF INF INF INF INF INF INF INF INF INF INF INF INF INF INF INF INF INF INF INF INF INF INF INF INF INF INF INF INF INF INF INF INF INF INF INF INF INF INF INF INF INF INF INF INF INF INF INF INF INF INF INF INF INF INF INF INF INF INF INF INF INF INF INF INF INF INF INF INF INF INF 0 2 3 4 6 2 4 5 6 8 6 4 6 7 8 10 6 8 9 10 12 10 8 10 11 12 14 10 12 13 14 16 14 12 14 15 16 18 14 16 17 18 20 18 16 18 19 20 22 18 20 21 22 24 22 20 22 23 24 26 22 24 25 26 28 26 24 26 27 28 30 26 28 29 30 32 30 28 30 31 32 34 30 32 33 34 36 34 32 34 35 36 38 34 36 37 38 40 38 36 38 39 40 42 38 40 41 42 44 42 40 42 43 44 46 42 44 45 46 48 46 44 46 47 48 50 46 48 49 50 52 50 48 50 51 52 54 50 52 53 54 56 54 52 54 55 56 58 54 56 57 58 60 58 56 58 59 60 62 58 60 61 62 64 62 60 62 63 64 66 62 64 65 66 68 66 64 66 67 68 70 66 68 69 70 72 70 68 70 71 72 74 70 72 73 74 76 74 72 74 75 76 78 74 76 77 78 80 78 76 78 79 80 82 78 80 81 82 84 82 80 82 83 84 86 82 84 85 86 88 86 84 86 87 88 90 86 88 89 90 92 90 88 90 91 92 94 90 92 93 94 96 94 92 94 95 96 98 94 96 97 98 100 98 96 98 99 100 102 98 100 101 102 104 102 100 102 103 104 106 102 104 105 106 108 106 104 106 107 108 110 106 108 109 110 112 110 108 110 111 112 114 110 112 113 114 116 114 112 114 115 116 118 114 116 117 118 120 118 116 118 119 120 122 118 120 121 122 124 122 120 122 123 124 126 122 124 125 126 128 126 124 126 127 128 130 126 128 129 130 132 130 128 130 131 132 134 130 132 133 134
INF INF INF INF INF INF INF INF INF INF INF INF INF INF INF INF INF INF INF INF INF INF INF INF INF INF INF INF INF INF INF INF INF INF INF INF INF INF INF INF INF INF INF INF INF INF INF INF INF INF INF INF INF INF INF INF INF INF INF INF INF INF INF INF INF INF INF INF INF INF INF INF INF INF INF INF INF INF INF INF INF INF INF INF INF INF INF INF INF INF INF INF INF INF INF INF INF INF INF INF INF INF INF INF INF INF INF INF INF INF INF INF INF INF INF INF INF INF INF INF INF INF INF INF INF INF INF INF INF INF INF INF INF INF INF INF INF INF INF INF 0 2 3 4 1 3 4 5 7 5 3 5 6 7 9 5 7 8 9 11 9 7 9 10 11 13 9 11 12 13 15 13 11 13 14 15 17 13 15 16 17 19 17 15 17 18 19 21 17 19 20 21 23 21 19 21 22 23 25 21 23 24 25 27 25 23 25 26 27 29 25 27 28 29 31 29 27 29 30 31 33 29 31 32 33 35 33 31 33 34 35 37 33 35 36 37 39 37 35 37 38 39 41 37 39 40 41 43 41 39 41 42 43 45 41 43 44 45 47 45 43 45 46 47 49 45 47 48 49 51 49 47 49 50 51 53 49 51 52 53 55 53 51 53 54 55 57 53 55 56 57 59 57 55 57 58 59 61 57 59 60 61 63 61 59 61 62 63 65 61 63 64 65 67 65 63 65 66 67 69 65 67 68 69 71 69 67 69 70 71 73 69 71 72 73 75 73 71 73 74 75 77 73 75 76 77 79 77 75 77 78 79 81 77 79 80 81 83 81 79 81 82 83 85 81 83 84 85 87 85 83 85 86 87 89 85 87 88 89 91 89 87 89 90 91 93 89 91 92 93 95 93 91 93 94 95 97 93 95 96 97 99 97 95 97 98 99 101 97 99 100 101 103 101 99 101 102 103 105 101 103 104 105 107 105 103 105 106 107 109 105 107 108 109 111 109 107 109 110 111 113 109 111 112 113 115 113 111 113 114 115 117 113 115 116 117 119 117 115 117 118 119 121 117 119 120 121 123 121 119 121 122 123 125 121 123 124 125 127 125 123 125 126 127 129 125 127 128 129 131 129 127 129 130 131 133 129 131 132 133
INF INF INF INF INF INF INF INF INF INF INF INF INF INF INF INF INF INF INF INF INF INF INF INF INF INF INF INF INF INF INF INF INF INF INF INF INF INF INF INF INF INF INF INF INF INF INF INF INF INF INF INF INF INF INF INF INF INF INF INF INF INF INF INF INF INF INF INF INF INF INF INF INF INF INF INF INF INF INF INF INF INF INF INF INF INF INF INF INF INF INF INF INF INF INF INF INF INF INF INF INF INF INF INF INF INF INF INF INF INF INF INF INF INF INF INF INF INF INF INF INF INF INF INF INF INF INF INF INF INF INF INF INF INF INF INF INF INF INF INF INF 0 2 3 0 2 3 4 6 4 2 4 5 6 8 4 6 7 8 10 8 6 8 9 10 12 8 10 11 12 14 12 10 12 13 14 16 12 14 15 16 18 16 14 16 17 18 20 16 18 19 20 22 20 18 20 21 22 24 20 22 23 24 26 24 22 24 25 26 28 24 26 27 28 30 28 26 28 29 30 32 28 30 31 32 34 32 30 32 33 34 36 32 34 35 36 38 36 34 36 37 38 40 36 38 39 40 42 40 38 40 41 42 44 40 42 43 44 46 44 42 44 45 46 48 44 46 47 48 50 48 46 48 49 50 52 48 50 51 52 54 52 50 52 53 54 56 52 54 55 56 58 56 54 56 57 58 60 56 58 59 60 62 60 58 60 61 62 64 60 62 63 64 66 64 62 64 65 66 68 64 66 67 68 70 68 66 68 69 70 72 68 70 71 72 74 72 70 72 73 74 76 72 74 75 76 78 76 74 76 77 78 80 76 78 79 80 82 80 78 80 81 82 84 80 82 83 84 86 84 82 84 85 86 88 84 86 87 88 90 88 86 88 89 90 92 88 90 91 92 94 92 90 92 93 94 96 92 94 95 96 98 96 94 96 97 98 100 96 98 99 100 102 100 98 100 101 102 104 100 102 103 104 106 104 102 104 105 106 108 104 106 107 108 110 108 106 108 109 110 112 108 110 111 112 114 112 110 112 113 114 116 112 114 115 116 118 116 114 116 117 118 120 116 118 119 120 122 120 118 120 121 122 124 120 122 123 124 126 124 122 124 125 126 128 124 126 127 128 130 128 126 128 129 130 132 128 130 131 132
INF INF INF INF INF INF INF INF INF INF INF INF INF INF INF INF INF INF INF INF INF INF INF INF INF INF INF INF INF INF INF INF INF INF INF INF INF INF INF INF INF INF INF INF INF INF INF INF INF INF INF INF INF INF INF INF INF INF INF INF INF INF INF INF INF INF INF INF INF INF INF INF INF INF INF INF INF INF INF INF INF INF INF INF INF INF INF INF INF INF INF INF INF INF INF INF INF INF INF INF INF INF INF INF INF INF INF INF INF INF INF INF INF INF INF INF INF INF INF INF INF INF INF INF INF INF INF INF INF INF INF INF INF INF INF INF INF INF INF INF INF INF 0 2 -2 0 1 2 4 2 0 2 3 4 6 2 4 5 6 8 6 4 6 7 8 10 6 8 9 10 12 10 8 10 11 12 14 10 12 13 14 16 14 12 14 15 16 18 14 16 17 18 20 18 16 18 19 20 22 18 20 21 22 24 22 20 22 23 24 26 22 24 25 26 28 26 24 26 27 28 30 26 28 29 30 32 30 28 30 31 32 34 30 32 33 34 36 34 32 34 35 36 38 34 36 37 38 40 38 36 38 39 40 42 38 40 41 42 44 42 40 42 43 44 46 42 44 45 46 48 46 44 46 47 48 50 46 48 49 50 52 50 48 50 51 52 54 50 52 53 54 56 54 52 54 55 56 58 54 56 57 58 60 58 56 58 59 60 62 58 60 61 62 64 62 60 62 63 64 66 62 64 65 66 68 66 64 66 67 68 70 66 68 69 70 72 70 68 70 71 72 74 70 72 73 74 76 74 72 74 75 76 78 74 76 77 78 80 78 76 78 79 80 82 78 80 81 82 84 82 80 82 83 84 86 82 84 85 86 88 86 84 86 87 88 90 86 88 89 90 92 90 88 90 91 92 94 90 92 93 94 96 94 92 94 95 96 98 94 96 97 98 100 98 96 98 99 100 102 98 100 101 102 104 102 100 102 103 104 106 102 104 105 106 108 106 104 106 107 108 110 106 108 109 110 112 110 108 110 111 112 114 110 112 113 114 116 114 112 114 115 116 118 114 116 117 118 120 118 116 118 119 120 122 118 120 121 122 124 122 120 122 123 124 126 122 124 125 126 128 126 124 126 127 128 130 126 128 129 130
INF INF INF INF INF INF INF INF INF INF INF INF INF INF INF INF INF INF INF INF INF INF INF INF INF INF INF INF INF INF INF INF INF INF INF INF INF INF INF INF INF INF INF INF INF INF INF INF INF INF INF INF INF INF INF INF INF INF INF INF INF INF INF INF INF INF INF INF INF INF INF INF INF INF INF INF INF INF INF INF INF INF INF INF INF INF INF INF INF INF INF INF INF INF INF INF INF INF INF INF INF INF INF INF INF INF INF INF INF INF INF INF INF INF INF INF INF INF INF INF INF INF INF INF INF INF INF INF INF INF INF INF INF INF INF INF INF INF INF INF INF INF INF 0 2 3 4 6 7 5 4 6 7 8 10 6 8 9 10 12 10 8 10 11 12 14 10 12 13 14 16 14 12 14 15 16 18 14 16 17 18 20 18 16 18 19 20 22 18 20 21 22 24 22 20 22 23 24 26 22 24 25 26 28 26 24 26 27 28 30 26 28 29 30 32 30 28 30 31 32 34 30 32 33 34 36 34 32 34 35 36 38 34 36 37 38 40 38 36 38 39 40 42 38 40 41 42 44 42 40 42 43 44 46 42 44 45 46 48 46 44 46 47 48 50 46 48 49 50 52 50 48 50 51 52 54 50 52 53 54 56 54 52 54 55 56 58 54 56 57 58 60 58 56 58 59 60 62 58 60 61 62 64 62 60 62 63 64 66 62 64 65 66 68 66 64 66 67 68 70 66 68 69 70 72 70 68 70 71 72 74 70 72 73 74 76 74 72 74 75 76 78 74 76 77 78 80 78 76 78 79 80 82 78 80 81 82 84 82 80 82 83 84 86 82 84 85 86 88 86 84 86 87 88 90 86 88 89 90 92 90 88 90 91 92 94 90 92 93 94 96 94 92 94 95 96 98 94 96 97 98 100 98 96 98 99 100 102 98 100 101 102 104 102 100 102 103 104 106 102 104 105 106 108 106 104 106 107 108 110 106 108 109 110 112 110 108 110 111 112 114 110 112 113 114 116 114 112 114 115 116 118 114 116 117 118 120 118 116 118 119 120 122 118 120 121 122 124 122 120 122 123 124 126 122 124 125 126 128 126 124 126 127 128 130 126 128 129 130 132 130 128 130 131 132 134 130 132 133 134
INF INF INF INF INF INF INF INF INF INF INF INF INF INF INF INF INF INF INF INF INF INF INF INF INF INF INF INF INF INF INF INF INF INF INF INF INF INF INF INF INF INF INF INF INF INF INF INF INF INF INF INF INF INF INF INF INF INF INF INF INF INF INF INF INF INF INF INF INF INF INF INF INF INF INF INF INF INF INF INF INF INF INF INF INF INF INF INF INF INF INF INF INF INF INF INF INF INF INF INF INF INF INF INF INF INF INF INF INF INF INF INF INF INF INF INF INF INF INF INF INF INF INF INF INF INF INF INF INF INF INF INF INF INF INF INF INF INF INF INF INF INF INF INF 0 2 3 4 6 4 2 4 5 6 8 4 6 7 8 10 8 6 8 9 10 12 8 10 11 12 14 12 10 12 13 14 16 12 14 15 16 18 16 14 16 17 18 20 16 18 19 20 22 20 18 20 21 22 24 20 22 23 24 26 24 22 24 25 26 28 24 26 27 28 30 28 26 28 29 30 32 28 30 31 32 34 32 30 32 33 34 36 32 34 35 36 38 36 34 36 37 38 40 36 38 39 40 42 40 38 40 41 42 44 40 42 43 44 46 44 42 44 45 46 48 44 46 47 48 50 48 46 48 49 50 52 48 50 51 52 54 52 50 52 53 54 56 52 54 55 56 58 56 54 56 57 58 60 56 58 59 60 62 60 58 60 61 62 64 60 62 63 64 66 64 62 64 65 66 68 64 66 67 68 70 68 66 68 69 70 72 68 70 71 72 74 72 70 72 73 74 76 72 74 75 76 78 76 74 76 77 78 80 76 78 79 80 82 80 78 80 81 82 84 80 82 83 84 86 84 82 84 85 86 88 84 86 87 88 90 88 86 88 89 90 92 88 90 91 92 94 92 90 92 93 94 96 92 94 95 96 98 96 94 96 97 98 100 96 98 99 100 102 100 98 100 101 102 104 100 102 103 104 106 104 102 104 105 106 108 104 106 107 108 110 108 106 108 109 110 112 108 110 111 112 114 112 110 112 113 114 116 112 114 115 116 118 116 114 116 117 118 120 116 118 119 120 122 120 118 120 121 122 124 120 122 123 124 126 124 122 124 125 126 128 124 126 127 128 130 128 126 128 129 130 132 128 130 131 132
INF INF INF INF INF INF INF INF INF INF INF INF INF INF INF INF INF INF INF INF INF INF INF INF INF INF INF INF INF INF INF INF INF INF INF INF INF INF INF INF INF INF INF INF INF INF INF INF INF INF INF INF INF INF INF INF INF INF INF INF INF INF INF INF INF INF INF INF INF INF INF INF INF INF INF INF INF INF INF INF INF INF INF INF INF INF INF INF INF INF INF INF INF INF INF INF INF INF INF INF INF INF INF INF INF INF INF INF INF INF INF INF INF INF INF INF INF INF INF INF INF INF INF INF INF INF INF INF INF INF INF INF INF INF INF INF INF INF INF INF INF INF INF INF INF 0 2 3 4 2 1 3 4 5 7 3 5 6 7 9 7 5 7 8 9 11 7 9 10 11 13 11 9 11 12 13 15 11 13 14 15 17 15 13 15 16 17 19 15 17 18 19 21 19 17 19 20 21 23 19 21 22 23 25 23 21 23 24 25 27 23 25 26 27 29 27 25 27 28 29 31 27 29 30 31 33 31 29 31 32 33 35 31 33 34 35 37 35 33 35 36 37 39 35 37 38 39 41 39 37 39 40 41 43 39 41 42 43 45 43 41 43 44 45 47 43 45 46 47 49 47 45 47 48 49 51 47 49 50 51 53 51 49 51 52 53 55 51 53 54 55 57 55 53 55 56 57 59 55 57 58 59 61 59 57 59 60 61 63 59 61 62 63 65 63 61 63 64 65 67 63 65 66 67 69 67 65 67 68 69 71 67 69 70 71 73 71 69 71 72 73 75 71 73 74 75 77 75 73 75 76 77 79 75 77 78 79 81 79 77 79 80 81 83 79 81 82 83 85 83 81 83 84 85 87 83 85 86 87 89 87 85 87 88 89 91 87 89 90 91 93 91 89 91 92 93 95 91 93 94 95 97 95 93 95 96 97 99 95 97 98 99 101 99 97 99 100 101 103 99 101 102 103 105 103 101 103 104 105 107 103 105 106 107 109 107 105 107 108 109 111 107 109 110 111 113 111 109 111 112 113 115 111 113 114 115 117 115 113 115 116 117 119 115 117 118 119 121 119 117 119 120 121 123 119 121 122 123 125 123 121 123 124 125 127 123 125 126 127 129 127 125 127 128 129 131 127 129 130 131
INF INF INF INF INF INF INF INF INF INF INF INF INF INF INF INF INF INF INF INF INF INF INF INF INF INF INF INF INF INF INF INF INF INF INF INF INF INF INF INF INF INF INF INF INF INF INF INF INF INF INF INF INF INF INF INF INF INF INF INF INF INF INF INF INF INF INF INF INF INF INF INF INF INF INF INF INF INF INF INF INF INF INF INF INF INF INF INF INF INF INF INF INF INF INF INF INF INF INF INF INF INF INF INF INF INF INF INF INF INF INF INF INF INF INF INF INF INF INF INF INF INF INF INF INF INF INF INF INF INF INF INF INF INF INF INF INF INF INF INF INF INF INF INF INF INF 0 2 3 1 0 2 3 4 6 2 4 5 6 8 6 4 6 7 8 10 6 8 9 10 12 10 8 10 11 12 14 10 12 13 14 16 14 12 14 15 16 18 14 16 17 18 20 18 16 18 19 20 22 18 20 21 22 24 22 20 22 23 24 26 22 24 25 26 28 26 24 26 27 28 30 26 28 29 30 32 30 28 30 31 32 34 30 32 33 34 36 34 32 34 35 36 38 34 36 37 38 40 38 36 38 39 40 42 38 40 41 42 44 42 40 42 43 44 46 42 44 45 46 48 46 44 46 47 48 50 46 48 49 50 52 50 48 50 51 52 54 50 52 53 54 56 54 52 54 55 56 58 54 56 57 58 60 58 56 58 59 60 62 58 60 61 62 64 62 60 62 63 64 66 62 64 65 66 68 66 64 66 67 68 70 66 68 69 70 72 70 68 70 71 72 74 70 72 73 74 76 74 72 74 75 76 78 74 76 77 78 80 78 76 78 79 80 82 78 80 81 82 84 82 80 82 83 84 86 82 84 85 86 88 86 84 86 87 88 90 86 88 89 90 92 90 88 90 91 92 94 90 92 93 94 96 94 92 94 95 96 98 94 96 97 98 100 98 96 98 99 100 102 98 100 101 102 104 102 100 102 103 104 106 102 104 105 106 108 106 104 106 107 108 110 106 108 109 110 112 110 108 110 111 112 114 110 112 113 114 116 114 112 114 115 116 118 114 116 117 118 120 118 116 118 119 120 122 118 120 121 122 124 122 120 122 123 124 126 122 124 125 126 128 126 124 126 127 128 130 126 128 129 130
INF INF INF INF INF INF INF INF INF INF INF INF INF INF INF INF INF INF INF INF INF INF INF INF INF INF INF INF INF INF INF INF INF INF INF INF INF INF INF INF INF INF INF INF INF INF INF INF INF INF INF INF INF INF INF INF INF INF INF INF INF INF INF INF INF INF INF INF INF INF INF INF INF INF INF INF INF INF INF INF INF INF INF INF INF INF INF INF INF INF INF INF INF INF INF INF INF INF INF INF INF INF INF INF INF INF INF INF INF INF INF INF INF INF INF INF INF INF INF INF INF INF INF INF INF INF INF INF INF INF INF INF INF INF INF INF INF INF INF INF INF INF INF INF INF INF INF 0 2 0 -2 0 1 2 4 0 2 3 4 6 4 2 4 5 6 8 4 6 7 8 10 8 6 8 9 10 12 8 10 11 12 14 12 10 12 13 14 16 12 14 15 16 18 16 14 16 17 18 20 16 18 19 20 22 20 18 20 21 22 24 20 22 23 24 26 24 22 24 25 26 28 24 26 27 28 30 28 26 28 29 30 32 28 30 31 32 34 32 30 32 33 34 36 32 34 35 36 38 36 34 36 37 38 40 36 38 39 40 42 40 38 40 41 42 44 40 42 43 44 46 44 42 44 45 46 48 44 46 47 48 50 48 46 48 49 50 52 48 50 51 52 54 52 50 52 53 54 56 52 54 55 56 58 56 54 56 57 58 60 56 58 59 60 62 60 58 60 61 62 64 60 62 63 64 66 64 62 64 65 66 68 64 66 67 68 70 68 66 68 69 70 72 68 70 71 72 74 72 70 72 73 74 76 72 74 75 76 78 76 74 76 77 78 80 76 78 79 80 82 80 78 80 81 82 84 80 82 83 84 86 84 82 84 85 86 88 84 86 87 88 90 88 86 88 89 90 92 88 90 91 92 94 92 90 92 93 94 96 92 94 95 96 98 96 94 96 97 98 100 96 98 99 100 102 100 98 100 101 102 104 100 102 103 104 106 104 102 104 105 106 108 104 106 107 108 110 108 106 108 109 110 112 108 110 111 112 114 112 110 112 113 114 116 112 114 115 116 118 116 114 116 117 118 120 116 118 119 120 122 120 118 120 121 122 124 120 122 123 124 126 124 122 124 125 126 128 124 126 127 128
INF INF INF INF INF INF INF INF INF INF INF INF INF INF INF INF INF INF INF INF INF INF INF INF INF INF INF INF INF INF INF INF INF INF INF INF INF INF INF INF INF INF INF INF INF INF INF INF INF INF INF INF INF INF INF INF INF INF INF INF INF INF INF INF INF INF INF INF INF INF INF INF INF INF INF INF INF INF INF INF INF INF INF INF INF INF INF INF INF INF INF INF INF INF INF INF INF INF INF INF INF INF INF INF INF INF INF INF INF INF INF INF INF INF INF INF INF INF INF INF INF INF INF INF INF INF INF INF INF INF INF INF INF INF INF INF INF INF INF INF INF INF INF INF INF INF INF INF 0 -2 0 1 2 4 5 2 4 5 6 8 6 4 6 7 8 10 6 8 9 10 12 10 8 10 11 12 14 10 12 13 14 16 14 12 14 15 16 18 14 16 17 18 20 18 16 18 19 20 22 18 20 21 22 24 22 20 22 23 24 26 22 24 25 26 28 26 24 26 27 28 30 26 28 29 30 32 30 28 30 31 32 34 30 32 33 34 36 34 32 34 35 36 38 34 36 37 38 40 38 36 38 39 40 42 38 40 41 42 44 42 40 42 43 44 46 42 44 45 46 48 46 44 46 47 48 50 46 48 49 50 52 50 48 50 51 52 54 50 52 53 54 56 54 52 54 55 56 58 54 56 57 58 60 58 56 58 59 60 62 58 60 61 62 64 62 60 62 63 64 66 62 64 65 66 68 66 64 66 67 68 70 66 68 69 70 72 70 68 70 71 72 74 70 72 73 74 76 74 72 74 75 76 78 74 76 77 78 80 78 76 78 79 80 82 78 80 81 82 84 82 80 82 83 84 86 82 84 85 86 88 86 84 86 87 88 90 86 88 89 90 92 90 88 90 91 92 94 90 92 93 94 96 94 92 94 95 96 98 94 96 97 98 100 98 96 98 99 100 102 98 100 101 102 104 102 100 102 103 104 106 102 104 105 106 108 106 104 106 107 108 110 106 108 109 110 112 110 108 110 111 112 114 110 112 113 114 116 114 112 114 115 116 118 114 116 117 118 120 118 116 118 119 120 122 118 120 121 122 124 122 120 122 123 124 126 122 124 125 126 128 126 124 126 127 128 130 126 128 129 130
INF INF INF INF INF INF INF INF INF INF INF INF INF INF INF INF INF INF INF INF INF INF INF INF INF INF INF INF INF INF INF INF INF INF INF INF INF INF INF INF INF INF INF INF INF INF INF INF INF INF INF INF INF INF INF INF INF INF INF INF INF INF INF INF INF INF INF INF INF INF INF INF INF INF INF INF INF INF INF INF INF INF INF INF INF INF INF INF INF INF INF INF INF INF INF INF INF INF INF INF INF INF INF INF INF INF INF INF INF INF INF INF INF INF INF INF INF INF INF INF INF INF INF INF INF INF INF INF INF INF INF INF INF INF INF INF INF INF INF INF INF INF INF INF INF INF INF INF INF 0 2 3 4 6 7 4 6 7 8 10 8 6 8 9 10 12 8 10 11 12 14 12 10 12 13 14 16 12 14 15 16 18 16 14 16 17 18 20 16 18 19 20 22 20 18 20 21 22 24 20 22 23 24 26 24 22 24 25 26 28 24 26 27 28 30 28 26 28 29 30 32 28 30 31 32 34 32 30 32 33 34 36 32 34 35 36 38 36 34 36 37 38 40 36 38 39 40 42 40 38 40 41 42 44 40 42 43 44 46 44 42 44 45 46 48 44 46 47 48 50 48 46 48 49 50 52 48 50 51 52 54 52 50 52 53 54 56 52 54 55 56 58 56 54 56 57 58 60 56 58 59 60 62 60 58 60 61 62 64 60 62 63 64 66 64 62 64 65 66 68 64 66 67 68 70 68 66 68 69 70 72 68 70 71 72 74 72 70 72 73 74 76 72 74 75 76 78 76 74 76 77 78 80 76 78 79 80 82 80 78 80 81 82 84 80 82 83 84 86 84 82 84 85 86 88 84 86 87 88 90 88 86 88 89 90 92 88 90 91 92 94 92 90 92 93 94 96 92 94 95 96 98 96 94 96 97 98 100 96 98 99 100 102 100 98 100 101 102 104 100 102 103 104 106 104 102 104 105 106 108 104 106 107 108 110 108 106 108 109 110 112 108 110 111 112 114 112 110 112 113 114 116 112 114 115 116 118 116 114 116 117 118 120 116 118 119 120 122 120 118 120 121 122 124 120 122 123 124 126 124 122 124 125 126 128 124 126 127 128 130 128 126 128 129 130 132 128 130 131 132
INF INF INF INF INF INF INF INF INF INF INF INF INF INF INF INF INF INF INF INF INF INF INF INF INF INF INF INF INF INF INF INF INF INF INF INF INF INF INF INF INF INF INF INF INF INF INF INF INF INF INF INF INF INF INF INF INF INF INF INF INF INF INF INF INF INF INF INF INF INF INF INF INF INF INF INF INF INF INF INF INF INF INF INF INF INF INF INF INF INF INF INF INF INF INF INF INF INF INF INF INF INF INF INF INF INF INF INF INF INF INF INF INF INF INF INF INF INF INF INF INF INF INF INF INF INF INF INF INF INF INF INF INF INF INF INF INF INF INF INF INF INF INF INF INF INF INF INF INF INF 0 2 3 4 6 2 4 5 6 8 6 4 6 7 8 10 6 8 9 10 12 10 8 10 11 12 14 10 12 13 14 16 14 12 14 15 16 18 14 16 17 18 20 18 16 18 19 20 22 18 20 21 22 24 22 20 22 23 24 26 22 24 25 26 28 26 24 26 27 28 30 26 28 29 30 32 30 28 30 31 32 34 30 32 33 34 36 34 32 34 35 36 38 34 36 37 38 40 38 36 38 39 40 42 38 40 41 42 44 42 40 42 43 44 46 42 44 45 46 48 46 44 46 47 48 50 46 48 49 50 52 50 48 50 51 52 54 50 52 53 54 56 54 52 54 55 56 58 54 56 57 58 60 58 56 58 59 60 62 58 60 61 62 64 62 60 62 63 64 66 62 64 65 66 68 66 64 66 67 68 70 66 68 69 70 72 70 68 70 71 72 74 70 72 73 74 76 74 72 74 75 76 78 74 76 77 78 80 78 76 78 79 80 82 78 80 81 82 84 82 80 82 83 84 86 82 84 85 86 88 86 84 86 87 88 90 86 88 89 90 92 90 88 90 91 92 94 90 92 93 94 96 94 92 94 95 96 98 94 96 97 98 100 98 96 98 99 100 102 98 100 101 102 104 102 100 102 103 104 106 102 104 105 106 108 106 104 106 107 108 110 106 108 109 110 112 110 108 110 111 112 114 110 112 113 114 116 114 112 114 115 116 118 114 116 117 118 120 118 116 118 119 120 122 118 120 121 122 124 122 120 122 123 124 126 122 124 125 126 128 126 124 126 127 128 130 126 128 129 130
INF INF INF INF INF INF INF INF INF INF INF INF INF INF INF INF INF INF INF INF INF INF INF INF INF INF INF INF INF INF INF INF INF INF INF INF INF INF INF INF INF INF INF INF INF INF INF INF INF INF INF INF INF INF INF INF INF INF INF INF INF INF INF INF INF INF INF INF INF INF INF INF INF INF INF INF INF INF INF INF INF INF INF INF INF INF INF INF INF INF INF INF INF INF INF INF INF INF INF INF INF INF INF INF INF INF INF INF INF INF INF INF INF INF INF INF INF INF INF INF INF INF INF INF INF INF INF INF INF INF INF INF INF INF INF INF INF INF INF INF INF INF INF INF INF INF INF INF INF INF INF 0 2 3 4 1 3 4 5 7 5 3 5 6 7 9 5 7 8 9 11 9 7 9 10 11 13 9 11 12 13 15 13 11 13 14 15 17 13 15 16 17 19 17 15 17 18 19 21 17 19 20 21 23 21 19 21 22 23 25 21 23 24 25 27 25 23 25 26 27 29 25 27 28 29 31 29 27 29 30 31 33 29 31 32 33 35 33 31 33 34 35 37 33 35 36 37 39 37 35 37 38 39 41 37 39 40 41 43 41 39 41 42 43 45 41 43 44 45 47 45 43 45 46 47 49 45 47 48 49 51 49 47 49 50 51 53 49 51 52 53 55 53 51 53 54 55 57 53 55 56 57 59 57 55 57 58 59 61 57 59 60 61 63 61 59 61 62 63 65 61 63 64 65 67 65 63 65 66 67 69 65 67 68 69 71 69 67 69 70 71 73 69 71 72 73 75 73 71 73 74 75 77 73 75 76 77 79 77 75 77 78 79 81 77 79 80 81 83 81 79 81 82 83 85 81 83 84 85 87 85 83 85 86 87 89 85 87 88 89 91 89 87 89 90 91 93 89 91 92 93 95 93 91 93 94 95 97 93 95 96 97 99 97 95 97 98 99 101 97 99 100 101 103 101 99 101 102 103 105 101 103 104 105 107 105 103 105 106 107 109 105 107 108 109 111 109 107 109 110 111 113 109 111 112 113 115 113 111 113 114 115 117 113 115 116 117 119 117 115 117 118 119 121 117 119 120 121 123 121 119 121 122 123 125 121 123 124 125 127 125 123 125 126 127 129 125 127 128 129
INF INF INF INF INF INF INF INF INF INF INF INF INF INF INF INF INF INF INF INF INF INF INF INF INF INF INF INF INF INF INF INF INF INF INF INF INF INF INF INF INF INF INF INF INF INF INF INF INF INF INF INF INF INF INF INF INF INF INF INF INF INF INF INF INF INF INF INF INF INF INF INF INF INF INF INF INF INF INF INF INF INF INF INF INF INF INF INF INF INF INF INF INF INF INF INF INF INF INF INF INF INF INF INF INF INF INF INF INF INF INF INF INF INF INF INF INF INF INF INF INF INF INF INF INF INF INF INF INF INF INF INF INF INF INF INF INF INF INF INF INF INF INF INF INF INF INF INF INF INF INF INF 0 2 3 0 2 3 4 6 4 2 4 5 6 8 4 6 7 8 10 8 6 8 9 10 12 8 10 11 12 14 12 10 12 13 14 16 12 14 15 16 18 16 14 16 17 18 20 16 18 19 20 22 20 18 20 21 22 24 20 22 23 24 26 24 22 24 25 26 28 24 26 27 28 30 28 26 28 29 30 32 28 30 31 32 34 32 30 32 33 34 36 32 34 35 36 38 36 34 36 37 38 40 36 38 39 40 42 40 38 40 41 42 44 40 42 43 44 46 44 42 44 45 46 48 44 46 47 48 50 48 46 48 49 50 52 48 50 51 52 54 52 50 52 53 54 56 52 54 55 56 58 56 54 56 57 58 60 56 58 59 60 62 60 58 60 61 62 64 60 62 63 64 66 64 62 64 65 66 68 64 66 67 68 70 68 66 68 69 70 72 68 70 71 72 74 72 70 72 73 74 76 72 74 75 76 78 76 74 76 77 78 80 76 78 79 80 82 80 78 80 81 82 84 80 82 83 84 86 84 82 84 85 86 88 84 86 87 88 90 88 86 88 89 90 92 88 90 91 92 94 92 90 92 93 94 96 92 94 95 96 98 96 94 96 97 98 100 96 98 99 100 102 100 98 100 101 102 104 100 102 103 104 106 104 102 104 105 106 108 104 106 107 108 110 108 106 108 109 110 112 108 110 111 112 114 112 110 112 113 114 116 112 114 115 116 118 116 114 116 117 118 120 116 118 119 120 122 120 118 120 121 122 124 120 122 123 124 126 124 122 124 125 126 128 124 126 127 128
INF INF INF INF INF INF INF INF INF INF INF INF INF INF INF INF INF INF INF INF INF INF INF INF INF INF INF INF INF INF INF INF INF INF INF INF INF INF INF INF INF INF INF INF INF INF INF INF INF INF INF INF INF INF INF INF INF INF INF INF INF INF INF INF INF INF INF INF INF INF INF INF INF INF INF INF INF INF INF INF INF INF INF INF INF INF INF INF INF INF INF INF INF INF INF INF INF INF INF INF INF INF INF INF INF INF INF INF INF INF INF INF INF INF INF INF INF INF INF INF INF INF INF INF INF INF INF INF INF INF INF INF INF INF INF INF INF INF INF INF INF INF INF INF INF INF INF INF INF INF INF INF INF 0 2 -2 0 1 2 4 2 0 2 3 4 6 2 4 5 6 8 6 4 6 7 8 10 6 8 9 10 12 10 8 10 11 12 14 10 12 13 14 16 14 12 14 15 16 18 14 16 17 18 20 18 16 18 19 20 22 18 20 21 22 24 22 20 22 23 24 26 22 24 25 26 28 26 24 26 27 28 30 26 28 29 30 32 30 28 30 31 32 34 30 32 33 34 36 34 32 34 35 36 38 34 36 37 38 40 38 36 38 39 40 42 38 40 41 42 44 42 40 42 43 44 46 42 44 45 46 48 46 44 46 47 48 50 46 48 49 50 52 50 48 50 51 52 54 50 52 53 54 56 54 52 54 55 56 58 54 56 57 58 60 58 56 58 59 60 62 58 60 61 62 64 62 60 62 63 64 66 62 64 65 66 68 66 64 66 67 68 70 66 68 69 70 72 70 68 70 71 72 74 70 72 73 74 76 74 72 74 75 76 78 74 76 77 78 80 78 76 78 79 80 82 78 80 81 82 84 82 80 82 83 84 86 82 84 85 86 88 86 84 86 87 88 90 86 88 89 90 92 90 88 90 91 92 94 90 92 93 94 96 94 92 94 95 96 98 94 96 97 98 100 98 96 98 99 100 102 98 100 101 102 104 102 100 102 103 104 106 102 104 105 106 108 106 104 106 107 108 110 106 108 109 110 112 110 108 110 111 112 114 110 112 113 114 116 114 112 114 115 116 118 114 116 117 118 120 118 116 118 119 120 122 118 120 121 122 124 122 120 122 123 124 126 122 124 125 126
INF INF INF INF INF INF INF INF INF INF INF INF INF INF INF INF INF INF INF INF INF INF INF INF INF INF INF INF INF INF INF INF INF INF INF INF INF INF INF INF INF INF INF INF INF INF INF INF INF INF INF INF INF INF INF INF INF INF INF INF INF INF INF INF INF INF INF INF INF INF INF INF INF INF INF INF INF INF INF INF INF INF INF INF INF INF INF INF INF INF INF INF INF INF INF INF INF INF INF INF INF INF INF INF INF INF INF INF INF INF INF INF INF INF INF INF INF INF INF INF INF INF INF INF INF INF INF INF INF INF INF INF INF INF INF INF INF INF INF INF INF INF INF INF INF INF INF INF INF INF INF INF INF INF 0 2 3 4 6 7 5 4 6 7 8 10 6 8 9 10 12 10 8 10 11 12 14 10 12 13 14 16 14 12 14 15 16 18 14 16 17 18 20 18 16 18 19 20 22 18 20 21 22 24 22 20 22 23 24 26 22 24 25 26 28 26 24 26 27 28 30 26 28 29 30 32 30 28 30 31 32 34 30 32 33 34 36 34 32 34 35 36 38 34 36 37 38 40 38 36 38 39 40 42 38 40 41 42 44 42 40 42 43 44 46 42 44 45 46 48 46 44 46 47 48 50 46 48 49 50 52 50 48 50 51 52 54 50 52 53 54 56 54 52 54 55 56 58 54 56 57 58 60 58 56 58 59 60 62 58 60 61 62 64 62 60 62 63 64 66 62 64 65 66 68 66 64 66 67 68 70 66 68 69 70 72 70 68 70 71 72 74 70 72 73 74 76 74 72 74 75 76 78 74 76 77 78 80 78 76 78 79 80 82 78 80 81 82 84 82 80 82 83 84 86 82 84 85 86 88 86 84 86 87 88 90 86 88 89 90 92 90 88 90 91 92 94 90 92 93 94 96 94 92 94 95 96 98 94 96 97 98 100 98 96 98 99 100 102 98 100 101 102 104 102 100 102 103 104 106 102 104 105 106 108 106 104 106 107 108 110 106 108 109 110 112 110 108 110 111 112 114 110 112 113 114 116 114 112 114 115 116 118 114 116 117 118 120 118 116 118 119 120 122 118 120 121 122 124 122 120 122 123 124 126 122 124 125 126 128 126 124 126 127 128 130 126 128 129 130
INF INF INF INF INF INF INF INF INF INF INF INF INF INF INF INF INF INF INF INF INF INF INF INF INF INF INF INF INF INF INF INF INF INF INF INF INF INF INF INF INF INF INF INF INF INF INF INF INF INF INF INF INF INF INF INF INF INF INF INF INF INF INF INF INF INF INF INF INF INF INF INF INF INF INF INF INF INF INF INF INF INF INF INF INF INF INF INF INF INF INF INF INF INF INF INF INF INF INF INF INF INF INF INF INF INF INF INF INF INF INF INF INF INF INF INF INF INF INF INF INF INF INF INF INF INF INF INF INF INF INF INF INF INF INF INF INF INF INF INF INF INF INF INF INF INF INF INF INF INF INF INF INF INF INF 0 2 3 4 6 4 2 4 5 6 8 4 6 7 8 10 8 6 8 9 10 12 8 10 11 12 14 12 10 12 13 14 16 12 14 15 16 18 16 14 16 17 18 20 16 18 19 20 22 20 18 20 21 22 24 20 22 23 24 26 24 22 24 25 26 28 24 26 27 28 30 28 26 28 29 30 32 28 30 31 32 34 32 30 32 33 34 36 32 34 35 36 38 36 34 36 37 38 40 36 38 39 40 42 40 38 40 41 42 44 40 42 43 44 46 44 42 44 45 46 48 44 46 47 48 50 48 46 48 49 50 52 48 50 51 52 54 52 50 52 53 54 56 52 54 55 56 58 56 54 56 57 58 60 56 58 59 60 62 60 58 60 61 62 64 60 62 63 64 66 64 62 64 65 66 68 64 66 67 68 70 68 66 68 69 70 72 68 70 71 72 74 72 70 72 73 74 76 72 74 75 76 78 76 74 76 77 78 80 76 78 79 80 82 80 78 80 81 82 84 80 82 83 84 86 84 82 84 85 86 88 84 86 87 88 90 88 86 88 89 90 92 88 90 91 92 94 92 90 92 93 94 96 92 94 95 96 98 96 94 96 97 98 100 96 98 99 100 102 100 98 100 101 102 104 100 102 103 104 106 104 102 104 105 106 108 104 106 107 108 110 108 106 108 109 110 112 108 110 111 112 114 112 110 112 113 114 116 112 114 115 116 118 116 114 116 117 118 120 116 118 119 120 122 120 118 120 121 122 124 120 122 123 124 126 124 122 124 125 126 128 124 126 127 128
INF INF INF INF INF INF INF INF INF INF INF INF INF INF INF INF INF INF INF INF INF INF INF INF INF INF INF INF INF INF INF INF INF INF INF INF INF INF INF INF INF INF INF INF INF INF INF INF INF INF INF INF INF INF INF INF INF INF INF INF INF INF INF INF INF INF INF INF INF INF INF INF INF INF INF INF INF INF INF INF INF INF INF INF INF INF INF INF INF INF INF INF INF INF INF INF INF INF INF INF INF INF INF INF INF INF INF INF INF INF INF INF INF INF INF INF INF INF INF INF INF INF INF INF INF INF INF INF INF INF INF INF INF INF INF INF INF INF INF INF INF INF INF INF INF INF INF INF INF INF INF INF INF INF INF INF 0 2 3 4 2 1 3 4 5 7 3 5 6 7 9 7 5 7 8 9 11 7 9 10 11 13 11 9 11 12 13 15 11 13 14 15 17 15 13 15 16 17 19 15 17 18 19 21 19 17 19 20 21 23 19 21 22 23 25 23 21 23 24 25 27 23 25 26 27 29 27 25 27 28 29 31 27 29 30 31 33 31 29 31 32 33 35 31 33 34 35 37 35 33 35 36 37 39 35 37 38 39 41 39 37 39 40 41 43 39 41 42 43 45 43 41 43 44 45 47 43 45 46 47 49 47 45 47 48 49 51 47 49 50 51 53 51 49 51 52 53 55 51 53 54 55 57 55 53 55 56 57 59 55 57 58 59 61 59 57 59 60 61 63 59 61 62 63 65 63 61 63 64 65 67 63 65 66 67 69 67 65 67 68 69 71 67 69 70 71 73 71 69 71 72 73 75 71 73 74 75 77 75 73 75 76 77 79 75 77 78 79 81 79 77 79 80 81 83 79 81 82 83 85 83 81 83 84 85 87 83 85 86 87 89 87 85 87 88 89 91 87 89 90 91 93 91 89 91 92 93 95 91 93 94 95 97 95 93 95 96 97 99 95 97 98 99 101 99 97 99 100 101 103 99 101 102 103 105 103 101 103 104 105 107 103 105 106 107 109 107 105 107 108 109 111 107 109 110 111 113 111 109 111 112 113 115 111 113 114 115 117 115 113 115 116 117 119 115 117 118 119 121 119 117 119 120 121 123 119 121 122 123 125 123 121 123 124 125 127 123 125 126 127
INF INF INF INF INF INF INF INF INF INF INF INF INF INF INF INF INF INF INF INF INF INF INF INF INF INF INF INF INF INF INF INF INF INF INF INF INF INF INF INF INF INF INF INF INF INF INF INF INF INF INF INF INF INF INF INF INF INF INF INF INF INF INF INF INF INF INF INF INF INF INF INF INF INF INF INF INF INF INF INF INF INF INF INF INF INF INF INF INF INF INF INF INF INF INF INF INF INF INF INF INF INF INF INF INF INF INF INF INF INF INF INF INF INF INF INF INF INF INF INF INF INF INF INF INF INF INF INF INF INF INF INF INF INF INF INF INF INF INF INF INF INF INF INF INF INF INF INF INF INF INF INF INF INF INF INF INF 0 2 3 1 0 2 3 4 6 2 4 5 6 8 6 4 6 7 8 10 6 8 9 10 12 10 8 10 11 12 14 10 12 13 14 16 14 12 14 15 16 18 14 16 17 18 20 18 16 18 19 20 22 18 20 21 22 24 22 20 22 23 24 26 22 24 25 26 28 26 24 26 27 28 30 26 28 29 30 32 30 28 30 31 32 34 30 32 33 34 36 34 32 34 35 36 38 34 36 37 38 40 38 36 38 39 40 42 38 40 41 42 44 42 40 42 43 44 46 42 44 45 46 48 46 44 46 47 48 50 46 48 49 50 52 50 48 50 51 52 54 50 52 53 54 56 54 52 54 55 56 58 54 56 57 58 60 58 56 58 59 60 62 58 60 61 62 64 62 60 62 63 64 66 62 64 65 66 68 66 64 66 67 68 70 66 68 69 70 72 70 68 70 71 72 74 70 72 73 74 76 74 72 74 75 76 78 74 76 77 78 80 78 76 78 79 80 82 78 80 81 82 84 82 80 82 83 84 86 82 84 85 86 88 86 84 86 87 88 90 86 88 89 90 92 90 88 90 91 92 94 90 92 93 94 96 94 92 94 95 96 98 94 96 97 98 100 98 96 98 99 100 102 98 100 101 102 104 102 100 102 103 104 106 102 104 105 106 108 106 104 106 107 108 110 106 108 109 110 112 110 108 110 111 112 114 110 112 113 114 116 114 112 114 115 116 118 114 116 117 118 120 118 116 118 119 120 122 118 120 121 122 124 122 120 122 123 124 126 122 124 125 126
INF INF INF INF INF INF INF INF INF INF INF INF INF INF INF INF INF INF INF INF INF INF INF INF INF INF INF INF INF INF INF INF INF INF INF INF INF INF INF INF INF INF INF INF INF INF INF INF INF INF INF INF INF INF INF INF INF INF INF INF INF INF INF INF INF INF INF INF INF INF INF INF INF INF INF INF INF INF INF INF INF INF INF INF INF INF INF INF INF INF INF INF INF INF INF INF INF INF INF INF INF INF INF INF INF INF INF INF INF INF INF INF INF INF INF INF INF INF INF INF INF INF INF INF INF INF INF INF INF INF INF INF INF INF INF INF INF INF INF INF INF INF INF INF INF INF INF INF INF INF INF INF INF INF INF INF INF INF 0 2 0 -2 0 1 2 4 0 2 3 4 6 4 2 4 5 6 8 4 6 7 8 10 8 6 8 9 10 12 8 10 11 12 14 12 10 12 13 14 16 12 14 15 16 18 16 14 16 17 18 20 16 18 19 20 22 20 18 20 21 22 24 20 22 23 24 26 24 22 24 25 26 28 24 26 27 28 30 28 26 28 29 30 32 28 30 31 32 34 32 30 32 33 34 36 32 34 35 36 38 36 34 36 37 38 40 36 38 39 40 42 40 38 40 41 42 44 40 42 43 44 46 44 42 44 45 46 48 44 46 47 48 50 48 46 48 49 50 52 48 50 51 52 54 52 50 52 53 54 56 52 54 55 56 58 56 54 56 57 58 60 56 58 59 60 62 60 58 60 61 62 64 60 62 63 64 66 64 62 64 65 66 68 64 66 67 68 70 68 66 68 69 70 72 68 70 71 72 74 72 70 72 73 74 76 72 74 75 76 78 76 74 76 77 78 80 76 78 79 80 82 80 78 80 81 82 84 80 82 83 84 86 84 82 84 85 86 88 84 86 87 88 90 88 86 88 89 90 92 88 90 91 92 94 92 90 92 93 94 96 92 94 95 96 98 96 94 96 97 98 100 96 98 99 100 102 100 98 100 101 102 104 100 102 103 104 106 104 102 104 105 106 108 104 106 107 108 110 108 106 108 109 110 112 108 110 111 112 114 112 110 112 113 114 116 112 114 115 116 118 116 114 116 117 118 120 116 118 119 120 122 120 118 120 121 122 124 120 122 123 124
INF INF INF INF INF INF INF INF INF INF INF INF INF INF INF INF INF INF INF INF INF INF INF INF INF INF INF INF INF INF INF INF INF INF INF INF INF INF INF INF INF INF INF INF INF INF INF INF INF INF INF INF INF INF INF INF INF INF INF INF INF INF INF INF INF INF INF INF INF INF INF INF INF INF INF INF INF INF INF INF INF INF INF INF INF INF INF INF INF INF INF INF INF INF INF INF INF INF INF INF INF INF INF INF INF INF INF INF INF INF INF INF INF INF INF INF INF INF INF INF INF INF INF INF INF INF INF INF INF INF INF INF INF INF INF INF INF INF INF INF INF INF INF INF INF INF INF INF INF INF INF INF INF INF INF INF INF INF INF 0 -2 0 1 2 4 5 2 4 5 6 8 6 4 6 7 8 10 6 8 9 10 12 10 8 10 11 12 14 10 12 13 14 16 14 12 14 15 16 18 14 16 17 18 20 18 16 18 19 20 22 18 20 21 22 24 22 20 22 23 24 26 22 24 25 26 28 26 24 26 27 28 30 26 28 29 30 32 30 28 30 31 32 34 30 32 33 34 36 34 32 34 35 36 38 34 36 37 38 40 38 36 38 39 40 42 38 40 41 42 44 42 40 42 43 44 46 42 44 45 46 48 46 44 46 47 48 50 46 48 49 50 52 50 48 50 51 52 54 50 52 53 54 56 54 52 54 55 56 58 54 56 57 58 60 58 56 58 59 60 62 58 60 61 62 64 62 60 62 63 64 66 62 64 65 66 68 66 64 66 67 68 70 66 68 69 70 72 70 68 70 71 72 74 70 72 73 74 76 74 72 74 75 76 78 74 76 77 78 80 78 76 78 79 80 82 78 80 81 82 84 82 80 82 83 84 86 82 84 85 86 88 86 84 86 87 88 90 86 88 89 90 92 90 88 90 91 92 94 90 92 93 94 96 94 92 94 95 96 98 94 96 97 98 100 98 96 98 99 100 102 98 100 101 102 104 102 100 102 103 104 106 102 104 105 106 108 106 104 106 107 108 110 106 108 109 110 112 110 108 110 111 112 114 110 112 113 114 116 114 112 114 115 116 118 114 116 117 118 120 118 116 118 119 120 122 118 120 121 122 124 122 120 122 123 124 126 122 124 125 126
INF INF INF INF INF INF INF INF INF INF INF INF INF INF INF INF INF INF INF INF INF INF INF INF INF INF INF INF INF INF INF INF INF INF INF INF INF INF INF INF INF INF INF INF INF INF INF INF INF INF INF INF INF INF INF INF INF INF INF INF INF INF INF INF INF INF INF INF INF INF INF INF INF INF INF INF INF INF INF INF INF INF INF INF INF INF INF INF INF INF INF INF INF INF INF INF INF INF INF INF INF INF INF INF INF INF INF INF INF INF INF INF INF INF INF INF INF INF INF INF INF INF INF INF INF INF INF INF INF INF INF INF INF INF INF INF INF INF INF INF INF INF INF INF INF INF INF INF INF INF INF INF INF INF INF INF INF INF INF INF 0 2 3 4 6 7 4 6 7 8 10 8 6 8 9 10 12 8 10 11 12 14 12 10 12 13 14 16 12 14 15 16 18 16 14 16 17 18 20 16 18 19 20 22 20 18 20 21 22 24 20 22 23 24 26 24 22 24 25 26 28 24 26 27 28 30 28 26 28 29 30 32 28 30 31 32 34 32 30 32 33 34 36 32 34 35 36 38 36 34 36 37 38 40 36 38 39 40 42 40 38 40 41 42 44 40 42 43 44 46 44 42 44 45 46 48 44 46 47 48 50 48 46 48 49 50 52 48 50 51 52 54 52 50 52 53 54 56 52 54 55 56 58 56 54 56 57 58 60 56 58 59 60 62 60 58 60 61 62 64 60 62 63 64 66 64 62 64 65 66 68 64 66 67 68 70 68 66 68 69 70 72 68 70 71 72 74 72 70 72 73 74 76 72 74 75 76 78 76 74 76 77 78 80 76 78 79 80 82 80 78 80 81 82 84 80 82 83 84 86 84 82 84 85 86 88 84 86 87 88 90 88 86 88 89 90 92 88 90 91 92 94 92 90 92 93 94 96 92 94 95 96 98 96 94 96 97 98 100 96 98 99 100 102 100 98 100 101 102 104 100 102 103 104 106 104 102 104 105 106 108 104 106 107 108 110 108 106 108 109 110 112 108 110 111 112 114 112 110 112 113 114 116 112 114 115 116 118 116 114 116 117 118 120 116 118 119 120 122 120 118 120 121 122 124 120 122 123 124 126 124 122 124 125 126 128 124 126 127 128
INF INF INF INF INF INF INF INF INF INF INF INF INF INF INF INF INF INF INF INF INF INF INF INF INF INF INF INF INF INF INF INF INF INF INF INF INF INF INF INF INF INF INF INF INF INF INF INF INF INF INF INF INF INF INF INF INF INF INF INF INF INF INF INF INF INF INF INF INF INF INF INF INF INF INF INF INF INF INF INF INF INF INF INF INF INF INF INF INF INF INF INF INF INF INF INF INF INF INF INF INF INF INF INF INF INF INF INF INF INF INF INF INF INF INF INF INF INF INF INF INF INF INF INF INF INF INF INF INF INF INF INF INF INF INF INF INF INF INF INF INF INF INF INF INF INF INF INF INF INF INF INF INF INF INF INF INF INF INF INF INF 0 2 3 4 6 2 4 5 6 8 6 4 6 7 8 10 6 8 9 10 12 10 8 10 11 12 14 10 12 13 14 16 14 12 14 15 16 18 14 16 17 18 20 18 16 18 19 20 22 18 20 21 22 24 22 20 22 23 24 26 22 24 25 26 28 26 24 26 27 28 30 26 28 29 30 32 30 28 30 31 32 34 30 32 33 34 36 34 32 34 35 36 38 34 36 37 38 40 38 36 38 39 40 42 38 40 41 42 44 42 40 42 43 44 46 42 44 45 46 48 46 44 46 47 48 50 46 48 49 50 52 50 48 50 51 52 54 50 52 53 54 56 54 52 54 55 56 58 54 56 57 58 60 58 56 58 59 60 62 58 60 61 62 64 62 60 62 63 64 66 62 64 65 66 68 66 64 66 67 68 70 66 68 69 70 72 70 68 70 71 72 74 70 72 73 74 76 74 72 74 75 76 78 74 76 77 78 80 78 76 78 79 80 82 78 80 81 82 84 82 80 82 83 84 86 82 84 85 86 88 86 84 86 87 88 90 86 88 89 90 92 90 88 90 91 92 94 90 92 93 94 96 94 92 94 95 96 98 94 96 97 98 100 98 96 98 99 100 102 98 100 101 102 104 102 100 102 103 104 106 102 104 105 106 108 106 104 106 107 108 110 106 108 109 110 112 110 108 110 111 112 114 110 112 113 114 116 114 112 114 115 116 118 114 116 117 118 120 118 116 118 119 120 122 118 120 121 122 124 122 120 122 123 124 126 122 124 125 126
INF INF INF INF INF INF INF INF INF INF INF INF INF INF INF INF INF INF INF INF INF INF INF INF INF INF INF INF INF INF INF INF INF INF INF INF INF INF INF INF INF INF INF INF INF INF INF INF INF INF INF INF INF INF INF INF INF INF INF INF INF INF INF INF INF INF INF INF INF INF INF INF INF INF INF INF INF INF INF INF INF INF INF INF INF INF INF INF INF INF INF INF INF INF INF INF INF INF INF INF INF INF INF INF INF INF INF INF INF INF INF INF INF INF INF INF INF INF INF INF INF INF INF INF INF INF INF INF INF INF INF INF INF INF INF INF INF INF INF INF INF INF INF INF INF INF INF INF INF INF INF INF INF INF INF INF INF INF INF INF INF INF 0 2 3 4 1 3 4 5 7 5 3 5 6 7 9 5 7 8 9 11 9 7 9 10 11 13 9 11 12 13 15 13 11 13 14 15 17 13 15 16 17 19 17 15 17 18 19 21 17 19 20 21 23 21 19 21 22 23 25 21 23 24 25 27 25 23 25 26 27 29 25 27 28 29 31 29 27 29 30 31 33 29 31 32 33 35 33 31 33 34 35 37 33 35 36 37 39 37 35 37 38 39 41 37 39 40 41 43 41 39 41 42 43 45 41 43 44 45 47 45 43 45 46 47 49 45 47 48 49 51 49 47 49 50 51 53 49 51 52 53 55 53 51 53 54 55 57 53 55 56 57 59 57 55 57 58 59 61 57 59 60 61 63 61 59 61 62 63 65 61 63 64 65 67 65 63 65 66 67 69 65 67 68 69 71 69 67 69 70 71 73 69 71 72 73 75 73 71 73 74 75 77 73 75 76 77 79 77 75 77 78 79 81 77 79 80 81 83 81 79 81 82 83 85 81 83 84 85 87 85 83 85 86 87 89 85 87 88 89 91 89 87 89 90 91 93 89 91 92 93 95 93 91 93 94 95 97 93 95 96 97 99 97 95 97 98 99 101 97 99 100 101 103 101 99 101 102 103 105 101 103 104 105 107 105 103 105 106 107 109 105 107 108 109 111 109 107 109 110 111 113 109 111 112 113 115 113 111 113 114 115 117 113 115 116 117 119 117 115 117 118 119 121 117 119 120 121 123 121 119 121 122 123 125 121 123 124 125
INF INF INF INF INF INF INF INF INF INF INF INF INF INF INF INF INF INF INF INF INF INF INF INF INF INF INF INF INF INF INF INF INF INF INF INF INF INF INF INF INF INF INF INF INF INF INF INF INF INF INF INF INF INF INF INF INF INF INF INF INF INF INF INF INF INF INF INF INF INF INF INF INF INF INF INF INF INF INF INF INF INF INF INF INF INF INF INF INF INF INF INF INF INF INF INF INF INF INF INF INF INF INF INF INF INF INF INF INF INF INF INF INF INF INF INF INF INF INF INF INF INF INF INF INF INF INF INF INF INF INF INF INF INF INF INF INF INF INF INF INF INF INF INF INF INF INF INF INF INF INF INF INF INF INF INF INF INF INF INF INF INF INF 0 2 3 0 2 3 4 6 4 2 4 5 6 8 4 6 7 8 10 8 6 8 9 10 12 8 10 11 12 14 12 10 12 13 14 16 12 14 15 16 18 16 14 16 17 18 20 16 18 19 20 22 20 18 20 21 22 24 20 22 23 24 26 24 22 24 25 26 28 24 26 27 28 30 28 26 28 29 30 32 28 30 31 32 34 32 30 32 33 34 36 32 34 35 36 38 36 34 36 37 38 40 36 38 39 40 42 40 38 40 41 42 44 40 42 43 44 46 44 42 44 45 46 48 44 46 47 48 50 48 46 48 49 50 52 48 50 51 52 54 52 50 52 53 54 56 52 54 55 56 58 56 54 56 57 58 60 56 58 59 60 62 60 58 60 61 62 64 60 62 63 64 66 64 62 64 65 66 68 64 66 67 68 70 68 66 68 69 70 72 68 70 71 72 74 72 70 72 73 74 76 72 74 75 76 78 76 74 76 77 78 80 76 78 79 80 82 80 78 80 81 82 84 80 82 83 84 86 84 82 84 85 86 88 84 86 87 88 90 88 86 88 89 90 92 88 90 91 92 94 92 90 92 93 94 96 92 94 95 96 98 96 94 96 97 98 100 96 98 99 100 102 100 98 100 101 102 104 100 102 103 104 106 104 102 104 105 106 108 104 106 107 108 110 108 106 108 109 110 112 108 110 111 112 114 112 110 112 113 114 116 112 114 115 116 118 116 114 116 117 118 120 116 118 119 120 122 120 118 120 121 122 124 120 122 123 124
INF INF INF INF INF INF INF INF INF INF INF INF INF INF INF INF INF INF INF INF INF INF INF INF INF INF INF INF INF INF INF INF INF INF INF INF INF INF INF INF INF INF INF INF INF INF INF INF INF INF INF INF INF INF INF INF INF INF INF INF INF INF INF INF INF INF INF INF INF INF INF INF INF INF INF INF INF INF INF INF INF INF INF INF INF INF INF INF INF INF INF INF INF INF INF INF INF INF INF INF INF INF INF INF INF INF INF INF INF INF INF INF INF INF INF INF INF INF INF INF INF INF INF INF INF INF INF INF INF INF INF INF INF INF INF INF INF INF INF INF INF INF INF INF INF INF INF INF INF INF INF INF INF INF INF INF INF INF INF INF INF INF INF INF 0 2 -2 0 1 2 4 2 0 2 3 4 6 2 4 5 6 8 6 4 6 7 8 10 6 8 9 10 12 10 8 10 11 12 14 10 12 13 14 16 14 12 14 15 16 18 14 16 17 18 20 18 16 18 19 20 22 18 20 21 22 24 22 20 22 23 24 26 22 24 25 26 28 26 24 26 27 28 30 26 28 29 30 32 30 28 30 31 32 34 30 32 33 34 36 34 32 34 35 36 38 34 36 37 38 40 38 36 38 39 40 42 38 40 41 42 44 42 40 42 43 44 46 42 44 45 46 48 46 44 46 47 48 50 46 48 49 50 52 50 48 50 51 52 54 50 52 53 54 56 54 52 54 55 56 58 54 56 57 58 60 58 56 58 59 60 62 58 60 61 62 64 62 60 62 63 64 66 62 64 65 66 68 66 64 66 67 68 70 66 68 69 70 72 70 68 70 71 72 74 70 72 73 74 76 74 72 74 75 76 78 74 76 77 78 80 78 76 78 79 80 82 78 80 81 82 84 82 80 82 83 84 86 82 84 85 86 88 86 84 86 87 88 90 86 88 89 90 92 90 88 90 91 92 94 90 92 93 94 96 94 92 94 95 96 98 94 96 97 98 100 98 96 98 99 100 102 98 100 101 102 104 102 100 102 103 104 106 102 104 105 106 108 106 104 106 107 108 110 106 108 109 110 112 110 108 110 111 112 114 110 112 113 114 116 114 112 114 115 116 118 114 116 117 118 120 118 116 118 119 120 122 118 120 121 122
INF INF INF INF INF INF INF INF INF INF INF INF INF INF INF INF INF INF INF INF INF INF INF INF INF INF INF INF INF INF INF INF INF INF INF INF INF INF INF INF INF INF INF INF INF INF INF INF INF INF INF INF INF INF INF INF INF INF INF INF INF INF INF INF INF INF INF INF INF INF INF INF INF INF INF INF INF INF INF INF INF INF INF INF INF INF INF INF INF INF INF INF INF INF INF INF INF INF INF INF INF INF INF INF INF INF INF INF INF INF INF INF INF INF INF INF INF INF INF INF INF INF INF INF INF INF INF INF INF INF INF INF INF INF INF INF INF INF INF INF INF INF INF INF INF INF INF INF INF INF INF INF INF INF INF INF INF INF INF INF INF INF INF INF INF 0 2 3 4 6 7 5 4 6 7 8 10 6 8 9 10 12 10 8 10 11 12 14 10 12 13 14 16 14 12 14 15 16 18 14 16 17 18 20 18 16 18 19 20 22 18 20 21 22 24 22 20 22 23 24 26 22 24 25 26 28 26 24 26 27 28 30 26 28 29 30 32 30 28 30 31 32 34 30 32 33 34 36 34 32 34 35 36 38 34 36 37 38 40 38 36 38 39 40 42 38 40 41 42 44 42 40 42 43 44 46 42 44 45 46 48 46 44 46 47 48 50 46 48 49 50 52 50 48 50 51 52 54 50 52 53 54 56 54 52 54 55 56 58 54 56 57 58 60 58 56 58 59 60 62 58 60 61 62 64 62 60 62 63 64 66 62 64 65 66 68 66 64 66 67 68 70 66 68 69 70 72 70 68 70 71 72 74 70 72 73 74 76 74 72 74 75 76 78 74 76 77 78 80 78 76 78 79 80 82 78 80 81 82 84 82 80 82 83 84 86 82 84 85 86 88 86 84 86 87 88 90 86 88 89 90 92 90 88 90 91 92 94 90 92 93 94 96 94 92 94 95 96 98 94 96 97 98 100 98 96 98 99 100 102 98 100 101 102 104 102 100 102 103 104 106 102 104 105 106 108 106 104 106 107 108 110 106 108 109 110 112 110 108 110 111 112 114 110 112 113 114 116 114 112 114 115 116 118 114 116 117 118 120 118 116 118 119 120 122 118 120 121 122 124 122 120 122 123 124 126 122 124 125 126
INF INF INF INF INF INF INF INF INF INF INF INF INF INF INF INF INF INF INF INF INF INF INF INF INF INF INF INF INF INF INF INF INF INF INF INF INF INF INF INF INF INF INF INF INF INF INF INF INF INF INF INF INF INF INF INF INF INF INF INF INF INF INF INF INF INF INF INF INF INF INF INF INF INF INF INF INF INF INF INF INF INF INF INF INF INF INF INF INF INF INF INF INF INF INF INF INF INF INF INF INF INF INF INF INF INF INF INF INF INF INF INF INF INF INF INF INF INF INF INF INF INF INF INF INF INF INF INF INF INF INF INF INF INF INF INF INF INF INF INF INF INF INF INF INF INF INF INF INF INF INF INF INF INF INF INF INF INF INF INF INF INF INF INF INF INF 0 2 3 4 6 4 2 4 5 6 8 4 6 7 8 10 8 6 8 9 10 12 8 10 11 12 14 12 10 12 13 14 16 12 14 15 16 18 16 14 16 17 18 20 16 18 19 20 22 20 18 20 21 22 24 20 22 23 24 26 24 22 24 25 26 28 24 26 27 28 30 28 26 28 29 30 32 28 30 31 32 34 32 30 32 33 34 36 32 34 35 36 38 36 34 36 37 38 40 36 38 39 40 42 40 38 40 41 42 44 40 42 43 44 46 44 42 44 45 46 48 44 46 47 48 50 48 46 48 49 50 52 48 50 51 52 54 52 50 52 53 54 56 52 54 55 56 58 56 54 56 57 58 60 56 58 59 60 62 60 58 60 61 62 64 60 62 63 64 66 64 62 64 65 66 68 64 66 67 68 70 68 66 68 69 70 72 68 70 71 72 74 72 70 72 73 74 76 72 74 75 76 78 76 74 76 77 78 80 76 78 79 80 82 80 78 80 81 82 84 80 82 83 84 86 84 82 84 85 86 88 84 86 87 88 90 88 86 88 89 90 92 88 90 91 92 94 92 90 92 93 94 96 92 94 95 96 98 96 94 96 97 98 100 96 98 99 100 102 100 98 100 101 102 104 100 102 103 104 106 104 102 104 105 106 108 104 106 107 108 110 108 106 108 109 110 112 108 110 111 112 114 112 110 112 113 114 116 112 114 115 116 118 116 114 116 117 118 120 116 118 119 120 122 120 118 120 121 122 124 120 122 123 124
INF INF INF INF INF INF INF INF INF INF INF INF INF INF INF INF INF INF INF INF INF INF INF INF INF INF INF INF INF INF INF INF INF INF INF INF INF INF INF INF INF INF INF INF INF INF INF INF INF INF INF INF INF INF INF INF INF INF INF INF INF INF INF INF INF INF INF INF INF INF INF INF INF INF INF INF INF INF INF INF INF INF INF INF INF INF INF INF INF INF INF INF INF INF INF INF INF INF INF INF INF INF INF INF INF INF INF INF INF INF INF INF INF INF INF INF INF INF INF INF INF INF INF INF INF INF INF INF INF INF INF INF INF INF INF INF INF INF INF INF INF INF INF INF INF INF INF INF INF INF INF INF INF INF INF INF INF INF INF INF INF INF INF INF INF INF INF 0 2 3 4 2 1 3 4 5 7 3 5 6 7 9 7 5 7 8 9 11 7 9 10 11 13 11 9 11 12 13 15 11 13 14 15 17 15 13 15 16 17 19 15 17 18 19 21 19 17 19 20 21 23 19 21 22 23 25 23 21 23 24 25 27 23 25 26 27 29 27 25 27 28 29 31 27 29 30 31 33 31 29 31 32 33 35 31 33 34 35 37 35 33 35 36 37 39 35 37 38 39 41 39 37 39 40 41 43 39 41 42 43 45 43 41 43 44 45 47 43 45 46 47 49 47 45 47 48 49 51 47 49 50 51 53 51 49 51 52 53 55 51 53 54 55 57 55 53 55 56 57 59 55 57 58 59 61 59 57 59 60 61 63 59 61 62 63 65 63 61 63 64 65 67 63 65 66 67 69 67 65 67 68 69 71 67 69 70 71 73 71 69 71 72 73 75 71 73 74 75 77 75 73 75 76 77 79 75 77 78 79 81 79 77 79 80 81 83 79 81 82 83 85 83 81 83 84 85 87 83 85 86 87 89 87 85 87 88 89 91 87 89 90 91 93 91 89 91 92 93 95 91 93 94 95 97 95 93 95 96 97 99 95 97 98 99 101 99 97 99 100 101 103 99 101 102 103 105 103 101 103 104 105 107 103 105 106 107 109 107 105 107 108 109 111 107 109 110 111 113 111 109 111 112 113 115 111 113 114 115 117 115 113 115 116 117 119 115 117 118 119 121 119 117 119 120 121 123 119 121 122 123
INF INF INF INF INF INF INF INF INF INF INF INF INF INF INF INF INF INF INF INF INF INF INF INF INF INF INF INF INF INF INF INF INF INF INF INF INF INF INF INF INF INF INF INF INF INF INF INF INF INF INF INF INF INF INF INF INF INF INF INF INF INF INF INF INF INF INF INF INF INF INF INF INF INF INF INF INF INF INF INF INF INF INF INF INF INF INF INF INF INF INF INF INF INF INF INF INF INF INF INF INF INF INF INF INF INF INF INF INF INF INF INF INF INF INF INF INF INF INF INF INF INF INF INF INF INF INF INF INF INF INF INF INF INF INF INF INF INF INF INF INF INF INF INF INF INF INF INF INF INF INF INF INF INF INF INF INF INF INF INF INF INF INF INF INF INF INF INF 0 2 3 1 0 2 3 4 6 2 4 5 6 8 6 4 6 7 8 10 6 8 9 10 12 10 8 10 11 12 14 10 12 13 14 16 14 12 14 15 16 18 14 16 17 18 20 18 16 18 19 20 22 18 20 21 22 24 22 20 22 23 24 26 22 24 25 26 28 26 24 26 27 28 30 26 28 29 30 32 30 28 30 31 32 34 30 32 33 34 36 34 32 34 35 36 38 34 36 37 38 40 38 36 38 39 40 42 38 40 41 42 44 42 40 42 43 44 46 42 44 45 46 48 46 44 46 47 48 50 46 48 49 50 52 50 48 50 51 52 54 50 52 53 54 56 54 52 54 55 56 58 54 56 57 58 60 58 56 58 59 60 62 58 60 61 62 64 62 60 62 63 64 66 62 64 65 66 68 66 64 66 67 68 70 66 68 69 70 72 70 68 70 71 72 74 70 72 73 74 76 74 72 74 75 76 78 74 76 77 78 80 78 76 78 79 80 82 78 80 81 82 84 82 80 82 83 84 86 82 84 85 86 88 86 84 86 87 88 90 86 88 89 90 92 90 88 90 91 92 94 90 92 93 94 96 94 92 94 95 96 98 94 96 97 98 100 98 96 98 99 100 102 98 100 101 102 104 102 100 102 103 104 106 102 104 105 106 108 106 104 106 107 108 110 106 108 109 110 112 110 108 110 111 112 114 110 112 113 114 116 114 112 114 115 116 118 114 116 117 118 120 118 116 118 119 120 122 118 120 121 122
INF INF INF INF INF INF INF INF INF INF INF INF INF INF INF INF INF INF INF INF INF INF INF INF INF INF INF INF INF INF INF INF INF INF INF INF INF INF INF INF INF INF INF INF INF INF INF INF INF INF INF INF INF INF INF INF INF INF INF INF INF INF INF INF INF INF INF INF INF INF INF INF INF INF INF INF INF INF INF INF INF INF INF INF INF INF INF INF INF INF INF INF INF INF INF INF INF INF INF INF INF INF INF INF INF INF INF INF INF INF INF INF INF INF INF INF INF INF INF INF INF INF INF INF INF INF INF INF INF INF INF INF INF INF INF INF INF INF INF INF INF INF INF INF INF INF INF INF INF INF INF INF INF INF INF INF INF INF INF INF INF INF INF INF INF INF INF INF INF 0 2 0 -2 0 1 2 4 0 2 3 4 6 4 2 4 5 6 8 4 6 7 8 10 8 6 8 9 10 12 8 10 11 12 14 12 10 12 13 14 16 12 14 15 16 18 16 14 16 17 18 20 16 18 19 20 22 20 18 20 21 22 24 20 22 23 24 26 24 22 24 25 26 28 24 26 27 28 30 28 26 28 29 30 32 28 30 31 32 34 32 30 32 33 34 36 32 34 35 36 38 36 34 36 37 38 40 36 38 39 40 42 40 38 40 41 42 44 40 42 43 44 46 44 42 44 45 46 48 44 46 47 48 50 48 46 48 49 50 52 48 50 51 52 54 52 50 52 53 54 56 52 54 55 56 58 56 54 56 57 58 60 56 58 59 60 62 60 58 60 61 62 64 60 62 63 64 66 64 62 64 65 66 68 64 66 67 68 70 68 66 68 69 70 72 68 70 71 72 74 72 70 72 73 74 76 72 74 75 76 78 76 74 76 77 78 80 76 78 79 80 82 80 78 80 81 82 84 80 82 83 84 86 84 82 84 85 86 88 84 86 87 88 90 88 86 88 89 90 92 88 90 91 92 94 92 90 92 93 94 96 92 94 95 96 98 96 94 96 97 98 100 96 98 99 100 102 100 98 100 101 102 104 100 102 103 104 106 104 102 104 105 106 108 104 106 107 108 110 108 106 108 109 110 112 108 110 111 112 114 112 110 112 113 114 116 112 114 115 116 118 116 114 116 117 118 120 116 118 119 120
INF INF INF INF INF INF INF INF INF INF INF INF INF INF INF INF INF INF INF INF INF INF INF INF INF INF INF INF INF INF INF INF INF INF INF INF INF INF INF INF INF INF INF INF INF INF INF INF INF INF INF INF INF INF INF INF INF INF INF INF INF INF INF INF INF INF INF INF INF INF INF INF INF INF INF INF INF INF INF INF INF INF INF INF INF INF INF INF INF INF INF INF INF INF INF INF INF INF INF INF INF INF INF INF INF INF INF INF INF INF INF INF INF INF INF INF INF INF INF INF INF INF INF INF INF INF INF INF INF INF INF INF INF INF INF INF INF INF INF INF INF INF INF INF INF INF INF INF INF INF INF INF INF INF INF INF INF INF INF INF INF INF INF INF INF INF INF INF INF INF 0 -2 0 1 2 4 5 2 4 5 6 8 6 4 6 7 8 10 6 8 9 10 12 10 8 10 11 12 14 10 12 13 14 16 14 12 14 15 16 18 14 16 17 18 20 18 16 18 19 20 22 18 20 21 22 24 22 20 22 23 24 26 22 24 25 26 28 26 24 26 27 28 30 26 28 29 30 32 30 28 30 31 32 34 30 32 33 34 36 34 32 34 35 36 38 34 36 37 38 40 38 36 38 39 40 42 38 40 41 42 44 42 40 42 43 44 46 42 44 45 46 48 46 44 46 47 48 50 46 48 49 50 52 50 48 50 51 52 54 50 52 53 54 56 54 52 54 55 56 58 54 56 57 58 60 58 56 58 59 60 62 58 60 61 62 64 62 60 62 63 64 66 62 64 65 66 68 66 64 66 67 68 70 66 68 69 70 72 70 68 70 71 72 74 70 72 73 74 76 74 72 74 75 76 78 74 76 77 78 80 78 76 78 79 80 82 78 80 81 82 84 82 80 82 83 84 86 82 84 85 86 88 86 84 86 87 88 90 86 88 89 90 92 90 88 90 91 92 94 90 92 93 94 96 94 92 94 95 96 98 94 96 97 98 100 98 96 98 99 100 102 98 100 101 102 104 102 100 102 103 104 106 102 104 105 106 108 106 104 106 107 108 110 106 108 109 110 112 110 108 110 111 112 114 110 112 113 114 116 114 112 114 115 116 118 114 116 117 118 120 118 116 118 119 120 122 118 120 121 122
INF INF INF INF INF INF INF INF INF INF INF INF INF INF INF INF INF INF INF INF INF INF INF INF INF INF INF INF INF INF INF INF INF INF INF INF INF INF INF INF INF INF INF INF INF INF INF INF INF INF INF INF INF INF INF INF INF INF INF INF INF INF INF INF INF INF INF INF INF INF INF INF INF INF INF INF INF INF INF INF INF INF INF INF INF INF INF INF INF INF INF INF INF INF INF INF INF INF INF INF INF INF INF INF INF INF INF INF INF INF INF INF INF INF INF INF INF INF INF INF INF INF INF INF INF INF INF INF INF INF INF INF INF INF INF INF INF INF INF INF INF INF INF INF INF INF INF INF INF INF INF INF INF INF INF INF INF INF INF INF INF INF INF INF INF INF INF INF INF INF INF 0 2 3 4 6 7 4 6 7 8 10 8 6 8 9 10 12 8 10 11 12 14 12 10 12 13 14 16 12 14 15 16 18 16 14 16 17 18 20 16 18 19 20 22 20 18 20 21 22 24 20 22 23 24 26 24 22 24 25 26 28 24 26 27 28 30 28 26 28 29 30 32 28 30 31 32 34 32 30 32 33 34 36 32 34 35 36 38 36 34 36 37 38 40 36 38 39 40 42 40 38 40 41 42 44 40 42 43 44 46 44 42 44 45 46 48 44 46 47 48 50 48 46 48 49 50 52 48 50 51 52 54 52 50 52 53 54 56 52 54 55 56 58 56 54 56 57 58 60 56 58 59 60 62 60 58 60 61 62 64 60 62 63 64 66 64 62 64 65 66 68 64 66 67 68 70 68 66 68 69 70 72 68 70 71 72 74 72 70 72 73 74 76 72 74 75 76 78 76 74 76 77 78 80 76 78 79 80 82 80 78 80 81 82 84 80 82 83 84 86 84 82 84 85 86 88 84 86 87 88 90 88 86 88 89 90 92 88 90 91 92 94 92 90 92 93 94 96 92 94 95 96 98 96 94 96 97 98 100 96 98 99 100 102 100 98 100 101 102 104 100 102 103 104 106 104 102 104 105 106 108 104 106 107 108 110 108 106 108 109 110 112 108 110 111 112 114 112 110 112 113 114 116 112 114 115 116 118 116 114 116 117 118 120 116 118 119 120 122 120 118 120 121 122 124 120 122 123 124
INF INF INF INF INF INF INF INF INF INF INF INF INF INF INF INF INF INF INF INF INF INF INF INF INF INF INF INF INF INF INF INF INF INF INF INF INF INF INF INF INF INF INF INF INF INF INF INF INF INF INF INF INF INF INF INF INF INF INF INF INF INF INF INF INF INF INF INF INF INF INF INF INF INF INF INF INF INF INF INF INF INF INF INF INF INF INF INF INF INF INF INF INF INF INF INF INF INF INF INF INF INF INF INF INF INF INF INF INF INF INF INF INF INF INF INF INF INF INF INF INF INF INF INF INF INF INF INF INF INF INF INF INF INF INF INF INF INF INF INF INF INF INF INF INF INF INF INF INF INF INF INF INF INF INF INF INF INF INF INF INF INF INF INF INF INF INF INF INF INF INF INF 0 2 3 4 6 2 4 5 6 8 6 4 6 7 8 10 6 8 9 10 12 10 8 10 11 12 14 10 12 13 14 16 14 12 14 15 16 18 14 16 17 18 20 18 16 18 19 20 22 18 20 21 22 24 22 20 22 23 24 26 22 24 25 26 28 26 24 26 27 28 30 26 28 29 30 32 30 28 30 31 32 34 30 32 33 34 36 34 32 34 35 36 38 34 36 37 38 40 38 36 38 39 40 42 38 40 41 42 44 42 40 42 43 44 46 42 44 45 46 48 46 44 46 47 48 50 46 48 49 50 52 50 48 50 51 52 54 50 52 53 54 56 54 52 54 55 56 58 54 56 57 58 60 58 56 58 59 60 62 58 60 61 62 64 62 60 62 63 64 66 62 64 65 66 68 66 64 66 67 68 70 66 68 69 70 72 70 68 70 71 72 74 70 72 73 74 76 74 72 74 75 76 78 74 76 77 78 80 78 76 78 79 80 82 78 80 81 82 84 82 80 82 83 84 86 82 84 85 86 88 86 84 86 87 88 90 86 88 89 90 92 90 88 90 91 92 94 90 92 93 94 96 94 92 94 95 96 98 94 96 97 98 100 98 96 98 99 100 102 98 100 101 102 104 102 100 102 103 104 106 102 104 105 106 108 106 104 106 107 108 110 106 108 109 110 112 110 108 110 111 112 114 110 112 113 114 116 114 112 114 115 116 118 114 116 117 118 120 118 116 118 119 120 122 118 120 121 122
INF INF INF INF INF INF INF INF INF INF INF INF INF INF INF INF INF INF INF INF INF INF INF INF INF INF INF INF INF INF INF INF INF INF INF INF INF INF INF INF INF INF INF INF INF INF INF INF INF INF INF INF INF INF INF INF INF INF INF INF INF INF INF INF INF INF INF INF INF INF INF INF INF INF INF INF INF INF INF INF INF INF INF INF INF INF INF INF INF INF INF INF INF INF INF INF INF INF INF INF INF INF INF INF INF INF INF INF INF INF INF INF INF INF INF INF INF INF INF INF INF INF INF INF INF INF INF INF INF INF INF INF INF INF INF INF INF INF INF INF INF INF INF INF INF INF INF INF INF INF INF INF INF INF INF INF INF INF INF INF INF INF INF INF INF INF INF INF INF INF INF INF INF 0 2 3 4 1 3 4 5 7 5 3 5 6 7 9 5 7 8 9 11 9 7 9 10 11 13 9 11 12 13 15 13 11 13 14 15 17 13 15 16 17 19 17 15 17 18 19 21 17 19 20 21 23 21 19 21 22 23 25 21 23 24 25 27 25 23 25 26 27 29 25 27 28 29 31 29 27 29 30 31 33 29 31 32 33 35 33 31 33 34 35 37 33 35 36 37 39 37 35 37 38 39 41 37 39 40 41 43 41 39 41 42 43 45 41 43 44 45 47 45 43 45 46 47 49 45 47 48 49 51 49 47 49 50 51 53 49 51 52 53 55 53 51 53 54 55 57 53 55 56 57 59 57 55 57 58 59 61 57 59 60 61 63 61 59 61 62 63 65 61 63 64 65 67 65 63 65 66 67 69 65 67 68 69 71 69 67 69 70 71 73 69 71 72 73 75 73 71 73 74 75 77 73 75 76 77 79 77 75 77 78 79 81 77 79 80 81 83 81 79 81 82 83 85 81 83 84 85 87 85 83 85 86 87 89 85 87 88 89 91 89 87 89 90 91 93 89 91 92 93 95 93 91 93 94 95 97 93 95 96 97 99 97 95 97 98 99 101 97 99 100 101 103 101 99 101 102 103 105 101 103 104 105 107 105 103 105 106 107 109 105 107 108 109 111 109 107 109 110 111 113 109 111 112 113 115 113 111 113 114 115 117 113 115 116 117 119 117 115 117 118 119 121 117 119 120 121
INF INF INF INF INF INF INF INF INF INF INF INF INF INF INF INF INF INF INF INF INF INF INF INF INF INF INF INF INF INF INF INF INF INF INF INF INF INF INF INF INF INF INF INF INF INF INF INF INF INF INF INF INF INF INF INF INF INF INF INF INF INF INF INF INF INF INF INF INF INF INF INF INF INF INF INF INF INF INF INF INF INF INF INF INF INF INF INF INF INF INF INF INF INF INF INF INF INF INF INF INF INF INF INF INF INF INF INF INF INF INF INF INF INF INF INF INF INF INF INF INF INF INF INF INF INF INF INF INF INF INF INF INF INF INF INF INF INF INF INF INF INF INF INF INF INF INF INF INF INF INF INF INF INF INF INF INF INF INF INF INF INF INF INF INF INF INF INF INF INF INF INF INF INF 0 2 3 0 2 3 4 6 4 2 4 5 6 8 4 6 7 8 10 8 6 8 9 10 12 8 10 11 12 14 12 10 12 13 14 16 12 14 15 16 18 16 14 16 17 18 20 16 18 19 20 22 20 18 20 21 22 24 20 22 23 24 26 24 22 24 25 26 28 24 26 27 28 30 28 26 28 29 30 32 28 30 31 32 34 32 30 32 33 34 36 32 34 35 36 38 36 34 36 37 38 40 36 38 39 40 42 40 38 40 41 42 44 40 42 43 44 46 44 42 44 45 46 48 44 46 47 48 50 48 46 48 49 50 52 48 50 51 52 54 52 50 52 53 54 56 52 54 55 56 58 56 54 56 57 58 60 56 58 59 60 62 60 58 60 61 62 64 60 62 63 64 66 64 62 64 65 66 68 64 66 67 68 70 68 66 68 69 70 72 68 70 71 72 74 72 70 72 73 74 76 72 74 75 76 78 76 74 76 77 78 80 76 78 79 80 82 80 78 80 81 82 84 80 82 83 84 86 84 82 84 85 86 88 84 86 87 88 90 88 86 88 89 90 92 88 90 91 92 94 92 90 92 93 94 96 92 94 95 96 98 96 94 96 97 98 100 96 98 99 100 102 100 98 100 101 102 104 100 102 103 104 106 104 102 104 105 106 108 104 106 107 108 110 108 106 108 109 110 112 108 110 111 112 114 112 110 112 113 114 116 112 114 115 116 118 116 114 116 117 118 120 116 118 119 120
INF INF INF INF INF INF INF INF INF INF INF INF INF INF INF INF INF INF INF INF INF INF INF INF INF INF INF INF INF INF INF INF INF INF INF INF INF INF INF INF INF INF INF INF INF INF INF INF INF INF INF INF INF INF INF INF INF INF INF INF INF INF INF INF INF INF INF INF INF INF INF INF INF INF INF INF INF INF INF INF INF INF INF INF INF INF INF INF INF INF INF INF INF INF INF INF INF INF INF INF INF INF INF INF INF INF INF INF INF INF INF INF INF INF INF INF INF INF INF INF INF INF INF INF INF INF INF INF INF INF INF INF INF INF INF INF INF INF INF INF INF INF INF INF INF INF INF INF INF INF INF INF INF INF INF INF INF INF INF INF INF INF INF INF INF INF INF INF INF INF INF INF INF INF INF 0 2 -2 0 1 2 4 2 0 2 3 4 6 2 4 5 6 8 6 4 6 7 8 10 6 8 9 10 12 10 8 10 11 12 14 10 12 13 14 16 14 12 14 15 16 18 14 16 17 18 20 18 16 18 19 20 22 18 20 21 22 24 22 20 22 23 24 26 22 24 25 26 28 26 24 26 27 28 30 26 28 29 30 32 30 28 30 31 32 34 30 32 33 34 36 34 32 34 35 36 38 34 36 37 38 40 38 36 38 39 40 42 38 40 41 42 44 42 40 42 43 44 46 42 44 45 46 48 46 44 46 47 48 50 46 48 49 50 52 50 48 50 51 52 54 50 52 53 54 56 54 52 54 55 56 58 54 56 57 58 60 58 56 58 59 60 62 58 60 61 62 64 62 60 62 63 64 66 62 64 65 66 68 66 64 66 67 68 70 66 68 69 70 72 70 68 70 71 72 74 70 72 73 74 76 74 72 74 75 76 78 74 76 77 78 80 78 76 78 79 80 82 78 80 81 82 84 82 80 82 83 84 86 82 84 85 86 88 86 84 86 87 88 90 86 88 89 90 92 90 88 90 91 92 94 90 92 93 94 96 94 92 94 95 96 98 94 96 97 98 100 98 96 98 99 100 102 98 100 101 102 104 102 100 102 103 104 106 102 104 105 106 108 106 104 106 107 108 110 106 108 109 110 112 110 108 110 111 112 114 110 112 113 114 116 114 112 114 115 116 118 114 116 117 118
INF INF INF INF INF INF INF INF INF INF INF INF INF INF INF INF INF INF INF INF INF INF INF INF INF INF INF INF INF INF INF INF INF INF INF INF INF INF INF INF INF INF INF INF INF INF INF INF INF INF INF INF INF INF INF INF INF INF INF INF INF INF INF INF INF INF INF INF INF INF INF INF INF INF INF INF INF INF INF INF INF INF INF INF INF INF INF INF INF INF INF INF INF INF INF INF INF INF INF INF INF INF INF INF INF INF INF INF INF INF INF INF INF INF INF INF INF INF INF INF INF INF INF INF INF INF INF INF INF INF INF INF INF INF INF INF INF INF INF INF INF INF INF INF INF INF INF INF INF INF INF INF INF INF INF INF INF INF INF INF INF INF INF INF INF INF INF INF INF INF INF INF INF INF INF INF 0 2 3 4 6 7 5 4 6 7 8 10 6 8 9 10 12 10 8 10 11 12 14 10 12 13 14 16 14 12 14 15 16 18 14 16 17 18 20 18 16 18 19 20 22 18 20 21 22 24 22 20 22 23 24 26 22 24 25 26 28 26 24 26 27 28 30 26 28 29 30 32 30 28 30 31 32 34 30 32 33 34 36 34 32 34 35 36 38 34 36 37 38 40 38 36 38 39 40 42 38 40 41 42 44 42 40 42 43 44 46 42 44 45 46 48 46 44 46 47 48 50 46 48 49 50 52 50 48 50 51 52 54 50 52 53 54 56 54 52 54 55 56 58 54 56 57 58 60 58 56 58 59 60 62 58 60 61 62 64 62 60 62 63 64 66 62 64 65 66 68 66 64 66 67 68 70 66 68 69 70 72 70 68 70 71 72 74 70 72 73 74 76 74 72 74 75 76 78 74 76 77 78 80 78 76 78 79 80 82 78 80 81 82 84 82 80 82 83 84 86 82 84 85 86 88 86 84 86 87 88 90 86 88 89 90 92 90 88 90 91 92 94 90 92 93 94 96 94 92 94 95 96 98 94 96 97 98 100 98 96 98 99 100 102 98 100 101 102 104 102 100 102 103 104 106 102 104 105 106 108 106 104 106 107 108 110 106 108 109 110 112 110 108 110 111 112 114 110 112 113 114 116 114 112 114 115 116 118 114 116 117 118 120 118 116 118 119 120 122 118 120 121 122
INF INF INF INF INF INF INF INF INF INF INF INF INF INF INF INF INF INF INF INF INF INF INF INF INF INF INF INF INF INF INF INF INF INF INF INF INF INF INF INF INF INF INF INF INF INF INF INF INF INF INF INF INF INF INF INF INF INF INF INF INF INF INF INF INF INF INF INF INF INF INF INF INF INF INF INF INF INF INF INF INF INF INF INF INF INF INF INF INF INF INF INF INF INF INF INF INF INF INF INF INF INF INF INF INF INF INF INF INF INF INF INF INF INF INF INF INF INF INF INF INF INF INF INF INF INF INF INF INF INF INF INF INF INF INF INF INF INF INF INF INF INF INF INF INF INF INF INF INF INF INF INF INF INF INF INF INF INF INF INF INF INF INF INF INF INF INF INF INF INF INF INF INF INF INF INF INF 0 2 3 4 6 4 2 4 5 6 8 4 6 7 8 10 8 6 8 9 10 12 8 10 11 12 14 12 10 12 13 14 16 12 14 15 16 18 16 14 16 17 18 20 16 18 19 20 22 20 18 20 21 22 24 20 22 23 24 26 24 22 24 25 26 28 24 26 27 28 30 28 26 28 29 30 32 28 30 31 32 34 32 30 32 33 34 36 32 34 35 36 38 36 34 36 37 38 40 36 38 39 40 42 40 38 40 41 42 44 40 42 43 44 46 44 42 44 45 46 48 44 46 47 48 50 48 46 48 49 50 52 48 50 51 52 54 52 50 52 53 54 56 52 54 55 56 58 56 54 56 57 58 60 56 58 59 60 62 60 58 60 61 62 64 60 62 63 64 66 64 62 64 65 66 68 64 66 67 68 70 68 66 68 69 70 72 68 70 71 72 74 72 70 72 73 74 76 72 74 75 76 78 76 74 76 77 78 80 76 78 79 80 82 80 78 80 81 82 84 80 82 83 84 86 84 82 84 85 86 88 84 86 87 88 90 88 86 88 89 90 92 88 90 91 92 94 92 90 92 93 94 96 92 94 95 96 98 96 94 96 97 98 100 96 98 99 100 102 100 98 100 101 102 104 100 102 103 104 106 104 102 104 105 106 108 104 106 107 108 110 108 106 108 109 110 112 108 110 111 112 114 112 110 112 113 114 116 112 114 115 116 118 116 114 116 117 118 120 116 118 119 120
INF INF INF INF INF INF INF INF INF INF INF INF INF INF INF INF INF INF INF INF INF INF INF INF INF INF INF INF INF INF INF INF INF INF INF INF INF INF INF INF INF INF INF INF INF INF INF INF INF INF INF INF INF INF INF INF INF INF INF INF INF INF INF INF INF INF INF INF INF INF INF INF INF INF INF INF INF INF INF INF INF INF INF INF INF INF INF INF INF INF INF INF INF INF INF INF INF INF INF INF INF INF INF INF INF INF INF INF INF INF INF INF INF INF INF INF INF INF INF INF INF INF INF INF INF INF INF INF INF INF INF INF INF INF INF INF INF INF INF INF INF INF INF INF INF INF INF INF INF INF INF INF INF INF INF INF INF INF INF INF INF INF INF INF INF INF INF INF INF INF INF INF INF INF INF INF INF INF 0 2 3 4 2 1 3 4 5 7 3 5 6 7 9 7 5 7 8 9 11 7 9 10 11 13 11 9 11 12 13 15 11 13 14 15 17 15 13 15 16 17 19 15 17 18 19 21 19 17 19 20 21 23 19 21 22 23 25 23 21 23 24 25 27 23 25 26 27 29 27 25 27 28 29 31 27 29 30 31 33 31 29 31 32 33 35 31 33 34 35 37 35 33 35 36 37 39 35 37 38 39 41 39 37 39 40 41 43 39 41 42 43 45 43 41 43 44 45 47 43 45 46 47 49 47 45 47 48 49 51 47 49 50 51 53 51 49 51 52 53 55 51 53 54 55 57 55 53 55 56 57 59 55 57 58 59 61 59 57 59 60 61 63 59 61 62 63 65 63 61 63 64 65 67 63 65 66 67 69 67 65 67 68 69 71 67 69 70 71 73 71 69 71 72 73 75 71 73 74 75 77 75 73 75 76 77 79 75 77 78 79 81 79 77 79 80 81 83 79 81 82 83 85 83 81 83 84 85 87 83 85 86 87 89 87 85 87 88 89 91 87 89 90 91 93 91 89 91 92 93 95 91 93 94 95 97 95 93 95 96 97 99 95 97 98 99 101 99 97 99 100 101 103 99 101 102 103 105 103 101 103 104 105 107 103 105 106 107 109 107 105 107 108 109 111 107 109 110 111 113 111 109 111 112 113 115 111 113 114 115 117 115 113 115 116 117 119 115 117 118 119
INF INF INF INF INF INF INF INF INF INF INF INF INF INF INF INF INF INF INF INF INF INF INF INF INF INF INF INF INF INF INF INF INF INF INF INF INF INF INF INF INF INF INF INF INF INF INF INF INF INF INF INF INF INF INF INF INF INF INF INF INF INF INF INF INF INF INF INF INF INF INF INF INF INF INF INF INF INF INF INF INF INF INF INF INF INF INF INF INF INF INF INF INF INF INF INF INF INF INF INF INF INF INF INF INF INF INF INF INF INF INF INF INF INF INF INF INF INF INF INF INF INF INF INF INF INF INF INF INF INF INF INF INF INF INF INF INF INF INF INF INF INF INF INF INF INF INF INF INF INF INF INF INF INF INF INF INF INF INF INF INF INF INF INF INF INF INF INF INF INF INF INF INF INF INF INF INF INF INF 0 2 3 1 0 2 3 4 6 2 4 5 6 8 6 4 6 7 8 10 6 8 9 10 12 10 8 10 11 12 14 10 12 13 14 16 14 12 14 15 16 18 14 16 17 18 20 18 16 18 19 20 22 18 20 21 22 24 22 20 22 23 24 26 22 24 25 26 28 26 24 26 27 28 30 26 28 29 30 32 30 28 30 31 32 34 30 32 33 34 36 34 32 34 35 36 38 34 36 37 38 40 38 36 38 39 40 42 38 40 41 42 44 42 40 42 43 44 46 42 44 45 46 48 46 44 46 47 48 50 46 48 49 50 52 50 48 50 51 52 54 50 52 53 54 56 54 52 54 55 56 58 54 56 57 58 60 58 56 58 59 60 62 58 60 61 62 64 62 60 62 63 64 66 62 64 65 66 68 66 64 66 67 68 70 66 68 69 70 72 70 68 70 71 72 74 70 72 73 74 76 74 72 74 75 76 78 74 76 77 78 80 78 76 78 79 80 82 78 80 81 82 84 82 80 82 83 84 86 82 84 85 86 88 86 84 86 87 88 90 86 88 89 90 92 90 88 90 91 92 94 90 92 93 94 96 94 92 94 95 96 98 94 96 97 98 100 98 96 98 99 100 102 98 100 101 102 104 102 100 102 103 104 106 102 104 105 106 108 106 104 106 107 108 110 106 108 109 110 112 110 108 110 111 112 114 110 112 113 114 116 114 112 114 115 116 118 114 116 117 118
INF INF INF INF INF INF INF INF INF INF INF INF INF INF INF INF INF INF INF INF INF INF INF INF INF INF INF INF INF INF INF INF INF INF INF INF INF INF INF INF INF INF INF INF INF INF INF INF INF INF INF INF INF INF INF INF INF INF INF INF INF INF INF INF INF INF INF INF INF INF INF INF INF INF INF INF INF INF INF INF INF INF INF INF INF INF INF INF INF INF INF INF INF INF INF INF INF INF INF INF INF INF INF INF INF INF INF INF INF INF INF INF INF INF INF INF INF INF INF INF INF INF INF INF INF INF INF INF INF INF INF INF INF INF INF INF INF INF INF INF INF INF INF INF INF INF INF INF INF INF INF INF INF INF INF INF INF INF INF INF INF INF INF INF INF INF INF INF INF INF INF INF INF INF INF INF INF INF INF INF 0 2 0 -2 0 1 2 4 0 2 3 4 6 4 2 4 5 6 8 4 6 7 8 10 8 6 8 9 10 12 8 10 11 12 14 12 10 12 13 14 16 12 14 15 16 18 16 14 16 17 18 20 16 18 19 20 22 20 18 20 21 22 24 20 22 23 24 26 24 22 24 25 26 28 24 26 27 28 30 28 26 28 29 30 32 28 30 31 32 34 32 30 32 33 34 36 32 34 35 36 38 36 34 36 37 38 40 36 38 39 40 42 40 38 40 41 42 44 40 42 43 44 46 44 42 44 45 46 48 44 46 47 48 50 48 46 48 49 50 52 48 50 51 52 54 52 50 52 53 54 56 52 54 55 56 58 56 54 56 57 58 60 56 58 59 60 62 60 58 60 61 62 64 60 62 63 64 66 64 62 64 65 66 68 64 66 67 68 70 68 66 68 69 70 72 68 70 71 72 74 72 70 72 73 74 76 72 74 75 76 78 76 74 76 77 78 80 76 78 79 80 82 80 78 80 81 82 84 80 82 83 84 86 84 82 84 85 86 88 84 86 87 88 90 88 86 88 89 90 92 88 90 91 92 94 92 90 92 93 94 96 92 94 95 96 98 96 94 96 97 98 100 96 98 99 100 102 100 98 100 101 102 104 100 102 103 104 106 104 102 104 105 106 108 104 106 107 108 110 108 106 108 109 110 112 108 110 111 112 114 112 110 112 113 114 116 112 114 115 116
INF INF INF INF INF INF INF INF INF INF INF INF INF INF INF INF INF INF INF INF INF INF INF INF INF INF INF INF INF INF INF INF INF INF INF INF INF INF INF INF INF INF INF INF INF INF INF INF INF INF INF INF INF INF INF INF INF INF INF INF INF INF INF INF INF INF INF INF INF INF INF INF INF INF INF INF INF INF INF INF INF INF INF INF INF INF INF INF INF INF INF INF INF INF INF INF INF INF INF INF INF INF INF INF INF INF INF INF INF INF INF INF INF INF INF INF INF INF INF INF INF INF INF INF INF INF INF INF INF INF INF INF INF INF INF INF INF INF INF INF INF INF INF INF INF INF INF INF INF INF INF INF INF INF INF INF INF INF INF INF INF INF INF INF INF INF INF INF INF INF INF INF INF INF INF INF INF INF INF INF INF 0 -2 0 1 2 4 5 2 4 5 6 8 6 4 6 7 8 10 6 8 9 10 12 10 8 10 11 12 14 10 12 13 14 16 14 12 14 15 16 18 14 16 17 18 20 18 16 18 19 20 22 18 20 21 22 24 22 20 22 23 24 26 22 24 25 26 28 26 24 26 27 28 30 26 28 29 30 32 30 28 30 31 32 34 30 32 33 34 36 34 32 34 35 36 38 34 36 37 38 40 38 36 38 39 40 42 38 40 41 42 44 42 40 42 43 44 46 42 44 45 46 48 46 44 46 47 48 50 46 48 49 50 52 50 48 50 51 52 54 50 52 53 54 56 54 52 54 55 56 58 54 56 57 58 60 58 56 58 59 60 62 58 60 61 62 64 62 60 62 63 64 66 62 64 65 66 68 66 64 66 67 68 70 66 68 69 70 72 70 68 70 71 72 74 70 72 73 74 76 74 72 74 75 76 78 74 76 77 78 80 78 76 78 79 80 82 78 80 81 82 84 82 80 82 83 84 86 82 84 85 86 88 86 84 86 87 88 90 86 88 89 90 92 90 88 90 91 92 94 90 92 93 94 96 94 92 94 95 96 98 94 96 97 98 100 98 96 98 99 100 102 98 100 101 102 104 102 100 102 103 104 106 102 104 105 106 108 106 104 106 107 108 110 106 108 109 110 112 110 108 110 111 112 114 110 112 113 114 116 114 112 114 115 116 118 114 116 117 118
INF INF INF INF INF INF INF INF INF INF INF INF INF INF INF INF INF INF INF INF INF INF INF INF INF INF INF INF INF INF INF INF INF INF INF INF INF INF INF INF INF INF INF INF INF INF INF INF INF INF INF INF INF INF INF INF INF INF INF INF INF INF INF INF INF INF INF INF INF INF INF INF INF INF INF INF INF INF INF INF INF INF INF INF INF INF INF INF INF INF INF INF INF INF INF INF INF INF INF INF INF INF INF INF INF INF INF INF INF INF INF INF INF INF INF INF INF INF INF INF INF INF INF INF INF INF INF INF INF INF INF INF INF INF INF INF INF INF INF INF INF INF INF INF INF INF INF INF INF INF INF INF INF INF INF INF INF INF INF INF INF INF INF INF INF INF INF INF INF INF INF INF INF INF INF INF INF INF INF INF INF INF 0 2 3 4 6 7 4 6 7 8 10 8 6 8 9 10 12 8 10 11 12 14 12 10 12 13 14 16 12 14 15 16 18 16 14 16 17 18 20 16 18 19 20 22 20 18 20 21 22 24 20 22 23 24 26 24 22 24 25 26 28 24 26 27 28 30 28 26 28 29 30 32 28 30 31 32 34 32 30 32 33 34 36 32 34 35 36 38 36 34 36 37 38 40 36 38 39 40 42 40 38 40 41 42 44 40 42 43 44 46 44 42 44 45 46 48 44 46 47 48 50 48 46 48 49 50 52 48 50 51 52 54 52 50 52 53 54 56 52 54 55 56 58 56 54 56 57 58 60 56 58 59 60 62 60 58 60 61 62 64 60 62 63 64 66 64 62 64 65 66 68 64 66 67 68 70 68 66 68 69 70 72 68 70 71 72 74 72 70 72 73 74 76 72 74 75 76 78 76 74 76 77 78 80 76 78 79 80 82 80 78 80 81 82 84 80 82 83 84 86 84 82 84 85 86 88 84 86 87 88 90 88 86 88 89 90 92 88 90 91 92 94 92 90 92 93 94 96 92 94 95 96 98 96 94 96 97 98 100 96 98 99 100 102 100 98 100 101 102 104 100 102 103 104 106 104 102 104 105 106 108 104 106 107 108 110 108 106 108 109 110 112 108 110 111 112 114 112 110 112 113 114 116 112 114 115 116 118 116 114 116 117 118 120 116 118 119 120
INF INF INF INF INF INF INF INF INF INF INF INF INF INF INF INF INF INF INF INF INF INF INF INF INF INF INF INF INF INF INF INF INF INF INF INF INF INF INF INF INF INF INF INF INF INF INF INF INF INF INF INF INF INF INF INF INF INF INF INF INF INF INF INF INF INF INF INF INF INF INF INF INF INF INF INF INF INF INF INF INF INF INF INF INF INF INF INF INF INF INF INF INF INF INF INF INF INF INF INF INF INF INF INF INF INF INF INF INF INF INF INF INF INF INF INF INF INF INF INF INF INF INF INF INF INF INF INF INF INF INF INF INF INF INF INF INF INF INF INF INF INF INF INF INF INF INF INF INF INF INF INF INF INF INF INF INF INF INF INF INF INF INF INF INF INF INF INF INF INF INF INF INF INF INF INF INF INF INF INF INF INF INF 0 2 3 4 6 2 4 5 6 8 6 4 6 7 8 10 6 8 9 10 12 10 8 10 11 12 14 10 12 13 14 16 14 12 14 15 16 18 14 16 17 18 20 18 16 18 19 20 22 18 20 21 22 24 22 20 22 23 24 26 22 24 25 26 28 26 24 26 27 28 30 26 28 29 30 32 30 28 30 31 32 34 30 32 33 34 36 34 32 34 35 36 38 34 36 37 38 40 38 36 38 39 40 42 38 40 41 42 44 42 40 42 43 44 46 42 44 45 46 48 46 44 46 47 48 50 46 48 49 50 52 50 48 50 51 52 54 50 52 53 54 56 54 52 54 55 56 58 54 56 57 58 60 58 56 58 59 60 62 58 60 61 62 64 62 60 62 63 64 66 62 64 65 66 68 66 64 66 67 68 70 66 68 69 70 72 70 68 70 71 72 74 70 72 73 74 76 74 72 74 75 76 78 74 76 77 78 80 78 76 78 79 80 82 78 80 81 82 84 82 80 82 83 84 86 82 84 85 86 88 86 84 86 87 88 90 86 88 89 90 92 90 88 90 91 92 94 90 92 93 94 96 94 92 94 95 96 98 94 96 97 98 100 98 96 98 99 100 102 98 100 101 102 104 102 100 102 103 104 106 102 104 105 106 108 106 104 106 107 108 110 106 108 109 110 112 110 108 110 111 112 114 110 112 113 114 116 114 112 114 115 116 118 114 116 117 118
INF INF INF INF INF INF INF INF INF INF INF INF INF INF INF INF INF INF INF INF INF INF INF INF INF INF INF INF INF INF INF INF INF INF INF INF INF INF INF INF INF INF INF INF INF INF INF INF INF INF INF INF INF INF INF INF INF INF INF INF INF INF INF INF INF INF INF INF INF INF INF INF INF INF INF INF INF INF INF INF INF INF INF INF INF INF INF INF INF INF INF INF INF INF INF INF INF INF INF INF INF INF INF INF INF INF INF INF INF INF INF INF INF INF INF INF INF INF INF INF INF INF INF INF INF INF INF INF INF INF INF INF INF INF INF INF INF INF INF INF INF INF INF INF INF INF INF INF INF INF INF INF INF INF INF INF INF INF INF INF INF INF INF INF INF INF INF INF INF INF INF INF INF INF INF INF INF INF INF INF INF INF INF INF 0 2 3 4 1 3 4 5 7 5 3 5 6 7 9 5 7 8 9 11 9 7 9 10 11 13 9 11 12 13 15 13 11 13 14 15 17 13 15 16 17 19 17 15 17 18 19 21 17 19 20 21 23 21 19 21 22 23 25 21 23 24 25 27 25 23 25 26 27 29 25 27 28 29 31 29 27 29 30 31 33 29 31 32 33 35 33 31 33 34 35 37 33 35 36 37 39 37 35 37 38 39 41 37 39 40 41 43 41 39 41 42 43 45 41 43 44 45 47 45 43 45 46 47 49 45 47 48 49 51 49 47 49 50 51 53 49 51 52 53 55 53 51 53 54 55 57 53 55 56 57 59 57 55 57 58 59 61 57 59 60 61 63 61 59 61 62 63 65 61 63 64 65 67 65 63 65 66 67 69 65 67 68 69 71 69 67 69 70 71 73 69 71 72 73 75 73 71 73 74 75 77 73 75 76 77 79 77 75 77 78 79 81 77 79 80 81 83 81 79 81 82 83 85 81 83 84 85 87 85 83 85 86 87 89 85 87 88 89 91 89 87 89 90 91 93 89 91 92 93 95 93 91 93 94 95 97 93 95 96 97 99 97 95 97 98 99 101 97 99 100 101 103 101 99 101 102 103 105 101 103 104 105 107 105 103 105 106 107 109 105 107 108 109 111 109 107 109 110 111 113 109 111 112 113 115 113 111 113 114 115 117 113 115 116 117
INF INF INF INF INF INF INF INF INF INF INF INF INF INF INF INF INF INF INF INF INF INF INF INF INF INF INF INF INF INF INF INF INF INF INF INF INF INF INF INF INF INF INF INF INF INF INF INF INF INF INF INF INF INF INF INF INF INF INF INF INF INF INF INF INF INF INF INF INF INF INF INF INF INF INF INF INF INF INF INF INF INF INF INF INF INF INF INF INF INF INF INF INF INF INF INF INF INF INF INF INF INF INF INF INF INF INF INF INF INF INF INF INF INF INF INF INF INF INF INF INF INF INF INF INF INF INF INF INF INF INF INF INF INF INF INF INF INF INF INF INF INF INF INF INF INF INF INF INF INF INF INF INF INF INF INF INF INF INF INF INF INF INF INF INF INF INF INF INF INF INF INF INF INF INF INF INF INF INF INF INF INF INF INF INF 0 2 3 0 2 3 4 6 4 2 4 5 6 8 4 6 7 8 10 8 6 8 9 10 12 8 10 11 12 14 12 10 12 13 14 16 12 14 15 16 18 16 14 16 17 18 20 16 18 19 20 22 20 18 20 21 22 24 20 22 23 24 26 24 22 24 25 26 28 24 26 27 28 30 28 26 28 29 30 32 28 30 31 32 34 32 30 32 33 34 36 32 34 35 36 38 36 34 36 37 38 40 36 38 39 40 42 40 38 40 41 42 44 40 42 43 44 46 44 42 44 45 46 48 44 46 47 48 50 48 46 48 49 50 52 48 50 51 52 54 52 50 52 53 54 56 52 54 55 56 58 56 54 56 57 58 60 56 58 59 60 62 60 58 60 61 62 64 60 62 63 64 66 64 62 64 65 66 68 64 66 67 68 70 68 66 68 69 70 72 68 70 71 72 74 72 70 72 73 74 76 72 74 75 76 78 76 74 76 77 78 80 76 78 79 80 82 80 78 80 81 82 84 80 82 83 84 86 84 82 84 85 86 88 84 86 87 88 90 88 86 88 89 90 92 88 90 91 92 94 92 90 92 93 94 96 92 94 95 96 98 96 94 96 97 98 100 96 98 99 100 102 100 98 100 101 102 104 100 102 103 104 106 104 102 104 105 106 108 104 106 107 108 110 108 106 108 109 110 112 108 110 111 112 114 112 110 112 113 114 116 112 114 115 116
INF INF INF INF INF INF INF INF INF INF INF INF INF INF INF INF INF INF INF INF INF INF INF INF INF INF INF INF INF INF INF INF INF INF INF INF INF INF INF INF INF INF INF INF INF INF INF INF INF INF INF INF INF INF INF INF INF INF INF INF INF INF INF INF INF INF INF INF INF INF INF INF INF INF INF INF INF INF INF INF INF INF INF INF INF INF INF INF INF INF INF INF INF INF INF INF INF INF INF INF INF INF INF INF INF INF INF INF INF INF INF INF INF INF INF INF INF INF INF INF INF INF INF INF INF INF INF INF INF INF INF INF INF INF INF INF INF INF INF INF INF INF INF INF INF INF INF INF INF INF INF INF INF INF INF INF INF INF INF INF INF INF INF INF INF INF INF INF INF INF INF INF INF INF INF INF INF INF INF INF INF INF INF INF INF INF 0 2 -2 0 1 2 4 2 0 2 3 4 6 2 4 5 6 8 6 4 6 7 8 10 6 8 9 10 12 10 8 10 11 12 14 10 12 13 14 16 14 12 14 15 16 18 14 16 17 18 20 18 16 18 19 20 22 18 20 21 22 24 22 20 22 23 24 26 22 24 25 26 28 26 24 26 27 28 30 26 28 29 30 32 30 28 30 31 32 34 30 32 33 34 36 34 32 34 35 36 38 34 36 37 38 40 38 36 38 39 40 42 38 40 41 42 44 42 40 42 43 44 46 42 44 45 46 48 46 44 46 47 48 50 46 48 49 50 52 50 48 50 51 52 54 50 52 53 54 56 54 52 54 55 56 58 54 56 57 58 60 58 56 58 59 60 62 58 60 61 62 64 62 60 62 63 64 66 62 64 65 66 68 66 64 66 67 68 70 66 68 69 70 72 70 68 70 71 72 74 70 72 73 74 76 74 72 74 75 76 78 74 76 77 78 80 78 76 78 79 80 82 78 80 81 82 84 82 80 82 83 84 86 82 84 85 86 88 86 84 86 87 88 90 86 88 89 90 92 90 88 90 91 92 94 90 92 93 94 96 94 92 94 95 96 98 94 96 97 98 100 98 96 98 99 100 102 98 100 101 102 104 102 100 102 103 104 106 102 104 105 106 108 106 104 106 107 108 110 106 108 109 110 112 110 108 110 111 112 114 110 112 113 114
INF INF INF INF INF INF INF INF INF INF INF INF INF INF INF INF INF INF INF INF INF INF INF INF INF INF INF INF INF INF INF INF INF INF INF INF INF INF INF INF INF INF INF INF INF INF INF INF INF INF INF INF INF INF INF INF INF INF INF INF INF INF INF INF INF INF INF INF INF INF INF INF INF INF INF INF INF INF INF INF INF INF INF INF INF INF INF INF INF INF INF INF INF INF INF INF INF INF INF INF INF INF INF INF INF INF INF INF INF INF INF INF INF INF INF INF INF INF INF INF INF INF INF INF INF INF INF INF INF INF INF INF INF INF INF INF INF INF INF INF INF INF INF INF INF INF INF INF INF INF INF INF INF INF INF INF INF INF INF INF INF INF INF INF INF INF INF INF INF INF INF INF INF INF INF INF INF INF INF INF INF INF INF INF INF INF INF 0 2 3 4 6 7 5 4 6 7 8 10 6 8 9 10 12 10 8 10 11 12 14 10 12 13 14 16 14 12 14 15 16 18 14 16 17 18 20 18 16 18 19 20 22 18 20 21 22 24 22 20 22 23 24 26 22 24 25 26 28 26 24 26 27 28 30 26 28 29 30 32 30 28 30 31 32 34 30 32 33 34 36 34 32 34 35 36 38 34 36 37 38 40 38 36 38 39 40 42 38 40 41 42 44 42 40 42 43 44 46 42 44 45 46 48 46 44 46 47 48 50 46 48 49 50 52 50 48 50 51 52 54 50 52 53 54 56 54 52 54 55 56 58 54 56 57 58 60 58 56 58 59 60 62 58 60 61 62 64 62 60 62 63 64 66 62 64 65 66 68 66 64 66 67 68 70 66 68 69 70 72 70 68 70 71 72 74 70 72 73 74 76 74 72 74 75 76 78 74 76 77 78 80 78 76 78 79 80 82 78 80 81 82 84 82 80 82 83 84 86 82 84 85 86 88 86 84 86 87 88 90 86 88 89 90 92 90 88 90 91 92 94 90 92 93 94 96 94 92 94 95 96 98 94 96 97 98 100 98 96 98 99 100 102 98 100 101 102 104 102 100 102 103 104 106 102 104 105 106 108 106 104 106 107 108 110 106 108 109 110 112 110 108 110 111 112 114 110 112 113 114 116 114 112 114 115 116 118 114 116 117 118
INF INF INF INF INF INF INF INF INF INF INF INF INF INF INF INF INF INF INF INF INF INF INF INF INF INF INF INF INF INF INF INF INF INF INF INF INF INF INF INF INF INF INF INF INF INF INF INF INF INF INF INF INF INF INF INF INF INF INF INF INF INF INF INF INF INF INF INF INF INF INF INF INF INF INF INF INF INF INF INF INF INF INF INF INF INF INF INF INF INF INF INF INF INF INF INF INF INF INF INF INF INF INF INF INF INF INF INF INF INF INF INF INF INF INF INF INF INF INF INF INF INF INF INF INF INF INF INF INF INF INF INF INF INF INF INF INF INF INF INF INF INF INF INF INF INF INF INF INF INF INF INF INF INF INF INF INF INF INF INF INF INF INF INF INF INF INF INF INF INF INF INF INF INF INF INF INF INF INF INF INF INF INF INF INF INF INF INF 0 2 3 4 6 4 2 4 5 6 8 4 6 7 8 10 8 6 8 9 10 12 8 10 11 12 14 12 10 12 13 14 16 12 14 15 16 18 16 14 16 17 18 20 16 18 19 20 22 20 18 20 21 22 24 20 22 23 24 26 24 22 24 25 26 28 24 26 27 28 30 28 26 28 29 30 32 28 30 31 32 34 32 30 32 33 34 36 32 34 35 36 38 36 34 36 37 38 40 36 38 39 40 42 40 38 40 41 42 44 40 42 43 44 46 44 42 44 45 46 48 44 46 47 48 50 48 46 48 49 50 52 48 50 51 52 54 52 50 52 53 54 56 52 54 55 56 58 56 54 56 57 58 60 56 58 59 60 62 60 58 60 61 62 64 60 62 63 64 66 64 62 64 65 66 68 64 66 67 68 70 68 66 68 69 70 72 68 70 71 72 74 72 70 72 73 74 76 72 74 75 76 78 76 74 76 77 78 80 76 78 79 80 82 80 78 80 81 82 84 80 82 83 84 86 84 82 84 85 86 88 84 86 87 88 90 88 86 88 89 90 92 88 90 91 92 94 92 90 92 93 94 96 92 94 95 96 98 96 94 96 97 98 100 96 98 99 100 102 100 98 100 101 102 104 100 102 103 104 106 104 102 104 105 106 108 104 106 107 108 110 108 106 108 109 110 112 108 110 111 112 114 112 110 112 113 114 116 112 114 115 116
INF INF INF INF INF INF INF INF INF INF INF INF INF INF INF INF INF INF INF INF INF INF INF INF INF INF INF INF INF INF INF INF INF INF INF INF INF INF INF INF INF INF INF INF INF INF INF INF INF INF INF INF INF INF INF INF INF INF INF INF INF INF INF INF INF INF INF INF INF INF INF INF INF INF INF INF INF INF INF INF INF INF INF INF INF INF INF INF INF INF INF INF INF INF INF INF INF INF INF INF INF INF INF INF INF INF INF INF INF INF INF INF INF INF INF INF INF INF INF INF INF INF INF INF INF INF INF INF INF INF INF INF INF INF INF INF INF INF INF INF INF INF INF INF INF INF INF INF INF INF INF INF INF INF INF INF INF INF INF INF INF INF INF INF INF INF INF INF INF INF INF INF INF INF INF INF INF INF INF INF INF INF INF INF INF INF INF INF INF 0 2 3 4 2 1 3 4 5 7 3 5 6 7 9 7 5 7 8 9 11 7 9 10 11 13 11 9 11 12 13 15 11 13 14 15 17 15 13 15 16 17 19 15 17 18 19 21 19 17 19 20 21 23 19 21 22 23 25 23 21 23 24 25 27 23 25 26 27 29 27 25 27 28 29 31 27 29 30 31 33 31 29 31 32 33 35 31 33 34 35 37 35 33 35 36 37 39 35 37 38 39 41 39 37 39 40 41 43 39 41 42 43 45 43 41 43 44 45 47 43 45 46 47 49 47 45 47 48 49 51 47 49 50 51 53 51 49 51 52 53 55 51 53 54 55 57 55 53 55 56 57 59 55 57 58 59 61 59 57 59 60 61 63 59 61 62 63 65 63 61 63 64 65 67 63 65 66 67 69 67 65 67 68 69 71 67 69 70 71 73 71 69 71 72 73 75 71 73 74 75 77 75 73 75 76 77 79 75 77 78 79 81 79 77 79 80 81 83 79 81 82 83 85 83 81 83 84 85 87 83 85 86 87 89 87 85 87 88 89 91 87 89 90 91 93 91 89 91 92 93 95 91 93 94 95 97 95 93 95 96 97 99 95 97 98 99 101 99 97 99 100 101 103 99 101 102 103 105 103 101 103 104 105 107 103 105 106 107 109 107 105 107 108 109 111 107 109 110 111 113 111 109 111 112 113 115 111 113 114 115
INF INF INF INF INF INF INF INF INF INF INF INF INF INF INF INF INF INF INF INF INF INF INF INF INF INF INF INF INF INF INF INF INF INF INF INF INF INF INF INF INF INF INF INF INF INF INF INF INF INF INF INF INF INF INF INF INF INF INF INF INF INF INF INF INF INF INF INF INF INF INF INF INF INF INF INF INF INF INF INF INF INF INF INF INF INF INF INF INF INF INF INF INF INF INF INF INF INF INF INF INF INF INF INF INF INF INF INF INF INF INF INF INF INF INF INF INF INF INF INF INF INF INF INF INF INF INF INF INF INF INF INF INF INF INF INF INF INF INF INF INF INF INF INF INF INF INF INF INF INF INF INF INF INF INF INF INF INF INF INF INF INF INF INF INF INF INF INF INF INF INF INF INF INF INF INF INF INF INF INF INF INF INF INF INF INF INF INF INF INF 0 2 3 1 0 2 3 4 6 2 4 5 6 8 6 4 6 7 8 10 6 8 9 10 12 10 8 10 11 12 14 10 12 13 14 16 14 12 14 15 16 18 14 16 17 18 20 18 16 18 19 20 22 18 20 21 22 24 22 20 22 23 24 26 22 24 25 26 28 26 24 26 27 28 30 26 28 29 30 32 30 28 30 31 32 34 30 32 33 34 36 34 32 34 35 36 38 34 36 37 38 40 38 36 38 39 40 42 38 40 41 42 44 42 40 42 43 44 46 42 44 45 46 48 46 44 46 47 48 50 46 48 49 50 52 50 48 50 51 52 54 50 52 53 54 56 54 52 54 55 56 58 54 56 57 58 60 58 56 58 59 60 62 58 60 61 62 64 62 60 62 63 64 66 62 64 65 66 68 66 64 66 67 68 70 66 68 69 70 72 70 68 70 71 72 74 70 72 73 74 76 74 72 74 75 76 78 74 76 77 78 80 78 76 78 79 80 82 78 80 81 82 84 82 80 82 83 84 86 82 84 85 86 88 86 84 86 87 88 90 86 88 89 90 92 90 88 90 91 92 94 90 92 93 94 96 94 92 94 95 96 98 94 96 97 98 100 98 96 98 99 100 102 98 100 101 102 104 102 100 102 103 104 106 102 104 105 106 108 106 104 106 107 108 110 106 108 109 110 112 110 108 110 111 112 114 110 112 113 114
INF INF INF INF INF INF INF INF INF INF INF INF INF INF INF INF INF INF INF INF INF INF INF INF INF INF INF INF INF INF INF INF INF INF INF INF INF INF INF INF INF INF INF INF INF INF INF INF INF INF INF INF INF INF INF INF INF INF INF INF INF INF INF INF INF INF INF INF INF INF INF INF INF INF INF INF INF INF INF INF INF INF INF INF INF INF INF INF INF INF INF INF INF INF INF INF INF INF INF INF INF INF INF INF INF INF INF INF INF INF INF INF INF INF INF INF INF INF INF INF INF INF INF INF INF INF INF INF INF INF INF INF INF INF INF INF INF INF INF INF INF INF INF INF INF INF INF INF INF INF INF INF INF INF INF INF INF INF INF INF INF INF INF INF INF INF INF INF INF INF INF INF INF INF INF INF INF INF INF INF INF INF INF INF INF INF INF INF INF INF INF 0 2 0 -2 0 1 2 4 0 2 3 4 6 4 2 4 5 6 8 4 6 7 8 10 8 6 8 9 10 12 8 10 11 12 14 12 10 12 13 14 16 12 14 15 16 18 16 14 16 17 18 20 16 18 19 20 22 20 18 20 21 22 24 20 22 23 24 26 24 22 24 25 26 28 24 26 27 28 30 28 26 28 29 30 32 28 30 31 32 34 32 30 32 33 34 36 32 34 35 36 38 36 34 36 37 38 40 36 38 39 40 42 40 38 40 41 42 44 40 42 43 44 46 44 42 44 45 46 48 44 46 47 48 50 48 46 48 49 50 52 48 50 51 52 54 52 50 52 53 54 56 52 54 55 56 58 56 54 56 57 58 60 56 58 59 60 62 60 58 60 61 62 64 60 62 63 64 66 64 62 64 65 66 68 64 66 67 68 70 68 66 68 69 70 72 68 70 71 72 74 72 70 72 73 74 76 72 74 75 76 78 76 74 76 77 78 80 76 78 79 80 82 80 78 80 81 82 84 80 82 83 84 86 84 82 84 85 86 88 84 86 87 88 90 88 86 88 89 90 92 88 90 91 92 94 92 90 92 93 94 96 92 94 95 96 98 96 94 96 97 98 100 96 98 99 100 102 100 98 100 101 102 104 100 102 103 104 106 104 102 104 105 106 108 104 106 107 108 110 108 106 108 109 110 112 108 110 111 112
INF INF INF INF INF INF INF INF INF INF INF INF INF INF INF INF INF INF INF INF INF INF INF INF INF INF INF INF INF INF INF INF INF INF INF INF INF INF INF INF INF INF INF INF INF INF INF INF INF INF INF INF INF INF INF INF INF INF INF INF INF INF INF INF INF INF INF INF INF INF INF INF INF INF INF INF INF INF INF INF INF INF INF INF INF INF INF INF INF INF INF INF INF INF INF INF INF INF INF INF INF INF INF INF INF INF INF INF INF INF INF INF INF INF INF INF INF INF INF INF INF INF INF INF INF INF INF INF INF INF INF INF INF INF INF INF INF INF INF INF INF INF INF INF INF INF INF INF INF INF INF INF INF INF INF INF INF INF INF INF INF INF INF INF INF INF INF INF INF INF INF INF INF INF INF INF INF INF INF INF INF INF INF INF INF INF INF INF INF INF INF INF 0 -2 0 1 2 4 5 2 4 5 6 8 6 4 6 7 8 10 6 8 9 10 12 10 8 10 11 12 14 10 12 13 14 16 14 12 14 15 16 18 14 16 17 18 20 18 16 18 19 20 22 18 20 21 22 24 22 20 22 23 24 26 22 24 25 26 28 26 24 26 27 28 30 26 28 29 30 32 30 28 30 31 32 34 30 32 33 34 36 34 32 34 35 36 38 34 36 37 38 40 38 36 38 39 40 42 38 40 41 42 44 42 40 42 43 44 46 42 44 45 46 48 46 44 46 47 48 50 46 48 49 50 52 50 48 50 51 52 54 50 52 53 54 56 54 52 54 55 56 58 54 56 57 58 60 58 56 58 59 60 62 58 60 61 62 64 62 60 62 63 64 66 62 64 65 66 68 66 64 66 67 68 70 66 68 69 70 72 70 68 70 71 72 74 70 72 73 74 76 74 72 74 75 76 78 74 76 77 78 80 78 76 78 79 80 82 78 80 81 82 84 82 80 82 83 84 86 82 84 85 86 88 86 84 86 87 88 90 86 88 89 90 92 90 88 90 91 92 94 90 92 93 94 96 94 92 94 95 96 98 94 96 97 98 100 98 96 98 99 100 102 98 100 101 102 104 102 100 102 103 104 106 102 104 105 106 108 106 104 106 107 108 110 106 108 109 110 112 110 108 110 111 112 114 110 112 113 114
INF INF INF INF INF INF INF INF INF INF INF INF INF INF INF INF INF INF INF INF INF INF INF INF INF INF INF INF INF INF INF INF INF INF INF INF INF INF INF INF INF INF INF INF INF INF INF INF INF INF INF INF INF INF INF INF INF INF INF INF INF INF INF INF INF INF INF INF INF INF INF INF INF INF INF INF INF INF INF INF INF INF INF INF INF INF INF INF INF INF INF INF INF INF INF INF INF INF INF INF INF INF INF INF INF INF INF INF INF INF INF INF INF INF INF INF INF INF INF INF INF INF INF INF INF INF INF INF INF INF INF INF INF INF INF INF INF INF INF INF INF INF INF INF INF INF INF INF INF INF INF INF INF INF INF INF INF INF INF INF INF INF INF INF INF INF INF INF INF INF INF INF INF INF INF INF INF INF INF INF INF INF INF INF INF INF INF INF INF INF INF INF INF 0 2 3 4 6 7 4 6 7 8 10 8 6 8 9 10 12 8 10 11 12 14 12 10 12 13 14 16 12 14 15 16 18 16 14 16 17 18 20 16 18 19 20 22 20 18 20 21 22 24 20 22 23 24 26 24 22 24 25 26 28 24 26 27 28 30 28 26 28 29 30 32 28 30 31 32 34 32 30 32 33 34 36 32 34 35 36 38 36 34 36 37 38 40 36 38 39 40 42 40 38 40 41 42 44 40 42 43 44 46 44 42 44 45 46 48 44 46 47 48 50 48 46 48 49 50 52 48 50 51 52 54 52 50 52 53 54 56 52 54 55 56 58 56 54 56 57 58 60 56 58 59 60 62 60 58 60 61 62 64 60 62 63 64 66 64 62 64 65 66 68 64 66 67 68 70 68 66 68 69 70 72 68 70 71 72 74 72 70 72 73 74 76 72 74 75 76 78 76 74 76 77 78 80 76 78 79 80 82 80 78 80 81 82 84 80 82 83 84 86 84 82 84 85 86 88 84 86 87 88 90 88 86 88 89 90 92 88 90 91 92 94 92 90 92 93 94 96 92 94 95 96 98 96 94 96 97 98 100 96 98 99 100 102 100 98 100 101 102 104 100 102 103 104 106 104 102 104 105 106 108 104 106 107 108 110 108 106 108 109 110 112 108 110 111 112 114 112 110 112 113 114 116 112 114 115 116
INF INF INF INF INF INF INF INF INF INF INF INF INF INF INF INF INF INF INF INF INF INF INF INF INF INF INF INF INF INF INF INF INF INF INF INF INF INF INF INF INF INF INF INF INF INF INF INF INF INF INF INF INF INF INF INF INF INF INF INF INF INF INF INF INF INF INF INF INF INF INF INF INF INF INF INF INF INF INF INF INF INF INF INF INF INF INF INF INF INF INF INF INF INF INF INF INF INF INF INF INF INF INF INF INF INF INF INF INF INF INF INF INF INF INF INF INF INF INF INF INF INF INF INF INF INF INF INF INF INF INF INF INF INF INF INF INF INF INF INF INF INF INF INF INF INF INF INF INF INF INF INF INF INF INF INF INF INF INF INF INF INF INF INF INF INF INF INF INF INF INF INF INF INF INF INF INF INF INF INF INF INF INF INF INF INF INF INF INF INF INF INF INF INF 0 2 3 4 6 2 4 5 6 8 6 4 6 7 8 10 6 8 9 10 12 10 8 10 11 12 14 10 12 13 14 16 14 12 14 15 16 18 14 16 17 18 20 18 16 18 19 20 22 18 20 21 22 24 22 20 22 23 24 26 22 24 25 26 28 26 24 26 27 28 30 26 28 29 30 32 30 28 30 31 32 34 30 32 33 34 36 34 32 34 35 36 38 34 36 37 38 40 38 36 38 39 40 42 38 40 41 42 44 42 40 42 43 44 46 42 44 45 46 48 46 44 46 47 48 50 46 48 49 50 52 50 48 50 51 52 54 50 52 53 54 56 54 52 54 55 56 58 54 56 57 58 60 58 56 58 59 60 62 58 60 61 62 64 62 60 62 63 64 66 62 64 65 66 68 66 64 66 67 68 70 66 68 69 70 72 70 68 70 71 72 74 70 72 73 74 76 74 72 74 75 76 78 74 76 77 78 80 78 76 78 79 80 82 78 80 81 82 84 82 80 82 83 84 86 82 84 85 86 88 86 84 86 87 88 90 86 88 89 90 92 90 88 90 91 92 94 90 92 93 94 96 94 92 94 95 96 98 94 96 97 98 100 98 96 98 99 100 102 98 100 101 102 104 102 100 102 103 104 106 102 104 105 106 108 106 104 106 107 108 110 106 108 109 110 112 110 108 110 111 112 114 110 112 113 114
INF INF INF INF INF INF INF INF INF INF INF INF INF INF INF INF INF INF INF INF INF INF INF INF INF INF INF INF INF INF INF INF INF INF INF INF INF INF INF INF INF INF INF INF INF INF INF INF INF INF INF INF INF INF INF INF INF INF INF INF INF INF INF INF INF INF INF INF INF INF INF INF INF INF INF INF INF INF INF INF INF INF INF INF INF INF INF INF INF INF INF INF INF INF INF INF INF INF INF INF INF INF INF INF INF INF INF INF INF INF INF INF INF INF INF INF INF INF INF INF INF INF INF INF INF INF INF INF INF INF INF INF INF INF INF INF INF INF INF INF INF INF INF INF INF INF INF INF INF INF INF INF INF INF INF INF INF INF INF INF INF INF INF INF INF INF INF INF INF INF INF INF INF INF INF INF INF INF INF INF INF INF INF INF INF INF INF INF INF INF INF INF INF INF INF 0 2 3 4 1 3 4 5 7 5 3 5 6 7 9 5 7 8 9 11 9 7 9 10 11 13 9 11 12 13 15 13 11 13 14 15 17 13 15 16 17 19 17 15 17 18 19 21 17 19 20 21 23 21 19 21 22 23 25 21 23 24 25 27 25 23 25 26 27 29 25 27 28 29 31 29 27 29 30 31 33 29 31 32 33 35 33 31 33 34 35 37 33 35 36 37 39 37 35 37 38 39 41 37 39 40 41 43 41 39 41 42 43 45 41 43 44 45 47 45 43 45 46 47 49 45 47 48 49 51 49 47 49 50 51 53 49 51 52 53 55 53 51 53 54 55 57 53 55 56 57 59 57 55 57 58 59 61 57 59 60 61 63 61 59 61 62 63 65 61 63 64 65 67 65 63 65 66 67 69 65 67 68 69 71 69 67 69 70 71 73 69 71 72 73 75 73 71 73 74 75 77 73 75 76 77 79 77 75 77 78 79 81 77 79 80 81 83 81 79 81 82 83 85 81 83 84 85 87 85 83 85 86 87 89 85 87 88 89 91 89 87 89 90 91 93 89 91 92 93 95 93 91 93 94 95 97 93 95 96 97 99 97 95 97 98 99 101 97 99 100 101 103 101 99 101 102 103 105 101 103 104 105 107 105 103 105 106 107 109 105 107 108 109 111 109 107 109 110 111 113 109 111 112 113
INF INF INF INF INF INF INF INF INF INF INF INF INF INF INF INF INF INF INF INF INF INF INF INF INF INF INF INF INF INF INF INF INF INF INF INF INF INF INF INF INF INF INF INF INF INF INF INF INF INF INF INF INF INF INF INF INF INF INF INF INF INF INF INF INF INF INF INF INF INF INF INF INF INF INF INF INF INF INF INF INF INF INF INF INF INF INF INF INF INF INF INF INF INF INF INF INF INF INF INF INF INF INF INF INF INF INF INF INF INF INF INF INF INF INF INF INF INF INF INF INF INF INF INF INF INF INF INF INF INF INF INF INF INF INF INF INF INF INF INF INF INF INF INF INF INF INF INF INF INF INF INF INF INF INF INF INF INF INF INF INF INF INF INF INF INF INF INF INF INF INF INF INF INF INF INF INF INF INF INF INF INF INF INF INF INF INF INF INF INF INF INF INF INF INF INF 0 2 3 0 2 3 4 6 4 2 4 5 6 8 4 6 7 8 10 8 6 8 9 10 12 8 10 11 12 14 12 10 12 13 14 16 12 14 15 16 18 16 14 16 17 18 20 16 18 19 20 22 20 18 20 21 22 24 20 22 23 24 26 24 22 24 25 26 28 24 26 27 28 30 28 26 28 29 30 32 28 30 31 32 34 32 30 32 33 34 36 32 34 35 36 38 36 34 36 37 38 40 36 38 39 40 42 40 38 40 41 42 44 40 42 43 44 46 44 42 44 45 46 48 44 46 47 48 50 48 46 48 49 50 52 48 50 51 52 54 52 50 52 53 54 56 52 54 55 56 58 56 54 56 57 58 60 56 58 59 60 62 60 58 60 61 62 64 60 62 63 64 66 64 62 64 65 66 68 64 66 67 68 70 68 66 68 69 70 72 68 70 71 72 74 72 70 72 73 74 76 72 74 75 76 78 76 74 76 77 78 80 76 78 79 80 82 80 78 80 81 82 84 80 82 83 84 86 84 82 84 85 86 88 84 86 87 88 90 88 86 88 89 90 92 88 90 91 92 94 92 90 92 93 94 96 92 94 95 96 98 96 94 96 97 98 100 96 98 99 100 102 100 98 100 101 102 104 100 102 103 104 106 104 102 104 105 106 108 104 106 107 108 110 108 106 108 109 110 112 108 110 111 112
INF INF INF INF INF INF INF INF INF INF INF INF INF INF INF INF INF INF INF INF INF INF INF INF INF INF INF INF INF INF INF INF INF INF INF INF INF INF INF INF INF INF INF INF INF INF INF INF INF INF INF INF INF INF INF INF INF INF INF INF INF INF INF INF INF INF INF INF INF INF INF INF INF INF INF INF INF INF INF INF INF INF INF INF INF INF INF INF INF INF INF INF INF INF INF INF INF INF INF INF INF INF INF INF INF INF INF INF INF INF INF INF INF INF INF INF INF INF INF INF INF INF INF INF INF INF INF INF INF INF INF INF INF INF INF INF INF INF INF INF INF INF INF INF INF INF INF INF INF INF INF INF INF INF INF INF INF INF INF INF INF INF INF INF INF INF INF INF INF INF INF INF INF INF INF INF INF INF INF INF INF INF INF INF INF INF INF INF INF INF INF INF INF INF INF INF INF 0 2 -2 0 1 2 4 2 0 2 3 4 6 2 4 5 6 8 6 4 6 7 8 10 6 8 9 10 12 10 8 10 11 12 14 10 12 13 14 16 14 12 14 15 16 18 14 16 17 18 20 18 16 18 19 20 22 18 20 21 22 24 22 20 22 23 24 26 22 24 25 26 28 26 24 26 27 28 30 26 28 29 30 32 30 28 30 31 32 34 30 32 33 34 36 34 32 34 35 36 38 34 36 37 38 40 38 36 38 39 40 42 38 40 41 42 44 42 40 42 43 44 46 42 44 45 46 48 46 44 46 47 48 50 46 48 49 50 52 50 48 50 51 52 54 50 52 53 54 56 54 52 54 55 56 58 54 56 57 58 60 58 56 58 59 60 62 58 60 61 62 64 62 60 62 63 64 66 62 64 65 66 68 66 64 66 67 68 70 66 68 69 70 72 70 68 70 71 72 74 70 72 73 74 76 74 72 74 75 76 78 74 76 77 78 80 78 76 78 79 80 82 78 80 81 82 84 82 80 82 83 84 86 82 84 85 86 88 86 84 86 87 88 90 86 88 89 90 92 90 88 90 91 92 94 90 92 93 94 96 94 92 94 95 96 98 94 96 97 98 100 98 96 98 99 100 102 98 100 101 102 104 102 100 102 103 104 106 102 104 105 106 108 106 104 106 107 108 110 106 108 109 110
INF INF INF INF INF INF INF INF INF INF INF INF INF INF INF INF INF INF INF INF INF INF INF INF INF INF INF INF INF INF INF INF INF INF INF INF INF INF INF INF INF INF INF INF INF INF INF INF INF INF INF INF INF INF INF INF INF INF INF INF INF INF INF INF INF INF INF INF INF INF INF INF INF INF INF INF INF INF INF INF INF INF INF INF INF INF INF INF INF INF INF INF INF INF INF INF INF INF INF INF INF INF INF INF INF INF INF INF INF INF INF INF INF INF INF INF INF INF INF INF INF INF INF INF INF INF INF INF INF INF INF INF INF INF INF INF INF INF INF INF INF INF INF INF INF INF INF INF INF INF INF INF INF INF INF INF INF INF INF INF INF INF INF INF INF INF INF INF INF INF INF INF INF INF INF INF INF INF INF INF INF INF INF INF INF INF INF INF INF INF INF INF INF INF INF INF INF INF 0 2 3 4 6 7 5 4 6 7 8 10 6 8 9 10 12 10 8 10 11 12 14 10 12 13 14 16 14 12 14 15 16 18 14 16 17 18 20 18 16 18 19 20 22 18 20 21 22 24 22 20 22 23 24 26 22 24 25 26 28 26 24 26 27 28 30 26 28 29 30 32 30 28 30 31 32 34 30 32 33 34 36 34 32 34 35 36 38 34 36 37 38 40 38 36 38 39 40 42 38 40 41 42 44 42 40 42 43 44 46 42 44 45 46 48 46 44 46 47 48 50 46 48 49 50 52 50 48 50 51 52 54 50 52 53 54 56 54 52 54 55 56 58 54 56 57 58 60 58 56 58 59 60 62 58 60 61 62 64 62 60 62 63 64 66 62 64 65 66 68 66 64 66 67 68 70 66 68 69 70 72 70 68 70 71 72 74 70 72 73 74 76 74 72 74 75 76 78 74 76 77 78 80 78 76 78 79 80 82 78 80 81 82 84 82 80 82 83 84 86 82 84 85 86 88 86 84 86 87 88 90 86 88 89 90 92 90 88 90 91 92 94 90 92 93 94 96 94 92 94 95 96 98 94 96 97 98 100 98 96 98 99 100 102 98 100 101 102 104 102 100 102 103 104 106 102 104 105 106 108 106 104 106 107 108 110 106 108 109 110 112 110 108 110 111 112 114 110 112 113 114
INF INF INF INF INF INF INF INF INF INF INF INF INF INF INF INF INF INF INF INF INF INF INF INF INF INF INF INF INF INF INF INF INF INF INF INF INF INF INF INF INF INF INF INF INF INF INF INF INF INF INF INF INF INF INF INF INF INF INF INF INF INF INF INF INF INF INF INF INF INF INF INF INF INF INF INF INF INF INF INF INF INF INF INF INF INF INF INF INF INF INF INF INF INF INF INF INF INF INF INF INF INF INF INF INF INF INF INF INF INF INF INF INF INF INF INF INF INF INF INF INF INF INF INF INF INF INF INF INF INF INF INF INF INF INF INF INF INF INF INF INF INF INF INF INF INF INF INF INF INF INF INF INF INF INF INF INF INF INF INF INF INF INF INF INF INF INF INF INF INF INF INF INF INF INF INF INF INF INF INF INF INF INF INF INF INF INF INF INF INF INF INF INF INF INF INF INF INF INF 0 2 3 4 6 4 2 4 5 6 8 4 6 7 8 10 8 6 8 9 10 12 8 10 11 12 14 12 10 12 13 14 16 12 14 15 16 18 16 14 16 17 18 20 16 18 19 20 22 20 18 20 21 22 24 20 22 23 24 26 24 22 24 25 26 28 24 26 27 28 30 28 26 28 29 30 32 28 30 31 32 34 32 30 32 33 34 36 32 34 35 36 38 36 34 36 37 38 40 36 38 39 40 42 40 38 40 41 42 44 40 42 43 44 46 44 42 44 45 46 48 44 46 47 48 50 48 46 48 49 50 52 48 50 51 52 54 52 50 52 53 54 56 52 54 55 56 58 56 54 56 57 58 60 56 58 59 60 62 60 58 60 61 62 64 60 62 63 64 66 64 62 64 65 66 68 64 66 67 68 70 68 66 68 69 70 72 68 70 71 72 74 72 70 72 73 74 76 72 74 75 76 78 76 74 76 77 78 80 76 78 79 80 82 80 78 80 81 82 84 80 82 83 84 86 84 82 84 85 86 88 84 86 87 88 90 88 86 88 89 90 92 88 90 91 92 94 92 90 92 93 94 96 92 94 95 96 98 96 94 96 97 98 100 96 98 99 100 102 100 98 100 101 102 104 100 102 103 104 106 104 102 104 105 106 108 104 106 107 108 110 108 106 108 109 110 112 108 110 111 112
INF INF INF INF INF INF INF INF INF INF INF INF INF INF INF INF INF INF INF INF INF INF INF INF INF INF INF INF INF INF INF INF INF INF INF INF INF INF INF INF INF INF INF INF INF INF INF INF INF INF INF INF INF INF INF INF INF INF INF INF INF INF INF INF INF INF INF INF INF INF INF INF INF INF INF INF INF INF INF INF INF INF INF INF INF INF INF INF INF INF INF INF INF INF INF INF INF INF INF INF INF INF INF INF INF INF INF INF INF INF INF INF INF INF INF INF INF INF INF INF INF INF INF INF INF INF INF INF INF INF INF INF INF INF INF INF INF INF INF INF INF INF INF INF INF INF INF INF INF INF INF INF INF INF INF INF INF INF INF INF INF INF INF INF INF INF INF INF INF INF INF INF INF INF INF INF INF INF INF INF INF INF INF INF INF INF INF INF INF INF INF INF INF INF INF INF INF INF INF INF 0 2 3 4 2 1 3 4 5 7 3 5 6 7 9 7 5 7 8 9 11 7 9 10 11 13 11 9 11 12 13 15 11 13 14 15 17 15 13 15 16 17 19 15 17 18 19 21 19 17 19 20 21 23 19 21 22 23 25 23 21 23 24 25 27 23 25 26 27 29 27 25 27 28 29 31 27 29 30 31 33 31 29 31 32 33 35 31 33 34 35 37 35 33 35 36 37 39 35 37 38 39 41 39 37 39 40 41 43 39 41 42 43 45 43 41 43 44 45 47 43 45 46 47 49 47 45 47 48 49 51 47 49 50 51 53 51 49 51 52 53 55 51 53 54 55 57 55 53 55 56 57 59 55 57 58 59 61 59 57 59 60 61 63 59 61 62 63 65 63 61 63 64 65 67 63 65 66 67 69 67 65 67 68 69 71 67 69 70 71 73 71 69 71 72 73 75 71 73 74 75 77 75 73 75 76 77 79 75 77 78 79 81 79 77 79 80 81 83 79 81 82 83 85 83 81 83 84 85 87 83 85 86 87 89 87 85 87 88 89 91 87 89 90 91 93 91 89 91 92 93 95 91 93 94 95 97 95 93 95 96 97 99 95 97 98 99 101 99 97 99 100 101 103 99 101 102 103 105 103 101 103 104 105 107 103 105 106 107 109 107 105 107 108 109 111 107 109 110 111
INF INF INF INF INF INF INF INF INF INF INF INF INF INF INF INF INF INF INF INF INF INF INF INF INF INF INF INF INF INF INF INF INF INF INF INF INF INF INF INF INF INF INF INF INF INF INF INF INF INF INF INF INF INF INF INF INF INF INF INF INF INF INF INF INF INF INF INF INF INF INF INF INF INF INF INF INF INF INF INF INF INF INF INF INF INF INF INF INF INF INF INF INF INF INF INF INF INF INF INF INF INF INF INF INF INF INF INF INF INF INF INF INF INF INF INF INF INF INF INF INF INF INF INF INF INF INF INF INF INF INF INF INF INF INF INF INF INF INF INF INF INF INF INF INF INF INF INF INF INF INF INF INF INF INF INF INF INF INF INF INF INF INF INF INF INF INF INF INF INF INF INF INF INF INF INF INF INF INF INF INF INF INF INF INF INF INF INF INF INF INF INF INF INF INF INF INF INF INF INF INF 0 2 3 1 0 2 3 4 6 2 4 5 6 8 6 4 6 7 8 10 6 8 9 10 12 10 8 10 11 12 14 10 12 13 14 16 14 12 14 15 16 18 14 16 17 18 20 18 16 18 19 20 22 18 20 21 22 24 22 20 22 23 24 26 22 24 25 26 28 26 24 26 27 28 30 26 28 29 30 32 30 28 30 31 32 34 30 32 33 34 36 34 32 34 35 36 38 34 36 37 38 40 38 36 38 39 40 42 38 40 41 42 44 42 40 42 43 44 46 42 44 45 46 48 46 44 46 47 48 50 46 48 49 50 52 50 48 50 51 52 54 50 52 53 54 56 54 52 54 55 56 58 54 56 57 58 60 58 56 58 59 60 62 58 60 61 62 64 62 60 62 63 64 66 62 64 65 66 68 66 64 66 67 68 70 66 68 69 70 72 70 68 70 71 72 74 70 72 73 74 76 74 72 74 75 76 78 74 76 77 78 80 78 76 78 79 80 82 78 80 81 82 84 82 80 82 83 84 86 82 84 85 86 88 86 84 86 87 88 90 86 88 89 90 92 90 88 90 91 92 94 90 92 93 94 96 94 92 94 95 96 98 94 96 97 98 100 98 96 98 99 100 102 98 100 101 102 104 102 100 102 103 104 106 102 104 105 106 108 106 104 106 107 108 110 106 108 109 110
INF INF INF INF INF INF INF INF INF INF INF INF INF INF INF INF INF INF INF INF INF INF INF INF INF INF INF INF INF INF INF INF INF INF INF INF INF INF INF INF INF INF INF INF INF INF INF INF INF INF INF INF INF INF INF INF INF INF INF INF INF INF INF INF INF INF INF INF INF INF INF INF INF INF INF INF INF INF INF INF INF INF INF INF INF INF INF INF INF INF INF INF INF INF INF INF INF INF INF INF INF INF INF INF INF INF INF INF INF INF INF INF INF INF INF INF INF INF INF INF INF INF INF INF INF INF INF INF INF INF INF INF INF INF INF INF INF INF INF INF INF INF INF INF INF INF INF INF INF INF INF INF INF INF INF INF INF INF INF INF INF INF INF INF INF INF INF INF INF INF INF INF INF INF INF INF INF INF INF INF INF INF INF INF INF INF INF INF INF INF INF INF INF INF INF INF INF INF INF INF INF INF 0 2 0 -2 0 1 2 4 0 2 3 4 6 4 2 4 5 6 8 4 6 7 8 10 8 6 8 9 10 12 8 10 11 12 14 12 10 12 13 14 16 12 14 15 16 18 16 14 16 17 18 20 16 18 19 20 22 20 18 20 21 22 24 20 22 23 24 26 24 22 24 25 26 28 24 26 27 28 30 28 26 28 29 30 32 28 30 31 32 34 32 30 32 33 34 36 32 34 35 36 38 36 34 36 37 38 40 36 38 39 40 42 40 38 40 41 42 44 40 42 43 44 46 44 42 44 45 46 48 44 46 47 48 50 48 46 48 49 50 52 48 50 51 52 54 52 50 52 53 54 56 52 54 55 56 58 56 54 56 57 58 60 56 58 59 60 62 60 58 60 61 62 64 60 62 63 64 66 64 62 64 65 66 68 64 66 67 68 70 68 66 68 69 70 72 68 70 71 72 74 72 70 72 73 74 76 72 74 75 76 78 76 74 76 77 78 80 76 78 79 80 82 80 78 80 81 82 84 80 82 83 84 86 84 82 84 85 86 88 84 86 87 88 90 88 86 88 89 90 92 88 90 91 92 94 92 90 92 93 94 96 92 94 95 96 98 96 94 96 97 98 100 96 98 99 100 102 100 98 100 101 102 104 100 102 103 104 106 104 102 104 105 106 108 104 106 107 108
INF INF INF INF INF INF INF INF INF INF INF INF INF INF INF INF INF INF INF INF INF INF INF INF INF INF INF INF INF INF INF INF INF INF INF INF INF INF INF INF INF INF INF INF INF INF INF INF INF INF INF INF INF INF INF INF INF INF INF INF INF INF INF INF INF INF INF INF INF INF INF INF INF INF INF INF INF INF INF INF INF INF INF INF INF INF INF INF INF INF INF INF INF INF INF INF INF INF INF INF INF INF INF INF INF INF INF INF INF INF INF INF INF INF INF INF INF INF INF INF INF INF INF INF INF INF INF INF INF INF INF INF INF INF INF INF INF INF INF INF INF INF INF INF INF INF INF INF INF INF INF INF INF INF INF INF INF INF INF INF INF INF INF INF INF INF INF INF INF INF INF INF INF INF INF INF INF INF INF INF INF INF INF INF INF INF INF INF INF INF INF INF INF INF INF INF INF INF INF INF INF INF INF 0 -2 0 1 2 4 5 2 4 5 6 8 6 4 6 7 8 10 6 8 9 10 12 10 8 10 11 12 14 10 12 13 14 16 14 12 14 15 16 18 14 16 17 18 20 18 16 18 19 20 22 18 20 21 22 24 22 20 22 23 24 26 22 24 25 26 28 26 24 26 27 28 30 26 28 29 30 32 30 28 30 31 32 34 30 32 33 34 36 34 32 34 35 36 38 34 36 37 38 40 38 36 38 39 40 42 38 40 41 42 44 42 40 42 43 44 46 42 44 45 46 48 46 44 46 47 48 50 46 48 49 50 52 50 48 50 51 52 54 50 52 53 54 56 54 52 54 55 56 58 54 56 57 58 60 58 56 58 59 60 62 58 60 61 62 64 62 60 62 63 64 66 62 64 65 66 68 66 64 66 67 68 70 66 68 69 70 72 70 68 70 71 72 74 70 72 73 74 76 74 72 74 75 76 78 74 76 77 78 80 78 76 78 79 80 82 78 80 81 82 84 82 80 82 83 84 86 82 84 85 86 88 86 84 86 87 88 90 86 88 89 90 92 90 88 90 91 92 94 90 92 93 94 96 94 92 94 95 96 98 94 96 97 98 100 98 96 98 99 100 102 98 100 101 102 104 102 100 102 103 104 106 102 104 105 106 108 106 104 106 107 108 110 106 108 109 110
INF INF INF INF INF INF INF INF INF INF INF INF INF INF INF INF INF INF INF INF INF INF INF INF INF INF INF INF INF INF INF INF INF INF INF INF INF INF INF INF INF INF INF INF INF INF INF INF INF INF INF INF INF INF INF INF INF INF INF INF INF INF INF INF INF INF INF INF INF INF INF INF INF INF INF INF INF INF INF INF INF INF INF INF INF INF INF INF INF INF INF INF INF INF INF INF INF INF INF INF INF INF INF INF INF INF INF INF INF INF INF INF INF INF INF INF INF INF INF INF INF INF INF INF INF INF INF INF INF INF INF INF INF INF INF INF INF INF INF INF INF INF INF INF INF INF INF INF INF INF INF INF INF INF INF INF INF INF INF INF INF INF INF INF INF INF INF INF INF INF INF INF INF INF INF INF INF INF INF INF INF INF INF INF INF INF INF INF INF INF INF INF INF INF INF INF INF INF INF INF INF INF INF INF 0 2 3 4 6 7 4 6 7 8 10 8 6 8 9 10 12 8 10 11 12 14 12 10 12 13 14 16 12 14 15 16 18 16 14 16 17 18 20 16 18 19 20 22 20 18 20 21 22 24 20 22 23 24 26 24 22 24 25 26 28 24 26 27 28 30 28 26 28 29 30 32 28 30 31 32 34 32 30 32 33 34 36 32 34 35 36 38 36 34 36 37 38 40 36 38 39 40 42 40 38 40 41 42 44 40 42 43 44 46 44 42 44 45 46 48 44 46 47 48 50 48 46 48 49 50 52 48 50 51 52 54 52 50 52 53 54 56 52 54 55 56 58 56 54 56 57 58 60 56 58 59 60 62 60 58 60 61 62 64 60 62 63 64 66 64 62 64 65 66 68 64 66 67 68 70 68 66 68 69 70 72 68 70 71 72 74 72 70 72 73 74 76 72 74 75 76 78 76 74 76 77 78 80 76 78 79 80 82 80 78 80 81 82 84 80 82 83 84 86 84 82 84 85 86 88 84 86 87 88 90 88 86 88 89 90 92 88 90 91 92 94 92 90 92 93 94 96 92 94 95 96 98 96 94 96 97 98 100 96 98 99 100 102 100 98 100 101 102 104 100 102 103 104 106 104 102 104 105 106 108 104 106 107 108 110 108 106 108 109 110 112 108 110 111 112
INF INF INF INF INF INF INF INF INF INF INF INF INF INF INF INF INF INF INF INF INF INF INF INF INF INF INF INF INF INF INF INF INF INF INF INF INF INF INF INF INF INF INF INF INF INF INF INF INF INF INF INF INF INF INF INF INF INF INF INF INF INF INF INF INF INF INF INF INF INF INF INF INF INF INF INF INF INF INF INF INF INF INF INF INF INF INF INF INF INF INF INF INF INF INF INF INF INF INF INF INF INF INF INF INF INF INF INF INF INF INF INF INF INF INF INF INF INF INF INF INF INF INF INF INF INF INF INF INF INF INF INF INF INF INF INF INF INF INF INF INF INF INF INF INF INF INF INF INF INF INF INF INF INF INF INF INF INF INF INF INF INF INF INF INF INF INF INF INF INF INF INF INF INF INF INF INF INF INF INF INF INF INF INF INF INF INF INF INF INF INF INF INF INF INF INF INF INF INF INF INF INF INF INF INF 0 2 3 4 6 2 4 5 6 8 6 4 6 7 8 10 6 8 9 10 12 10 8 10 11 12 14 10 12 13 14 16 14 12 14 15 16 18 14 16 17 18 20 18 16 18 19 20 22 18 20 21 22 24 22 20 22 23 24 26 22 24 25 26 28 26 24 26 27 28 30 26 28 29 30 32 30 28 30 31 32 34 30 32 33 34 36 34 32 34 35 36 38 34 36 37 38 40 38 36 38 39 40 42 38 40 41 42 44 42 40 42 43 44 46 42 44 45 46 48 46 44 46 47 48 50 46 48 49 50 52 50 48 50 51 52 54 50 52 53 54 56 54 52 54 55 56 58 54 56 57 58 60 58 56 58 59 60 62 58 60 61 62 64 62 60 62 63 64 66 62 64 65 66 68 66 64 66 67 68 70 66 68 69 70 72 70 68 70 71 72 74 70 72 73 74 76 74 72 74 75 76 78 74 76 77 78 80 78 76 78 79 80 82 78 80 81 82 84 82 80 82 83 84 86 82 84 85 86 88 86 84 86 87 88 90 86 88 89 90 92 90 88 90 91 92 94 90 92 93 94 96 94 92 94 95 96 98 94 96 97 98 100 98 96 98 99 100 102 98 100 101 102 104 102 100 102 103 104 106 102 104 105 106 108 106 104 106 107 108 110 106 108 109 110
INF INF INF INF INF INF INF INF INF INF INF INF INF INF INF INF INF INF INF INF INF INF INF INF INF INF INF INF INF INF INF INF INF INF INF INF INF INF INF INF INF INF INF INF INF INF INF INF INF INF INF INF INF INF INF INF INF INF INF INF INF INF INF INF INF INF INF INF INF INF INF INF INF INF INF INF INF INF INF INF INF INF INF INF INF INF INF INF INF INF INF INF INF INF INF INF INF INF INF INF INF INF INF INF INF INF INF INF INF INF INF INF INF INF INF INF INF INF INF INF INF INF INF INF INF INF INF INF INF INF INF INF INF INF INF INF INF INF INF INF INF INF INF INF INF INF INF INF INF INF INF INF INF INF INF INF INF INF INF INF INF INF INF INF INF INF INF INF INF INF INF INF INF INF INF INF INF INF INF INF INF INF INF INF INF INF INF INF INF INF INF INF INF INF INF INF INF INF INF INF INF INF INF INF INF INF 0 2 3 4 1 3 4 5 7 5 3 5 6 7 9 5 7 8 9 11 9 7 9 10 11 13 9 11 12 13 15 13 11 13 14 15 17 13 15 16 17 19 17 15 17 18 19 21 17 19 20 21 23 21 19 21 22 23 25 21 23 24 25 27 25 23 25 26 27 29 25 27 28 29 31 29 27 29 30 31 33 29 31 32 33 35 33 31 33 34 35 37 33 35 36 37 39 37 35 37 38 39 41 37 39 40 41 43 41 39 41 42 43 45 41 43 44 45 47 45 43 45 46 47 49 45 47 48 49 51 49 47 49 50 51 53 49 51 52 53 55 53 51 53 54 55 57 53 55 56 57 59 57 55 57 58 59 61 57 59 60 61 63 61 59 61 62 63 65 61 63 64 65 67 65 63 65 66 67 69 65 67 68 69 71 69 67 69 70 71 73 69 71 72 73 75 73 71 73 74 75 77 73 75 76 77 79 77 75 77 78 79 81 77 79 80 81 83 81 79 81 82 83 85 81 83 84 85 87 85 83 85 86 87 89 85 87 88 89 91 89 87 89 90 91 93 89 91 92 93 95 93 91 93 94 95 97 93 95 96 97 99 97 95 97 98 99 101 97 99 100 101 103 101 99 101 102 103 105 101 103 104 105 107 105 103 105 106 107 109 105 107 108 109
INF INF INF INF INF INF INF INF INF INF INF INF INF INF INF INF INF INF INF INF INF INF INF INF INF INF INF INF INF INF INF INF INF INF INF INF INF INF INF INF INF INF INF INF INF INF INF INF INF INF INF INF INF INF INF INF INF INF INF INF INF INF INF INF INF INF INF INF INF INF INF INF INF INF INF INF INF INF INF INF INF INF INF INF INF INF INF INF INF INF INF INF INF INF INF INF INF INF INF INF INF INF INF INF INF INF INF INF INF INF INF INF INF INF INF INF INF INF INF INF INF INF INF INF INF INF INF INF INF INF INF INF INF INF INF INF INF INF INF INF INF INF INF INF INF INF INF INF INF INF INF INF INF INF INF INF INF INF INF INF INF INF INF INF INF INF INF INF INF INF INF INF INF INF INF INF INF INF INF INF INF INF INF INF INF INF INF INF INF INF INF INF INF INF INF INF INF INF INF INF INF INF INF INF INF INF INF 0 2 3 0 2 3 4 6 4 2 4 5 6 8 4 6 7 8 10 8 6 8 9 10 12 8 10 11 12 14 12 10 12 13 14 16 12 14 15 16 18 16 14 16 17 18 20 16 18 19 20 22 20 18 20 21 22 24 20 22 23 24 26 24 22 24 25 26 28 24 26 27 28 30 28 26 28 29 30 32 28 30 31 32 34 32 30 32 33 34 36 32 34 35 36 38 36 34 36 37 38 40 36 38 39 40 42 40 38 40 41 42 44 40 42 43 44 46 44 42 44 45 46 48 44 46 47 48 50 48 46 48 49 50 52 48 50 51 52 54 52 50 52 53 54 56 52 54 55 56 58 56 54 56 57 58 60 56 58 59 60 62 60 58 60 61 62 64 60 62 63 64 66 64 62 64 65 66 68 64 66 67 68 70 68 66 68 69 70 72 68 70 71 72 74 72 70 72 73 74 76 72 74 75 76 78 76 74 76 77 78 80 76 78 79 80 82 80 78 80 81 82 84 80 82 83 84 86 84 82 84 85 86 88 84 86 87 88 90 88 86 88 89 90 92 88 90 91 92 94 92 90 92 93 94 96 92 94 95 96 98 96 94 96 97 98 100 96 98 99 100 102 100 98 100 101 102 104 100 102 103 104 106 104 102 104 105 106 108 104 106 107 108
INF INF INF INF INF INF INF INF INF INF INF INF INF INF INF INF INF INF INF INF INF INF INF INF INF INF INF INF INF INF INF INF INF INF INF INF INF INF INF INF INF INF INF INF INF INF INF INF INF INF INF INF INF INF INF INF INF INF INF INF INF INF INF INF INF INF INF INF INF INF INF INF INF INF INF INF INF INF INF INF INF INF INF INF INF INF INF INF INF INF INF INF INF INF INF INF INF INF INF INF INF INF INF INF INF INF INF INF INF INF INF INF INF INF INF INF INF INF INF INF INF INF INF INF INF INF INF INF INF INF INF INF INF INF INF INF INF INF INF INF INF INF INF INF INF INF INF INF INF INF INF INF INF INF INF INF INF INF INF INF INF INF INF INF INF INF INF INF INF INF INF INF INF INF INF INF INF INF INF INF INF INF INF INF INF INF INF INF INF INF INF INF INF INF INF INF INF INF INF INF INF INF INF INF INF INF INF INF 0 2 -2 0 1 2 4 2 0 2 3 4 6 2 4 5 6 8 6 4 6 7 8 10 6 8 9 10 12 10 8 10 11 12 14 10 12 13 14 16 14 12 14 15 16 18 14 16 17 18 20 18 16 18 19 20 22 18 20 21 22 24 22 20 22 23 24 26 22 24 25 26 28 26 24 26 27 28 30 26 28 29 30 32 30 28 30 31 32 34 30 32 33 34 36 34 32 34 35 36 38 34 36 37 38 40 38 36 38 39 40 42 38 40 41 42 44 42 40 42 43 44 46 42 44 45 46 48 46 44 46 47 48 50 46 48 49 50 52 50 48 50 51 52 54 50 52 53 54 56 54 52 54 55 56 58 54 56 57 58 60 58 56 58 59 60 62 58 60 61 62 64 62 60 62 63 64 66 62 64 65 66 68 66 64 66 67 68 70 66 68 69 70 72 70 68 70 71 72 74 70 72 73 74 76 74 72 74 75 76 78 74 76 77 78 80 78 76 78 79 80 82 78 80 81 82 84 82 80 82 83 84 86 82 84 85 86 88 86 84 86 87 88 90 86 88 89 90 92 90 88 90 91 92 94 90 92 93 94 96 94 92 94 95 96 98 94 96 97 98 100 98 96 98 99 100 102 98 100 101 102 104 102 100 102 103 104 106 102 104 105 106
INF INF INF INF INF INF INF INF INF INF INF INF INF INF INF INF INF INF INF INF INF INF INF INF INF INF INF INF INF INF INF INF INF INF INF INF INF INF INF INF INF INF INF INF INF INF INF INF INF INF INF INF INF INF INF INF INF INF INF INF INF INF INF INF INF INF INF INF INF INF INF INF INF INF INF INF INF INF INF INF INF INF INF INF INF INF INF INF INF INF INF INF INF INF INF INF INF INF INF INF INF INF INF INF INF INF INF INF INF INF INF INF INF INF INF INF INF INF INF INF INF INF INF INF INF INF INF INF INF INF INF INF INF INF INF INF INF INF INF INF INF INF INF INF INF INF INF INF INF INF INF INF INF INF INF INF INF INF INF INF INF INF INF INF INF INF INF INF INF INF INF INF INF INF INF INF INF INF INF INF INF INF INF INF INF INF INF INF INF INF INF INF INF INF INF INF INF INF INF INF INF INF INF INF INF INF INF INF INF 0 2 3 4 6 7 5 4 6 7 8 10 6 8 9 10 12 10 8 10 11 12 14 10 12 13 14 16 14 12 14 15 16 18 14 16 17 18 20 18 16 18 19 20 22 18 20 21 22 24 22 20 22 23 24 26 22 24 25 26 28 26 24 26 27 28 30 26 28 29 30 32 30 28 30 31 32 34 30 32 33 34 36 34 32 34 35 36 38 34 36 37 38 40 38 36 38 39 40 42 38 40 41 42 44 42 40 42 43 44 46 42 44 45 46 48 46 44 46 47 48 50 46 48 49 50 52 50 48 50 51 52 54 50 52 53 54 56 54 52 54 55 56 58 54 56 57 58 60 58 56 58 59 60 62 58 60 61 62 64 62 60 62 63 64 66 62 64 65 66 68 66 64 66 67 68 70 66 68 69 70 72 70 68 70 71 72 74 70 72 73 74 76 74 72 74 75 76 78 74 76 77 78 80 78 76 78 79 80 82 78 80 81 82 84 82 80 82 83 84 86 82 84 85 86 88 86 84 86 87 88 90 86 88 89 90 92 90 88 90 91 92 94 90 92 93 94 96 94 92 94 95 96 98 94 96 97 98 100 98 96 98 99 100 102 98 100 101 102 104 102 100 102 103 104 106 102 104 105 106 108 106 104 106 107 108 110 106 108 109 110
INF INF INF INF INF INF INF INF INF INF INF INF INF INF INF INF INF INF INF INF INF INF INF INF INF INF INF INF INF INF INF INF INF INF INF INF INF INF INF INF INF INF INF INF INF INF INF INF INF INF INF INF INF INF INF INF INF INF INF INF INF INF INF INF INF INF INF INF INF INF INF INF INF INF INF INF INF INF INF INF INF INF INF INF INF INF INF INF INF INF INF INF INF INF INF INF INF INF INF INF INF INF INF INF INF INF INF INF INF INF INF INF INF INF INF INF INF INF INF INF INF INF INF INF INF INF INF INF INF INF INF INF INF INF INF INF INF INF INF INF INF INF INF INF INF INF INF INF INF INF INF INF INF INF INF INF INF INF INF INF INF INF INF INF INF INF INF INF INF INF INF INF INF INF INF INF INF INF INF INF INF INF INF INF INF INF INF INF INF INF INF INF INF INF INF INF INF INF INF INF INF INF INF INF INF INF INF INF INF INF 0 2 3 4 6 4 2 4 5 6 8 4 6 7 8 10 8 6 8 9 10 12 8 10 11 12 14 12 10 12 13 14 16 12 14 15 16 18 16 14 16 17 18 20 16 18 19 20 22 20 18 20 21 22 24 20 22 23 24 26 24 22 24 25 26 28 24 26 27 28 30 28 26 28 29 30 32 28 30 31 32 34 32 30 32 33 34 36 32 34 35 36 38 36 34 36 37 38 40 36 38 39 40 42 40 38 40 41 42 44 40 42 43 44 46 44 42 44 45 46 48 44 46 47 48 50 48 46 48 49 50 52 48 50 51 52 54 52 50 52 53 54 56 52 54 55 56 58 56 54 56 57 58 60 56 58 59 60 62 60 58 60 61 62 64 60 62 63 64 66 64 62 64 65 66 68 64 66 67 68 70 68 66 68 69 70 72 68 70 71 72 74 72 70 72 73 74 76 72 74 75 76 78 76 74 76 77 78 80 76 78 79 80 82 80 78 80 81 82 84 80 82 83 84 86 84 82 84 85 86 88 84 86 87 88 90 88 86 88 89 90 92 88 90 91 92 94 92 90 92 93 94 96 92 94 95 96 98 96 94 96 97 98 100 96 98 99 100 102 100 98 100 101 102 104 100 102 103 104 106 104 102 104 105 106 108 104 106 107 108
INF INF INF INF INF INF INF INF INF INF INF INF INF INF INF INF INF INF INF INF INF INF INF INF INF INF INF INF INF INF INF INF INF INF INF INF INF INF INF INF INF INF INF INF INF INF INF INF INF INF INF INF INF INF INF INF INF INF INF INF INF INF INF INF INF INF INF INF INF INF INF INF INF INF INF INF INF INF INF INF INF INF INF INF INF INF INF INF INF INF INF INF INF INF INF INF INF INF INF INF INF INF INF INF INF INF INF INF INF INF INF INF INF INF INF INF INF INF INF INF INF INF INF INF INF INF INF INF INF INF INF INF INF INF INF INF INF INF INF INF INF INF INF INF INF INF INF INF INF INF INF INF INF INF INF INF INF INF INF INF INF INF INF INF INF INF INF INF INF INF INF INF INF INF INF INF INF INF INF INF INF INF INF INF INF INF INF INF INF INF INF INF INF INF INF INF INF INF INF INF INF INF INF INF INF INF INF INF INF INF INF 0 2 3 4 2 1 3 4 5 7 3 5 6 7 9 7 5 7 8 9 11 7 9 10 11 13 11 9 11 12 13 15 11 13 14 15 17 15 13 15 16 17 19 15 17 18 19 21 19 17 19 20 21 23 19 21 22 23 25 23 21 23 24 25 27 23 25 26 27 29 27 25 27 28 29 31 27 29 30 31 33 31 29 31 32 33 35 31 33 34 35 37 35 33 35 36 37 39 35 37 38 39 41 39 37 39 40 41 43 39 41 42 43 45 43 41 43 44 45 47 43 45 46 47 49 47 45 47 48 49 51 47 49 50 51 53 51 49 51 52 53 55 51 53 54 55 57 55 53 55 56 57 59 55 57 58 59 61 59 57 59 60 61 63 59 61 62 63 65 63 61 63 64 65 67 63 65 66 67 69 67 65 67 68 69 71 67 69 70 71 73 71 69 71 72 73 75 71 73 74 75 77 75 73 75 76 77 79 75 77 78 79 81 79 77 79 80 81 83 79 81 82 83 85 83 81 83 84 85 87 83 85 86 87 89 87 85 87 88 89 91 87 89 90 91 93 91 89 91 92 93 95 91 93 94 95 97 95 93 95 96 97 99 95 97 98 99 101 99 97 99 100 101 103 99 101 102 103 105 103 101 103 104 105 107 103 105 106 107
INF INF INF INF INF INF INF INF INF INF INF INF INF INF INF INF INF INF INF INF INF INF INF INF INF INF INF INF INF INF INF INF INF INF INF INF INF INF INF INF INF INF INF INF INF INF INF INF INF INF INF INF INF INF INF INF INF INF INF INF INF INF INF INF INF INF INF INF INF INF INF INF INF INF INF INF INF INF INF INF INF INF INF INF INF INF INF INF INF INF INF INF INF INF INF INF INF INF INF INF INF INF INF INF INF INF INF INF INF INF INF INF INF INF INF INF INF INF INF INF INF INF INF INF INF INF INF INF INF INF INF INF INF INF INF INF INF INF INF INF INF INF INF INF INF INF INF INF INF INF INF INF INF INF INF INF INF INF INF INF INF INF INF INF INF INF INF INF INF INF INF INF INF INF INF INF INF INF INF INF INF INF INF INF INF INF INF INF INF INF INF INF INF INF INF INF INF INF INF INF INF INF INF INF INF INF INF INF INF INF INF INF 0 2 3 1 0 2 3 4 6 2 4 5 6 8 6 4 6 7 8 10 6 8 9 10 12 10 8 10 11 12 14 10 12 13 14 16 14 12 14 15 16 18 14 16 17 18 20 18 16 18 19 20 22 18 20 21 22 24 22 20 22 23 24 26 22 24 25 26 28 26 24 26 27 28 30 26 28 29 30 32 30 28 30 31 32 34 30 32 33 34 36 34 32 34 35 36 38 34 36 37 38 40 38 36 38 39 40 42 38 40 41 42 44 42 40 42 43 44 46 42 44 45 46 48 46 44 46 47 48 50 46 48 49 50 52 50 48 50 51 52 54 50 52 53 54 56 54 52 54 55 56 58 54 56 57 58 60 58 56 58 59 60 62 58 60 61 62 64 62 60 62 63 64 66 62 64 65 66 68 66 64 66 67 68 70 66 68 69 70 72 70 68 70 71 72 74 70 72 73 74 76 74 72 74 75 76 78 74 76 77 78 80 78 76 78 79 80 82 78 80 81 82 84 82 80 82 83 84 86 82 84 85 86 88 86 84 86 87 88 90 86 88 89 90 92 90 88 90 91 92 94 90 92 93 94 96 94 92 94 95 96 98 94 96 97 98 100 98 96 98 99 100 102 98 100 101 102 104 102 100 102 103 104 106 102 104 105 106
INF INF INF INF INF INF INF INF INF INF INF INF INF INF INF INF INF INF INF INF INF INF INF INF INF INF INF INF INF INF INF INF INF INF INF INF INF INF INF INF INF INF INF INF INF INF INF INF INF INF INF INF INF INF INF INF INF INF INF INF INF INF INF INF INF INF INF INF INF INF INF INF INF INF INF INF INF INF INF INF INF INF INF INF INF INF INF INF INF INF INF INF INF INF INF INF INF INF INF INF INF INF INF INF INF INF INF INF INF INF INF INF INF INF INF INF INF INF INF INF INF INF INF INF INF INF INF INF INF INF INF INF INF INF INF INF INF INF INF INF INF INF INF INF INF INF INF INF INF INF INF INF INF INF INF INF INF INF INF INF INF INF INF INF INF INF INF INF INF INF INF INF INF INF INF INF INF INF INF INF INF INF INF INF INF INF INF INF INF INF INF INF INF INF INF INF INF INF INF INF INF INF INF INF INF INF INF INF INF INF INF INF INF 0 2 0 -2 0 1 2 4 0 2 3 4 6 4 2 4 5 6 8 4 6 7 8 10 8 6 8 9 10 12 8 10 11 12 14 12 10 12 13 14 16 12 14 15 16 18 16 14 16 17 18 20 16 18 19 20 22 20 18 20 21 22 24 20 22 23 24 26 24 22 24 25 26 28 24 26 27 28 30 28 26 28 29 30 32 28 30 31 32 34 32 30 32 33 34 36 32 34 35 36 38 36 34 36 37 38 40 36 38 39 40 42 40 38 40 41 42 44 40 42 43 44 46 44 42 44 45 46 48 44 46 47 48 50 48 46 48 49 50 52 48 50 51 52 54 52 50 52 53 54 56 52 54 55 56 58 56 54 56 57 58 60 56 58 59 60 62 60 58 60 61 62 64 60 62 63 64 66 64 62 64 65 66 68 64 66 67 68 70 68 66 68 69 70 72 68 70 71 72 74 72 70 72 73 74 76 72 74 75 76 78 76 74 76 77 78 80 76 78 79 80 82 80 78 80 81 82 84 80 82 83 84 86 84 82 84 85 86 88 84 86 87 88 90 88 86 88 89 90 92 88 90 91 92 94 92 90 92 93 94 96 92 94 95 96 98 96 94 96 97 98 100 96 98 99 100 102 100 98 100 101 102 104 100 102 103 104
INF INF INF INF INF INF INF INF INF INF INF INF INF INF INF INF INF INF INF INF INF INF INF INF INF INF INF INF INF INF INF INF INF INF INF INF INF INF INF INF INF INF INF INF INF INF INF INF INF INF INF INF INF INF INF INF INF INF INF INF INF INF INF INF INF INF INF INF INF INF INF INF INF INF INF INF INF INF INF INF INF INF INF INF INF INF INF INF INF INF INF INF INF INF INF INF INF INF INF INF INF INF INF INF INF INF INF INF INF INF INF INF INF INF INF INF INF INF INF INF INF INF INF INF INF INF INF INF INF INF INF INF INF INF INF INF INF INF INF INF INF INF INF INF INF INF INF INF INF INF INF INF INF INF INF INF INF INF INF INF INF INF INF INF INF INF INF INF INF INF INF INF INF INF INF INF INF INF INF INF INF INF INF INF INF INF INF INF INF INF INF INF INF INF INF INF INF INF INF INF INF INF INF INF INF INF INF INF INF INF INF INF INF INF 0 -2 0 1 2 4 5 2 4 5 6 8 6 4 6 7 8 10 6 8 9 10 12 10 8 10 11 12 14 10 12 13 14 16 14 12 14 15 16 18 14 16 17 18 20 18 16 18 19 20 22 18 20 21 22 24 22 20 22 23 24 26 22 24 25 26 28 26 24 26 27 28 30 26 28 29 30 32 30 28 30 31 32 34 30 32 33 34 36 34 32 34 35 36 38 34 36 37 38 40 38 36 38 39 40 42 38 40 41 42 44 42 40 42 43 44 46 42 44 45 46 48 46 44 46 47 48 50 46 48 49 50 52 50 48 50 51 52 54 50 52 53 54 56 54 52 54 55 56 58 54 56 57 58 60 58 56 58 59 60 62 58 60 61 62 64 62 60 62 63 64 66 62 64 65 66 68 66 64 66 67 68 70 66 68 69 70 72 70 68 70 71 72 74 70 72 73 74 76 74 72 74 75 76 78 74 76 77 78 80 78 76 78 79 80 82 78 80 81 82 84 82 80 82 83 84 86 82 84 85 86 88 86 84 86 87 88 90 86 88 89 90 92 90 88 90 91 92 94 90 92 93 94 96 94 92 94 95 96 98 94 96 97 98 100 98 96 98 99 100 102 98 100 101 102 104 102 100 102 103 104 106 102 104 105 106
INF INF INF INF INF INF INF INF INF INF INF INF INF INF INF INF INF INF INF INF INF INF INF INF INF INF INF INF INF INF INF INF INF INF INF INF INF INF INF INF INF INF INF INF INF INF INF INF INF INF INF INF INF INF INF INF INF INF INF INF INF INF INF INF INF INF INF INF INF INF INF INF INF INF INF INF INF INF INF INF INF INF INF INF INF INF INF INF INF INF INF INF INF INF INF INF INF INF INF INF INF INF INF INF INF INF INF INF INF INF INF INF INF INF INF INF INF INF INF INF INF INF INF INF INF INF INF INF INF INF INF INF INF INF INF INF INF INF INF INF INF INF INF INF INF INF INF INF INF INF INF INF INF INF INF INF INF INF INF INF INF INF INF INF INF INF INF INF INF INF INF INF INF INF INF INF INF INF INF INF INF INF INF INF INF INF INF INF INF INF INF INF INF INF INF INF INF INF INF INF INF INF INF INF INF INF INF INF INF INF INF INF INF INF INF 0 2 3 4 6 7 4 6 7 8 10 8 6 8 9 10 12 8 10 11 12 14 12 10 12 13 14 16 12 14 15 16 18 16 14 16 17 18 20 16 18 19 20 22 20 18 20 21 22 24 20 22 23 24 26 24 22 24 25 26 28 24 26 27 28 30 28 26 28 29 30 32 28 30 31 32 34 32 30 32 33 34 36 32 34 35 36 38 36 34 36 37 38 40 36 38 39 40 42 40 38 40 41 42 44 40 42 43 44 46 44 42 44 45 46 48 44 46 47 48 50 48 46 48 49 50 52 48 50 51 52 54 52 50 52 53 54 56 52 54 55 56 58 56 54 56 57 58 60 56 58 59 60 62 60 58 60 61 62 64 60 62 63 64 66 64 62 64 65 66 68 64 66 67 68 70 68 66 68 69 70 72 68 70 71 72 74 72 70 72 73 74 76 72 74 75 76 78 76 74 76 77 78 80 76 78 79 80 82 80 78 80 81 82 84 80 82 83 84 86 84 82 84 85 86 88 84 86 87 88 90 88 86 88 89 90 92 88 90 91 92 94 92 90 92 93 94 96 92 94 95 96 98 96 94 96 97 98 100 96 98 99 100 102 100 98 100 101 102 104 100 102 103 104 106 104 102 104 105 106 108 104 106 107 108
INF INF INF INF INF INF INF INF INF INF INF INF INF INF INF INF INF INF INF INF INF INF INF INF INF INF INF INF INF INF INF INF INF INF INF INF INF INF INF INF INF INF INF INF INF INF INF INF INF INF INF INF INF INF INF INF INF INF INF INF INF INF INF INF INF INF INF INF INF INF INF INF INF INF INF INF INF INF INF INF INF INF INF INF INF INF INF INF INF INF INF INF INF INF INF INF INF INF INF INF INF INF INF INF INF INF INF INF INF INF INF INF INF INF INF INF INF INF INF INF INF INF INF INF INF INF INF INF INF INF INF INF INF INF INF INF INF INF INF INF INF INF INF INF INF INF INF INF INF INF INF INF INF INF INF INF INF INF INF INF INF INF INF INF INF INF INF INF INF INF INF INF INF INF INF INF INF INF INF INF INF INF INF INF INF INF INF INF INF INF INF INF INF INF INF INF INF INF INF INF INF INF INF INF INF INF INF INF INF INF INF INF INF INF INF INF 0 2 3 4 6 2 4 5 6 8 6 4 6 7 8 10 6 8 9 10 12 10 8 10 11 12 14 10 12 13 14 16 14 12 14 15 16 18 14 16 17 18 20 18 16 18 19 20 22 18 20 21 22 24 22 20 22 23 24 26 22 24 25 26 28 26 24 26 27 28 30 26 28 29 30 32 30 28 30 31 32 34 30 32 33 34 36 34 32 34 35 36 38 34 36 37 38 40 38 36 38 39 40 42 38 40 41 42 44 42 40 42 43 44 46 42 44 45 46 48 46 44 46 47 48 50 46 48 49 50 52 50 48 50 51 52 54 50 52 53 54 56 54 52 54 55 56 58 54 56 57 58 60 58 56 58 59 60 62 58 60 61 62 64 62 60 62 63 64 66 62 64 65 66 68 66 64 66 67 68 70 66 68 69 70 72 70 68 70 71 72 74 70 72 73 74 76 74 72 74 75 76 78 74 76 77 78 80 78 76 78 79 80 82 78 80 81 82 84 82 80 82 83 84 86 82 84 85 86 88 86 84 86 87 88 90 86 88 89 90 92 90 88 90 91 92 94 90 92 93 94 96 94 92 94 95 96 98 94 96 97 98 100 98 96 98 99 100 102 98 100 101 102 104 102 100 102 103 104 106 102 104 105 106
INF INF INF INF INF INF INF INF INF INF INF INF INF INF INF INF INF INF INF INF INF INF INF INF INF INF INF INF INF INF INF INF INF INF INF INF INF INF INF INF INF INF INF INF INF INF INF INF INF INF INF INF INF INF INF INF INF INF INF INF INF INF INF INF INF INF INF INF INF INF INF INF INF INF INF INF INF INF INF INF INF INF INF INF INF INF INF INF INF INF INF INF INF INF INF INF INF INF INF INF INF INF INF INF INF INF INF INF INF INF INF INF INF INF INF INF INF INF INF INF INF INF INF INF INF INF INF INF INF INF INF INF INF INF INF INF INF INF INF INF INF INF INF INF INF INF INF INF INF INF INF INF INF INF INF INF INF INF INF INF INF INF INF INF INF INF INF INF INF INF INF INF INF INF INF INF INF INF INF INF INF INF INF INF INF INF INF INF INF INF INF INF INF INF INF INF INF INF INF INF INF INF INF INF INF INF INF INF INF INF INF INF INF INF INF INF INF 0 2 3 4 1 3 4 5 7 5 3 5 6 7 9 5 7 8 9 11 9 7 9 10 11 13 9 11 12 13 15 13 11 13 14 15 17 13 15 16 17 19 17 15 17 18 19 21 17 19 20 21 23 21 19 21 22 23 25 21 23 24 25 27 25 23 25 26 27 29 25 27 28 29 31 29 27 29 30 31 33 29 31 32 33 35 33 31 33 34 35 37 33 35 36 37 39 37 35 37 38 39 41 37 39 40 41 43 41 39 41 42 43 45 41 43 44 45 47 45 43 45 46 47 49 45 47 48 49 51 49 47 49 50 51 53 49 51 52 53 55 53 51 53 54 55 57 53 55 56 57 59 57 55 57 58 59 61 57 59 60 61 63 61 59 61 62 63 65 61 63 64 65 67 65 63 65 66 67 69 65 67 68 69 71 69 67 69 70 71 73 69 71 72 73 75 73 71 73 74 75 77 73 75 76 77 79 77 75 77 78 79 81 77 79 80 81 83 81 79 81 82 83 85 81 83 84 85 87 85 83 85 86 87 89 85 87 88 89 91 89 87 89 90 91 93 89 91 92 93 95 93 91 93 94 95 97 93 95 96 97 99 97 95 97 98 99 101 97 99 100 101 103 101 99 101 102 103 105 101 103 104 105
INF INF INF INF INF INF INF INF INF INF INF INF INF INF INF INF INF INF INF INF INF INF INF INF INF INF INF INF INF INF INF INF INF INF INF INF INF INF INF INF INF INF INF INF INF INF INF INF INF INF INF INF INF INF INF INF INF INF INF INF INF INF INF INF INF INF INF INF INF INF INF INF INF INF INF INF INF INF INF INF INF INF INF INF INF INF INF INF INF INF INF INF INF INF INF INF INF INF INF INF INF INF INF INF INF INF INF INF INF INF INF INF INF INF INF INF INF INF INF INF INF INF INF INF INF INF INF INF INF INF INF INF INF INF INF INF INF INF INF INF INF INF INF INF INF INF INF INF INF INF INF INF INF INF INF INF INF INF INF INF INF INF INF INF INF INF INF INF INF INF INF INF INF INF INF INF INF INF INF INF INF INF INF INF INF INF INF INF INF INF INF INF INF INF INF INF INF INF INF INF INF INF INF INF INF INF INF INF INF INF INF INF INF INF INF INF INF INF 0 2 3 0 2 3 4 6 4 2 4 5 6 8 4 6 7 8 10 8 6 8 9 10 12 8 10 11 12 14 12 10 12 13 14 16 12 14 15 16 18 16 14 16 17 18 20 16 18 19 20 22 20 18 20 21 22 24 20 22 23 24 26 24 22 24 25 26 28 24 26 27 28 30 28 26 28 29 30 32 28 30 31 32 34 32 30 32 33 34 36 32 34 35 36 38 36 34 36 37 38 40 36 38 39 40 42 40 38 40 41 42 44 40 42 43 44 46 44 42 44 45 46 48 44 46 47 48 50 48 46 48 49 50 52 48 50 51 52 54 52 50 52 53 54 56 52 54 55 56 58 56 54 56 57 58 60 56 58 59 60 62 60 58 60 61 62 64 60 62 63 64 66 64 62 64 65 66 68 64 66 67 68 70 68 66 68 69 70 72 68 70 71 72 74 72 70 72 73 74 76 72 74 75 76 78 76 74 76 77 78 80 76 78 79 80 82 80 78 80 81 82 84 80 82 83 84 86 84 82 84 85 86 88 84 86 87 88 90 88 86 88 89 90 92 88 90 91 92 94 92 90 92 93 94 96 92 94 95 96 98 96 94 96 97 98 100 96 98 99 100 102 100 98 100 101 102 104 100 102 103 104
INF INF INF INF INF INF INF INF INF INF INF INF INF INF INF INF INF INF INF INF INF INF INF INF INF INF INF INF INF INF INF INF INF INF INF INF INF INF INF INF INF INF INF INF INF INF INF INF INF INF INF INF INF INF INF INF INF INF INF INF INF INF INF INF INF INF INF INF INF INF INF INF INF INF INF INF INF INF INF INF INF INF INF INF INF INF INF INF INF INF INF INF INF INF INF INF INF INF INF INF INF INF INF INF INF INF INF INF INF INF INF INF INF INF INF INF INF INF INF INF INF INF INF INF INF INF INF INF INF INF INF INF INF INF INF INF INF INF INF INF INF INF INF INF INF INF INF INF INF INF INF INF INF INF INF INF INF INF INF INF INF INF INF INF INF INF INF INF INF INF INF INF INF INF INF INF INF INF INF INF INF INF INF INF INF INF INF INF INF INF INF INF INF INF INF INF INF INF INF INF INF INF INF INF INF INF INF INF INF INF INF INF INF INF INF INF INF INF INF 0 2 -2 0 1 2 4 2 0 2 3 4 6 2 4 5 6 8 6 4 6 7 8 10 6 8 9 10 12 10 8 10 11 12 14 10 12 13 14 16 14 12 14 15 16 18 14 16 17 18 20 18 16 18 19 20 22 18 20 21 22 24 22 20 22 23 24 26 22 24 25 26 28 26 24 26 27 28 30 26 28 29 30 32 30 28 30 31 32 34 30 32 33 34 36 34 32 34 35 36 38 34 36 37 38 40 38 36 38 39 40 42 38 40 41 42 44 42 40 42 43 44 46 42 44 45 46 48 46 44 46 47 48 50 46 48 49 50 52 50 48 50 51 52 54 50 52 53 54 56 54 52 54 55 56 58 54 56 57 58 60 58 56 58 59 60 62 58 60 61 62 64 62 60 62 63 64 66 62 64 65 66 68 66 64 66 67 68 70 66 68 69 70 72 70 68 70 71 72 74 70 72 73 74 76 74 72 74 75 76 78 74 76 77 78 80 78 76 78 79 80 82 78 80 81 82 84 82 80 82 83 84 86 82 84 85 86 88 86 84 86 87 88 90 86 88 89 90 92 90 88 90 91 92 94 90 92 93 94 96 94 92 94 95 96 98 94 96 97 98 100 98 96 98 99 100 102 98 100 101 102
INF INF INF INF INF INF INF INF INF INF INF INF INF INF INF INF INF INF INF INF INF INF INF INF INF INF INF INF INF INF INF INF INF INF INF INF INF INF INF INF INF INF INF INF INF INF INF INF INF INF INF INF INF INF INF INF INF INF INF INF INF INF INF INF INF INF INF INF INF INF INF INF INF INF INF INF INF INF INF INF INF INF INF INF INF INF INF INF INF INF INF INF INF INF INF INF INF INF INF INF INF INF INF INF INF INF INF INF INF INF INF INF INF INF INF INF INF INF INF INF INF INF INF INF INF INF INF INF INF INF INF INF INF INF INF INF INF INF INF INF INF INF INF INF INF INF INF INF INF INF INF INF INF INF INF INF INF INF INF INF INF INF INF INF INF INF INF INF INF INF INF INF INF INF INF INF INF INF INF INF INF INF INF INF INF INF INF INF INF INF INF INF INF INF INF INF INF INF INF INF INF INF INF INF INF INF INF INF INF INF INF INF INF INF INF INF INF INF INF INF 0 2 3 4 6 7 5 4 6 7 8 10 6 8 9 10 12 10 8 10 11 12 14 10 12 13 14 16 14 12 14 15 16 18 14 16 17 18 20 18 16 18 19 20 22 18 20 21 22 24 22 20 22 23 24 26 22 24 25 26 28 26 24 26 27 28 30 26 28 29 30 32 30 28 30 31 32 34 30 32 33 34 36 34 32 34 35 36 38 34 36 37 38 40 38 36 38 39 40 42 38 40 41 42 44 42 40 42 43 44 46 42 44 45 46 48 46 44 46 47 48 50 46 48 49 50 52 50 48 50 51 52 54 50 52 53 54 56 54 52 54 55 56 58 54 56 57 58 60 58 56 58 59 60 62 58 60 61 62 64 62 60 62 63 64 66 62 64 65 66 68 66 64 66 67 68 70 66 68 69 70 72 70 68 70 71 72 74 70 72 73 74 76 74 72 74 75 76 78 74 76 77 78 80 78 76 78 79 80 82 78 80 81 82 84 82 80 82 83 84 86 82 84 85 86 88 86 84 86 87 88 90 86 88 89 90 92 90 88 90 91 92 94 90 92 93 94 96 94 92 94 95 96 98 94 96 97 98 100 98 96 98 99 100 102 98 100 101 102 104 102 100 102 103 104 106 102 104 105 106
INF INF INF INF INF INF INF INF INF INF INF INF INF INF INF INF INF INF INF INF INF INF INF INF INF INF INF INF INF INF INF INF INF INF INF INF INF INF INF INF INF INF INF INF INF INF INF INF INF INF INF INF INF INF INF INF INF INF INF INF INF INF INF INF INF INF INF INF INF INF INF INF INF INF INF INF INF INF INF INF INF INF INF INF INF INF INF INF INF INF INF INF INF INF INF INF INF INF INF INF INF INF INF INF INF INF INF INF INF INF INF INF INF INF INF INF INF INF INF INF INF INF INF INF INF INF INF INF INF INF INF INF INF INF INF INF INF INF INF INF INF INF INF INF INF INF INF INF INF INF INF INF INF INF INF INF INF INF INF INF INF INF INF INF INF INF INF INF INF INF INF INF INF INF INF INF INF INF INF INF INF INF INF INF INF INF INF INF INF INF INF INF INF INF INF INF INF INF INF INF INF INF INF INF INF INF INF INF INF INF INF INF INF INF INF INF INF INF INF INF INF 0 2 3 4 6 4 2 4 5 6 8 4 6 7 8 10 8 6 8 9 10 12 8 10 11 12 14 12 10 12 13 14 16 12 14 15 16 18 16 14 16 17 18 20 16 18 19 20 22 20 18 20 21 22 24 20 22 23 24 26 24 22 24 25 26 28 24 26 27 28 30 28 26 28 29 30 32 28 30 31 32 34 32 30 32 33 34 36 32 34 35 36 38 36 34 36 37 38 40 36 38 39 40 42 40 38 40 41 42 44 40 42 43 44 46 44 42 44 45 46 48 44 46 47 48 50 48 46 48 49 50 52 48 50 51 52 54 52 50 52 53 54 56 52 54 55 56 58 56 54 56 57 58 60 56 58 59 60 62 60 58 60 61 62 64 60 62 63 64 66 64 62 64 65 66 68 64 66 67 68 70 68 66 68 69 70 72 68 70 71 72 74 72 70 72 73 74 76 72 74 75 76 78 76 74 76 77 78 80 76 78 79 80 82 80 78 80 81 82 84 80 82 83 84 86 84 82 84 85 86 88 84 86 87 88 90 88 86 88 89 90 92 88 90 91 92 94 92 90 92 93 94 96 92 94 95 96 98 96 94 96 97 98 100 96 98 99 100 102 100 98 100 101 102 104 100 102 103 104
INF INF INF INF INF INF INF INF INF INF INF INF INF INF INF INF INF INF INF INF INF INF INF INF INF INF INF INF INF INF INF INF INF INF INF INF INF INF INF INF INF INF INF INF INF INF INF INF INF INF INF INF INF INF INF INF INF INF INF INF INF INF INF INF INF INF INF INF INF INF INF INF INF INF INF INF INF INF INF INF INF INF INF INF INF INF INF INF INF INF INF INF INF INF INF INF INF INF INF INF INF INF INF INF INF INF INF INF INF INF INF INF INF INF INF INF INF INF INF INF INF INF INF INF INF INF INF INF INF INF INF INF INF INF INF INF INF INF INF INF INF INF INF INF INF INF INF INF INF INF INF INF INF INF INF INF INF INF INF INF INF INF INF INF INF INF INF INF INF INF INF INF INF INF INF INF INF INF INF INF INF INF INF INF INF INF INF INF INF INF INF INF INF INF INF INF INF INF INF INF INF INF INF INF INF INF INF INF INF INF INF INF INF INF INF INF INF INF INF INF INF INF 0 2 3 4 2 1 3 4 5 7 3 5 6 7 9 7 5 7 8 9 11 7 9 10 11 13 11 9 11 12 13 15 11 13 14 15 17 15 13 15 16 17 19 15 17 18 19 21 19 17 19 20 21 23 19 21 22 23 25 23 21 23 24 25 27 23 25 26 27 29 27 25 27 28 29 31 27 29 30 31 33 31 29 31 32 33 35 31 33 34 35 37 35 33 35 36 37 39 35 37 38 39 41 39 37 39 40 41 43 39 41 42 43 45 43 41 43 44 45 47 43 45 46 47 49 47 45 47 48 49 51 47 49 50 51 53 51 49 51 52 53 55 51 53 54 55 57 55 53 55 56 57 59 55 57 58 59 61 59 57 59 60 61 63 59 61 62 63 65 63 61 63 64 65 67 63 65 66 67 69 67 65 67 68 69 71 67 69 70 71 73 71 69 71 72 73 75 71 73 74 75 77 75 73 75 76 77 79 75 77 78 79 81 79 77 79 80 81 83 79 81 82 83 85 83 81 83 84 85 87 83 85 86 87 89 87 85 87 88 89 91 87 89 90 91 93 91 89 91 92 93 95 91 93 94 95 97 95 93 95 96 97 99 95 97 98 99 101 99 97 99 100 101 103 99 101 102 103
INF INF INF INF INF INF INF INF INF INF INF INF INF INF INF INF INF INF INF INF INF INF INF INF INF INF INF INF INF INF INF INF INF INF INF INF INF INF INF INF INF INF INF INF INF INF INF INF INF INF INF INF INF INF INF INF INF INF INF INF INF INF INF INF INF INF INF INF INF INF INF INF INF INF INF INF INF INF INF INF INF INF INF INF INF INF INF INF INF INF INF INF INF INF INF INF INF INF INF INF INF INF INF INF INF INF INF INF INF INF INF INF INF INF INF INF INF INF INF INF INF INF INF INF INF INF INF INF INF INF INF INF INF INF INF INF INF INF INF INF INF INF INF INF INF INF INF INF INF INF INF INF INF INF INF INF INF INF INF INF INF INF INF INF INF INF INF INF INF INF INF INF INF INF INF INF INF INF INF INF INF INF INF INF INF INF INF INF INF INF INF INF INF INF INF INF INF INF INF INF INF INF INF INF INF INF INF INF INF INF INF INF INF INF INF INF INF INF INF INF INF INF INF 0 2 3 1 0 2 3 4 6 2 4 5 6 8 6 4 6 7 8 10 6 8 9 10 12 10 8 10 11 12 14 10 12 13 14 16 14 12 14 15 16 18 14 16 17 18 20 18 16 18 19 20 22 18 20 21 22 24 22 20 22 23 24 26 22 24 25 26 28 26 24 26 27 28 30 26 28 29 30 32 30 28 30 31 32 34 30 32 33 34 36 34 32 34 35 36 38 34 36 37 38 40 38 36 38 39 40 42 38 40 41 42 44 42 40 42 43 44 46 42 44 45 46 48 46 44 46 47 48 50 46 48 49 50 52 50 48 50 51 52 54 50 52 53 54 56 54 52 54 55 56 58 54 56 57 58 60 58 56 58 59 60 62 58 60 61 62 64 62 60 62 63 64 66 62 64 65 66 68 66 64 66 67 68 70 66 68 69 70 72 70 68 70 71 72 74 70 72 73 74 76 74 72 74 75 76 78 74 76 77 78 80 78 76 78 79 80 82 78 80 81 82 84 82 80 82 83 84 86 82 84 85 86 88 86 84 86 87 88 90 86 88 89 90 92 90 88 90 91 92 94 90 92 93 94 96 94 92 94 95 96 98 94 96 97 98 100 98 96 98 99 100 102 98 100 101 102
INF INF INF INF INF INF INF INF INF INF INF INF INF INF INF INF INF INF INF INF INF INF INF INF INF INF INF INF INF INF INF INF INF INF INF INF INF INF INF INF INF INF INF INF INF INF INF INF INF INF INF INF INF INF INF INF INF INF INF INF INF INF INF INF INF INF INF INF INF INF INF INF INF INF INF INF INF INF INF INF INF INF INF INF INF INF INF INF INF INF INF INF INF INF INF INF INF INF INF INF INF INF INF INF INF INF INF INF INF INF INF INF INF INF INF INF INF INF INF INF INF INF INF INF INF INF INF INF INF INF INF INF INF INF INF INF INF INF INF INF INF INF INF INF INF INF INF INF INF INF INF INF INF INF INF INF INF INF INF INF INF INF INF INF INF INF INF INF INF INF INF INF INF INF INF INF INF INF INF INF INF INF INF INF INF INF INF INF INF INF INF INF INF INF INF INF INF INF INF INF INF INF INF INF INF INF INF INF INF INF INF INF INF INF INF INF INF INF INF INF INF INF INF INF 0 2 0 -2 0 1 2 4 0 2 3 4 6 4 2 4 5 6 8 4 6 7 8 10 8 6 8 9 10 12 8 10 11 12 14 12 10 12 13 14 16 12 14 15 16 18 16 14 16 17 18 20 16 18 19 20 22 20 18 20 21 22 24 20 22 23 24 26 24 22 24 25 26 28 24 26 27 28 30 28 26 28 29 30 32 28 30 31 32 34 32 30 32 33 34 36 32 34 35 36 38 36 34 36 37 38 40 36 38 39 40 42 40 38 40 41 42 44 40 42 43 44 46 44 42 44 45 46 48 44 46 47 48 50 48 46 48 49 50 52 48 50 51 52 54 52 50 52 53 54 56 52 54 55 56 58 56 54 56 57 58 60 56 58 59 60 62 60 58 60 61 62 64 60 62 63 64 66 64 62 64 65 66 68 64 66 67 68 70 68 66 68 69 70 72 68 70 71 72 74 72 70 72 73 74 76 72 74 75 76 78 76 74 76 77 78 80 76 78 79 80 82 80 78 80 81 82 84 80 82 83 84 86 84 82 84 85 86 88 84 86 87 88 90 88 86 88 89 90 92 88 90 91 92 94 92 90 92 93 94 96 92 94 95 96 98 96 94 96 97 98 100 96 98 99 100
INF INF INF INF INF INF INF INF INF INF INF INF INF INF INF INF INF INF INF INF INF INF INF INF INF INF INF INF INF INF INF INF INF INF INF INF INF INF INF INF INF INF INF INF INF INF INF INF INF INF INF INF INF INF INF INF INF INF INF INF INF INF INF INF INF INF INF INF INF INF INF INF INF INF INF INF INF INF INF INF INF INF INF INF INF INF INF INF INF INF INF INF INF INF INF INF INF INF INF INF INF INF INF INF INF INF INF INF INF INF INF INF INF INF INF INF INF INF INF INF INF INF INF INF INF INF INF INF INF INF INF INF INF INF INF INF INF INF INF INF INF INF INF INF INF INF INF INF INF INF INF INF INF INF INF INF INF INF INF INF INF INF INF INF INF INF INF INF INF INF INF INF INF INF INF INF INF INF INF INF INF INF INF INF INF INF INF INF INF INF INF INF INF INF INF INF INF INF INF INF INF INF INF INF INF INF INF INF INF INF INF INF INF INF INF INF INF INF INF INF INF INF INF INF INF 0 -2 0 1 2 4 5 2 4 5 6 8 6 4 6 7 8 10 6 8 9 10 12 10 8 10 11 12 14 10 12 13 14 16 14 12 14 15 16 18 14 16 17 18 20 18 16 18 19 20 22 18 20 21 22 24 22 20 22 23 24 26 22 24 25 26 28 26 24 26 27 28 30 26 28 29 30 32 30 28 30 31 32 34 30 32 33 34 36 34 32 34 35 36 38 34 36 37 38 40 38 36 38 39 40 42 38 40 41 42 44 42 40 42 43 44 46 42 44 45 46 48 46 44 46 47 48 50 46 48 49 50 52 50 48 50 51 52 54 50 52 53 54 56 54 52 54 55 56 58 54 56 57 58 60 58 56 58 59 60 62 58 60 61 62 64 62 60 62 63 64 66 62 64 65 66 68 66 64 66 67 68 70 66 68 69 70 72 70 68 70 71 72 74 70 72 73 74 76 74 72 74 75 76 78 74 76 77 78 80 78 76 78 79 80 82 78 80 81 82 84 82 80 82 83 84 86 82 84 85 86 88 86 84 86 87 88 90 86 88 89 90 92 90 88 90 91 92 94 90 92 93 94 96 94 92 94 95 96 98 94 96 97 98 100 98 96 98 99 100 102 98 100 101 102
INF INF INF INF INF INF INF INF INF INF INF INF INF INF INF INF INF INF INF INF INF INF INF INF INF INF INF INF INF INF INF INF INF INF INF INF INF INF INF INF INF INF INF INF INF INF INF INF INF INF INF INF INF INF INF INF INF INF INF INF INF INF INF INF INF INF INF INF INF INF INF INF INF INF INF INF INF INF INF INF INF INF INF INF INF INF INF INF INF INF INF INF INF INF INF INF INF INF INF INF INF INF INF INF INF INF INF INF INF INF INF INF INF INF INF INF INF INF INF INF INF INF INF INF INF INF INF INF INF INF INF INF INF INF INF INF INF INF INF INF INF INF INF INF INF INF INF INF INF INF INF INF INF INF INF INF INF INF INF INF INF INF INF INF INF INF INF INF INF INF INF INF INF INF INF INF INF INF INF INF INF INF INF INF INF INF INF INF INF INF INF INF INF INF INF INF INF INF INF INF INF INF INF INF INF INF INF INF INF INF INF INF INF INF INF INF INF INF INF INF INF INF INF INF INF INF 0 2 3 4 6 7 4 6 7 8 10 8 6 8 9 10 12 8 10 11 12 14 12 10 12 13 14 16 12 14 15 16 18 16 14 16 17 18 20 16 18 19 20 22 20 18 20 21 22 24 20 22 23 24 26 24 22 24 25 26 28 24 26 27 28 30 28 26 28 29 30 32 28 30 31 32 34 32 30 32 33 34 36 32 34 35 36 38 36 34 36 37 38 40 36 38 39 40 42 40 38 40 41 42 44 40 42 43 44 46 44 42 44 45 46 48 44 46 47 48 50 48 46 48 49 50 52 48 50 51 52 54 52 50 52 53 54 56 52 54 55 56 58 56 54 56 57 58 60 56 58 59 60 62 60 58 60 61 62 64 60 62 63 64 66 64 62 64 65 66 68 64 66 67 68 70 68 66 68 69 70 72 68 70 71 72 74 72 70 72 73 74 76 72 74 75 76 78 76 74 76 77 78 80 76 78 79 80 82 80 78 80 81 82 84 80 82 83 84 86 84 82 84 85 86 88 84 86 87 88 90 88 86 88 89 90 92 88 90 91 92 94 92 90 92 93 94 96 92 94 95 96 98 96 94 96 97 98 100 96 98 99 100 102 100 98 100 101 102 104 100 102 103 104
INF INF INF INF INF INF INF INF INF INF INF INF INF INF INF INF INF INF INF INF INF INF INF INF INF INF INF INF INF INF INF INF INF INF INF INF INF INF INF INF INF INF INF INF INF INF INF INF INF INF INF INF INF INF INF INF INF INF INF INF INF INF INF INF INF INF INF INF INF INF INF INF INF INF INF INF INF INF INF INF INF INF INF INF INF INF INF INF INF INF INF INF INF INF INF INF INF INF INF INF INF INF INF INF INF INF INF INF INF INF INF INF INF INF INF INF INF INF INF INF INF INF INF INF INF INF INF INF INF INF INF INF INF INF INF INF INF INF INF INF INF INF INF INF INF INF INF INF INF INF INF INF INF INF INF INF INF INF INF INF INF INF INF INF INF INF INF INF INF INF INF INF INF INF INF INF INF INF INF INF INF INF INF INF INF INF INF INF INF INF INF INF INF INF INF INF INF INF INF INF INF INF INF INF INF INF INF INF INF INF INF INF INF INF INF INF INF INF INF INF INF INF INF INF INF INF INF 0 2 3 4 6 2 4 5 6 8 6 4 6 7 8 10 6 8 9 10 12 10 8 10 11 12 14 10 12 13 14 16 14 12 14 15 16 18 14 16 17 18 20 18 16 18 19 20 22 18 20 21 22 24 22 20 22 23 24 26 22 24 25 26 28 26 24 26 27 28 30 26 28 29 30 32 30 28 30 31 32 34 30 32 33 34 36 34 32 34 35 36 38 34 36 37 38 40 38 36 38 39 40 42 38 40 41 42 44 42 40 42 43 44 46 42 44 45 46 48 46 44 46 47 48 50 46 48 49 50 52 50 48 50 51 52 54 50 52 53 54 56 54 52 54 55 56 58 54 56 57 58 60 58 56 58 59 60 62 58 60 61 62 64 62 60 62 63 64 66 62 64 65 66 68 66 64 66 67 68 70 66 68 69 70 72 70 68 70 71 72 74 70 72 73 74 76 74 72 74 75 76 78 74 76 77 78 80 78 76 78 79 80 82 78 80 81 82 84 82 80 82 83 84 86 82 84 85 86 88 86 84 86 87 88 90 86 88 89 90 92 90 88 90 91 92 94 90 92 93 94 96 94 92 94 95 96 98 94 96 97 98 100 98 96 98 99 100 102 98 100 101 102
INF INF INF INF INF INF INF INF INF INF INF INF INF INF INF INF INF INF INF INF INF INF INF INF INF INF INF INF INF INF INF INF INF INF INF INF INF INF INF INF INF INF INF INF INF INF INF INF INF INF INF INF INF INF INF INF INF INF INF INF INF INF INF INF INF INF INF INF INF INF INF INF INF INF INF INF INF INF INF INF INF INF INF INF INF INF INF INF INF INF INF INF INF INF INF INF INF INF INF INF INF INF INF INF INF INF INF INF INF INF INF INF INF INF INF INF INF INF INF INF INF INF INF INF INF INF INF INF INF INF INF INF INF INF INF INF INF INF INF INF INF INF INF INF INF INF INF INF INF INF INF INF INF INF INF INF INF INF INF INF INF INF INF INF INF INF INF INF INF INF INF INF INF INF INF INF INF INF INF INF INF INF INF INF INF INF INF INF INF INF INF INF INF INF INF INF INF INF INF INF INF INF INF INF INF INF INF INF INF INF INF INF INF INF INF INF INF INF INF INF INF INF INF INF INF INF INF INF 0 2 3 4 1 3 4 5 7 5 3 5 6 7 9 5 7 8 9 11 9 7 9 10 11 13 9 11 12 13 15 13 11 13 14 15 17 13 15 16 17 19 17 15 17 18 19 21 17 19 20 21 23 21 19 21 22 23 25 21 23 24 25 27 25 23 25 26 27 29 25 27 28 29 31 29 27 29 30 31 33 29 31 32 33 35 33 31 33 34 35 37 33 35 36 37 39 37 35 37 38 39 41 37 39 40 41 43 41 39 41 42 43 45 41 43 44 45 47 45 43 45 46 47 49 45 47 48 49 51 49 47 49 50 51 53 49 51 52 53 55 53 51 53 54 55 57 53 55 56 57 59 57 55 57 58 59 61 57 59 60 61 63 61 59 61 62 63 65 61 63 64 65 67 65 63 65 66 67 69 65 67 68 69 71 69 67 69 70 71 73 69 71 72 73 75 73 71 73 74 75 77 73 75 76 77 79 77 75 77 78 79 81 77 79 80 81 83 81 79 81 82 83 85 81 83 84 85 87 85 83 85 86 87 89 85 87 88 89 91 89 87 89 90 91 93 89 91 92 93 95 93 91 93 94 95 97 93 95 96 97 99 97 95 97 98 99 101 97 99 100 101
INF INF INF INF INF INF INF INF INF INF INF INF INF INF INF INF INF INF INF INF INF INF INF INF INF INF INF INF INF INF INF INF INF INF INF INF INF INF INF INF INF INF INF INF INF INF INF INF INF INF INF INF INF INF INF INF INF INF INF INF INF INF INF INF INF INF INF INF INF INF INF INF INF INF INF INF INF INF INF INF INF INF INF INF INF INF INF INF INF INF INF INF INF INF INF INF INF INF INF INF INF INF INF INF INF INF INF INF INF INF INF INF INF INF INF INF INF INF INF INF INF INF INF INF INF INF INF INF INF INF INF INF INF INF INF INF INF INF INF INF INF INF INF INF INF INF INF INF INF INF INF INF INF INF INF INF INF INF INF INF INF INF INF INF INF INF INF INF INF INF INF INF INF INF INF INF INF INF INF INF INF INF INF INF INF INF INF INF INF INF INF INF INF INF INF INF INF INF INF INF INF INF INF INF INF INF INF INF INF INF INF INF INF INF INF INF INF INF INF INF INF INF INF INF INF INF INF INF INF 0 2 3 0 2 3 4 6 4 2 4 5 6 8 4 6 7 8 10 8 6 8 9 10 12 8 10 11 12 14 12 10 12 13 14 16 12 14 15 16 18 16 14 16 17 18 20 16 18 19 20 22 20 18 20 21 22 24 20 22 23 24 26 24 22 24 25 26 28 24 26 27 28 30 28 26 28 29 30 32 28 30 31 32 34 32 30 32 33 34 36 32 34 35 36 38 36 34 36 37 38 40 36 38 39 40 42 40 38 40 41 42 44 40 42 43 44 46 44 42 44 45 46 48 44 46 47 48 50 48 46 48 49 50 52 48 50 51 52 54 52 50 52 53 54 56 52 54 55 56 58 56 54 56 57 58 60 56 58 59 60 62 60 58 60 61 62 64 60 62 63 64 66 64 62 64 65 66 68 64 66 67 68 70 68 66 68 69 70 72 68 70 71 72 74 72 70 72 73 74 76 72 74 75 76 78 76 74 76 77 78 80 76 78 79 80 82 80 78 80 81 82 84 80 82 83 84 86 84 82 84 85 86 88 84 86 87 88 90 88 86 88 89 90 92 88 90 91 92 94 92 90 92 93 94 96 92 94 95 96 98 96 94 96 97 98 100 96 98 99 100
INF INF INF INF INF INF INF INF INF INF INF INF INF INF INF INF INF INF INF INF INF INF INF INF INF INF INF INF INF INF INF INF INF INF INF INF INF INF INF INF INF INF INF INF INF INF INF INF INF INF INF INF INF INF INF INF INF INF INF INF INF INF INF INF INF INF INF INF INF INF INF INF INF INF INF INF INF INF INF INF INF INF INF INF INF INF INF INF INF INF INF INF INF INF INF INF INF INF INF INF INF INF INF INF INF INF INF INF INF INF INF INF INF INF INF INF INF INF INF INF INF INF INF INF INF INF INF INF INF INF INF INF INF INF INF INF INF INF INF INF INF INF INF INF INF INF INF INF INF INF INF INF INF INF INF INF INF INF INF INF INF INF INF INF INF INF INF INF INF INF INF INF INF INF INF INF INF INF INF INF INF INF INF INF INF INF INF INF INF INF INF INF INF INF INF INF INF INF INF INF INF INF INF INF INF INF INF INF INF INF INF INF INF INF INF INF INF INF INF INF INF INF INF INF INF INF INF INF INF INF 0 2 -2 0 1 2 4 2 0 2 3 4 6 2 4 5 6 8 6 4 6 7 8 10 6 8 9 10 12 10 8 10 11 12 14 10 12 13 14 16 14 12 14 15 16 18 14 16 17 18 20 18 16 18 19 20 22 18 20 21 22 24 22 20 22 23 24 26 22 24 25 26 28 26 24 26 27 28 30 26 28 29 30 32 30 28 30 31 32 34 30 32 33 34 36 34 32 34 35 36 38 34 36 37 38 40 38 36 38 39 40 42 38 40 41 42 44 42 40 42 43 44 46 42 44 45 46 48 46 44 46 47 48 50 46 48 49 50 52 50 48 50 51 52 54 50 52 53 54 56 54 52 54 55 56 58 54 56 57 58 60 58 56 58 59 60 62 58 60 61 62 64 62 60 62 63 64 66 62 64 65 66 68 66 64 66 67 68 70 66 68 69 70 72 70 68 70 71 72 74 70 72 73 74 76 74 72 74 75 76 78 74 76 77 78 80 78 76 78 79 80 82 78 80 81 82 84 82 80 82 83 84 86 82 84 85 86 88 86 84 86 87 88 90 86 88 89 90 92 90 88 90 91 92 94 90 92 93 94 96 94 92 94 95 96 98 94 96 97 98
INF INF INF INF INF INF INF INF INF INF INF INF INF INF INF INF INF INF INF INF INF INF INF INF INF INF INF INF INF INF INF INF INF INF INF INF INF INF INF INF INF INF INF INF INF INF INF INF INF INF INF INF INF INF INF INF INF INF INF INF INF INF INF INF INF INF INF INF INF INF INF INF INF INF INF INF INF INF INF INF INF INF INF INF INF INF INF INF INF INF INF INF INF INF INF INF INF INF INF INF INF INF INF INF INF INF INF INF INF INF INF INF INF INF INF INF INF INF INF INF INF INF INF INF INF INF INF INF INF INF INF INF INF INF INF INF INF INF INF INF INF INF INF INF INF INF INF INF INF INF INF INF INF INF INF INF INF INF INF INF INF INF INF INF INF INF INF INF INF INF INF INF INF INF INF INF INF INF INF INF INF INF INF INF INF INF INF INF INF INF INF INF INF INF INF INF INF INF INF INF INF INF INF INF INF INF INF INF INF INF INF INF INF INF INF INF INF INF INF INF INF INF INF INF INF INF INF INF INF INF INF 0 2 3 4 6 7 5 4 6 7 8 10 6 8 9 10 12 10 8 10 11 12 14 10 12 13 14 16 14 12 14 15 16 18 14 16 17 18 20 18 16 18 19 20 22 18 20 21 22 24 22 20 22 23 24 26 22 24 25 26 28 26 24 26 27 28 30 26 28 29 30 32 30 28 30 31 32 34 30 32 33 34 36 34 32 34 35 36 38 34 36 37 38 40 38 36 38 39 40 42 38 40 41 42 44 42 40 42 43 44 46 42 44 45 46 48 46 44 46 47 48 50 46 48 49 50 52 50 48 50 51 52 54 50 52 53 54 56 54 52 54 55 56 58 54 56 57 58 60 58 56 58 59 60 62 58 60 61 62 64 62 60 62 63 64 66 62 64 65 66 68 66 64 66 67 68 70 66 68 69 70 72 70 68 70 71 72 74 70 72 73 74 76 74 72 74 75 76 78 74 76 77 78 80 78 76 78 79 80 82 78 80 81 82 84 82 80 82 83 84 86 82 84 85 86 88 86 84 86 87 88 90 86 88 89 90 92 90 88 90 91 92 94 90 92 93 94 96 94 92 94 95 96 98 94 96 97 98 100 98 96 98 99 100 102 98 100 101 102
INF INF INF INF INF INF INF INF INF INF INF INF INF INF INF INF INF INF INF INF INF INF INF INF INF INF INF INF INF INF INF INF INF INF INF INF INF INF INF INF INF INF INF INF INF INF INF INF INF INF INF INF INF INF INF INF INF INF INF INF INF INF INF INF INF INF INF INF INF INF INF INF INF INF INF INF INF INF INF INF INF INF INF INF INF INF INF INF INF INF INF INF INF INF INF INF INF INF INF INF INF INF INF INF INF INF INF INF INF INF INF INF INF INF INF INF INF INF INF INF INF INF INF INF INF INF INF INF INF INF INF INF INF INF INF INF INF INF INF INF INF INF INF INF INF INF INF INF INF INF INF INF INF INF INF INF INF INF INF INF INF INF INF INF INF INF INF INF INF INF INF INF INF INF INF INF INF INF INF INF INF INF INF INF INF INF INF INF INF INF INF INF INF INF INF INF INF INF INF INF INF INF INF INF INF INF INF INF INF INF INF INF INF INF INF INF INF INF INF INF INF INF INF INF INF INF INF INF INF INF INF INF 0 2 3 4 6 4 2 4 5 6 8 4 6 7 8 10 8 6 8 9 10 12 8 10 11 12 14 12 10 12 13 14 16 12 14 15 16 18 16 14 16 17 18 20 16 18 19 20 22 20 18 20 21 22 24 20 22 23 24 26 24 22 24 25 26 28 24 26 27 28 30 28 26 28 29 30 32 28 30 31 32 34 32 30 32 33 34 36 32 34 35 36 38 36 34 36 37 38 40 36 38 39 40 42 40 38 40 41 42 44 40 42 43 44 46 44 42 44 45 46 48 44 46 47 48 50 48 46 48 49 50 52 48 50 51 52 54 52 50 52 53 54 56 52 54 55 56 58 56 54 56 57 58 60 56 58 59 60 62 60 58 60 61 62 64 60 62 63 64 66 64 62 64 65 66 68 64 66 67 68 70 68 66 68 69 70 72 68 70 71 72 74 72 70 72 73 74 76 72 74 75 76 78 76 74 76 77 78 80 76 78 79 80 82 80 78 80 81 82 84 80 82 83 84 86 84 82 84 85 86 88 84 86 87 88 90 88 86 88 89 90 92 88 90 91 92 94 92 90 92 93 94 96 92 94 95 96 98 96 94 96 97 98 100 96 98 99 100
INF INF INF INF INF INF INF INF INF INF INF INF INF INF INF INF INF INF INF INF INF INF INF INF INF INF INF INF INF INF INF INF INF INF INF INF INF INF INF INF INF INF INF INF INF INF INF INF INF INF INF INF INF INF INF INF INF INF INF INF INF INF INF INF INF INF INF INF INF INF INF INF INF INF INF INF INF INF INF INF INF INF INF INF INF INF INF INF INF INF INF INF INF INF INF INF INF INF INF INF INF INF INF INF INF INF INF INF INF INF INF INF INF INF INF INF INF INF INF INF INF INF INF INF INF INF INF INF INF INF INF INF INF INF INF INF INF INF INF INF INF INF INF INF INF INF INF INF INF INF INF INF INF INF INF INF INF INF INF INF INF INF INF INF INF INF INF INF INF INF INF INF INF INF INF INF INF INF INF INF INF INF INF INF INF INF INF INF INF INF INF INF INF INF INF INF INF INF INF INF INF INF INF INF INF INF INF INF INF INF INF INF INF INF INF INF INF INF INF INF INF INF INF INF INF INF INF INF INF INF INF INF INF 0 2 3 4 2 1 3 4 5 7 3 5 6 7 9 7 5 7 8 9 11 7 9 10 11 13 11 9 11 12 13 15 11 13 14 15 17 15 13 15 16 17 19 15 17 18 19 21 19 17 19 20 21 23 19 21 22 23 25 23 21 23 24 25 27 23 25 26 27 29 27 25 27 28 29 31 27 29 30 31 33 31 29 31 32 33 35 31 33 34 35 37 35 33 35 36 37 39 35 37 38 39 41 39 37 39 40 41 43 39 41 42 43 45 43 41 43 44 45 47 43 45 46 47 49 47 45 47 48 49 51 47 49 50 51 53 51 49 51 52 53 55 51 53 54 55 57 55 53 55 56 57 59 55 57 58 59 61 59 57 59 60 61 63 59 61 62 63 65 63 61 63 64 65 67 63 65 66 67 69 67 65 67 68 69 71 67 69 70 71 73 71 69 71 72 73 75 71 73 74 75 77 75 73 75 76 77 79 75 77 78 79 81 79 77 79 80 81 83 79 81 82 83 85 83 81 83 84 85 87 83 85 86 87 89 87 85 87 88 89 91 87 89 90 91 93 91 89 91 92 93 95 91 93 94 95 97 95 93 95 96 97 99 95 97 98 99
INF INF INF INF INF INF INF INF INF INF INF INF INF INF INF INF INF INF INF INF INF INF INF INF INF INF INF INF INF INF INF INF INF INF INF INF INF INF INF INF INF INF INF INF INF INF INF INF INF INF INF INF INF INF INF INF INF INF INF INF INF INF INF INF INF INF INF INF INF INF INF INF INF INF INF INF INF INF INF INF INF INF INF INF INF INF INF INF INF INF INF INF INF INF INF INF INF INF INF INF INF INF INF INF INF INF INF INF INF INF INF INF INF INF INF INF INF INF INF INF INF INF INF INF INF INF INF INF INF INF INF INF INF INF INF INF INF INF INF INF INF INF INF INF INF INF INF INF INF INF INF INF INF INF INF INF INF INF INF INF INF INF INF INF INF INF INF INF INF INF INF INF INF INF INF INF INF INF INF INF INF INF INF INF INF INF INF INF INF INF INF INF INF INF INF INF INF INF INF INF INF INF INF INF INF INF INF INF INF INF INF INF INF INF INF INF INF INF INF INF INF INF INF INF INF INF INF INF INF INF INF INF INF INF 0 2 3 1 0 2 3 4 6 2 4 5 6 8 6 4 6 7 8 10 6 8 9 10 12 10 8 10 11 12 14 10 12 13 14 16 14 12 14 15 16 18 14 16 17 18 20 18 16 18 19 20 22 18 20 21 22 24 22 20 22 23 24 26 22 24 25 26 28 26 24 26 27 28 30 26 28 29 30 32 30 28 30 31 32 34 30 32 33 34 36 34 32 34 35 36 38 34 36 37 38 40 38 36 38 39 40 42 38 40 41 42 44 42 40 42 43 44 46 42 44 45 46 48 46 44 46 47 48 50 46 48 49 50 52 50 48 50 51 52 54 50 52 53 54 56 54 52 54 55 56 58 54 56 57 58 60 58 56 58 59 60 62 58 60 61 62 64 62 60 62 63 64 66 62 64 65 66 68 66 64 66 67 68 70 66 68 69 70 72 70 68 70 71 72 74 70 72 73 74 76 74 72 74 75 76 78 74 76 77 78 80 78 76 78 79 80 82 78 80 81 82 84 82 80 82 83 84 86 82 84 85 86 88 86 84 86 87 88 90 86 88 89 90 92 90 88 90 91 92 94 90 92 93 94 96 94 92 94 95 96 98 94 96 97 98
INF INF INF INF INF INF INF INF INF INF INF INF INF INF INF INF INF INF INF INF INF INF INF INF INF INF INF INF INF INF INF INF INF INF INF INF INF INF INF INF INF INF INF INF INF INF INF INF INF INF INF INF INF INF INF INF INF INF INF INF INF INF INF INF INF INF INF INF INF INF INF INF INF INF INF INF INF INF INF INF INF INF INF INF INF INF INF INF INF INF INF INF INF INF INF INF INF INF INF INF INF INF INF INF INF INF INF INF INF INF INF INF INF INF INF INF INF INF INF INF INF INF INF INF INF INF INF INF INF INF INF INF INF INF INF INF INF INF INF INF INF INF INF INF INF INF INF INF INF INF INF INF INF INF INF INF INF INF INF INF INF INF INF INF INF INF INF INF INF INF INF INF INF INF INF INF INF INF INF INF INF INF INF INF INF INF INF INF INF INF INF INF INF INF INF INF INF INF INF INF INF INF INF INF INF INF INF INF INF INF INF INF INF INF INF INF INF INF INF INF INF INF INF INF INF INF INF INF INF INF INF INF INF INF INF 0 2 0 -2 0 1 2 4 0 2 3 4 6 4 2 4 5 6 8 4 6 7 8 10 8 6 8 9 10 12 8 10 11 12 14 12 10 12 13 14 16 12 14 15 16 18 16 14 16 17 18 20 16 18 19 20 22 20 18 20 21 22 24 20 22 23 24 26 24 22 24 25 26 28 24 26 27 28 30 28 26 28 29 30 32 28 30 31 32 34 32 30 32 33 34 36 32 34 35 36 38 36 34 36 37 38 40 36 38 39 40 42 40 38 40 41 42 44 40 42 43 44 46 44 42 44 45 46 48 44 46 47 48 50 48 46 48 49 50 52 48 50 51 52 54 52 50 52 53 54 56 52 54 55 56 58 56 54 56 57 58 60 56 58 59 60 62 60 58 60 61 62 64 60 62 63 64 66 64 62 64 65 66 68 64 66 67 68 70 68 66 68 69 70 72 68 70 71 72 74 72 70 72 73 74 76 72 74 75 76 78 76 74 76 77 78 80 76 78 79 80 82 80 78 80 81 82 84 80 82 83 84 86 84 82 84 85 86 88 84 86 87 88 90 88 86 88 89 90 92 88 90 91 92 94 92 90 92 93 94 96 92 94 95 96
INF INF INF INF INF INF INF INF INF INF INF INF INF INF INF INF INF INF INF INF INF INF INF INF INF INF INF INF INF INF INF INF INF INF INF INF INF INF INF INF INF INF INF INF INF INF INF INF INF INF INF INF INF INF INF INF INF INF INF INF INF INF INF INF INF INF INF INF INF INF INF INF INF INF INF INF INF INF INF INF INF INF INF INF INF INF INF INF INF INF INF INF INF INF INF INF INF INF INF INF INF INF INF INF INF INF INF INF INF INF INF INF INF INF INF INF INF INF INF INF INF INF INF INF INF INF INF INF INF INF INF INF INF INF INF INF INF INF INF INF INF INF INF INF INF INF INF INF INF INF INF INF INF INF INF INF INF INF INF INF INF INF INF INF INF INF INF INF INF INF INF INF INF INF INF INF INF INF INF INF INF INF INF INF INF INF INF INF INF INF INF INF INF INF INF INF INF INF INF INF INF INF INF INF INF INF INF INF INF INF INF INF INF INF INF INF INF INF INF INF INF INF INF INF INF INF INF INF INF INF INF INF INF INF INF INF 0 -2 0 1 2 4 5 2 4 5 6 8 6 4 6 7 8 10 6 8 9 10 12 10 8 10 11 12 14 10 12 13 14 16 14 12 14 15 16 18 14 16 17 18 20 18 16 18 19 20 22 18 20 21 22 24 22 20 22 23 24 26 22 24 25 26 28 26 24 26 27 28 30 26 28 29 30 32 30 28 30 31 32 34 30 32 33 34 36 34 32 34 35 36 38 34 36 37 38 40 38 36 38 39 40 42 38 40 41 42 44 42 40 42 43 44 46 42 44 45 46 48 46 44 46 47 48 50 46 48 49 50 52 50 48 50 51 52 54 50 52 53 54 56 54 52 54 55 56 58 54 56 57 58 60 58 56 58 59 60 62 58 60 61 62 64 62 60 62 63 64 66 62 64 65 66 68 66 64 66 67 68 70 66 68 69 70 72 70 68 70 71 72 74 70 72 73 74 76 74 72 74 75 76 78 74 76 77 78 80 78 76 78 79 80 82 78 80 81 82 84 82 80 82 83 84 86 82 84 85 86 88 86 84 86 87 88 90 86 88 89 90 92 90 88 90 91 92 94 90 92 93 94 96 94 92 94 95 96 98 94 96 97 98
INF INF INF INF INF INF INF INF INF INF INF INF INF INF INF INF INF INF INF INF INF INF INF INF INF INF INF INF INF INF INF INF INF INF INF INF INF INF INF INF INF INF INF INF INF INF INF INF INF INF INF INF INF INF INF INF INF INF INF INF INF INF INF INF INF INF INF INF INF INF INF INF INF INF INF INF INF INF INF INF INF INF INF INF INF INF INF INF INF INF INF INF INF INF INF INF INF INF INF INF INF INF INF INF INF INF INF INF INF INF INF INF INF INF INF INF INF INF INF INF INF INF INF INF INF INF INF INF INF INF INF INF INF INF INF INF INF INF INF INF INF INF INF INF INF INF INF INF INF INF INF INF INF INF INF INF INF INF INF INF INF INF INF INF INF INF INF INF INF INF INF INF INF INF INF INF INF INF INF INF INF INF INF INF INF INF INF INF INF INF INF INF INF INF INF INF INF INF INF INF INF INF INF INF INF INF INF INF INF INF INF INF INF INF INF INF INF INF INF INF INF INF INF INF INF INF INF INF INF INF INF INF INF INF INF INF INF 0 2 3 4 6 7 4 6 7 8 10 8 6 8 9 10 12 8 10 11 12 14 12 10 12 13 14 16 12 14 15 16 18 16 14 16 17 18 20 16 18 19 20 22 20 18 20 21 22 24 20 22 23 24 26 24 22 24 25 26 28 24 26 27 28 30 28 26 28 29 30 32 28 30 31 32 34 32 30 32 33 34 36 32 34 35 36 38 36 34 36 37 38 40 36 38 39 40 42 40 38 40 41 42 44 40 42 43 44 46 44 42 44 45 46 48 44 46 47 48 50 48 46 48 49 50 52 48 50 51 52 54 52 50 52 53 54 56 52 54 55 56 58 56 54 56 57 58 60 56 58 59 60 62 60 58 60 61 62 64 60 62 63 64 66 64 62 64 65 66 68 64 66 67 68 70 68 66 68 69 70 72 68 70 71 72 74 72 70 72 73 74 76 72 74 75 76 78 76 74 76 77 78 80 76 78 79 80 82 80 78 80 81 82 84 80 82 83 84 86 84 82 84 85 86 88 84 86 87 88 90 88 86 88 89 90 92 88 90 91 92 94 92 90 92 93 94 96 92 94 95 96 98 96 94 96 97 98 100 96 98 99 100
INF INF INF INF INF INF INF INF INF INF INF INF INF INF INF INF INF INF INF INF INF INF INF INF INF INF INF INF INF INF INF INF INF INF INF INF INF INF INF INF INF INF INF INF INF INF INF INF INF INF INF INF INF INF INF INF INF INF INF INF INF INF INF INF INF INF INF INF INF INF INF INF INF INF INF INF INF INF INF INF INF INF INF INF INF INF INF INF INF INF INF INF INF INF INF INF INF INF INF INF INF INF INF INF INF INF INF INF INF INF INF INF INF INF INF INF INF INF INF INF INF INF INF INF INF INF INF INF INF INF INF INF INF INF INF INF INF INF INF INF INF INF INF INF INF INF INF INF INF INF INF INF INF INF INF INF INF INF INF INF INF INF INF INF INF INF INF INF INF INF INF INF INF INF INF INF INF INF INF INF INF INF INF INF INF INF INF INF INF INF INF INF INF INF INF INF INF INF INF INF INF INF INF INF INF INF INF INF INF INF INF INF INF INF INF INF INF INF INF INF INF INF INF INF INF INF INF INF INF INF INF INF INF INF INF INF INF INF 0 2 3 4 6 2 4 5 6 8 6 4 6 7 8 10 6 8 9 10 12 10 8 10 11 12 14 10 12 13 14 16 14 12 14 15 16 18 14 16 17 18 20 18 16 18 19 20 22 18 20 21 22 24 22 20 22 23 24 26 22 24 25 26 28 26 24 26 27 28 30 26 28 29 30 32 30 28 30 31 32 34 30 32 33 34 36 34 32 34 35 36 38 34 36 37 38 40 38 36 38 39 40 42 38 40 41 42 44 42 40 42 43 44 46 42 44 45 46 48 46 44 46 47 48 50 46 48 49 50 52 50 48 50 51 52 54 50 52 53 54 56 54 52 54 55 56 58 54 56 57 58 60 58 56 58 59 60 62 58 60 61 62 64 62 60 62 63 64 66 62 64 65 66 68 66 64 66 67 68 70 66 68 69 70 72 70 68 70 71 72 74 70 72 73 74 76 74 72 74 75 76 78 74 76 77 78 80 78 76 78 79 80 82 78 80 81 82 84 82 80 82 83 84 86 82 84 85 86 88 86 84 86 87 88 90 86 88 89 90 92 90 88 90 91 92 94 90 92 93 94 96 94 92 94 95 96 98 94 96 97 98
INF INF INF INF INF INF INF INF INF INF INF INF INF INF INF INF INF INF INF INF INF INF INF INF INF INF INF INF INF INF INF INF INF INF INF INF INF INF INF INF INF INF INF INF INF INF INF INF INF INF INF INF INF INF INF INF INF INF INF INF INF INF INF INF INF INF INF INF INF INF INF INF INF INF INF INF INF INF INF INF INF INF INF INF INF INF INF INF INF INF INF INF INF INF INF INF INF INF INF INF INF INF INF INF INF INF INF INF INF INF INF INF INF INF INF INF INF INF INF INF INF INF INF INF INF INF INF INF INF INF INF INF INF INF INF INF INF INF INF INF INF INF INF INF INF INF INF INF INF INF INF INF INF INF INF INF INF INF INF INF INF INF INF INF INF INF INF INF INF INF INF INF INF INF INF INF INF INF INF INF INF INF INF INF INF INF INF INF INF INF INF INF INF INF INF INF INF INF INF INF INF INF INF INF INF INF INF INF INF INF INF INF INF INF INF INF INF INF INF INF INF INF INF INF INF INF INF INF INF INF INF INF INF INF INF INF INF INF INF 0 2 3 4 1 3 4 5 7 5 3 5 6 7 9 5 7 8 9 11 9 7 9 10 11 13 9 11 12 13 15 13 11 13 14 15 17 13 15 16 17 19 17 15 17 18 19 21 17 19 20 21 23 21 19 21 22 23 25 21 23 24 25 27 25 23 25 26 27 29 25 27 28 29 31 29 27 29 30 31 33 29 31 32 33 35 33 31 33 34 35 37 33 35 36 37 39 37 35 37 38 39 41 37 39 40 41 43 41 39 41 42 43 45 41 43 44 45 47 45 43 45 46 47 49 45 47 48 49 51 49 47 49 50 51 53 49 51 52 53 55 53 51 53 54 55 57 53 55 56 57 59 57 55 57 58 59 61 57 59 60 61 63 61 59 61 62 63 65 61 63 64 65 67 65 63 65 66 67 69 65 67 68 69 71 69 67 69 70 71 73 69 71 72 73 75 73 71 73 74 75 77 73 75 76 77 79 77 75 77 78 79 81 77 79 80 81 83 81 79 81 82 83 85 81 83 84 85 87 85 83 85 86 87 89 85 87 88 89 91 89 87 89 90 91 93 89 91 92 93 95 93 91 93 94 95 97 93 95 96 97
INF INF INF INF INF INF INF INF INF INF INF INF INF INF INF INF INF INF INF INF INF INF INF INF INF INF INF INF INF INF INF INF INF INF INF INF INF INF INF INF INF INF INF INF INF INF INF INF INF INF INF INF INF INF INF INF INF INF INF INF INF INF INF INF INF INF INF INF INF INF INF INF INF INF INF INF INF INF INF INF INF INF INF INF INF INF INF INF INF INF INF INF INF INF INF INF INF INF INF INF INF INF INF INF INF INF INF INF INF INF INF INF INF INF INF INF INF INF INF INF INF INF INF INF INF INF INF INF INF INF INF INF INF INF INF INF INF INF INF INF INF INF INF INF INF INF INF INF INF INF INF INF INF INF INF INF INF INF INF INF INF INF INF INF INF INF INF INF INF INF INF INF INF INF INF INF INF INF INF INF INF INF INF INF INF INF INF INF INF INF INF INF INF INF INF INF INF INF INF INF INF INF INF INF INF INF INF INF INF INF INF INF INF INF INF INF INF INF INF INF INF INF INF INF INF INF INF INF INF INF INF INF INF INF INF INF INF INF INF INF 0 2 3 0 2 3 4 6 4 2 4 5 6 8 4 6 7 8 10 8 6 8 9 10 12 8 10 11 12 14 12 10 12 13 14 16 12 14 15 16 18 16 14 16 17 18 20 16 18 19 20 22 20 18 20 21 22 24 20 22 23 24 26 24 22 24 25 26 28 24 26 27 28 30 28 26 28 29 30 32 28 30 31 32 34 32 30 32 33 34 36 32 34 35 36 38 36 34 36 37 38 40 36 38 39 40 42 40 38 40 41 42 44 40 42 43 44 46 44 42 44 45 46 48 44 46 47 48 50 48 46 48 49 50 52 48 50 51 52 54 52 50 52 53 54 56 52 54 55 56 58 56 54 56 57 58 60 56 58 59 60 62 60 58 60 61 62 64 60 62 63 64 66 64 62 64 65 66 68 64 66 67 68 70 68 66 68 69 70 72 68 70 71 72 74 72 70 72 73 74 76 72 74 75 76 78 76 74 76 77 78 80 76 78 79 80 82 80 78 80 81 82 84 80 82 83 84 86 84 82 84 85 86 88 84 86 87 88 90 88 86 88 89 90 92 88 90 91 92 94 92 90 92 93 94 96 92 94 95 96
INF INF INF INF INF INF INF INF INF INF INF INF INF INF INF INF INF INF INF INF INF INF INF INF INF INF INF INF INF INF INF INF INF INF INF INF INF INF INF INF INF INF INF INF INF INF INF INF INF INF INF INF INF INF INF INF INF INF INF INF INF INF INF INF INF INF INF INF INF INF INF INF INF INF INF INF INF INF INF INF INF INF INF INF INF INF INF INF INF INF INF INF INF INF INF INF INF INF INF INF INF INF INF INF INF INF INF INF INF INF INF INF INF INF INF INF INF INF INF INF INF INF INF INF INF INF INF INF INF INF INF INF INF INF INF INF INF INF INF INF INF INF INF INF INF INF INF INF INF INF INF INF INF INF INF INF INF INF INF INF INF INF INF INF INF INF INF INF INF INF INF INF INF INF INF INF INF INF INF INF INF INF INF INF INF INF INF INF INF INF INF INF INF INF INF INF INF INF INF INF INF INF INF INF INF INF INF INF INF INF INF INF INF INF INF INF INF INF INF INF INF INF INF INF INF INF INF INF INF INF INF INF INF INF INF INF INF INF INF INF INF 0 2 -2 0 1 2 4 2 0 2 3 4 6 2 4 5 6 8 6 4 6 7 8 10 6 8 9 10 12 10 8 10 11 12 14 10 12 13 14 16 14 12 14 15 16 18 14 16 17 18 20 18 16 18 19 20 22 18 20 21 22 24 22 20 22 23 24 26 22 24 25 26 28 26 24 26 27 28 30 26 28 29 30 32 30 28 30 31 32 34 30 32 33 34 36 34 32 34 35 36 38 34 36 37 38 40 38 36 38 39 40 42 38 40 41 42 44 42 40 42 43 44 46 42 44 45 46 48 46 44 46 47 48 50 46 48 49 50 52 50 48 50 51 52 54 50 52 53 54 56 54 52 54 55 56 58 54 56 57 58 60 58 56 58 59 60 62 58 60 61 62 64 62 60 62 63 64 66 62 64 65 66 68 66 64 66 67 68 70 66 68 69 70 72 70 68 70 71 72 74 70 72 73 74 76 74 72 74 75 76 78 74 76 77 78 80 78 76 78 79 80 82 78 80 81 82 84 82 80 82 83 84 86 82 84 85 86 88 86 84 86 87 88 90 86 88 89 90 92 90 88 90 91 92 94 90 92 93 94
INF INF INF INF INF INF INF INF INF INF INF INF INF INF INF INF INF INF INF INF INF INF INF INF INF INF INF INF INF INF INF INF INF INF INF INF INF INF INF INF INF INF INF INF INF INF INF INF INF INF INF INF INF INF INF INF INF INF INF INF INF INF INF INF INF INF INF INF INF INF INF INF INF INF INF INF INF INF INF INF INF INF INF INF INF INF INF INF INF INF INF INF INF INF INF INF INF INF INF INF INF INF INF INF INF INF INF INF INF INF INF INF INF INF INF INF INF INF INF INF INF INF INF INF INF INF INF INF INF INF INF INF INF INF INF INF INF INF INF INF INF INF INF INF INF INF INF INF INF INF INF INF INF INF INF INF INF INF INF INF INF INF INF INF INF INF INF INF INF INF INF INF INF INF INF INF INF INF INF INF INF INF INF INF INF INF INF INF INF INF INF INF INF INF INF INF INF INF INF INF INF INF INF INF INF INF INF INF INF INF INF INF INF INF INF INF INF INF INF INF INF INF INF INF INF INF INF INF INF INF INF INF INF INF INF INF INF INF INF INF INF INF 0 2 3 4 6 7 5 4 6 7 8 10 6 8 9 10 12 10 8 10 11 12 14 10 12 13 14 16 14 12 14 15 16 18 14 16 17 18 20 18 16 18 19 20 22 18 20 21 22 24 22 20 22 23 24 26 22 24 25 26 28 26 24 26 27 28 30 26 28 29 30 32 30 28 30 31 32 34 30 32 33 34 36 34 32 34 35 36 38 34 36 37 38 40 38 36 38 39 40 42 38 40 41 42 44 42 40 42 43 44 46 42 44 45 46 48 46 44 46 47 48 50 46 48 49 50 52 50 48 50 51 52 54 50 52 53 54 56 54 52 54 55 56 58 54 56 57 58 60 58 56 58 59 60 62 58 60 61 62 64 62 60 62 63 64 66 62 64 65 66 68 66 64 66 67 68 70 66 68 69 70 72 70 68 70 71 72 74 70 72 73 74 76 74 72 74 75 76 78 74 76 77 78 80 78 76 78 79 80 82 78 80 81 82 84 82 80 82 83 84 86 82 84 85 86 88 86 84 86 87 88 90 86 88 89 90 92 90 88 90 91 92 94 90 92 93 94 96 94 92 94 95 96 98 94 96 97 98
INF INF INF INF INF INF INF INF INF INF INF INF INF INF INF INF INF INF INF INF INF INF INF INF INF INF INF INF INF INF INF INF INF INF INF INF INF INF INF INF INF INF INF INF INF INF INF INF INF INF INF INF INF INF INF INF INF INF INF INF INF INF INF INF INF INF INF INF INF INF INF INF INF INF INF INF INF INF INF INF INF INF INF INF INF INF INF INF INF INF INF INF INF INF INF INF INF INF INF INF INF INF INF INF INF INF INF INF INF INF INF INF INF INF INF INF INF INF INF INF INF INF INF INF INF INF INF INF INF INF INF INF INF INF INF INF INF INF INF INF INF INF INF INF INF INF INF INF INF INF INF INF INF INF INF INF INF INF INF INF INF INF INF INF INF INF INF INF INF INF INF INF INF INF INF INF INF INF INF INF INF INF INF INF INF INF INF INF INF INF INF INF INF INF INF INF INF INF INF INF INF INF INF INF INF INF INF INF INF INF INF INF INF INF INF INF INF INF INF INF INF INF INF INF INF INF INF INF INF INF INF INF INF INF INF INF INF INF INF INF INF INF INF 0 2 3 4 6 4 2 4 5 6 8 4 6 7 8 10 8 6 8 9 10 12 8 10 11 12 14 12 10 12 13 14 16 12 14 15 16 18 16 14 16 17 18 20 16 18 19 20 22 20 18 20 21 22 24 20 22 23 24 26 24 22 24 25 26 28 24 26 27 28 30 28 26 28 29 30 32 28 30 31 32 34 32 30 32 33 34 36 32 34 35 36 38 36 34 36 37 38 40 36 38 39 40 42 40 38 40 41 42 44 40 42 43 44 46 44 42 44 45 46 48 44 46 47 48 50 48 46 48 49 50 52 48 50 51 52 54 52 50 52 53 54 56 52 54 55 56 58 56 54 56 57 58 60 56 58 59 60 62 60 58 60 61 62 64 60 62 63 64 66 64 62 64 65 66 68 64 66 67 68 70 68 66 68 69 70 72 68 70 71 72 74 72 70 72 73 74 76 72 74 75 76 78 76 74 76 77 78 80 76 78 79 80 82 80 78 80 81 82 84 80 82 83 84 86 84 82 84 85 86 88 84 86 87 88 90 88 86 88 89 90 92 88 90 91 92 94 92 90 92 93 94 96 92 94 95 96
INF INF INF INF INF INF INF INF INF INF INF INF INF INF INF INF INF INF INF INF INF INF INF INF INF INF INF INF INF INF INF INF INF INF INF INF INF INF INF INF INF INF INF INF INF INF INF INF INF INF INF INF INF INF INF INF INF INF INF INF INF INF INF INF INF INF INF INF INF INF INF INF INF INF INF INF INF INF INF INF INF INF INF INF INF INF INF INF INF INF INF INF INF INF INF INF INF INF INF INF INF INF INF INF INF INF INF INF INF INF INF INF INF INF INF INF INF INF INF INF INF INF INF INF INF INF INF INF INF INF INF INF INF INF INF INF INF INF INF INF INF INF INF INF INF INF INF INF INF INF INF INF INF INF INF INF INF INF INF INF INF INF INF INF INF INF INF INF INF INF INF INF INF INF INF INF INF INF INF INF INF INF INF INF INF INF INF INF INF INF INF INF INF INF INF INF INF INF INF INF INF INF INF INF INF INF INF INF INF INF INF INF INF INF INF INF INF INF INF INF INF INF INF INF INF INF INF INF INF INF INF INF INF INF INF INF INF INF INF INF INF INF INF INF 0 2 3 4 2 1 3 4 5 7 3 5 6 7 9 7 5 7 8 9 11 7 9 10 11 13 11 9 11 12 13 15 11 13 14 15 17 15 13 15 16 17 19 15 17 18 19 21 19 17 19 20 21 23 19 21 22 23 25 23 21 23 24 25 27 23 25 26 27 29 27 25 27 28 29 31 27 29 30 31 33 31 29 31 32 33 35 31 33 34 35 37 35 33 35 36 37 39 35 37 38 39 41 39 37 39 40 41 43 39 41 42 43 45 43 41 43 44 45 47 43 45 46 47 49 47 45 47 48 49 51 47 49 50 51 53 51 49 51 52 53 55 51 53 54 55 57 55 53 55 56 57 59 55 57 58 59 61 59 57 59 60 61 63 59 61 62 63 65 63 61 63 64 65 67 63 65 66 67 69 67 65 67 68 69 71 67 69 70 71 73 71 69 71 72 73 75 71 73 74 75 77 75 73 75 76 77 79 75 77 78 79 81 79 77 79 80 81 83 79 81 82 83 85 83 81 83 84 85 87 83 85 86 87 89 87 85 87 88 89 91 87 89 90 91 93 91 89 91 92 93 95 91 93 94 95
INF INF INF INF INF INF INF INF INF INF INF INF INF INF INF INF INF INF INF INF INF INF INF INF INF INF INF INF INF INF INF INF INF INF INF INF INF INF INF INF INF INF INF INF INF INF INF INF INF INF INF INF INF INF INF INF INF INF INF INF INF INF INF INF INF INF INF INF INF INF INF INF INF INF INF INF INF INF INF INF INF INF INF INF INF INF INF INF INF INF INF INF INF INF INF INF INF INF INF INF INF INF INF INF INF INF INF INF INF INF INF INF INF INF INF INF INF INF INF INF INF INF INF INF INF INF INF INF INF INF INF INF INF INF INF INF INF INF INF INF INF INF INF INF INF INF INF INF INF INF INF INF INF INF INF INF INF INF INF INF INF INF INF INF INF INF INF INF INF INF INF INF INF INF INF INF INF INF INF INF INF INF INF INF INF INF INF INF INF INF INF INF INF INF INF INF INF INF INF INF INF INF INF INF INF INF INF INF INF INF INF INF INF INF INF INF INF INF INF INF INF INF INF INF INF INF INF INF INF INF INF INF INF INF INF INF INF INF INF INF INF INF INF INF INF 0 2 3 1 0 2 3 4 6 2 4 5 6 8 6 4 6 7 8 10 6 8 9 10 12 10 8 10 11 12 14 10 12 13 14 16 14 12 14 15 16 18 14 16 17 18 20 18 16 18 19 20 22 18 20 21 22 24 22 20 22 23 24 26 22 24 25 26 28 26 24 26 27 28 30 26 28 29 30 32 30 28 30 31 32 34 30 32 33 34 36 34 32 34 35 36 38 34 36 37 38 40 38 36 38 39 40 42 38 40 41 42 44 42 40 42 43 44 46 42 44 45 46 48 46 44 46 47 48 50 46 48 49 50 52 50 48 50 51 52 54 50 52 53 54 56 54 52 54 55 56 58 54 56 57 58 60 58 56 58 59 60 62 58 60 61 62 64 62 60 62 63 64 66 62 64 65 66 68 66 64 66 67 68 70 66 68 69 70 72 70 68 70 71 72 74 70 72 73 74 76 74 72 74 75 76 78 74 76 77 78 80 78 76 78 79 80 82 78 80 81 82 84 82 80 82 83 84 86 82 84 85 86 88 86 84 86 87 88 90 86 88 89 90 92 90 88 90 91 92 94 90 92 93 94
INF INF INF INF INF INF INF INF INF INF INF INF INF INF INF INF INF INF INF INF INF INF INF INF INF INF INF INF INF INF INF INF INF INF INF INF INF INF INF INF INF INF INF INF INF INF INF INF INF INF INF INF INF INF INF INF INF INF INF INF INF INF INF INF INF INF INF INF INF INF INF INF INF INF INF INF INF INF INF INF INF INF INF INF INF INF INF INF INF INF INF INF INF INF INF INF INF INF INF INF INF INF INF INF INF INF INF INF INF INF INF INF INF INF INF INF INF INF INF INF INF INF INF INF INF INF INF INF INF INF INF INF INF INF INF INF INF INF INF INF INF INF INF INF INF INF INF INF INF INF INF INF INF INF INF INF INF INF INF INF INF INF INF INF INF INF INF INF INF INF INF INF INF INF INF INF INF INF INF INF INF INF INF INF INF INF INF INF INF INF INF INF INF INF INF INF INF INF INF INF INF INF INF INF INF INF INF INF INF INF INF INF INF INF INF INF INF INF INF INF INF INF INF INF INF INF INF INF INF INF INF INF INF INF INF INF INF INF INF INF INF INF INF INF INF INF 0 2 0 -2 0 1 2 4 0 2 3 4 6 4 2 4 5 6 8 4 6 7 8 10 8 6 8 9 10 12 8 10 11 12 14 12 10 12 13 14 16 12 14 15 16 18 16 14 16 17 18 20 16 18 19 20 22 20 18 20 21 22 24 20 22 23 24 26 24 22 24 25 26 28 24 26 27 28 30 28 26 28 29 30 32 28 30 31 32 34 32 30 32 33 34 36 32 34 35 36 38 36 34 36 37 38 40 36 38 39 40 42 40 38 40 41 42 44 40 42 43 44 46 44 42 44 45 46 48 44 46 47 48 50 48 46 48 49 50 52 48 50 51 52 54 52 50 52 53 54 56 52 54 55 56 58 56 54 56 57 58 60 56 58 59 60 62 60 58 60 61 62 64 60 62 63 64 66 64 62 64 65 66 68 64 66 67 68 70 68 66 68 69 70 72 68 70 71 72 74 72 70 72 73 74 76 72 74 75 76 78 76 74 76 77 78 80 76 78 79 80 82 80 78 80 81 82 84 80 82 83 84 86 84 82 84 85 86 88 84 86 87 88 90 88 86 88 89 90 92 88 90 91 92
INF INF INF INF INF INF INF INF INF INF INF INF INF INF INF INF INF INF INF INF INF INF INF INF INF INF INF INF INF INF INF INF INF INF INF INF INF INF INF INF INF INF INF INF INF INF INF INF INF INF INF INF INF INF INF INF INF INF INF INF INF INF INF INF INF INF INF INF INF INF INF INF INF INF INF INF INF INF INF INF INF INF INF INF INF INF INF INF INF INF INF INF INF INF INF INF INF INF INF INF INF INF INF INF INF INF INF INF INF INF INF INF INF INF INF INF INF INF INF INF INF INF INF INF INF INF INF INF INF INF INF INF INF INF INF INF INF INF INF INF INF INF INF INF INF INF INF INF INF INF INF INF INF INF INF INF INF INF INF INF INF INF INF INF INF INF INF INF INF INF INF INF INF INF INF INF INF INF INF INF INF INF INF INF INF INF INF INF INF INF INF INF INF INF INF INF INF INF INF INF INF INF INF INF INF INF INF INF INF INF INF INF INF INF INF INF INF INF INF INF INF INF INF INF INF INF INF INF INF INF INF INF INF INF INF INF INF INF INF INF INF INF INF INF INF INF INF 0 -2 0 1 2 4 5 2 4 5 6 8 6 4 6 7 8 10 6 8 9 10 12 10 8 10 11 12 14 10 12 13 14 16 14 12 14 15 16 18 14 16 17 18 20 18 16 18 19 20 22 18 20 21 22 24 22 20 22 23 24 26 22 24 25 26 28 26 24 26 27 28 30 26 28 29 30 32 30 28 30 31 32 34 30 32 33 34 36 34 32 34 35 36 38 34 36 37 38 40 38 36 38 39 40 42 38 40 41 42 44 42 40 42 43 44 46 42 44 45 46 48 46 44 46 47 48 50 46 48 49 50 52 50 48 50 51 52 54 50 52 53 54 56 54 52 54 55 56 58 54 56 57 58 60 58 56 58 59 60 62 58 60 61 62 64 62 60 62 63 64 66 62 64 65 66 68 66 64 66 67 68 70 66 68 69 70 72 70 68 70 71 72 74 70 72 73 74 76 74 72 74 75 76 78 74 76 77 78 80 78 76 78 79 80 82 78 80 81 82 84 82 80 82 83 84 86 82 84 85 86 88 86 84 86 87 88 90 86 88 89 90 92 90 88 90 91 92 94 90 92 93 94
INF INF INF INF INF INF INF INF INF INF INF INF INF INF INF INF INF INF INF INF INF INF INF INF INF INF INF INF INF INF INF INF INF INF INF INF INF INF INF INF INF INF INF INF INF INF INF INF INF INF INF INF INF INF INF INF INF INF INF INF INF INF INF INF INF INF INF INF INF INF INF INF INF INF INF INF INF INF INF INF INF INF INF INF INF INF INF INF INF INF INF INF INF INF INF INF INF INF INF INF INF INF INF INF INF INF INF INF INF INF INF INF INF INF INF INF INF INF INF INF INF INF INF INF INF INF INF INF INF INF INF INF INF INF INF INF INF INF INF INF INF INF INF INF INF INF INF INF INF INF INF INF INF INF INF INF INF INF INF INF INF INF INF INF INF INF INF INF INF INF INF INF INF INF INF INF INF INF INF INF INF INF INF INF INF INF INF INF INF INF INF INF INF INF INF INF INF INF INF INF INF INF INF INF INF INF INF INF INF INF INF INF INF INF INF INF INF INF INF INF INF INF INF INF INF INF INF INF INF INF INF INF INF INF INF INF INF INF INF INF INF INF INF INF INF INF INF INF 0 2 3 4 6 7 4 6 7 8 10 8 6 8 9 10 12 8 10 11 12 14 12 10 12 13 14 16 12 14 15 16 18 16 14 16 17 18 20 16 18 19 20 22 20 18 20 21 22 24 20 22 23 24 26 24 22 24 25 26 28 24 26 27 28 30 28 26 28 29 30 32 28 30 31 32 34 32 30 32 33 34 36 32 34 35 36 38 36 34 36 37 38 40 36 38 39 40 42 40 38 40 41 42 44 40 42 43 44 46 44 42 44 45 46 48 44 46 47 48 50 48 46 48 49 50 52 48 50 51 52 54 52 50 52 53 54 56 52 54 55 56 58 56 54 56 57 58 60 56 58 59 60 62 60 58 60 61 62 64 60 62 63 64 66 64 62 64 65 66 68 64 66 67 68 70 68 66 68 69 70 72 68 70 71 72 74 72 70 72 73 74 76 72 74 75 76 78 76 74 76 77 78 80 76 78 79 80 82 80 78 80 81 82 84 80 82 83 84 86 84 82 84 85 86 88 84 86 87 88 90 88 86 88 89 90 92 88 90 91 92 94 92 90 92 93 94 96 92 94 95 96
INF INF INF INF INF INF INF INF INF INF INF INF INF INF INF INF INF INF INF INF INF INF INF INF INF INF INF INF INF INF INF INF INF INF INF INF INF INF INF INF INF INF INF INF INF INF INF INF INF INF INF INF INF INF INF INF INF INF INF INF INF INF INF INF INF INF INF INF INF INF INF INF INF INF INF INF INF INF INF INF INF INF INF INF INF INF INF INF INF INF INF INF INF INF INF INF INF INF INF INF INF INF INF INF INF INF INF INF INF INF INF INF INF INF INF INF INF INF INF INF INF INF INF INF INF INF INF INF INF INF INF INF INF INF INF INF INF INF INF INF INF INF INF INF INF INF INF INF INF INF INF INF INF INF INF INF INF INF INF INF INF INF INF INF INF INF INF INF INF INF INF INF INF INF INF INF INF INF INF INF INF INF INF INF INF INF INF INF INF INF INF INF INF INF INF INF INF INF INF INF INF INF INF INF INF INF INF INF INF INF INF INF INF INF INF INF INF INF INF INF INF INF INF INF INF INF INF INF INF INF INF INF INF INF INF INF INF INF INF INF INF INF INF INF INF INF INF INF INF 0 2 3 4 6 2 4 5 6 8 6 4 6 7 8 10 6 8 9 10 12 10 8 10 11 12 14 10 12 13 14 16 14 12 14 15 16 18 14 16 17 18 20 18 16 18 19 20 22 18 20 21 22 24 22 20 22 23 24 26 22 24 25 26 28 26 24 26 27 28 30 26 28 29 30 32 30 28 30 31 32 34 30 32 33 34 36 34 32 34 35 36 38 34 36 37 38 40 38 36 38 39 40 42 38 40 41 42 44 42 40 42 43 44 46 42 44 45 46 48 46 44 46 47 48 50 46 48 49 50 52 50 48 50 51 52 54 50 52 53 54 56 54 52 54 55 56 58 54 56 57 58 60 58 56 58 59 60 62 58 60 61 62 64 62 60 62 63 64 66 62 64 65 66 68 66 64 66 67 68 70 66 68 69 70 72 70 68 70 71 72 74 70 72 73 74 76 74 72 74 75 76 78 74 76 77 78 80 78 76 78 79 80 82 78 80 81 82 84 82 80 82 83 84 86 82 84 85 86 88 86 84 86 87 88 90 86 88 89 90 92 90 88 90 91 92 94 90 92 93 94
INF INF INF INF INF INF INF INF INF INF INF INF INF INF INF INF INF INF INF INF INF INF INF INF INF INF INF INF INF INF INF INF INF INF INF INF INF INF INF INF INF INF INF INF INF INF INF INF INF INF INF INF INF INF INF INF INF INF INF INF INF INF INF INF INF INF INF INF INF INF INF INF INF INF INF INF INF INF INF INF INF INF INF INF INF INF INF INF INF INF INF INF INF INF INF INF INF INF INF INF INF INF INF INF INF INF INF INF INF INF INF INF INF INF INF INF INF INF INF INF INF INF INF INF INF INF INF INF INF INF INF INF INF INF INF INF INF INF INF INF INF INF INF INF INF INF INF INF INF INF INF INF INF INF INF INF INF INF INF INF INF INF INF INF INF INF INF INF INF INF INF INF INF INF INF INF INF INF INF INF INF INF INF INF INF INF INF INF INF INF INF INF INF INF INF INF INF INF INF INF INF INF INF INF INF INF INF INF INF INF INF INF INF INF INF INF INF INF INF INF INF INF INF INF INF INF INF INF INF INF INF INF INF INF INF INF INF INF INF INF INF INF INF INF INF INF INF INF INF INF 0 2 3 4 1 3 4 5 7 5 3 5 6 7 9 5 7 8 9 11 9 7 9 10 11 13 9 11 12 13 15 13 11 13 14 15 17 13 15 16 17 19 17 15 17 18 19 21 17 19 20 21 23 21 19 21 22 23 25 21 23 24 25 27 25 23 25 26 27 29 25 27 28 29 31 29 27 29 30 31 33 29 31 32 33 35 33 31 33 34 35 37 33 35 36 37 39 37 35 37 38 39 41 37 39 40 41 43 41 39 41 42 43 45 41 43 44 45 47 45 43 45 46 47 49 45 47 48 49 51 49 47 49 50 51 53 49 51 52 53 55 53 51 53 54 55 57 53 55 56 57 59 57 55 57 58 59 61 57 59 60 61 63 61 59 61 62 63 65 61 63 64 65 67 65 63 65 66 67 69 65 67 68 69 71 69 67 69 70 71 73 69 71 72 73 75 73 71 73 74 75 77 73 75 76 77 79 77 75 77 78 79 81 77 79 80 81 83 81 79 81 82 83 85 81 83 84 85 87 85 83 85 86 87 89 85 87 88 89 91 89 87 89 90 91 93 89 91 92 93
INF INF INF INF INF INF INF INF INF INF INF INF INF INF INF INF INF INF INF INF INF INF INF INF INF INF INF INF INF INF INF INF INF INF INF INF INF INF INF INF INF INF INF INF INF INF INF INF INF INF INF INF INF INF INF INF INF INF INF INF INF INF INF INF INF INF INF INF INF INF INF INF INF INF INF INF INF INF INF INF INF INF INF INF INF INF INF INF INF INF INF INF INF INF INF INF INF INF INF INF INF INF INF INF INF INF INF INF INF INF INF INF INF INF INF INF INF INF INF INF INF INF INF INF INF INF INF INF INF INF INF INF INF INF INF INF INF INF INF INF INF INF INF INF INF INF INF INF INF INF INF INF INF INF INF INF INF INF INF INF INF INF INF INF INF INF INF INF INF INF INF INF INF INF INF INF INF INF INF INF INF INF INF INF INF INF INF INF INF INF INF INF INF INF INF INF INF INF INF INF INF INF INF INF INF INF INF INF INF INF INF INF INF INF INF INF INF INF INF INF INF INF INF INF INF INF INF INF INF INF INF INF INF INF INF INF INF INF INF INF INF INF INF INF INF INF INF INF INF INF INF 0 2 3 0 2 3 4 6 4 2 4 5 6 8 4 6 7 8 10 8 6 8 9 10 12 8 10 11 12 14 12 10 12 13 14 16 12 14 15 16 18 16 14 16 17 18 20 16 18 19 20 22 20 18 20 21 22 24 20 22 23 24 26 24 22 24 25 26 28 24 26 27 28 30 28 26 28 29 30 32 28 30 31 32 34 32 30 32 33 34 36 32 34 35 36 38 36 34 36 37 38 40 36 38 39 40 42 40 38 40 41 42 44 40 42 43 44 46 44 42 44 45 46 48 44 46 47 48 50 48 46 48 49 50 52 48 50 51 52 54 52 50 52 53 54 56 52 54 55 56 58 56 54 56 57 58 60 56 58 59 60 62 60 58 60 61 62 64 60 62 63 64 66 64 62 64 65 66 68 64 66 67 68 70 68 66 68 69 70 72 68 70 71 72 74 72 70 72 73 74 76 72 74 75 76 78 76 74 76 77 78 80 76 78 79 80 82 80 78 80 81 82 84 80 82 83 84 86 84 82 84 85 86 88 84 86 87 88 90 88 86 88 89 90 92 88 90 91 92
INF INF INF INF INF INF INF INF INF INF INF INF INF INF INF INF INF INF INF INF INF INF INF INF INF INF INF INF INF INF INF INF INF INF INF INF INF INF INF INF INF INF INF INF INF INF INF INF INF INF INF INF INF INF INF INF INF INF INF INF INF INF INF INF INF INF INF INF INF INF INF INF INF INF INF INF INF INF INF INF INF INF INF INF INF INF INF INF INF INF INF INF INF INF INF INF INF INF INF INF INF INF INF INF INF INF INF INF INF INF INF INF INF INF INF INF INF INF INF INF INF INF INF INF INF INF INF INF INF INF INF INF INF INF INF INF INF INF INF INF INF INF INF INF INF INF INF INF INF INF INF INF INF INF INF INF INF INF INF INF INF INF INF INF INF INF INF INF INF INF INF INF INF INF INF INF INF INF INF INF INF INF INF INF INF INF INF INF INF INF INF INF INF INF INF INF INF INF INF INF INF INF INF INF INF INF INF INF INF INF INF INF INF INF INF INF INF INF INF INF INF INF INF INF INF INF INF INF INF INF INF INF INF INF INF INF INF INF INF INF INF INF INF INF INF INF INF INF INF INF INF INF 0 2 -2 0 1 2 4 2 0 2 3 4 6 2 4 5 6 8 6 4 6 7 8 10 6 8 9 10 12 10 8 10 11 12 14 10 12 13 14 16 14 12 14 15 16 18 14 16 17 18 20 18 16 18 19 20 22 18 20 21 22 24 22 20 22 23 24 26 22 24 25 26 28 26 24 26 27 28 30 26 28 29 30 32 30 28 30 31 32 34 30 32 33 34 36 34 32 34 35 36 38 34 36 37 38 40 38 36 38 39 40 42 38 40 41 42 44 42 40 42 43 44 46 42 44 45 46 48 46 44 46 47 48 50 46 48 49 50 52 50 48 50 51 52 54 50 52 53 54 56 54 52 54 55 56 58 54 56 57 58 60 58 56 58 59 60 62 58 60 61 62 64 62 60 62 63 64 66 62 64 65 66 68 66 64 66 67 68 70 66 68 69 70 72 70 68 70 71 72 74 70 72 73 74 76 74 72 74 75 76 78 74 76 77 78 80 78 76 78 79 80 82 78 80 81 82 84 82 80 82 83 84 86 82 84 85 86 88 86 84 86 87 88 90 86 88 89 90
INF INF INF INF INF INF INF INF INF INF INF INF INF INF INF INF INF INF INF INF INF INF INF INF INF INF INF INF INF INF INF INF INF INF INF INF INF INF INF INF INF INF INF INF INF INF INF INF INF INF INF INF INF INF INF INF INF INF INF INF INF INF INF INF INF INF INF INF INF INF INF INF INF INF INF INF INF INF INF INF INF INF INF INF INF INF INF INF INF INF INF INF INF INF INF INF INF INF INF INF INF INF INF INF INF INF INF INF INF INF INF INF INF INF INF INF INF INF INF INF INF INF INF INF INF INF INF INF INF INF INF INF INF INF INF INF INF INF INF INF INF INF INF INF INF INF INF INF INF INF INF INF INF INF INF INF INF INF INF INF INF INF INF INF INF INF INF INF INF INF INF INF INF INF INF INF INF INF INF INF INF INF INF INF INF INF INF INF INF INF INF INF INF INF INF INF INF INF INF INF INF INF INF INF INF INF INF INF INF INF INF INF INF INF INF INF INF INF INF INF INF INF INF INF INF INF INF INF INF INF INF INF INF INF INF INF INF INF INF INF INF INF INF INF INF INF INF INF INF INF INF INF INF 0 2 3 4 6 7 5 4 6 7 8 10 6 8 9 10 12 10 8 10 11 12 14 10 12 13 14 16 14 12 14 15 16 18 14 16 17 18 20 18 16 18 19 20 22 18 20 21 22 24 22 20 22 23 24 26 22 24 25 26 28 26 24 26 27 28 30 26 28 29 30 32 30 28 30 31 32 34 30 32 33 34 36 34 32 34 35 36 38 34 36 37 38 40 38 36 38 39 40 42 38 40 41 42 44 42 40 42 43 44 46 42 44 45 46 48 46 44 46 47 48 50 46 48 49 50 52 50 48 50 51 52 54 50 52 53 54 56 54 52 54 55 56 58 54 56 57 58 60 58 56 58 59 60 62 58 60 61 62 64 62 60 62 63 64 66 62 64 65 66 68 66 64 66 67 68 70 66 68 69 70 72 70 68 70 71 72 74 70 72 73 74 76 74 72 74 75 76 78 74 76 77 78 80 78 76 78 79 80 82 78 80 81 82 84 82 80 82 83 84 86 82 84 85 86 88 86 84 86 87 88 90 86 88 89 90 92 90 88 90 91 92 94 90 92 93 94
INF INF INF INF INF INF INF INF INF INF INF INF INF INF INF INF INF INF INF INF INF INF INF INF INF INF INF INF INF INF INF INF INF INF INF INF INF INF INF INF INF INF INF INF INF INF INF INF INF INF INF INF INF INF INF INF INF INF INF INF INF INF INF INF INF INF INF INF INF INF INF INF INF INF INF INF INF INF INF INF INF INF INF INF INF INF INF INF INF INF INF INF INF INF INF INF INF INF INF INF INF INF INF INF INF INF INF INF INF INF INF INF INF INF INF INF INF INF INF INF INF INF INF INF INF INF INF INF INF INF INF INF INF INF INF INF INF INF INF INF INF INF INF INF INF INF INF INF INF INF INF INF INF INF INF INF INF INF INF INF INF INF INF INF INF INF INF INF INF INF INF INF INF INF INF INF INF INF INF INF INF INF INF INF INF INF INF INF INF INF INF INF INF INF INF INF INF INF INF INF INF INF INF INF INF INF INF INF INF INF INF INF INF INF INF INF INF INF INF INF INF INF INF INF INF INF INF INF INF INF INF INF INF INF INF INF INF INF INF INF INF INF INF INF INF INF INF INF INF INF INF INF INF INF 0 2 3 4 6 4 2 4 5 6 8 4 6 7 8 10 8 6 8 9 10 12 8 10 11 12 14 12 10 12 13 14 16 12 14 15 16 18 16 14 16 17 18 20 16 18 19 20 22 20 18 20 21 22 24 20 22 23 24 26 24 22 24 25 26 28 24 26 27 28 30 28 26 28 29 30 32 28 30 31 32 34 32 30 32 33 34 36 32 34 35 36 38 36 34 36 37 38 40 36 38 39 40 42 40 38 40 41 42 44 40 42 43 44 46 44 42 44 45 46 48 44 46 47 48 50 48 46 48 49 50 52 48 50 51 52 54 52 50 52 53 54 56 52 54 55 56 58 56 54 56 57 58 60 56 58 59 60 62 60 58 60 61 62 64 60 62 63 64 66 64 62 64 65 66 68 64 66 67 68 70 68 66 68 69 70 72 68 70 71 72 74 72 70 72 73 74 76 72 74 75 76 78 76 74 76 77 78 80 76 78 79 80 82 80 78 80 81 82 84 80 82 83 84 86 84 82 84 85 86 88 84 86 87 88 90 88 86 88 89 90 92 88 90 91 92
INF INF INF INF INF INF INF INF INF INF INF INF INF INF INF INF INF INF INF INF INF INF INF INF INF INF INF INF INF INF INF INF INF INF INF INF INF INF INF INF INF INF INF INF INF INF INF INF INF INF INF INF INF INF INF INF INF INF INF INF INF INF INF INF INF INF INF INF INF INF INF INF INF INF INF INF INF INF INF INF INF INF INF INF INF INF INF INF INF INF INF INF INF INF INF INF INF INF INF INF INF INF INF INF INF INF INF INF INF INF INF INF INF INF INF INF INF INF INF INF INF INF INF INF INF INF INF INF INF INF INF INF INF INF INF INF INF INF INF INF INF INF INF INF INF INF INF INF INF INF INF INF INF INF INF INF INF INF INF INF INF INF INF INF INF INF INF INF INF INF INF INF INF INF INF INF INF INF INF INF INF INF INF INF INF INF INF INF INF INF INF INF INF INF INF INF INF INF INF INF INF INF INF INF INF INF INF INF INF INF INF INF INF INF INF INF INF INF INF INF INF INF INF INF INF INF INF INF INF INF INF INF INF INF INF INF INF INF INF INF INF INF INF INF INF INF INF INF INF INF INF INF INF INF INF 0 2 3 4 2 1 3 4 5 7 3 5 6 7 9 7 5 7 8 9 11 7 9 10 11 13 11 9 11 12 13 15 11 13 14 15 17 15 13 15 16 17 19 15 17 18 19 21 19 17 19 20 21 23 19 21 22 23 25 23 21 23 24 25 27 23 25 26 27 29 27 25 27 28 29 31 27 29 30 31 33 31 29 31 32 33 35 31 33 34 35 37 35 33 35 36 37 39 35 37 38 39 41 39 37 39 40 41 43 39 41 42 43 45 43 41 43 44 45 47 43 45 46 47 49 47 45 47 48 49 51 47 49 50 51 53 51 49 51 52 53 55 51 53 54 55 57 55 53 55 56 57 59 55 57 58 59 61 59 57 59 60 61 63 59 61 62 63 65 63 61 63 64 65 67 63 65 66 67 69 67 65 67 68 69 71 67 69 70 71 73 71 69 71 72 73 75 71 73 74 75 77 75 73 75 76 77 79 75 77 78 79 81 79 77 79 80 81 83 79 81 82 83 85 83 81 83 84 85 87 83 85 86 87 89 87 85 87 88 89 91 87 89 90 91
INF INF INF INF INF INF INF INF INF INF INF INF INF INF INF INF INF INF INF INF INF INF INF INF INF INF INF INF INF INF INF INF INF INF INF INF INF INF INF INF INF INF INF INF INF INF INF INF INF INF INF INF INF INF INF INF INF INF INF INF INF INF INF INF INF INF INF INF INF INF INF INF INF INF INF INF INF INF INF INF INF INF INF INF INF INF INF INF INF INF INF INF INF INF INF INF INF INF INF INF INF INF INF INF INF INF INF INF INF INF INF INF INF INF INF INF INF INF INF INF INF INF INF INF INF INF INF INF INF INF INF INF INF INF INF INF INF INF INF INF INF INF INF INF INF INF INF INF INF INF INF INF INF INF INF INF INF INF INF INF INF INF INF INF INF INF INF INF INF INF INF INF INF INF INF INF INF INF INF INF INF INF INF INF INF INF INF INF INF INF INF INF INF INF INF INF INF INF INF INF INF INF INF INF INF INF INF INF INF INF INF INF INF INF INF INF INF INF INF INF INF INF INF INF INF INF INF INF INF INF INF INF INF INF INF INF INF INF INF INF INF INF INF INF INF INF INF INF INF INF INF INF INF INF INF INF 0 2 3 1 0 2 3 4 6 2 4 5 6 8 6 4 6 7 8 10 6 8 9 10 12 10 8 10 11 12 14 10 12 13 14 16 14 12 14 15 16 18 14 16 17 18 20 18 16 18 19 20 22 18 20 21 22 24 22 20 22 23 24 26 22 24 25 26 28 26 24 26 27 28 30 26 28 29 30 32 30 28 30 31 32 34 30 32 33 34 36 34 32 34 35 36 38 34 36 37 38 40 38 36 38 39 40 42 38 40 41 42 44 42 40 42 43 44 46 42 44 45 46 48 46 44 46 47 48 50 46 48 49 50 52 50 48 50 51 52 54 50 52 53 54 56 54 52 54 55 56 58 54 56 57 58 60 58 56 58 59 60 62 58 60 61 62 64 62 60 62 63 64 66 62 64 65 66 68 66 64 66 67 68 70 66 68 69 70 72 70 68 70 71 72 74 70 72 73 74 76 74 72 74 75 76 78 74 76 77 78 80 78 76 78 79 80 82 78 80 81 82 84 82 80 82 83 84 86 82 84 85 86 88 86 84 86 87 88 90 86 88 89 90
INF INF INF INF INF INF INF INF INF INF INF INF INF INF INF INF INF INF INF INF INF INF INF INF INF INF INF INF INF INF INF INF INF INF INF INF INF INF INF INF INF INF INF INF INF INF INF INF INF INF INF INF INF INF INF INF INF INF INF INF INF INF INF INF INF INF INF INF INF INF INF INF INF INF INF INF INF INF INF INF INF INF INF INF INF INF INF INF INF INF INF INF INF INF INF INF INF INF INF INF INF INF INF INF INF INF INF INF INF INF INF INF INF INF INF INF INF INF INF INF INF INF INF INF INF INF INF INF INF INF INF INF INF INF INF INF INF INF INF INF INF INF INF INF INF INF INF INF INF INF INF INF INF INF INF INF INF INF INF INF INF INF INF INF INF INF INF INF INF INF INF INF INF INF INF INF INF INF INF INF INF INF INF INF INF INF INF INF INF INF INF INF INF INF INF INF INF INF INF INF INF INF INF INF INF INF INF INF INF INF INF INF INF INF INF INF INF INF INF INF INF INF INF INF INF INF INF INF INF INF INF INF INF INF INF INF INF INF INF INF INF INF INF INF INF INF INF INF INF INF INF INF INF INF INF INF INF 0 2 0 -2 0 1 2 4 0 2 3 4 6 4 2 4 5 6 8 4 6 7 8 10 8 6 8 9 10 12 8 10 11 12 14 12 10 12 13 14 16 12 14 15 16 18 16 14 16 17 18 20 16 18 19 20 22 20 18 20 21 22 24 20 22 23 24 26 24 22 24 25 26 28 24 26 27 28 30 28 26 28 29 30 32 28 30 31 32 34 32 30 32 33 34 36 32 34 35 36 38 36 34 36 37 38 40 36 38 39 40 42 40 38 40 41 42 44 40 42 43 44 46 44 42 44 45 46 48 44 46 47 48 50 48 46 48 49 50 52 48 50 51 52 54 52 50 52 53 54 56 52 54 55 56 58 56 54 56 57 58 60 56 58 59 60 62 60 58 60 61 62 64 60 62 63 64 66 64 62 64 65 66 68 64 66 67 68 70 68 66 68 69 70 72 68 70 71 72 74 72 70 72 73 74 76 72 74 75 76 78 76 74 76 77 78 80 76 78 79 80 82 80 78 80 81 82 84 80 82 83 84 86 84 82 84 85 86 88 84 86 87 88
INF INF INF INF INF INF INF INF INF INF INF INF INF INF INF INF INF INF INF INF INF INF INF INF INF INF INF INF INF INF INF INF INF INF INF INF INF INF INF INF INF INF INF INF INF INF INF INF INF INF INF INF INF INF INF INF INF INF INF INF INF INF INF INF INF INF INF INF INF INF INF INF INF INF INF INF INF INF INF INF INF INF INF INF INF INF INF INF INF INF INF INF INF INF INF INF INF INF INF INF INF INF INF INF INF INF INF INF INF INF INF INF INF INF INF INF INF INF INF INF INF INF INF INF INF INF INF INF INF INF INF INF INF INF INF INF INF INF INF INF INF INF INF INF INF INF INF INF INF INF INF INF INF INF INF INF INF INF INF INF INF INF INF INF INF INF INF INF INF INF INF INF INF INF INF INF INF INF INF INF INF INF INF INF INF INF INF INF INF INF INF INF INF INF INF INF INF INF INF INF INF INF INF INF INF INF INF INF INF INF INF INF INF INF INF INF INF INF INF INF INF INF INF INF INF INF INF INF INF INF INF INF INF INF INF INF INF INF INF INF INF INF INF INF INF INF INF INF INF INF INF INF INF INF INF INF INF INF 0 -2 0 1 2 4 5 2 4 5 6 8 6 4 6 7 8 10 6 8 9 10 12 10 8 10 11 12 14 10 12 13 14 16 14 12 14 15 16 18 14 16 17 18 20 18 16 18 19 20 22 18 20 21 22 24 22 20 22 23 24 26 22 24 25 26 28 26 24 26 27 28 30 26 28 29 30 32 30 28 30 31 32 34 30 32 33 34 36 34 32 34 35 36 38 34 36 37 38 40 38 36 38 39 40 42 38 40 41 42 44 42 40 42 43 44 46 42 44 45 46 48 46 44 46 47 48 50 46 48 49 50 52 50 48 50 51 52 54 50 52 53 54 56 54 52 54 55 56 58 54 56 57 58 60 58 56 58 59 60 62 58 60 61 62 64 62 60 62 63 64 66 62 64 65 66 68 66 64 66 67 68 70 66 68 69 70 72 70 68 70 71 72 74 70 72 73 74 76 74 72 74 75 76 78 74 76 77 78 80 78 76 78 79 80 82 78 80 81 82 84 82 80 82 83 84 86 82 84 85 86 88 86 84 86 87 88 90 86 88 89 90
INF INF INF INF INF INF INF INF INF INF INF INF INF INF INF INF INF INF INF INF INF INF INF INF INF INF INF INF INF INF INF INF INF INF INF INF INF INF INF INF INF INF INF INF INF INF INF INF INF INF INF INF INF INF INF INF INF INF INF INF INF INF INF INF INF INF INF INF INF INF INF INF INF INF INF INF INF INF INF INF INF INF INF INF INF INF INF INF INF INF INF INF INF INF INF INF INF INF INF INF INF INF INF INF INF INF INF INF INF INF INF INF INF INF INF INF INF INF INF INF INF INF INF INF INF INF INF INF INF INF INF INF INF INF INF INF INF INF INF INF INF INF INF INF INF INF INF INF INF INF INF INF INF INF INF INF INF INF INF INF INF INF INF INF INF INF INF INF INF INF INF INF INF INF INF INF INF INF INF INF INF INF INF INF INF INF INF INF INF INF INF INF INF INF INF INF INF INF INF INF INF INF INF INF INF INF INF INF INF INF INF INF INF INF INF INF INF INF INF INF INF INF INF INF INF INF INF INF INF INF INF INF INF INF INF INF INF INF INF INF INF INF INF INF INF INF INF INF INF INF INF INF INF INF INF INF INF INF INF 0 2 3 4 6 7 4 6 7 8 10 8 6 8 9 10 12 8 10 11 12 14 12 10 12 13 14 16 12 14 15 16 18 16 14 16 17 18 20 16 18 19 20 22 20 18 20 21 22 24 20 22 23 24 26 24 22 24 25 26 28 24 26 27 28 30 28 26 28 29 30 32 28 30 31 32 34 32 30 32 33 34 36 32 34 35 36 38 36 34 36 37 38 40 36 38 39 40 42 40 38 40 41 42 44 40 42 43 44 46 44 42 44 45 46 48 44 46 47 48 50 48 46 48 49 50 52 48 50 51 52 54 52 50 52 53 54 56 52 54 55 56 58 56 54 56 57 58 60 56 58 59 60 62 60 58 60 61 62 64 60 62 63 64 66 64 62 64 65 66 68 64 66 67 68 70 68 66 68 69 70 72 68 70 71 72 74 72 70 72 73 74 76 72 74 75 76 78 76 74 76 77 78 80 76 78 79 80 82 80 78 80 81 82 84 80 82 83 84 86 84 82 84 85 86 88 84 86 87 88 90 88 86 88 89 90 92 88 90 91 92
INF INF INF INF INF INF INF INF INF INF INF INF INF INF INF INF INF INF INF INF INF INF INF INF INF INF INF INF INF INF INF INF INF INF INF INF INF INF INF INF INF INF INF INF INF INF INF INF INF INF INF INF INF INF INF INF INF INF INF INF INF INF INF INF INF INF INF INF INF INF INF INF INF INF INF INF INF INF INF INF INF INF INF INF INF INF INF INF INF INF INF INF INF INF INF INF INF INF INF INF INF INF INF INF INF INF INF INF INF INF INF INF INF INF INF INF INF INF INF INF INF INF INF INF INF INF INF INF INF INF INF INF INF INF INF INF INF INF INF INF INF INF INF INF INF INF INF INF INF INF INF INF INF INF INF INF INF INF INF INF INF INF INF INF INF INF INF INF INF INF INF INF INF INF INF INF INF INF INF INF INF INF INF INF INF INF INF INF INF INF INF INF INF INF INF INF INF INF INF INF INF INF INF INF INF INF INF INF INF INF INF INF INF INF INF INF INF INF INF INF INF INF INF INF INF INF INF INF INF INF INF INF INF INF INF INF INF INF INF INF INF INF INF INF INF INF INF INF INF INF INF INF INF INF INF INF INF INF INF INF 0 2 3 4 6 2 4 5 6 8 6 4 6 7 8 10 6 8 9 10 12 10 8 10 11 12 14 10 12 13 14 16 14 12 14 15 16 18 14 16 17 18 20 18 16 18 19 20 22 18 20 21 22 24 22 20 22 23 24 26 22 24 25 26 28 26 24 26 27 28 30 26 28 29 30 32 30 28 30 31 32 34 30 32 33 34 36 34 32 34 35 36 38 34 36 37 38 40 38 36 38 39 40 42 38 40 41 42 44 42 40 42 43 44 46 42 44 45 46 48 46 44 46 47 48 50 46 48 49 50 52 50 48 50 51 52 54 50 52 53 54 56 54 52 54 55 56 58 54 56 57 58 60 58 56 58 59 60 62 58 60 61 62 64 62 60 62 63 64 66 62 64 65 66 68 66 64 66 67 68 70 66 68 69 70 72 70 68 70 71 72 74 70 72 73 74 76 74 72 74 75 76 78 74 76 77 78 80 78 76 78 79 80 82 78 80 81 82 84 82 80 82 83 84 86 82 84 85 86 88 86 84 86 87 88 90 86 88 89 90
INF INF INF INF INF INF INF INF INF INF INF INF INF INF INF INF INF INF INF INF INF INF INF INF INF INF INF INF INF INF INF INF INF INF INF INF INF INF INF INF INF INF INF INF INF INF INF INF INF INF INF INF INF INF INF INF INF INF INF INF INF INF INF INF INF INF INF INF INF INF INF INF INF INF INF INF INF INF INF INF INF INF INF INF INF INF INF INF INF INF INF INF INF INF INF INF INF INF INF INF INF INF INF INF INF INF INF INF INF INF INF INF INF INF INF INF INF INF INF INF INF INF INF INF INF INF INF INF INF INF INF INF INF INF INF INF INF INF INF INF INF INF INF INF INF INF INF INF INF INF INF INF INF INF INF INF INF INF INF INF INF INF INF INF INF INF INF INF INF INF INF INF INF INF INF INF INF INF INF INF INF INF INF INF INF INF INF INF INF INF INF INF INF INF INF INF INF INF INF INF INF INF INF INF INF INF INF INF INF INF INF INF INF INF INF INF INF INF INF INF INF INF INF INF INF INF INF INF INF INF INF INF INF INF INF INF INF INF INF INF INF INF INF INF INF INF INF INF INF INF INF INF INF INF INF INF INF INF INF INF INF 0 2 3 4 1 3 4 5 7 5 3 5 6 7 9 5 7 8 9 11 9 7 9 10 11 13 9 11 12 13 15 13 11 13 14 15 17 13 15 16 17 19 17 15 17 18 19 21 17 19 20 21 23 21 19 21 22 23 25 21 23 24 25 27 25 23 25 26 27 29 25 27 28 29 31 29 27 29 30 31 33 29 31 32 33 35 33 31 33 34 35 37 33 35 36 37 39 37 35 37 38 39 41 37 39 40 41 43 41 39 41 42 43 45 41 43 44 45 47 45 43 45 46 47 49 45 47 48 49 51 49 47 49 50 51 53 49 51 52 53 55 53 51 53 54 55 57 53 55 56 57 59 57 55 57 58 59 61 57 59 60 61 63 61 59 61 62 63 65 61 63 64 65 67 65 63 65 66 67 69 65 67 68 69 71 69 67 69 70 71 73 69 71 72 73 75 73 71 73 74 75 77 73 75 76 77 79 77 75 77 78 79 81 77 79 80 81 83 81 79 81 82 83 85 81 83 84 85 87 85 83 85 86 87 89 85 87 88 89
INF INF INF INF INF INF INF INF INF INF INF INF INF INF INF INF INF INF INF INF INF INF INF INF INF INF INF INF INF INF INF INF INF INF INF INF INF INF INF INF INF INF INF INF INF INF INF INF INF INF INF INF INF INF INF INF INF INF INF INF INF INF INF INF INF INF INF INF INF INF INF INF INF INF INF INF INF INF INF INF INF INF INF INF INF INF INF INF INF INF INF INF INF INF INF INF INF INF INF INF INF INF INF INF INF INF INF INF INF INF INF INF INF INF INF INF INF INF INF INF INF INF INF INF INF INF INF INF INF INF INF INF INF INF INF INF INF INF INF INF INF INF INF INF INF INF INF INF INF INF INF INF INF INF INF INF INF INF INF INF INF INF INF INF INF INF INF INF INF INF INF INF INF INF INF INF INF INF INF INF INF INF INF INF INF INF INF INF INF INF INF INF INF INF INF INF INF INF INF INF INF INF INF INF INF INF INF INF INF INF INF INF INF INF INF INF INF INF INF INF INF INF INF INF INF INF INF INF INF INF INF INF INF INF INF INF INF INF INF INF INF INF INF INF INF INF INF INF INF INF INF INF INF INF INF INF INF INF INF INF INF INF 0 2 3 0 2 3 4 6 4 2 4 5 6 8 4 6 7 8 10 8 6 8 9 10 12 8 10 11 12 14 12 10 12 13 14 16 12 14 15 16 18 16 14 16 17 18 20 16 18 19 20 22 20 18 20 21 22 24 20 22 23 24 26 24 22 24 25 26 28 24 26 27 28 30 28 26 28 29 30 32 28 30 31 32 34 32 30 32 33 34 36 32 34 35 36 38 36 34 36 37 38 40 36 38 39 40 42 40 38 40 41 42 44 40 42 43 44 46 44 42 44 45 46 48 44 46 47 48 50 48 46 48 49 50 52 48 50 51 52 54 52 50 52 53 54 56 52 54 55 56 58 56 54 56 57 58 60 56 58 59 60 62 60 58 60 61 62 64 60 62 63 64 66 64 62 64 65 66 68 64 66 67 68 70 68 66 68 69 70 72 68 70 71 72 74 72 70 72 73 74 76 72 74 75 76 78 76 74 76 77 78 80 76 78 79 80 82 80 78 80 81 82 84 80 82 83 84 86 84 82 84 85 86 88 84 86 87 88
INF INF INF INF INF INF INF INF INF INF INF INF INF INF INF INF INF INF INF INF INF INF INF INF INF INF INF INF INF INF INF INF INF INF INF INF INF INF INF INF INF INF INF INF INF INF INF INF INF INF INF INF INF INF INF INF INF INF INF INF INF INF INF INF INF INF INF INF INF INF INF INF INF INF INF INF INF INF INF INF INF INF INF INF INF INF INF INF INF INF INF INF INF INF INF INF INF INF INF INF INF INF INF INF INF INF INF INF INF INF INF INF INF INF INF INF INF INF INF INF INF INF INF INF INF INF INF INF INF INF INF INF INF INF INF INF INF INF INF INF INF INF INF INF INF INF INF INF INF INF INF INF INF INF INF INF INF INF INF INF INF INF INF INF INF INF INF INF INF INF INF INF INF INF INF INF INF INF INF INF INF INF INF INF INF INF INF INF INF INF INF INF INF INF INF INF INF INF INF INF INF INF INF INF INF INF INF INF INF INF INF INF INF INF INF INF INF INF INF INF INF INF INF INF INF INF INF INF INF INF INF INF INF INF INF INF INF INF INF INF INF INF INF INF INF INF INF INF INF INF INF INF INF INF INF INF INF INF INF INF INF INF INF 0 2 -2 0 1 2 4 2 0 2 3 4 6 2 4 5 6 8 6 4 6 7 8 10 6 8 9 10 12 10 8 10 11 12 14 10 12 13 14 16 14 12 14 15 16 18 14 16 17 18 20 18 16 18 19 20 22 18 20 21 22 24 22 20 22 23 24 26 22 24 25 26 28 26 24 26 27 28 30 26 28 29 30 32 30 28 30 31 32 34 30 32 33 34 36 34 32 34 35 36 38 34 36 37 38 40 38 36 38 39 40 42 38 40 41 42 44 42 40 42 43 44 46 42 44 45 46 48 46 44 46 47 48 50 46 48 49 50 52 50 48 50 51 52 54 50 52 53 54 56 54 52 54 55 56 58 54 56 57 58 60 58 56 58 59 60 62 58 60 61 62 64 62 60 62 63 64 66 62 64 65 66 68 66 64 66 67 68 70 66 68 69 70 72 70 68 70 71 72 74 70 72 73 74 76 74 72 74 75 76 78 74 76 77 78 80 78 76 78 79 80 82 78 80 81 82 84 82 80 82 83 84 86 82 84 85 86
INF INF INF INF INF INF INF INF INF INF INF INF INF INF INF INF INF INF INF INF INF INF INF INF INF INF INF INF INF INF INF INF INF INF INF INF INF INF INF INF INF INF INF INF INF INF INF INF INF INF INF INF INF INF INF INF INF INF INF INF INF INF INF INF INF INF INF INF INF INF INF INF INF INF INF INF INF INF INF INF INF INF INF INF INF INF INF INF INF INF INF INF INF INF INF INF INF INF INF INF INF INF INF INF INF INF INF INF INF INF INF INF INF INF INF INF INF INF INF INF INF INF INF INF INF INF INF INF INF INF INF INF INF INF INF INF INF INF INF INF INF INF INF INF INF INF INF INF INF INF INF INF INF INF INF INF INF INF INF INF INF INF INF INF INF INF INF INF INF INF INF INF INF INF INF INF INF INF INF INF INF INF INF INF INF INF INF INF INF INF INF INF INF INF INF INF INF INF INF INF INF INF INF INF INF INF INF INF INF INF INF INF INF INF INF INF INF INF INF INF INF INF INF INF INF INF INF INF INF INF INF INF INF INF INF INF INF INF INF INF INF INF INF INF INF INF INF INF INF INF INF INF INF INF INF INF INF INF INF INF INF INF INF INF 0 2 3 4 6 7 5 4 6 7 8 10 6 8 9 10 12 10 8 10 11 12 14 10 12 13 14 16 14 12 14 15 16 18 14 16 17 18 20 18 16 18 19 20 22 18 20 21 22 24 22 20 22 23 24 26 22 24 25 26 28 26 24 26 27 28 30 26 28 29 30 32 30 28 30 31 32 34 30 32 33 34 36 34 32 34 35 36 38 34 36 37 38 40 38 36 38 39 40 42 38 40 41 42 44 42 40 42 43 44 46 42 44 45 46 48 46 44 46 47 48 50 46 48 49 50 52 50 48 50 51 52 54 50 52 53 54 56 54 52 54 55 56 58 54 56 57 58 60 58 56 58 59 60 62 58 60 61 62 64 62 60 62 63 64 66 62 64 65 66 68 66 64 66 67 68 70 66 68 69 70 72 70 68 70 71 72 74 70 72 73 74 76 74 72 74 75 76 78 74 76 77 78 80 78 76 78 79 80 82 78 80 81 82 84 82 80 82 83 84 86 82 84 85 86 88 86 84 86 87 88 90 86 88 89 90
INF INF INF INF INF INF INF INF INF INF INF INF INF INF INF INF INF INF INF INF INF INF INF INF INF INF INF INF INF INF INF INF INF INF INF INF INF INF INF INF INF INF INF INF INF INF INF INF INF INF INF INF INF INF INF INF INF INF INF INF INF INF INF INF INF INF INF INF INF INF INF INF INF INF INF INF INF INF INF INF INF INF INF INF INF INF INF INF INF INF INF INF INF INF INF INF INF INF INF INF INF INF INF INF INF INF INF INF INF INF INF INF INF INF INF INF INF INF INF INF INF INF INF INF INF INF INF INF INF INF INF INF INF INF INF INF INF INF INF INF INF INF INF INF INF INF INF INF INF INF INF INF INF INF INF INF INF INF INF INF INF INF INF INF INF INF INF INF INF INF INF INF INF INF INF INF INF INF INF INF INF INF INF INF INF INF INF INF INF INF INF INF INF INF INF INF INF INF INF INF INF INF INF INF INF INF INF INF INF INF INF INF INF INF INF INF INF INF INF INF INF INF INF INF INF INF INF INF INF INF INF INF INF INF INF INF INF INF INF INF INF INF INF INF INF INF INF INF INF INF INF INF INF INF INF INF INF INF INF INF INF INF INF INF INF 0 2 3 4 6 4 2 4 5 6 8 4 6 7 8 10 8 6 8 9 10 12 8 10 11 12 14 12 10 12 13 14 16 12 14 15 16 18 16 14 16 17 18 20 16 18 19 20 22 20 18 20 21 22 24 20 22 23 24 26 24 22 24 25 26 28 24 26 27 28 30 28 26 28 29 30 32 28 30 31 32 34 32 30 32 33 34 36 32 34 35 36 38 36 34 36 37 38 40 36 38 39 40 42 40 38 40 41 42 44 40 42 43 44 46 44 42 44 45 46 48 44 46 47 48 50 48 46 48 49 50 52 48 50 51 52 54 52 50 52 53 54 56 52 54 55 56 58 56 54 56 57 58 60 56 58 59 60 62 60 58 60 61 62 64 60 62 63 64 66 64 62 64 65 66 68 64 66 67 68 70 68 66 68 69 70 72 68 70 71 72 74 72 70 72 73 74 76 72 74 75 76 78 76 74 76 77 78 80 76 78 79 80 82 80 78 80 81 82 84 80 82 83 84 86 84 82 84 85 86 88 84 86 87 88
INF INF INF INF INF INF INF INF INF INF INF INF INF INF INF INF INF INF INF INF INF INF INF INF INF INF INF INF INF INF INF INF INF INF INF INF INF INF INF INF INF INF INF INF INF INF INF INF INF INF INF INF INF INF INF INF INF INF INF INF INF INF INF INF INF INF INF INF INF INF INF INF INF INF INF INF INF INF INF INF INF INF INF INF INF INF INF INF INF INF INF INF INF INF INF INF INF INF INF INF INF INF INF INF INF INF INF INF INF INF INF INF INF INF INF INF INF INF INF INF INF INF INF INF INF INF INF INF INF INF INF INF INF INF INF INF INF INF INF INF INF INF INF INF INF INF INF INF INF INF INF INF INF INF INF INF INF INF INF INF INF INF INF INF INF INF INF INF INF INF INF INF INF INF INF INF INF INF INF INF INF INF INF INF INF INF INF INF INF INF INF INF INF INF INF INF INF INF INF INF INF INF INF INF INF INF INF INF INF INF INF INF INF INF INF INF INF INF INF INF INF INF INF INF INF INF INF INF INF INF INF INF INF INF INF INF INF INF INF INF INF INF INF INF INF INF INF INF INF INF INF INF INF INF INF INF INF INF INF INF INF INF INF INF INF INF 0 2 3 4 2 1 3 4 5 7 3 5 6 7 9 7 5 7 8 9 11 7 9 10 11 13 11 9 11 12 13 15 11 13 14 15 17 15 13 15 16 17 19 15 17 18 19 21 19 17 19 20 21 23 19 21 22 23 25 23 21 23 24 25 27 23 25 26 27 29 27 25 27 28 29 31 27 29 30 31 33 31 29 31 32 33 35 31 33 34 35 37 35 33 35 36 37 39 35 37 38 39 41 39 37 39 40 41 43 39 41 42 43 45 43 41 43 44 45 47 43 45 46 47 49 47 45 47 48 49 51 47 49 50 51 53 51 49 51 52 53 55 51 53 54 55 57 55 53 55 56 57 59 55 57 58 59 61 59 57 59 60 61 63 59 61 62 63 65 63 61 63 64 65 67 63 65 66 67 69 67 65 67 68 69 71 67 69 70 71 73 71 69 71 72 73 75 71 73 74 75 77 75 73 75 76 77 79 75 77 78 79 81 79 77 79 80 81 83 79 81 82 83 85 83 81 83 84 85 87 83 85 86 87
INF INF INF INF INF INF INF INF INF INF INF INF INF INF INF INF INF INF INF INF INF INF INF INF INF INF INF INF INF INF INF INF INF INF INF INF INF INF INF INF INF INF INF INF INF INF INF INF INF INF INF INF INF INF INF INF INF INF INF INF INF INF INF INF INF INF INF INF INF INF INF INF INF INF INF INF INF INF INF INF INF INF INF INF INF INF INF INF INF INF INF INF INF INF INF INF INF INF INF INF INF INF INF INF INF INF INF INF INF INF INF INF INF INF INF INF INF INF INF INF INF INF INF INF INF INF INF INF INF INF INF INF INF INF INF INF INF INF INF INF INF INF INF INF INF INF INF INF INF INF INF INF INF INF INF INF INF INF INF INF INF INF INF INF INF INF INF INF INF INF INF INF INF INF INF INF INF INF INF INF INF INF INF INF INF INF INF INF INF INF INF INF INF INF INF INF INF INF INF INF INF INF INF INF INF INF INF INF INF INF INF INF INF INF INF INF INF INF INF INF INF INF INF INF INF INF INF INF INF INF INF INF INF INF INF INF INF INF INF INF INF INF INF INF INF INF INF INF INF INF INF INF INF INF INF INF INF INF INF INF INF INF INF INF INF INF INF 0 2 3 1 0 2 3 4 6 2 4 5 6 8 6 4 6 7 8 10 6 8 9 10 12 10 8 10 11 12 14 10 12 13 14 16 14 12 14 15 16 18 14 16 17 18 20 18 16 18 19 20 22 18 20 21 22 24 22 20 22 23 24 26 22 24 25 26 28 26 24 26 27 28 30 26 28 29 30 32 30 28 30 31 32 34 30 32 33 34 36 34 32 34 35 36 38 34 36 37 38 40 38 36 38 39 40 42 38 40 41 42 44 42 40 42 43 44 46 42 44 45 46 48 46 44 46 47 48 50 46 48 49 50 52 50 48 50 51 52 54 50 52 53 54 56 54 52 54 55 56 58 54 56 57 58 60 58 56 58 59 60 62 58 60 61 62 64 62 60 62 63 64 66 62 64 65 66 68 66 64 66 67 68 70 66 68 69 70 72 70 68 70 71 72 74 70 72 73 74 76 74 72 74 75 76 78 74 76 77 78 80 78 76 78 79 80 82 78 80 81 82 84 82 80 82 83 84 86 82 84 85 86
INF INF INF INF INF INF INF INF INF INF INF INF INF INF INF INF INF INF INF INF INF INF INF INF INF INF INF INF INF INF INF INF INF INF INF INF INF INF INF INF INF INF INF INF INF INF INF INF INF INF INF INF INF INF INF INF INF INF INF INF INF INF INF INF INF INF INF INF INF INF INF INF INF INF INF INF INF INF INF INF INF INF INF INF INF INF INF INF INF INF INF INF INF INF INF INF INF INF INF INF INF INF INF INF INF INF INF INF INF INF INF INF INF INF INF INF INF INF INF INF INF INF INF INF INF INF INF INF INF INF INF INF INF INF INF INF INF INF INF INF INF INF INF INF INF INF INF INF INF INF INF INF INF INF INF INF INF INF INF INF INF INF INF INF INF INF INF INF INF INF INF INF INF INF INF INF INF INF INF INF INF INF INF INF INF INF INF INF INF INF INF INF INF INF INF INF INF INF INF INF INF INF INF INF INF INF INF INF INF INF INF INF INF INF INF INF INF INF INF INF INF INF INF INF INF INF INF INF INF INF INF INF INF INF INF INF INF INF INF INF INF INF INF INF INF INF INF INF INF INF INF INF INF INF INF INF INF INF INF INF INF INF INF INF INF INF INF INF 0 2 0 -2 0 1 2 4 0 2 3 4 6 4 2 4 5 6 8 4 6 7 8 10 8 6 8 9 10 12 8 10 11 12 14 12 10 12 13 14 16 12 14 15 16 18 16 14 16 17 18 20 16 18 19 20 22 20 18 20 21 22 24 20 22 23 24 26 24 22 24 25 26 28 24 26 27 28 30 28 26 28 29 30 32 28 30 31 32 34 32 30 32 33 34 36 32 34 35 36 38 36 34 36 37 38 40 36 38 39 40 42 40 38 40 41 42 44 40 42 43 44 46 44 42 44 45 46 48 44 46 47 48 50 48 46 48 49 50 52 48 50 51 52 54 52 50 52 53 54 56 52 54 55 56 58 56 54 56 57 58 60 56 58 59 60 62 60 58 60 61 62 64 60 62 63 64 66 64 62 64 65 66 68 64 66 67 68 70 68 66 68 69 70 72 68 70 71 72 74 72 70 72 73 74 76 72 74 75 76 78 76 74 76 77 78 80 76 78 79 80 82 80 78 80 81 82 84 80 82 83 84
INF INF INF INF INF INF INF INF INF INF INF INF INF INF INF INF INF INF INF INF INF INF INF INF INF INF INF INF INF INF INF INF INF INF INF INF INF INF INF INF INF INF INF INF INF INF INF INF INF INF INF INF INF INF INF INF INF INF INF INF INF INF INF INF INF INF INF INF INF INF INF INF INF INF INF INF INF INF INF INF INF INF INF INF INF INF INF INF INF INF INF INF INF INF INF INF INF INF INF INF INF INF INF INF INF INF INF INF INF INF INF INF INF INF INF INF INF INF INF INF INF INF INF INF INF INF INF INF INF INF INF INF INF INF INF INF INF INF INF INF INF INF INF INF INF INF INF INF INF INF INF INF INF INF INF INF INF INF INF INF INF INF INF INF INF INF INF INF INF INF INF INF INF INF INF INF INF INF INF INF INF INF INF INF INF INF INF INF INF INF INF INF INF INF INF INF INF INF INF INF INF INF INF INF INF INF INF INF INF INF INF INF INF INF INF INF INF INF INF INF INF INF INF INF INF INF INF INF INF INF INF INF INF INF INF INF INF INF INF INF INF INF INF INF INF INF INF INF INF INF INF INF INF INF INF INF INF INF INF INF INF INF INF INF INF INF INF INF INF 0 -2 0 1 2 4 5 2 4 5 6 8 6 4 6 7 8 10 6 8 9 10 12 10 8 10 11 12 14 10 12 13 14 16 14 12 14 15 16 18 14 16 17 18 20 18 16 18 19 20 22 18 20 21 22 24 22 20 22 23 24 26 22 24 25 26 28 26 24 26 27 28 30 26 28 29 30 32 30 28 30 31 32 34 30 32 33 34 36 34 32 34 35 36 38 34 36 37 38 40 38 36 38 39 40 42 38 40 41 42 44 42 40 42 43 44 46 42 44 45 46 48 46 44 46 47 48 50 46 48 49 50 52 50 48 50 51 52 54 50 52 53 54 56 54 52 54 55 56 58 54 56 57 58 60 58 56 58 59 60 62 58 60 61 62 64 62 60 62 63 64 66 62 64 65 66 68 66 64 66 67 68 70 66 68 69 70 72 70 68 70 71 72 74 70 72 73 74 76 74 72 74 75 76 78 74 76 77 78 80 78 76 78 79 80 82 78 80 81 82 84 82 80 82 83 84 86 82 84 85 86
INF INF INF INF INF INF INF INF INF INF INF INF INF INF INF INF INF INF INF INF INF INF INF INF INF INF INF INF INF INF INF INF INF INF INF INF INF INF INF INF INF INF INF INF INF INF INF INF INF INF INF INF INF INF INF INF INF INF INF INF INF INF INF INF INF INF INF INF INF INF INF INF INF INF INF INF INF INF INF INF INF INF INF INF INF INF INF INF INF INF INF INF INF INF INF INF INF INF INF INF INF INF INF INF INF INF INF INF INF INF INF INF INF INF INF INF INF INF INF INF INF INF INF INF INF INF INF INF INF INF INF INF INF INF INF INF INF INF INF INF INF INF INF INF INF INF INF INF INF INF INF INF INF INF INF INF INF INF INF INF INF INF INF INF INF INF INF INF INF INF INF INF INF INF INF INF INF INF INF INF INF INF INF INF INF INF INF INF INF INF INF INF INF INF INF INF INF INF INF INF INF INF INF INF INF INF INF INF INF INF INF INF INF INF INF INF INF INF INF INF INF INF INF INF INF INF INF INF INF INF INF INF INF INF INF INF INF INF INF INF INF INF INF INF INF INF INF INF INF INF INF INF INF INF INF INF INF INF INF INF INF INF INF INF INF INF INF INF INF INF 0 2 3 4 6 7 4 6 7 8 10 8 6 8 9 10 12 8 10 11 12 14 12 10 12 13 14 16 12 14 15 16 18 16 14 16 17 18 20 16 18 19 20 22 20 18 20 21 22 24 20 22 23 24 26 24 22 24 25 26 28 24 26 27 28 30 28 26 28 29 30 32 28 30 31 32 34 32 30 32 33 34 36 32 34 35 36 38 36 34 36 37 38 40 36 38 39 40 42 40 38 40 41 42 44 40 42 43 44 46 44 42 44 45 46 48 44 46 47 48 50 48 46 48 49 50 52 48 50 51 52 54 52 50 52 53 54 56 52 54 55 56 58 56 54 56 57 58 60 56 58 59 60 62 60 58 60 61 62 64 60 62 63 64 66 64 62 64 65 66 68 64 66 67 68 70 68 66 68 69 70 72 68 70 71 72 74 72 70 72 73 74 76 72 74 75 76 78 76 74 76 77 78 80 76 78 79 80 82 80 78 80 81 82 84 80 82 83 84 86 84 82 84 85 86 88 84 86 87 88
INF INF INF INF INF INF INF INF INF INF INF INF INF INF INF INF INF INF INF INF INF INF INF INF INF INF INF INF INF INF INF INF INF INF INF INF INF INF INF INF INF INF INF INF INF INF INF INF INF INF INF INF INF INF INF INF INF INF INF INF INF INF INF INF INF INF INF INF INF INF INF INF INF INF INF INF INF INF INF INF INF INF INF INF INF INF INF INF INF INF INF INF INF INF INF INF INF INF INF INF INF INF INF INF INF INF INF INF INF INF INF INF INF INF INF INF INF INF INF INF INF INF INF INF INF INF INF INF INF INF INF INF INF INF INF INF INF INF INF INF INF INF INF INF INF INF INF INF INF INF INF INF INF INF INF INF INF INF INF INF INF INF INF INF INF INF INF INF INF INF INF INF INF INF INF INF INF INF INF INF INF INF INF INF INF INF INF INF INF INF INF INF INF INF INF INF INF INF INF INF INF INF INF INF INF INF INF INF INF INF INF INF INF INF INF INF INF INF INF INF INF INF INF INF INF INF INF INF INF INF INF INF INF INF INF INF INF INF INF INF INF INF INF INF INF INF INF INF INF INF INF INF INF INF INF INF INF INF INF INF INF INF INF INF INF INF INF INF INF INF INF 0 2 3 4 6 2 4 5 6 8 6 4 6 7 8 10 6 8 9 10 12 10 8 10 11 12 14 10 12 13 14 16 14 12 14 15 16 18 14 16 17 18 20 18 16 18 19 20 22 18 20 21 22 24 22 20 22 23 24 26 22 24 25 26 28 26 24 26 27 28 30 26 28 29 30 32 30 28 30 31 32 34 30 32 33 34 36 34 32 34 35 36 38 34 36 37 38 40 38 36 38 39 40 42 38 40 41 42 44 42 40 42 43 44 46 42 44 45 46 48 46 44 46 47 48 50 46 48 49 50 52 50 48 50 51 52 54 50 52 53 54 56 54 52 54 55 56 58 54 56 57 58 60 58 56 58 59 60 62 58 60 61 62 64 62 60 62 63 64 66 62 64 65 66 68 66 64 66 67 68 70 66 68 69 70 72 70 68 70 71 72 74 70 72 73 74 76 74 72 74 75 76 78 74 76 77 78 80 78 76 78 79 80 82 78 80 81 82 84 82 80 82 83 84 86 82 84 85 86
INF INF INF INF INF INF INF INF INF INF INF INF INF INF INF INF INF INF INF INF INF INF INF INF INF INF INF INF INF INF INF INF INF INF INF INF INF INF INF INF INF INF INF INF INF INF INF INF INF INF INF INF INF INF INF INF INF INF INF INF INF INF INF INF INF INF INF INF INF INF INF INF INF INF INF INF INF INF INF INF INF INF INF INF INF INF INF INF INF INF INF INF INF INF INF INF INF INF INF INF INF INF INF INF INF INF INF INF INF INF INF INF INF INF INF INF INF INF INF INF INF INF INF INF INF INF INF INF INF INF INF INF INF INF INF INF INF INF INF INF INF INF INF INF INF INF INF INF INF INF INF INF INF INF INF INF INF INF INF INF INF INF INF INF INF INF INF INF INF INF INF INF INF INF INF INF INF INF INF INF INF INF INF INF INF INF INF INF INF INF INF INF INF INF INF INF INF INF INF INF INF INF INF INF INF INF INF INF INF INF INF INF INF INF INF INF INF INF INF INF INF INF INF INF INF INF INF INF INF INF INF INF INF INF INF INF INF INF INF INF INF INF INF INF INF INF INF INF INF INF INF INF INF INF INF INF INF INF INF INF INF INF INF INF INF INF INF INF INF INF INF INF 0 2 3 4 1 3 4 5 7 5 3 5 6 7 9 5 7 8 9 11 9 7 9 10 11 13 9 11 12 13 15 13 11 13 14 15 17 13 15 16 17 19 17 15 17 18 19 21 17 19 20 21 23 21 19 21 22 23 25 21 23 24 25 27 25 23 25 26 27 29 25 27 28 29 31 29 27 29 30 31 33 29 31 32 33 35 33 31 33 34 35 37 33 35 36 37 39 37 35 37 38 39 41 37 39 40 41 43 41 39 41 42 43 45 41 43 44 45 47 45 43 45 46 47 49 45 47 48 49 51 49 47 49 50 51 53 49 51 52 53 55 53 51 53 54 55 57 53 55 56 57 59 57 55 57 58 59 61 57 59 60 61 63 61 59 61 62 63 65 61 63 64 65 67 65 63 65 66 67 69 65 67 68 69 71 69 67 69 70 71 73 69 71 72 73 75 73 71 73 74 75 77 73 75 76 77 79 77 75 77 78 79 81 77 79 80 81 83 81 79 81 82 83 85 81 83 84 85
INF INF INF INF INF INF INF INF INF INF INF INF INF INF INF INF INF INF INF INF INF INF INF INF INF INF INF INF INF INF INF INF INF INF INF INF INF INF INF INF INF INF INF INF INF INF INF INF INF INF INF INF INF INF INF INF INF INF INF INF INF INF INF INF INF INF INF INF INF INF INF INF INF INF INF INF INF INF INF INF INF INF INF INF INF INF INF INF INF INF INF INF INF INF INF INF INF INF INF INF INF INF INF INF INF INF INF INF INF INF INF INF INF INF INF INF INF INF INF INF INF INF INF INF INF INF INF INF INF INF INF INF INF INF INF INF INF INF INF INF INF INF INF INF INF INF INF INF INF INF INF INF INF INF INF INF INF INF INF INF INF INF INF INF INF INF INF INF INF INF INF INF INF INF INF INF INF INF INF INF INF INF INF INF INF INF INF INF INF INF INF INF INF INF INF INF INF INF INF INF INF INF INF INF INF INF INF INF INF INF INF INF INF INF INF INF INF INF INF INF INF INF INF INF INF INF INF INF INF INF INF INF INF INF INF INF INF INF INF INF INF INF INF INF INF INF INF INF INF INF INF INF INF INF INF INF INF INF INF INF INF INF INF INF INF INF INF INF INF INF INF INF INF 0 2 3 0 2 3 4 6 4 2 4 5 6 8 4 6 7 8 10 8 6 8 9 10 12 8 10 11 12 14 12 10 12 13 14 16 12 14 15 16 18 16 14 16 17 18 20 16 18 19 20 22 20 18 20 21 22 24 20 22 23 24 26 24 22 24 25 26 28 24 26 27 28 30 28 26 28 29 30 32 28 30 31 32 34 32 30 32 33 34 36 32 34 35 36 38 36 34 36 37 38 40 36 38 39 40 42 40 38 40 41 42 44 40 42 43 44 46 44 42 44 45 46 48 44 46 47 48 50 48 46 48 49 50 52 48 50 51 52 54 52 50 52 53 54 56 52 54 55 56 58 56 54 56 57 58 60 56 58 59 60 62 60 58 60 61 62 64 60 62 63 64 66 64 62 64 65 66 68 64 66 67 68 70 68 66 68 69 70 72 68 70 71 72 74 72 70 72 73 74 76 72 74 75 76 78 76 74 76 77 78 80 76 78 79 80 82 80 78 80 81 82 84 80 82 83 84
INF INF INF INF INF INF INF INF INF INF INF INF INF INF INF INF INF INF INF INF INF INF INF INF INF INF INF INF INF INF INF INF INF INF INF INF INF INF INF INF INF INF INF INF INF INF INF INF INF INF INF INF INF INF INF INF INF INF INF INF INF INF INF INF INF INF INF INF INF INF INF INF INF INF INF INF INF INF INF INF INF INF INF INF INF INF INF INF INF INF INF INF INF INF INF INF INF INF INF INF INF INF INF INF INF INF INF INF INF INF INF INF INF INF INF INF INF INF INF INF INF INF INF INF INF INF INF INF INF INF INF INF INF INF INF INF INF INF INF INF INF INF INF INF INF INF INF INF INF INF INF INF INF INF INF INF INF INF INF INF INF INF INF INF INF INF INF INF INF INF INF INF INF INF INF INF INF INF INF INF INF INF INF INF INF INF INF INF INF INF INF INF INF INF INF INF INF INF INF INF INF INF INF INF INF INF INF INF INF INF INF INF INF INF INF INF INF INF INF INF INF INF INF INF INF INF INF INF INF INF INF INF INF INF INF INF INF INF INF INF INF INF INF INF INF INF INF INF INF INF INF INF INF INF INF INF INF INF INF INF INF INF INF INF INF INF INF INF INF INF INF INF INF INF 0 2 -2 0 1 2 4 2 0 2 3 4 6 2 4 5 6 8 6 4 6 7 8 10 6 8 9 10 12 10 8 10 11 12 14 10 12 13 14 16 14 12 14 15 16 18 14 16 17 18 20 18 16 18 19 20 22 18 20 21 22 24 22 20 22 23 24 26 22 24 25 26 28 26 24 26 27 28 30 26 28 29 30 32 30 28 30 31 32 34 30 32 33 34 36 34 32 34 35 36 38 34 36 37 38 40 38 36 38 39 40 42 38 40 41 42 44 42 40 42 43 44 46 42 44 45 46 48 46 44 46 47 48 50 46 48 49 50 52 50 48 50 51 52 54 50 52 53 54 56 54 52 54 55 56 58 54 56 57 58 60 58 56 58 59 60 62 58 60 61 62 64 62 60 62 63 64 66 62 64 65 66 68 66 64 66 67 68 70 66 68 69 70 72 70 68 70 71 72 74 70 72 73 74 76 74 72 74 75 76 78 74 76 77 78 80 78 76 78 79 80 82 78 80 81 82
INF INF INF INF INF INF INF INF INF INF INF INF INF INF INF INF INF INF INF INF INF INF INF INF INF INF INF INF INF INF INF INF INF INF INF INF INF INF INF INF INF INF INF INF INF INF INF INF INF INF INF INF INF INF INF INF INF INF INF INF INF INF INF INF INF INF INF INF INF INF INF INF INF INF INF INF INF INF INF INF INF INF INF INF INF INF INF INF INF INF INF INF INF INF INF INF INF INF INF INF INF INF INF INF INF INF INF INF INF INF INF INF INF INF INF INF INF INF INF INF INF INF INF INF INF INF INF INF INF INF INF INF INF INF INF INF INF INF INF INF INF INF INF INF INF INF INF INF INF INF INF INF INF INF INF INF INF INF INF INF INF INF INF INF INF INF INF INF INF INF INF INF INF INF INF INF INF INF INF INF INF INF INF INF INF INF INF INF INF INF INF INF INF INF INF INF INF INF INF INF INF INF INF INF INF INF INF INF INF INF INF INF INF INF INF INF INF INF INF INF INF INF INF INF INF INF INF INF INF INF INF INF INF INF INF INF INF INF INF INF INF INF INF INF INF INF INF INF INF INF INF INF INF INF INF INF INF INF INF INF INF INF INF INF INF INF INF INF INF INF INF INF INF INF INF 0 2 3 4 6 7 5 4 6 7 8 10 6 8 9 10 12 10 8 10 11 12 14 10 12 13 14 16 14 12 14 15 16 18 14 16 17 18 20 18 16 18 19 20 22 18 20 21 22 24 22 20 22 23 24 26 22 24 25 26 28 26 24 26 27 28 30 26 28 29 30 32 30 28 30 31 32 34 30 32 33 34 36 34 32 34 35 36 38 34 36 37 38 40 38 36 38 39 40 42 38 40 41 42 44 42 40 42 43 44 46 42 44 45 46 48 46 44 46 47 48 50 46 48 49 50 52 50 48 50 51 52 54 50 52 53 54 56 54 52 54 55 56 58 54 56 57 58 60 58 56 58 59 60 62 58 60 61 62 64 62 60 62 63 64 66 62 64 65 66 68 66 64 66 67 68 70 66 68 69 70 72 70 68 70 71 72 74 70 72 73 74 76 74 72 74 75 76 78 74 76 77 78 80 78 76 78 79 80 82 78 80 81 82 84 82 80 82 83 84 86 82 84 85 86
INF INF INF INF INF INF INF INF INF INF INF INF INF INF INF INF INF INF INF INF INF INF INF INF INF INF INF INF INF INF INF INF INF INF INF INF INF INF INF INF INF INF INF INF INF INF INF INF INF INF INF INF INF INF INF INF INF INF INF INF INF INF INF INF INF INF INF INF INF INF INF INF INF INF INF INF INF INF INF INF INF INF INF INF INF INF INF INF INF INF INF INF INF INF INF INF INF INF INF INF INF INF INF INF INF INF INF INF INF INF INF INF INF INF INF INF INF INF INF INF INF INF INF INF INF INF INF INF INF INF INF INF INF INF INF INF INF INF INF INF INF INF INF INF INF INF INF INF INF INF INF INF INF INF INF INF INF INF INF INF INF INF INF INF INF INF INF INF INF INF INF INF INF INF INF INF INF INF INF INF INF INF INF INF INF INF INF INF INF INF INF INF INF INF INF INF INF INF INF INF INF INF INF INF INF INF INF INF INF INF INF INF INF INF INF INF INF INF INF INF INF INF INF INF INF INF INF INF INF INF INF INF INF INF INF INF INF INF INF INF INF INF INF INF INF INF INF INF INF INF INF INF INF INF INF INF INF INF INF INF INF INF INF INF INF INF INF INF INF INF INF INF INF INF INF INF 0 2 3 4 6 4 2 4 5 6 8 4 6 7 8 10 8 6 8 9 10 12 8 10 11 12 14 12 10 12 13 14 16 12 14 15 16 18 16 14 16 17 18 20 16 18 19 20 22 20 18 20 21 22 24 20 22 23 24 26 24 22 24 25 26 28 24 26 27 28 30 28 26 28 29 30 32 28 30 31 32 34 32 30 32 33 34 36 32 34 35 36 38 36 34 36 37 38 40 36 38 39 40 42 40 38 40 41 42 44 40 42 43 44 46 44 42 44 45 46 48 44 46 47 48 50 48 46 48 49 50 52 48 50 51 52 54 52 50 52 53 54 56 52 54 55 56 58 56 54 56 57 58 60 56 58 59 60 62 60 58 60 61 62 64 60 62 63 64 66 64 62 64 65 66 68 64 66 67 68 70 68 66 68 69 70 72 68 70 71 72 74 72 70 72 73 74 76 72 74 75 76 78 76 74 76 77 78 80 76 78 79 80 82 80 78 80 81 82 84 80 82 83 84
INF INF INF INF INF INF INF INF INF INF INF INF INF INF INF INF INF INF INF INF INF INF INF INF INF INF INF INF INF INF INF INF INF INF INF INF INF INF INF INF INF INF INF INF INF INF INF INF INF INF INF INF INF INF INF INF INF INF INF INF INF INF INF INF INF INF INF INF INF INF INF INF INF INF INF INF INF INF INF INF INF INF INF INF INF INF INF INF INF INF INF INF INF INF INF INF INF INF INF INF INF INF INF INF INF INF INF INF INF INF INF INF INF INF INF INF INF INF INF INF INF INF INF INF INF INF INF INF INF INF INF INF INF INF INF INF INF INF INF INF INF INF INF INF INF INF INF INF INF INF INF INF INF INF INF INF INF INF INF INF INF INF INF INF INF INF INF INF INF INF INF INF INF INF INF INF INF INF INF INF INF INF INF INF INF INF INF INF INF INF INF INF INF INF INF INF INF INF INF INF INF INF INF INF INF INF INF INF INF INF INF INF INF INF INF INF INF INF INF INF INF INF INF INF INF INF INF INF INF INF INF INF INF INF INF INF INF INF INF INF INF INF INF INF INF INF INF INF INF INF INF INF INF INF INF INF INF INF INF INF INF INF INF INF INF INF INF INF INF INF INF INF INF INF INF INF INF 0 2 3 4 2 1 3 4 5 7 3 5 6 7 9 7 5 7 8 9 11 7 9 10 11 13 11 9 11 12 13 15 11 13 14 15 17 15 13 15 16 17 19 15 17 18 19 21 19 17 19 20 21 23 19 21 22 23 25 23 21 23 24 25 27 23 25 26 27 29 27 25 27 28 29 31 27 29 30 31 33 31 29 31 32 33 35 31 33 34 35 37 35 33 35 36 37 39 35 37 38 39 41 39 37 39 40 41 43 39 41 42 43 45 43 41 43 44 45 47 43 45 46 47 49 47 45 47 48 49 51 47 49 50 51 53 51 49 51 52 53 55 51 53 54 55 57 55 53 55 56 57 59 55 57 58 59 61 59 57 59 60 61 63 59 61 62 63 65 63 61 63 64 65 67 63 65 66 67 69 67 65 67 68 69 71 67 69 70 71 73 71 69 71 72 73 75 71 73 74 75 77 75 73 75 76 77 79 75 77 78 79 81 79 77 79 80 81 83 79 81 82 83
INF INF INF INF INF INF INF INF INF INF INF INF INF INF INF INF INF INF INF INF INF INF INF INF INF INF INF INF INF INF INF INF INF INF INF INF INF INF INF INF INF INF INF INF INF INF INF INF INF INF INF INF INF INF INF INF INF INF INF INF INF INF INF INF INF INF INF INF INF INF INF INF INF INF INF INF INF INF INF INF INF INF INF INF INF INF INF INF INF INF INF INF INF INF INF INF INF INF INF INF INF INF INF INF INF INF INF INF INF INF INF INF INF INF INF INF INF INF INF INF INF INF INF INF INF INF INF INF INF INF INF INF INF INF INF INF INF INF INF INF INF INF INF INF INF INF INF INF INF INF INF INF INF INF INF INF INF INF INF INF INF INF INF INF INF INF INF INF INF INF INF INF INF INF INF INF INF INF INF INF INF INF INF INF INF INF INF INF INF INF INF INF INF INF INF INF INF INF INF INF INF INF INF INF INF INF INF INF INF INF INF INF INF INF INF INF INF INF INF INF INF INF INF INF INF INF INF INF INF INF INF INF INF INF INF INF INF INF INF INF INF INF INF INF INF INF INF INF INF INF INF INF INF INF INF INF INF INF INF INF INF INF INF INF INF INF INF INF INF INF INF INF INF INF INF INF INF INF 0 2 3 1 0 2 3 4 6 2 4 5 6 8 6 4 6 7 8 10 6 8 9 10 12 10 8 10 11 12 14 10 12 13 14 16 14 12 14 15 16 18 14 16 17 18 20 18 16 18 19 20 22 18 20 21 22 24 22 20 22 23 24 26 22 24 25 26 28 26 24 26 27 28 30 26 28 29 30 32 30 28 30 31 32 34 30 32 33 34 36 34 32 34 35 36 38 34 36 37 38 40 38 36 38 39 40 42 38 40 41 42 44 42 40 42 43 44 46 42 44 45 46 48 46 44 46 47 48 50 46 48 49 50 52 50 48 50 51 52 54 50 52 53 54 56 54 52 54 55 56 58 54 56 57 58 60 58 56 58 59 60 62 58 60 61 62 64 62 60 62 63 64 66 62 64 65 66 68 66 64 66 67 68 70 66 68 69 70 72 70 68 70 71 72 74 70 72 73 74 76 74 72 74 75 76 78 74 76 77 78 80 78 76 78 79 80 82 78 80 81 82
INF INF INF INF INF INF INF INF INF INF INF INF INF INF INF INF INF INF INF INF INF INF INF INF INF INF INF INF INF INF INF INF INF INF INF INF INF INF INF INF INF INF INF INF INF INF INF INF INF INF INF INF INF INF INF INF INF INF INF INF INF INF INF INF INF INF INF INF INF INF INF INF INF INF INF INF INF INF INF INF INF INF INF INF INF INF INF INF INF INF INF INF INF INF INF INF INF INF INF INF INF INF INF INF INF INF INF INF INF INF INF INF INF INF INF INF INF INF INF INF INF INF INF INF INF INF INF INF INF INF INF INF INF INF INF INF INF INF INF INF INF INF INF INF INF INF INF INF INF INF INF INF INF INF INF INF INF INF INF INF INF INF INF INF INF INF INF INF INF INF INF INF INF INF INF INF INF INF INF INF INF INF INF INF INF INF INF INF INF INF INF INF INF INF INF INF INF INF INF INF INF INF INF INF INF INF INF INF INF INF INF INF INF INF INF INF INF INF INF INF INF INF INF INF INF INF INF INF INF INF INF INF INF INF INF INF INF INF INF INF INF INF INF INF INF INF INF INF INF INF INF INF INF INF INF INF INF INF INF INF INF INF INF INF INF INF INF INF INF INF INF INF INF INF INF INF INF INF INF 0 2 0 -2 0 1 2 4 0 2 3 4 6 4 2 4 5 6 8 4 6 7 8 10 8 6 8 9 10 12 8 10 11 12 14 12 10 12 13 14 16 12 14 15 16 18 16 14 16 17 18 20 16 18 19 20 22 20 18 20 21 22 24 20 22 23 24 26 24 22 24 25 26 28 24 26 27 28 30 28 26 28 29 30 32 28 30 31 32 34 32 30 32 33 34 36 32 34 35 36 38 36 34 36 37 38 40 36 38 39 40 42 40 38 40 41 42 44 40 42 43 44 46 44 42 44 45 46 48 44 46 47 48 50 48 46 48 49 50 52 48 50 51 52 54 52 50 52 53 54 56 52 54 55 56 58 56 54 56 57 58 60 56 58 59 60 62 60 58 60 61 62 64 60 62 63 64 66 64 62 64 65 66 68 64 66 67 68 70 68 66 68 69 70 72 68 70 71 72 74 72 70 72 73 74 76 72 74 75 76 78 76 74 76 77 78 80 76 78 79 80
INF INF INF INF INF INF INF INF INF INF INF INF INF INF INF INF INF INF INF INF INF INF INF INF INF INF INF INF INF INF INF INF INF INF INF INF INF INF INF INF INF INF INF INF INF INF INF INF INF INF INF INF INF INF INF INF INF INF INF INF INF INF INF INF INF INF INF INF INF INF INF INF INF INF INF INF INF INF INF INF INF INF INF INF INF INF INF INF INF INF INF INF INF INF INF INF INF INF INF INF INF INF INF INF INF INF INF INF INF INF INF INF INF INF INF INF INF INF INF INF INF INF INF INF INF INF INF INF INF INF INF INF INF INF INF INF INF INF INF INF INF INF INF INF INF INF INF INF INF INF INF INF INF INF INF INF INF INF INF INF INF INF INF INF INF INF INF INF INF INF INF INF INF INF INF INF INF INF INF INF INF INF INF INF INF INF INF INF INF INF INF INF INF INF INF INF INF INF INF INF INF INF INF INF INF INF INF INF INF INF INF INF INF INF INF INF INF INF INF INF INF INF INF INF INF INF INF INF INF INF INF INF INF INF INF INF INF INF INF INF INF INF INF INF INF INF INF INF INF INF INF INF INF INF INF INF INF INF INF INF INF INF INF INF INF INF INF INF INF INF INF INF INF INF INF INF INF INF INF INF 0 -2 0 1 2 4 5 2 4 5 6 8 6 4 6 7 8 10 6 8 9 10 12 10 8 10 11 12 14 10 12 13 14 16 14 12 14 15 16 18 14 16 17 18 20 18 16 18 19 20 22 18 20 21 22 24 22 20 22 23 24 26 22 24 25 26 28 26 24 26 27 28 30 26 28 29 30 32 30 28 30 31 32 34 30 32 33 34 36 34 32 34 35 36 38 34 36 37 38 40 38 36 38 39 40 42 38 40 41 42 44 42 40 42 43 44 46 42 44 45 46 48 46 44 46 47 48 50 46 48 49 50 52 50 48 50 51 52 54 50 52 53 54 56 54 52 54 55 56 58 54 56 57 58 60 58 56 58 59 60 62 58 60 61 62 64 62 60 62 63 64 66 62 64 65 66 68 66 64 66 67 68 70 66 68 69 70 72 70 68 70 71 72 74 70 72 73 74 76 74 72 74 75 76 78 74 76 77 78 80 78 76 78 79 80 82 78 80 81 82
INF INF INF INF INF INF INF INF INF INF INF INF INF INF INF INF INF INF INF INF INF INF INF INF INF INF INF INF INF INF INF INF INF INF INF INF INF INF INF INF INF INF INF INF INF INF INF INF INF INF INF INF INF INF INF INF INF INF INF INF INF INF INF INF INF INF INF INF INF INF INF INF INF INF INF INF INF INF INF INF INF INF INF INF INF INF INF INF INF INF INF INF INF INF INF INF INF INF INF INF INF INF INF INF INF INF INF INF INF INF INF INF INF INF INF INF INF INF INF INF INF INF INF INF INF INF INF INF INF INF INF INF INF INF INF INF INF INF INF INF INF INF INF INF INF INF INF INF INF INF INF INF INF INF INF INF INF INF INF INF INF INF INF INF INF INF INF INF INF INF INF INF INF INF INF INF INF INF INF INF INF INF INF INF INF INF INF INF INF INF INF INF INF INF INF INF INF INF INF INF INF INF INF INF INF INF INF INF INF INF INF INF INF INF INF INF INF INF INF INF INF INF INF INF INF INF INF INF INF INF INF INF INF INF INF INF INF INF INF INF INF INF INF INF INF INF INF INF INF INF INF INF INF INF INF INF INF INF INF INF INF INF INF INF INF INF INF INF INF INF INF INF INF INF INF INF INF INF INF INF INF 0 2 3 4 6 7 4 6 7 8 10 8 6 8 9 10 12 8 10 11 12 14 12 10 12 13 14 16 12 14 15 16 18 16 14 16 17 18 20 16 18 19 20 22 20 18 20 21 22 24 20 22 23 24 26 24 22 24 25 26 28 24 26 27 28 30 28 26 28 29 30 32 28 30 31 32 34 32 30 32 33 34 36 32 34 35 36 38 36 34 36 37 38 40 36 38 39 40 42 40 38 40 41 42 44 40 42 43 44 46 44 42 44 45 46 48 44 46 47 48 50 48 46 48 49 50 52 48 50 51 52 54 52 50 52 53 54 56 52 54 55 56 58 56 54 56 57 58 60 56 58 59 60 62 60 58 60 61 62 64 60 62 63 64 66 64 62 64 65 66 68 64 66 67 68 70 68 66 68 69 70 72 68 70 71 72 74 72 70 72 73 74 76 72 74 75 76 78 76 74 76 77 78 80 76 78 79 80 82 80 78 80 81 82 84 80 82 83 84
INF INF INF INF INF INF INF INF INF INF INF INF INF INF INF INF INF INF INF INF INF INF INF INF INF INF INF INF INF INF INF INF INF INF INF INF INF INF INF INF INF INF INF INF INF INF INF INF INF INF INF INF INF INF INF INF INF INF INF INF INF INF INF INF INF INF INF INF INF INF INF INF INF INF INF INF INF INF INF INF INF INF INF INF INF INF INF INF INF INF INF INF INF INF INF INF INF INF INF INF INF INF INF INF INF INF INF INF INF INF INF INF INF INF INF INF INF INF INF INF INF INF INF INF INF INF INF INF INF INF INF INF INF INF INF INF INF INF INF INF INF INF INF INF INF INF INF INF INF INF INF INF INF INF INF INF INF INF INF INF INF INF INF INF INF INF INF INF INF INF INF INF INF INF INF INF INF INF INF INF INF INF INF INF INF INF INF INF INF INF INF INF INF INF INF INF INF INF INF INF INF INF INF INF INF INF INF INF INF INF INF INF INF INF INF INF INF INF INF INF INF INF INF INF INF INF INF INF INF INF INF INF INF INF INF INF INF INF INF INF INF INF INF INF INF INF INF INF INF INF INF INF INF INF INF INF INF INF INF INF INF INF INF INF INF INF INF INF INF INF INF INF INF INF INF INF INF INF INF INF INF INF 0 2 3 4 6 2 4 5 6 8 6 4 6 7 8 10 6 8 9 10 12 10 8 10 11 12 14 10 12 13 14 16 14 12 14 15 16 18 14 16 17 18 20 18 16 18 19 20 22 18 20 21 22 24 22 20 22 23 24 26 22 24 25 26 28 26 24 26 27 28 30 26 28 29 30 32 30 28 30 31 32 34 30 32 33 34 36 34 32 34 35 36 38 34 36 37 38 40 38 36 38 39 40 42 38 40 41 42 44 42 40 42 43 44 46 42 44 45 46 48 46 44 46 47 48 50 46 48 49 50 52 50 48 50 51 52 54 50 52 53 54 56 54 52 54 55 56 58 54 56 57 58 60 58 56 58 59 60 62 58 60 61 62 64 62 60 62 63 64 66 62 64 65 66 68 66 64 66 67 68 70 66 68 69 70 72 70 68 70 71 72 74 70 72 73 74 76 74 72 74 75 76 78 74 76 77 78 80 78 76 78 79 80 82 78 80 81 82
INF INF INF INF INF INF INF INF INF INF INF INF INF INF INF INF INF INF INF INF INF INF INF INF INF INF INF INF INF INF INF INF INF INF INF INF INF INF INF INF INF INF INF INF INF INF INF INF INF INF INF INF INF INF INF INF INF INF INF INF INF INF INF INF INF INF INF INF INF INF INF INF INF INF INF INF INF INF INF INF INF INF INF INF INF INF INF INF INF INF INF INF INF INF INF INF INF INF INF INF INF INF INF INF INF INF INF INF INF INF INF INF INF INF INF INF INF INF INF INF INF INF INF INF INF INF INF INF INF INF INF INF INF INF INF INF INF INF INF INF INF INF INF INF INF INF INF INF INF INF INF INF INF INF INF INF INF INF INF INF INF INF INF INF INF INF INF INF INF INF INF INF INF INF INF INF INF INF INF INF INF INF INF INF INF INF INF INF INF INF INF INF INF INF INF INF INF INF INF INF INF INF INF INF INF INF INF INF INF INF INF INF INF INF INF INF INF INF INF INF INF INF INF INF INF INF INF INF INF INF INF INF INF INF INF INF INF INF INF INF INF INF INF INF INF INF INF INF INF INF INF INF INF INF INF INF INF INF INF INF INF INF INF INF INF INF INF INF INF INF INF INF INF INF INF INF INF INF INF INF INF INF INF 0 2 3 4 1 3 4 5 7 5 3 5 6 7 9 5 7 8 9 11 9 7 9 10 11 13 9 11 12 13 15 13 11 13 14 15 17 13 15 16 17 19 17 15 17 18 19 21 17 19 20 21 23 21 19 21 22 23 25 21 23 24 25 27 25 23 25 26 27 29 25 27 28 29 31 29 27 29 30 31 33 29 31 32 33 35 33 31 33 34 35 37 33 35 36 37 39 37 35 37 38 39 41 37 39 40 41 43 41 39 41 42 43 45 41 43 44 45 47 45 43 45 46 47 49 45 47 48 49 51 49 47 49 50 51 53 49 51 52 53 55 53 51 53 54 55 57 53 55 56 57 59 57 55 57 58 59 61 57 59 60 61 63 61 59 61 62 63 65 61 63 64 65 67 65 63 65 66 67 69 65 67 68 69 71 69 67 69 70 71 73 69 71 72 73 75 73 71 73 74 75 77 73 75 76 77 79 77 75 77 78 79 81 77 79 80 81
INF INF INF INF INF INF INF INF INF INF INF INF INF INF INF INF INF INF INF INF INF INF INF INF INF INF INF INF INF INF INF INF INF INF INF INF INF INF INF INF INF INF INF INF INF INF INF INF INF INF INF INF INF INF INF INF INF INF INF INF INF INF INF INF INF INF INF INF INF INF INF INF INF INF INF INF INF INF INF INF INF INF INF INF INF INF INF INF INF INF INF INF INF INF INF INF INF INF INF INF INF INF INF INF INF INF INF INF INF INF INF INF INF INF INF INF INF INF INF INF INF INF INF INF INF INF INF INF INF INF INF INF INF INF INF INF INF INF INF INF INF INF INF INF INF INF INF INF INF INF INF INF INF INF INF INF INF INF INF INF INF INF INF INF INF INF INF INF INF INF INF INF INF INF INF INF INF INF INF INF INF INF INF INF INF INF INF INF INF INF INF INF INF INF INF INF INF INF INF INF INF INF INF INF INF INF INF INF INF INF INF INF INF INF INF INF INF INF INF INF INF INF INF INF INF INF INF INF INF INF INF INF INF INF INF INF INF INF INF INF INF INF INF INF INF INF INF INF INF INF INF INF INF INF INF INF INF INF INF INF INF INF INF INF INF INF INF INF INF INF INF INF INF INF INF INF INF INF INF INF INF INF INF INF 0 2 3 0 2 3 4 6 4 2 4 5 6 8 4 6 7 8 10 8 6 8 9 10 12 8 10 11 12 14 12 10 12 13 14 16 12 14 15 16 18 16 14 16 17 18 20 16 18 19 20 22 20 18 20 21 22 24 20 22 23 24 26 24 22 24 25 26 28 24 26 27 28 30 28 26 28 29 30 32 28 30 31 32 34 32 30 32 33 34 36 32 34 35 36 38 36 34 36 37 38 40 36 38 39 40 42 40 38 40 41 42 44 40 42 43 44 46 44 42 44 45 46 48 44 46 47 48 50 48 46 48 49 50 52 48 50 51 52 54 52 50 52 53 54 56 52 54 55 56 58 56 54 56 57 58 60 56 58 59 60 62 60 58 60 61 62 64 60 62 63 64 66 64 62 64 65 66 68 64 66 67 68 70 68 66 68 69 70 72 68 70 71 72 74 72 70 72 73 74 76 72 74 75 76 78 76 74 76 77 78 80 76 78 79 80
INF INF INF INF INF INF INF INF INF INF INF INF INF INF INF INF INF INF INF INF INF INF INF INF INF INF INF INF INF INF INF INF INF INF INF INF INF INF INF INF INF INF INF INF INF INF INF INF INF INF INF INF INF INF INF INF INF INF INF INF INF INF INF INF INF INF INF INF INF INF INF INF INF INF INF INF INF INF INF INF INF INF INF INF INF INF INF INF INF INF INF INF INF INF INF INF INF INF INF INF INF INF INF INF INF INF INF INF INF INF INF INF INF INF INF INF INF INF INF INF INF INF INF INF INF INF INF INF INF INF INF INF INF INF INF INF INF INF INF INF INF INF INF INF INF INF INF INF INF INF INF INF INF INF INF INF INF INF INF INF INF INF INF INF INF INF INF INF INF INF INF INF INF INF INF INF INF INF INF INF INF INF INF INF INF INF INF INF INF INF INF INF INF INF INF INF INF INF INF INF INF INF INF INF INF INF INF INF INF INF INF INF INF INF INF INF INF INF INF INF INF INF INF INF INF INF INF INF INF INF INF INF INF INF INF INF INF INF INF INF INF INF INF INF INF INF INF INF INF INF INF INF INF INF INF INF INF INF INF INF INF INF INF INF INF INF INF INF INF INF INF INF INF INF INF INF INF INF INF INF INF INF INF INF INF 0 2 -2 0 1 2 4 2 0 2 3 4 6 2 4 5 6 8 6 4 6 7 8 10 6 8 9 10 12 10 8 10 11 12 14 10 12 13 14 16 14 12 14 15 16 18 14 16 17 18 20 18 16 18 19 20 22 18 20 21 22 24 22 20 22 23 24 26 22 24 25 26 28 26 24 26 27 28 30 26 28 29 30 32 30 28 30 31 32 34 30 32 33 34 36 34 32 34 35 36 38 34 36 37 38 40 38 36 38 39 40 42 38 40 41 42 44 42 40 42 43 44 46 42 44 45 46 48 46 44 46 47 48 50 46 48 49 50 52 50 48 50 51 52 54 50 52 53 54 56 54 52 54 55 56 58 54 56 57 58 60 58 56 58 59 60 62 58 60 61 62 64 62 60 62 63 64 66 62 64 65 66 68 66 64 66 67 68 70 66 68 69 70 72 70 68 70 71 72 74 70 72 73 74 76 74 72 74 75 76 78 74 76 77 78
INF INF INF INF INF INF INF INF INF INF INF INF INF INF INF INF INF INF INF INF INF INF INF INF INF INF INF INF INF INF INF INF INF INF INF INF INF INF INF INF INF INF INF INF INF INF INF INF INF INF INF INF INF INF INF INF INF INF INF INF INF INF INF INF INF INF INF INF INF INF INF INF INF INF INF INF INF INF INF INF INF INF INF INF INF INF INF INF INF INF INF INF INF INF INF INF INF INF INF INF INF INF INF INF INF INF INF INF INF INF INF INF INF INF INF INF INF INF INF INF INF INF INF INF INF INF INF INF INF INF INF INF INF INF INF INF INF INF INF INF INF INF INF INF INF INF INF INF INF INF INF INF INF INF INF INF INF INF INF INF INF INF INF INF INF INF INF INF INF INF INF INF INF INF INF INF INF INF INF INF INF INF INF INF INF INF INF INF INF INF INF INF INF INF INF INF INF INF INF INF INF INF INF INF INF INF INF INF INF INF INF INF INF INF INF INF INF INF INF INF INF INF INF INF INF INF INF INF INF INF INF INF INF INF INF INF INF INF INF INF INF INF INF INF INF INF INF INF INF INF INF INF INF INF INF INF INF INF INF INF INF INF INF INF INF INF INF INF INF INF INF INF INF INF INF INF INF INF INF INF INF INF INF INF INF INF 0 2 3 4 6 7 5 4 6 7 8 10 6 8 9 10 12 10 8 10 11 12 14 10 12 13 14 16 14 12 14 15 16 18 14 16 17 18 20 18 16 18 19 20 22 18 20 21 22 24 22 20 22 23 24 26 22 24 25 26 28 26 24 26 27 28 30 26 28 29 30 32 30 28 30 31 32 34 30 32 33 34 36 34 32 34 35 36 38 34 36 37 38 40 38 36 38 39 40 42 38 40 41 42 44 42 40 42 43 44 46 42 44 45 46 48 46 44 46 47 48 50 46 48 49 50 52 50 48 50 51 52 54 50 52 53 54 56 54 52 54 55 56 58 54 56 57 58 60 58 56 58 59 60 62 58 60 61 62 64 62 60 62 63 64 66 62 64 65 66 68 66 64 66 67 68 70 66 68 69 70 72 70 68 70 71 72 74 70 72 73 74 76 74 72 74 75 76 78 74 76 77 78 80 78 76 78 79 80 82 78 80 81 82
INF INF INF INF INF INF INF INF INF INF INF INF INF INF INF INF INF INF INF INF INF INF INF INF INF INF INF INF INF INF INF INF INF INF INF INF INF INF INF INF INF INF INF INF INF INF INF INF INF INF INF INF INF INF INF INF INF INF INF INF INF INF INF INF INF INF INF INF INF INF INF INF INF INF INF INF INF INF INF INF INF INF INF INF INF INF INF INF INF INF INF INF INF INF INF INF INF INF INF INF INF INF INF INF INF INF INF INF INF INF INF INF INF INF INF INF INF INF INF INF INF INF INF INF INF INF INF INF INF INF INF INF INF INF INF INF INF INF INF INF INF INF INF INF INF INF INF INF INF INF INF INF INF INF INF INF INF INF INF INF INF INF INF INF INF INF INF INF INF INF INF INF INF INF INF INF INF INF INF INF INF INF INF INF INF INF INF INF INF INF INF INF INF INF INF INF INF INF INF INF INF INF INF INF INF INF INF INF INF INF INF INF INF INF INF INF INF INF INF INF INF INF INF INF INF INF INF INF INF INF INF INF INF INF INF INF INF INF INF INF INF INF INF INF INF INF INF INF INF INF INF INF INF INF INF INF INF INF INF INF INF INF INF INF INF INF INF INF INF INF INF INF INF INF INF INF INF INF INF INF INF INF INF INF INF INF INF 0 2 3 4 6 4 2 4 5 6 8 4 6 7 8 10 8 6 8 9 10 12 8 10 11 12 14 12 10 12 13 14 16 12 14 15 16 18 16 14 16 17 18 20 16 18 19 20 22 20 18 20 21 22 24 20 22 23 24 26 24 22 24 25 26 28 24 26 27 28 30 28 26 28 29 30 32 28 30 31 32 34 32 30 32 33 34 36 32 34 35 36 38 36 34 36 37 38 40 36 38 39 40 42 40 38 40 41 42 44 40 42 43 44 46 44 42 44 45 46 48 44 46 47 48 50 48 46 48 49 50 52 48 50 51 52 54 52 50 52 53 54 56 52 54 55 56 58 56 54 56 57 58 60 56 58 59 60 62 60 58 60 61 62 64 60 62 63 64 66 64 62 64 65 66 68 64 66 67 68 70 68 66 68 69 70 72 68 70 71 72 74 72 70 72 73 74 76 72 74 75 76 78 76 74 76 77 78 80 76 78 79 80
INF INF INF INF INF INF INF INF INF INF INF INF INF INF INF INF INF INF INF INF INF INF INF INF INF INF INF INF INF INF INF INF INF INF INF INF INF INF INF INF INF INF INF INF INF INF INF INF INF INF INF INF INF INF INF INF INF INF INF INF INF INF INF INF INF INF INF INF INF INF INF INF INF INF INF INF INF INF INF INF INF INF INF INF INF INF INF INF INF INF INF INF INF INF INF INF INF INF INF INF INF INF INF INF INF INF INF INF INF INF INF INF INF INF INF INF INF INF INF INF INF INF INF INF INF INF INF INF INF INF INF INF INF INF INF INF INF INF INF INF INF INF INF INF INF INF INF INF INF INF INF INF INF INF INF INF INF INF INF INF INF INF INF INF INF INF INF INF INF INF INF INF INF INF INF INF INF INF INF INF INF INF INF INF INF INF INF INF INF INF INF INF INF INF INF INF INF INF INF INF INF INF INF INF INF INF INF INF INF INF INF INF INF INF INF INF INF INF INF INF INF INF INF INF INF INF INF INF INF INF INF INF INF INF INF INF INF INF INF INF INF INF INF INF INF INF INF INF INF INF INF INF INF INF INF INF INF INF INF INF INF INF INF INF INF INF INF INF INF INF INF INF INF INF INF INF INF INF INF INF INF INF INF INF INF INF INF INF 0 2 3 4 2 1 3 4 5 7 3 5 6 7 9 7 5 7 8 9 11 7 9 10 11 13 11 9 11 12 13 15 11 13 14 15 17 15 13 15 16 17 19 15 17 18 19 21 19 17 19 20 21 23 19 21 22 23 25 23 21 23 24 25 27 23 25 26 27 29 27 25 27 28 29 31 27 29 30 31 33 31 29 31 32 33 35 31 33 34 35 37 35 33 35 36 37 39 35 37 38 39 41 39 37 39 40 41 43 39 41 42 43 45 43 41 43 44 45 47 43 45 46 47 49 47 45 47 48 49 51 47 49 50 51 53 51 49 51 52 53 55 51 53 54 55 57 55 53 55 56 57 59 55 57 58 59 61 59 57 59 60 61 63 59 61 62 63 65 63 61 63 64 65 67 63 65 66 67 69 67 65 67 68 69 71 67 69 70 71 73 71 69 71 72 73 75 71 73 74 75 77 75 73 75 76 77 79 75 77 78 79
INF INF INF INF INF INF INF INF INF INF INF INF INF INF INF INF INF INF INF INF INF INF INF INF INF INF INF INF INF INF INF INF INF INF INF INF INF INF INF INF INF INF INF INF INF INF INF INF INF INF INF INF INF INF INF INF INF INF INF INF INF INF INF INF INF INF INF INF INF INF INF INF INF INF INF INF INF INF INF INF INF INF INF INF INF INF INF INF INF INF INF INF INF INF INF INF INF INF INF INF INF INF INF INF INF INF INF INF INF INF INF INF INF INF INF INF INF INF INF INF INF INF INF INF INF INF INF INF INF INF INF INF INF INF INF INF INF INF INF INF INF INF INF INF INF INF INF INF INF INF INF INF INF INF INF INF INF INF INF INF INF INF INF INF INF INF INF INF INF INF INF INF INF INF INF INF INF INF INF INF INF INF INF INF INF INF INF INF INF INF INF INF INF INF INF INF INF INF INF INF INF INF INF INF INF INF INF INF INF INF INF INF INF INF INF INF INF INF INF INF INF INF INF INF INF INF INF INF INF INF INF INF INF INF INF INF INF INF INF INF INF INF INF INF INF INF INF INF INF INF INF INF INF INF INF INF INF INF INF INF INF INF INF INF INF INF INF INF INF INF INF INF INF INF INF INF INF INF INF INF INF INF INF INF INF INF INF INF INF 0 2 3 1 0 2 3 4 6 2 4 5 6 8 6 4 6 7 8 10 6 8 9 10 12 10 8 10 11 12 14 10 12 13 14 16 14 12 14 15 16 18 14 16 17 18 20 18 16 18 19 20 22 18 20 21 22 24 22 20 22 23 24 26 22 24 25 26 28 26 24 26 27 28 30 26 28 29 30 32 30 28 30 31 32 34 30 32 33 34 36 34 32 34 35 36 38 34 36 37 38 40 38 36 38 39 40 42 38 40 41 42 44 42 40 42 43 44 46 42 44 45 46 48 46 44 46 47 48 50 46 48 49 50 52 50 48 50 51 52 54 50 52 53 54 56 54 52 54 55 56 58 54 56 57 58 60 58 56 58 59 60 62 58 60 61 62 64 62 60 62 63 64 66 62 64 65 66 68 66 64 66 67 68 70 66 68 69 70 72 70 68 70 71 72 74 70 72 73 74 76 74 72 74 75 76 78 74 76 77 78
INF INF INF INF INF INF INF INF INF INF INF INF INF INF INF INF INF INF INF INF INF INF INF INF INF INF INF INF INF INF INF INF INF INF INF INF INF INF INF INF INF INF INF INF INF INF INF INF INF INF INF INF INF INF INF INF INF INF INF INF INF INF INF INF INF INF INF INF INF INF INF INF INF INF INF INF INF INF INF INF INF INF INF INF INF INF INF INF INF INF INF INF INF INF INF INF INF INF INF INF INF INF INF INF INF INF INF INF INF INF INF INF INF INF INF INF INF INF INF INF INF INF INF INF INF INF INF INF INF INF INF INF INF INF INF INF INF INF INF INF INF INF INF INF INF INF INF INF INF INF INF INF INF INF INF INF INF INF INF INF INF INF INF INF INF INF INF INF INF INF INF INF INF INF INF INF INF INF INF INF INF INF INF INF INF INF INF INF INF INF INF INF INF INF INF INF INF INF INF INF INF INF INF INF INF INF INF INF INF INF INF INF INF INF INF INF INF INF INF INF INF INF INF INF INF INF INF INF INF INF INF INF INF INF INF INF INF INF INF INF INF INF INF INF INF INF INF INF INF INF INF INF INF INF INF INF INF INF INF INF INF INF INF INF INF INF INF INF INF INF INF INF INF INF INF INF INF INF INF INF INF INF INF INF INF INF INF INF INF INF 0 2 0 -2 0 1 2 4 0 2 3 4 6 4 2 4 5 6 8 4 6 7 8 10 8 6 8 9 10 12 8 10 11 12 14 12 10 12 13 14 16 12 14 15 16 18 16 14 16 17 18 20 16 18 19 20 22 20 18 20 21 22 24 20 22 23 24 26 24 22 24 25 26 28 24 26 27 28 30 28 26 28 29 30 32 28 30 31 32 34 32 30 32 33 34 36 32 34 35 36 38 36 34 36 37 38 40 36 38 39 40 42 40 38 40 41 42 44 40 42 43 44 46 44 42 44 45 46 48 44 46 47 48 50 48 46 48 49 50 52 48 50 51 52 54 52 50 52 53 54 56 52 54 55 56 58 56 54 56 57 58 60 56 58 59 60 62 60 58 60 61 62 64 60 62 63 64 66 64 62 64 65 66 68 64 66 67 68 70 68 66 68 69 70 72 68 70 71 72 74 72 70 72 73 74 76 72 74 75 76
INF INF INF INF INF INF INF INF INF INF INF INF INF INF INF INF INF INF INF INF INF INF INF INF INF INF INF INF INF INF INF INF INF INF INF INF INF INF INF INF INF INF INF INF INF INF INF INF INF INF INF INF INF INF INF INF INF INF INF INF INF INF INF INF INF INF INF INF INF INF INF INF INF INF INF INF INF INF INF INF INF INF INF INF INF INF INF INF INF INF INF INF INF INF INF INF INF INF INF INF INF INF INF INF INF INF INF INF INF INF INF INF INF INF INF INF INF INF INF INF INF INF INF INF INF INF INF INF INF INF INF INF INF INF INF INF INF INF INF INF INF INF INF INF INF INF INF INF INF INF INF INF INF INF INF INF INF INF INF INF INF INF INF INF INF INF INF INF INF INF INF INF INF INF INF INF INF INF INF INF INF INF INF INF INF INF INF INF INF INF INF INF INF INF INF INF INF INF INF INF INF INF INF INF INF INF INF INF INF INF INF INF INF INF INF INF INF INF INF INF INF INF INF INF INF INF INF INF INF INF INF INF INF INF INF INF INF INF INF INF INF INF INF INF INF INF INF INF INF INF INF INF INF INF INF INF INF INF INF INF INF INF INF INF INF INF INF INF INF INF INF INF INF INF INF INF INF INF INF INF INF INF INF INF INF INF INF INF INF INF INF 0 -2 0 1 2 4 5 2 4 5 6 8 6 4 6 7 8 10 6 8 9 10 12 10 8 10 11 12 14 10 12 13 14 16 14 12 14 15 16 18 14 16 17 18 20 18 16 18 19 20 22 18 20 21 22 24 22 20 22 23 24 26 22 24 25 26 28 26 24 26 27 28 30 26 28 29 30 32 30 28 30 31 32 34 30 32 33 34 36 34 32 34 35 36 38 34 36 37 38 40 38 36 38 39 40 42 38 40 41 42 44 42 40 42 43 44 46 42 44 45 46 48 46 44 46 47 48 50 46 48 49 50 52 50 48 50 51 52 54 50 52 53 54 56 54 52 54 55 56 58 54 56 57 58 60 58 56 58 59 60 62 58 60 61 62 64 62 60 62 63 64 66 62 64 65 66 68 66 64 66 67 68 70 66 68 69 70 72 70 68 70 71 72 74 70 72 73 74 76 74 72 74 75 76 78 74 76 77 78
INF INF INF INF INF INF INF INF INF INF INF INF INF INF INF INF INF INF INF INF INF INF INF INF INF INF INF INF INF INF INF INF INF INF INF INF INF INF INF INF INF INF INF INF INF INF INF INF INF INF INF INF INF INF INF INF INF INF INF INF INF INF INF INF INF INF INF INF INF INF INF INF INF INF INF INF INF INF INF INF INF INF INF INF INF INF INF INF INF INF INF INF INF INF INF INF INF INF INF INF INF INF INF INF INF INF INF INF INF INF INF INF INF INF INF INF INF INF INF INF INF INF INF INF INF INF INF INF INF INF INF INF INF INF INF INF INF INF INF INF INF INF INF INF INF INF INF INF INF INF INF INF INF INF INF INF INF INF INF INF INF INF INF INF INF INF INF INF INF INF INF INF INF INF INF INF INF INF INF INF INF INF INF INF INF INF INF INF INF INF INF INF INF INF INF INF INF INF INF INF INF INF INF INF INF INF INF INF INF INF INF INF INF INF INF INF INF INF INF INF INF INF INF INF INF INF INF INF INF INF INF INF INF INF INF INF INF INF INF INF INF INF INF INF INF INF INF INF INF INF INF INF INF INF INF INF INF INF INF INF INF INF INF INF INF INF INF INF INF INF INF INF INF INF INF INF INF INF INF INF INF INF INF INF INF INF INF INF INF INF INF INF 0 2 3 4 6 7 4 6 7 8 10 8 6 8 9 10 12 8 10 11 12 14 12 10 12 13 14 16 12 14 15 16 18 16 14 16 17 18 20 16 18 19 20 22 20 18 20 21 22 24 20 22 23 24 26 24 22 24 25 26 28 24 26 27 28 30 28 26 28 29 30 32 28 30 31 32 34 32 30 32 33 34 36 32 34 35 36 38 36 34 36 37 38 40 36 38 39 40 42 40 38 40 41 42 44 40 42 43 44 46 44 42 44 45 46 48 44 46 47 48 50 48 46 48 49 50 52 48 50 51 52 54 52 50 52 53 54 56 52 54 55 56 58 56 54 56 57 58 60 56 58 59 60 62 60 58 60 61 62 64 60 62 63 64 66 64 62 64 65 66 68 64 66 67 68 70 68 66 68 69 70 72 68 70 71 72 74 72 70 72 73 74 76 72 74 75 76 78 76 74 76 77 78 80 76 78 79 80
INF INF INF INF INF INF INF INF INF INF INF INF INF INF INF INF INF INF INF INF INF INF INF INF INF INF INF INF INF INF INF INF INF INF INF INF INF INF INF INF INF INF INF INF INF INF INF INF INF INF INF INF INF INF INF INF INF INF INF INF INF INF INF INF INF INF INF INF INF INF INF INF INF INF INF INF INF INF INF INF INF INF INF INF INF INF INF INF INF INF INF INF INF INF INF INF INF INF INF INF INF INF INF INF INF INF INF INF INF INF INF INF INF INF INF INF INF INF INF INF INF INF INF INF INF INF INF INF INF INF INF INF INF INF INF INF INF INF INF INF INF INF INF INF INF INF INF INF INF INF INF INF INF INF INF INF INF INF INF INF INF INF INF INF INF INF INF INF INF INF INF INF INF INF INF INF INF INF INF INF INF INF INF INF INF INF INF INF INF INF INF INF INF INF INF INF INF INF INF INF INF INF INF INF INF INF INF INF INF INF INF INF INF INF INF INF INF INF INF INF INF INF INF INF INF INF INF INF INF INF INF INF INF INF INF INF INF INF INF INF INF INF INF INF INF INF INF INF INF INF INF INF INF INF INF INF INF INF INF INF INF INF INF INF INF INF INF INF INF INF INF INF INF INF INF INF INF INF INF INF INF INF INF INF INF INF INF INF INF INF INF INF INF 0 2 3 4 6 2 4 5 6 8 6 4 6 7 8 10 6 8 9 10 12 10 8 10 11 12 14 10 12 13 14 16 14 12 14 15 16 18 14 16 17 18 20 18 16 18 19 20 22 18 20 21 22 24 22 20 22 23 24 26 22 24 25 26 28 26 24 26 27 28 30 26 28 29 30 32 30 28 30 31 32 34 30 32 33 34 36 34 32 34 35 36 38 34 36 37 38 40 38 36 38 39 40 42 38 40 41 42 44 42 40 42 43 44 46 42 44 45 46 48 46 44 46 47 48 50 46 48 49 50 52 50 48 50 51 52 54 50 52 53 54 56 54 52 54 55 56 58 54 56 57 58 60 58 56 58 59 60 62 58 60 61 62 64 62 60 62 63 64 66 62 64 65 66 68 66 64 66 67 68 70 66 68 69 70 72 70 68 70 71 72 74 70 72 73 74 76 74 72 74 75 76 78 74 76 77 78
INF INF INF INF INF INF INF INF INF INF INF INF INF INF INF INF INF INF INF INF INF INF INF INF INF INF INF INF INF INF INF INF INF INF INF INF INF INF INF INF INF INF INF INF INF INF INF INF INF INF INF INF INF INF INF INF INF INF INF INF INF INF INF INF INF INF INF INF INF INF INF INF INF INF INF INF INF INF INF INF INF INF INF INF INF INF INF INF INF INF INF INF INF INF INF INF INF INF INF INF INF INF INF INF INF INF INF INF INF INF INF INF INF INF INF INF INF INF INF INF INF INF INF INF INF INF INF INF INF INF INF INF INF INF INF INF INF INF INF INF INF INF INF INF INF INF INF INF INF INF INF INF INF INF INF INF INF INF INF INF INF INF INF INF INF INF INF INF INF INF INF INF INF INF INF INF INF INF INF INF INF INF INF INF INF INF INF INF INF INF INF INF INF INF INF INF INF INF INF INF INF INF INF INF INF INF INF INF INF INF INF INF INF INF INF INF INF INF INF INF INF INF INF INF INF INF INF INF INF INF INF INF INF INF INF INF INF INF INF INF INF INF INF INF INF INF INF INF INF INF INF INF INF INF INF INF INF INF INF INF INF INF INF INF INF INF INF INF INF INF INF INF INF INF INF INF INF INF INF INF INF INF INF INF INF INF INF INF INF INF INF INF INF INF 0 2 3 4 1 3 4 5 7 5 3 5 6 7 9 5 7 8 9 11 9 7 9 10 11 13 9 11 12 13 15 13 11 13 14 15 17 13 15 16 17 19 17 15 17 18 19 21 17 19 20 21 23 21 19 21 22 23 25 21 23 24 25 27 25 23 25 26 27 29 25 27 28 29 31 29 27 29 30 31 33 29 31 32 33 35 33 31 33 34 35 37 33 35 36 37 39 37 35 37 38 39 41 37 39 40 41 43 41 39 41 42 43 45 41 43 44 45 47 45 43 45 46 47 49 45 47 48 49 51 49 47 49 50 51 53 49 51 52 53 55 53 51 53 54 55 57 53 55 56 57 59 57 55 57 58 59 61 57 59 60 61 63 61 59 61 62 63 65 61 63 64 65 67 65 63 65 66 67 69 65 67 68 69 71 69 67 69 70 71 73 69 71 72 73 75 73 71 73 74 75 77 73 75 76 77
INF INF INF INF INF INF INF INF INF INF INF INF INF INF INF INF INF INF INF INF INF INF INF INF INF INF INF INF INF INF INF INF INF INF INF INF INF INF INF INF INF INF INF INF INF INF INF INF INF INF INF INF INF INF INF INF INF INF INF INF INF INF INF INF INF INF INF INF INF INF INF INF INF INF INF INF INF INF INF INF INF INF INF INF INF INF INF INF INF INF INF INF INF INF INF INF INF INF INF INF INF INF INF INF INF INF INF INF INF INF INF INF INF INF INF INF INF INF INF INF INF INF INF INF INF INF INF INF INF INF INF INF INF INF INF INF INF INF INF INF INF INF INF INF INF INF INF INF INF INF INF INF INF INF INF INF INF INF INF INF INF INF INF INF INF INF INF INF INF INF INF INF INF INF INF INF INF INF INF INF INF INF INF INF INF INF INF INF INF INF INF INF INF INF INF INF INF INF INF INF INF INF INF INF INF INF INF INF INF INF INF INF INF INF INF INF INF INF INF INF INF INF INF INF INF INF INF INF INF INF INF INF INF INF INF INF INF INF INF INF INF INF INF INF INF INF INF INF INF INF INF INF INF INF INF INF INF INF INF INF INF INF INF INF INF INF INF INF INF INF INF INF INF INF INF INF INF INF INF INF INF INF INF INF INF INF INF INF INF INF INF INF INF INF INF 0 2 3 0 2 3 4 6 4 2 4 5 6 8 4 6 7 8 10 8 6 8 9 10 12 8 10 11 12 14 12 10 12 13 14 16 12 14 15 16 18 16 14 16 17 18 20 16 18 19 20 22 20 18 20 21 22 24 20 22 23 24 26 24 22 24 25 26 28 24 26 27 28 30 28 26 28 29 30 32 28 30 31 32 34 32 30 32 33 34 36 32 34 35 36 38 36 34 36 37 38 40 36 38 39 40 42 40 38 40 41 42 44 40 42 43 44 46 44 42 44 45 46 48 44 46 47 48 50 48 46 48 49 50 52 48 50 51 52 54 52 50 52 53 54 56 52 54 55 56 58 56 54 56 57 58 60 56 58 59 60 62 60 58 60 61 62 64 60 62 63 64 66 64 62 64 65 66 68 64 66 67 68 70 68 66 68 69 70 72 68 70 71 72 74 72 70 72 73 74 76 72 74 75 76
INF INF INF INF INF INF INF INF INF INF INF INF INF INF INF INF INF INF INF INF INF INF INF INF INF INF INF INF INF INF INF INF INF INF INF INF INF INF INF INF INF INF INF INF INF INF INF INF INF INF INF INF INF INF INF INF INF INF INF INF INF INF INF INF INF INF INF INF INF INF INF INF INF INF INF INF INF INF INF INF INF INF INF INF INF INF INF INF INF INF INF INF INF INF INF INF INF INF INF INF INF INF INF INF INF INF INF INF INF INF INF INF INF INF INF INF INF INF INF INF INF INF INF INF INF INF INF INF INF INF INF INF INF INF INF INF INF INF INF INF INF INF INF INF INF INF INF INF INF INF INF INF INF INF INF INF INF INF INF INF INF INF INF INF INF INF INF INF INF INF INF INF INF INF INF INF INF INF INF INF INF INF INF INF INF INF INF INF INF INF INF INF INF INF INF INF INF INF INF INF INF INF INF INF INF INF INF INF INF INF INF INF INF INF INF INF INF INF INF INF INF INF INF INF INF INF INF INF INF INF INF INF INF INF INF INF INF INF INF INF INF INF INF INF INF INF INF INF INF INF INF INF INF INF INF INF INF INF INF INF INF INF INF INF INF INF INF INF INF INF INF INF INF INF INF INF INF INF INF INF INF INF INF INF INF INF INF INF INF INF INF INF INF INF INF INF 0 2 -2 0 1 2 4 2 0 2 3 4 6 2 4 5 6 8 6 4 6 7 8 10 6 8 9 10 12 10 8 10 11 12 14 10 12 13 14 16 14 12 14 15 16 18 14 16 17 18 20 18 16 18 19 20 22 18 20 21 22 24 22 20 22 23 24 26 22 24 25 26 28 26 24 26 27 28 30 26 28 29 30 32 30 28 30 31 32 34 30 32 33 34 36 34 32 34 35 36 38 34 36 37 38 40 38 36 38 39 40 42 38 40 41 42 44 42 40 42 43 44 46 42 44 45 46 48 46 44 46 47 48 50 46 48 49 50 52 50 48 50 51 52 54 50 52 53 54 56 54 52 54 55 56 58 54 56 57 58 60 58 56 58 59 60 62 58 60 61 62 64 62 60 62 63 64 66 62 64 65 66 68 66 64 66 67 68 70 66 68 69 70 72 70 68 70 71 72 74 70 72 73 74
INF INF INF INF INF INF INF INF INF INF INF INF INF INF INF INF INF INF INF INF INF INF INF INF INF INF INF INF INF INF INF INF INF INF INF INF INF INF INF INF INF INF INF INF INF INF INF INF INF INF INF INF INF INF INF INF INF INF INF INF INF INF INF INF INF INF INF INF INF INF INF INF INF INF INF INF INF INF INF INF INF INF INF INF INF INF INF INF INF INF INF INF INF INF INF INF INF INF INF INF INF INF INF INF INF INF INF INF INF INF INF INF INF INF INF INF INF INF INF INF INF INF INF INF INF INF INF INF INF INF INF INF INF INF INF INF INF INF INF INF INF INF INF INF INF INF INF INF INF INF INF INF INF INF INF INF INF INF INF INF INF INF INF INF INF INF INF INF INF INF INF INF INF INF INF INF INF INF INF INF INF INF INF INF INF INF INF INF INF INF INF INF INF INF INF INF INF INF INF INF INF INF INF INF INF INF INF INF INF INF INF INF INF INF INF INF INF INF INF INF INF INF INF INF INF INF INF INF INF INF INF INF INF INF INF INF INF INF INF INF INF INF INF INF INF INF INF INF INF INF INF INF INF INF INF INF INF INF INF INF INF INF INF INF INF INF INF INF INF INF INF INF INF INF INF INF INF INF INF INF INF INF INF INF INF INF INF INF INF INF INF INF INF INF INF INF INF 0 2 3 4 6 7 5 4 6 7 8 10 6 8 9 10 12 10 8 10 11 12 14 10 12 13 14 16 14 12 14 15 16 18 14 16 17 18 20 18 16 18 19 20 22 18 20 21 22 24 22 20 22 23 24 26 22 24 25 26 28 26 24 26 27 28 30 26 28 29 30 32 30 28 30 31 32 34 30 32 33 34 36 34 32 34 35 36 38 34 36 37 38 40 38 36 38 39 40 42 38 40 41 42 44 42 40 42 43 44 46 42 44 45 46 48 46 44 46 47 48 50 46 48 49 50 52 50 48 50 51 52 54 50 52 53 54 56 54 52 54 55 56 58 54 56 57 58 60 58 56 58 59 60 62 58 60 61 62 64 62 60 62 63 64 66 62 64 65 66 68 66 64 66 67 68 70 66 68 69 70 72 70 68 70 71 72 74 70 72 73 74 76 74 72 74 75 76 78 74 76 77 78
INF INF INF INF INF INF INF INF INF INF INF INF INF INF INF INF INF INF INF INF INF INF INF INF INF INF INF INF INF INF INF INF INF INF INF INF INF INF INF INF INF INF INF INF INF INF INF INF INF INF INF INF INF INF INF INF INF INF INF INF INF INF INF INF INF INF INF INF INF INF INF INF INF INF INF INF INF INF INF INF INF INF INF INF INF INF INF INF INF INF INF INF INF INF INF INF INF INF INF INF INF INF INF INF INF INF INF INF INF INF INF INF INF INF INF INF INF INF INF INF INF INF INF INF INF INF INF INF INF INF INF INF INF INF INF INF INF INF INF INF INF INF INF INF INF INF INF INF INF INF INF INF INF INF INF INF INF INF INF INF INF INF INF INF INF INF INF INF INF INF INF INF INF INF INF INF INF INF INF INF INF INF INF INF INF INF INF INF INF INF INF INF INF INF INF INF INF INF INF INF INF INF INF INF INF INF INF INF INF INF INF INF INF INF INF INF INF INF INF INF INF INF INF INF INF INF INF INF INF INF INF INF INF INF INF INF INF INF INF INF INF INF INF INF INF INF INF INF INF INF INF INF INF INF INF INF INF INF INF INF INF INF INF INF INF INF INF INF INF INF INF INF INF INF INF INF INF INF INF INF INF INF INF INF INF INF INF INF INF INF INF INF INF INF INF INF INF INF 0 2 3 4 6 4 2 4 5 6 8 4 6 7 8 10 8 6 8 9 10 12 8 10 11 12 14 12 10 12 13 14 16 12 14 15 16 18 16 14 16 17 18 20 16 18 19 20 22 20 18 20 21 22 24 20 22 23 24 26 24 22 24 25 26 28 24 26 27 28 30 28 26 28 29 30 32 28 30 31 32 34 32 30 32 33 34 36 32 34 35 36 38 36 34 36 37 38 40 36 38 39 40 42 40 38 40 41 42 44 40 42 43 44 46 44 42 44 45 46 48 44 46 47 48 50 48 46 48 49 50 52 48 50 51 52 54 52 50 52 53 54 56 52 54 55 56 58 56 54 56 57 58 60 56 58 59 60 62 60 58 60 61 62 64 60 62 63 64 66 64 62 64 65 66 68 64 66 67 68 70 68 66 68 69 70 72 68 70 71 72 74 72 70 72 73 74 76 72 74 75 76
INF INF INF INF INF INF INF INF INF INF INF INF INF INF INF INF INF INF INF INF INF INF INF INF INF INF INF INF INF INF INF INF INF INF INF INF INF INF INF INF INF INF INF INF INF INF INF INF INF INF INF INF INF INF INF INF INF INF INF INF INF INF INF INF INF INF INF INF INF INF INF INF INF INF INF INF INF INF INF INF INF INF INF INF INF INF INF INF INF INF INF INF INF INF INF INF INF INF INF INF INF INF INF INF INF INF INF INF INF INF INF INF INF INF INF INF INF INF INF INF INF INF INF INF INF INF INF INF INF INF INF INF INF INF INF INF INF INF INF INF INF INF INF INF INF INF INF INF INF INF INF INF INF INF INF INF INF INF INF INF INF INF INF INF INF INF INF INF INF INF INF INF INF INF INF INF INF INF INF INF INF INF INF INF INF INF INF INF INF INF INF INF INF INF INF INF INF INF INF INF INF INF INF INF INF INF INF INF INF INF INF INF INF INF INF INF INF INF INF INF INF INF INF INF INF INF INF INF INF INF INF INF INF INF INF INF INF INF INF INF INF INF INF INF INF INF INF INF INF INF INF INF INF INF INF INF INF INF INF INF INF INF INF INF INF INF INF INF INF INF INF INF INF INF INF INF INF INF INF INF INF INF INF INF INF INF INF INF INF INF INF INF INF INF INF INF INF INF INF 0 2 3 4 2 1 3 4 5 7 3 5 6 7 9 7 5 7 8 9 11 7 9 10 11 13 11 9 11 12 13 15 11 13 14 15 17 15 13 15 16 17 19 15 17 18 19 21 19 17 19 20 21 23 19 21 22 23 25 23 21 23 24 25 27 23 25 26 27 29 27 25 27 28 29 31 27 29 30 31 33 31 29 31 32 33 35 31 33 34 35 37 35 33 35 36 37 39 35 37 38 39 41 39 37 39 40 41 43 39 41 42 43 45 43 41 43 44 45 47 43 45 46 47 49 47 45 47 48 49 51 47 49 50 51 53 51 49 51 52 53 55 51 53 54 55 57 55 53 55 56 57 59 55 57 58 59 61 59 57 59 60 61 63 59 61 62 63 65 63 61 63 64 65 67 63 65 66 67 69 67 65 67 68 69 71 67 69 70 71 73 71 69 71 72 73 75 71 73 74 75
INF INF INF INF INF INF INF INF INF INF INF INF INF INF INF INF INF INF INF INF INF INF INF INF INF INF INF INF INF INF INF INF INF INF INF INF INF INF INF INF INF INF INF INF INF INF INF INF INF INF INF INF INF INF INF INF INF INF INF INF INF INF INF INF INF INF INF INF INF INF INF INF INF INF INF INF INF INF INF INF INF INF INF INF INF INF INF INF INF INF INF INF INF INF INF INF INF INF INF INF INF INF INF INF INF INF INF INF INF INF INF INF INF INF INF INF INF INF INF INF INF INF INF INF INF INF INF INF INF INF INF INF INF INF INF INF INF INF INF INF INF INF INF INF INF INF INF INF INF INF INF INF INF INF INF INF INF INF INF INF INF INF INF INF INF INF INF INF INF INF INF INF INF INF INF INF INF INF INF INF INF INF INF INF INF INF INF INF INF INF INF INF INF INF INF INF INF INF INF INF INF INF INF INF INF INF INF INF INF INF INF INF INF INF INF INF INF INF INF INF INF INF INF INF INF INF INF INF INF INF INF INF INF INF INF INF INF INF INF INF INF INF INF INF INF INF INF INF INF INF INF INF INF INF INF INF INF INF INF INF INF INF INF INF INF INF INF INF INF INF INF INF INF INF INF INF INF INF INF INF INF INF INF INF INF INF INF INF INF INF INF INF INF INF INF INF INF INF INF INF 0 2 3 1 0 2 3 4 6 2 4 5 6 8 6 4 6 7 8 10 6 8 9 10 12 10 8 10 11 12 14 10 12 13 14 16 14 12 14 15 16 18 14 16 17 18 20 18 16 18 19 20 22 18 20 21 22 24 22 20 22 23 24 26 22 24 25 26 28 26 24 26 27 28 30 26 28 29 30 32 30 28 30 31 32 34 30 32 33 34 36 34 32 34 35 36 38 34 36 37 38 40 38 36 38 39 40 42 38 40 41 42 44 42 40 42 43 44 46 42 44 45 46 48 46 44 46 47 48 50 46 48 49 50 52 50 48 50 51 52 54 50 52 53 54 56 54 52 54 55 56 58 54 56 57 58 60 58 56 58 59 60 62 58 60 61 62 64 62 60 62 63 64 66 62 64 65 66 68 66 64 66 67 68 70 66 68 69 70 72 70 68 70 71 72 74 70 72 73 74
INF INF INF INF INF INF INF INF INF INF INF INF INF INF INF INF INF INF INF INF INF INF INF INF INF INF INF INF INF INF INF INF INF INF INF INF INF INF INF INF INF INF INF INF INF INF INF INF INF INF INF INF INF INF INF INF INF INF INF INF INF INF INF INF INF INF INF INF INF INF INF INF INF INF INF INF INF INF INF INF INF INF INF INF INF INF INF INF INF INF INF INF INF INF INF INF INF INF INF INF INF INF INF INF INF INF INF INF INF INF INF INF INF INF INF INF INF INF INF INF INF INF INF INF INF INF INF INF INF INF INF INF INF INF INF INF INF INF INF INF INF INF INF INF INF INF INF INF INF INF INF INF INF INF INF INF INF INF INF INF INF INF INF INF INF INF INF INF INF INF INF INF INF INF INF INF INF INF INF INF INF INF INF INF INF INF INF INF INF INF INF INF INF INF INF INF INF INF INF INF INF INF INF INF INF INF INF INF INF INF INF INF INF INF INF INF INF INF INF INF INF INF INF INF INF INF INF INF INF INF INF INF INF INF INF INF INF INF INF INF INF INF INF INF INF INF INF INF INF INF INF INF INF INF INF INF INF INF INF INF INF INF INF INF INF INF INF INF INF INF INF INF INF INF INF INF INF INF INF INF INF INF INF INF INF INF INF INF INF INF INF INF INF INF INF INF INF INF INF INF INF 0 2 0 -2 0 1 2 4 0 2 3 4 6 4 2 4 5 6 8 4 6 7 8 10 8 6 8 9 10 12 8 10 11 12 14 12 10 12 13 14 16 12 14 15 16 18 16 14 16 17 18 20 16 18 19 20 22 20 18 20 21 22 24 20 22 23 24 26 24 22 24 25 26 28 24 26 27 28 30 28 26 28 29 30 32 28 30 31 32 34 32 30 32 33 34 36 32 34 35 36 38 36 34 36 37 38 40 36 38 39 40 42 40 38 40 41 42 44 40 42 43 44 46 44 42 44 45 46 48 44 46 47 48 50 48 46 48 49 50 52 48 50 51 52 54 52 50 52 53 54 56 52 54 55 56 58 56 54 56 57 58 60 56 58 59 60 62 60 58 60 61 62 64 60 62 63 64 66 64 62 64 65 66 68 64 66 67 68 70 68 66 68 69 70 72 68 70 71 72
INF INF INF INF INF INF INF INF INF INF INF INF INF INF INF INF INF INF INF INF INF INF INF INF INF INF INF INF INF INF INF INF INF INF INF INF INF INF INF INF INF INF INF INF INF INF INF INF INF INF INF INF INF INF INF INF INF INF INF INF INF INF INF INF INF INF INF INF INF INF INF INF INF INF INF INF INF INF INF INF INF INF INF INF INF INF INF INF INF INF INF INF INF INF INF INF INF INF INF INF INF INF INF INF INF INF INF INF INF INF INF INF INF INF INF INF INF INF INF INF INF INF INF INF INF INF INF INF INF INF INF INF INF INF INF INF INF INF INF INF INF INF INF INF INF INF INF INF INF INF INF INF INF INF INF INF INF INF INF INF INF INF INF INF INF INF INF INF INF INF INF INF INF INF INF INF INF INF INF INF INF INF INF INF INF INF INF INF INF INF INF INF INF INF INF INF INF INF INF INF INF INF INF INF INF INF INF INF INF INF INF INF INF INF INF INF INF INF INF INF INF INF INF INF INF INF INF INF INF INF INF INF INF INF INF INF INF INF INF INF INF INF INF INF INF INF INF INF INF INF INF INF INF INF INF INF INF INF INF INF INF INF INF INF INF INF INF INF INF INF INF INF INF INF INF INF INF INF INF INF INF INF INF INF INF INF INF INF INF INF INF INF INF INF INF INF INF INF INF INF INF INF 0 -2 0 1 2 4 5 2 4 5 6 8 6 4 6 7 8 10 6 8 9 10 12 10 8 10 11 12 14 10 12 13 14 16 14 12 14 15 16 18 14 16 17 18 20 18 16 18 19 20 22 18 20 21 22 24 22 20 22 23 24 26 22 24 25 26 28 26 24 26 27 28 30 26 28 29 30 32 30 28 30 31 32 34 30 32 33 34 36 34 32 34 35 36 38 34 36 37 38 40 38 36 38 39 40 42 38 40 41 42 44 42 40 42 43 44 46 42 44 45 46 48 46 44 46 47 48 50 46 48 49 50 52 50 48 50 51 52 54 50 52 53 54 56 54 52 54 55 56 58 54 56 57 58 60 58 56 58 59 60 62 58 60 61 62 64 62 60 62 63 64 66 62 64 65 66 68 66 64 66 67 68 70 66 68 69 70 72 70 68 70 71 72 74 70 72 73 74
INF INF INF INF INF INF INF INF INF INF INF INF INF INF INF INF INF INF INF INF INF INF INF INF INF INF INF INF INF INF INF INF INF INF INF INF INF INF INF INF INF INF INF INF INF INF INF INF INF INF INF INF INF INF INF INF INF INF INF INF INF INF INF INF INF INF INF INF INF INF INF INF INF INF INF INF INF INF INF INF INF INF INF INF INF INF INF INF INF INF INF INF INF INF INF INF INF INF INF INF INF INF INF INF INF INF INF INF INF INF INF INF INF INF INF INF INF INF INF INF INF INF INF INF INF INF INF INF INF INF INF INF INF INF INF INF INF INF INF INF INF INF INF INF INF INF INF INF INF INF INF INF INF INF INF INF INF INF INF INF INF INF INF INF INF INF INF INF INF INF INF INF INF INF INF INF INF INF INF INF INF INF INF INF INF INF INF INF INF INF INF INF INF INF INF INF INF INF INF INF INF INF INF INF INF INF INF INF INF INF INF INF INF INF INF INF INF INF INF INF INF INF INF INF INF INF INF INF INF INF INF INF INF INF INF INF INF INF INF INF INF INF INF INF INF INF INF INF INF INF INF INF INF INF INF INF INF INF INF INF INF INF INF INF INF INF INF INF INF INF INF INF INF INF INF INF INF INF INF INF INF INF INF INF INF INF INF INF INF INF INF INF INF INF INF INF INF INF INF INF INF INF INF 0 2 3 4 6 7 4 6 7 8 10 8 6 8 9 10 12 8 10 11 12 14 12 10 12 13 14 16 12 14 15 16 18 16 14 16 17 18 20 16 18 19 20 22 20 18 20 21 22 24 20 22 23 24 26 24 22 24 25 26 28 24 26 27 28 30 28 26 28 29 30 32 28 30 31 32 34 32 30 32 33 34 36 32 34 35 36 38 36 34 36 37 38 40 36 38 39 40 42 40 38 40 41 42 44 40 42 43 44 46 44 42 44 45 46 48 44 46 47 48 50 48 46 48 49 50 52 48 50 51 52 54 52 50 52 53 54 56 52 54 55 56 58 56 54 56 57 58 60 56 58 59 60 62 60 58 60 61 62 64 60 62 63 64 66 64 62 64 65 66 68 64 66 67 68 70 68 66 68 69 70 72 68 70 71 72 74 72 70 72 73 74 76 72 74 75 76
INF INF INF INF INF INF INF INF INF INF INF INF INF INF INF INF INF INF INF INF INF INF INF INF INF INF INF INF INF INF INF INF INF INF INF INF INF INF INF INF INF INF INF INF INF INF INF INF INF INF INF INF INF INF INF INF INF INF INF INF INF INF INF INF INF INF INF INF INF INF INF INF INF INF INF INF INF INF INF INF INF INF INF INF INF INF INF INF INF INF INF INF INF INF INF INF INF INF INF INF INF INF INF INF INF INF INF INF INF INF INF INF INF INF INF INF INF INF INF INF INF INF INF INF INF INF INF INF INF INF INF INF INF INF INF INF INF INF INF INF INF INF INF INF INF INF INF INF INF INF INF INF INF INF INF INF INF INF INF INF INF INF INF INF INF INF INF INF INF INF INF INF INF INF INF INF INF INF INF INF INF INF INF INF INF INF INF INF INF INF INF INF INF INF INF INF INF INF INF INF INF INF INF INF INF INF INF INF INF INF INF INF INF INF INF INF INF INF INF INF INF INF INF INF INF INF INF INF INF INF INF INF INF INF INF INF INF INF INF INF INF INF INF INF INF INF INF INF INF INF INF INF INF INF INF INF INF INF INF INF INF INF INF INF INF INF INF INF INF INF INF INF INF INF INF INF INF INF INF INF INF INF INF INF INF INF INF INF INF INF INF INF INF INF INF INF INF INF INF INF INF INF INF INF 0 2 3 4 6 2 4 5 6 8 6 4 6 7 8 10 6 8 9 10 12 10 8 10 11 12 14 10 12 13 14 16 14 12 14 15 16 18 14 16 17 18 20 18 16 18 19 20 22 18 20 21 22 24 22 20 22 23 24 26 22 24 25 26 28 26 24 26 27 28 30 26 28 29 30 32 30 28 30 31 32 34 30 32 33 34 36 34 32 34 35 36 38 34 36 37 38 40 38 36 38 39 40 42 38 40 41 42 44 42 40 42 43 44 46 42 44 45 46 48 46 44 46 47 48 50 46 48 49 50 52 50 48 50 51 52 54 50 52 53 54 56 54 52 54 55 56 58 54 56 57 58 60 58 56 58 59 60 62 58 60 61 62 64 62 60 62 63 64 66 62 64 65 66 68 66 64 66 67 68 70 66 68 69 70 72 70 68 70 71 72 74 70 72 73 74
INF INF INF INF INF INF INF INF INF INF INF INF INF INF INF INF INF INF INF INF INF INF INF INF INF INF INF INF INF INF INF INF INF INF INF INF INF INF INF INF INF INF INF INF INF INF INF INF INF INF INF INF INF INF INF INF INF INF INF INF INF INF INF INF INF INF INF INF INF INF INF INF INF INF INF INF INF INF INF INF INF INF INF INF INF INF INF INF INF INF INF INF INF INF INF INF INF INF INF INF INF INF INF INF INF INF INF INF INF INF INF INF INF INF INF INF INF INF INF INF INF INF INF INF INF INF INF INF INF INF INF INF INF INF INF INF INF INF INF INF INF INF INF INF INF INF INF INF INF INF INF INF INF INF INF INF INF INF INF INF INF INF INF INF INF INF INF INF INF INF INF INF INF INF INF INF INF INF INF INF INF INF INF INF INF INF INF INF INF INF INF INF INF INF INF INF INF INF INF INF INF INF INF INF INF INF INF INF INF INF INF INF INF INF INF INF INF INF INF INF INF INF INF INF INF INF INF INF INF INF INF INF INF INF INF INF INF INF INF INF INF INF INF INF INF INF INF INF INF INF INF INF INF INF INF INF INF INF INF INF INF INF INF INF INF INF INF INF INF INF INF INF INF INF INF INF INF INF INF INF INF INF INF INF INF INF INF INF INF INF INF INF INF INF INF INF INF INF INF INF INF INF INF INF INF 0 2 3 4 1 3 4 5 7 5 3 5 6 7 9 5 7 8 9 11 9 7 9 10 11 13 9 11 12 13 15 13 11 13 14 15 17 13 15 16 17 19 17 15 17 18 19 21 17 19 20 21 23 21 19 21 22 23 25 21 23 24 25 27 25 23 25 26 27 29 25 27 28 29 31 29 27 29 30 31 33 29 31 32 33 35 33 31 33 34 35 37 33 35 36 37 39 37 35 37 38 39 41 37 39 40 41 43 41 39 41 42 43 45 41 43 44 45 47 45 43 45 46 47 49 45 47 48 49 51 49 47 49 50 51 53 49 51 52 53 55 53 51 53 54 55 57 53 55 56 57 59 57 55 57 58 59 61 57 59 60 61 63 61 59 61 62 63 65 61 63 64 65 67 65 63 65 66 67 69 65 67 68 69 71 69 67 69 70 71 73 69 71 72 73
INF INF INF INF INF INF INF INF INF INF INF INF INF INF INF INF INF INF INF INF INF INF INF INF INF INF INF INF INF INF INF INF INF INF INF INF INF INF INF INF INF INF INF INF INF INF INF INF INF INF INF INF INF INF INF INF INF INF INF INF INF INF INF INF INF INF INF INF INF INF INF INF INF INF INF INF INF INF INF INF INF INF INF INF INF INF INF INF INF INF INF INF INF INF INF INF INF INF INF INF INF INF INF INF INF INF INF INF INF INF INF INF INF INF INF INF INF INF INF INF INF INF INF INF INF INF INF INF INF INF INF INF INF INF INF INF INF INF INF INF INF INF INF INF INF INF INF INF INF INF INF INF INF INF INF INF INF INF INF INF INF INF INF INF INF INF INF INF INF INF INF INF INF INF INF INF INF INF INF INF INF INF INF INF INF INF INF INF INF INF INF INF INF INF INF INF INF INF INF INF INF INF INF INF INF INF INF INF INF INF INF INF INF INF INF INF INF INF INF INF INF INF INF INF INF INF INF INF INF INF INF INF INF INF INF INF INF INF INF INF INF INF INF INF INF INF INF INF INF INF INF INF INF INF INF INF INF INF INF INF INF INF INF INF INF INF INF INF INF INF INF INF INF INF INF INF INF INF INF INF INF INF INF INF INF INF INF INF INF INF INF INF INF INF INF INF INF INF INF INF INF INF INF INF INF INF 0 2 3 0 2 3 4 6 4 2 4 5 6 8 4 6 7 8 10 8 6 8 9 10 12 8 10 11 12 14 12 10 12 13 14 16 12 14 15 16 18 16 14 16 17 18 20 16 18 19 20 22 20 18 20 21 22 24 20 22 23 24 26 24 22 24 25 26 28 24 26 27 28 30 28 26 28 29 30 32 28 30 31 32 34 32 30 32 33 34 36 32 34 35 36 38 36 34 36 37 38 40 36 38 39 40 42 40 38 40 41 42 44 40 42 43 44 46 44 42 44 45 46 48 44 46 47 48 50 48 46 48 49 50 52 48 50 51 52 54 52 50 52 53 54 56 52 54 55 56 58 56 54 56 57 58 60 56 58 59 60 62 60 58 60 61 62 64 60 62 63 64 66 64 62 64 65 66 68 64 66 67 68 70 68 66 68 69 70 72 68 70 71 72
INF INF INF INF INF INF INF INF INF INF INF INF INF INF INF INF INF INF INF INF INF INF INF INF INF INF INF INF INF INF INF INF INF INF INF INF INF INF INF INF INF INF INF INF INF INF INF INF INF INF INF INF INF INF INF INF INF INF INF INF INF INF INF INF INF INF INF INF INF INF INF INF INF INF INF INF INF INF INF INF INF INF INF INF INF INF INF INF INF INF INF INF INF INF INF INF INF INF INF INF INF INF INF INF INF INF INF INF INF INF INF INF INF INF INF INF INF INF INF INF INF INF INF INF INF INF INF INF INF INF INF INF INF INF INF INF INF INF INF INF INF INF INF INF INF INF INF INF INF INF INF INF INF INF INF INF INF INF INF INF INF INF INF INF INF INF INF INF INF INF INF INF INF INF INF INF INF INF INF INF INF INF INF INF INF INF INF INF INF INF INF INF INF INF INF INF INF INF INF INF INF INF INF INF INF INF INF INF INF INF INF INF INF INF INF INF INF INF INF INF INF INF INF INF INF INF INF INF INF INF INF INF INF INF INF INF INF INF INF INF INF INF INF INF INF INF INF INF INF INF INF INF INF INF INF INF INF INF INF INF INF INF INF INF INF INF INF INF INF INF INF INF INF INF INF INF INF INF INF INF INF INF INF INF INF INF INF INF INF INF INF INF INF INF INF INF INF INF INF INF INF INF INF INF INF INF INF 0 2 -2 0 1 2 4 2 0 2 3 4 6 2 4 5 6 8 6 4 6 7 8 10 6 8 9 10 12 10 8 10 11 12 14 10 12 13 14 16 14 12 14 15 16 18 14 16 17 18 20 18 16 18 19 20 22 18 20 21 22 24 22 20 22 23 24 26 22 24 25 26 28 26 24 26 27 28 30 26 28 29 30 32 30 28 30 31 32 34 30 32 33 34 36 34 32 34 35 36 38 34 36 37 38 40 38 36 38 39 40 42 38 40 41 42 44 42 40 42 43 44 46 42 44 45 46 48 46 44 46 47 48 50 46 48 49 50 52 50 48 50 51 52 54 50 52 53 54 56 54 52 54 55 56 58 54 56 57 58 60 58 56 58 59 60 62 58 60 61 62 64 62 60 62 63 64 66 62 64 65 66 68 66 64 66 67 68 70 66 68 69 70
INF INF INF INF INF INF INF INF INF INF INF INF INF INF INF INF INF INF INF INF INF INF INF INF INF INF INF INF INF INF INF INF INF INF INF INF INF INF INF INF INF INF INF INF INF INF INF INF INF INF INF INF INF INF INF INF INF INF INF INF INF INF INF INF INF INF INF INF INF INF INF INF INF INF INF INF INF INF INF INF INF INF INF INF INF INF INF INF INF INF INF INF INF INF INF INF INF INF INF INF INF INF INF INF INF INF INF INF INF INF INF INF INF INF INF INF INF INF INF INF INF INF INF INF INF INF INF INF INF INF INF INF INF INF INF INF INF INF INF INF INF INF INF INF INF INF INF INF INF INF INF INF INF INF INF INF INF INF INF INF INF INF INF INF INF INF INF INF INF INF INF INF INF INF INF INF INF INF INF INF INF INF INF INF INF INF INF INF INF INF INF INF INF INF INF INF INF INF INF INF INF INF INF INF INF INF INF INF INF INF INF INF INF INF INF INF INF INF INF INF INF INF INF INF INF INF INF INF INF INF INF INF INF INF INF INF INF INF INF INF INF INF INF INF INF INF INF INF INF INF INF INF INF INF INF INF INF INF INF INF INF INF INF INF INF INF INF INF INF INF INF INF INF INF INF INF INF INF INF INF INF INF INF INF INF INF INF INF INF INF INF INF INF INF INF INF INF INF INF INF INF INF INF INF INF INF INF INF 0 2 3 4 6 7 5 4 6 7 8 10 6 8 9 10 12 10 8 10 11 12 14 10 12 13 14 16 14 12 14 15 16 18 14 16 17 18 20 18 16 18 19 20 22 18 20 21 22 24 22 20 22 23 24 26 22 24 25 26 28 26 24 26 27 28 30 26 28 29 30 32 30 28 30 31 32 34 30 32 33 34 36 34 32 34 35 36 38 34 36 37 38 40 38 36 38 39 40 42 38 40 41 42 44 42 40 42 43 44 46 42 44 45 46 48 46 44 46 47 48 50 46 48 49 50 52 50 48 50 51 52 54 50 52 53 54 56 54 52 54 55 56 58 54 56 57 58 60 58 56 58 59 60 62 58 60 61 62 64 62 60 62 63 64 66 62 64 65 66 68 66 64 66 67 68 70 66 68 69 70 72 70 68 70 71 72 74 70 72 73 74
INF INF INF INF INF INF INF INF INF INF INF INF INF INF INF INF INF INF INF INF INF INF INF INF INF INF INF INF INF INF INF INF INF INF INF INF INF INF INF INF INF INF INF INF INF INF INF INF INF INF INF INF INF INF INF INF INF INF INF INF INF INF INF INF INF INF INF INF INF INF INF INF INF INF INF INF INF INF INF INF INF INF INF INF INF INF INF INF INF INF INF INF INF INF INF INF INF INF INF INF INF INF INF INF INF INF INF INF INF INF INF INF INF INF INF INF INF INF INF INF INF INF INF INF INF INF INF INF INF INF INF INF INF INF INF INF INF INF INF INF INF INF INF INF INF INF INF INF INF INF INF INF INF INF INF INF INF INF INF INF INF INF INF INF INF INF INF INF INF INF INF INF INF INF INF INF INF INF INF INF INF INF INF INF INF INF INF INF INF INF INF INF INF INF INF INF INF INF INF INF INF INF INF INF INF INF INF INF INF INF INF INF INF INF INF INF INF INF INF INF INF INF INF INF INF INF INF INF INF INF INF INF INF INF INF INF INF INF INF INF INF INF INF INF INF INF INF INF INF INF INF INF INF INF INF INF INF INF INF INF INF INF INF INF INF INF INF INF INF INF INF INF INF INF INF INF INF INF INF INF INF INF INF INF INF INF INF INF INF INF INF INF INF INF INF INF INF INF INF INF INF INF INF INF INF INF INF INF INF 0 2 3 4 6 4 2 4 5 6 8 4 6 7 8 10 8 6 8 9 10 12 8 10 11 12 14 12 10 12 13 14 16 12 14 15 16 18 16 14 16 17 18 20 16 18 19 20 22 20 18 20 21 22 24 20 22 23 24 26 24 22 24 25 26 28 24 26 27 28 30 28 26 28 29 30 32 28 30 31 32 34 32 30 32 33 34 36 32 34 35 36 38 36 34 36 37 38 40 36 38 39 40 42 40 38 40 41 42 44 40 42 43 44 46 44 42 44 45 46 48 44 46 47 48 50 48 46 48 49 50 52 48 50 51 52 54 52 50 52 53 54 56 52 54 55 56 58 56 54 56 57 58 60 56 58 59 60 62 60 58 60 61 62 64 60 62 63 64 66 64 62 64 65 66 68 64 66 67 68 70 68 66 68 69 70 72 68 70 71 72
INF INF INF INF INF INF INF INF INF INF INF INF INF INF INF INF INF INF INF INF INF INF INF INF INF INF INF INF INF INF INF INF INF INF INF INF INF INF INF INF INF INF INF INF INF INF INF INF INF INF INF INF INF INF INF INF INF INF INF INF INF INF INF INF INF INF INF INF INF INF INF INF INF INF INF INF INF INF INF INF INF INF INF INF INF INF INF INF INF INF INF INF INF INF INF INF INF INF INF INF INF INF INF INF INF INF INF INF INF INF INF INF INF INF INF INF INF INF INF INF INF INF INF INF INF INF INF INF INF INF INF INF INF INF INF INF INF INF INF INF INF INF INF INF INF INF INF INF INF INF INF INF INF INF INF INF INF INF INF INF INF INF INF INF INF INF INF INF INF INF INF INF INF INF INF INF INF INF INF INF INF INF INF INF INF INF INF INF INF INF INF INF INF INF INF INF INF INF INF INF INF INF INF INF INF INF INF INF INF INF INF INF INF INF INF INF INF INF INF INF INF INF INF INF INF INF INF INF INF INF INF INF INF INF INF INF INF INF INF INF INF INF INF INF INF INF INF INF INF INF INF INF INF INF INF INF INF INF INF INF INF INF INF INF INF INF INF INF INF INF INF INF INF INF INF INF INF INF INF INF INF INF INF INF INF INF INF INF INF INF INF INF INF INF INF INF INF INF INF INF INF INF INF INF INF INF INF INF INF INF 0 2 3 4 2 1 3 4 5 7 3 5 6 7 9 7 5 7 8 9 11 7 9 10 11 13 11 9 11 12 13 15 11 13 14 15 17 15 13 15 16 17 19 15 17 18 19 21 19 17 19 20 21 23 19 21 22 23 25 23 21 23 24 25 27 23 25 26 27 29 27 25 27 28 29 31 27 29 30 31 33 31 29 31 32 33 35 31 33 34 35 37 35 33 35 36 37 39 35 37 38 39 41 39 37 39 40 41 43 39 41 42 43 45 43 41 43 44 45 47 43 45 46 47 49 47 45 47 48 49 51 47 49 50 51 53 51 49 51 52 53 55 51 53 54 55 57 55 53 55 56 57 59 55 57 58 59 61 59 57 59 60 61 63 59 61 62 63 65 63 61 63 64 65 67 63 65 66 67 69 67 65 67 68 69 71 67 69 70 71
INF INF INF INF INF INF INF INF INF INF INF INF INF INF INF INF INF INF INF INF INF INF INF INF INF INF INF INF INF INF INF INF INF INF INF INF INF INF INF INF INF INF INF INF INF INF INF INF INF INF INF INF INF INF INF INF INF INF INF INF INF INF INF INF INF INF INF INF INF INF INF INF INF INF INF INF INF INF INF INF INF INF INF INF INF INF INF INF INF INF INF INF INF INF INF INF INF INF INF INF INF INF INF INF INF INF INF INF INF INF INF INF INF INF INF INF INF INF INF INF INF INF INF INF INF INF INF INF INF INF INF INF INF INF INF INF INF INF INF INF INF INF INF INF INF INF INF INF INF INF INF INF INF INF INF INF INF INF INF INF INF INF INF INF INF INF INF INF INF INF INF INF INF INF INF INF INF INF INF INF INF INF INF INF INF INF INF INF INF INF INF INF INF INF INF INF INF INF INF INF INF INF INF INF INF INF INF INF INF INF INF INF INF INF INF INF INF INF INF INF INF INF INF INF INF INF INF INF INF INF INF INF INF INF INF INF INF INF INF INF INF INF INF INF INF INF INF INF INF INF INF INF INF INF INF INF INF INF INF INF INF INF INF INF INF INF INF INF INF INF INF INF INF INF INF INF INF INF INF INF INF INF INF INF INF INF INF INF INF INF INF INF INF INF INF INF INF INF INF INF INF INF INF INF INF INF INF INF INF INF INF 0 2 3 1 0 2 3 4 6 2 4 5 6 8 6 4 6 7 8 10 6 8 9 10 12 10 8 10 11 12 14 10 12 13 14 16 14 12 14 15 16 18 14 16 17 18 20 18 16 18 19 20 22 18 20 21 22 24 22 20 22 23 24 26 22 24 25 26 28 26 24 26 27 28 30 26 28 29 30 32 30 28 30 31 32 34 30 32 33 34 36 34 32 34 35 36 38 34 36 37 38 40 38 36 38 39 40 42 38 40 41 42 44 42 40 42 43 44 46 42 44 45 46 48 46 44 46 47 48 50 46 48 49 50 52 50 48 50 51 52 54 50 52 53 54 56 54 52 54 55 56 58 54 56 57 58 60 58 56 58 59 60 62 58 60 61 62 64 62 60 62 63 64 66 62 64 65 66 68 66 64 66 67 68 70 66 68 69 70
INF INF INF INF INF INF INF INF INF INF INF INF INF INF INF INF INF INF INF INF INF INF INF INF INF INF INF INF INF INF INF INF INF INF INF INF INF INF INF INF INF INF INF INF INF INF INF INF INF INF INF INF INF INF INF INF INF INF INF INF INF INF INF INF INF INF INF INF INF INF INF INF INF INF INF INF INF INF INF INF INF INF INF INF INF INF INF INF INF INF INF INF INF INF INF INF INF INF INF INF INF INF INF INF INF INF INF INF INF INF INF INF INF INF INF INF INF INF INF INF INF INF INF INF INF INF INF INF INF INF INF INF INF INF INF INF INF INF INF INF INF INF INF INF INF INF INF INF INF INF INF INF INF INF INF INF INF INF INF INF INF INF INF INF INF INF INF INF INF INF INF INF INF INF INF INF INF INF INF INF INF INF INF INF INF INF INF INF INF INF INF INF INF INF INF INF INF INF INF INF INF INF INF INF INF INF INF INF INF INF INF INF INF INF INF INF INF INF INF INF INF INF INF INF INF INF INF INF INF INF INF INF INF INF INF INF INF INF INF INF INF INF INF INF INF INF INF INF INF INF INF INF INF INF INF INF INF INF INF INF INF INF INF INF INF INF INF INF INF INF INF INF INF INF INF INF INF INF INF INF INF INF INF INF INF INF INF INF INF INF INF INF INF INF INF INF INF INF INF INF INF INF INF INF INF INF INF INF INF INF INF INF 0 2 0 -2 0 1 2 4 0 2 3 4 6 4 2 4 5 6 8 4 6 7 8 10 8 6 8 9 10 12 8 10 11 12 14 12 10 12 13 14 16 12 14 15 16 18 16 14 16 17 18 20 16 18 19 20 22 20 18 20 21 22 24 20 22 23 24 26 24 22 24 25 26 28 24 26 27 28 30 28 26 28 29 30 32 28 30 31 32 34 32 30 32 33 34 36 32 34 35 36 38 36 34 36 37 38 40 36 38 39 40 42 40 38 40 41 42 44 40 42 43 44 46 44 42 44 45 46 48 44 46 47 48 50 48 46 48 49 50 52 48 50 51 52 54 52 50 52 53 54 56 52 54 55 56 58 56 54 56 57 58 60 56 58 59 60 62 60 58 60 61 62 64 60 62 63 64 66 64 62 64 65 66 68 64 66 67 68
INF INF INF INF INF INF INF INF INF INF INF INF INF INF INF INF INF INF INF INF INF INF INF INF INF INF INF INF INF INF INF INF INF INF INF INF INF INF INF INF INF INF INF INF INF INF INF INF INF INF INF INF INF INF INF INF INF INF INF INF INF INF INF INF INF INF INF INF INF INF INF INF INF INF INF INF INF INF INF INF INF INF INF INF INF INF INF INF INF INF INF INF INF INF INF INF INF INF INF INF INF INF INF INF INF INF INF INF INF INF INF INF INF INF INF INF INF INF INF INF INF INF INF INF INF INF INF INF INF INF INF INF INF INF INF INF INF INF INF INF INF INF INF INF INF INF INF INF INF INF INF INF INF INF INF INF INF INF INF INF INF INF INF INF INF INF INF INF INF INF INF INF INF INF INF INF INF INF INF INF INF INF INF INF INF INF INF INF INF INF INF INF INF INF INF INF INF INF INF INF INF INF INF INF INF INF INF INF INF INF INF INF INF INF INF INF INF INF INF INF INF INF INF INF INF INF INF INF INF INF INF INF INF INF INF INF INF INF INF INF INF INF INF INF INF INF INF INF INF INF INF INF INF INF INF INF INF INF INF INF INF INF INF INF INF INF INF INF INF INF INF INF INF INF INF INF INF INF INF INF INF INF INF INF INF INF INF INF INF INF INF INF INF INF INF INF INF INF INF INF INF INF INF INF INF INF INF INF INF INF INF INF INF 0 -2 0 1 2 4 5 2 4 5 6 8 6 4 6 7 8 10 6 8 9 10 12 10 8 10 11 12 14 10 12 13 14 16 14 12 14 15 16 18 14 16 17 18 20 18 16 18 19 20 22 18 20 21 22 24 22 20 22 23 24 26 22 24 25 26 28 26 24 26 27 28 30 26 28 29 30 32 30 28 30 31 32 34 30 32 33 34 36 34 32 34 35 36 38 34 36 37 38 40 38 36 38 39 40 42 38 40 41 42 44 42 40 42 43 44 46 42 44 45 46 48 46 44 46 47 48 50 46 48 49 50 52 50 48 50 51 52 54 50 52 53 54 56 54 52 54 55 56 58 54 56 57 58 60 58 56 58 59 60 62 58 60 61 62 64 62 60 62 63 64 66 62 64 65 66 68 66 64 66 67 68 70 66 68 69 70
INF INF INF INF INF INF INF INF INF INF INF INF INF INF INF INF INF INF INF INF INF INF INF INF INF INF INF INF INF INF INF INF INF INF INF INF INF INF INF INF INF INF INF INF INF INF INF INF INF INF INF INF INF INF INF INF INF INF INF INF INF INF INF INF INF INF INF INF INF INF INF INF INF INF INF INF INF INF INF INF INF INF INF INF INF INF INF INF INF INF INF INF INF INF INF INF INF INF INF INF INF INF INF INF INF INF INF INF INF INF INF INF INF INF INF INF INF INF INF INF INF INF INF INF INF INF INF INF INF INF INF INF INF INF INF INF INF INF INF INF INF INF INF INF INF INF INF INF INF INF INF INF INF INF INF INF INF INF INF INF INF INF INF INF INF INF INF INF INF INF INF INF INF INF INF INF INF INF INF INF INF INF INF INF INF INF INF INF INF INF INF INF INF INF INF INF INF INF INF INF INF INF INF INF INF INF INF INF INF INF INF INF INF INF INF INF INF INF INF INF INF INF INF INF INF INF INF INF INF INF INF INF INF INF INF INF INF INF INF INF INF INF INF INF INF INF INF INF INF INF INF INF INF INF INF INF INF INF INF INF INF INF INF INF INF INF INF INF INF INF INF INF INF INF INF INF INF INF INF INF INF INF INF INF INF INF INF INF INF INF INF INF INF INF INF INF INF INF INF INF INF INF INF INF INF INF INF INF INF INF INF INF INF INF 0 2 3 4 6 7 4 6 7 8 10 8 6 8 9 10 12 8 10 11 12 14 12 10 12 13 14 16 12 14 15 16 18 16 14 16 17 18 20 16 18 19 20 22 20 18 20 21 22 24 20 22 23 24 26 24 22 24 25 26 28 24 26 27 28 30 28 26 28 29 30 32 28 30 31 32 34 32 30 32 33 34 36 32 34 35 36 38 36 34 36 37 38 40 36 38 39 40 42 40 38 40 41 42 44 40 42 43 44 46 44 42 44 45 46 48 44 46 47 48 50 48 46 48 49 50 52 48 50 51 52 54 52 50 52 53 54 56 52 54 55 56 58 56 54 56 57 58 60 56 58 59 60 62 60 58 60 61 62 64 60 62 63 64 66 64 62 64 65 66 68 64 66 67 68 70 68 66 68 69 70 72 68 70 71 72
INF INF INF INF INF INF INF INF INF INF INF INF INF INF INF INF INF INF INF INF INF INF INF INF INF INF INF INF INF INF INF INF INF INF INF INF INF INF INF INF INF INF INF INF INF INF INF INF INF INF INF INF INF INF INF INF INF INF INF INF INF INF INF INF INF INF INF INF INF INF INF INF INF INF INF INF INF INF INF INF INF INF INF INF INF INF INF INF INF INF INF INF INF INF INF INF INF INF INF INF INF INF INF INF INF INF INF INF INF INF INF INF INF INF INF INF INF INF INF INF INF INF INF INF INF INF INF INF INF INF INF INF INF INF INF INF INF INF INF INF INF INF INF INF INF INF INF INF INF INF INF INF INF INF INF INF INF INF INF INF INF INF INF INF INF INF INF INF INF INF INF INF INF INF INF INF INF INF INF INF INF INF INF INF INF INF INF INF INF INF INF INF INF INF INF INF INF INF INF INF INF INF INF INF INF INF INF INF INF INF INF INF INF INF INF INF INF INF INF INF INF INF INF INF INF INF INF INF INF INF INF INF INF INF INF INF INF INF INF INF INF INF INF INF INF INF INF INF INF INF INF INF INF INF INF INF INF INF INF INF INF INF INF INF INF INF INF INF INF INF INF INF INF INF INF INF INF INF INF INF INF INF INF INF INF INF INF INF INF INF INF INF INF INF INF INF INF INF INF INF INF INF INF INF INF INF INF INF INF INF INF INF INF INF INF 0 2 3 4 6 2 4 5 6 8 6 4 6 7 8 10 6 8 9 10 12 10 8 10 11 12 14 10 12 13 14 16 14 12 14 15 16 18 14 16 17 18 20 18 16 18 19 20 22 18 20 21 22 24 22 20 22 23 24 26 22 24 25 26 28 26 24 26 27 28 30 26 28 29 30 32 30 28 30 31 32 34 30 32 33 34 36 34 32 34 35 36 38 34 36 37 38 40 38 36 38 39 40 42 38 40 41 42 44 42 40 42 43 44 46 42 44 45 46 48 46 44 46 47 48 50 46 48 49 50 52 50 48 50 51 52 54 50 52 53 54 56 54 52 54 55 56 58 54 56 57 58 60 58 56 58 59 60 62 58 60 61 62 64 62 60 62 63 64 66 62 64 65 66 68 66 64 66 67 68 70 66 68 69 70
INF INF INF INF INF INF INF INF INF INF INF INF INF INF INF INF INF INF INF INF INF INF INF INF INF INF INF INF INF INF INF INF INF INF INF INF INF INF INF INF INF INF INF INF INF INF INF INF INF INF INF INF INF INF INF INF INF INF INF INF INF INF INF INF INF INF INF INF INF INF INF INF INF INF INF INF INF INF INF INF INF INF INF INF INF INF INF INF INF INF INF INF INF INF INF INF INF INF INF INF INF INF INF INF INF INF INF INF INF INF INF INF INF INF INF INF INF INF INF INF INF INF INF INF INF INF INF INF INF INF INF INF INF INF INF INF INF INF INF INF INF INF INF INF INF INF INF INF INF INF INF INF INF INF INF INF INF INF INF INF INF INF INF INF INF INF INF INF INF INF INF INF INF INF INF INF INF INF INF INF INF INF INF INF INF INF INF INF INF INF INF INF INF INF INF INF INF INF INF INF INF INF INF INF INF INF INF INF INF INF INF INF INF INF INF INF INF INF INF INF INF INF INF INF INF INF INF INF INF INF INF INF INF INF INF INF INF INF INF INF INF INF INF INF INF INF INF INF INF INF INF INF INF INF INF INF INF INF INF INF INF INF INF INF INF INF INF INF INF INF INF INF INF INF INF INF INF INF INF INF INF INF INF INF INF INF INF INF INF INF INF INF INF INF INF INF INF INF INF INF INF INF INF INF INF INF INF INF INF INF INF INF INF INF INF INF 0 2 3 4 1 3 4 5 7 5 3 5 6 7 9 5 7 8 9 11 9 7 9 10 11 13 9 11 12 13 15 13 11 13 14 15 17 13 15 16 17 19 17 15 17 18 19 21 17 19 20 21 23 21 19 21 22 23 25 21 23 24 25 27 25 23 25 26 27 29 25 27 28 29 31 29 27 29 30 31 33 29 31 32 33 35 33 31 33 34 35 37 33 35 36 37 39 37 35 37 38 39 41 37 39 40 41 43 41 39 41 42 43 45 41 43 44 45 47 45 43 45 46 47 49 45 47 48 49 51 49 47 49 50 51 53 49 51 52 53 55 53 51 53 54 55 57 53 55 56 57 59 57 55 57 58 59 61 57 59 60 61 63 61 59 61 62 63 65 61 63 64 65 67 65 63 65 66 67 69 65 67 68 69
INF INF INF INF INF INF INF INF INF INF INF INF INF INF INF INF INF INF INF INF INF INF INF INF INF INF INF INF INF INF INF INF INF INF INF INF INF INF INF INF INF INF INF INF INF INF INF INF INF INF INF INF INF INF INF INF INF INF INF INF INF INF INF INF INF INF INF INF INF INF INF INF INF INF INF INF INF INF INF INF INF INF INF INF INF INF INF INF INF INF INF INF INF INF INF INF INF INF INF INF INF INF INF INF INF INF INF INF INF INF INF INF INF INF INF INF INF INF INF INF INF INF INF INF INF INF INF INF INF INF INF INF INF INF INF INF INF INF INF INF INF INF INF INF INF INF INF INF INF INF INF INF INF INF INF INF INF INF INF INF INF INF INF INF INF INF INF INF INF INF INF INF INF INF INF INF INF INF INF INF INF INF INF INF INF INF INF INF INF INF INF INF INF INF INF INF INF INF INF INF INF INF INF INF INF INF INF INF INF INF INF INF INF INF INF INF INF INF INF INF INF INF INF INF INF INF INF INF INF INF INF INF INF INF INF INF INF INF INF INF INF INF INF INF INF INF INF INF INF INF INF INF INF INF INF INF INF INF INF INF INF INF INF INF INF INF INF INF INF INF INF INF INF INF INF INF INF INF INF INF INF INF INF INF INF INF INF INF INF INF INF INF INF INF INF INF INF INF INF INF INF INF INF INF INF INF INF INF INF INF INF INF INF INF INF INF INF 0 2 3 0 2 3 4 6 4 2 4 5 6 8 4 6 7 8 10 8 6 8 9 10 12 8 10 11 12 14 12 10 12 13 14 16 12 14 15 16 18 16 14 16 17 18 20 16 18 19 20 22 20 18 20 21 22 24 20 22 23 24 26 24 22 24 25 26 28 24 26 27 28 30 28 26 28 29 30 32 28 30 31 32 34 32 30 32 33 34 36 32 34 35 36 38 36 34 36 37 38 40 36 38 39 40 42 40 38 40 41 42 44 40 42 43 44 46 44 42 44 45 46 48 44 46 47 48 50 48 46 48 49 50 52 48 50 51 52 54 52 50 52 53 54 56 52 54 55 56 58 56 54 56 57 58 60 56 58 59 60 62 60 58 60 61 62 64 60 62 63 64 66 64 62 64 65 66 68 64 66 67 68
INF INF INF INF INF INF INF INF INF INF INF INF INF INF INF INF INF INF INF INF INF INF INF INF INF INF INF INF INF INF INF INF INF INF INF INF INF INF INF INF INF INF INF INF INF INF INF INF INF INF INF INF INF INF INF INF INF INF INF INF INF INF INF INF INF INF INF INF INF INF INF INF INF INF INF INF INF INF INF INF INF INF INF INF INF INF INF INF INF INF INF INF INF INF INF INF INF INF INF INF INF INF INF INF INF INF INF INF INF INF INF INF INF INF INF INF INF INF INF INF INF INF INF INF INF INF INF INF INF INF INF INF INF INF INF INF INF INF INF INF INF INF INF INF INF INF INF INF INF INF INF INF INF INF INF INF INF INF INF INF INF INF INF INF INF INF INF INF INF INF INF INF INF INF INF INF INF INF INF INF INF INF INF INF INF INF INF INF INF INF INF INF INF INF INF INF INF INF INF INF INF INF INF INF INF INF INF INF INF INF INF INF INF INF INF INF INF INF INF INF INF INF INF INF INF INF INF INF INF INF INF INF INF INF INF INF INF INF INF INF INF INF INF INF INF INF INF INF INF INF INF INF INF INF INF INF INF INF INF INF INF INF INF INF INF INF INF INF INF INF INF INF INF INF INF INF INF INF INF INF INF INF INF INF INF INF INF INF INF INF INF INF INF INF INF INF INF INF INF INF INF INF INF INF INF INF INF INF INF INF INF INF INF INF INF INF INF INF 0 2 -2 0 1 2 4 2 0 2 3 4 6 2 4 5 6 8 6 4 6 7 8 10 6 8 9 10 12 10 8 10 11 12 14 10 12 13 14 16 14 12 14 15 16 18 14 16 17 18 20 18 16 18 19 20 22 18 20 21 22 24 22 20 22 23 24 26 22 24 25 26 28 26 24 26 27 28 30 26 28 29 30 32 30 28 30 31 32 34 30 32 33 34 36 34 32 34 35 36 38 34 36 37 38 40 38 36 38 39 40 42 38 40 41 42 44 42 40 42 43 44 46 42 44 45 46 48 46 44 46 47 48 50 46 48 49 50 52 50 48 50 51 52 54 50 52 53 54 56 54 52 54 55 56 58 54 56 57 58 60 58 56 58 59 60 62 58 60 61 62 64 62 60 62 63 64 66 62 64 65 66
INF INF INF INF INF INF INF INF INF INF INF INF INF INF INF INF INF INF INF INF INF INF INF INF INF INF INF INF INF INF INF INF INF INF INF INF INF INF INF INF INF INF INF INF INF INF INF INF INF INF INF INF INF INF INF INF INF INF INF INF INF INF INF INF INF INF INF INF INF INF INF INF INF INF INF INF INF INF INF INF INF INF INF INF INF INF INF INF INF INF INF INF INF INF INF INF INF INF INF INF INF INF INF INF INF INF INF INF INF INF INF INF INF INF INF INF INF INF INF INF INF INF INF INF INF INF INF INF INF INF INF INF INF INF INF INF INF INF INF INF INF INF INF INF INF INF INF INF INF INF INF INF INF INF INF INF INF INF INF INF INF INF INF INF INF INF INF INF INF INF INF INF INF INF INF INF INF INF INF INF INF INF INF INF INF INF INF INF INF INF INF INF INF INF INF INF INF INF INF INF INF INF INF INF INF INF INF INF INF INF INF INF INF INF INF INF INF INF INF INF INF INF INF INF INF INF INF INF INF INF INF INF INF INF INF INF INF INF INF INF INF INF INF INF INF INF INF INF INF INF INF INF INF INF INF INF INF INF INF INF INF INF INF INF INF INF INF INF INF INF INF INF INF INF INF INF INF INF INF INF INF INF INF INF INF INF INF INF INF INF INF INF INF INF INF INF INF INF INF INF INF INF INF INF INF INF INF INF INF INF INF INF INF INF INF INF INF INF INF 0 2 3 4 6 7 5 4 6 7 8 10 6 8 9 10 12 10 8 10 11 12 14 10 12 13 14 16 14 12 14 15 16 18 14 16 17 18 20 18 16 18 19 20 22 18 20 21 22 24 22 20 22 23 24 26 22 24 25 26 28 26 24 26 27 28 30 26 28 29 30 32 30 28 30 31 32 34 30 32 33 34 36 34 32 34 35 36 38 34 36 37 38 40 38 36 38 39 40 42 38 40 41 42 44 42 40 42 43 44 46 42 44 45 46 48 46 44 46 47 48 50 46 48 49 50 52 50 48 50 51 52 54 50 52 53 54 56 54 52 54 55 56 58 54 56 57 58 60 58 56 58 59 60 62 58 60 61 62 64 62 60 62 63 64 66 62 64 65 66 68 66 64 66 67 68 70 66 68 69 70
INF INF INF INF INF INF INF INF INF INF INF INF INF INF INF INF INF INF INF INF INF INF INF INF INF INF INF INF INF INF INF INF INF INF INF INF INF INF INF INF INF INF INF INF INF INF INF INF INF INF INF INF INF INF INF INF INF INF INF INF INF INF INF INF INF INF INF INF INF INF INF INF INF INF INF INF INF INF INF INF INF INF INF INF INF INF INF INF INF INF INF INF INF INF INF INF INF INF INF INF INF INF INF INF INF INF INF INF INF INF INF INF INF INF INF INF INF INF INF INF INF INF INF INF INF INF INF INF INF INF INF INF INF INF INF INF INF INF INF INF INF INF INF INF INF INF INF INF INF INF INF INF INF INF INF INF INF INF INF INF INF INF INF INF INF INF INF INF INF INF INF INF INF INF INF INF INF INF INF INF INF INF INF INF INF INF INF INF INF INF INF INF INF INF INF INF INF INF INF INF INF INF INF INF INF INF INF INF INF INF INF INF INF INF INF INF INF INF INF INF INF INF INF INF INF INF INF INF INF INF INF INF INF INF INF INF INF INF INF INF INF INF INF INF INF INF INF INF INF INF INF INF INF INF INF INF INF INF INF INF INF INF INF INF INF INF INF INF INF INF INF INF INF INF INF INF INF INF INF INF INF INF INF INF INF INF INF INF INF INF INF INF INF INF INF INF INF INF INF INF INF INF INF INF INF INF INF INF INF INF INF INF INF INF INF INF INF INF INF INF 0 2 3 4 6 4 2 4 5 6 8 4 6 7 8 10 8 6 8 9 10 12 8 10 11 12 14 12 10 12 13 14 16 12 14 15 16 18 16 14 16 17 18 20 16 18 19 20 22 20 18 20 21 22 24 20 22 23 24 26 24 22 24 25 26 28 24 26 27 28 30 28 26 28 29 30 32 28 30 31 32 34 32 30 32 33 34 36 32 34 35 36 38 36 34 36 37 38 40 36 38 39 40 42 40 38 40 41 42 44 40 42 43 44 46 44 42 44 45 46 48 44 46 47 48 50 48 46 48 49 50 52 48 50 51 52 54 52 50 52 53 54 56 52 54 55 56 58 56 54 56 57 58 60 56 58 59 60 62 60 58 60 61 62 64 60 62 63 64 66 64 62 64 65 66 68 64 66 67 68
INF INF INF INF INF INF INF INF INF INF INF INF INF INF INF INF INF INF INF INF INF INF INF INF INF INF INF INF INF INF INF INF INF INF INF INF INF INF INF INF INF INF INF INF INF INF INF INF INF INF INF INF INF INF INF INF INF INF INF INF INF INF INF INF INF INF INF INF INF INF INF INF INF INF INF INF INF INF INF INF INF INF INF INF INF INF INF INF INF INF INF INF INF INF INF INF INF INF INF INF INF INF INF INF INF INF INF INF INF INF INF INF INF INF INF INF INF INF INF INF INF INF INF INF INF INF INF INF INF INF INF INF INF INF INF INF INF INF INF INF INF INF INF INF INF INF INF INF INF INF INF INF INF INF INF INF INF INF INF INF INF INF INF INF INF INF INF INF INF INF INF INF INF INF INF INF INF INF INF INF INF INF INF INF INF INF INF INF INF INF INF INF INF INF INF INF INF INF INF INF INF INF INF INF INF INF INF INF INF INF INF INF INF INF INF INF INF INF INF INF INF INF INF INF INF INF INF INF INF INF INF INF INF INF INF INF INF INF INF INF INF INF INF INF INF INF INF INF INF INF INF INF INF INF INF INF INF INF INF INF INF INF INF INF INF INF INF INF INF INF INF INF INF INF INF INF INF INF INF INF INF INF INF INF INF INF INF INF INF INF INF INF INF INF INF INF INF INF INF INF INF INF INF INF INF INF INF INF INF INF INF INF INF INF INF INF INF INF INF INF INF 0 2 3 4 2 1 3 4 5 7 3 5 6 7 9 7 5 7 8 9 11 7 9 10 11 13 11 9 11 12 13 15 11 13 14 15 17 15 13 15 16 17 19 15 17 18 19 21 19 17 19 20 21 23 19 21 22 23 25 23 21 23 24 25 27 23 25 26 27 29 27 25 27 28 29 31 27 29 30 31 33 31 29 31 32 33 35 31 33 34 35 37 35 33 35 36 37 39 35 37 38 39 41 39 37 39 40 41 43 39 41 42 43 45 43 41 43 44 45 47 43 45 46 47 49 47 45 47 48 49 51 47 49 50 51 53 51 49 51 52 53 55 51 53 54 55 57 55 53 55 56 57 59 55 57 58 59 61 59 57 59 60 61 63 59 61 62 63 65 63 61 63 64 65 67 63 65 66 67
INF INF INF INF INF INF INF INF INF INF INF INF INF INF INF INF INF INF INF INF INF INF INF INF INF INF INF INF INF INF INF INF INF INF INF INF INF INF INF INF INF INF INF INF INF INF INF INF INF INF INF INF INF INF INF INF INF INF INF INF INF INF INF INF INF INF INF INF INF INF INF INF INF INF INF INF INF INF INF INF INF INF INF INF INF INF INF INF INF INF INF INF INF INF INF INF INF INF INF INF INF INF INF INF INF INF INF INF INF INF INF INF INF INF INF INF INF INF INF INF INF INF INF INF INF INF INF INF INF INF INF INF INF INF INF INF INF INF INF INF INF INF INF INF INF INF INF INF INF INF INF INF INF INF INF INF INF INF INF INF INF INF INF INF INF INF INF INF INF INF INF INF INF INF INF INF INF INF INF INF INF INF INF INF INF INF INF INF INF INF INF INF INF INF INF INF INF INF INF INF INF INF INF INF INF INF INF INF INF INF INF INF INF INF INF INF INF INF INF INF INF INF INF INF INF INF INF INF INF INF INF INF INF INF INF INF INF INF INF INF INF INF INF INF INF INF INF INF INF INF INF INF INF INF INF INF INF INF INF INF INF INF INF INF INF INF INF INF INF INF INF INF INF INF INF INF INF INF INF INF INF INF INF INF INF INF INF INF INF INF INF INF INF INF INF INF INF INF INF INF INF INF INF INF INF INF INF INF INF INF INF INF INF INF INF INF INF INF INF INF INF INF 0 2 3 1 0 2 3 4 6 2 4 5 6 8 6 4 6 7 8 10 6 8 9 10 12 10 8 10 11 12 14 10 12 13 14 16 14 12 14 15 16 18 14 16 17 18 20 18 16 18 19 20 22 18 20 21 22 24 22 20 22 23 24 26 22 24 25 26 28 26 24 26 27 28 30 26 28 29 30 32 30 28 30 31 32 34 30 32 33 34 36 34 32 34 35 36 38 34 36 37 38 40 38 36 38 39 40 42 38 40 41 42 44 42 40 42 43 44 46 42 44 45 46 48 46 44 46 47 48 50 46 48 49 50 52 50 48 50 51 52 54 50 52 53 54 56 54 52 54 55 56 58 54 56 57 58 60 58 56 58 59 60 62 58 60 61 62 64 62 60 62 63 64 66 62 64 65 66
INF INF INF INF INF INF INF INF INF INF INF INF INF INF INF INF INF INF INF INF INF INF INF INF INF INF INF INF INF INF INF INF INF INF INF INF INF INF INF INF INF INF INF INF INF INF INF INF INF INF INF INF INF INF INF INF INF INF INF INF INF INF INF INF INF INF INF INF INF INF INF INF INF INF INF INF INF INF INF INF INF INF INF INF INF INF INF INF INF INF INF INF INF INF INF INF INF INF INF INF INF INF INF INF INF INF INF INF INF INF INF INF INF INF INF INF INF INF INF INF INF INF INF INF INF INF INF INF INF INF INF INF INF INF INF INF INF INF INF INF INF INF INF INF INF INF INF INF INF INF INF INF INF INF INF INF INF INF INF INF INF INF INF INF INF INF INF INF INF INF INF INF INF INF INF INF INF INF INF INF INF INF INF INF INF INF INF INF INF INF INF INF INF INF INF INF INF INF INF INF INF INF INF INF INF INF INF INF INF INF INF INF INF INF INF INF INF INF INF INF INF INF INF INF INF INF INF INF INF INF INF INF INF INF INF INF INF INF INF INF INF INF INF INF INF INF INF INF INF INF INF INF INF INF INF INF INF INF INF INF INF INF INF INF INF INF INF INF INF INF INF INF INF INF INF INF INF INF INF INF INF INF INF INF INF INF INF INF INF INF INF INF INF INF INF INF INF INF INF INF INF INF INF INF INF INF INF INF INF INF INF INF INF INF INF INF INF INF INF INF INF INF INF 0 2 0 -2 0 1 2 4 0 2 3 4 6 4 2 4 5 6 8 4 6 7 8 10 8 6 8 9 10 12 8 10 11 12 14 12 10 12 13 14 16 12 14 15 16 18 16 14 16 17 18 20 16 18 19 20 22 20 18 20 21 22 24 20 22 23 24 26 24 22 24 25 26 28 24 26 27 28 30 28 26 28 29 30 32 28 30 31 32 34 32 30 32 33 34 36 32 34 35 36 38 36 34 36 37 38 40 36 38 39 40 42 40 38 40 41 42 44 40 42 43 44 46 44 42 44 45 46 48 44 46 47 48 50 48 46 48 49 50 52 48 50 51 52 54 52 50 52 53 54 56 52 54 55 56 58 56 54 56 57 58 60 56 58 59 60 62 60 58 60 61 62 64 60 62 63 64
INF INF INF INF INF INF INF INF INF INF INF INF INF INF INF INF INF INF INF INF INF INF INF INF INF INF INF INF INF INF INF INF INF INF INF INF INF INF INF INF INF INF INF INF INF INF INF INF INF INF INF INF INF INF INF INF INF INF INF INF INF INF INF INF INF INF INF INF INF INF INF INF INF INF INF INF INF INF INF INF INF INF INF INF INF INF INF INF INF INF INF INF INF INF INF INF INF INF INF INF INF INF INF INF INF INF INF INF INF INF INF INF INF INF INF INF INF INF INF INF INF INF INF INF INF INF INF INF INF INF INF INF INF INF INF INF INF INF INF INF INF INF INF INF INF INF INF INF INF INF INF INF INF INF INF INF INF INF INF INF INF INF INF INF INF INF INF INF INF INF INF INF INF INF INF INF INF INF INF INF INF INF INF INF INF INF INF INF INF INF INF INF INF INF INF INF INF INF INF INF INF INF INF INF INF INF INF INF INF INF INF INF INF INF INF INF INF INF INF INF INF INF INF INF INF INF INF INF INF INF INF INF INF INF INF INF INF INF INF INF INF INF INF INF INF INF INF INF INF INF INF INF INF INF INF INF INF INF INF INF INF INF INF INF INF INF INF INF INF INF INF INF INF INF INF INF INF INF INF INF INF INF INF INF INF INF INF INF INF INF INF INF INF INF INF INF INF INF INF INF INF INF INF INF INF INF INF INF INF INF INF INF INF INF INF INF INF INF INF INF INF INF INF INF 0 -2 0 1 2 4 5 2 4 5 6 8 6 4 6 7 8 10 6 8 9 10 12 10 8 10 11 12 14 10 12 13 14 16 14 12 14 15 16 18 14 16 17 18 20 18 16 18 19 20 22 18 20 21 22 24 22 20 22 23 24 26 22 24 25 26 28 26 24 26 27 28 30 26 28 29 30 32 30 28 30 31 32 34 30 32 33 34 36 34 32 34 35 36 38 34 36 37 38 40 38 36 38 39 40 42 38 40 41 42 44 42 40 42 43 44 46 42 44 45 46 48 46 44 46 47 48 50 46 48 49 50 52 50 48 50 51 52 54 50 52 53 54 56 54 52 54 55 56 58 54 56 57 58 60 58 56 58 59 60 62 58 60 61 62 64 62 60 62 63 64 66 62 64 65 66
INF INF INF INF INF INF INF INF INF INF INF INF INF INF INF INF INF INF INF INF INF INF INF INF INF INF INF INF INF INF INF INF INF INF INF INF INF INF INF INF INF INF INF INF INF INF INF INF INF INF INF INF INF INF INF INF INF INF INF INF INF INF INF INF INF INF INF INF INF INF INF INF INF INF INF INF INF INF INF INF INF INF INF INF INF INF INF INF INF INF INF INF INF INF INF INF INF INF INF INF INF INF INF INF INF INF INF INF INF INF INF INF INF INF INF INF INF INF INF INF INF INF INF INF INF INF INF INF INF INF INF INF INF INF INF INF INF INF INF INF INF INF INF INF INF INF INF INF INF INF INF INF INF INF INF INF INF INF INF INF INF INF INF INF INF INF INF INF INF INF INF INF INF INF INF INF INF INF INF INF INF INF INF INF INF INF INF INF INF INF INF INF INF INF INF INF INF INF INF INF INF INF INF INF INF INF INF INF INF INF INF INF INF INF INF INF INF INF INF INF INF INF INF INF INF INF INF INF INF INF INF INF INF INF INF INF INF INF INF INF INF INF INF INF INF INF INF INF INF INF INF INF INF INF INF INF INF INF INF INF INF INF INF INF INF INF INF INF INF INF INF INF INF INF INF INF INF INF INF INF INF INF INF INF INF INF INF INF INF INF INF INF INF INF INF INF INF INF INF INF INF INF INF INF INF INF INF INF INF INF INF INF INF INF INF INF INF INF INF INF INF INF INF INF INF 0 2 3 4 6 7 4 6 7 8 10 8 6 8 9 10 12 8 10 11 12 14 12 10 12 13 14 16 12 14 15 16 18 16 14 16 17 18 20 16 18 19 20 22 20 18 20 21 22 24 20 22 23 24 26 24 22 24 25 26 28 24 26 27 28 30 28 26 28 29 30 32 28 30 31 32 34 32 30 32 33 34 36 32 34 35 36 38 36 34 36 37 38 40 36 38 39 40 42 40 38 40 41 42 44 40 42 43 44 46 44 42 44 45 46 48 44 46 47 48 50 48 46 48 49 50 52 48 50 51 52 54 52 50 52 53 54 56 52 54 55 56 58 56 54 56 57 58 60 56 58 59 60 62 60 58 60 61 62 64 60 62 63 64 66 64 62 64 65 66 68 64 66 67 68
INF INF INF INF INF INF INF INF INF INF INF INF INF INF INF INF INF INF INF INF INF INF INF INF INF INF INF INF INF INF INF INF INF INF INF INF INF INF INF INF INF INF INF INF INF INF INF INF INF INF INF INF INF INF INF INF INF INF INF INF INF INF INF INF INF INF INF INF INF INF INF INF INF INF INF INF INF INF INF INF INF INF INF INF INF INF INF INF INF INF INF INF INF INF INF INF INF INF INF INF INF INF INF INF INF INF INF INF INF INF INF INF INF INF INF INF INF INF INF INF INF INF INF INF INF INF INF INF INF INF INF INF INF INF INF INF INF INF INF INF INF INF INF INF INF INF INF INF INF INF INF INF INF INF INF INF INF INF INF INF INF INF INF INF INF INF INF INF INF INF INF INF INF INF INF INF INF INF INF INF INF INF INF INF INF INF INF INF INF INF INF INF INF INF INF INF INF INF INF INF INF INF INF INF INF INF INF INF INF INF INF INF INF INF INF INF INF INF INF INF INF INF INF INF INF INF INF INF INF INF INF INF INF INF INF INF INF INF INF INF INF INF INF INF INF INF INF INF INF INF INF INF INF INF INF INF INF INF INF INF INF INF INF INF INF INF INF INF INF INF INF INF INF INF INF INF INF INF INF INF INF INF INF INF INF INF INF INF INF INF INF INF INF INF INF INF INF INF INF INF INF INF INF INF INF INF INF INF INF INF INF INF INF INF INF INF INF INF INF INF INF INF INF INF INF INF 0 2 3 4 6 2 4 5 6 8 6 4 6 7 8 10 6 8 9 10 12 10 8 10 11 12 14 10 12 13 14 16 14 12 14 15 16 18 14 16 17 18 20 18 16 18 19 20 22 18 20 21 22 24 22 20 22 23 24 26 22 24 25 26 28 26 24 26 27 28 30 26 28 29 30 32 30 28 30 31 32 34 30 32 33 34 36 34 32 34 35 36 38 34 36 37 38 40 38 36 38 39 40 42 38 40 41 42 44 42 40 42 43 44 46 42 44 45 46 48 46 44 46 47 48 50 46 48 49 50 52 50 48 50 51 52 54 50 52 53 54 56 54 52 54 55 56 58 54 56 57 58 60 58 56 58 59 60 62 58 60 61 62 64 62 60 62 63 64 66 62 64 65 66
INF INF INF INF INF INF INF INF INF INF INF INF INF INF INF INF INF INF INF INF INF INF INF INF INF INF INF INF INF INF INF INF INF INF INF INF INF INF INF INF INF INF INF INF INF INF INF INF INF INF INF INF INF INF INF INF INF INF INF INF INF INF INF INF INF INF INF INF INF INF INF INF INF INF INF INF INF INF INF INF INF INF INF INF INF INF INF INF INF INF INF INF INF INF INF INF INF INF INF INF INF INF INF INF INF INF INF INF INF INF INF INF INF INF INF INF INF INF INF INF INF INF INF INF INF INF INF INF INF INF INF INF INF INF INF INF INF INF INF INF INF INF INF INF INF INF INF INF INF INF INF INF INF INF INF INF INF INF INF INF INF INF INF INF INF INF INF INF INF INF INF INF INF INF INF INF INF INF INF INF INF INF INF INF INF INF INF INF INF INF INF INF INF INF INF INF INF INF INF INF INF INF INF INF INF INF INF INF INF INF INF INF INF INF INF INF INF INF INF INF INF INF INF INF INF INF INF INF INF INF INF INF INF INF INF INF INF INF INF INF INF INF INF INF INF INF INF INF INF INF INF INF INF INF INF INF INF INF INF INF INF INF INF INF INF INF INF INF INF INF INF INF INF INF INF INF INF INF INF INF INF INF INF INF INF INF INF INF INF INF INF INF INF INF INF INF INF INF INF INF INF INF INF INF INF INF INF INF INF INF INF INF INF INF INF INF INF INF INF INF INF INF INF INF INF INF INF 0 2 3 4 1 3 4 5 7 5 3 5 6 7 9 5 7 8 9 11 9 7 9 10 11 13 9 11 12 13 15 13 11 13 14 15 17 13 15 16 17 19 17 15 17 18 19 21 17 19 20 21 23 21 19 21 22 23 25 21 23 24 25 27 25 23 25 26 27 29 25 27 28 29 31 29 27 29 30 31 33 29 31 32 33 35 33 31 33 34 35 37 33 35 36 37 39 37 35 37 38 39 41 37 39 40 41 43 41 39 41 42 43 45 41 43 44 45 47 45 43 45 46 47 49 45 47 48 49 51 49 47 49 50 51 53 49 51 52 53 55 53 51 53 54 55 57 53 55 56 57 59 57 55 57 58 59 61 57 59 60 61 63 61 59 61 62 63 65 61 63 64 65
INF INF INF INF INF INF INF INF INF INF INF INF INF INF INF INF INF INF INF INF INF INF INF INF INF INF INF INF INF INF INF INF INF INF INF INF INF INF INF INF INF INF INF INF INF INF INF INF INF INF INF INF INF INF INF INF INF INF INF INF INF INF INF INF INF INF INF INF INF INF INF INF INF INF INF INF INF INF INF INF INF INF INF INF INF INF INF INF INF INF INF INF INF INF INF INF INF INF INF INF INF INF INF INF INF INF INF INF INF INF INF INF INF INF INF INF INF INF INF INF INF INF INF INF INF INF INF INF INF INF INF INF INF INF INF INF INF INF INF INF INF INF INF INF INF INF INF INF INF INF INF INF INF INF INF INF INF INF INF INF INF INF INF INF INF INF INF INF INF INF INF INF INF INF INF INF INF INF INF INF INF INF INF INF INF INF INF INF INF INF INF INF INF INF INF INF INF INF INF INF INF INF INF INF INF INF INF INF INF INF INF INF INF INF INF INF INF INF INF INF INF INF INF INF INF INF INF INF INF INF INF INF INF INF INF INF INF INF INF INF INF INF INF INF INF INF INF INF INF INF INF INF INF INF INF INF INF INF INF INF INF INF INF INF INF INF INF INF INF INF INF INF INF INF INF INF INF INF INF INF INF INF INF INF INF INF INF INF INF INF INF INF INF INF INF INF INF INF INF INF INF INF INF INF INF INF INF INF INF INF INF INF INF INF INF INF INF INF INF INF INF INF INF INF INF INF INF INF 0 2 3 0 2 3 4 6 4 2 4 5 6 8 4 6 7 8 10 8 6 8 9 10 12 8 10 11 12 14 12 10 12 13 14 16 12 14 15 16 18 16 14 16 17 18 20 16 18 19 20 22 20 18 20 21 22 24 20 22 23 24 26 24 22 24 25 26 28 24 26 27 28 30 28 26 28 29 30 32 28 30 31 32 34 32 30 32 33 34 36 32 34 35 36 38 36 34 36 37 38 40 36 38 39 40 42 40 38 40 41 42 44 40 42 43 44 46 44 42 44 45 46 48 44 46 47 48 50 48 46 48 49 50 52 48 50 51 52 54 52 50 52 53 54 56 52 54 55 56 58 56 54 56 57 58 60 56 58 59 60 62 60 58 60 61 62 64 60 62 63 64
INF INF INF INF INF INF INF INF INF INF INF INF INF INF INF INF INF INF INF INF INF INF INF INF INF INF INF INF INF INF INF INF INF INF INF INF INF INF INF INF INF INF INF INF INF INF INF INF INF INF INF INF INF INF INF INF INF INF INF INF INF INF INF INF INF INF INF INF INF INF INF INF INF INF INF INF INF INF INF INF INF INF INF INF INF INF INF INF INF INF INF INF INF INF INF INF INF INF INF INF INF INF INF INF INF INF INF INF INF INF INF INF INF INF INF INF INF INF INF INF INF INF INF INF INF INF INF INF INF INF INF INF INF INF INF INF INF INF INF INF INF INF INF INF INF INF INF INF INF INF INF INF INF INF INF INF INF INF INF INF INF INF INF INF INF INF INF INF INF INF INF INF INF INF INF INF INF INF INF INF INF INF INF INF INF INF INF INF INF INF INF INF INF INF INF INF INF INF INF INF INF INF INF INF INF INF INF INF INF INF INF INF INF INF INF INF INF INF INF INF INF INF INF INF INF INF INF INF INF INF INF INF INF INF INF INF INF INF INF INF INF INF INF INF INF INF INF INF INF INF INF INF INF INF INF INF INF INF INF INF INF INF INF INF INF INF INF INF INF INF INF INF INF INF INF INF INF INF INF INF INF INF INF INF INF INF INF INF INF INF INF INF INF INF INF INF INF INF INF INF INF INF INF INF INF INF INF INF INF INF INF INF INF INF INF INF INF INF INF INF INF INF INF INF INF INF INF INF INF 0 2 -2 0 1 2 4 2 0 2 3 4 6 2 4 5 6 8 6 4 6 7 8 10 6 8 9 10 12 10 8 10 11 12 14 10 12 13 14 16 14 12 14 15 16 18 14 16 17 18 20 18 16 18 19 20 22 18 20 21 22 24 22 20 22 23 24 26 22 24 25 26 28 26 24 26 27 28 30 26 28 29 30 32 30 28 30 31 32 34 30 32 33 34 36 34 32 34 35 36 38 34 36 37 38 40 38 36 38 39 40 42 38 40 41 42 44 42 40 42 43 44 46 42 44 45 46 48 46 44 46 47 48 50 46 48 49 50 52 50 48 50 51 52 54 50 52 53 54 56 54 52 54 55 56 58 54 56 57 58 60 58 56 58 59 60 62 58 60 61 62
INF INF INF INF INF INF INF INF INF INF INF INF INF INF INF INF INF INF INF INF INF INF INF INF INF INF INF INF INF INF INF INF INF INF INF INF INF INF INF INF INF INF INF INF INF INF INF INF INF INF INF INF INF INF INF INF INF INF INF INF INF INF INF INF INF INF INF INF INF INF INF INF INF INF INF INF INF INF INF INF INF INF INF INF INF INF INF INF INF INF INF INF INF INF INF INF INF INF INF INF INF INF INF INF INF INF INF INF INF INF INF INF INF INF INF INF INF INF INF INF INF INF INF INF INF INF INF INF INF INF INF INF INF INF INF INF INF INF INF INF INF INF INF INF INF INF INF INF INF INF INF INF INF INF INF INF INF INF INF INF INF INF INF INF INF INF INF INF INF INF INF INF INF INF INF INF INF INF INF INF INF INF INF INF INF INF INF INF INF INF INF INF INF INF INF INF INF INF INF INF INF INF INF INF INF INF INF INF INF INF INF INF INF INF INF INF INF INF INF INF INF INF INF INF INF INF INF INF INF INF INF INF INF INF INF INF INF INF INF INF INF INF INF INF INF INF INF INF INF INF INF INF INF INF INF INF INF INF INF INF INF INF INF INF INF INF INF INF INF INF INF INF INF INF INF INF INF INF INF INF INF INF INF INF INF INF INF INF INF INF INF INF INF INF INF INF INF INF INF INF INF INF INF INF INF INF INF INF INF INF INF INF INF INF INF INF INF INF INF INF INF INF INF INF INF INF INF INF INF INF 0 2 3 4 6 7 5 4 6 7 8 10 6 8 9 10 12 10 8 10 11 12 14 10 12 13 14 16 14 12 14 15 16 18 14 16 17 18 20 18 16 18 19 20 22 18 20 21 22 24 22 20 22 23 24 26 22 24 25 26 28 26 24 26 27 28 30 26 28 29 30 32 30 28 30 31 32 34 30 32 33 34 36 34 32 34 35 36 38 34 36 37 38 40 38 36 38 39 40 42 38 40 41 42 44 42 40 42 43 44 46 42 44 45 46 48 46 44 46 47 48 50 46 48 49 50 52 50 48 50 51 52 54 50 52 53 54 56 54 52 54 55 56 58 54 56 57 58 60 58 56 58 59 60 62 58 60 61 62 64 62 60 62 63 64 66 62 64 65 66
INF INF INF INF INF INF INF INF INF INF INF INF INF INF INF INF INF INF INF INF INF INF INF INF INF INF INF INF INF INF INF INF INF INF INF INF INF INF INF INF INF INF INF INF INF INF INF INF INF INF INF INF INF INF INF INF INF INF INF INF INF INF INF INF INF INF INF INF INF INF INF INF INF INF INF INF INF INF INF INF INF INF INF INF INF INF INF INF INF INF INF INF INF INF INF INF INF INF INF INF INF INF INF INF INF INF INF INF INF INF INF INF INF INF INF INF INF INF INF INF INF INF INF INF INF INF INF INF INF INF INF INF INF INF INF INF INF INF INF INF INF INF INF INF INF INF INF INF INF INF INF INF INF INF INF INF INF INF INF INF INF INF INF INF INF INF INF INF INF INF INF INF INF INF INF INF INF INF INF INF INF INF INF INF INF INF INF INF INF INF INF INF INF INF INF INF INF INF INF INF INF INF INF INF INF INF INF INF INF INF INF INF INF INF INF INF INF INF INF INF INF INF INF INF INF INF INF INF INF INF INF INF INF INF INF INF INF INF INF INF INF INF INF INF INF INF INF INF INF INF INF INF INF INF INF INF INF INF INF INF INF INF INF INF INF INF INF INF INF INF INF INF INF INF INF INF INF INF INF INF INF INF INF INF INF INF INF INF INF INF INF INF INF INF INF INF INF INF INF INF INF INF INF INF INF INF INF INF INF INF INF INF INF INF INF INF INF INF INF INF INF INF INF INF INF INF INF INF INF INF INF 0 2 3 4 6 4 2 4 5 6 8 4 6 7 8 10 8 6 8 9 10 12 8 10 11 12 14 12 10 12 13 14 16 12 14 15 16 18 16 14 16 17 18 20 16 18 19 20 22 20 18 20 21 22 24 20 22 23 24 26 24 22 24 25 26 28 24 26 27 28 30 28 26 28 29 30 32 28 30 31 32 34 32 30 32 33 34 36 32 34 35 36 38 36 34 36 37 38 40 36 38 39 40 42 40 38 40 41 42 44 40 42 43 44 46 44 42 44 45 46 48 44 46 47 48 50 48 46 48 49 50 52 48 50 51 52 54 52 50 52 53 54 56 52 54 55 56 58 56 54 56 57 58 60 56 58 59 60 62 60 58 60 61 62 64 60 62 63 64
INF INF INF INF INF INF INF INF INF INF INF INF INF INF INF INF INF INF INF INF INF INF INF INF INF INF INF INF INF INF INF INF INF INF INF INF INF INF INF INF INF INF INF INF INF INF INF INF INF INF INF INF INF INF INF INF INF INF INF INF INF INF INF INF INF INF INF INF INF INF INF INF INF INF INF INF INF INF INF INF INF INF INF INF INF INF INF INF INF INF INF INF INF INF INF INF INF INF INF INF INF INF INF INF INF INF INF INF INF INF INF INF INF INF INF INF INF INF INF INF INF INF INF INF INF INF INF INF INF INF INF INF INF INF INF INF INF INF INF INF INF INF INF INF INF INF INF INF INF INF INF INF INF INF INF INF INF INF INF INF INF INF INF INF INF INF INF INF INF INF INF INF INF INF INF INF INF INF INF INF INF INF INF INF INF INF INF INF INF INF INF INF INF INF INF INF INF INF INF INF INF INF INF INF INF INF INF INF INF INF INF INF INF INF INF INF INF INF INF INF INF INF INF INF INF INF INF INF INF INF INF INF INF INF INF INF INF INF INF INF INF INF INF INF INF INF INF INF INF INF INF INF INF INF INF INF INF INF INF INF INF INF INF INF INF INF INF INF INF INF INF INF INF INF INF INF INF INF INF INF INF INF INF INF INF INF INF INF INF INF INF INF INF INF INF INF INF INF INF INF INF INF INF INF INF INF INF INF INF INF INF INF INF INF INF INF INF INF INF INF INF INF INF INF INF INF INF INF INF INF INF INF 0 2 3 4 2 1 3 4 5 7 3 5 6 7 9 7 5 7 8 9 11 7 9 10 11 13 11 9 11 12 13 15 11 13 14 15 17 15 13 15 16 17 19 15 17 18 19 21 19 17 19 20 21 23 19 21 22 23 25 23 21 23 24 25 27 23 25 26 27 29 27 25 27 28 29 31 27 29 30 31 33 31 29 31 32 33 35 31 33 34 35 37 35 33 35 36 37 39 35 37 38 39 41 39 37 39 40 41 43 39 41 42 43 45 43 41 43 44 45 47 43 45 46 47 49 47 45 47 48 49 51 47 49 50 51 53 51 49 51 52 53 55 51 53 54 55 57 55 53 55 56 57 59 55 57 58 59 61 59 57 59 60 61 63 59 61 62 63
INF INF INF INF INF INF INF INF INF INF INF INF INF INF INF INF INF INF INF INF INF INF INF INF INF INF INF INF INF INF INF INF INF INF INF INF INF INF INF INF INF INF INF INF INF INF INF INF INF INF INF INF INF INF INF INF INF INF INF INF INF INF INF INF INF INF INF INF INF INF INF INF INF INF INF INF INF INF INF INF INF INF INF INF INF INF INF INF INF INF INF INF INF INF INF INF INF INF INF INF INF INF INF INF INF INF INF INF INF INF INF INF INF INF INF INF INF INF INF INF INF INF INF INF INF INF INF INF INF INF INF INF INF INF INF INF INF INF INF INF INF INF INF INF INF INF INF INF INF INF INF INF INF INF INF INF INF INF INF INF INF INF INF INF INF INF INF INF INF INF INF INF INF INF INF INF INF INF INF INF INF INF INF INF INF INF INF INF INF INF INF INF INF INF INF INF INF INF INF INF INF INF INF INF INF INF INF INF INF INF INF INF INF INF INF INF INF INF INF INF INF INF INF INF INF INF INF INF INF INF INF INF INF INF INF INF INF INF INF INF INF INF INF INF INF INF INF INF INF INF INF INF INF INF INF INF INF INF INF INF INF INF INF INF INF INF INF INF INF INF INF INF INF INF INF INF INF INF INF INF INF INF INF INF INF INF INF INF INF INF INF INF INF INF INF INF INF INF INF INF INF INF INF INF INF INF INF INF INF INF INF INF INF INF INF INF INF INF INF INF INF INF INF INF INF INF INF INF INF INF INF INF INF 0 2 3 1 0 2 3 4 6 2 4 5 6 8 6 4 6 7 8 10 6 8 9 10 12 10 8 10 11 12 14 10 12 13 14 16 14 12 14 15 16 18 14 16 17 18 20 18 16 18 19 20 22 18 20 21 22 24 22 20 22 23 24 26 22 24 25 26 28 26 24 26 27 28 30 26 28 29 30 32 30 28 30 31 32 34 30 32 33 34 36 34 32 34 35 36 38 34 36 37 38 40 38 36 38 39 40 42 38 40 41 42 44 42 40 42 43 44 46 42 44 45 46 48 46 44 46 47 48 50 46 48 49 50 52 50 48 50 51 52 54 50 52 53 54 56 54 52 54 55 56 58 54 56 57 58 60 58 56 58 59 60 62 58 60 61 62
INF INF INF INF INF INF INF INF INF INF INF INF INF INF INF INF INF INF INF INF INF INF INF INF INF INF INF INF INF INF INF INF INF INF INF INF INF INF INF INF INF INF INF INF INF INF INF INF INF INF INF INF INF INF INF INF INF INF INF INF INF INF INF INF INF INF INF INF INF INF INF INF INF INF INF INF INF INF INF INF INF INF INF INF INF INF INF INF INF INF INF INF INF INF INF INF INF INF INF INF INF INF INF INF INF INF INF INF INF INF INF INF INF INF INF INF INF INF INF INF INF INF INF INF INF INF INF INF INF INF INF INF INF INF INF INF INF INF INF INF INF INF INF INF INF INF INF INF INF INF INF INF INF INF INF INF INF INF INF INF INF INF INF INF INF INF INF INF INF INF INF INF INF INF INF INF INF INF INF INF INF INF INF INF INF INF INF INF INF INF INF INF INF INF INF INF INF INF INF INF INF INF INF INF INF INF INF INF INF INF INF INF INF INF INF INF INF INF INF INF INF INF INF INF INF INF INF INF INF INF INF INF INF INF INF INF INF INF INF INF INF INF INF INF INF INF INF INF INF INF INF INF INF INF INF INF INF INF INF INF INF INF INF INF INF INF INF INF INF INF INF INF INF INF INF INF INF INF INF INF INF INF INF INF INF INF INF INF INF INF INF INF INF INF INF INF INF INF INF INF INF INF INF INF INF INF INF INF INF INF INF INF INF INF INF INF INF INF INF INF INF INF INF INF INF INF INF INF INF INF INF INF INF INF 0 2 0 -2 0 1 2 4 0 2 3 4 6 4 2 4 5 6 8 4 6 7 8 10 8 6 8 9 10 12 8 10 11 12 14 12 10 12 13 14 16 12 14 15 16 18 16 14 16 17 18 20 16 18 19 20 22 20 18 20 21 22 24 20 22 23 24 26 24 22 24 25 26 28 24 26 27 28 30 28 26 28 29 30 32 28 30 31 32 34 32 30 32 33 34 36 32 34 35 36 38 36 34 36 37 38 40 36 38 39 40 42 40 38 40 41 42 44 40 42 43 44 46 44 42 44 45 46 48 44 46 47 48 50 48 46 48 49 50 52 48 50 51 52 54 52 50 52 53 54 56 52 54 55 56 58 56 54 56 57 58 60 56 58 59 60
INF INF INF INF INF INF INF INF INF INF INF INF INF INF INF INF INF INF INF INF INF INF INF INF INF INF INF INF INF INF INF INF INF INF INF INF INF INF INF INF INF INF INF INF INF INF INF INF INF INF INF INF INF INF INF INF INF INF INF INF INF INF INF INF INF INF INF INF INF INF INF INF INF INF INF INF INF INF INF INF INF INF INF INF INF INF INF INF INF INF INF INF INF INF INF INF INF INF INF INF INF INF INF INF INF INF INF INF INF INF INF INF INF INF INF INF INF INF INF INF INF INF INF INF INF INF INF INF INF INF INF INF INF INF INF INF INF INF INF INF INF INF INF INF INF INF INF INF INF INF INF INF INF INF INF INF INF INF INF INF INF INF INF INF INF INF INF INF INF INF INF INF INF INF INF INF INF INF INF INF INF INF INF INF INF INF INF INF INF INF INF INF INF INF INF INF INF INF INF INF INF INF INF INF INF INF INF INF INF INF INF INF INF INF INF INF INF INF INF INF INF INF INF INF INF INF INF INF INF INF INF INF INF INF INF INF INF INF INF INF INF INF INF INF INF INF INF INF INF INF INF INF INF INF INF INF INF INF INF INF INF INF INF INF INF INF INF INF INF INF INF INF INF INF INF INF INF INF INF INF INF INF INF INF INF INF INF INF INF INF INF INF INF INF INF INF INF INF INF INF INF INF INF INF INF INF INF INF INF INF INF INF INF INF INF INF INF INF INF INF INF INF INF INF INF INF INF INF INF INF INF INF INF INF INF 0 -2 0 1 2 4 5 2 4 5 6 8 6 4 6 7 8 10 6 8 9 10 12 10 8 10 11 12 14 10 12 13 14 16 14 12 14 15 16 18 14 16 17 18 20 18 16 18 19 20 22 18 20 21 22 24 22 20 22 23 24 26 22 24 25 26 28 26 24 26 27 28 30 26 28 29 30 32 30 28 30 31 32 34 30 32 33 34 36 34 32 34 35 36 38 34 36 37 38 40 38 36 38 39 40 42 38 40 41 42 44 42 40 42 43 44 46 42 44 45 46 48 46 44 46 47 48 50 46 48 49 50 52 50 48 50 51 52 54 50 52 53 54 56 54 52 54 55 56 58 54 56 57 58 60 58 56 58 59 60 62 58 60 61 62
INF INF INF INF INF INF INF INF INF INF INF INF INF INF INF INF INF INF INF INF INF INF INF INF INF INF INF INF INF INF INF INF INF INF INF INF INF INF INF INF INF INF INF INF INF INF INF INF INF INF INF INF INF INF INF INF INF INF INF INF INF INF INF INF INF INF INF INF INF INF INF INF INF INF INF INF INF INF INF INF INF INF INF INF INF INF INF INF INF INF INF INF INF INF INF INF INF INF INF INF INF INF INF INF INF INF INF INF INF INF INF INF INF INF INF INF INF INF INF INF INF INF INF INF INF INF INF INF INF INF INF INF INF INF INF INF INF INF INF INF INF INF INF INF INF INF INF INF INF INF INF INF INF INF INF INF INF INF INF INF INF INF INF INF INF INF INF INF INF INF INF INF INF INF INF INF INF INF INF INF INF INF INF INF INF INF INF INF INF INF INF INF INF INF INF INF INF INF INF INF INF INF INF INF INF INF INF INF INF INF INF INF INF INF INF INF INF INF INF INF INF INF INF INF INF INF INF INF INF INF INF INF INF INF INF INF INF INF INF INF INF INF INF INF INF INF INF INF INF INF INF INF INF INF INF INF INF INF INF INF INF INF INF INF INF INF INF INF INF INF INF INF INF INF INF INF INF INF INF INF INF INF INF INF INF INF INF INF INF INF INF INF INF INF INF INF INF INF INF INF INF INF INF INF INF INF INF INF INF INF INF INF INF INF INF INF INF INF INF INF INF INF INF INF INF INF INF INF INF INF INF INF INF INF INF INF 0 2 3 4 6 7 4 6 7 8 10 8 6 8 9 10 12 8 10 11 12 14 12 10 12 13 14 16 12 14 15 16 18 16 14 16 17 18 20 16 18 19 20 22 20 18 20 21 22 24 20 22 23 24 26 24 22 24 25 26 28 24 26 27 28 30 28 26 28 29 30 32 28 30 31 32 34 32 30 32 33 34 36 32 34 35 36 38 36 34 36 37 38 40 36 38 39 40 42 40 38 40 41 42 44 40 42 43 44 46 44 42 44 45 46 48 44 46 47 48 50 48 46 48 49 50 52 48 50 51 52 54 52 50 52 53 54 56 52 54 55 56 58 56 54 56 57 58 60 56 58 59 60 62 60 58 60 61 62 64 60 62 63 64
INF INF INF INF INF INF INF INF INF INF INF INF INF INF INF INF INF INF INF INF INF INF INF INF INF INF INF INF INF INF INF INF INF INF INF INF INF INF INF INF INF INF INF INF INF INF INF INF INF INF INF INF INF INF INF INF INF INF INF INF INF INF INF INF INF INF INF INF INF INF INF INF INF INF INF INF INF INF INF INF INF INF INF INF INF INF INF INF INF INF INF INF INF INF INF INF INF INF INF INF INF INF INF INF INF INF INF INF INF INF INF INF INF INF INF INF INF INF INF INF INF INF INF INF INF INF INF INF INF INF INF INF INF INF INF INF INF INF INF INF INF INF INF INF INF INF INF INF INF INF INF INF INF INF INF INF INF INF INF INF INF INF INF INF INF INF INF INF INF INF INF INF INF INF INF INF INF INF INF INF INF INF INF INF INF INF INF INF INF INF INF INF INF INF INF INF INF INF INF INF INF INF INF INF INF INF INF INF INF INF INF INF INF INF INF INF INF INF INF INF INF INF INF INF INF INF INF INF INF INF INF INF INF INF INF INF INF INF INF INF INF INF INF INF INF INF INF INF INF INF INF INF INF INF INF INF INF INF INF INF INF INF INF INF INF INF INF INF INF INF INF INF INF INF INF INF INF INF INF INF INF INF INF INF INF INF INF INF INF INF INF INF INF INF INF INF INF INF INF INF INF INF INF INF INF INF INF INF INF INF INF INF INF INF INF INF INF INF INF INF INF INF INF INF INF INF INF INF INF INF INF INF INF INF INF INF INF 0 2 3 4 6 2 4 5 6 8 6 4 6 7 8 10 6 8 9 10 12 10 8 10 11 12 14 10 12 13 14 16 14 12 14 15 16 18 14 16 17 18 20 18 16 18 19 20 22 18 20 21 22 24 22 20 22 23 24 26 22 24 25 26 28 26 24 26 27 28 30 26 28 29 30 32 30 28 30 31 32 34 30 32 33 34 36 34 32 34 35 36 38 34 36 37 38 40 38 36 38 39 40 42 38 40 41 42 44 42 40 42 43 44 46 42 44 45 46 48 46 44 46 47 48 50 46 48 49 50 52 50 48 50 51 52 54 50 52 53 54 56 54 52 54 55 56 58 54 56 57 58 60 58 56 58 59 60 62 58 60 61 62
INF INF INF INF INF INF INF INF INF INF INF INF INF INF INF INF INF INF INF INF INF INF INF INF INF INF INF INF INF INF INF INF INF INF INF INF INF INF INF INF INF INF INF INF INF INF INF INF INF INF INF INF INF INF INF INF INF INF INF INF INF INF INF INF INF INF INF INF INF INF INF INF INF INF INF INF INF INF INF INF INF INF INF INF INF INF INF INF INF INF INF INF INF INF INF INF INF INF INF INF INF INF INF INF INF INF INF INF INF INF INF INF INF INF INF INF INF INF INF INF INF INF INF INF INF INF INF INF INF INF INF INF INF INF INF INF INF INF INF INF INF INF INF INF INF INF INF INF INF INF INF INF INF INF INF INF INF INF INF INF INF INF INF INF INF INF INF INF INF INF INF INF INF INF INF INF INF INF INF INF INF INF INF INF INF INF INF INF INF INF INF INF INF INF INF INF INF INF INF INF INF INF INF INF INF INF INF INF INF INF INF INF INF INF INF INF INF INF INF INF INF INF INF INF INF INF INF INF INF INF INF INF INF INF INF INF INF INF INF INF INF INF INF INF INF INF INF INF INF INF INF INF INF INF INF INF INF INF INF INF INF INF INF INF INF INF INF INF INF INF INF INF INF INF INF INF INF INF INF INF INF INF INF INF INF INF INF INF INF INF INF INF INF INF INF INF INF INF INF INF INF INF INF INF INF INF INF INF INF INF INF INF INF INF INF INF INF INF INF INF INF INF INF INF INF INF INF INF INF INF INF INF INF INF INF INF INF INF 0 2 3 4 1 3 4 5 7 5 3 5 6 7 9 5 7 8 9 11 9 7 9 10 11 13 9 11 12 13 15 13 11 13 14 15 17 13 15 16 17 19 17 15 17 18 19 21 17 19 20 21 23 21 19 21 22 23 25 21 23 24 25 27 25 23 25 26 27 29 25 27 28 29 31 29 27 29 30 31 33 29 31 32 33 35 33 31 33 34 35 37 33 35 36 37 39 37 35 37 38 39 41 37 39 40 41 43 41 39 41 42 43 45 41 43 44 45 47 45 43 45 46 47 49 45 47 48 49 51 49 47 49 50 51 53 49 51 52 53 55 53 51 53 54 55 57 53 55 56 57 59 57 55 57 58 59 61 57 59 60 61
INF INF INF INF INF INF INF INF INF INF INF INF INF INF INF INF INF INF INF INF INF INF INF INF INF INF INF INF INF INF INF INF INF INF INF INF INF INF INF INF INF INF INF INF INF INF INF INF INF INF INF INF INF INF INF INF INF INF INF INF INF INF INF INF INF INF INF INF INF INF INF INF INF INF INF INF INF INF INF INF INF INF INF INF INF INF INF INF INF INF INF INF INF INF INF INF INF INF INF INF INF INF INF INF INF INF INF INF INF INF INF INF INF INF INF INF INF INF INF INF INF INF INF INF INF INF INF INF INF INF INF INF INF INF INF INF INF INF INF INF INF INF INF INF INF INF INF INF INF INF INF INF INF INF INF INF INF INF INF INF INF INF INF INF INF INF INF INF INF INF INF INF INF INF INF INF INF INF INF INF INF INF INF INF INF INF INF INF INF INF INF INF INF INF INF INF INF INF INF INF INF INF INF INF INF INF INF INF INF INF INF INF INF INF INF INF INF INF INF INF INF INF INF INF INF INF INF INF INF INF INF INF INF INF INF INF INF INF INF INF INF INF INF INF INF INF INF INF INF INF INF INF INF INF INF INF INF INF INF INF INF INF INF INF INF INF INF INF INF INF INF INF INF INF INF INF INF INF INF INF INF INF INF INF INF INF INF INF INF INF INF INF INF INF INF INF INF INF INF INF INF INF INF INF INF INF INF INF INF INF INF INF INF INF INF INF INF INF INF INF INF INF INF INF INF INF INF INF INF INF INF INF INF INF INF INF INF INF INF 0 2 3 0 2 3 4 6 4 2 4 5 6 8 4 6 7 8 10 8 6 8 9 10 12 8 10 11 12 14 12 10 12 13 14 16 12 14 15 16 18 16 14 16 17 18 20 16 18 19 20 22 20 18 20 21 22 24 20 22 23 24 26 24 22 24 25 26 28 24 26 27 28 30 28 26 28 29 30 32 28 30 31 32 34 32 30 32 33 34 36 32 34 35 36 38 36 34 36 37 38 40 36 38 39 40 42 40 38 40 41 42 44 40 42 43 44 46 44 42 44 45 46 48 44 46 47 48 50 48 46 48 49 50 52 48 50 51 52 54 52 50 52 53 54 56 52 54 55 56 58 56 54 56 57 58 60 56 58 59 60
INF INF INF INF INF INF INF INF INF INF INF INF INF INF INF INF INF INF INF INF INF INF INF INF INF INF INF INF INF INF INF INF INF INF INF INF INF INF INF INF INF INF INF INF INF INF INF INF INF INF INF INF INF INF INF INF INF INF INF INF INF INF INF INF INF INF INF INF INF INF INF INF INF INF INF INF INF INF INF INF INF INF INF INF INF INF INF INF INF INF INF INF INF INF INF INF INF INF INF INF INF INF INF INF INF INF INF INF INF INF INF INF INF INF INF INF INF INF INF INF INF INF INF INF INF INF INF INF INF INF INF INF INF INF INF INF INF INF INF INF INF INF INF INF INF INF INF INF INF INF INF INF INF INF INF INF INF INF INF INF INF INF INF INF INF INF INF INF INF INF INF INF INF INF INF INF INF INF INF INF INF INF INF INF INF INF INF INF INF INF INF INF INF INF INF INF INF INF INF INF INF INF INF INF INF INF INF INF INF INF INF INF INF INF INF INF INF INF INF INF INF INF INF INF INF INF INF INF INF INF INF INF INF INF INF INF INF INF INF INF INF INF INF INF INF INF INF INF INF INF INF INF INF INF INF INF INF INF INF INF INF INF INF INF INF INF INF INF INF INF INF INF INF INF INF INF INF INF INF INF INF INF INF INF INF INF INF INF INF INF INF INF INF INF INF INF INF INF INF INF INF INF INF INF INF INF INF INF INF INF INF INF INF INF INF INF INF INF INF INF INF INF INF INF INF INF INF INF INF INF INF INF INF INF INF INF INF INF INF INF 0 2 -2 0 1 2 4 2 0 2 3 4 6 2 4 5 6 8 6 4 6 7 8 10 6 8 9 10 12 10 8 10 11 12 14 10 12 13 14 16 14 12 14 15 16 18 14 16 17 18 20 18 16 18 19 20 22 18 20 21 22 24 22 20 22 23 24 26 22 24 25 26 28 26 24 26 27 28 30 26 28 29 30 32 30 28 30 31 32 34 30 32 33 34 36 34 32 34 35 36 38 34 36 37 38 40 38 36 38 39 40 42 38 40 41 42 44 42 40 42 43 44 46 42 44 45 46 48 46 44 46 47 48 50 46 48 49 50 52 50 48 50 51 52 54 50 52 53 54 56 54 52 54 55 56 58 54 56 57 58
INF INF INF INF INF INF INF INF INF INF INF INF INF INF INF INF INF INF INF INF INF INF INF INF INF INF INF INF INF INF INF INF INF INF INF INF INF INF INF INF INF INF INF INF INF INF INF INF INF INF INF INF INF INF INF INF INF INF INF INF INF INF INF INF INF INF INF INF INF INF INF INF INF INF INF INF INF INF INF INF INF INF INF INF INF INF INF INF INF INF INF INF INF INF INF INF INF INF INF INF INF INF INF INF INF INF INF INF INF INF INF INF INF INF INF INF INF INF INF INF INF INF INF INF INF INF INF INF INF INF INF INF INF INF INF INF INF INF INF INF INF INF INF INF INF INF INF INF INF INF INF INF INF INF INF INF INF INF INF INF INF INF INF INF INF INF INF INF INF INF INF INF INF INF INF INF INF INF INF INF INF INF INF INF INF INF INF INF INF INF INF INF INF INF INF INF INF INF INF INF INF INF INF INF INF INF INF INF INF INF INF INF INF INF INF INF INF INF INF INF INF INF INF INF INF INF INF INF INF INF INF INF INF INF INF INF INF INF INF INF INF INF INF INF INF INF INF INF INF INF INF INF INF INF INF INF INF INF INF INF INF INF INF INF INF INF INF INF INF INF INF INF INF INF INF INF INF INF INF INF INF INF INF INF INF INF INF INF INF INF INF INF INF INF INF INF INF INF INF INF INF INF INF INF INF INF INF INF INF INF INF INF INF INF INF INF INF INF INF INF INF INF INF INF INF INF INF INF INF INF INF INF INF INF INF INF INF INF INF INF INF 0 2 3 4 6 7 5 4 6 7 8 10 6 8 9 10 12 10 8 10 11 12 14 10 12 13 14 16 14 12 14 15 16 18 14 16 17 18 20 18 16 18 19 20 22 18 20 21 22 24 22 20 22 23 24 26 22 24 25 26 28 26 24 26 27 28 30 26 28 29 30 32 30 28 30 31 32 34 30 32 33 34 36 34 32 34 35 36 38 34 36 37 38 40 38 36 38 39 40 42 38 40 41 42 44 42 40 42 43 44 46 42 44 45 46 48 46 44 46 47 48 50 46 48 49 50 52 50 48 50 51 52 54 50 52 53 54 56 54 52 54 55 56 58 54 56 57 58 60 58 56 58 59 60 62 58 60 61 62
INF INF INF INF INF INF INF INF INF INF INF INF INF INF INF INF INF INF INF INF INF INF INF INF INF INF INF INF INF INF INF INF INF INF INF INF INF INF INF INF INF INF INF INF INF INF INF INF INF INF INF INF INF INF INF INF INF INF INF INF INF INF INF INF INF INF INF INF INF INF INF INF INF INF INF INF INF INF INF INF INF INF INF INF INF INF INF INF INF INF INF INF INF INF INF INF INF INF INF INF INF INF INF INF INF INF INF INF INF INF INF INF INF INF INF INF INF INF INF INF INF INF INF INF INF INF INF INF INF INF INF INF INF INF INF INF INF INF INF INF INF INF INF INF INF INF INF INF INF INF INF INF INF INF INF INF INF INF INF INF INF INF INF INF INF INF INF INF INF INF INF INF INF INF INF INF INF INF INF INF INF INF INF INF INF INF INF INF INF INF INF INF INF INF INF INF INF INF INF INF INF INF INF INF INF INF INF INF INF INF INF INF INF INF INF INF INF INF INF INF INF INF INF INF INF INF INF INF INF INF INF INF INF INF INF INF INF INF INF INF INF INF INF INF INF INF INF INF INF INF INF INF INF INF INF INF INF INF INF INF INF INF INF INF INF INF INF INF INF INF INF INF INF INF INF INF INF INF INF INF INF INF INF INF INF INF INF INF INF INF INF INF INF INF INF INF INF INF INF INF INF INF INF INF INF INF INF INF INF INF INF INF INF INF INF INF INF INF INF INF INF INF INF INF INF INF INF INF INF INF INF INF INF INF INF INF INF INF INF INF INF INF 0 2 3 4 6 4 2 4 5 6 8 4 6 7 8 10 8 6 8 9 10 12 8 10 11 12 14 12 10 12 13 14 16 12 14 15 16 18 16 14 16 17 18 20 16 18 19 20 22 20 18 20 21 22 24 20 22 23 24 26 24 22 24 25 26 28 24 26 27 28 30 28 26 28 29 30 32 28 30 31 32 34 32 30 32 33 34 36 32 34 35 36 38 36 34 36 37 38 40 36 38 39 40 42 40 38 40 41 42 44 40 42 43 44 46 44 42 44 45 46 48 44 46 47 48 50 48 46 48 49 50 52 48 50 51 52 54 52 50 52 53 54 56 52 54 55 56 58 56 54 56 57 58 60 56 58 59 60
INF INF INF INF INF INF INF INF INF INF INF INF INF INF INF INF INF INF INF INF INF INF INF INF INF INF INF INF INF INF INF INF INF INF INF INF INF INF INF INF INF INF INF INF INF INF INF INF INF INF INF INF INF INF INF INF INF INF INF INF INF INF INF INF INF INF INF INF INF INF INF INF INF INF INF INF INF INF INF INF INF INF INF INF INF INF INF INF INF INF INF INF INF INF INF INF INF INF INF INF INF INF INF INF INF INF INF INF INF INF INF INF INF INF INF INF INF INF INF INF INF INF INF INF INF INF INF INF INF INF INF INF INF INF INF INF INF INF INF INF INF INF INF INF INF INF INF INF INF INF INF INF INF INF INF INF INF INF INF INF INF INF INF INF INF INF INF INF INF INF INF INF INF INF INF INF INF INF INF INF INF INF INF INF INF INF INF INF INF INF INF INF INF INF INF INF INF INF INF INF INF INF INF INF INF INF INF INF INF INF INF INF INF INF INF INF INF INF INF INF INF INF INF INF INF INF INF INF INF INF INF INF INF INF INF INF INF INF INF INF INF INF INF INF INF INF INF INF INF INF INF INF INF INF INF INF INF INF INF INF INF INF INF INF INF INF INF INF INF INF INF INF INF INF INF INF INF INF INF INF INF INF INF INF INF INF INF INF INF INF INF INF INF INF INF INF INF INF INF INF INF INF INF INF INF INF INF INF INF INF INF INF INF INF INF INF INF INF INF INF INF INF INF INF INF INF INF INF INF INF INF INF INF INF INF INF INF INF INF INF INF INF INF 0 2 3 4 2 1 3 4 5 7 3 5 6 7 9 7 5 7 8 9 11 7 9 10 11 13 11 9 11 12 13 15 11 13 14 15 17 15 13 15 16 17 19 15 17 18 19 21 19 17 19 20 21 23 19 21 22 23 25 23 21 23 24 25 27 23 25 26 27 29 27 25 27 28 29 31 27 29 30 31 33 31 29 31 32 33 35 31 33 34 35 37 35 33 35 36 37 39 35 37 38 39 41 39 37 39 40 41 43 39 41 42 43 45 43 41 43 44 45 47 43 45 46 47 49 47 45 47 48 49 51 47 49 50 51 53 51 49 51 52 53 55 51 53 54 55 57 55 53 55 56 57 59 55 57 58 59
INF INF INF INF INF INF INF INF INF INF INF INF INF INF INF INF INF INF INF INF INF INF INF INF INF INF INF INF INF INF INF INF INF INF INF INF INF INF INF INF INF INF INF INF INF INF INF INF INF INF INF INF INF INF INF INF INF INF INF INF INF INF INF INF INF INF INF INF INF INF INF INF INF INF INF INF INF INF INF INF INF INF INF INF INF INF INF INF INF INF INF INF INF INF INF INF INF INF INF INF INF INF INF INF INF INF INF INF INF INF INF INF INF INF INF INF INF INF INF INF INF INF INF INF INF INF INF INF INF INF INF INF INF INF INF INF INF INF INF INF INF INF INF INF INF INF INF INF INF INF INF INF INF INF INF INF INF INF INF INF INF INF INF INF INF INF INF INF INF INF INF INF INF INF INF INF INF INF INF INF INF INF INF INF INF INF INF INF INF INF INF INF INF INF INF INF INF INF INF INF INF INF INF INF INF INF INF INF INF INF INF INF INF INF INF INF INF INF INF INF INF INF INF INF INF INF INF INF INF INF INF INF INF INF INF INF INF INF INF INF INF INF INF INF INF INF INF INF INF INF INF INF INF INF INF INF INF INF INF INF INF INF INF INF INF INF INF INF INF INF INF INF INF INF INF INF INF INF INF INF INF INF INF INF INF INF INF INF INF INF INF INF INF INF INF INF INF INF INF INF INF INF INF INF INF INF INF INF INF INF INF INF INF INF INF INF INF INF INF INF INF INF INF INF INF INF INF INF INF INF INF INF INF INF INF INF INF INF INF INF INF INF INF INF 0 2 3 1 0 2 3 4 6 2 4 5 6 8 6 4 6 7 8 10 6 8 9 10 12 10 8 10 11 12 14 10 12 13 14 16 14 12 14 15 16 18 14 16 17 18 20 18 16 18 19 20 22 18 20 21 22 24 22 20 22 23 24 26 22 24 25 26 28 26 24 26 27 28 30 26 28 29 30 32 30 28 30 31 32 34 30 32 33 34 36 34 32 34 35 36 38 34 36 37 38 40 38 36 38 39 40 42 38 40 41 42 44 42 40 42 43 44 46 42 44 45 46 48 46 44 46 47 48 50 46 48 49 50 52 50 48 50 51 52 54 50 52 53 54 56 54 52 54 55 56 58 54 56 57 58
INF INF INF INF INF INF INF INF INF INF INF INF INF INF INF INF INF INF INF INF INF INF INF INF INF INF INF INF INF INF INF INF INF INF INF INF INF INF INF INF INF INF INF INF INF INF INF INF INF INF INF INF INF INF INF INF INF INF INF INF INF INF INF INF INF INF INF INF INF INF INF INF INF INF INF INF INF INF INF INF INF INF INF INF INF INF INF INF INF INF INF INF INF INF INF INF INF INF INF INF INF INF INF INF INF INF INF INF INF INF INF INF INF INF INF INF INF INF INF INF INF INF INF INF INF INF INF INF INF INF INF INF INF INF INF INF INF INF INF INF INF INF INF INF INF INF INF INF INF INF INF INF INF INF INF INF INF INF INF INF INF INF INF INF INF INF INF INF INF INF INF INF INF INF INF INF INF INF INF INF INF INF INF INF INF INF INF INF INF INF INF INF INF INF INF INF INF INF INF INF INF INF INF INF INF INF INF INF INF INF INF INF INF INF INF INF INF INF INF INF INF INF INF INF INF INF INF INF INF INF INF INF INF INF INF INF INF INF INF INF INF INF INF INF INF INF INF INF INF INF INF INF INF INF INF INF INF INF INF INF INF INF INF INF INF INF INF INF INF INF INF INF INF INF INF INF INF INF INF INF INF INF INF INF INF INF INF INF INF INF INF INF INF INF INF INF INF INF INF INF INF INF INF INF INF INF INF INF INF INF INF INF INF INF INF INF INF INF INF INF INF INF INF INF INF INF INF INF INF INF INF INF INF INF INF INF INF INF INF INF INF INF INF INF INF 0 2 0 -2 0 1 2 4 0 2 3 4 6 4 2 4 5 6 8 4 6 7 8 10 8 6 8 9 10 12 8 10 11 12 14 12 10 12 13 14 16 12 14 15 16 18 16 14 16 17 18 20 16 18 19 20 22 20 18 20 21 22 24 20 22 23 24 26 24 22 24 25 26 28 24 26 27 28 30 28 26 28 29 30 32 28 30 31 32 34 32 30 32 33 34 36 32 34 35 36 38 36 34 36 37 38 40 36 38 39 40 42 40 38 40 41 42 44 40 42 43 44 46 44 42 44 45 46 48 44 46 47 48 50 48 46 48 49 50 52 48 50 51 52 54 52 50 52 53 54 56 52 54 55 56
INF INF INF INF INF INF INF INF INF INF INF INF INF INF INF INF INF INF INF INF INF INF INF INF INF INF INF INF INF INF INF INF INF INF INF INF INF INF INF INF INF INF INF INF INF INF INF INF INF INF INF INF INF INF INF INF INF INF INF INF INF INF INF INF INF INF INF INF INF INF INF INF INF INF INF INF INF INF INF INF INF INF INF INF INF INF INF INF INF INF INF INF INF INF INF INF INF INF INF INF INF INF INF INF INF INF INF INF INF INF INF INF INF INF INF INF INF INF INF INF INF INF INF INF INF INF INF INF INF INF INF INF INF INF INF INF INF INF INF INF INF INF INF INF INF INF INF INF INF INF INF INF INF INF INF INF INF INF INF INF INF INF INF INF INF INF INF INF INF INF INF INF INF INF INF INF INF INF INF INF INF INF INF INF INF INF INF INF INF INF INF INF INF INF INF INF INF INF INF INF INF INF INF INF INF INF INF INF INF INF INF INF INF INF INF INF INF INF INF INF INF INF INF INF INF INF INF INF INF INF INF INF INF INF INF INF INF INF INF INF INF INF INF INF INF INF INF INF INF INF INF INF INF INF INF INF INF INF INF INF INF INF INF INF INF INF INF INF INF INF INF INF INF INF INF INF INF INF INF INF INF INF INF INF INF INF INF INF INF INF INF INF INF INF INF INF INF INF INF INF INF INF INF INF INF INF INF INF INF INF INF INF INF INF INF INF INF INF INF INF INF INF INF INF INF INF INF INF INF INF INF INF INF INF INF INF INF INF INF INF INF INF INF INF INF INF 0 -2 0 1 2 4 5 2 4 5 6 8 6 4 6 7 8 10 6 8 9 10 12 10 8 10 11 12 14 10 12 13 14 16 14 12 14 15 16 18 14 16 17 18 20 18 16 18 19 20 22 18 20 21 22 24 22 20 22 23 24 26 22 24 25 26 28 26 24 26 27 28 30 26 28 29 30 32 30 28 30 31 32 34 30 32 33 34 36 34 32 34 35 36 38 34 36 37 38 40 38 36 38 39 40 42 38 40 41 42 44 42 40 42 43 44 46 42 44 45 46 48 46 44 46 47 48 50 46 48 49 50 52 50 48 50 51 52 54 50 52 53 54 56 54 52 54 55 56 58 54 56 57 58
INF INF INF INF INF INF INF INF INF INF INF INF INF INF INF INF INF INF INF INF INF INF INF INF INF INF INF INF INF INF INF INF INF INF INF INF INF INF INF INF INF INF INF INF INF INF INF INF INF INF INF INF INF INF INF INF INF INF INF INF INF INF INF INF INF INF INF INF INF INF INF INF INF INF INF INF INF INF INF INF INF INF INF INF INF INF INF INF INF INF INF INF INF INF INF INF INF INF INF INF INF INF INF INF INF INF INF INF INF INF INF INF INF INF INF INF INF INF INF INF INF INF INF INF INF INF INF INF INF INF INF INF INF INF INF INF INF INF INF INF INF INF INF INF INF INF INF INF INF INF INF INF INF INF INF INF INF INF INF INF INF INF INF INF INF INF INF INF INF INF INF INF INF INF INF INF INF INF INF INF INF INF INF INF INF INF INF INF INF INF INF INF INF INF INF INF INF INF INF INF INF INF INF INF INF INF INF INF INF INF INF INF INF INF INF INF INF INF INF INF INF INF INF INF INF INF INF INF INF INF INF INF INF INF INF INF INF INF INF INF INF INF INF INF INF INF INF INF INF INF INF INF INF INF INF INF INF INF INF INF INF INF INF INF INF INF INF INF INF INF INF INF INF INF INF INF INF INF INF INF INF INF INF INF INF INF INF INF INF INF INF INF INF INF INF INF INF INF INF INF INF INF INF INF INF INF INF INF INF INF INF INF INF INF INF INF INF INF INF INF INF INF INF INF INF INF INF INF INF INF INF INF INF INF INF INF INF INF INF INF INF INF INF INF INF INF INF 0 2 3 4 6 7 4 6 7 8 10 8 6 8 9 10 12 8 10 11 12 14 12 10 12 13 14 16 12 14 15 16 18 16 14 16 17 18 20 16 18 19 20 22 20 18 20 21 22 24 20 22 23 24 26 24 22 24 25 26 28 24 26 27 28 30 28 26 28 29 30 32 28 30 31 32 34 32 30 32 33 34 36 32 34 35 36 38 36 34 36 37 38 40 36 38 39 40 42 40 38 40 41 42 44 40 42 43 44 46 44 42 44 45 46 48 44 46 47 48 50 48 46 48 49 50 52 48 50 51 52 54 52 50 52 53 54 56 52 54 55 56 58 56 54 56 57 58 60 56 58 59 60
INF INF INF INF INF INF INF INF INF INF INF INF INF INF INF INF INF INF INF INF INF INF INF INF INF INF INF INF INF INF INF INF INF INF INF INF INF INF INF INF INF INF INF INF INF INF INF INF INF INF INF INF INF INF INF INF INF INF INF INF INF INF INF INF INF INF INF INF INF INF INF INF INF INF INF INF INF INF INF INF INF INF INF INF INF INF INF INF INF INF INF INF INF INF INF INF INF INF INF INF INF INF INF INF INF INF INF INF INF INF INF INF INF INF INF INF INF INF INF INF INF INF INF INF INF INF INF INF INF INF INF INF INF INF INF INF INF INF INF INF INF INF INF INF INF INF INF INF INF INF INF INF INF INF INF INF INF INF INF INF INF INF INF INF INF INF INF INF INF INF INF INF INF INF INF INF INF INF INF INF INF INF INF INF INF INF INF INF INF INF INF INF INF INF INF INF INF INF INF INF INF INF INF INF INF INF INF INF INF INF INF INF INF INF INF INF INF INF INF INF INF INF INF INF INF INF INF INF INF INF INF INF INF INF INF INF INF INF INF INF INF INF INF INF INF INF INF INF INF INF INF INF INF INF INF INF INF INF INF INF INF INF INF INF INF INF INF INF INF INF INF INF INF INF INF INF INF INF INF INF INF INF INF INF INF INF INF INF INF INF INF INF INF INF INF INF INF INF INF INF INF INF INF INF INF INF INF INF INF INF INF INF INF INF INF INF INF INF INF INF INF INF INF INF INF INF INF INF INF INF INF INF INF INF INF INF INF INF INF INF INF INF INF INF INF INF INF INF 0 2 3 4 6 2 4 5 6 8 6 4 6 7 8 10 6 8 9 10 12 10 8 10 11 12 14 10 12 13 14 16 14 12 14 15 16 18 14 16 17 18 20 18 16 18 19 20 22 18 20 21 22 24 22 20 22 23 24 26 22 24 25 26 28 26 24 26 27 28 30 26 28 29 30 32 30 28 30 31 32 34 30 32 33 34 36 34 32 34 35 36 38 34 36 37 38 40 38 36 38 39 40 42 38 40 41 42 44 42 40 42 43 44 46 42 44 45 46 48 46 44 46 47 48 50 46 48 49 50 52 50 48 50 51 52 54 50 52 53 54 56 54 52 54 55 56 58 54 56 57 58
INF INF INF INF INF INF INF INF INF INF INF INF INF INF INF INF INF INF INF INF INF INF INF INF INF INF INF INF INF INF INF INF INF INF INF INF INF INF INF INF INF INF INF INF INF INF INF INF INF INF INF INF INF INF INF INF INF INF INF INF INF INF INF INF INF INF INF INF INF INF INF INF INF INF INF INF INF INF INF INF INF INF INF INF INF INF INF INF INF INF INF INF INF INF INF INF INF INF INF INF INF INF INF INF INF INF INF INF INF INF INF INF INF INF INF INF INF INF INF INF INF INF INF INF INF INF INF INF INF INF INF INF INF INF INF INF INF INF INF INF INF INF INF INF INF INF INF INF INF INF INF INF INF INF INF INF INF INF INF INF INF INF INF INF INF INF INF INF INF INF INF INF INF INF INF INF INF INF INF INF INF INF INF INF INF INF INF INF INF INF INF INF INF INF INF INF INF INF INF INF INF INF INF INF INF INF INF INF INF INF INF INF INF INF INF INF INF INF INF INF INF INF INF INF INF INF INF INF INF INF INF INF INF INF INF INF INF INF INF INF INF INF INF INF INF INF INF INF INF INF INF INF INF INF INF INF INF INF INF INF INF INF INF INF INF INF INF INF INF INF INF INF INF INF INF INF INF INF INF INF INF INF INF INF INF INF INF INF INF INF INF INF INF INF INF INF INF INF INF INF INF INF INF INF INF INF INF INF INF INF INF INF INF INF INF INF INF INF INF INF INF INF INF INF INF INF INF INF INF INF INF INF INF INF INF INF INF INF INF INF INF INF INF INF INF INF INF INF INF 0 2 3 4 1 3 4 5 7 5 3 5 6 7 9 5 7 8 9 11 9 7 9 10 11 13 9 11 12 13 15 13 11 13 14 15 17 13 15 16 17 19 17 15 17 18 19 21 17 19 20 21 23 21 19 21 22 23 25 21 23 24 25 27 25 23 25 26 27 29 25 27 28 29 31 29 27 29 30 31 33 29 31 32 33 35 33 31 33 34 35 37 33 35 36 37 39 37 35 37 38 39 41 37 39 40 41 43 41 39 41 42 43 45 41 43 44 45 47 45 43 45 46 47 49 45 47 48 49 51 49 47 49 50 51 53 49 51 52 53 55 53 51 53 54 55 57 53 55 56 57
INF INF INF INF INF INF INF INF INF INF INF INF INF INF INF INF INF INF INF INF INF INF INF INF INF INF INF INF INF INF INF INF INF INF INF INF INF INF INF INF INF INF INF INF INF INF INF INF INF INF INF INF INF INF INF INF INF INF INF INF INF INF INF INF INF INF INF INF INF INF INF INF INF INF INF INF INF INF INF INF INF INF INF INF INF INF INF INF INF INF INF INF INF INF INF INF INF INF INF INF INF INF INF INF INF INF INF INF INF INF INF INF INF INF INF INF INF INF INF INF INF INF INF INF INF INF INF INF INF INF INF INF INF INF INF INF INF INF INF INF INF INF INF INF INF INF INF INF INF INF INF INF INF INF INF INF INF INF INF INF INF INF INF INF INF INF INF INF INF INF INF INF INF INF INF INF INF INF INF INF INF INF INF INF INF INF INF INF INF INF INF INF INF INF INF INF INF INF INF INF INF INF INF INF INF INF INF INF INF INF INF INF INF INF INF INF INF INF INF INF INF INF INF INF INF INF INF INF INF INF INF INF INF INF INF INF INF INF INF INF INF INF INF INF INF INF INF INF INF INF INF INF INF INF INF INF INF INF INF INF INF INF INF INF INF INF INF INF INF INF INF INF INF INF INF INF INF INF INF INF INF INF INF INF INF INF INF INF INF INF INF INF INF INF INF INF INF INF INF INF INF INF INF INF INF INF INF INF INF INF INF INF INF INF INF INF INF INF INF INF INF INF INF INF INF INF INF INF INF INF INF INF INF INF INF INF INF INF INF INF INF INF INF INF INF INF INF INF INF INF 0 2 3 0 2 3 4 6 4 2 4 5 6 8 4 6 7 8 10 8 6 8 9 10 12 8 10 11 12 14 12 10 12 13 14 16 12 14 15 16 18 16 14 16 17 18 20 16 18 19 20 22 20 18 20 21 22 24 20 22 23 24 26 24 22 24 25 26 28 24 26 27 28 30 28 26 28 29 30 32 28 30 31 32 34 32 30 32 33 34 36 32 34 35 36 38 36 34 36 37 38 40 36 38 39 40 42 40 38 40 41 42 44 40 42 43 44 46 44 42 44 45 46 48 44 46 47 48 50 48 46 48 49 50 52 48 50 51 52 54 52 50 52 53 54 56 52 54 55 56
INF INF INF INF INF INF INF INF INF INF INF INF INF INF INF INF INF INF INF INF INF INF INF INF INF INF INF INF INF INF INF INF INF INF INF INF INF INF INF INF INF INF INF INF INF INF INF INF INF INF INF INF INF INF INF INF INF INF INF INF INF INF INF INF INF INF INF INF INF INF INF INF INF INF INF INF INF INF INF INF INF INF INF INF INF INF INF INF INF INF INF INF INF INF INF INF INF INF INF INF INF INF INF INF INF INF INF INF INF INF INF INF INF INF INF INF INF INF INF INF INF INF INF INF INF INF INF INF INF INF INF INF INF INF INF INF INF INF INF INF INF INF INF INF INF INF INF INF INF INF INF INF INF INF INF INF INF INF INF INF INF INF INF INF INF INF INF INF INF INF INF INF INF INF INF INF INF INF INF INF INF INF INF INF INF INF INF INF INF INF INF INF INF INF INF INF INF INF INF INF INF INF INF INF INF INF INF INF INF INF INF INF INF INF INF INF INF INF INF INF INF INF INF INF INF INF INF INF INF INF INF INF INF INF INF INF INF INF INF INF INF INF INF INF INF INF INF INF INF INF INF INF INF INF INF INF INF INF INF INF INF INF INF INF INF INF INF INF INF INF INF INF INF INF INF INF INF INF INF INF INF INF INF INF INF INF INF INF INF INF INF INF INF INF INF INF INF INF INF INF INF INF INF INF INF INF INF INF INF INF INF INF INF INF INF INF INF INF INF INF INF INF INF INF INF INF INF INF INF INF INF INF INF INF INF INF INF INF INF INF INF INF INF INF INF INF INF INF INF INF INF 0 2 -2 0 1 2 4 2 0 2 3 4 6 2 4 5 6 8 6 4 6 7 8 10 6 8 9 10 12 10 8 10 11 12 14 10 12 13 14 16 14 12 14 15 16 18 14 16 17 18 20 18 16 18 19 20 22 18 20 21 22 24 22 20 22 23 24 26 22 24 25 26 28 26 24 26 27 28 30 26 28 29 30 32 30 28 30 31 32 34 30 32 33 34 36 34 32 34 35 36 38 34 36 37 38 40 38 36 38 39 40 42 38 40 41 42 44 42 40 42 43 44 46 42 44 45 46 48 46 44 46 47 48 50 46 48 49 50 52 50 48 50 51 52 54 50 52 53 54
INF INF INF INF INF INF INF INF INF INF INF INF INF INF INF INF INF INF INF INF INF INF INF INF INF INF INF INF INF INF INF INF INF INF INF INF INF INF INF INF INF INF INF INF INF INF INF INF INF INF INF INF INF INF INF INF INF INF INF INF INF INF INF INF INF INF INF INF INF INF INF INF INF INF INF INF INF INF INF INF INF INF INF INF INF INF INF INF INF INF INF INF INF INF INF INF INF INF INF INF INF INF INF INF INF INF INF INF INF INF INF INF INF INF INF INF INF INF INF INF INF INF INF INF INF INF INF INF INF INF INF INF INF INF INF INF INF INF INF INF INF INF INF INF INF INF INF INF INF INF INF INF INF INF INF INF INF INF INF INF INF INF INF INF INF INF INF INF INF INF INF INF INF INF INF INF INF INF INF INF INF INF INF INF INF INF INF INF INF INF INF INF INF INF INF INF INF INF INF INF INF INF INF INF INF INF INF INF INF INF INF INF INF INF INF INF INF INF INF INF INF INF INF INF INF INF INF INF INF INF INF INF INF INF INF INF INF INF INF INF INF INF INF INF INF INF INF INF INF INF INF INF INF INF INF INF INF INF INF INF INF INF INF INF INF INF INF INF INF INF INF INF INF INF INF INF INF INF INF INF INF INF INF INF INF INF INF INF INF INF INF INF INF INF INF INF INF INF INF INF INF INF INF INF INF INF INF INF INF INF INF INF INF INF INF INF INF INF INF INF INF INF INF INF INF INF INF INF INF INF INF INF INF INF INF INF INF INF INF INF INF INF INF INF INF INF INF INF INF INF INF INF 0 2 3 4 6 7 5 4 6 7 8 10 6 8 9 10 12 10 8 10 11 12 14 10 12 13 14 16 14 12 14 15 16 18 14 16 17 18 20 18 16 18 19 20 22 18 20 21 22 24 22 20 22 23 24 26 22 24 25 26 28 26 24 26 27 28 30 26 28 29 30 32 30 28 30 31 32 34 30 32 33 34 36 34 32 34 35 36 38 34 36 37 38 40 38 36 38 39 40 42 38 40 41 42 44 42 40 42 43 44 46 42 44 45 46 48 46 44 46 47 48 50 46 48 49 50 52 50 48 50 51 52 54 50 52 53 54 56 54 52 54 55 56 58 54 56 57 58
INF INF INF INF INF INF INF INF INF INF INF INF INF INF INF INF INF INF INF INF INF INF INF INF INF INF INF INF INF INF INF INF INF INF INF INF INF INF INF INF INF INF INF INF INF INF INF INF INF INF INF INF INF INF INF INF INF INF INF INF INF INF INF INF INF INF INF INF INF INF INF INF INF INF INF INF INF INF INF INF INF INF INF INF INF INF INF INF INF INF INF INF INF INF INF INF INF INF INF INF INF INF INF INF INF INF INF INF INF INF INF INF INF INF INF INF INF INF INF INF INF INF INF INF INF INF INF INF INF INF INF INF INF INF INF INF INF INF INF INF INF INF INF INF INF INF INF INF INF INF INF INF INF INF INF INF INF INF INF INF INF INF INF INF INF INF INF INF INF INF INF INF INF INF INF INF INF INF INF INF INF INF INF INF INF INF INF INF INF INF INF INF INF INF INF INF INF INF INF INF INF INF INF INF INF INF INF INF INF INF INF INF INF INF INF INF INF INF INF INF INF INF INF INF INF INF INF INF INF INF INF INF INF INF INF INF INF INF INF INF INF INF INF INF INF INF INF INF INF INF INF INF INF INF INF INF INF INF INF INF INF INF INF INF INF INF INF INF INF INF INF INF INF INF INF INF INF INF INF INF INF INF INF INF INF INF INF INF INF INF INF INF INF INF INF INF INF INF INF INF INF INF INF INF INF INF INF INF INF INF INF INF INF INF INF INF INF INF INF INF INF INF INF INF INF INF INF INF INF INF INF INF INF INF INF INF INF INF INF INF INF INF INF INF INF INF INF INF INF INF INF INF INF 0 2 3 4 6 4 2 4 5 6 8 4 6 7 8 10 8 6 8 9 10 12 8 10 11 12 14 12 10 12 13 14 16 12 14 15 16 18 16 14 16 17 18 20 16 18 19 20 22 20 18 20 21 22 24 20 22 23 24 26 24 22 24 25 26 28 24 26 27 28 30 28 26 28 29 30 32 28 30 31 32 34 32 30 32 33 34 36 32 34 35 36 38 36 34 36 37 38 40 36 38 39 40 42 40 38 40 41 42 44 40 42 43 44 46 44 42 44 45 46 48 44 46 47 48 50 48 46 48 49 50 52 48 50 51 52 54 52 50 52 53 54 56 52 54 55 56
INF INF INF INF INF INF INF INF INF INF INF INF INF INF INF INF INF INF INF INF INF INF INF INF INF INF INF INF INF INF INF INF INF INF INF INF INF INF INF INF INF INF INF INF INF INF INF INF INF INF INF INF INF INF INF INF INF INF INF INF INF INF INF INF INF INF INF INF INF INF INF INF INF INF INF INF INF INF INF INF INF INF INF INF INF INF INF INF INF INF INF INF INF INF INF INF INF INF INF INF INF INF INF INF INF INF INF INF INF INF INF INF INF INF INF INF INF INF INF INF INF INF INF INF INF INF INF INF INF INF INF INF INF INF INF INF INF INF INF INF INF INF INF INF INF INF INF INF INF INF INF INF INF INF INF INF INF INF INF INF INF INF INF INF INF INF INF INF INF INF INF INF INF INF INF INF INF INF INF INF INF INF INF INF INF INF INF INF INF INF INF INF INF INF INF INF INF INF INF INF INF INF INF INF INF INF INF INF INF INF INF INF INF INF INF INF INF INF INF INF INF INF INF INF INF INF INF INF INF INF INF INF INF INF INF INF INF INF INF INF INF INF INF INF INF INF INF INF INF INF INF INF INF INF INF INF INF INF INF INF INF INF INF INF INF INF INF INF INF INF INF INF INF INF INF INF INF INF INF INF INF INF INF INF INF INF INF INF INF INF INF INF INF INF INF INF INF INF INF INF INF INF INF INF INF INF INF INF INF INF INF INF INF INF INF INF INF INF INF INF INF INF INF INF INF INF INF INF INF INF INF INF INF INF INF INF INF INF INF INF INF INF INF INF INF INF INF INF INF INF INF INF INF INF 0 2 3 4 2 1 3 4 5 7 3 5 6 7 9 7 5 7 8 9 11 7 9 10 11 13 11 9 11 12 13 15 11 13 14 15 17 15 13 15 16 17 19 15 17 18 19 21 19 17 19 20 21 23 19 21 22 23 25 23 21 23 24 25 27 23 25 26 27 29 27 25 27 28 29 31 27 29 30 31 33 31 29 31 32 33 35 31 33 34 35 37 35 33 35 36 37 39 35 37 38 39 41 39 37 39 40 41 43 39 41 42 43 45 43 41 43 44 45 47 43 45 46 47 49 47 45 47 48 49 51 47 49 50 51 53 51 49 51 52 53 55 51 53 54 55
INF INF INF INF INF INF INF INF INF INF INF INF INF INF INF INF INF INF INF INF INF INF INF INF INF INF INF INF INF INF INF INF INF INF INF INF INF INF INF INF INF INF INF INF INF INF INF INF INF INF INF INF INF INF INF INF INF INF INF INF INF INF INF INF INF INF INF INF INF INF INF INF INF INF INF INF INF INF INF INF INF INF INF INF INF INF INF INF INF INF INF INF INF INF INF INF INF INF INF INF INF INF INF INF INF INF INF INF INF INF INF INF INF INF INF INF INF INF INF INF INF INF INF INF INF INF INF INF INF INF INF INF INF INF INF INF INF INF INF INF INF INF INF INF INF INF INF INF INF INF INF INF INF INF INF INF INF INF INF INF INF INF INF INF INF INF INF INF INF INF INF INF INF INF INF INF INF INF INF INF INF INF INF INF INF INF INF INF INF INF INF INF INF INF INF INF INF INF INF INF INF INF INF INF INF INF INF INF INF INF INF INF INF INF INF INF INF INF INF INF INF INF INF INF INF INF INF INF INF INF INF INF INF INF INF INF INF INF INF INF INF INF INF INF INF INF INF INF INF INF INF INF INF INF INF INF INF INF INF INF INF INF INF INF INF INF INF INF INF INF INF INF INF INF INF INF INF INF INF INF INF INF INF INF INF INF INF INF INF INF INF INF INF INF INF INF INF INF INF INF INF INF INF INF INF INF INF INF INF INF INF INF INF INF INF INF INF INF INF INF INF INF INF INF INF INF INF INF INF INF INF INF INF INF INF INF INF INF INF INF INF INF INF INF INF INF INF INF INF INF INF INF INF INF INF 0 2 3 1 0 2 3 4 6 2 4 5 6 8 6 4 6 7 8 10 6 8 9 10 12 10 8 10 11 12 14 10 12 13 14 16 14 12 14 15 16 18 14 16 17 18 20 18 16 18 19 20 22 18 20 21 22 24 22 20 22 23 24 26 22 24 25 26 28 26 24 26 27 28 30 26 28 29 30 32 30 28 30 31 32 34 30 32 33 34 36 34 32 34 35 36 38 34 36 37 38 40 38 36 38 39 40 42 38 40 41 42 44 42 40 42 43 44 46 42 44 45 46 48 46 44 46 47 48 50 46 48 49 50 52 50 48 50 51 52 54 50 52 53 54
INF INF INF INF INF INF INF INF INF INF INF INF INF INF INF INF INF INF INF INF INF INF INF INF INF INF INF INF INF INF INF INF INF INF INF INF INF INF INF INF INF INF INF INF INF INF INF INF INF INF INF INF INF INF INF INF INF INF INF INF INF INF INF INF INF INF INF INF INF INF INF INF INF INF INF INF INF INF INF INF INF INF INF INF INF INF INF INF INF INF INF INF INF INF INF INF INF INF INF INF INF INF INF INF INF INF INF INF INF INF INF INF INF INF INF INF INF INF INF INF INF INF INF INF INF INF INF INF INF INF INF INF INF INF INF INF INF INF INF INF INF INF INF INF INF INF INF INF INF INF INF INF INF INF INF INF INF INF INF INF INF INF INF INF INF INF INF INF INF INF INF INF INF INF INF INF INF INF INF INF INF INF INF INF INF INF INF INF INF INF INF INF INF INF INF INF INF INF INF INF INF INF INF INF INF INF INF INF INF INF INF INF INF INF INF INF INF INF INF INF INF INF INF INF INF INF INF INF INF INF INF INF INF INF INF INF INF INF INF INF INF INF INF INF INF INF INF INF INF INF INF INF INF INF INF INF INF INF INF INF INF INF INF INF INF INF INF INF INF INF INF INF INF INF INF INF INF INF INF INF INF INF INF INF INF INF INF INF INF INF INF INF INF INF INF INF INF INF INF INF INF INF INF INF INF INF INF INF INF INF INF INF INF INF INF INF INF INF INF INF INF INF INF INF INF INF INF INF INF INF INF INF INF INF INF INF INF INF INF INF INF INF INF INF INF INF INF INF INF INF INF INF INF INF INF INF 0 2 0 -2 0 1 2 4 0 2 3 4 6 4 2 4 5 6 8 4 6 7 8 10 8 6 8 9 10 12 8 10 11 12 14 12 10 12 13 14 16 12 14 15 16 18 16 14 16 17 18 20 16 18 19 20 22 20 18 20 21 22 24 20 22 23 24 26 24 22 24 25 26 28 24 26 27 28 30 28 26 28 29 30 32 28 30 31 32 34 32 30 32 33 34 36 32 34 35 36 38 36 34 36 37 38 40 36 38 39 40 42 40 38 40 41 42 44 40 42 43 44 46 44 42 44 45 46 48 44 46 47 48 50 48 46 48 49 50 52 48 50 51 52
INF INF INF INF INF INF INF INF INF INF INF INF INF INF INF INF INF INF INF INF INF INF INF INF INF INF INF INF INF INF INF INF INF INF INF INF INF INF INF INF INF INF INF INF INF INF INF INF INF INF INF INF INF INF INF INF INF INF INF INF INF INF INF INF INF INF INF INF INF INF INF INF INF INF INF INF INF INF INF INF INF INF INF INF INF INF INF INF INF INF INF INF INF INF INF INF INF INF INF INF INF INF INF INF INF INF INF INF INF INF INF INF INF INF INF INF INF INF INF INF INF INF INF INF INF INF INF INF INF INF INF INF INF INF INF INF INF INF INF INF INF INF INF INF INF INF INF INF INF INF INF INF INF INF INF INF INF INF INF INF INF INF INF INF INF INF INF INF INF INF INF INF INF INF INF INF INF INF INF INF INF INF INF INF INF INF INF INF INF INF INF INF INF INF INF INF INF INF INF INF INF INF INF INF INF INF INF INF INF INF INF INF INF INF INF INF INF INF INF INF INF INF INF INF INF INF INF INF INF INF INF INF INF INF INF INF INF INF INF INF INF INF INF INF INF INF INF INF INF INF INF INF INF INF INF INF INF INF INF INF INF INF INF INF INF INF INF INF INF INF INF INF INF INF INF INF INF INF INF INF INF INF INF INF INF INF INF INF INF INF INF INF INF INF INF INF INF INF INF INF INF INF INF INF INF INF INF INF INF INF INF INF INF INF INF INF INF INF INF INF INF INF INF INF INF INF INF INF INF INF INF INF INF INF INF INF INF INF INF INF INF INF INF INF INF INF INF INF INF INF INF INF INF INF INF INF INF 0 -2 0 1 2 4 5 2 4 5 6 8 6 4 6 7 8 10 6 8 9 10 12 10 8 10 11 12 14 10 12 13 14 16 14 12 14 15 16 18 14 16 17 18 20 18 16 18 19 20 22 18 20 21 22 24 22 20 22 23 24 26 22 24 25 26 28 26 24 26 27 28 30 26 28 29 30 32 30 28 30 31 32 34 30 32 33 34 36 34 32 34 35 36 38 34 36 37 38 40 38 36 38 39 40 42 38 40 41 42 44 42 40 42 43 44 46 42 44 45 46 48 46 44 46 47 48 50 46 48 49 50 52 50 48 50 51 52 54 50 52 53 54
INF INF INF INF INF INF INF INF INF INF INF INF INF INF INF INF INF INF INF INF INF INF INF INF INF INF INF INF INF INF INF INF INF INF INF INF INF INF INF INF INF INF INF INF INF INF INF INF INF INF INF INF INF INF INF INF INF INF INF INF INF INF INF INF INF INF INF INF INF INF INF INF INF INF INF INF INF INF INF INF INF INF INF INF INF INF INF INF INF INF INF INF INF INF INF INF INF INF INF INF INF INF INF INF INF INF INF INF INF INF INF INF INF INF INF INF INF INF INF INF INF INF INF INF INF INF INF INF INF INF INF INF INF INF INF INF INF INF INF INF INF INF INF INF INF INF INF INF INF INF INF INF INF INF INF INF INF INF INF INF INF INF INF INF INF INF INF INF INF INF INF INF INF INF INF INF INF INF INF INF INF INF INF INF INF INF INF INF INF INF INF INF INF INF INF INF INF INF INF INF INF INF INF INF INF INF INF INF INF INF INF INF INF INF INF INF INF INF INF INF INF INF INF INF INF INF INF INF INF INF INF INF INF INF INF INF INF INF INF INF INF INF INF INF INF INF INF INF INF INF INF INF INF INF INF INF INF INF INF INF INF INF INF INF INF INF INF INF INF INF INF INF INF INF INF INF INF INF INF INF INF INF INF INF INF INF INF INF INF INF INF INF INF INF INF INF INF INF INF INF INF INF INF INF INF INF INF INF INF INF INF INF INF INF INF INF INF INF INF INF INF INF INF INF INF INF INF INF INF INF INF INF INF INF INF INF INF INF INF INF INF INF INF INF INF INF INF INF INF INF INF INF INF INF INF INF INF INF 0 2 3 4 6 7 4 6 7 8 10 8 6 8 9 10 12 8 10 11 12 14 12 10 12 13 14 16 12 14 15 16 18 16 14 16 17 18 20 16 18 19 20 22 20 18 20 21 22 24 20 22 23 24 26 24 22 24 25 26 28 24 26 27 28 30 28 26 28 29 30 32 28 30 31 32 34 32 30 32 33 34 36 32 34 35 36 38 36 34 36 37 38 40 36 38 39 40 42 40 38 40 41 42 44 40 42 43 44 46 44 42 44 45 46 48 44 46 47 48 50 48 46 48 49 50 52 48 50 51 52 54 52 50 52 53 54 56 52 54 55 56
INF INF INF INF INF INF INF INF INF INF INF INF INF INF INF INF INF INF INF INF INF INF INF INF INF INF INF INF INF INF INF INF INF INF INF INF INF INF INF INF INF INF INF INF INF INF INF INF INF INF INF INF INF INF INF INF INF INF INF INF INF INF INF INF INF INF INF INF INF INF INF INF INF INF INF INF INF INF INF INF INF INF INF INF INF INF INF INF INF INF INF INF INF INF INF INF INF INF INF INF INF INF INF INF INF INF INF INF INF INF INF INF INF INF INF INF INF INF INF INF INF INF INF INF INF INF INF INF INF INF INF INF INF INF INF INF INF INF INF INF INF INF INF INF INF INF INF INF INF INF INF INF INF INF INF INF INF INF INF INF INF INF INF INF INF INF INF INF INF INF INF INF INF INF INF INF INF INF INF INF INF INF INF INF INF INF INF INF INF INF INF INF INF INF INF INF INF INF INF INF INF INF INF INF INF INF INF INF INF INF INF INF INF INF INF INF INF INF INF INF INF INF INF INF INF INF INF INF INF INF INF INF INF INF INF INF INF INF INF INF INF INF INF INF INF INF INF INF INF INF INF INF INF INF INF INF INF INF INF INF INF INF INF INF INF INF INF INF INF INF INF INF INF INF INF INF INF INF INF INF INF INF INF INF INF INF INF INF INF INF INF INF INF INF INF INF INF INF INF INF INF INF INF INF INF INF INF INF INF INF INF INF INF INF INF INF INF INF INF INF INF INF INF INF INF INF INF INF INF INF INF INF INF INF INF INF INF INF INF INF INF INF INF INF INF INF INF INF INF INF INF INF INF INF INF INF INF INF INF 0 2 3 4 6 2 4 5 6 8 6 4 6 7 8 10 6 8 9 10 12 10 8 10 11 12 14 10 12 13 14 16 14 12 14 15 16 18 14 16 17 18 20 18 16 18 19 20 22 18 20 21 22 24 22 20 22 23 24 26 22 24 25 26 28 26 24 26 27 28 30 26 28 29 30 32 30 28 30 31 32 34 30 32 33 34 36 34 32 34 35 36 38 34 36 37 38 40 38 36 38 39 40 42 38 40 41 42 44 42 40 42 43 44 46 42 44 45 46 48 46 44 46 47 48 50 46 48 49 50 52 50 48 50 51 52 54 50 52 53 54
INF INF INF INF INF INF INF INF INF INF INF INF INF INF INF INF INF INF INF INF INF INF INF INF INF INF INF INF INF INF INF INF INF INF INF INF INF INF INF INF INF INF INF INF INF INF INF INF INF INF INF INF INF INF INF INF INF INF INF INF INF INF INF INF INF INF INF INF INF INF INF INF INF INF INF INF INF INF INF INF INF INF INF INF INF INF INF INF INF INF INF INF INF INF INF INF INF INF INF INF INF INF INF INF INF INF INF INF INF INF INF INF INF INF INF INF INF INF INF INF INF INF INF INF INF INF INF INF INF INF INF INF INF INF INF INF INF INF INF INF INF INF INF INF INF INF INF INF INF INF INF INF INF INF INF INF INF INF INF INF INF INF INF INF INF INF INF INF INF INF INF INF INF INF INF INF INF INF INF INF INF INF INF INF INF INF INF INF INF INF INF INF INF INF INF INF INF INF INF INF INF INF INF INF INF INF INF INF INF INF INF INF INF INF INF INF INF INF INF INF INF INF INF INF INF INF INF INF INF INF INF INF INF INF INF INF INF INF INF INF INF INF INF INF INF INF INF INF INF INF INF INF INF INF INF INF INF INF INF INF INF INF INF INF INF INF INF INF INF INF INF INF INF INF INF INF INF INF INF INF INF INF INF INF INF INF INF INF INF INF INF INF INF INF INF INF INF INF INF INF INF INF INF INF INF INF INF INF INF INF INF INF INF INF INF INF INF INF INF INF INF INF INF INF INF INF INF INF INF INF INF INF INF INF INF INF INF INF INF INF INF INF INF INF INF INF INF INF INF INF INF INF INF INF INF INF INF INF INF INF 0 2 3 4 1 3 4 5 7 5 3 5 6 7 9 5 7 8 9 11 9 7 9 10 11 13 9 11 12 13 15 13 11 13 14 15 17 13 15 16 17 19 17 15 17 18 19 21 17 19 20 21 23 21 19 21 22 23 25 21 23 24 25 27 25 23 25 26 27 29 25 27 28 29 31 29 27 29 30 31 33 29 31 32 33 35 33 31 33 34 35 37 33 35 36 37 39 37 35 37 38 39 41 37 39 40 41 43 41 39 41 42 43 45 41 43 44 45 47 45 43 45 46 47 49 45 47 48 49 51 49 47 49 50 51 53 49 51 52 53
INF INF INF INF INF INF INF INF INF INF INF INF INF INF INF INF INF INF INF INF INF INF INF INF INF INF INF INF INF INF INF INF INF INF INF INF INF INF INF INF INF INF INF INF INF INF INF INF INF INF INF INF INF INF INF INF INF INF INF INF INF INF INF INF INF INF INF INF INF INF INF INF INF INF INF INF INF INF INF INF INF INF INF INF INF INF INF INF INF INF INF INF INF INF INF INF INF INF INF INF INF INF INF INF INF INF INF INF INF INF INF INF INF INF INF INF INF INF INF INF INF INF INF INF INF INF INF INF INF INF INF INF INF INF INF INF INF INF INF INF INF INF INF INF INF INF INF INF INF INF INF INF INF INF INF INF INF INF INF INF INF INF INF INF INF INF INF INF INF INF INF INF INF INF INF INF INF INF INF INF INF INF INF INF INF INF INF INF INF INF INF INF INF INF INF INF INF INF INF INF INF INF INF INF INF INF INF INF INF INF INF INF INF INF INF INF INF INF INF INF INF INF INF INF INF INF INF INF INF INF INF INF INF INF INF INF INF INF INF INF INF INF INF INF INF INF INF INF INF INF INF INF INF INF INF INF INF INF INF INF INF INF INF INF INF INF INF INF INF INF INF INF INF INF INF INF INF INF INF INF INF INF INF INF INF INF INF INF INF INF INF INF INF INF INF INF INF INF INF INF INF INF INF INF INF INF INF INF INF INF INF INF INF INF INF INF INF INF INF INF INF INF INF INF INF INF INF INF INF INF INF INF INF INF INF INF INF INF INF INF INF INF INF INF INF INF INF INF INF INF INF INF INF INF INF INF INF INF INF INF INF 0 2 3 0 2 3 4 6 4 2 4 5 6 8 4 6 7 8 10 8 6 8 9 10 12 8 10 11 12 14 12 10 12 13 14 16 12 14 15 16 18 16 14 16 17 18 20 16 18 19 20 22 20 18 20 21 22 24 20 22 23 24 26 24 22 24 25 26 28 24 26 27 28 30 28 26 28 29 30 32 28 30 31 32 34 32 30 32 33 34 36 32 34 35 36 38 36 34 36 37 38 40 36 38 39 40 42 40 38 40 41 42 44 40 42 43 44 46 44 42 44 45 46 48 44 46 47 48 50 48 46 48 49 50 52 48 50 51 52
INF INF INF INF INF INF INF INF INF INF INF INF INF INF INF INF INF INF INF INF INF INF INF INF INF INF INF INF INF INF INF INF INF INF INF INF INF INF INF INF INF INF INF INF INF INF INF INF INF INF INF INF INF INF INF INF INF INF INF INF INF INF INF INF INF INF INF INF INF INF INF INF INF INF INF INF INF INF INF INF INF INF INF INF INF INF INF INF INF INF INF INF INF INF INF INF INF INF INF INF INF INF INF INF INF INF INF INF INF INF INF INF INF INF INF INF INF INF INF INF INF INF INF INF INF INF INF INF INF INF INF INF INF INF INF INF INF INF INF INF INF INF INF INF INF INF INF INF INF INF INF INF INF INF INF INF INF INF INF INF INF INF INF INF INF INF INF INF INF INF INF INF INF INF INF INF INF INF INF INF INF INF INF INF INF INF INF INF INF INF INF INF INF INF INF INF INF INF INF INF INF INF INF INF INF INF INF INF INF INF INF INF INF INF INF INF INF INF INF INF INF INF INF INF INF INF INF INF INF INF INF INF INF INF INF INF INF INF INF INF INF INF INF INF INF INF INF INF INF INF INF INF INF INF INF INF INF INF INF INF INF INF INF INF INF INF INF INF INF INF INF INF INF INF INF INF INF INF INF INF INF INF INF INF INF INF INF INF INF INF INF INF INF INF INF INF INF INF INF INF INF INF INF INF INF INF INF INF INF INF INF INF INF INF INF INF INF INF INF INF INF INF INF INF INF INF INF INF INF INF INF INF INF INF INF INF INF INF INF INF INF INF INF INF INF INF INF INF INF INF INF INF INF INF INF INF INF INF INF INF INF INF 0 2 -2 0 1 2 4 2 0 2 3 4 6 2 4 5 6 8 6 4 6 7 8 10 6 8 9 10 12 10 8 10 11 12 14 10 12 13 14 16 14 12 14 15 16 18 14 16 17 18 20 18 16 18 19 20 22 18 20 21 22 24 22 20 22 23 24 26 22 24 25 26 28 26 24 26 27 28 30 26 28 29 30 32 30 28 30 31 32 34 30 32 33 34 36 34 32 34 35 36 38 34 36 37 38 40 38 36 38 39 40 42 38 40 41 42 44 42 40 42 43 44 46 42 44 45 46 48 46 44 46 47 48 50 46 48 49 50
INF INF INF INF INF INF INF INF INF INF INF INF INF INF INF INF INF INF INF INF INF INF INF INF INF INF INF INF INF INF INF INF INF INF INF INF INF INF INF INF INF INF INF INF INF INF INF INF INF INF INF INF INF INF INF INF INF INF INF INF INF INF INF INF INF INF INF INF INF INF INF INF INF INF INF INF INF INF INF INF INF INF INF INF INF INF INF INF INF INF INF INF INF INF INF INF INF INF INF INF INF INF INF INF INF INF INF INF INF INF INF INF INF INF INF INF INF INF INF INF INF INF INF INF INF INF INF INF INF INF INF INF INF INF INF INF INF INF INF INF INF INF INF INF INF INF INF INF INF INF INF INF INF INF INF INF INF INF INF INF INF INF INF INF INF INF INF INF INF INF INF INF INF INF INF INF INF INF INF INF INF INF INF INF INF INF INF INF INF INF INF INF INF INF INF INF INF INF INF INF INF INF INF INF INF INF INF INF INF INF INF INF INF INF INF INF INF INF INF INF INF INF INF INF INF INF INF INF INF INF INF INF INF INF INF INF INF INF INF INF INF INF INF INF INF INF INF INF INF INF INF INF INF INF INF INF INF INF INF INF INF INF INF INF INF INF INF INF INF INF INF INF INF INF INF INF INF INF INF INF INF INF INF INF INF INF INF INF INF INF INF INF INF INF INF INF INF INF INF INF INF INF INF INF INF INF INF INF INF INF INF INF INF INF INF INF INF INF INF INF INF INF INF INF INF INF INF INF INF INF INF INF INF INF INF INF INF INF INF INF INF INF INF INF INF INF INF INF INF INF INF INF INF INF INF INF INF INF INF INF INF INF INF 0 2 3 4 6 7 5 4 6 7 8 10 6 8 9 10 12 10 8 10 11 12 14 10 12 13 14 16 14 12 14 15 16 18 14 16 17 18 20 18 16 18 19 20 22 18 20 21 22 24 22 20 22 23 24 26 22 24 25 26 28 26 24 26 27 28 30 26 28 29 30 32 30 28 30 31 32 34 30 32 33 34 36 34 32 34 35 36 38 34 36 37 38 40 38 36 38 39 40 42 38 40 41 42 44 42 40 42 43 44 46 42 44 45 46 48 46 44 46 47 48 50 46 48 49 50 52 50 48 50 51 52 54 50 52 53 54
INF INF INF INF INF INF INF INF INF INF INF INF INF INF INF INF INF INF INF INF INF INF INF INF INF INF INF INF INF INF INF INF INF INF INF INF INF INF INF INF INF INF INF INF INF INF INF INF INF INF INF INF INF INF INF INF INF INF INF INF INF INF INF INF INF INF INF INF INF INF INF INF INF INF INF INF INF INF INF INF INF INF INF INF INF INF INF INF INF INF INF INF INF INF INF INF INF INF INF INF INF INF INF INF INF INF INF INF INF INF INF INF INF INF INF INF INF INF INF INF INF INF INF INF INF INF INF INF INF INF INF INF INF INF INF INF INF INF INF INF INF INF INF INF INF INF INF INF INF INF INF INF INF INF INF INF INF INF INF INF INF INF INF INF INF INF INF INF INF INF INF INF INF INF INF INF INF INF INF INF INF INF INF INF INF INF INF INF INF INF INF INF INF INF INF INF INF INF INF INF INF INF INF INF INF INF INF INF INF INF INF INF INF INF INF INF INF INF INF INF INF INF INF INF INF INF INF INF INF INF INF INF INF INF INF INF INF INF INF INF INF INF INF INF INF INF INF INF INF INF INF INF INF INF INF INF INF INF INF INF INF INF INF INF INF INF INF INF INF INF INF INF INF INF INF INF INF INF INF INF INF INF INF INF INF INF INF INF INF INF INF INF INF INF INF INF INF INF INF INF INF INF INF INF INF INF INF INF INF INF INF INF INF INF INF INF INF INF INF INF INF INF INF INF INF INF INF INF INF INF INF INF INF INF INF INF INF INF INF INF INF INF INF INF INF INF INF INF INF INF INF INF INF INF INF INF INF INF INF INF INF INF INF INF 0 2 3 4 6 4 2 4 5 6 8 4 6 7 8 10 8 6 8 9 10 12 8 10 11 12 14 12 10 12 13 14 16 12 14 15 16 18 16 14 16 17 18 20 16 18 19 20 22 20 18 20 21 22 24 20 22 23 24 26 24 22 24 25 26 28 24 26 27 28 30 28 26 28 29 30 32 28 30 31 32 34 32 30 32 33 34 36 32 34 35 36 38 36 34 36 37 38 40 36 38 39 40 42 40 38 40 41 42 44 40 42 43 44 46 44 42 44 45 46 48 44 46 47 48 50 48 46 48 49 50 52 48 50 51 52
INF INF INF INF INF INF INF INF INF INF INF INF INF INF INF INF INF INF INF INF INF INF INF INF INF INF INF INF INF INF INF INF INF INF INF INF INF INF INF INF INF INF INF INF INF INF INF INF INF INF INF INF INF INF INF INF INF INF INF INF INF INF INF INF INF INF INF INF INF INF INF INF INF INF INF INF INF INF INF INF INF INF INF INF INF INF INF INF INF INF INF INF INF INF INF INF INF INF INF INF INF INF INF INF INF INF INF INF INF INF INF INF INF INF INF INF INF INF INF INF INF INF INF INF INF INF INF INF INF INF INF INF INF INF INF INF INF INF INF INF INF INF INF INF INF INF INF INF INF INF INF INF INF INF INF INF INF INF INF INF INF INF INF INF INF INF INF INF INF INF INF INF INF INF INF INF INF INF INF INF INF INF INF INF INF INF INF INF INF INF INF INF INF INF INF INF INF INF INF INF INF INF INF INF INF INF INF INF INF INF INF INF INF INF INF INF INF INF INF INF INF INF INF INF INF INF INF INF INF INF INF INF INF INF INF INF INF INF INF INF INF INF INF INF INF INF INF INF INF INF INF INF INF INF INF INF INF INF INF INF INF INF INF INF INF INF INF INF INF INF INF INF INF INF INF INF INF INF INF INF INF INF INF INF INF INF INF INF INF INF INF INF INF INF INF INF INF INF INF INF INF INF INF INF INF INF INF INF INF INF INF INF INF INF INF INF INF INF INF INF INF INF INF INF INF INF INF INF INF INF INF INF INF INF INF INF INF INF INF INF INF INF INF INF INF INF INF INF INF INF INF INF INF INF INF INF INF INF INF INF INF INF INF INF INF 0 2 3 4 2 1 3 4 5 7 3 5 6 7 9 7 5 7 8 9 11 7 9 10 11 13 11 9 11 12 13 15 11 13 14 15 17 15 13 15 16 17 19 15 17 18 19 21 19 17 19 20 21 23 19 21 22 23 25 23 21 23 24 25 27 23 25 26 27 29 27 25 27 28 29 31 27 29 30 31 33 31 29 31 32 33 35 31 33 34 35 37 35 33 35 36 37 39 35 37 38 39 41 39 37 39 40 41 43 39 41 42 43 45 43 41 43 44 45 47 43 45 46 47 49 47 45 47 48 49 51 47 49 50 51
INF INF INF INF INF INF INF INF INF INF INF INF INF INF INF INF INF INF INF INF INF INF INF INF INF INF INF INF INF INF INF INF INF INF INF INF INF INF INF INF INF INF INF INF INF INF INF INF INF INF INF INF INF INF INF INF INF INF INF INF INF INF INF INF INF INF INF INF INF INF INF INF INF INF INF INF INF INF INF INF INF INF INF INF INF INF INF INF INF INF INF INF INF INF INF INF INF INF INF INF INF INF INF INF INF INF INF INF INF INF INF INF INF INF INF INF INF INF INF INF INF INF INF INF INF INF INF INF INF INF INF INF INF INF INF INF INF INF INF INF INF INF INF INF INF INF INF INF INF INF INF INF INF INF INF INF INF INF INF INF INF INF INF INF INF INF INF INF INF INF INF INF INF INF INF INF INF INF INF INF INF INF INF INF INF INF INF INF INF INF INF INF INF INF INF INF INF INF INF INF INF INF INF INF INF INF INF INF INF INF INF INF INF INF INF INF INF INF INF INF INF INF INF INF INF INF INF INF INF INF INF INF INF INF INF INF INF INF INF INF INF INF INF INF INF INF INF INF INF INF INF INF INF INF INF INF INF INF INF INF INF INF INF INF INF INF INF INF INF INF INF INF INF INF INF INF INF INF INF INF INF INF INF INF INF INF INF INF INF INF INF INF INF INF INF INF INF INF INF INF INF INF INF INF INF INF INF INF INF INF INF INF INF INF INF INF INF INF INF INF INF INF INF INF INF INF INF INF INF INF INF INF INF INF INF INF INF INF INF INF INF INF INF INF INF INF INF INF INF INF INF INF INF INF INF INF INF INF INF INF INF INF INF INF INF INF 0 2 3 1 0 2 3 4 6 2 4 5 6 8 6 4 6 7 8 10 6 8 9 10 12 10 8 10 11 12 14 10 12 13 14 16 14 12 14 15 16 18 14 16 17 18 20 18 16 18 19 20 22 18 20 21 22 24 22 20 22 23 24 26 22 24 25 26 28 26 24 26 27 28 30 26 28 29 30 32 30 28 30 31 32 34 30 32 33 34 36 34 32 34 35 36 38 34 36 37 38 40 38 36 38 39 40 42 38 40 41 42 44 42 40 42 43 44 46 42 44 45 46 48 46 44 46 47 48 50 46 48 49 50
INF INF INF INF INF INF INF INF INF INF INF INF INF INF INF INF INF INF INF INF INF INF INF INF INF INF INF INF INF INF INF INF INF INF INF INF INF INF INF INF INF INF INF INF INF INF INF INF INF INF INF INF INF INF INF INF INF INF INF INF INF INF INF INF INF INF INF INF INF INF INF INF INF INF INF INF INF INF INF INF INF INF INF INF INF INF INF INF INF INF INF INF INF INF INF INF INF INF INF INF INF INF INF INF INF INF INF INF INF INF INF INF INF INF INF INF INF INF INF INF INF INF INF INF INF INF INF INF INF INF INF INF INF INF INF INF INF INF INF INF INF INF INF INF INF INF INF INF INF INF INF INF INF INF INF INF INF INF INF INF INF INF INF INF INF INF INF INF INF INF INF INF INF INF INF INF INF INF INF INF INF INF INF INF INF INF INF INF INF INF INF INF INF INF INF INF INF INF INF INF INF INF INF INF INF INF INF INF INF INF INF INF INF INF INF INF INF INF INF INF INF INF INF INF INF INF INF INF INF INF INF INF INF INF INF INF INF INF INF INF INF INF INF INF INF INF INF INF INF INF INF INF INF INF INF INF INF INF INF INF INF INF INF INF INF INF INF INF INF INF INF INF INF INF INF INF INF INF INF INF INF INF INF INF INF INF INF INF INF INF INF INF INF INF INF INF INF INF INF INF INF INF INF INF INF INF INF INF INF INF INF INF INF INF INF INF INF INF INF INF INF INF INF INF INF INF INF INF INF INF INF INF INF INF INF INF INF INF INF INF INF INF INF INF INF INF INF INF INF INF INF INF INF INF INF INF INF INF INF INF INF INF INF INF INF INF INF 0 2 0 -2 0 1 2 4 0 2 3 4 6 4 2 4 5 6 8 4 6 7 8 10 8 6 8 9 10 12 8 10 11 12 14 12 10 12 13 14 16 12 14 15 16 18 16 14 16 17 18 20 16 18 19 20 22 20 18 20 21 22 24 20 22 23 24 26 24 22 24 25 26 28 24 26 27 28 30 28 26 28 29 30 32 28 30 31 32 34 32 30 32 33 34 36 32 34 35 36 38 36 34 36 37 38 40 36 38 39 40 42 40 38 40 41 42 44 40 42 43 44 46 44 42 44 45 46 48 44 46 47 48
INF INF INF INF INF INF INF INF INF INF INF INF INF INF INF INF INF INF INF INF INF INF INF INF INF INF INF INF INF INF INF INF INF INF INF INF INF INF INF INF INF INF INF INF INF INF INF INF INF INF INF INF INF INF INF INF INF INF INF INF INF INF INF INF INF INF INF INF INF INF INF INF INF INF INF INF INF INF INF INF INF INF INF INF INF INF INF INF INF INF INF INF INF INF INF INF INF INF INF INF INF INF INF INF INF INF INF INF INF INF INF INF INF INF INF INF INF INF INF INF INF INF INF INF INF INF INF INF INF INF INF INF INF INF INF INF INF INF INF INF INF INF INF INF INF INF INF INF INF INF INF INF INF INF INF INF INF INF INF INF INF INF INF INF INF INF INF INF INF INF INF INF INF INF INF INF INF INF INF INF INF INF INF INF INF INF INF INF INF INF INF INF INF INF INF INF INF INF INF INF INF INF INF INF INF INF INF INF INF INF INF INF INF INF INF INF INF INF INF INF INF INF INF INF INF INF INF INF INF INF INF INF INF INF INF INF INF INF INF INF INF INF INF INF INF INF INF INF INF INF INF INF INF INF INF INF INF INF INF INF INF INF INF INF INF INF INF INF INF INF INF INF INF INF INF INF INF INF INF INF INF INF INF INF INF INF INF INF INF INF INF INF INF INF INF INF INF INF INF INF INF INF INF INF INF INF INF INF INF INF INF INF INF INF INF INF INF INF INF INF INF INF INF INF INF INF INF INF INF INF INF INF INF INF INF INF INF INF INF INF INF INF INF INF INF INF INF INF INF INF INF INF INF INF INF INF INF INF INF INF INF INF INF INF INF INF INF INF 0 -2 0 1 2 4 5 2 4 5 6 8 6 4 6 7 8 10 6 8 9 10 12 10 8 10 11 12 14 10 12 13 14 16 14 12 14 15 16 18 14 16 17 18 20 18 16 18 19 20 22 18 20 21 22 24 22 20 22 23 24 26 22 24 25 26 28 26 24 26 27 28 30 26 28 29 30 32 30 28 30 31 32 34 30 32 33 34 36 34 32 34 35 36 38 34 36 37 38 40 38 36 38 39 40 42 38 40 41 42 44 42 40 42 43 44 46 42 44 45 46 48 46 44 46 47 48 50 46 48 49 50
INF INF INF INF INF INF INF INF INF INF INF INF INF INF INF INF INF INF INF INF INF INF INF INF INF INF INF INF INF INF INF INF INF INF INF INF INF INF INF INF INF INF INF INF INF INF INF INF INF INF INF INF INF INF INF INF INF INF INF INF INF INF INF INF INF INF INF INF INF INF INF INF INF INF INF INF INF INF INF INF INF INF INF INF INF INF INF INF INF INF INF INF INF INF INF INF INF INF INF INF INF INF INF INF INF INF INF INF INF INF INF INF INF INF INF INF INF INF INF INF INF INF INF INF INF INF INF INF INF INF INF INF INF INF INF INF INF INF INF INF INF INF INF INF INF INF INF INF INF INF INF INF INF INF INF INF INF INF INF INF INF INF INF INF INF INF INF INF INF INF INF INF INF INF INF INF INF INF INF INF INF INF INF INF INF INF INF INF INF INF INF INF INF INF INF INF INF INF INF INF INF INF INF INF INF INF INF INF INF INF INF INF INF INF INF INF INF INF INF INF INF INF INF INF INF INF INF INF INF INF INF INF INF INF INF INF INF INF INF INF INF INF INF INF INF INF INF INF INF INF INF INF INF INF INF INF INF INF INF INF INF INF INF INF INF INF INF INF INF INF INF INF INF INF INF INF INF INF INF INF INF INF INF INF INF INF INF INF INF INF INF INF INF INF INF INF INF INF INF INF INF INF INF INF INF INF INF INF INF INF INF INF INF INF INF INF INF INF INF INF INF INF INF INF INF INF INF INF INF INF INF INF INF INF INF INF INF INF INF INF INF INF INF INF INF INF INF INF INF INF INF INF INF INF INF INF INF INF INF INF INF INF INF INF INF INF INF INF INF 0 2 3 4 6 7 4 6 7 8 10 8 6 8 9 10 12 8 10 11 12 14 12 10 12 13 14 16 12 14 15 16 18 16 14 16 17 18 20 16 18 19 20 22 20 18 20 21 22 24 20 22 23 24 26 24 22 24 25 26 28 24 26 27 28 30 28 26 28 29 30 32 28 30 31 32 34 32 30 32 33 34 36 32 34 35 36 38 36 34 36 37 38 40 36 38 39 40 42 40 38 40 41 42 44 40 42 43 44 46 44 42 44 45 46 48 44 46 47 48 50 48 46 48 49 50 52 48 50 51 52
INF INF INF INF INF INF INF INF INF INF INF INF INF INF INF INF INF INF INF INF INF INF INF INF INF INF INF INF INF INF INF INF INF INF INF INF INF INF INF INF INF INF INF INF INF INF INF INF INF INF INF INF INF INF INF INF INF INF INF INF INF INF INF INF INF INF INF INF INF INF INF INF INF INF INF INF INF INF INF INF INF INF INF INF INF INF INF INF INF INF INF INF INF INF INF INF INF INF INF INF INF INF INF INF INF INF INF INF INF INF INF INF INF INF INF INF INF INF INF INF INF INF INF INF INF INF INF INF INF INF INF INF INF INF INF INF INF INF INF INF INF INF INF INF INF INF INF INF INF INF INF INF INF INF INF INF INF INF INF INF INF INF INF INF INF INF INF INF INF INF INF INF INF INF INF INF INF INF INF INF INF INF INF INF INF INF INF INF INF INF INF INF INF INF INF INF INF INF INF INF INF INF INF INF INF INF INF INF INF INF INF INF INF INF INF INF INF INF INF INF INF INF INF INF INF INF INF INF INF INF INF INF INF INF INF INF INF INF INF INF INF INF INF INF INF INF INF INF INF INF INF INF INF INF INF INF INF INF INF INF INF INF INF INF INF INF INF INF INF INF INF INF INF INF INF INF INF INF INF INF INF INF INF INF INF INF INF INF INF INF INF INF INF INF INF INF INF INF INF INF INF INF INF INF INF INF INF INF INF INF INF INF INF INF INF INF INF INF INF INF INF INF INF INF INF INF INF INF INF INF INF INF INF INF INF INF INF INF INF INF INF INF INF INF INF INF INF INF INF INF INF INF INF INF INF INF INF INF INF INF INF INF INF INF INF INF INF INF INF INF 0 2 3 4 6 2 4 5 6 8 6 4 6 7 8 10 6 8 9 10 12 10 8 10 11 12 14 10 12 13 14 16 14 12 14 15 16 18 14 16 17 18 20 18 16 18 19 20 22 18 20 21 22 24 22 20 22 23 24 26 22 24 25 26 28 26 24 26 27 28 30 26 28 29 30 32 30 28 30 31 32 34 30 32 33 34 36 34 32 34 35 36 38 34 36 37 38 40 38 36 38 39 40 42 38 40 41 42 44 42 40 42 43 44 46 42 44 45 46 48 46 44 46 47 48 50 46 48 49 50
INF INF INF INF INF INF INF INF INF INF INF INF INF INF INF INF INF INF INF INF INF INF INF INF INF INF INF INF INF INF INF INF INF INF INF INF INF INF INF INF INF INF INF INF INF INF INF INF INF INF INF INF INF INF INF INF INF INF INF INF INF INF INF INF INF INF INF INF INF INF INF INF INF INF INF INF INF INF INF INF INF INF INF INF INF INF INF INF INF INF INF INF INF INF INF INF INF INF INF INF INF INF INF INF INF INF INF INF INF INF INF INF INF INF INF INF INF INF INF INF INF INF INF INF INF INF INF INF INF INF INF INF INF INF INF INF INF INF INF INF INF INF INF INF INF INF INF INF INF INF INF INF INF INF INF INF INF INF INF INF INF INF INF INF INF INF INF INF INF INF INF INF INF INF INF INF INF INF INF INF INF INF INF INF INF INF INF INF INF INF INF INF INF INF INF INF INF INF INF INF INF INF INF INF INF INF INF INF INF INF INF INF INF INF INF INF INF INF INF INF INF INF INF INF INF INF INF INF INF INF INF INF INF INF INF INF INF INF INF INF INF INF INF INF INF INF INF INF INF INF INF INF INF INF INF INF INF INF INF INF INF INF INF INF INF INF INF INF INF INF INF INF INF INF INF INF INF INF INF INF INF INF INF INF INF INF INF INF INF INF INF INF INF INF INF INF INF INF INF INF INF INF INF INF INF INF INF INF INF INF INF INF INF INF INF INF INF INF INF INF INF INF INF INF INF INF INF INF INF INF INF INF INF INF INF INF INF INF INF INF INF INF INF INF INF INF INF INF INF INF INF INF INF INF INF INF INF INF INF INF INF INF INF INF INF INF INF INF INF INF INF 0 2 3 4 1 3 4 5 7 5 3 5 6 7 9 5 7 8 9 11 9 7 9 10 11 13 9 11 12 13 15 13 11 13 14 15 17 13 15 16 17 19 17 15 17 18 19 21 17 19 20 21 23 21 19 21 22 23 25 21 23 24 25 27 25 23 25 26 27 29 25 27 28 29 31 29 27 29 30 31 33 29 31 32 33 35 33 31 33 34 35 37 33 35 36 37 39 37 35 37 38 39 41 37 39 40 41 43 41 39 41 42 43 45 41 43 44 45 47 45 43 45 46 47 49 45 47 48 49
INF INF INF INF INF INF INF INF INF INF INF INF INF INF INF INF INF INF INF INF INF INF INF INF INF INF INF INF INF INF INF INF INF INF INF INF INF INF INF INF INF INF INF INF INF INF INF INF INF INF INF INF INF INF INF INF INF INF INF INF INF INF INF INF INF INF INF INF INF INF INF INF INF INF INF INF INF INF INF INF INF INF INF INF INF INF INF INF INF INF INF INF INF INF INF INF INF INF INF INF INF INF INF INF INF INF INF INF INF INF INF INF INF INF INF INF INF INF INF INF INF INF INF INF INF INF INF INF INF INF INF INF INF INF INF INF INF INF INF INF INF INF INF INF INF INF INF INF INF INF INF INF INF INF INF INF INF INF INF INF INF INF INF INF INF INF INF INF INF INF INF INF INF INF INF INF INF INF INF INF INF INF INF INF INF INF INF INF INF INF INF INF INF INF INF INF INF INF INF INF INF INF INF INF INF INF INF INF INF INF INF INF INF INF INF INF INF INF INF INF INF INF INF INF INF INF INF INF INF INF INF INF INF INF INF INF INF INF INF INF INF INF INF INF INF INF INF INF INF INF INF INF INF INF INF INF INF INF INF INF INF INF INF INF INF INF INF INF INF INF INF INF INF INF INF INF INF INF INF INF INF INF INF INF INF INF INF INF INF INF INF INF INF INF INF INF INF INF INF INF INF INF INF INF INF INF INF INF INF INF INF INF INF INF INF INF INF INF INF INF INF INF INF INF INF INF INF INF INF INF INF INF INF INF INF INF INF INF INF INF INF INF INF INF INF INF INF INF INF INF INF INF INF INF INF INF INF INF INF INF INF INF INF INF INF INF INF INF INF INF INF INF 0 2 3 0 2 3 4 6 4 2 4 5 6 8 4 6 7 8 10 8 6 8 9 10 12 8 10 11 12 14 12 10 12 13 14 16 12 14 15 16 18 16 14 16 17 18 20 16 18 19 20 22 20 18 20 21 22 24 20 22 23 24 26 24 22 24 25 26 28 24 26 27 28 30 28 26 28 29 30 32 28 30 31 32 34 32 30 32 33 34 36 32 34 35 36 38 36 34 36 37 38 40 36 38 39 40 42 40 38 40 41 42 44 40 42 43 44 46 44 42 44 45 46 48 44 46 47 48
INF INF INF INF INF INF INF INF INF INF INF INF INF INF INF INF INF INF INF INF INF INF INF INF INF INF INF INF INF INF INF INF INF INF INF INF INF INF INF INF INF INF INF INF INF INF INF INF INF INF INF INF INF INF INF INF INF INF INF INF INF INF INF INF INF INF INF INF INF INF INF INF INF INF INF INF INF INF INF INF INF INF INF INF INF INF INF INF INF INF INF INF INF INF INF INF INF INF INF INF INF INF INF INF INF INF INF INF INF INF INF INF INF INF INF INF INF INF INF INF INF INF INF INF INF INF INF INF INF INF INF INF INF INF INF INF INF INF INF INF INF INF INF INF INF INF INF INF INF INF INF INF INF INF INF INF INF INF INF INF INF INF INF INF INF INF INF INF INF INF INF INF INF INF INF INF INF INF INF INF INF INF INF INF INF INF INF INF INF INF INF INF INF INF INF INF INF INF INF INF INF INF INF INF INF INF INF INF INF INF INF INF INF INF INF INF INF INF INF INF INF INF INF INF INF INF INF INF INF INF INF INF INF INF INF INF INF INF INF INF INF INF INF INF INF INF INF INF INF INF INF INF INF INF INF INF INF INF INF INF INF INF INF INF INF INF INF INF INF INF INF INF INF INF INF INF INF INF INF INF INF INF INF INF INF INF INF INF INF INF INF INF INF INF INF INF INF INF INF INF INF INF INF INF INF INF INF INF INF INF INF INF INF INF INF INF INF INF INF INF INF INF INF INF INF INF INF INF INF INF INF INF INF INF INF INF INF INF INF INF INF INF INF INF INF INF INF INF INF INF INF INF INF INF INF INF INF INF INF INF INF INF INF INF INF INF INF INF INF INF INF INF INF 0 2 -2 0 1 2 4 2 0 2 3 4 6 2 4 5 6 8 6 4 6 7 8 10 6 8 9 10 12 10 8 10 11 12 14 10 12 13 14 16 14 12 14 15 16 18 14 16 17 18 20 18 16 18 19 20 22 18 20 21 22 24 22 20 22 23 24 26 22 24 25 26 28 26 24 26 27 28 30 26 28 29 30 32 30 28 30 31 32 34 30 32 33 34 36 34 32 34 35 36 38 34 36 37 38 40 38 36 38 39 40 42 38 40 41 42 44 42 40 42 43 44 46 42 44 45 46
INF INF INF INF INF INF INF INF INF INF INF INF INF INF INF INF INF INF INF INF INF INF INF INF INF INF INF INF INF INF INF INF INF INF INF INF INF INF INF INF INF INF INF INF INF INF INF INF INF INF INF INF INF INF INF INF INF INF INF INF INF INF INF INF INF INF INF INF INF INF INF INF INF INF INF INF INF INF INF INF INF INF INF INF INF INF INF INF INF INF INF INF INF INF INF INF INF INF INF INF INF INF INF INF INF INF INF INF INF INF INF INF INF INF INF INF INF INF INF INF INF INF INF INF INF INF INF INF INF INF INF INF INF INF INF INF INF INF INF INF INF INF INF INF INF INF INF INF INF INF INF INF INF INF INF INF INF INF INF INF INF INF INF INF INF INF INF INF INF INF INF INF INF INF INF INF INF INF INF INF INF INF INF INF INF INF INF INF INF INF INF INF INF INF INF INF INF INF INF INF INF INF INF INF INF INF INF INF INF INF INF INF INF INF INF INF INF INF INF INF INF INF INF INF INF INF INF INF INF INF INF INF INF INF INF INF INF INF INF INF INF INF INF INF INF INF INF INF INF INF INF INF INF INF INF INF INF INF INF INF INF INF INF INF INF INF INF INF INF INF INF INF INF INF INF INF INF INF INF INF INF INF INF INF INF INF INF INF INF INF INF INF INF INF INF INF INF INF INF INF INF INF INF INF INF INF INF INF INF INF INF INF INF INF INF INF INF INF INF INF INF INF INF INF INF INF INF INF INF INF INF INF INF INF INF INF INF INF INF INF INF INF INF INF INF INF INF INF INF INF INF INF INF INF INF INF INF INF INF INF INF INF INF INF INF INF INF INF INF INF INF INF INF INF 0 2 3 4 6 7 5 4 6 7 8 10 6 8 9 10 12 10 8 10 11 12 14 10 12 13 14 16 14 12 14 15 16 18 14 16 17 18 20 18 16 18 19 20 22 18 20 21 22 24 22 20 22 23 24 26 22 24 25 26 28 26 24 26 27 28 30 26 28 29 30 32 30 28 30 31 32 34 30 32 33 34 36 34 32 34 35 36 38 34 36 37 38 40 38 36 38 39 40 42 38 40 41 42 44 42 40 42 43 44 46 42 44 45 46 48 46 44 46 47 48 50 46 48 49 50
INF INF INF INF INF INF INF INF INF INF INF INF INF INF INF INF INF INF INF INF INF INF INF INF INF INF INF INF INF INF INF INF INF INF INF INF INF INF INF INF INF INF INF INF INF INF INF INF INF INF INF INF INF INF INF INF INF INF INF INF INF INF INF INF INF INF INF INF INF INF INF INF INF INF INF INF INF INF INF INF INF INF INF INF INF INF INF INF INF INF INF INF INF INF INF INF INF INF INF INF INF INF INF INF INF INF INF INF INF INF INF INF INF INF INF INF INF INF INF INF INF INF INF INF INF INF INF INF INF INF INF INF INF INF INF INF INF INF INF INF INF INF INF INF INF INF INF INF INF INF INF INF INF INF INF INF INF INF INF INF INF INF INF INF INF INF INF INF INF INF INF INF INF INF INF INF INF INF INF INF INF INF INF INF INF INF INF INF INF INF INF INF INF INF INF INF INF INF INF INF INF INF INF INF INF INF INF INF INF INF INF INF INF INF INF INF INF INF INF INF INF INF INF INF INF INF INF INF INF INF INF INF INF INF INF INF INF INF INF INF INF INF INF INF INF INF INF INF INF INF INF INF INF INF INF INF INF INF INF INF INF INF INF INF INF INF INF INF INF INF INF INF INF INF INF INF INF INF INF INF INF INF INF INF INF INF INF INF INF INF INF INF INF INF INF INF INF INF INF INF INF INF INF INF INF INF INF INF INF INF INF INF INF INF INF INF INF INF INF INF INF INF INF INF INF INF INF INF INF INF INF INF INF INF INF INF INF INF INF INF INF INF INF INF INF INF INF INF INF INF INF INF INF INF INF INF INF INF INF INF INF INF INF INF INF INF INF INF INF INF INF INF INF INF INF 0 2 3 4 6 4 2 4 5 6 8 4 6 7 8 10 8 6 8 9 10 12 8 10 11 12 14 12 10 12 13 14 16 12 14 15 16 18 16 14 16 17 18 20 16 18 19 20 22 20 18 20 21 22 24 20 22 23 24 26 24 22 24 25 26 28 24 26 27 28 30 28 26 28 29 30 32 28 30 31 32 34 32 30 32 33 34 36 32 34 35 36 38 36 34 36 37 38 40 36 38 39 40 42 40 38 40 41 42 44 40 42 43 44 46 44 42 44 45 46 48 44 46 47 48
INF INF INF INF INF INF INF INF INF INF INF INF INF INF INF INF INF INF INF INF INF INF INF INF INF INF INF INF INF INF INF INF INF INF INF INF INF INF INF INF INF INF INF INF INF INF INF INF INF INF INF INF INF INF INF INF INF INF INF INF INF INF INF INF INF INF INF INF INF INF INF INF INF INF INF INF INF INF INF INF INF INF INF INF INF INF INF INF INF INF INF INF INF INF INF INF INF INF INF INF INF INF INF INF INF INF INF INF INF INF INF INF INF INF INF INF INF INF INF INF INF INF INF INF INF INF INF INF INF INF INF INF INF INF INF INF INF INF INF INF INF INF INF INF INF INF INF INF INF INF INF INF INF INF INF INF INF INF INF INF INF INF INF INF INF INF INF INF INF INF INF INF INF INF INF INF INF INF INF INF INF INF INF INF INF INF INF INF INF INF INF INF INF INF INF INF INF INF INF INF INF INF INF INF INF INF INF INF INF INF INF INF INF INF INF INF INF INF INF INF INF INF INF INF INF INF INF INF INF INF INF INF INF INF INF INF INF INF INF INF INF INF INF INF INF INF INF INF INF INF INF INF INF INF INF INF INF INF INF INF INF INF INF INF INF INF INF INF INF INF INF INF INF INF INF INF INF INF INF INF INF INF INF INF INF INF INF INF INF INF INF INF INF INF INF INF INF INF INF INF INF INF INF INF INF INF INF INF INF INF INF INF INF INF INF INF INF INF INF INF INF INF INF INF INF INF INF INF INF INF INF INF INF INF INF INF INF INF INF INF INF INF INF INF INF INF INF INF INF INF INF INF INF INF INF INF INF INF INF INF INF INF INF INF INF INF INF INF INF INF INF INF INF INF INF INF 0 2 3 4 2 1 3 4 5 7 3 5 6 7 9 7 5 7 8 9 11 7 9 10 11 13 11 9 11 12 13 15 11 13 14 15 17 15 13 15 16 17 19 15 17 18 19 21 19 17 19 20 21 23 19 21 22 23 25 23 21 23 24 25 27 23 25 26 27 29 27 25 27 28 29 31 27 29 30 31 33 31 29 31 32 33 35 31 33 34 35 37 35 33 35 36 37 39 35 37 38 39 41 39 37 39 40 41 43 39 41 42 43 45 43 41 43 44 45 47 43 45 46 47
INF INF INF INF INF INF INF INF INF INF INF INF INF INF INF INF INF INF INF INF INF INF INF INF INF INF INF INF INF INF INF INF INF INF INF INF INF INF INF INF INF INF INF INF INF INF INF INF INF INF INF INF INF INF INF INF INF INF INF INF INF INF INF INF INF INF INF INF INF INF INF INF INF INF INF INF INF INF INF INF INF INF INF INF INF INF INF INF INF INF INF INF INF INF INF INF INF INF INF INF INF INF INF INF INF INF INF INF INF INF INF INF INF INF INF INF INF INF INF INF INF INF INF INF INF INF INF INF INF INF INF INF INF INF INF INF INF INF INF INF INF INF INF INF INF INF INF INF INF INF INF INF INF INF INF INF INF INF INF INF INF INF INF INF INF INF INF INF INF INF INF INF INF INF INF INF INF INF INF INF INF INF INF INF INF INF INF INF INF INF INF INF INF INF INF INF INF INF INF INF INF INF INF INF INF INF INF INF INF INF INF INF INF INF INF INF INF INF INF INF INF INF INF INF INF INF INF INF INF INF INF INF INF INF INF INF INF INF INF INF INF INF INF INF INF INF INF INF INF INF INF INF INF INF INF INF INF INF INF INF INF INF INF INF INF INF INF INF INF INF INF INF INF INF INF INF INF INF INF INF INF INF INF INF INF INF INF INF INF INF INF INF INF INF INF INF INF INF INF INF INF INF INF INF INF INF INF INF INF INF INF INF INF INF INF INF INF INF INF INF INF INF INF INF INF INF INF INF INF INF INF INF INF INF INF INF INF INF INF INF INF INF INF INF INF INF INF INF INF INF INF INF INF INF INF INF INF INF INF INF INF INF INF INF INF INF INF INF INF INF INF INF INF INF INF INF INF 0 2 3 1 0 2 3 4 6 2 4 5 6 8 6 4 6 7 8 10 6 8 9 10 12 10 8 10 11 12 14 10 12 13 14 16 14 12 14 15 16 18 14 16 17 18 20 18 16 18 19 20 22 18 20 21 22 24 22 20 22 23 24 26 22 24 25 26 28 26 24 26 27 28 30 26 28 29 30 32 30 28 30 31 32 34 30 32 33 34 36 34 32 34 35 36 38 34 36 37 38 40 38 36 38 39 40 42 38 40 41 42 44 42 40 42 43 44 46 42 44 45 46
INF INF INF INF INF INF INF INF INF INF INF INF INF INF INF INF INF INF INF INF INF INF INF INF INF INF INF INF INF INF INF INF INF INF INF INF INF INF INF INF INF INF INF INF INF INF INF INF INF INF INF INF INF INF INF INF INF INF INF INF INF INF INF INF INF INF INF INF INF INF INF INF INF INF INF INF INF INF INF INF INF INF INF INF INF INF INF INF INF INF INF INF INF INF INF INF INF INF INF INF INF INF INF INF INF INF INF INF INF INF INF INF INF INF INF INF INF INF INF INF INF INF INF INF INF INF INF INF INF INF INF INF INF INF INF INF INF INF INF INF INF INF INF INF INF INF INF INF INF INF INF INF INF INF INF INF INF INF INF INF INF INF INF INF INF INF INF INF INF INF INF INF INF INF INF INF INF INF INF INF INF INF INF INF INF INF INF INF INF INF INF INF INF INF INF INF INF INF INF INF INF INF INF INF INF INF INF INF INF INF INF INF INF INF INF INF INF INF INF INF INF INF INF INF INF INF INF INF INF INF INF INF INF INF INF INF INF INF INF INF INF INF INF INF INF INF INF INF INF INF INF INF INF INF INF INF INF INF INF INF INF INF INF INF INF INF INF INF INF INF INF INF INF INF INF INF INF INF INF INF INF INF INF INF INF INF INF INF INF INF INF INF INF INF INF INF INF INF INF INF INF INF INF INF INF INF INF INF INF INF INF INF INF INF INF INF INF INF INF INF INF INF INF INF INF INF INF INF INF INF INF INF INF INF INF INF INF INF INF INF INF INF INF INF INF INF INF INF INF INF INF INF INF INF INF INF INF INF INF INF INF INF INF INF INF INF INF INF INF INF INF INF INF INF INF INF INF INF 0 2 0 -2 0 1 2 4 0 2 3 4 6 4 2 4 5 6 8 4 6 7 8 10 8 6 8 9 10 12 8 10 11 12 14 12 10 12 13 14 16 12 14 15 16 18 16 14 16 17 18 20 16 18 19 20 22 20 18 20 21 22 24 20 22 23 24 26 24 22 24 25 26 28 24 26 27 28 30 28 26 28 29 30 32 28 30 31 32 34 32 30 32 33 34 36 32 34 35 36 38 36 34 36 37 38 40 36 38 39 40 42 40 38 40 41 42 44 40 42 43 44
INF INF INF INF INF INF INF INF INF INF INF INF INF INF INF INF INF INF INF INF INF INF INF INF INF INF INF INF INF INF INF INF INF INF INF INF INF INF INF INF INF INF INF INF INF INF INF INF INF INF INF INF INF INF INF INF INF INF INF INF INF INF INF INF INF INF INF INF INF INF INF INF INF INF INF INF INF INF INF INF INF INF INF INF INF INF INF INF INF INF INF INF INF INF INF INF INF INF INF INF INF INF INF INF INF INF INF INF INF INF INF INF INF INF INF INF INF INF INF INF INF INF INF INF INF INF INF INF INF INF INF INF INF INF INF INF INF INF INF INF INF INF INF INF INF INF INF INF INF INF INF INF INF INF INF INF INF INF INF INF INF INF INF INF INF INF INF INF INF INF INF INF INF INF INF INF INF INF INF INF INF INF INF INF INF INF INF INF INF INF INF INF INF INF INF INF INF INF INF INF INF INF INF INF INF INF INF INF INF INF INF INF INF INF INF INF INF INF INF INF INF INF INF INF INF INF INF INF INF INF INF INF INF INF INF INF INF INF INF INF INF INF INF INF INF INF INF INF INF INF INF INF INF INF INF INF INF INF INF INF INF INF INF INF INF INF INF INF INF INF INF INF INF INF INF INF INF INF INF INF INF INF INF INF INF INF INF INF INF INF INF INF INF INF INF INF INF INF INF INF INF INF INF INF INF INF INF INF INF INF INF INF INF INF INF INF INF INF INF INF INF INF INF INF INF INF INF INF INF INF INF INF INF INF INF INF INF INF INF INF INF INF INF INF INF INF INF INF INF INF INF INF INF INF INF INF INF INF INF INF INF INF INF INF INF INF INF INF INF INF INF INF INF INF INF INF INF INF INF 0 -2 0 1 2 4 5 2 4 5 6 8 6 4 6 7 8 10 6 8 9 10 12 10 8 10 11 12 14 10 12 13 14 16 14 12 14 15 16 18 14 16 17 18 20 18 16 18 19 20 22 18 20 21 22 24 22 20 22 23 24 26 22 24 25 26 28 26 24 26 27 28 30 26 28 29 30 32 30 28 30 31 32 34 30 32 33 34 36 34 32 34 35 36 38 34 36 37 38 40 38 36 38 39 40 42 38 40 41 42 44 42 40 42 43 44 46 42 44 45 46
INF INF INF INF INF INF INF INF INF INF INF INF INF INF INF INF INF INF INF INF INF INF INF INF INF INF INF INF INF INF INF INF INF INF INF INF INF INF INF INF INF INF INF INF INF INF INF INF INF INF INF INF INF INF INF INF INF INF INF INF INF INF INF INF INF INF INF INF INF INF INF INF INF INF INF INF INF INF INF INF INF INF INF INF INF INF INF INF INF INF INF INF INF INF INF INF INF INF INF INF INF INF INF INF INF INF INF INF INF INF INF INF INF INF INF INF INF INF INF INF INF INF INF INF INF INF INF INF INF INF INF INF INF INF INF INF INF INF INF INF INF INF INF INF INF INF INF INF INF INF INF INF INF INF INF INF INF INF INF INF INF INF INF INF INF INF INF INF INF INF INF INF INF INF INF INF INF INF INF INF INF INF INF INF INF INF INF INF INF INF INF INF INF INF INF INF INF INF INF INF INF INF INF INF INF INF INF INF INF INF INF INF INF INF INF INF INF INF INF INF INF INF INF INF INF INF INF INF INF INF INF INF INF INF INF INF INF INF INF INF INF INF INF INF INF INF INF INF INF INF INF INF INF INF INF INF INF INF INF INF INF INF INF INF INF INF INF INF INF INF INF INF INF INF INF INF INF INF INF INF INF INF INF INF INF INF INF INF INF INF INF INF INF INF INF INF INF INF INF INF INF INF INF INF INF INF INF INF INF INF INF INF INF INF INF INF INF INF INF INF INF INF INF INF INF INF INF INF INF INF INF INF INF INF INF INF INF INF INF INF INF INF INF INF INF INF INF INF INF INF INF INF INF INF INF INF INF INF INF INF INF INF INF INF INF INF INF INF INF INF INF INF INF INF INF INF INF INF INF INF 0 2 3 4 6 7 4 6 7 8 10 8 6 8 9 10 12 8 10 11 12 14 12 10 12 13 14 16 12 14 15 16 18 16 14 16 17 18 20 16 18 19 20 22 20 18 20 21 22 24 20 22 23 24 26 24 22 24 25 26 28 24 26 27 28 30 28 26 28 29 30 32 28 30 31 32 34 32 30 32 33 34 36 32 34 35 36 38 36 34 36 37 38 40 36 38 39 40 42 40 38 40 41 42 44 40 42 43 44 46 44 42 44 45 46 48 44 46 47 48
INF INF INF INF INF INF INF INF INF INF INF INF INF INF INF INF INF INF INF INF INF INF INF INF INF INF INF INF INF INF INF INF INF INF INF INF INF INF INF INF INF INF INF INF INF INF INF INF INF INF INF INF INF INF INF INF INF INF INF INF INF INF INF INF INF INF INF INF INF INF INF INF INF INF INF INF INF INF INF INF INF INF INF INF INF INF INF INF INF INF INF INF INF INF INF INF INF INF INF INF INF INF INF INF INF INF INF INF INF INF INF INF INF INF INF INF INF INF INF INF INF INF INF INF INF INF INF INF INF INF INF INF INF INF INF INF INF INF INF INF INF INF INF INF INF INF INF INF INF INF INF INF INF INF INF INF INF INF INF INF INF INF INF INF INF INF INF INF INF INF INF INF INF INF INF INF INF INF INF INF INF INF INF INF INF INF INF INF INF INF INF INF INF INF INF INF INF INF INF INF INF INF INF INF INF INF INF INF INF INF INF INF INF INF INF INF INF INF INF INF INF INF INF INF INF INF INF INF INF INF INF INF INF INF INF INF INF INF INF INF INF INF INF INF INF INF INF INF INF INF INF INF INF INF INF INF INF INF INF INF INF INF INF INF INF INF INF INF INF INF INF INF INF INF INF INF INF INF INF INF INF INF INF INF INF INF INF INF INF INF INF INF INF INF INF INF INF INF INF INF INF INF INF INF INF INF INF INF INF INF INF INF INF INF INF INF INF INF INF INF INF INF INF INF INF INF INF INF INF INF INF INF INF INF INF INF INF INF INF INF INF INF INF INF INF INF INF INF INF INF INF INF INF INF INF INF INF INF INF INF INF INF INF INF INF INF INF INF INF INF INF INF INF INF INF INF INF INF INF INF INF 0 2 3 4 6 2 4 5 6 8 6 4 6 7 8 10 6 8 9 10 12 10 8 10 11 12 14 10 12 13 14 16 14 12 14 15 16 18 14 16 17 18 20 18 16 18 19 20 22 18 20 21 22 24 22 20 22 23 24 26 22 24 25 26 28 26 24 26 27 28 30 26 28 29 30 32 30 28 30 31 32 34 30 32 33 34 36 34 32 34 35 36 38 34 36 37 38 40 38 36 38 39 40 42 38 40 41 42 44 42 40 42 43 44 46 42 44 45 46
INF INF INF INF INF INF INF INF INF INF INF INF INF INF INF INF INF INF INF INF INF INF INF INF INF INF INF INF INF INF INF INF INF INF INF INF INF INF INF INF INF INF INF INF INF INF INF INF INF INF INF INF INF INF INF INF INF INF INF INF INF INF INF INF INF INF INF INF INF INF INF INF INF INF INF INF INF INF INF INF INF INF INF INF INF INF INF INF INF INF INF INF INF INF INF INF INF INF INF INF INF INF INF INF INF INF INF INF INF INF INF INF INF INF INF INF INF INF INF INF INF INF INF INF INF INF INF INF INF INF INF INF INF INF INF INF INF INF INF INF INF INF INF INF INF INF INF INF INF INF INF INF INF INF INF INF INF INF INF INF INF INF INF INF INF INF INF INF INF INF INF INF INF INF INF INF INF INF INF INF INF INF INF INF INF INF INF INF INF INF INF INF INF INF INF INF INF INF INF INF INF INF INF INF INF INF INF INF INF INF INF INF INF INF INF INF INF INF INF INF INF INF INF INF INF INF INF INF INF INF INF INF INF INF INF INF INF INF INF INF INF INF INF INF INF INF INF INF INF INF INF INF INF INF INF INF INF INF INF INF INF INF INF INF INF INF INF INF INF INF INF INF INF INF INF INF INF INF INF INF INF INF INF INF INF INF INF INF INF INF INF INF INF INF INF INF INF INF INF INF INF INF INF INF INF INF INF INF INF INF INF INF INF INF INF INF INF INF INF INF INF INF INF INF INF INF INF INF INF INF INF INF INF INF INF INF INF INF INF INF INF INF INF INF INF INF INF INF INF INF INF INF INF INF INF INF INF INF INF INF INF INF INF INF INF INF INF INF INF INF INF INF INF INF INF INF INF INF INF INF INF INF 0 2 3 4 1 3 4 5 7 5 3 5 6 7 9 5 7 8 9 11 9 7 9 10 11 13 9 11 12 13 15 13 11 13 14 15 17 13 15 16 17 19 17 15 17 18 19 21 17 19 20 21 23 21 19 21 22 23 25 21 23 24 25 27 25 23 25 26 27 29 25 27 28 29 31 29 27 29 30 31 33 29 31 32 33 35 33 31 33 34 35 37 33 35 36 37 39 37 35 37 38 39 41 37 39 40 41 43 41 39 41 42 43 45 41 43 44 45
INF INF INF INF INF INF INF INF INF INF INF INF INF INF INF INF INF INF INF INF INF INF INF INF INF INF INF INF INF INF INF INF INF INF INF INF INF INF INF INF INF INF INF INF INF INF INF INF INF INF INF INF INF INF INF INF INF INF INF INF INF INF INF INF INF INF INF INF INF INF INF INF INF INF INF INF INF INF INF INF INF INF INF INF INF INF INF INF INF INF INF INF INF INF INF INF INF INF INF INF INF INF INF INF INF INF INF INF INF INF INF INF INF INF INF INF INF INF INF INF INF INF INF INF INF INF INF INF INF INF INF INF INF INF INF INF INF INF INF INF INF INF INF INF INF INF INF INF INF INF INF INF INF INF INF INF INF INF INF INF INF INF INF INF INF INF INF INF INF INF INF INF INF INF INF INF INF INF INF INF INF INF INF INF INF INF INF INF INF INF INF INF INF INF INF INF INF INF INF INF INF INF INF INF INF INF INF INF INF INF INF INF INF INF INF INF INF INF INF INF INF INF INF INF INF INF INF INF INF INF INF INF INF INF INF INF INF INF INF INF INF INF INF INF INF INF INF INF INF INF INF INF INF INF INF INF INF INF INF INF INF INF INF INF INF INF INF INF INF INF INF INF INF INF INF INF INF INF INF INF INF INF INF INF INF INF INF INF INF INF INF INF INF INF INF INF INF INF INF INF INF INF INF INF INF INF INF INF INF INF INF INF INF INF INF INF INF INF INF INF INF INF INF INF INF INF INF INF INF INF INF INF INF INF INF INF INF INF INF INF INF INF INF INF INF INF INF INF INF INF INF INF INF INF INF INF INF INF INF INF INF INF INF INF INF INF INF INF INF INF INF INF INF INF INF INF INF INF INF INF INF INF INF 0 2 3 0 2 3 4 6 4 2 4 5 6 8 4 6 7 8 10 8 6 8 9 10 12 8 10 11 12 14 12 10 12 13 14 16 12 14 15 16 18 16 14 16 17 18 20 16 18 19 20 22 20 18 20 21 22 24 20 22 23 24 26 24 22 24 25 26 28 24 26 27 28 30 28 26 28 29 30 32 28 30 31 32 34 32 30 32 33 34 36 32 34 35 36 38 36 34 36 37 38 40 36 38 39 40 42 40 38 40 41 42 44 40 42 43 44
INF INF INF INF INF INF INF INF INF INF INF INF INF INF INF INF INF INF INF INF INF INF INF INF INF INF INF INF INF INF INF INF INF INF INF INF INF INF INF INF INF INF INF INF INF INF INF INF INF INF INF INF INF INF INF INF INF INF INF INF INF INF INF INF INF INF INF INF INF INF INF INF INF INF INF INF INF INF INF INF INF INF INF INF INF INF INF INF INF INF INF INF INF INF INF INF INF INF INF INF INF INF INF INF INF INF INF INF INF INF INF INF INF INF INF INF INF INF INF INF INF INF INF INF INF INF INF INF INF INF INF INF INF INF INF INF INF INF INF INF INF INF INF INF INF INF INF INF INF INF INF INF INF INF INF INF INF INF INF INF INF INF INF INF INF INF INF INF INF INF INF INF INF INF INF INF INF INF INF INF INF INF INF INF INF INF INF INF INF INF INF INF INF INF INF INF INF INF INF INF INF INF INF INF INF INF INF INF INF INF INF INF INF INF INF INF INF INF INF INF INF INF INF INF INF INF INF INF INF INF INF INF INF INF INF INF INF INF INF INF INF INF INF INF INF INF INF INF INF INF INF INF INF INF INF INF INF INF INF INF INF INF INF INF INF INF INF INF INF INF INF INF INF INF INF INF INF INF INF INF INF INF INF INF INF INF INF INF INF INF INF INF INF INF INF INF INF INF INF INF INF INF INF INF INF INF INF INF INF INF INF INF INF INF INF INF INF INF INF INF INF INF INF INF INF INF INF INF INF INF INF INF INF INF INF INF INF INF INF INF INF INF INF INF INF INF INF INF INF INF INF INF INF INF INF INF INF INF INF INF INF INF INF INF INF INF INF INF INF INF INF INF INF INF INF INF INF INF INF INF INF INF INF INF 0 2 -2 0 1 2 4 2 0 2 3 4 6 2 4 5 6 8 6 4 6 7 8 10 6 8 9 10 12 10 8 10 11 12 14 10 12 13 14 16 14 12 14 15 16 18 14 16 17 18 20 18 16 18 19 20 22 18 20 21 22 24 22 20 22 23 24 26 22 24 25 26 28 26 24 26 27 28 30 26 28 29 30 32 30 28 30 31 32 34 30 32 33 34 36 34 32 34 35 36 38 34 36 37 38 40 38 36 38 39 40 42 38 40 41 42
INF INF INF INF INF INF INF INF INF INF INF INF INF INF INF INF INF INF INF INF INF INF INF INF INF INF INF INF INF INF INF INF INF INF INF INF INF INF INF INF INF INF INF INF INF INF INF INF INF INF INF INF INF INF INF INF INF INF INF INF INF INF INF INF INF INF INF INF INF INF INF INF INF INF INF INF INF INF INF INF INF INF INF INF INF INF INF INF INF INF INF INF INF INF INF INF INF INF INF INF INF INF INF INF INF INF INF INF INF INF INF INF INF INF INF INF INF INF INF INF INF INF INF INF INF INF INF INF INF INF INF INF INF INF INF INF INF INF INF INF INF INF INF INF INF INF INF INF INF INF INF INF INF INF INF INF INF INF INF INF INF INF INF INF INF INF INF INF INF INF INF INF INF INF INF INF INF INF INF INF INF INF INF INF INF INF INF INF INF INF INF INF INF INF INF INF INF INF INF INF INF INF INF INF INF INF INF INF INF INF INF INF INF INF INF INF INF INF INF INF INF INF INF INF INF INF INF INF INF INF INF INF INF INF INF INF INF INF INF INF INF INF INF INF INF INF INF INF INF INF INF INF INF INF INF INF INF INF INF INF INF INF INF INF INF INF INF INF INF INF INF INF INF INF INF INF INF INF INF INF INF INF INF INF INF INF INF INF INF INF INF INF INF INF INF INF INF INF INF INF INF INF INF INF INF INF INF INF INF INF INF INF INF INF INF INF INF INF INF INF INF INF INF INF INF INF INF INF INF INF INF INF INF INF INF INF INF INF INF INF INF INF INF INF INF INF INF INF INF INF INF INF INF INF INF INF INF INF INF INF INF INF INF INF INF INF INF INF INF INF INF INF INF INF INF INF INF INF INF INF INF INF INF INF INF 0 2 3 4 6 7 5 4 6 7 8 10 6 8 9 10 12 10 8 10 11 12 14 10 12 13 14 16 14 12 14 15 16 18 14 16 17 18 20 18 16 18 19 20 22 18 20 21 22 24 22 20 22 23 24 26 22 24 25 26 28 26 24 26 27 28 30 26 28 29 30 32 30 28 30 31 32 34 30 32 33 34 36 34 32 34 35 36 38 34 36 37 38 40 38 36 38 39 40 42 38 40 41 42 44 42 40 42 43 44 46 42 44 45 46
INF INF INF INF INF INF INF INF INF INF INF INF INF INF INF INF INF INF INF INF INF INF INF INF INF INF INF INF INF INF INF INF INF INF INF INF INF INF INF INF INF INF INF INF INF INF INF INF INF INF INF INF INF INF INF INF INF INF INF INF INF INF INF INF INF INF INF INF INF INF INF INF INF INF INF INF INF INF INF INF INF INF INF INF INF INF INF INF INF INF INF INF INF INF INF INF INF INF INF INF INF INF INF INF INF INF INF INF INF INF INF INF INF INF INF INF INF INF INF INF INF INF INF INF INF INF INF INF INF INF INF INF INF INF INF INF INF INF INF INF INF INF INF INF INF INF INF INF INF INF INF INF INF INF INF INF INF INF INF INF INF INF INF INF INF INF INF INF INF INF INF INF INF INF INF INF INF INF INF INF INF INF INF INF INF INF INF INF INF INF INF INF INF INF INF INF INF INF INF INF INF INF INF INF INF INF INF INF INF INF INF INF INF INF INF INF INF INF INF INF INF INF INF INF INF INF INF INF INF INF INF INF INF INF INF INF INF INF INF INF INF INF INF INF INF INF INF INF INF INF INF INF INF INF INF INF INF INF INF INF INF INF INF INF INF INF INF INF INF INF INF INF INF INF INF INF INF INF INF INF INF INF INF INF INF INF INF INF INF INF INF INF INF INF INF INF INF INF INF INF INF INF INF INF INF INF INF INF INF INF INF INF INF INF INF INF INF INF INF INF INF INF INF INF INF INF INF INF INF INF INF INF INF INF INF INF INF INF INF INF INF INF INF INF INF INF INF INF INF INF INF INF INF INF INF INF INF INF INF INF INF INF INF INF INF INF INF INF INF INF INF INF INF INF INF INF INF INF INF INF INF INF INF INF INF INF 0 2 3 4 6 4 2 4 5 6 8 4 6 7 8 10 8 6 8 9 10 12 8 10 11 12 14 12 10 12 13 14 16 12 14 15 16 18 16 14 16 17 18 20 16 18 19 20 22 20 18 20 21 22 24 20 22 23 24 26 24 22 24 25 26 28 24 26 27 28 30 28 26 28 29 30 32 28 30 31 32 34 32 30 32 33 34 36 32 34 35 36 38 36 34 36 37 38 40 36 38 39 40 42 40 38 40 41 42 44 40 42 43 44
INF INF INF INF INF INF INF INF INF INF INF INF INF INF INF INF INF INF INF INF INF INF INF INF INF INF INF INF INF INF INF INF INF INF INF INF INF INF INF INF INF INF INF INF INF INF INF INF INF INF INF INF INF INF INF INF INF INF INF INF INF INF INF INF INF INF INF INF INF INF INF INF INF INF INF INF INF INF INF INF INF INF INF INF INF INF INF INF INF INF INF INF INF INF INF INF INF INF INF INF INF INF INF INF INF INF INF INF INF INF INF INF INF INF INF INF INF INF INF INF INF INF INF INF INF INF INF INF INF INF INF INF INF INF INF INF INF INF INF INF INF INF INF INF INF INF INF INF INF INF INF INF INF INF INF INF INF INF INF INF INF INF INF INF INF INF INF INF INF INF INF INF INF INF INF INF INF INF INF INF INF INF INF INF INF INF INF INF INF INF INF INF INF INF INF INF INF INF INF INF INF INF INF INF INF INF INF INF INF INF INF INF INF INF INF INF INF INF INF INF INF INF INF INF INF INF INF INF INF INF INF INF INF INF INF INF INF INF INF INF INF INF INF INF INF INF INF INF INF INF INF INF INF INF INF INF INF INF INF INF INF INF INF INF INF INF INF INF INF INF INF INF INF INF INF INF INF INF INF INF INF INF INF INF INF INF INF INF INF INF INF INF INF INF INF INF INF INF INF INF INF INF INF INF INF INF INF INF INF INF INF INF INF INF INF INF INF INF INF INF INF INF INF INF INF INF INF INF INF INF INF INF INF INF INF INF INF INF INF INF INF INF INF INF INF INF INF INF INF INF INF INF INF INF INF INF INF INF INF INF INF INF INF INF INF INF INF INF INF INF INF INF INF INF INF INF INF INF INF INF INF INF INF INF INF INF INF 0 2 3 4 2 1 3 4 5 7 3 5 6 7 9 7 5 7 8 9 11 7 9 10 11 13 11 9 11 12 13 15 11 13 14 15 17 15 13 15 16 17 19 15 17 18 19 21 19 17 19 20 21 23 19 21 22 23 25 23 21 23 24 25 27 23 25 26 27 29 27 25 27 28 29 31 27 29 30 31 33 31 29 31 32 33 35 31 33 34 35 37 35 33 35 36 37 39 35 37 38 39 41 39 37 39 40 41 43 39 41 42 43
INF INF INF INF INF INF INF INF INF INF INF INF INF INF INF INF INF INF INF INF INF INF INF INF INF INF INF INF INF INF INF INF INF INF INF INF INF INF INF INF INF INF INF INF INF INF INF INF INF INF INF INF INF INF INF INF INF INF INF INF INF INF INF INF INF INF INF INF INF INF INF INF INF INF INF INF INF INF INF INF INF INF INF INF INF INF INF INF INF INF INF INF INF INF INF INF INF INF INF INF INF INF INF INF INF INF INF INF INF INF INF INF INF INF INF INF INF INF INF INF INF INF INF INF INF INF INF INF INF INF INF INF INF INF INF INF INF INF INF INF INF INF INF INF INF INF INF INF INF INF INF INF INF INF INF INF INF INF INF INF INF INF INF INF INF INF INF INF INF INF INF INF INF INF INF INF INF INF INF INF INF INF INF INF INF INF INF INF INF INF INF INF INF INF INF INF INF INF INF INF INF INF INF INF INF INF INF INF INF INF INF INF INF INF INF INF INF INF INF INF INF INF INF INF INF INF INF INF INF INF INF INF INF INF INF INF INF INF INF INF INF INF INF INF INF INF INF INF INF INF INF INF INF INF INF INF INF INF INF INF INF INF INF INF INF INF INF INF INF INF INF INF INF INF INF INF INF INF INF INF INF INF INF INF INF INF INF INF INF INF INF INF INF INF INF INF INF INF INF INF INF INF INF INF INF INF INF INF INF INF INF INF INF INF INF INF INF INF INF INF INF INF INF INF INF INF INF INF INF INF INF INF INF INF INF INF INF INF INF INF INF INF INF INF INF INF INF INF INF INF INF INF INF INF INF INF INF INF INF INF INF INF INF INF INF INF INF INF INF INF INF INF INF INF INF INF INF INF INF INF INF INF INF INF INF INF INF INF 0 2 3 1 0 2 3 4 6 2 4 5 6 8 6 4 6 7 8 10 6 8 9 10 12 10 8 10 11 12 14 10 12 13 14 16 14 12 14 15 16 18 14 16 17 18 20 18 16 18 19 20 22 18 20 21 22 24 22 20 22 23 24 26 22 24 25 26 28 26 24 26 27 28 30 26 28 29 30 32 30 28 30 31 32 34 30 32 33 34 36 34 32 34 35 36 38 34 36 37 38 40 38 36 38 39 40 42 38 40 41 42
INF INF INF INF INF INF INF INF INF INF INF INF INF INF INF INF INF INF INF INF INF INF INF INF INF INF INF INF INF INF INF INF INF INF INF INF INF INF INF INF INF INF INF INF INF INF INF INF INF INF INF INF INF INF INF INF INF INF INF INF INF INF INF INF INF INF INF INF INF INF INF INF INF INF INF INF INF INF INF INF INF INF INF INF INF INF INF INF INF INF INF INF INF INF INF INF INF INF INF INF INF INF INF INF INF INF INF INF INF INF INF INF INF INF INF INF INF INF INF INF INF INF INF INF INF INF INF INF INF INF INF INF INF INF INF INF INF INF INF INF INF INF INF INF INF INF INF INF INF INF INF INF INF INF INF INF INF INF INF INF INF INF INF INF INF INF INF INF INF INF INF INF INF INF INF INF INF INF INF INF INF INF INF INF INF INF INF INF INF INF INF INF INF INF INF INF INF INF INF INF INF INF INF INF INF INF INF INF INF INF INF INF INF INF INF INF INF INF INF INF INF INF INF INF INF INF INF INF INF INF INF INF INF INF INF INF INF INF INF INF INF INF INF INF INF INF INF INF INF INF INF INF INF INF INF INF INF INF INF INF INF INF INF INF INF INF INF INF INF INF INF INF INF INF INF INF INF INF INF INF INF INF INF INF INF INF INF INF INF INF INF INF INF INF INF INF INF INF INF INF INF INF INF INF INF INF INF INF INF INF INF INF INF INF INF INF INF INF INF INF INF INF INF INF INF INF INF INF INF INF INF INF INF INF INF INF INF INF INF INF INF INF INF INF INF INF INF INF INF INF INF INF INF INF INF INF INF INF INF INF INF INF INF INF INF INF INF INF INF INF INF INF INF INF INF INF INF INF INF INF INF INF INF INF INF INF INF INF INF 0 2 0 -2 0 1 2 4 0 2 3 4 6 4 2 4 5 6 8 4 6 7 8 10 8 6 8 9 10 12 8 10 11 12 14 12 10 12 13 14 16 12 14 15 16 18 16 14 16 17 18 20 16 18 19 20 22 20 18 20 21 22 24 20 22 23 24 26 24 22 24 25 26 28 24 26 27 28 30 28 26 28 29 30 32 28 30 31 32 34 32 30 32 33 34 36 32 34 35 36 38 36 34 36 37 38 40 36 38 39 40
INF INF INF INF INF INF INF INF INF INF INF INF INF INF INF INF INF INF INF INF INF INF INF INF INF INF INF INF INF INF INF INF INF INF INF INF INF INF INF INF INF INF INF INF INF INF INF INF INF INF INF INF INF INF INF INF INF INF INF INF INF INF INF INF INF INF INF INF INF INF INF INF INF INF INF INF INF INF INF INF INF INF INF INF INF INF INF INF INF INF INF INF INF INF INF INF INF INF INF INF INF INF INF INF INF INF INF INF INF INF INF INF INF INF INF INF INF INF INF INF INF INF INF INF INF INF INF INF INF INF INF INF INF INF INF INF INF INF INF INF INF INF INF INF INF INF INF INF INF INF INF INF INF INF INF INF INF INF INF INF INF INF INF INF INF INF INF INF INF INF INF INF INF INF INF INF INF INF INF INF INF INF INF INF INF INF INF INF INF INF INF INF INF INF INF INF INF INF INF INF INF INF INF INF INF INF INF INF INF INF INF INF INF INF INF INF INF INF INF INF INF INF INF INF INF INF INF INF INF INF INF INF INF INF INF INF INF INF INF INF INF INF INF INF INF INF INF INF INF INF INF INF INF INF INF INF INF INF INF INF INF INF INF INF INF INF INF INF INF INF INF INF INF INF INF INF INF INF INF INF INF INF INF INF INF INF INF INF INF INF INF INF INF INF INF INF INF INF INF INF INF INF INF INF INF INF INF INF INF INF INF INF INF INF INF INF INF INF INF INF INF INF INF INF INF INF INF INF INF INF INF INF INF INF INF INF INF INF INF INF INF INF INF INF INF INF INF INF INF INF INF INF INF INF INF INF INF INF INF INF INF INF INF INF INF INF INF INF INF INF INF INF INF INF INF INF INF INF INF INF INF INF INF INF INF INF INF INF INF INF 0 -2 0 1 2 4 5 2 4 5 6 8 6 4 6 7 8 10 6 8 9 10 12 10 8 10 11 12 14 10 12 13 14 16 14 12 14 15 16 18 14 16 17 18 20 18 16 18 19 20 22 18 20 21 22 24 22 20 22 23 24 26 22 24 25 26 28 26 24 26 27 28 30 26 28 29 30 32 30 28 30 31 32 34 30 32 33 34 36 34 32 34 35 36 38 34 36 37 38 40 38 36 38 39 40 42 38 40 41 42
INF INF INF INF INF INF INF INF INF INF INF INF INF INF INF INF INF INF INF INF INF INF INF INF INF INF INF INF INF INF INF INF INF INF INF INF INF INF INF INF INF INF INF INF INF INF INF INF INF INF INF INF INF INF INF INF INF INF INF INF INF INF INF INF INF INF INF INF INF INF INF INF INF INF INF INF INF INF INF INF INF INF INF INF INF INF INF INF INF INF INF INF INF INF INF INF INF INF INF INF INF INF INF INF INF INF INF INF INF INF INF INF INF INF INF INF INF INF INF INF INF INF INF INF INF INF INF INF INF INF INF INF INF INF INF INF INF INF INF INF INF INF INF INF INF INF INF INF INF INF INF INF INF INF INF INF INF INF INF INF INF INF INF INF INF INF INF INF INF INF INF INF INF INF INF INF INF INF INF INF INF INF INF INF INF INF INF INF INF INF INF INF INF INF INF INF INF INF INF INF INF INF INF INF INF INF INF INF INF INF INF INF INF INF INF INF INF INF INF INF INF INF INF INF INF INF INF INF INF INF INF INF INF INF INF INF INF INF INF INF INF INF INF INF INF INF INF INF INF INF INF INF INF INF INF INF INF INF INF INF INF INF INF INF INF INF INF INF INF INF INF INF INF INF INF INF INF INF INF INF INF INF INF INF INF INF INF INF INF INF INF INF INF INF INF INF INF INF INF INF INF INF INF INF INF INF INF INF INF INF INF INF INF INF INF INF INF INF INF INF INF INF INF INF INF INF INF INF INF INF INF INF INF INF INF INF INF INF INF INF INF INF INF INF INF INF INF INF INF INF INF INF INF INF INF INF INF INF INF INF INF INF INF INF INF INF INF INF INF INF INF INF INF INF INF INF INF INF INF INF INF INF INF INF INF INF INF INF INF INF INF 0 2 3 4 6 7 4 6 7 8 10 8 6 8 9 10 12 8 10 11 12 14 12 10 12 13 14 16 12 14 15 16 18 16 14 16 17 18 20 16 18 19 20 22 20 18 20 21 22 24 20 22 23 24 26 24 22 24 25 26 28 24 26 27 28 30 28 26 28 29 30 32 28 30 31 32 34 32 30 32 33 34 36 32 34 35 36 38 36 34 36 37 38 40 36 38 39 40 42 40 38 40 41 42 44 40 42 43 44
INF INF INF INF INF INF INF INF INF INF INF INF INF INF INF INF INF INF INF INF INF INF INF INF INF INF INF INF INF INF INF INF INF INF INF INF INF INF INF INF INF INF INF INF INF INF INF INF INF INF INF INF INF INF INF INF INF INF INF INF INF INF INF INF INF INF INF INF INF INF INF INF INF INF INF INF INF INF INF INF INF INF INF INF INF INF INF INF INF INF INF INF INF INF INF INF INF INF INF INF INF INF INF INF INF INF INF INF INF INF INF INF INF INF INF INF INF INF INF INF INF INF INF INF INF INF INF INF INF INF INF INF INF INF INF INF INF INF INF INF INF INF INF INF INF INF INF INF INF INF INF INF INF INF INF INF INF INF INF INF INF INF INF INF INF INF INF INF INF INF INF INF INF INF INF INF INF INF INF INF INF INF INF INF INF INF INF INF INF INF INF INF INF INF INF INF INF INF INF INF INF INF INF INF INF INF INF INF INF INF INF INF INF INF INF INF INF INF INF INF INF INF INF INF INF INF INF INF INF INF INF INF INF INF INF INF INF INF INF INF INF INF INF INF INF INF INF INF INF INF INF INF INF INF INF INF INF INF INF INF INF INF INF INF INF INF INF INF INF INF INF INF INF INF INF INF INF INF INF INF INF INF INF INF INF INF INF INF INF INF INF INF INF INF INF INF INF INF INF INF INF INF INF INF INF INF INF INF INF INF INF INF INF INF INF INF INF INF INF INF INF INF INF INF INF INF INF INF INF INF INF INF INF INF INF INF INF INF INF INF INF INF INF INF INF INF INF INF INF INF INF INF INF INF INF INF INF INF INF INF INF INF INF INF INF INF INF INF INF INF INF INF INF INF INF INF INF INF INF INF INF INF INF INF INF INF INF INF INF INF INF INF 0 2 3 4 6 2 4 5 6 8 6 4 6 7 8 10 6 8 9 10 12 10 8 10 11 12 14 10 12 13 14 16 14 12 14 15 16 18 14 16 17 18 20 18 16 18 19 20 22 18 20 21 22 24 22 20 22 23 24 26 22 24 25 26 28 26 24 26 27 28 30 26 28 29 30 32 30 28 30 31 32 34 30 32 33 34 36 34 32 34 35 36 38 34 36 37 38 40 38 36 38 39 40 42 38 40 41 42
INF INF INF INF INF INF INF INF INF INF INF INF INF INF INF INF INF INF INF INF INF INF INF INF INF INF INF INF INF INF INF INF INF INF INF INF INF INF INF INF INF INF INF INF INF INF INF INF INF INF INF INF INF INF INF INF INF INF INF INF INF INF INF INF INF INF INF INF INF INF INF INF INF INF INF INF INF INF INF INF INF INF INF INF INF INF INF INF INF INF INF INF INF INF INF INF INF INF INF INF INF INF INF INF INF INF INF INF INF INF INF INF INF INF INF INF INF INF INF INF INF INF INF INF INF INF INF INF INF INF INF INF INF INF INF INF INF INF INF INF INF INF INF INF INF INF INF INF INF INF INF INF INF INF INF INF INF INF INF INF INF INF INF INF INF INF INF INF INF INF INF INF INF INF INF INF INF INF INF INF INF INF INF INF INF INF INF INF INF INF INF INF INF INF INF INF INF INF INF INF INF INF INF INF INF INF INF INF INF INF INF INF INF INF INF INF INF INF INF INF INF INF INF INF INF INF INF INF INF INF INF INF INF INF INF INF INF INF INF INF INF INF INF INF INF INF INF INF INF INF INF INF INF INF INF INF INF INF INF INF INF INF INF INF INF INF INF INF INF INF INF INF INF INF INF INF INF INF INF INF INF INF INF INF INF INF INF INF INF INF INF INF INF INF INF INF INF INF INF INF INF INF INF INF INF INF INF INF INF INF INF INF INF INF INF INF INF INF INF INF INF INF INF INF INF INF INF INF INF INF INF INF INF INF INF INF INF INF INF INF INF INF INF INF INF INF INF INF INF INF INF INF INF INF INF INF INF INF INF INF INF INF INF INF INF INF INF INF INF INF INF INF INF INF INF INF INF INF INF INF INF INF INF INF INF INF INF INF INF INF INF INF INF 0 2 3 4 1 3 4 5 7 5 3 5 6 7 9 5 7 8 9 11 9 7 9 10 11 13 9 11 12 13 15 13 11 13 14 15 17 13 15 16 17 19 17 15 17 18 19 21 17 19 20 21 23 21 19 21 22 23 25 21 23 24 25 27 25 23 25 26 27 29 25 27 28 29 31 29 27 29 30 31 33 29 31 32 33 35 33 31 33 34 35 37 33 35 36 37 39 37 35 37 38 39 41 37 39 40 41
INF INF INF INF INF INF INF INF INF INF INF INF INF INF INF INF INF INF INF INF INF INF INF INF INF INF INF INF INF INF INF INF INF INF INF INF INF INF INF INF INF INF INF INF INF INF INF INF INF INF INF INF INF INF INF INF INF INF INF INF INF INF INF INF INF INF INF INF INF INF INF INF INF INF INF INF INF INF INF INF INF INF INF INF INF INF INF INF INF INF INF INF INF INF INF INF INF INF INF INF INF INF INF INF INF INF INF INF INF INF INF INF INF INF INF INF INF INF INF INF INF INF INF INF INF INF INF INF INF INF INF INF INF INF INF INF INF INF INF INF INF INF INF INF INF INF INF INF INF INF INF INF INF INF INF INF INF INF INF INF INF INF INF INF INF INF INF INF INF INF INF INF INF INF INF INF INF INF INF INF INF INF INF INF INF INF INF INF INF INF INF INF INF INF INF INF INF INF INF INF INF INF INF INF INF INF INF INF INF INF INF INF INF INF INF INF INF INF INF INF INF INF INF INF INF INF INF INF INF INF INF INF INF INF INF INF INF INF INF INF INF INF INF INF INF INF INF INF INF INF INF INF INF INF INF INF INF INF INF INF INF INF INF INF INF INF INF INF INF INF INF INF INF INF INF INF INF INF INF INF INF INF INF INF INF INF INF INF INF INF INF INF INF INF INF INF INF INF INF INF INF INF INF INF INF INF INF INF INF INF INF INF INF INF INF INF INF INF INF INF INF INF INF INF INF INF INF INF INF INF INF INF INF INF INF INF INF INF INF INF INF INF INF INF INF INF INF INF INF INF INF INF INF INF INF INF INF INF INF INF INF INF INF INF INF INF INF INF INF INF INF INF INF INF INF INF INF INF INF INF INF INF INF INF INF INF INF INF INF INF INF INF INF INF 0 2 3 0 2 3 4 6 4 2 4 5 6 8 4 6 7 8 10 8 6 8 9 10 12 8 10 11 12 14 12 10 12 13 14 16 12 14 15 16 18 16 14 16 17 18 20 16 18 19 20 22 20 18 20 21 22 24 20 22 23 24 26 24 22 24 25 26 28 24 26 27 28 30 28 26 28 29 30 32 28 30 31 32 34 32 30 32 33 34 36 32 34 35 36 38 36 34 36 37 38 40 36 38 39 40
INF INF INF INF INF INF INF INF INF INF INF INF INF INF INF INF INF INF INF INF INF INF INF INF INF INF INF INF INF INF INF INF INF INF INF INF INF INF INF INF INF INF INF INF INF INF INF INF INF INF INF INF INF INF INF INF INF INF INF INF INF INF INF INF INF INF INF INF INF INF INF INF INF INF INF INF INF INF INF INF INF INF INF INF INF INF INF INF INF INF INF INF INF INF INF INF INF INF INF INF INF INF INF INF INF INF INF INF INF INF INF INF INF INF INF INF INF INF INF INF INF INF INF INF INF INF INF INF INF INF INF INF INF INF INF INF INF INF INF INF INF INF INF INF INF INF INF INF INF INF INF INF INF INF INF INF INF INF INF INF INF INF INF INF INF INF INF INF INF INF INF INF INF INF INF INF INF INF INF INF INF INF INF INF INF INF INF INF INF INF INF INF INF INF INF INF INF INF INF INF INF INF INF INF INF INF INF INF INF INF INF INF INF INF INF INF INF INF INF INF INF INF INF INF INF INF INF INF INF INF INF INF INF INF INF INF INF INF INF INF INF INF INF INF INF INF INF INF INF INF INF INF INF INF INF INF INF INF INF INF INF INF INF INF INF INF INF INF INF INF INF INF INF INF INF INF INF INF INF INF INF INF INF INF INF INF INF INF INF INF INF INF INF INF INF INF INF INF INF INF INF INF INF INF INF INF INF INF INF INF INF INF INF INF INF INF INF INF INF INF INF INF INF INF INF INF INF INF INF INF INF INF INF INF INF INF INF INF INF INF INF INF INF INF INF INF INF INF INF INF INF INF INF INF INF INF INF INF INF INF INF INF INF INF INF INF INF INF INF INF INF INF INF INF INF INF INF INF INF INF INF INF INF INF INF INF INF INF INF INF INF INF INF INF INF 0 2 -2 0 1 2 4 2 0 2 3 4 6 2 4 5 6 8 6 4 6 7 8 10 6 8 9 10 12 10 8 10 11 12 14 10 12 13 14 16 14 12 14 15 16 18 14 16 17 18 20 18 16 18 19 20 22 18 20 21 22 24 22 20 22 23 24 26 22 24 25 26 28 26 24 26 27 28 30 26 28 29 30 32 30 28 30 31 32 34 30 32 33 34 36 34 32 34 35 36 38 34 36 37 38
INF INF INF INF INF INF INF INF INF INF INF INF INF INF INF INF INF INF INF INF INF INF INF INF INF INF INF INF INF INF INF INF INF INF INF INF INF INF INF INF INF INF INF INF INF INF INF INF INF INF INF INF INF INF INF INF INF INF INF INF INF INF INF INF INF INF INF INF INF INF INF INF INF INF INF INF INF INF INF INF INF INF INF INF INF INF INF INF INF INF INF INF INF INF INF INF INF INF INF INF INF INF INF INF INF INF INF INF INF INF INF INF INF INF INF INF INF INF INF INF INF INF INF INF INF INF INF INF INF INF INF INF INF INF INF INF INF INF INF INF INF INF INF INF INF INF INF INF INF INF INF INF INF INF INF INF INF INF INF INF INF INF INF INF INF INF INF INF INF INF INF INF INF INF INF INF INF INF INF INF INF INF INF INF INF INF INF INF INF INF INF INF INF INF INF INF INF INF INF INF INF INF INF INF INF INF INF INF INF INF INF INF INF INF INF INF INF INF INF INF INF INF INF INF INF INF INF INF INF INF INF INF INF INF INF INF INF INF INF INF INF INF INF INF INF INF INF INF INF INF INF INF INF INF INF INF INF INF INF INF INF INF INF INF INF INF INF INF INF INF INF INF INF INF INF INF INF INF INF INF INF INF INF INF INF INF INF INF INF INF INF INF INF INF INF INF INF INF INF INF INF INF INF INF INF INF INF INF INF INF INF INF INF INF INF INF INF INF INF INF INF INF INF INF INF INF INF INF INF INF INF INF INF INF INF INF INF INF INF INF INF INF INF INF INF INF INF INF INF INF INF INF INF INF INF INF INF INF INF INF INF INF INF INF INF INF INF INF INF INF INF INF INF INF INF INF INF INF INF INF INF INF INF INF INF INF INF INF INF INF INF INF INF INF INF INF 0 2 3 4 6 7 5 4 6 7 8 10 6 8 9 10 12 10 8 10 11 12 14 10 12 13 14 16 14 12 14 15 16 18 14 16 17 18 20 18 16 18 19 20 22 18 20 21 22 24 22 20 22 23 24 26 22 24 25 26 28 26 24 26 27 28 30 26 28 29 30 32 30 28 30 31 32 34 30 32 33 34 36 34 32 34 35 36 38 34 36 37 38 40 38 36 38 39 40 42 38 40 41 42
INF INF INF INF INF INF INF INF INF INF INF INF INF INF INF INF INF INF INF INF INF INF INF INF INF INF INF INF INF INF INF INF INF INF INF INF INF INF INF INF INF INF INF INF INF INF INF INF INF INF INF INF INF INF INF INF INF INF INF INF INF INF INF INF INF INF INF INF INF INF INF INF INF INF INF INF INF INF INF INF INF INF INF INF INF INF INF INF INF INF INF INF INF INF INF INF INF INF INF INF INF INF INF INF INF INF INF INF INF INF INF INF INF INF INF INF INF INF INF INF INF INF INF INF INF INF INF INF INF INF INF INF INF INF INF INF INF INF INF INF INF INF INF INF INF INF INF INF INF INF INF INF INF INF INF INF INF INF INF INF INF INF INF INF INF INF INF INF INF INF INF INF INF INF INF INF INF INF INF INF INF INF INF INF INF INF INF INF INF INF INF INF INF INF INF INF INF INF INF INF INF INF INF INF INF INF INF INF INF INF INF INF INF INF INF INF INF INF INF INF INF INF INF INF INF INF INF INF INF INF INF INF INF INF INF INF INF INF INF INF INF INF INF INF INF INF INF INF INF INF INF INF INF INF INF INF INF INF INF INF INF INF INF INF INF INF INF INF INF INF INF INF INF INF INF INF INF INF INF INF INF INF INF INF INF INF INF INF INF INF INF INF INF INF INF INF INF INF INF INF INF INF INF INF INF INF INF INF INF INF INF INF INF INF INF INF INF INF INF INF INF INF INF INF INF INF INF INF INF INF INF INF INF INF INF INF INF INF INF INF INF INF INF INF INF INF INF INF INF INF INF INF INF INF INF INF INF INF INF INF INF INF INF INF INF INF INF INF INF INF INF INF INF INF INF INF INF INF INF INF INF INF INF INF INF INF INF INF INF INF INF INF INF INF INF INF INF 0 2 3 4 6 4 2 4 5 6 8 4 6 7 8 10 8 6 8 9 10 12 8 10 11 12 14 12 10 12 13 14 16 12 14 15 16 18 16 14 16 17 18 20 16 18 19 20 22 20 18 20 21 22 24 20 22 23 24 26 24 22 24 25 26 28 24 26 27 28 30 28 26 28 29 30 32 28 30 31 32 34 32 30 32 33 34 36 32 34 35 36 38 36 34 36 37 38 40 36 38 39 40
INF INF INF INF INF INF INF INF INF INF INF INF INF INF INF INF INF INF INF INF INF INF INF INF INF INF INF INF INF INF INF INF INF INF INF INF INF INF INF INF INF INF INF INF INF INF INF INF INF INF INF INF INF INF INF INF INF INF INF INF INF INF INF INF INF INF INF INF INF INF INF INF INF INF INF INF INF INF INF INF INF INF INF INF INF INF INF INF INF INF INF INF INF INF INF INF INF INF INF INF INF INF INF INF INF INF INF INF INF INF INF INF INF INF INF INF INF INF INF INF INF INF INF INF INF INF INF INF INF INF INF INF INF INF INF INF INF INF INF INF INF INF INF INF INF INF INF INF INF INF INF INF INF INF INF INF INF INF INF INF INF INF INF INF INF INF INF INF INF INF INF INF INF INF INF INF INF INF INF INF INF INF INF INF INF INF INF INF INF INF INF INF INF INF INF INF INF INF INF INF INF INF INF INF INF INF INF INF INF INF INF INF INF INF INF INF INF INF INF INF INF INF INF INF INF INF INF INF INF INF INF INF INF INF INF INF INF INF INF INF INF INF INF INF INF INF INF INF INF INF INF INF INF INF INF INF INF INF INF INF INF INF INF INF INF INF INF INF INF INF INF INF INF INF INF INF INF INF INF INF INF INF INF INF INF INF INF INF INF INF INF INF INF INF INF INF INF INF INF INF INF INF INF INF INF INF INF INF INF INF INF INF INF INF INF INF INF INF INF INF INF INF INF INF INF INF INF INF INF INF INF INF INF INF INF INF INF INF INF INF INF INF INF INF INF INF INF INF INF INF INF INF INF INF INF INF INF INF INF INF INF INF INF INF INF INF INF INF INF INF INF INF INF INF INF INF INF INF INF INF INF INF INF INF INF INF INF INF INF INF INF INF INF INF INF INF INF INF 0 2 3 4 2 1 3 4 5 7 3 5 6 7 9 7 5 7 8 9 11 7 9 10 11 13 11 9 11 12 13 15 11 13 14 15 17 15 13 15 16 17 19 15 17 18 19 21 19 17 19 20 21 23 19 21 22 23 25 23 21 23 24 25 27 23 25 26 27 29 27 25 27 28 29 31 27 29 30 31 33 31 29 31 32 33 35 31 33 34 35 37 35 33 35 36 37 39 35 37 38 39
INF INF INF INF INF INF INF INF INF INF INF INF INF INF INF INF INF INF INF INF INF INF INF INF INF INF INF INF INF INF INF INF INF INF INF INF INF INF INF INF INF INF INF INF INF INF INF INF INF INF INF INF INF INF INF INF INF INF INF INF INF INF INF INF INF INF INF INF INF INF INF INF INF INF INF INF INF INF INF INF INF INF INF INF INF INF INF INF INF INF INF INF INF INF INF INF INF INF INF INF INF INF INF INF INF INF INF INF INF INF INF INF INF INF INF INF INF INF INF INF INF INF INF INF INF INF INF INF INF INF INF INF INF INF INF INF INF INF INF INF INF INF INF INF INF INF INF INF INF INF INF INF INF INF INF INF INF INF INF INF INF INF INF INF INF INF INF INF INF INF INF INF INF INF INF INF INF INF INF INF INF INF INF INF INF INF INF INF INF INF INF INF INF INF INF INF INF INF INF INF INF INF INF INF INF INF INF INF INF INF INF INF INF INF INF INF INF INF INF INF INF INF INF INF INF INF INF INF INF INF INF INF INF INF INF INF INF INF INF INF INF INF INF INF INF INF INF INF INF INF INF INF INF INF INF INF INF INF INF INF INF INF INF INF INF INF INF INF INF INF INF INF INF INF INF INF INF INF INF INF INF INF INF INF INF INF INF INF INF INF INF INF INF INF INF INF INF INF INF INF INF INF INF INF INF INF INF INF INF INF INF INF INF INF INF INF INF INF INF INF INF INF INF INF INF INF INF INF INF INF INF INF INF INF INF INF INF INF INF INF INF INF INF INF INF INF INF INF INF INF INF INF INF INF INF INF INF INF INF INF INF INF INF INF INF INF INF INF INF INF INF INF INF INF INF INF INF INF INF INF INF INF INF INF INF INF INF INF INF INF INF INF INF INF INF INF INF INF INF 0 2 3 1 0 2 3 4 6 2 4 5 6 8 6 4 6 7 8 10 6 8 9 10 12 10 8 10 11 12 14 10 12 13 14 16 14 12 14 15 16 18 14 16 17 18 20 18 16 18 19 20 22 18 20 21 22 24 22 20 22 23 24 26 22 24 25 26 28 26 24 26 27 28 30 26 28 29 30 32 30 28 30 31 32 34 30 32 33 34 36 34 32 34 35 36 38 34 36 37 38
INF INF INF INF INF INF INF INF INF INF INF INF INF INF INF INF INF INF INF INF INF INF INF INF INF INF INF INF INF INF INF INF INF INF INF INF INF INF INF INF INF INF INF INF INF INF INF INF INF INF INF INF INF INF INF INF INF INF INF INF INF INF INF INF INF INF INF INF INF INF INF INF INF INF INF INF INF INF INF INF INF INF INF INF INF INF INF INF INF INF INF INF INF INF INF INF INF INF INF INF INF INF INF INF INF INF INF INF INF INF INF INF INF INF INF INF INF INF INF INF INF INF INF INF INF INF INF INF INF INF INF INF INF INF INF INF INF INF INF INF INF INF INF INF INF INF INF INF INF INF INF INF INF INF INF INF INF INF INF INF INF INF INF INF INF INF INF INF INF INF INF INF INF INF INF INF INF INF INF INF INF INF INF INF INF INF INF INF INF INF INF INF INF INF INF INF INF INF INF INF INF INF INF INF INF INF INF INF INF INF INF INF INF INF INF INF INF INF INF INF INF INF INF INF INF INF INF INF INF INF INF INF INF INF INF INF INF INF INF INF INF INF INF INF INF INF INF INF INF INF INF INF INF INF INF INF INF INF INF INF INF INF INF INF INF INF INF INF INF INF INF INF INF INF INF INF INF INF INF INF INF INF INF INF INF INF INF INF INF INF INF INF INF INF INF INF INF INF INF INF INF INF INF INF INF INF INF INF INF INF INF INF INF INF INF INF INF INF INF INF INF INF INF INF INF INF INF INF INF INF INF INF INF INF INF INF INF INF INF INF INF INF INF INF INF INF INF INF INF INF INF INF INF INF INF INF INF INF INF INF INF INF INF INF INF INF INF INF INF INF INF INF INF INF INF INF INF INF INF INF INF INF INF INF INF INF INF INF INF INF INF INF INF INF INF INF INF INF INF INF 0 2 0 -2 0 1 2 4 0 2 3 4 6 4 2 4 5 6 8 4 6 7 8 10 8 6 8 9 10 12 8 10 11 12 14 12 10 12 13 14 16 12 14 15 16 18 16 14 16 17 18 20 16 18 19 20 22 20 18 20 21 22 24 20 22 23 24 26 24 22 24 25 26 28 24 26 27 28 30 28 26 28 29 30 32 28 30 31 32 34 32 30 32 33 34 36 32 34 35 36
INF INF INF INF INF INF INF INF INF INF INF INF INF INF INF INF INF INF INF INF INF INF INF INF INF INF INF INF INF INF INF INF INF INF INF INF INF INF INF INF INF INF INF INF INF INF INF INF INF INF INF INF INF INF INF INF INF INF INF INF INF INF INF INF INF INF INF INF INF INF INF INF INF INF INF INF INF INF INF INF INF INF INF INF INF INF INF INF INF INF INF INF INF INF INF INF INF INF INF INF INF INF INF INF INF INF INF INF INF INF INF INF INF INF INF INF INF INF INF INF INF INF INF INF INF INF INF INF INF INF INF INF INF INF INF INF INF INF INF INF INF INF INF INF INF INF INF INF INF INF INF INF INF INF INF INF INF INF INF INF INF INF INF INF INF INF INF INF INF INF INF INF INF INF INF INF INF INF INF INF INF INF INF INF INF INF INF INF INF INF INF INF INF INF INF INF INF INF INF INF INF INF INF INF INF INF INF INF INF INF INF INF INF INF INF INF INF INF INF INF INF INF INF INF INF INF INF INF INF INF INF INF INF INF INF INF INF INF INF INF INF INF INF INF INF INF INF INF INF INF INF INF INF INF INF INF INF INF INF INF INF INF INF INF INF INF INF INF INF INF INF INF INF INF INF INF INF INF INF INF INF INF INF INF INF INF INF INF INF INF INF INF INF INF INF INF INF INF INF INF INF INF INF INF INF INF INF INF INF INF INF INF INF INF INF INF INF INF INF INF INF INF INF INF INF INF INF INF INF INF INF INF INF INF INF INF INF INF INF INF INF INF INF INF INF INF INF INF INF INF INF INF INF INF INF INF INF INF INF INF INF INF INF INF INF INF INF INF INF INF INF INF INF INF INF INF INF INF INF INF INF INF INF INF INF INF INF INF INF INF INF INF INF INF INF INF INF INF INF INF INF 0 -2 0 1 2 4 5 2 4 5 6 8 6 4 6 7 8 10 6 8 9 10 12 10 8 10 11 12 14 10 12 13 14 16 14 12 14 15 16 18 14 16 17 18 20 18 16 18 19 20 22 18 20 21 22 24 22 20 22 23 24 26 22 24 25 26 28 26 24 26 27 28 30 26 28 29 30 32 30 28 30 31 32 34 30 32 33 34 36 34 32 34 35 36 38 34 36 37 38
INF INF INF INF INF INF INF INF INF INF INF INF INF INF INF INF INF INF INF INF INF INF INF INF INF INF INF INF INF INF INF INF INF INF INF INF INF INF INF INF INF INF INF INF INF INF INF INF INF INF INF INF INF INF INF INF INF INF INF INF INF INF INF INF INF INF INF INF INF INF INF INF INF INF INF INF INF INF INF INF INF INF INF INF INF INF INF INF INF INF INF INF INF INF INF INF INF INF INF INF INF INF INF INF INF INF INF INF INF INF INF INF INF INF INF INF INF INF INF INF INF INF INF INF INF INF INF INF INF INF INF INF INF INF INF INF INF INF INF INF INF INF INF INF INF INF INF INF INF INF INF INF INF INF INF INF INF INF INF INF INF INF INF INF INF INF INF INF INF INF INF INF INF INF INF INF INF INF INF INF INF INF INF INF INF INF INF INF INF INF INF INF INF INF INF INF INF INF INF INF INF INF INF INF INF INF INF INF INF INF INF INF INF INF INF INF INF INF INF INF INF INF INF INF INF INF INF INF INF INF INF INF INF INF INF INF INF INF INF INF INF INF INF INF INF INF INF INF INF INF INF INF INF INF INF INF INF INF INF INF INF INF INF INF INF INF INF INF INF INF INF INF INF INF INF INF INF INF INF INF INF INF INF INF INF INF INF INF INF INF INF INF INF INF INF INF INF INF INF INF INF INF INF INF INF INF INF INF INF INF INF INF INF INF INF INF INF INF INF INF INF INF INF INF INF INF INF INF INF INF INF INF INF INF INF INF INF INF INF INF INF INF INF INF INF INF INF INF INF INF INF INF INF INF INF INF INF INF INF INF INF INF INF INF INF INF INF INF INF INF INF INF INF INF INF INF INF INF INF INF INF INF INF INF INF INF INF INF INF INF INF INF INF INF INF INF INF INF INF INF INF INF 0 2 3 4 6 7 4 6 7 8 10 8 6 8 9 10 12 8 10 11 12 14 12 10 12 13 14 16 12 14 15 16 18 16 14 16 17 18 20 16 18 19 20 22 20 18 20 21 22 24 20 22 23 24 26 24 22 24 25 26 28 24 26 27 28 30 28 26 28 29 30 32 28 30 31 32 34 32 30 32 33 34 36 32 34 35 36 38 36 34 36 37 38 40 36 38 39 40
INF INF INF INF INF INF INF INF INF INF INF INF INF INF INF INF INF INF INF INF INF INF INF INF INF INF INF INF INF INF INF INF INF INF INF INF INF INF INF INF INF INF INF INF INF INF INF INF INF INF INF INF INF INF INF INF INF INF INF INF INF INF INF INF INF INF INF INF INF INF INF INF INF INF INF INF INF INF INF INF INF INF INF INF INF INF INF INF INF INF INF INF INF INF INF INF INF INF INF INF INF INF INF INF INF INF INF INF INF INF INF INF INF INF INF INF INF INF INF INF INF INF INF INF INF INF INF INF INF INF INF INF INF INF INF INF INF INF INF INF INF INF INF INF INF INF INF INF INF INF INF INF INF INF INF INF INF INF INF INF INF INF INF INF INF INF INF INF INF INF INF INF INF INF INF INF INF INF INF INF INF INF INF INF INF INF INF INF INF INF INF INF INF INF INF INF INF INF INF INF INF INF INF INF INF INF INF INF INF INF INF INF INF INF INF INF INF INF INF INF INF INF INF INF INF INF INF INF INF INF INF INF INF INF INF INF INF INF INF INF INF INF INF INF INF INF INF INF INF INF INF INF INF INF INF INF INF INF INF INF INF INF INF INF INF INF INF INF INF INF INF INF INF INF INF INF INF INF INF INF INF INF INF INF INF INF INF INF INF INF INF INF INF INF INF INF INF INF INF INF INF INF INF INF INF INF INF INF INF INF INF INF INF INF INF INF INF INF INF INF INF INF INF INF INF INF INF INF INF INF INF INF INF INF INF INF INF INF INF INF INF INF INF INF INF INF INF INF INF INF INF INF INF INF INF INF INF INF INF INF INF INF INF INF INF INF INF INF INF INF INF INF INF INF INF INF INF INF INF INF INF INF INF INF INF INF INF INF INF INF INF INF INF INF INF INF INF INF INF INF INF INF INF 0 2 3 4 6 2 4 5 6 8 6 4 6 7 8 10 6 8 9 10 12 10 8 10 11 12 14 10 12 13 14 16 14 12 14 15 16 18 14 16 17 18 20 18 16 18 19 20 22 18 20 21 22 24 22 20 22 23 24 26 22 24 25 26 28 26 24 26 27 28 30 26 28 29 30 32 30 28 30 31 32 34 30 32 33 34 36 34 32 34 35 36 38 34 36 37 38
INF INF INF INF INF INF INF INF INF INF INF INF INF INF INF INF INF INF INF INF INF INF INF INF INF INF INF INF INF INF INF INF INF INF INF INF INF INF INF INF INF INF INF INF INF INF INF INF INF INF INF INF INF INF INF INF INF INF INF INF INF INF INF INF INF INF INF INF INF INF INF INF INF INF INF INF INF INF INF INF INF INF INF INF INF INF INF INF INF INF INF INF INF INF INF INF INF INF INF INF INF INF INF INF INF INF INF INF INF INF INF INF INF INF INF INF INF INF INF INF INF INF INF INF INF INF INF INF INF INF INF INF INF INF INF INF INF INF INF INF INF INF INF INF INF INF INF INF INF INF INF INF INF INF INF INF INF INF INF INF INF INF INF INF INF INF INF INF INF INF INF INF INF INF INF INF INF INF INF INF INF INF INF INF INF INF INF INF INF INF INF INF INF INF INF INF INF INF INF INF INF INF INF INF INF INF INF INF INF INF INF INF INF INF INF INF INF INF INF INF INF INF INF INF INF INF INF INF INF INF INF INF INF INF INF INF INF INF INF INF INF INF INF INF INF INF INF INF INF INF INF INF INF INF INF INF INF INF INF INF INF INF INF INF INF INF INF INF INF INF INF INF INF INF INF INF INF INF INF INF INF INF INF INF INF INF INF INF INF INF INF INF INF INF INF INF INF INF INF INF INF INF INF INF INF INF INF INF INF INF INF INF INF INF INF INF INF INF INF INF INF INF INF INF INF INF INF INF INF INF INF INF INF INF INF INF INF INF INF INF INF INF INF INF INF INF INF INF INF INF INF INF INF INF INF INF INF INF INF INF INF INF INF INF INF INF INF INF INF INF INF INF INF INF INF INF INF INF INF INF INF INF INF INF INF INF INF INF INF INF INF INF INF INF INF INF INF INF INF INF INF INF INF INF 0 2 3 4 1 3 4 5 7 5 3 5 6 7 9 5 7 8 9 11 9 7 9 10 11 13 9 11 12 13 15 13 11 13 14 15 17 13 15 16 17 19 17 15 17 18 19 21 17 19 20 21 23 21 19 21 22 23 25 21 23 24 25 27 25 23 25 26 27 29 25 27 28 29 31 29 27 29 30 31 33 29 31 32 33 35 33 31 33 34 35 37 33 35 36 37
INF INF INF INF INF INF INF INF INF INF INF INF INF INF INF INF INF INF INF INF INF INF INF INF INF INF INF INF INF INF INF INF INF INF INF INF INF INF INF INF INF INF INF INF INF INF INF INF INF INF INF INF INF INF INF INF INF INF INF INF INF INF INF INF INF INF INF INF INF INF INF INF INF INF INF INF INF INF INF INF INF INF INF INF INF INF INF INF INF INF INF INF INF INF INF INF INF INF INF INF INF INF INF INF INF INF INF INF INF INF INF INF INF INF INF INF INF INF INF INF INF INF INF INF INF INF INF INF INF INF INF INF INF INF INF INF INF INF INF INF INF INF INF INF INF INF INF INF INF INF INF INF INF INF INF INF INF INF INF INF INF INF INF INF INF INF INF INF INF INF INF INF INF INF INF INF INF INF INF INF INF INF INF INF INF INF INF INF INF INF INF INF INF INF INF INF INF INF INF INF INF INF INF INF INF INF INF INF INF INF INF INF INF INF INF INF INF INF INF INF INF INF INF INF INF INF INF INF INF INF INF INF INF INF INF INF INF INF INF INF INF INF INF INF INF INF INF INF INF INF INF INF INF INF INF INF INF INF INF INF INF INF INF INF INF INF INF INF INF INF INF INF INF INF INF INF INF INF INF INF INF INF INF INF INF INF INF INF INF INF INF INF INF INF INF INF INF INF INF INF INF INF INF INF INF INF INF INF INF INF INF INF INF INF INF INF INF INF INF INF INF INF INF INF INF INF INF INF INF INF INF INF INF INF INF INF INF INF INF INF INF INF INF INF INF INF INF INF INF INF INF INF INF INF INF INF INF INF INF INF INF INF INF INF INF INF INF INF INF INF INF INF INF INF INF INF INF INF INF INF INF INF INF INF INF INF INF INF INF INF INF INF INF INF INF INF INF INF INF INF INF INF INF INF INF 0 2 3 0 2 3 4 6 4 2 4 5 6 8 4 6 7 8 10 8 6 8 9 10 12 8 10 11 12 14 12 10 12 13 14 16 12 14 15 16 18 16 14 16 17 18 20 16 18 19 20 22 20 18 20 21 22 24 20 22 23 24 26 24 22 24 25 26 28 24 26 27 28 30 28 26 28 29 30 32 28 30 31 32 34 32 30 32 33 34 36 32 34 35 36
INF INF INF INF INF INF INF INF INF INF INF INF INF INF INF INF INF INF INF INF INF INF INF INF INF INF INF INF INF INF INF INF INF INF INF INF INF INF INF INF INF INF INF INF INF INF INF INF INF INF INF INF INF INF INF INF INF INF INF INF INF INF INF INF INF INF INF INF INF INF INF INF INF INF INF INF INF INF INF INF INF INF INF INF INF INF INF INF INF INF INF INF INF INF INF INF INF INF INF INF INF INF INF INF INF INF INF INF INF INF INF INF INF INF INF INF INF INF INF INF INF INF INF INF INF INF INF INF INF INF INF INF INF INF INF INF INF INF INF INF INF INF INF INF INF INF INF INF INF INF INF INF INF INF INF INF INF INF INF INF INF INF INF INF INF INF INF INF INF INF INF INF INF INF INF INF INF INF INF INF INF INF INF INF INF INF INF INF INF INF INF INF INF INF INF INF INF INF INF INF INF INF INF INF INF INF INF INF INF INF INF INF INF INF INF INF INF INF INF INF INF INF INF INF INF INF INF INF INF INF INF INF INF INF INF INF INF INF INF INF INF INF INF INF INF INF INF INF INF INF INF INF INF INF INF INF INF INF INF INF INF INF INF INF INF INF INF INF INF INF INF INF INF INF INF INF INF INF INF INF INF INF INF INF INF INF INF INF INF INF INF INF INF INF INF INF INF INF INF INF INF INF INF INF INF INF INF INF INF INF INF INF INF INF INF INF INF INF INF INF INF INF INF INF INF INF INF INF INF INF INF INF INF INF INF INF INF INF INF INF INF INF INF INF INF INF INF INF INF INF INF INF INF INF INF INF INF INF INF INF INF INF INF INF INF INF INF INF INF INF INF INF INF INF INF INF INF INF INF INF INF INF INF INF INF INF INF INF INF INF INF INF INF INF INF INF INF INF INF INF INF INF INF INF INF INF 0 2 -2 0 1 2 4 2 0 2 3 4 6 2 4 5 6 8 6 4 6 7 8 10 6 8 9 10 12 10 8 10 11 12 14 10 12 13 14 16 14 12 14 15 16 18 14 16 17 18 20 18 16 18 19 20 22 18 20 21 22 24 22 20 22 23 24 26 22 24 25 26 28 26 24 26 27 28 30 26 28 29 30 32 30 28 30 31 32 34 30 32 33 34
INF INF INF INF INF INF INF INF INF INF INF INF INF INF INF INF INF INF INF INF INF INF INF INF INF INF INF INF INF INF INF INF INF INF INF INF INF INF INF INF INF INF INF INF INF INF INF INF INF INF INF INF INF INF INF INF INF INF INF INF INF INF INF INF INF INF INF INF INF INF INF INF INF INF INF INF INF INF INF INF INF INF INF INF INF INF INF INF INF INF INF INF INF INF INF INF INF INF INF INF INF INF INF INF INF INF INF INF INF INF INF INF INF INF INF INF INF INF INF INF INF INF INF INF INF INF INF INF INF INF INF INF INF INF INF INF INF INF INF INF INF INF INF INF INF INF INF INF INF INF INF INF INF INF INF INF INF INF INF INF INF INF INF INF INF INF INF INF INF INF INF INF INF INF INF INF INF INF INF INF INF INF INF INF INF INF INF INF INF INF INF INF INF INF INF INF INF INF INF INF INF INF INF INF INF INF INF INF INF INF INF INF INF INF INF INF INF INF INF INF INF INF INF INF INF INF INF INF INF INF INF INF INF INF INF INF INF INF INF INF INF INF INF INF INF INF INF INF INF INF INF INF INF INF INF INF INF INF INF INF INF INF INF INF INF INF INF INF INF INF INF INF INF INF INF INF INF INF INF INF INF INF INF INF INF INF INF INF INF INF INF INF INF INF INF INF INF INF INF INF INF INF INF INF INF INF INF INF INF INF INF INF INF INF INF INF INF INF INF INF INF INF INF INF INF INF INF INF INF INF INF INF INF INF INF INF INF INF INF INF INF INF INF INF INF INF INF INF INF INF INF INF INF INF INF INF INF INF INF INF INF INF INF INF INF INF INF INF INF INF INF INF INF INF INF INF INF INF INF INF INF INF INF INF INF INF INF INF INF INF INF INF INF INF INF INF INF INF INF INF INF INF INF INF INF INF INF 0 2 3 4 6 7 5 4 6 7 8 10 6 8 9 10 12 10 8 10 11 12 14 10 12 13 14 16 14 12 14 15 16 18 14 16 17 18 20 18 16 18 19 20 22 18 20 21 22 24 22 20 22 23 24 26 22 24 25 26 28 26 24 26 27 28 30 26 28 29 30 32 30 28 30 31 32 34 30 32 33 34 36 34 32 34 35 36 38 34 36 37 38
INF INF INF INF INF INF INF INF INF INF INF INF INF INF INF INF INF INF INF INF INF INF INF INF INF INF INF INF INF INF INF INF INF INF INF INF INF INF INF INF INF INF INF INF INF INF INF INF INF INF INF INF INF INF INF INF INF INF INF INF INF INF INF INF INF INF INF INF INF INF INF INF INF INF INF INF INF INF INF INF INF INF INF INF INF INF INF INF INF INF INF INF INF INF INF INF INF INF INF INF INF INF INF INF INF INF INF INF INF INF INF INF INF INF INF INF INF INF INF INF INF INF INF INF INF INF INF INF INF INF INF INF INF INF INF INF INF INF INF INF INF INF INF INF INF INF INF INF INF INF INF INF INF INF INF INF INF INF INF INF INF INF INF INF INF INF INF INF INF INF INF INF INF INF INF INF INF INF INF INF INF INF INF INF INF INF INF INF INF INF INF INF INF INF INF INF INF INF INF INF INF INF INF INF INF INF INF INF INF INF INF INF INF INF INF INF INF INF INF INF INF INF INF INF INF INF INF INF INF INF INF INF INF INF INF INF INF INF INF INF INF INF INF INF INF INF INF INF INF INF INF INF INF INF INF INF INF INF INF INF INF INF INF INF INF INF INF INF INF INF INF INF INF INF INF INF INF INF INF INF INF INF INF INF INF INF INF INF INF INF INF INF INF INF INF INF INF INF INF INF INF INF INF INF INF INF INF INF INF INF INF INF INF INF INF INF INF INF INF INF INF INF INF INF INF INF INF INF INF INF INF INF INF INF INF INF INF INF INF INF INF INF INF INF INF INF INF INF INF INF INF INF INF INF INF INF INF INF INF INF INF INF INF INF INF INF INF INF INF INF INF INF INF INF INF INF INF INF INF INF INF INF INF INF INF INF INF INF INF INF INF INF INF INF INF INF INF INF INF INF INF INF INF INF INF INF INF INF 0 2 3 4 6 4 2 4 5 6 8 4 6 7 8 10 8 6 8 9 10 12 8 10 11 12 14 12 10 12 13 14 16 12 14 15 16 18 16 14 16 17 18 20 16 18 19 20 22 20 18 20 21 22 24 20 22 23 24 26 24 22 24 25 26 28 24 26 27 28 30 28 26 28 29 30 32 28 30 31 32 34 32 30 32 33 34 36 32 34 35 36
INF INF INF INF INF INF INF INF INF INF INF INF INF INF INF INF INF INF INF INF INF INF INF INF INF INF INF INF INF INF INF INF INF INF INF INF INF INF INF INF INF INF INF INF INF INF INF INF INF INF INF INF INF INF INF INF INF INF INF INF INF INF INF INF INF INF INF INF INF INF INF INF INF INF INF INF INF INF INF INF INF INF INF INF INF INF INF INF INF INF INF INF INF INF INF INF INF INF INF INF INF INF INF INF INF INF INF INF INF INF INF INF INF INF INF INF INF INF INF INF INF INF INF INF INF INF INF INF INF INF INF INF INF INF INF INF INF INF INF INF INF INF INF INF INF INF INF INF INF INF INF INF INF INF INF INF INF INF INF INF INF INF INF INF INF INF INF INF INF INF INF INF INF INF INF INF INF INF INF INF INF INF INF INF INF INF INF INF INF INF INF INF INF INF INF INF INF INF INF INF INF INF INF INF INF INF INF INF INF INF INF INF INF INF INF INF INF INF INF INF INF INF INF INF INF INF INF INF INF INF INF INF INF INF INF INF INF INF INF INF INF INF INF INF INF INF INF INF INF INF INF INF INF INF INF INF INF INF INF INF INF INF INF INF INF INF INF INF INF INF INF INF INF INF INF INF INF INF INF INF INF INF INF INF INF INF INF INF INF INF INF INF INF INF INF INF INF INF INF INF INF INF INF INF INF INF INF INF INF INF INF INF INF INF INF INF INF INF INF INF INF INF INF INF INF INF INF INF INF INF INF INF INF INF INF INF INF INF INF INF INF INF INF INF INF INF INF INF INF INF INF INF INF INF INF INF INF INF INF INF INF INF INF INF INF INF INF INF INF INF INF INF INF INF INF INF INF INF INF INF INF INF INF INF INF INF INF INF INF INF INF INF INF INF INF INF INF INF INF INF INF INF INF INF INF INF INF INF INF 0 2 3 4 2 1 3 4 5 7 3 5 6 7 9 7 5 7 8 9 11 7 9 10 11 13 11 9 11 12 13 15 11 13 14 15 17 15 13 15 16 17 19 15 17 18 19 21 19 17 19 20 21 23 19 21 22 23 25 23 21 23 24 25 27 23 25 26 27 29 27 25 27 28 29 31 27 29 30 31 33 31 29 31 32 33 35 31 33 34 35
INF INF INF INF INF INF INF INF INF INF INF INF INF INF INF INF INF INF INF INF INF INF INF INF INF INF INF INF INF INF INF INF INF INF INF INF INF INF INF INF INF INF INF INF INF INF INF INF INF INF INF INF INF INF INF INF INF INF INF INF INF INF INF INF INF INF INF INF INF INF INF INF INF INF INF INF INF INF INF INF INF INF INF INF INF INF INF INF INF INF INF INF INF INF INF INF INF INF INF INF INF INF INF INF INF INF INF INF INF INF INF INF INF INF INF INF INF INF INF INF INF INF INF INF INF INF INF INF INF INF INF INF INF INF INF INF INF INF INF INF INF INF INF INF INF INF INF INF INF INF INF INF INF INF INF INF INF INF INF INF INF INF INF INF INF INF INF INF INF INF INF INF INF INF INF INF INF INF INF INF INF INF INF INF INF INF INF INF INF INF INF INF INF INF INF INF INF INF INF INF INF INF INF INF INF INF INF INF INF INF INF INF INF INF INF INF INF INF INF INF INF INF INF INF INF INF INF INF INF INF INF INF INF INF INF INF INF INF INF INF INF INF INF INF INF INF INF INF INF INF INF INF INF INF INF INF INF INF INF INF INF INF INF INF INF INF INF INF INF INF INF INF INF INF INF INF INF INF INF INF INF INF INF INF INF INF INF INF INF INF INF INF INF INF INF INF INF INF INF INF INF INF INF INF INF INF INF INF INF INF INF INF INF INF INF INF INF INF INF INF INF INF INF INF INF INF INF INF INF INF INF INF INF INF INF INF INF INF INF INF INF INF INF INF INF INF INF INF INF INF INF INF INF INF INF INF INF INF INF INF INF INF INF INF INF INF INF INF INF INF INF INF INF INF INF INF INF INF INF INF INF INF INF INF INF INF INF INF INF INF INF INF INF INF INF INF INF INF INF INF INF INF INF INF INF INF INF INF INF INF 0 2 3 1 0 2 3 4 6 2 4 5 6 8 6 4 6 7 8 10 6 8 9 10 12 10 8 10 11 12 14 10 12 13 14 16 14 12 14 15 16 18 14 16 17 18 20 18 16 18 19 20 22 18 20 21 22 24 22 20 22 23 24 26 22 24 25 26 28 26 24 26 27 28 30 26 28 29 30 32 30 28 30 31 32 34 30 32 33 34
INF INF INF INF INF INF INF INF INF INF INF INF INF INF INF INF INF INF INF INF INF INF INF INF INF INF INF INF INF INF INF INF INF INF INF INF INF INF INF INF INF INF INF INF INF INF INF INF INF INF INF INF INF INF INF INF INF INF INF INF INF INF INF INF INF INF INF INF INF INF INF INF INF INF INF INF INF INF INF INF INF INF INF INF INF INF INF INF INF INF INF INF INF INF INF INF INF INF INF INF INF INF INF INF INF INF INF INF INF INF INF INF INF INF INF INF INF INF INF INF INF INF INF INF INF INF INF INF INF INF INF INF INF INF INF INF INF INF INF INF INF INF INF INF INF INF INF INF INF INF INF INF INF INF INF INF INF INF INF INF INF INF INF INF INF INF INF INF INF INF INF INF INF INF INF INF INF INF INF INF INF INF INF INF INF INF INF INF INF INF INF INF INF INF INF INF INF INF INF INF INF INF INF INF INF INF INF INF INF INF INF INF INF INF INF INF INF INF INF INF INF INF INF INF INF INF INF INF INF INF INF INF INF INF INF INF INF INF INF INF INF INF INF INF INF INF INF INF INF INF INF INF INF INF INF INF INF INF INF INF INF INF INF INF INF INF INF INF INF INF INF INF INF INF INF INF INF INF INF INF INF INF INF INF INF INF INF INF INF INF INF INF INF INF INF INF INF INF INF INF INF INF INF INF INF INF INF INF INF INF INF INF INF INF INF INF INF INF INF INF INF INF INF INF INF INF INF INF INF INF INF INF INF INF INF INF INF INF INF INF INF INF INF INF INF INF INF INF INF INF INF INF INF INF INF INF INF INF INF INF INF INF INF INF INF INF INF INF INF INF INF INF INF INF INF INF INF INF INF INF INF INF INF INF INF INF INF INF INF INF INF INF INF INF INF INF INF INF INF INF INF INF INF INF INF INF INF INF INF INF INF 0 2 0 -2 0 1 2 4 0 2 3 4 6 4 2 4 5 6 8 4 6 7 8 10 8 6 8 9 10 12 8 10 11 12 14 12 10 12 13 14 16 12 14 15 16 18 16 14 16 17 18 20 16 18 19 20 22 20 18 20 21 22 24 20 22 23 24 26 24 22 24 25 26 28 24 26 27 28 30 28 26 28 29 30 32 28 30 31 32
INF INF INF INF INF INF INF INF INF INF INF INF INF INF INF INF INF INF INF INF INF INF INF INF INF INF INF INF INF INF INF INF INF INF INF INF INF INF INF INF INF INF INF INF INF INF INF INF INF INF INF INF INF INF INF INF INF INF INF INF INF INF INF INF INF INF INF INF INF INF INF INF INF INF INF INF INF INF INF INF INF INF INF INF INF INF INF INF INF INF INF INF INF INF INF INF INF INF INF INF INF INF INF INF INF INF INF INF INF INF INF INF INF INF INF INF INF INF INF INF INF INF INF INF INF INF INF INF INF INF INF INF INF INF INF INF INF INF INF INF INF INF INF INF INF INF INF INF INF INF INF INF INF INF INF INF INF INF INF INF INF INF INF INF INF INF INF INF INF INF INF INF INF INF INF INF INF INF INF INF INF INF INF INF INF INF INF INF INF INF INF INF INF INF INF INF INF INF INF INF INF INF INF INF INF INF INF INF INF INF INF INF INF INF INF INF INF INF INF INF INF INF INF INF INF INF INF INF INF INF INF INF INF INF INF INF INF INF INF INF INF INF INF INF INF INF INF INF INF INF INF INF INF INF INF INF INF INF INF INF INF INF INF INF INF INF INF INF INF INF INF INF INF INF INF INF INF INF INF INF INF INF INF INF INF INF INF INF INF INF INF INF INF INF INF INF INF INF INF INF INF INF INF INF INF INF INF INF INF INF INF INF INF INF INF INF INF INF INF INF INF INF INF INF INF INF INF INF INF INF INF INF INF INF INF INF INF INF INF INF INF INF INF INF INF INF INF INF INF INF INF INF INF INF INF INF INF INF INF INF INF INF INF INF INF INF INF INF INF INF INF INF INF INF INF INF INF INF INF INF INF INF INF INF INF INF INF INF INF INF INF INF INF INF INF INF INF INF INF INF INF INF INF INF INF INF INF INF INF INF INF INF 0 -2 0 1 2 4 5 2 4 5 6 8 6 4 6 7 8 10 6 8 9 10 12 10 8 10 11 12 14 10 12 13 14 16 14 12 14 15 16 18 14 16 17 18 20 18 16 18 19 20 22 18 20 21 22 24 22 20 22 23 24 26 22 24 25 26 28 26 24 26 27 28 30 26 28 29 30 32 30 28 30 31 32 34 30 32 33 34
INF INF INF INF INF INF INF INF INF INF INF INF INF INF INF INF INF INF INF INF INF INF INF INF INF INF INF INF INF INF INF INF INF INF INF INF INF INF INF INF INF INF INF INF INF INF INF INF INF INF INF INF INF INF INF INF INF INF INF INF INF INF INF INF INF INF INF INF INF INF INF INF INF INF INF INF INF INF INF INF INF INF INF INF INF INF INF INF INF INF INF INF INF INF INF INF INF INF INF INF INF INF INF INF INF INF INF INF INF INF INF INF INF INF INF INF INF INF INF INF INF INF INF INF INF INF INF INF INF INF INF INF INF INF INF INF INF INF INF INF INF INF INF INF INF INF INF INF INF INF INF INF INF INF INF INF INF INF INF INF INF INF INF INF INF INF INF INF INF INF INF INF INF INF INF INF INF INF INF INF INF INF INF INF INF INF INF INF INF INF INF INF INF INF INF INF INF INF INF INF INF INF INF INF INF INF INF INF INF INF INF INF INF INF INF INF INF INF INF INF INF INF INF INF INF INF INF INF INF INF INF INF INF INF INF INF INF INF INF INF INF INF INF INF INF INF INF INF INF INF INF INF INF INF INF INF INF INF INF INF INF INF INF INF INF INF INF INF INF INF INF INF INF INF INF INF INF INF INF INF INF INF INF INF INF INF INF INF INF INF INF INF INF INF INF INF INF INF INF INF INF INF INF INF INF INF INF INF INF INF INF INF INF INF INF INF INF INF INF INF INF INF INF INF INF INF INF INF INF INF INF INF INF INF INF INF INF INF INF INF INF INF INF INF INF INF INF INF INF INF INF INF INF INF INF INF INF INF INF INF INF INF INF INF INF INF INF INF INF INF INF INF INF INF INF INF INF INF INF INF INF INF INF INF INF INF INF INF INF INF INF INF INF INF INF INF INF INF INF INF INF INF INF INF INF INF INF INF INF INF INF INF INF 0 2 3 4 6 7 4 6 7 8 10 8 6 8 9 10 12 8 10 11 12 14 12 10 12 13 14 16 12 14 15 16 18 16 14 16 17 18 20 16 18 19 20 22 20 18 20 21 22 24 20 22 23 24 26 24 22 24 25 26 28 24 26 27 28 30 28 26 28 29 30 32 28 30 31 32 34 32 30 32 33 34 36 32 34 35 36
INF INF INF INF INF INF INF INF INF INF INF INF INF INF INF INF INF INF INF INF INF INF INF INF INF INF INF INF INF INF INF INF INF INF INF INF INF INF INF INF INF INF INF INF INF INF INF INF INF INF INF INF INF INF INF INF INF INF INF INF INF INF INF INF INF INF INF INF INF INF INF INF INF INF INF INF INF INF INF INF INF INF INF INF INF INF INF INF INF INF INF INF INF INF INF INF INF INF INF INF INF INF INF INF INF INF INF INF INF INF INF INF INF INF INF INF INF INF INF INF INF INF INF INF INF INF INF INF INF INF INF INF INF INF INF INF INF INF INF INF INF INF INF INF INF INF INF INF INF INF INF INF INF INF INF INF INF INF INF INF INF INF INF INF INF INF INF INF INF INF INF INF INF INF INF INF INF INF INF INF INF INF INF INF INF INF INF INF INF INF INF INF INF INF INF INF INF INF INF INF INF INF INF INF INF INF INF INF INF INF INF INF INF INF INF INF INF INF INF INF INF INF INF INF INF INF INF INF INF INF INF INF INF INF INF INF INF INF INF INF INF INF INF INF INF INF INF INF INF INF INF INF INF INF INF INF INF INF INF INF INF INF INF INF INF INF INF INF INF INF INF INF INF INF INF INF INF INF INF INF INF INF INF INF INF INF INF INF INF INF INF INF INF INF INF INF INF INF INF INF INF INF INF INF INF INF INF INF INF INF INF INF INF INF INF INF INF INF INF INF INF INF INF INF INF INF INF INF INF INF INF INF INF INF INF INF INF INF INF INF INF INF INF INF INF INF INF INF INF INF INF INF INF INF INF INF INF INF INF INF INF INF INF INF INF INF INF INF INF INF INF INF INF INF INF INF INF INF INF INF INF INF INF INF INF INF INF INF INF INF INF INF INF INF INF INF INF INF INF INF INF INF INF INF INF INF INF INF INF INF INF INF INF INF 0 2 3 4 6 2 4 5 6 8 6 4 6 7 8 10 6 8 9 10 12 10 8 10 11 12 14 10 12 13 14 16 14 12 14 15 16 18 14 16 17 18 20 18 16 18 19 20 22 18 20 21 22 24 22 20 22 23 24 26 22 24 25 26 28 26 24 26 27 28 30 26 28 29 30 32 30 28 30 31 32 34 30 32 33 34
INF INF INF INF INF INF INF INF INF INF INF INF INF INF INF INF INF INF INF INF INF INF INF INF INF INF INF INF INF INF INF INF INF INF INF INF INF INF INF INF INF INF INF INF INF INF INF INF INF INF INF INF INF INF INF INF INF INF INF INF INF INF INF INF INF INF INF INF INF INF INF INF INF INF INF INF INF INF INF INF INF INF INF INF INF INF INF INF INF INF INF INF INF INF INF INF INF INF INF INF INF INF INF INF INF INF INF INF INF INF INF INF INF INF INF INF INF INF INF INF INF INF INF INF INF INF INF INF INF INF INF INF INF INF INF INF INF INF INF INF INF INF INF INF INF INF INF INF INF INF INF INF INF INF INF INF INF INF INF INF INF INF INF INF INF INF INF INF INF INF INF INF INF INF INF INF INF INF INF INF INF INF INF INF INF INF INF INF INF INF INF INF INF INF INF INF INF INF INF INF INF INF INF INF INF INF INF INF INF INF INF INF INF INF INF INF INF INF INF INF INF INF INF INF INF INF INF INF INF INF INF INF INF INF INF INF INF INF INF INF INF INF INF INF INF INF INF INF INF INF INF INF INF INF INF INF INF INF INF INF INF INF INF INF INF INF INF INF INF INF INF INF INF INF INF INF INF INF INF INF INF INF INF INF INF INF INF INF INF INF INF INF INF INF INF INF INF INF INF INF INF INF INF INF INF INF INF INF INF INF INF INF INF INF INF INF INF INF INF INF INF INF INF INF INF INF INF INF INF INF INF INF INF INF INF INF INF INF INF INF INF INF INF INF INF INF INF INF INF INF INF INF INF INF INF INF INF INF INF INF INF INF INF INF INF INF INF INF INF INF INF INF INF INF INF INF INF INF INF INF INF INF INF INF INF INF INF INF INF INF INF INF INF INF INF INF INF INF INF INF INF INF INF INF INF INF INF INF INF INF INF INF INF INF INF 0 2 3 4 1 3 4 5 7 5 3 5 6 7 9 5 7 8 9 11 9 7 9 10 11 13 9 11 12 13 15 13 11 13 14 15 17 13 15 16 17 19 17 15 17 18 19 21 17 19 20 21 23 21 19 21 22 23 25 21 23 24 25 27 25 23 25 26 27 29 25 27 28 29 31 29 27 29 30 31 33 29 31 32 33
INF INF INF INF INF INF INF INF INF INF INF INF INF INF INF INF INF INF INF INF INF INF INF INF INF INF INF INF INF INF INF INF INF INF INF INF INF INF INF INF INF INF INF INF INF INF INF INF INF INF INF INF INF INF INF INF INF INF INF INF INF INF INF INF INF INF INF INF INF INF INF INF INF INF INF INF INF INF INF INF INF INF INF INF INF INF INF INF INF INF INF INF INF INF INF INF INF INF INF INF INF INF INF INF INF INF INF INF INF INF INF INF INF INF INF INF INF INF INF INF INF INF INF INF INF INF INF INF INF INF INF INF INF INF INF INF INF INF INF INF INF INF INF INF INF INF INF INF INF INF INF INF INF INF INF INF INF INF INF INF INF INF INF INF INF INF INF INF INF INF INF INF INF INF INF INF INF INF INF INF INF INF INF INF INF INF INF INF INF INF INF INF INF INF INF INF INF INF INF INF INF INF INF INF INF INF INF INF INF INF INF INF INF INF INF INF INF INF INF INF INF INF INF INF INF INF INF INF INF INF INF INF INF INF INF INF INF INF INF INF INF INF INF INF INF INF INF INF INF INF INF INF INF INF INF INF INF INF INF INF INF INF INF INF INF INF INF INF INF INF INF INF INF INF INF INF INF INF INF INF INF INF INF INF INF INF INF INF INF INF INF INF INF INF INF INF INF INF INF INF INF INF INF INF INF INF INF INF INF INF INF INF INF INF INF INF INF INF INF INF INF INF INF INF INF INF INF INF INF INF INF INF INF INF INF INF INF INF INF INF INF INF INF INF INF INF INF INF INF INF INF INF INF INF INF INF INF INF INF INF INF INF INF INF INF INF INF INF INF INF INF INF INF INF INF INF INF INF INF INF INF INF INF INF INF INF INF INF INF INF INF INF INF INF INF INF INF INF INF INF INF INF INF INF INF INF INF INF INF INF INF INF INF INF INF INF 0 2 3 0 2 3 4 6 4 2 4 5 6 8 4 6 7 8 10 8 6 8 9 10 12 8 10 11 12 14 12 10 12 13 14 16 12 14 15 16 18 16 14 16 17 18 20 16 18 19 20 22 20 18 20 21 22 24 20 22 23 24 26 24 22 24 25 26 28 24 26 27 28 30 28 26 28 29 30 32 28 30 31 32
INF INF INF INF INF INF INF INF INF INF INF INF INF INF INF INF INF INF INF INF INF INF INF INF INF INF INF INF INF INF INF INF INF INF INF INF INF INF INF INF INF INF INF INF INF INF INF INF INF INF INF INF INF INF INF INF INF INF INF INF INF INF INF INF INF INF INF INF INF INF INF INF INF INF INF INF INF INF INF INF INF INF INF INF INF INF INF INF INF INF INF INF INF INF INF INF INF INF INF INF INF INF INF INF INF INF INF INF INF INF INF INF INF INF INF INF INF INF INF INF INF INF INF INF INF INF INF INF INF INF INF INF INF INF INF INF INF INF INF INF INF INF INF INF INF INF INF INF INF INF INF INF INF INF INF INF INF INF INF INF INF INF INF INF INF INF INF INF INF INF INF INF INF INF INF INF INF INF INF INF INF INF INF INF INF INF INF INF INF INF INF INF INF INF INF INF INF INF INF INF INF INF INF INF INF INF INF INF INF INF INF INF INF INF INF INF INF INF INF INF INF INF INF INF INF INF INF INF INF INF INF INF INF INF INF INF INF INF INF INF INF INF INF INF INF INF INF INF INF INF INF INF INF INF INF INF INF INF INF INF INF INF INF INF INF INF INF INF INF INF INF INF INF INF INF INF INF INF INF INF INF INF INF INF INF INF INF INF INF INF INF INF INF INF INF INF INF INF INF INF INF INF INF INF INF INF INF INF INF INF INF INF INF INF INF INF INF INF INF INF INF INF INF INF INF INF INF INF INF INF INF INF INF INF INF INF INF INF INF INF INF INF INF INF INF INF INF INF INF INF INF INF INF INF INF INF INF INF INF INF INF INF INF INF INF INF INF INF INF INF INF INF INF INF INF INF INF INF INF INF INF INF INF INF INF INF INF INF INF INF INF INF INF INF INF INF INF INF INF INF INF INF INF INF INF INF INF INF INF INF INF INF INF INF INF INF INF 0 2 -2 0 1 2 4 2 0 2 3 4 6 2 4 5 6 8 6 4 6 7 8 10 6 8 9 10 12 10 8 10 11 12 14 10 12 13 14 16 14 12 14 15 16 18 14 16 17 18 20 18 16 18 19 20 22 18 20 21 22 24 22 20 22 23 24 26 22 24 25 26 28 26 24 26 27 28 30 26 28 29 30
INF INF INF INF INF INF INF INF INF INF INF INF INF INF INF INF INF INF INF INF INF INF INF INF INF INF INF INF INF INF INF INF INF INF INF INF INF INF INF INF INF INF INF INF INF INF INF INF INF INF INF INF INF INF INF INF INF INF INF INF INF INF INF INF INF INF INF INF INF INF INF INF INF INF INF INF INF INF INF INF INF INF INF INF INF INF INF INF INF INF INF INF INF INF INF INF INF INF INF INF INF INF INF INF INF INF INF INF INF INF INF INF INF INF INF INF INF INF INF INF INF INF INF INF INF INF INF INF INF INF INF INF INF INF INF INF INF INF INF INF INF INF INF INF INF INF INF INF INF INF INF INF INF INF INF INF INF INF INF INF INF INF INF INF INF INF INF INF INF INF INF INF INF INF INF INF INF INF INF INF INF INF INF INF INF INF INF INF INF INF INF INF INF INF INF INF INF INF INF INF INF INF INF INF INF INF INF INF INF INF INF INF INF INF INF INF INF INF INF INF INF INF INF INF INF INF INF INF INF INF INF INF INF INF INF INF INF INF INF INF INF INF INF INF INF INF INF INF INF INF INF INF INF INF INF INF INF INF INF INF INF INF INF INF INF INF INF INF INF INF INF INF INF INF INF INF INF INF INF INF INF INF INF INF INF INF INF INF INF INF INF INF INF INF INF INF INF INF INF INF INF INF INF INF INF INF INF INF INF INF INF INF INF INF INF INF INF INF INF INF INF INF INF INF INF INF INF INF INF INF INF INF INF INF INF INF INF INF INF INF INF INF INF INF INF INF INF INF INF INF INF INF INF INF INF INF INF INF INF INF INF INF INF INF INF INF INF INF INF INF INF INF INF INF INF INF INF INF INF INF INF INF INF INF INF INF INF INF INF INF INF INF INF INF INF INF INF INF INF INF INF INF INF INF INF INF INF INF INF INF INF INF INF INF INF INF INF INF 0 2 3 4 6 7 5 4 6 7 8 10 6 8 9 10 12 10 8 10 11 12 14 10 12 13 14 16 14 12 14 15 16 18 14 16 17 18 20 18 16 18 19 20 22 18 20 21 22 24 22 20 22 23 24 26 22 24 25 26 28 26 24 26 27 28 30 26 28 29 30 32 30 28 30 31 32 34 30 32 33 34
INF INF INF INF INF INF INF INF INF INF INF INF INF INF INF INF INF INF INF INF INF INF INF INF INF INF INF INF INF INF INF INF INF INF INF INF INF INF INF INF INF INF INF INF INF INF INF INF INF INF INF INF INF INF INF INF INF INF INF INF INF INF INF INF INF INF INF INF INF INF INF INF INF INF INF INF INF INF INF INF INF INF INF INF INF INF INF INF INF INF INF INF INF INF INF INF INF INF INF INF INF INF INF INF INF INF INF INF INF INF INF INF INF INF INF INF INF INF INF INF INF INF INF INF INF INF INF INF INF INF INF INF INF INF INF INF INF INF INF INF INF INF INF INF INF INF INF INF INF INF INF INF INF INF INF INF INF INF INF INF INF INF INF INF INF INF INF INF INF INF INF INF INF INF INF INF INF INF INF INF INF INF INF INF INF INF INF INF INF INF INF INF INF INF INF INF INF INF INF INF INF INF INF INF INF INF INF INF INF INF INF INF INF INF INF INF INF INF INF INF INF INF INF INF INF INF INF INF INF INF INF INF INF INF INF INF INF INF INF INF INF INF INF INF INF INF INF INF INF INF INF INF INF INF INF INF INF INF INF INF INF INF INF INF INF INF INF INF INF INF INF INF INF INF INF INF INF INF INF INF INF INF INF INF INF INF INF INF INF INF INF INF INF INF INF INF INF INF INF INF INF INF INF INF INF INF INF INF INF INF INF INF INF INF INF INF INF INF INF INF INF INF INF INF INF INF INF INF INF INF INF INF INF INF INF INF INF INF INF INF INF INF INF INF INF INF INF INF INF INF INF INF INF INF INF INF INF INF INF INF INF INF INF INF INF INF INF INF INF INF INF INF INF INF INF INF INF INF INF INF INF INF INF INF INF INF INF INF INF INF INF INF INF INF INF INF INF INF INF INF INF INF INF INF INF INF INF INF INF INF INF INF INF INF INF INF INF INF INF 0 2 3 4 6 4 2 4 5 6 8 4 6 7 8 10 8 6 8 9 10 12 8 10 11 12 14 12 10 12 13 14 16 12 14 15 16 18 16 14 16 17 18 20 16 18 19 20 22 20 18 20 21 22 24 20 22 23 24 26 24 22 24 25 26 28 24 26 27 28 30 28 26 28 29 30 32 28 30 31 32
INF INF INF INF INF INF INF INF INF INF INF INF INF INF INF INF INF INF INF INF INF INF INF INF INF INF INF INF INF INF INF INF INF INF INF INF INF INF INF INF INF INF INF INF INF INF INF INF INF INF INF INF INF INF INF INF INF INF INF INF INF INF INF INF INF INF INF INF INF INF INF INF INF INF INF INF INF INF INF INF INF INF INF INF INF INF INF INF INF INF INF INF INF INF INF INF INF INF INF INF INF INF INF INF INF INF INF INF INF INF INF INF INF INF INF INF INF INF INF INF INF INF INF INF INF INF INF INF INF INF INF INF INF INF INF INF INF INF INF INF INF INF INF INF INF INF INF INF INF INF INF INF INF INF INF INF INF INF INF INF INF INF INF INF INF INF INF INF INF INF INF INF INF INF INF INF INF INF INF INF INF INF INF INF INF INF INF INF INF INF INF INF INF INF INF INF INF INF INF INF INF INF INF INF INF INF INF INF INF INF INF INF INF INF INF INF INF INF INF INF INF INF INF INF INF INF INF INF INF INF INF INF INF INF INF INF INF INF INF INF INF INF INF INF INF INF INF INF INF INF INF INF INF INF INF INF INF INF INF INF INF INF INF INF INF INF INF INF INF INF INF INF INF INF INF INF INF INF INF INF INF INF INF INF INF INF INF INF INF INF INF INF INF INF INF INF INF INF INF INF INF INF INF INF INF INF INF INF INF INF INF INF INF INF INF INF INF INF INF INF INF INF INF INF INF INF INF INF INF INF INF INF INF INF INF INF INF INF INF INF INF INF INF INF INF INF INF INF INF INF INF INF INF INF INF INF INF INF INF INF INF INF INF INF INF INF INF INF INF INF INF INF INF INF INF INF INF INF INF INF INF INF INF INF INF INF INF INF INF INF INF INF INF INF INF INF INF INF INF INF INF INF INF INF INF INF INF INF INF INF INF INF INF INF INF INF INF INF INF INF 0 2 3 4 2 1 3 4 5 7 3 5 6 7 9 7 5 7 8 9 11 7 9 10 11 13 11 9 11 12 13 15 11 13 14 15 17 15 13 15 16 17 19 15 17 18 19 21 19 17 19 20 21 23 19 21 22 23 25 23 21 23 24 25 27 23 25 26 27 29 27 25 27 28 29 31 27 29 30 31
INF INF INF INF INF INF INF INF INF INF INF INF INF INF INF INF INF INF INF INF INF INF INF INF INF INF INF INF INF INF INF INF INF INF INF INF INF INF INF INF INF INF INF INF INF INF INF INF INF INF INF INF INF INF INF INF INF INF INF INF INF INF INF INF INF INF INF INF INF INF INF INF INF INF INF INF INF INF INF INF INF INF INF INF INF INF INF INF INF INF INF INF INF INF INF INF INF INF INF INF INF INF INF INF INF INF INF INF INF INF INF INF INF INF INF INF INF INF INF INF INF INF INF INF INF INF INF INF INF INF INF INF INF INF INF INF INF INF INF INF INF INF INF INF INF INF INF INF INF INF INF INF INF INF INF INF INF INF INF INF INF INF INF INF INF INF INF INF INF INF INF INF INF INF INF INF INF INF INF INF INF INF INF INF INF INF INF INF INF INF INF INF INF INF INF INF INF INF INF INF INF INF INF INF INF INF INF INF INF INF INF INF INF INF INF INF INF INF INF INF INF INF INF INF INF INF INF INF INF INF INF INF INF INF INF INF INF INF INF INF INF INF INF INF INF INF INF INF INF INF INF INF INF INF INF INF INF INF INF INF INF INF INF INF INF INF INF INF INF INF INF INF INF INF INF INF INF INF INF INF INF INF INF INF INF INF INF INF INF INF INF INF INF INF INF INF INF INF INF INF INF INF INF INF INF INF INF INF INF INF INF INF INF INF INF INF INF INF INF INF INF INF INF INF INF INF INF INF INF INF INF INF INF INF INF INF INF INF INF INF INF INF INF INF INF INF INF INF INF INF INF INF INF INF INF INF INF INF INF INF INF INF INF INF INF INF INF INF INF INF INF INF INF INF INF INF INF INF INF INF INF INF INF INF INF INF INF INF INF INF INF INF INF INF INF INF INF INF INF INF INF INF INF INF INF INF INF INF INF INF INF INF INF INF INF INF INF INF INF INF INF 0 2 3 1 0 2 3 4 6 2 4 5 6 8 6 4 6 7 8 10 6 8 9 10 12 10 8 10 11 12 14 10 12 13 14 16 14 12 14 15 16 18 14 16 17 18 20 18 16 18 19 20 22 18 20 21 22 24 22 20 22 23 24 26 22 24 25 26 28 26 24 26 27 28 30 26 28 29 30
INF INF INF INF INF INF INF INF INF INF INF INF INF INF INF INF INF INF INF INF INF INF INF INF INF INF INF INF INF INF INF INF INF INF INF INF INF INF INF INF INF INF INF INF INF INF INF INF INF INF INF INF INF INF INF INF INF INF INF INF INF INF INF INF INF INF INF INF INF INF INF INF INF INF INF INF INF INF INF INF INF INF INF INF INF INF INF INF INF INF INF INF INF INF INF INF INF INF INF INF INF INF INF INF INF INF INF INF INF INF INF INF INF INF INF INF INF INF INF INF INF INF INF INF INF INF INF INF INF INF INF INF INF INF INF INF INF INF INF INF INF INF INF INF INF INF INF INF INF INF INF INF INF INF INF INF INF INF INF INF INF INF INF INF INF INF INF INF INF INF INF INF INF INF INF INF INF INF INF INF INF INF INF INF INF INF INF INF INF INF INF INF INF INF INF INF INF INF INF INF INF INF INF INF INF INF INF INF INF INF INF INF INF INF INF INF INF INF INF INF INF INF INF INF INF INF INF INF INF INF INF INF INF INF INF INF INF INF INF INF INF INF INF INF INF INF INF INF INF INF INF INF INF INF INF INF INF INF INF INF INF INF INF INF INF INF INF INF INF INF INF INF INF INF INF INF INF INF INF INF INF INF INF INF INF INF INF INF INF INF INF INF INF INF INF INF INF INF INF INF INF INF INF INF INF INF INF INF INF INF INF INF INF INF INF INF INF INF INF INF INF INF INF INF INF INF INF INF INF INF INF INF INF INF INF INF INF INF INF INF INF INF INF INF INF INF INF INF INF INF INF INF INF INF INF INF INF INF INF INF INF INF INF INF INF INF INF INF INF INF INF INF INF INF INF INF INF INF INF INF INF INF INF INF INF INF INF INF INF INF INF INF INF INF INF INF INF INF INF INF INF INF INF INF INF INF INF INF INF INF INF INF INF INF INF INF INF INF INF INF INF INF 0 2 0 -2 0 1 2 4 0 2 3 4 6 4 2 4 5 6 8 4 6 7 8 10 8 6 8 9 10 12 8 10 11 12 14 12 10 12 13 14 16 12 14 15 16 18 16 14 16 17 18 20 16 18 19 20 22 20 18 20 21 22 24 20 22 23 24 26 24 22 24 25 26 28 24 26 27 28
INF INF INF INF INF INF INF INF INF INF INF INF INF INF INF INF INF INF INF INF INF INF INF INF INF INF INF INF INF INF INF INF INF INF INF INF INF INF INF INF INF INF INF INF INF INF INF INF INF INF INF INF INF INF INF INF INF INF INF INF INF INF INF INF INF INF INF INF INF INF INF INF INF INF INF INF INF INF INF INF INF INF INF INF INF INF INF INF INF INF INF INF INF INF INF INF INF INF INF INF INF INF INF INF INF INF INF INF INF INF INF INF INF INF INF INF INF INF INF INF INF INF INF INF INF INF INF INF INF INF INF INF INF INF INF INF INF INF INF INF INF INF INF INF INF INF INF INF INF INF INF INF INF INF INF INF INF INF INF INF INF INF INF INF INF INF INF INF INF INF INF INF INF INF INF INF INF INF INF INF INF INF INF INF INF INF INF INF INF INF INF INF INF INF INF INF INF INF INF INF INF INF INF INF INF INF INF INF INF INF INF INF INF INF INF INF INF INF INF INF INF INF INF INF INF INF INF INF INF INF INF INF INF INF INF INF INF INF INF INF INF INF INF INF INF INF INF INF INF INF INF INF INF INF INF INF INF INF INF INF INF INF INF INF INF INF INF INF INF INF INF INF INF INF INF INF INF INF INF INF INF INF INF INF INF INF INF INF INF INF INF INF INF INF INF INF INF INF INF INF INF INF INF INF INF INF INF INF INF INF INF INF INF INF INF INF INF INF INF INF INF INF INF INF INF INF INF INF INF INF INF INF INF INF INF INF INF INF INF INF INF INF INF INF INF INF INF INF INF INF INF INF INF INF INF INF INF INF INF INF INF INF INF INF INF INF INF INF INF INF INF INF INF INF INF INF INF INF INF INF INF INF INF INF INF INF INF INF INF INF INF INF INF INF INF INF INF INF INF INF INF INF INF INF INF INF INF INF INF INF INF INF INF INF INF INF INF INF INF INF INF INF INF 0 -2 0 1 2 4 5 2 4 5 6 8 6 4 6 7 8 10 6 8 9 10 12 10 8 10 11 12 14 10 12 13 14 16 14 12 14 15 16 18 14 16 17 18 20 18 16 18 19 20 22 18 20 21 22 24 22 20 22 23 24 26 22 24 25 26 28 26 24 26 27 28 30 26 28 29 30
INF INF INF INF INF INF INF INF INF INF INF INF INF INF INF INF INF INF INF INF INF INF INF INF INF INF INF INF INF INF INF INF INF INF INF INF INF INF INF INF INF INF INF INF INF INF INF INF INF INF INF INF INF INF INF INF INF INF INF INF INF INF INF INF INF INF INF INF INF INF INF INF INF INF INF INF INF INF INF INF INF INF INF INF INF INF INF INF INF INF INF INF INF INF INF INF INF INF INF INF INF INF INF INF INF INF INF INF INF INF INF INF INF INF INF INF INF INF INF INF INF INF INF INF INF INF INF INF INF INF INF INF INF INF INF INF INF INF INF INF INF INF INF INF INF INF INF INF INF INF INF INF INF INF INF INF INF INF INF INF INF INF INF INF INF INF INF INF INF INF INF INF INF INF INF INF INF INF INF INF INF INF INF INF INF INF INF INF INF INF INF INF INF INF INF INF INF INF INF INF INF INF INF INF INF INF INF INF INF INF INF INF INF INF INF INF INF INF INF INF INF INF INF INF INF INF INF INF INF INF INF INF INF INF INF INF INF INF INF INF INF INF INF INF INF INF INF INF INF INF INF INF INF INF INF INF INF INF INF INF INF INF INF INF INF INF INF INF INF INF INF INF INF INF INF INF INF INF INF INF INF INF INF INF INF INF INF INF INF INF INF INF INF INF INF INF INF INF INF INF INF INF INF INF INF INF INF INF INF INF INF INF INF INF INF INF INF INF INF INF INF INF INF INF INF INF INF INF INF INF INF INF INF INF INF INF INF INF INF INF INF INF INF INF INF INF INF INF INF INF INF INF INF INF INF INF INF INF INF INF INF INF INF INF INF INF INF INF INF INF INF INF INF INF INF INF INF INF INF INF INF INF INF INF INF INF INF INF INF INF INF INF INF INF INF INF INF INF INF INF INF INF INF INF INF INF INF INF INF INF INF INF INF INF INF INF INF INF INF INF INF INF INF INF 0 2 3 4 6 7 4 6 7 8 10 8 6 8 9 10 12 8 10 11 12 14 12 10 12 13 14 16 12 14 15 16 18 16 14 16 17 18 20 16 18 19 20 22 20 18 20 21 22 24 20 22 23 24 26 24 22 24 25 26 28 24 26 27 28 30 28 26 28 29 30 32 28 30 31 32
INF INF INF INF INF INF INF INF INF INF INF INF INF INF INF INF INF INF INF INF INF INF INF INF INF INF INF INF INF INF INF INF INF INF INF INF INF INF INF INF INF INF INF INF INF INF INF INF INF INF INF INF INF INF INF INF INF INF INF INF INF INF INF INF INF INF INF INF INF INF INF INF INF INF INF INF INF INF INF INF INF INF INF INF INF INF INF INF INF INF INF INF INF INF INF INF INF INF INF INF INF INF INF INF INF INF INF INF INF INF INF INF INF INF INF INF INF INF INF INF INF INF INF INF INF INF INF INF INF INF INF INF INF INF INF INF INF INF INF INF INF INF INF INF INF INF INF INF INF INF INF INF INF INF INF INF INF INF INF INF INF INF INF INF INF INF INF INF INF INF INF INF INF INF INF INF INF INF INF INF INF INF INF INF INF INF INF INF INF INF INF INF INF INF INF INF INF INF INF INF INF INF INF INF INF INF INF INF INF INF INF INF INF INF INF INF INF INF INF INF INF INF INF INF INF INF INF INF INF INF INF INF INF INF INF INF INF INF INF INF INF INF INF INF INF INF INF INF INF INF INF INF INF INF INF INF INF INF INF INF INF INF INF INF INF INF INF INF INF INF INF INF INF INF INF INF INF INF INF INF INF INF INF INF INF INF INF INF INF INF INF INF INF INF INF INF INF INF INF INF INF INF INF INF INF INF INF INF INF INF INF INF INF INF INF INF INF INF INF INF INF INF INF INF INF INF INF INF INF INF INF INF INF INF INF INF INF INF INF INF INF INF INF INF INF INF INF INF INF INF INF INF INF INF INF INF INF INF INF INF INF INF INF INF INF INF INF INF INF INF INF INF INF INF INF INF INF INF INF INF INF INF INF INF INF INF INF INF INF INF INF INF INF INF INF INF INF INF INF INF INF INF INF INF INF INF INF INF INF INF INF INF INF INF INF INF INF INF INF INF INF INF INF INF INF 0 2 3 4 6 2 4 5 6 8 6 4 6 7 8 10 6 8 9 10 12 10 8 10 11 12 14 10 12 13 14 16 14 12 14 15 16 18 14 16 17 18 20 18 16 18 19 20 22 18 20 21 22 24 22 20 22 23 24 26 22 24 25 26 28 26 24 26 27 28 30 26 28 29 30
INF INF INF INF INF INF INF INF INF INF INF INF INF INF INF INF INF INF INF INF INF INF INF INF INF INF INF INF INF INF INF INF INF INF INF INF INF INF INF INF INF INF INF INF INF INF INF INF INF INF INF INF INF INF INF INF INF INF INF INF INF INF INF INF INF INF INF INF INF INF INF INF INF INF INF INF INF INF INF INF INF INF INF INF INF INF INF INF INF INF INF INF INF INF INF INF INF INF INF INF INF INF INF INF INF INF INF INF INF INF INF INF INF INF INF INF INF INF INF INF INF INF INF INF INF INF INF INF INF INF INF INF INF INF INF INF INF INF INF INF INF INF INF INF INF INF INF INF INF INF INF INF INF INF INF INF INF INF INF INF INF INF INF INF INF INF INF INF INF INF INF INF INF INF INF INF INF INF INF INF INF INF INF INF INF INF INF INF INF INF INF INF INF INF INF INF INF INF INF INF INF INF INF INF INF INF INF INF INF INF INF INF INF INF INF INF INF INF INF INF INF INF INF INF INF INF INF INF INF INF INF INF INF INF INF INF INF INF INF INF INF INF INF INF INF INF INF INF INF INF INF INF INF INF INF INF INF INF INF INF INF INF INF INF INF INF INF INF INF INF INF INF INF INF INF INF INF INF INF INF INF INF INF INF INF INF INF INF INF INF INF INF INF INF INF INF INF INF INF INF INF INF INF INF INF INF INF INF INF INF INF INF INF INF INF INF INF INF INF INF INF INF INF INF INF INF INF INF INF INF INF INF INF INF INF INF INF INF INF INF INF INF INF INF INF INF INF INF INF INF INF INF INF INF INF INF INF INF INF INF INF INF INF INF INF INF INF INF INF INF INF INF INF INF INF INF INF INF INF INF INF INF INF INF INF INF INF INF INF INF INF INF INF INF INF INF INF INF INF INF INF INF INF INF INF INF INF INF INF INF INF INF INF INF INF INF INF INF INF INF INF INF INF INF INF INF 0 2 3 4 1 3 4 5 7 5 3 5 6 7 9 5 7 8 9 11 9 7 9 10 11 13 9 11 12 13 15 13 11 13 14 15 17 13 15 16 17 19 17 15 17 18 19 21 17 19 20 21 23 21 19 21 22 23 25 21 23 24 25 27 25 23 25 26 27 29 25 27 28 29
INF INF INF INF INF INF INF INF INF INF INF INF INF INF INF INF INF INF INF INF INF INF INF INF INF INF INF INF INF INF INF INF INF INF INF INF INF INF INF INF INF INF INF INF INF INF INF INF INF INF INF INF INF INF INF INF INF INF INF INF INF INF INF INF INF INF INF INF INF INF INF INF INF INF INF INF INF INF INF INF INF INF INF INF INF INF INF INF INF INF INF INF INF INF INF INF INF INF INF INF INF INF INF INF INF INF INF INF INF INF INF INF INF INF INF INF INF INF INF INF INF INF INF INF INF INF INF INF INF INF INF INF INF INF INF INF INF INF INF INF INF INF INF INF INF INF INF INF INF INF INF INF INF INF INF INF INF INF INF INF INF INF INF INF INF INF INF INF INF INF INF INF INF INF INF INF INF INF INF INF INF INF INF INF INF INF INF INF INF INF INF INF INF INF INF INF INF INF INF INF INF INF INF INF INF INF INF INF INF INF INF INF INF INF INF INF INF INF INF INF INF INF INF INF INF INF INF INF INF INF INF INF INF INF INF INF INF INF INF INF INF INF INF INF INF INF INF INF INF INF INF INF INF INF INF INF INF INF INF INF INF INF INF INF INF INF INF INF INF INF INF INF INF INF INF INF INF INF INF INF INF INF INF INF INF INF INF INF INF INF INF INF INF INF INF INF INF INF INF INF INF INF INF INF INF INF INF INF INF INF INF INF INF INF INF INF INF INF INF INF INF INF INF INF INF INF INF INF INF INF INF INF INF INF INF INF INF INF INF INF INF INF INF INF INF INF INF INF INF INF INF INF INF INF INF INF INF INF INF INF INF INF INF INF INF INF INF INF INF INF INF INF INF INF INF INF INF INF INF INF INF INF INF INF INF INF INF INF INF INF INF INF INF INF INF INF INF INF INF INF INF INF INF INF INF INF INF INF INF INF INF INF INF INF INF INF INF INF INF INF INF INF INF INF INF INF INF 0 2 3 0 2 3 4 6 4 2 4 5 6 8 4 6 7 8 10 8 6 8 9 10 12 8 10 11 12 14 12 10 12 13 14 16 12 14 15 16 18 16 14 16 17 18 20 16 18 19 20 22 20 18 20 21 22 24 20 22 23 24 26 24 22 24 25 26 28 24 26 27 28
INF INF INF INF INF INF INF INF INF INF INF INF INF INF INF INF INF INF INF INF INF INF INF INF INF INF INF INF INF INF INF INF INF INF INF INF INF INF INF INF INF INF INF INF INF INF INF INF INF INF INF INF INF INF INF INF INF INF INF INF INF INF INF INF INF INF INF INF INF INF INF INF INF INF INF INF INF INF INF INF INF INF INF INF INF INF INF INF INF INF INF INF INF INF INF INF INF INF INF INF INF INF INF INF INF INF INF INF INF INF INF INF INF INF INF INF INF INF INF INF INF INF INF INF INF INF INF INF INF INF INF INF INF INF INF INF INF INF INF INF INF INF INF INF INF INF INF INF INF INF INF INF INF INF INF INF INF INF INF INF INF INF INF INF INF INF INF INF INF INF INF INF INF INF INF INF INF INF INF INF INF INF INF INF INF INF INF INF INF INF INF INF INF INF INF INF INF INF INF INF INF INF INF INF INF INF INF INF INF INF INF INF INF INF INF INF INF INF INF INF INF INF INF INF INF INF INF INF INF INF INF INF INF INF INF INF INF INF INF INF INF INF INF INF INF INF INF INF INF INF INF INF INF INF INF INF INF INF INF INF INF INF INF INF INF INF INF INF INF INF INF INF INF INF INF INF INF INF INF INF INF INF INF INF INF INF INF INF INF INF INF INF INF INF INF INF INF INF INF INF INF INF INF INF INF INF INF INF INF INF INF INF INF INF INF INF INF INF INF INF INF INF INF INF INF INF INF INF INF INF INF INF INF INF INF INF INF INF INF INF INF INF INF INF INF INF INF INF INF INF INF INF INF INF INF INF INF INF INF INF INF INF INF INF INF INF INF INF INF INF INF INF INF INF INF INF INF INF INF INF INF INF INF INF INF INF INF INF INF INF INF INF INF INF INF INF INF INF INF INF INF INF INF INF INF INF INF INF INF INF INF INF INF INF INF INF INF INF INF INF INF INF INF INF INF INF INF INF 0 2 -2 0 1 2 4 2 0 2 3 4 6 2 4 5 6 8 6 4 6 7 8 10 6 8 9 10 12 10 8 10 11 12 14 10 12 13 14 16 14 12 14 15 16 18 14 16 17 18 20 18 16 18 19 20 22 18 20 21 22 24 22 20 22 23 24 26 22 24 25 26
INF INF INF INF INF INF INF INF INF INF INF INF INF INF INF INF INF INF INF INF INF INF INF INF INF INF INF INF INF INF INF INF INF INF INF INF INF INF INF INF INF INF INF INF INF INF INF INF INF INF INF INF INF INF INF INF INF INF INF INF INF INF INF INF INF INF INF INF INF INF INF INF INF INF INF INF INF INF INF INF INF INF INF INF INF INF INF INF INF INF INF INF INF INF INF INF INF INF INF INF INF INF INF INF INF INF INF INF INF INF INF INF INF INF INF INF INF INF INF INF INF INF INF INF INF INF INF INF INF INF INF INF INF INF INF INF INF INF INF INF INF INF INF INF INF INF INF INF INF INF INF INF INF INF INF INF INF INF INF INF INF INF INF INF INF INF INF INF INF INF INF INF INF INF INF INF INF INF INF INF INF INF INF INF INF INF INF INF INF INF INF INF INF INF INF INF INF INF INF INF INF INF INF INF INF INF INF INF INF INF INF INF INF INF INF INF INF INF INF INF INF INF INF INF INF INF INF INF INF INF INF INF INF INF INF INF INF INF INF INF INF INF INF INF INF INF INF INF INF INF INF INF INF INF INF INF INF INF INF INF INF INF INF INF INF INF INF INF INF INF INF INF INF INF INF INF INF INF INF INF INF INF INF INF INF INF INF INF INF INF INF INF INF INF INF INF INF INF INF INF INF INF INF INF INF INF INF INF INF INF INF INF INF INF INF INF INF INF INF INF INF INF INF INF INF INF INF INF INF INF INF INF INF INF INF INF INF INF INF INF INF INF INF INF INF INF INF INF INF INF INF INF INF INF INF INF INF INF INF INF INF INF INF INF INF INF INF INF INF INF INF INF INF INF INF INF INF INF INF INF INF INF INF INF INF INF INF INF INF INF INF INF INF INF INF INF INF INF INF INF INF INF INF INF INF INF INF INF INF INF INF INF INF INF INF INF INF INF INF INF INF INF INF INF INF INF INF INF INF 0 2 3 4 6 7 5 4 6 7 8 10 6 8 9 10 12 10 8 10 11 12 14 10 12 13 14 16 14 12 14 15 16 18 14 16 17 18 20 18 16 18 19 20 22 18 20 21 22 24 22 20 22 23 24 26 22 24 25 26 28 26 24 26 27 28 30 26 28 29 30
INF INF INF INF INF INF INF INF INF INF INF INF INF INF INF INF INF INF INF INF INF INF INF INF INF INF INF INF INF INF INF INF INF INF INF INF INF INF INF INF INF INF INF INF INF INF INF INF INF INF INF INF INF INF INF INF INF INF INF INF INF INF INF INF INF INF INF INF INF INF INF INF INF INF INF INF INF INF INF INF INF INF INF INF INF INF INF INF INF INF INF INF INF INF INF INF INF INF INF INF INF INF INF INF INF INF INF INF INF INF INF INF INF INF INF INF INF INF INF INF INF INF INF INF INF INF INF INF INF INF INF INF INF INF INF INF INF INF INF INF INF INF INF INF INF INF INF INF INF INF INF INF INF INF INF INF INF INF INF INF INF INF INF INF INF INF INF INF INF INF INF INF INF INF INF INF INF INF INF INF INF INF INF INF INF INF INF INF INF INF INF INF INF INF INF INF INF INF INF INF INF INF INF INF INF INF INF INF INF INF INF INF INF INF INF INF INF INF INF INF INF INF INF INF INF INF INF INF INF INF INF INF INF INF INF INF INF INF INF INF INF INF INF INF INF INF INF INF INF INF INF INF INF INF INF INF INF INF INF INF INF INF INF INF INF INF INF INF INF INF INF INF INF INF INF INF INF INF INF INF INF INF INF INF INF INF INF INF INF INF INF INF INF INF INF INF INF INF INF INF INF INF INF INF INF INF INF INF INF INF INF INF INF INF INF INF INF INF INF INF INF INF INF INF INF INF INF INF INF INF INF INF INF INF INF INF INF INF INF INF INF INF INF INF INF INF INF INF INF INF INF INF INF INF INF INF INF INF INF INF INF INF INF INF INF INF INF INF INF INF INF INF INF INF INF INF INF INF INF INF INF INF INF INF INF INF INF INF INF INF INF INF INF INF INF INF INF INF INF INF INF INF INF INF INF INF INF INF INF INF INF INF INF INF INF INF INF INF INF INF INF INF INF INF INF INF INF INF INF INF 0 2 3 4 6 4 2 4 5 6 8 4 6 7 8 10 8 6 8 9 10 12 8 10 11 12 14 12 10 12 13 14 16 12 14 15 16 18 16 14 16 17 18 20 16 18 19 20 22 20 18 20 21 22 24 20 22 23 24 26 24 22 24 25 26 28 24 26 27 28
INF INF INF INF INF INF INF INF INF INF INF INF INF INF INF INF INF INF INF INF INF INF INF INF INF INF INF INF INF INF INF INF INF INF INF INF INF INF INF INF INF INF INF INF INF INF INF INF INF INF INF INF INF INF INF INF INF INF INF INF INF INF INF INF INF INF INF INF INF INF INF INF INF INF INF INF INF INF INF INF INF INF INF INF INF INF INF INF INF INF INF INF INF INF INF INF INF INF INF INF INF INF INF INF INF INF INF INF INF INF INF INF INF INF INF INF INF INF INF INF INF INF INF INF INF INF INF INF INF INF INF INF INF INF INF INF INF INF INF INF INF INF INF INF INF INF INF INF INF INF INF INF INF INF INF INF INF INF INF INF INF INF INF INF INF INF INF INF INF INF INF INF INF INF INF INF INF INF INF INF INF INF INF INF INF INF INF INF INF INF INF INF INF INF INF INF INF INF INF INF INF INF INF INF INF INF INF INF INF INF INF INF INF INF INF INF INF INF INF INF INF INF INF INF INF INF INF INF INF INF INF INF INF INF INF INF INF INF INF INF INF INF INF INF INF INF INF INF INF INF INF INF INF INF INF INF INF INF INF INF INF INF INF INF INF INF INF INF INF INF INF INF INF INF INF INF INF INF INF INF INF INF INF INF INF INF INF INF INF INF INF INF INF INF INF INF INF INF INF INF INF INF INF INF INF INF INF INF INF INF INF INF INF INF INF INF INF INF INF INF INF INF INF INF INF INF INF INF INF INF INF INF INF INF INF INF INF INF INF INF INF INF INF INF INF INF INF INF INF INF INF INF INF INF INF INF INF INF INF INF INF INF INF INF INF INF INF INF INF INF INF INF INF INF INF INF INF INF INF INF INF INF INF INF INF INF INF INF INF INF INF INF INF INF INF INF INF INF INF INF INF INF INF INF INF INF INF INF INF INF INF INF INF INF INF INF INF INF INF INF INF INF INF INF INF INF INF INF INF INF INF 0 2 3 4 2 1 3 4 5 7 3 5 6 7 9 7 5 7 8 9 11 7 9 10 11 13 11 9 11 12 13 15 11 13 14 15 17 15 13 15 16 17 19 15 17 18 19 21 19 17 19 20 21 23 19 21 22 23 25 23 21 23 24 25 27 23 25 26 27
INF INF INF INF INF INF INF INF INF INF INF INF INF INF INF INF INF INF INF INF INF INF INF INF INF INF INF INF INF INF INF INF INF INF INF INF INF INF INF INF INF INF INF INF INF INF INF INF INF INF INF INF INF INF INF INF INF INF INF INF INF INF INF INF INF INF INF INF INF INF INF INF INF INF INF INF INF INF INF INF INF INF INF INF INF INF INF INF INF INF INF INF INF INF INF INF INF INF INF INF INF INF INF INF INF INF INF INF INF INF INF INF INF INF INF INF INF INF INF INF INF INF INF INF INF INF INF INF INF INF INF INF INF INF INF INF INF INF INF INF INF INF INF INF INF INF INF INF INF INF INF INF INF INF INF INF INF INF INF INF INF INF INF INF INF INF INF INF INF INF INF INF INF INF INF INF INF INF INF INF INF INF INF INF INF INF INF INF INF INF INF INF INF INF INF INF INF INF INF INF INF INF INF INF INF INF INF INF INF INF INF INF INF INF INF INF INF INF INF INF INF INF INF INF INF INF INF INF INF INF INF INF INF INF INF INF INF INF INF INF INF INF INF INF INF INF INF INF INF INF INF INF INF INF INF INF INF INF INF INF INF INF INF INF INF INF INF INF INF INF INF INF INF INF INF INF INF INF INF INF INF INF INF INF INF INF INF INF INF INF INF INF INF INF INF INF INF INF INF INF INF INF INF INF INF INF INF INF INF INF INF INF INF INF INF INF INF INF INF INF INF INF INF INF INF INF INF INF INF INF INF INF INF INF INF INF INF INF INF INF INF INF INF INF INF INF INF INF INF INF INF INF INF INF INF INF INF INF INF INF INF INF INF INF INF INF INF INF INF INF INF INF INF INF INF INF INF INF INF INF INF INF INF INF INF INF INF INF INF INF INF INF INF INF INF INF INF INF INF INF INF INF INF INF INF INF INF INF INF INF INF INF INF INF INF INF INF INF INF INF INF INF INF INF INF INF INF INF INF INF INF INF 0 2 3 1 0 2 3 4 6 2 4 5 6 8 6 4 6 7 8 10 6 8 9 10 12 10 8 10 11 12 14 10 12 13 14 16 14 12 14 15 16 18 14 16 17 18 20 18 16 18 19 20 22 18 20 21 22 24 22 20 22 23 24 26 22 24 25 26
INF INF INF INF INF INF INF INF INF INF INF INF INF INF INF INF INF INF INF INF INF INF INF INF INF INF INF INF INF INF INF INF INF INF INF INF INF INF INF INF INF INF INF INF INF INF INF INF INF INF INF INF INF INF INF INF INF INF INF INF INF INF INF INF INF INF INF INF INF INF INF INF INF INF INF INF INF INF INF INF INF INF INF INF INF INF INF INF INF INF INF INF INF INF INF INF INF INF INF INF INF INF INF INF INF INF INF INF INF INF INF INF INF INF INF INF INF INF INF INF INF INF INF INF INF INF INF INF INF INF INF INF INF INF INF INF INF INF INF INF INF INF INF INF INF INF INF INF INF INF INF INF INF INF INF INF INF INF INF INF INF INF INF INF INF INF INF INF INF INF INF INF INF INF INF INF INF INF INF INF INF INF INF INF INF INF INF INF INF INF INF INF INF INF INF INF INF INF INF INF INF INF INF INF INF INF INF INF INF INF INF INF INF INF INF INF INF INF INF INF INF INF INF INF INF INF INF INF INF INF INF INF INF INF INF INF INF INF INF INF INF INF INF INF INF INF INF INF INF INF INF INF INF INF INF INF INF INF INF INF INF INF INF INF INF INF INF INF INF INF INF INF INF INF INF INF INF INF INF INF INF INF INF INF INF INF INF INF INF INF INF INF INF INF INF INF INF INF INF INF INF INF INF INF INF INF INF INF INF INF INF INF INF INF INF INF INF INF INF INF INF INF INF INF INF INF INF INF INF INF INF INF INF INF INF INF INF INF INF INF INF INF INF INF INF INF INF INF INF INF INF INF INF INF INF INF INF INF INF INF INF INF INF INF INF INF INF INF INF INF INF INF INF INF INF INF INF INF INF INF INF INF INF INF INF INF INF INF INF INF INF INF INF INF INF INF INF INF INF INF INF INF INF INF INF INF INF INF INF INF INF INF INF INF INF INF INF INF INF INF INF INF INF INF INF INF INF INF INF INF INF INF INF 0 2 0 -2 0 1 2 4 0 2 3 4 6 4 2 4 5 6 8 4 6 7 8 10 8 6 8 9 10 12 8 10 11 12 14 12 10 12 13 14 16 12 14 15 16 18 16 14 16 17 18 20 16 18 19 20 22 20 18 20 21 22 24 20 22 23 24
INF INF INF INF INF INF INF INF INF INF INF INF INF INF INF INF INF INF INF INF INF INF INF INF INF INF INF INF INF INF INF INF INF INF INF INF INF INF INF INF INF INF INF INF INF INF INF INF INF INF INF INF INF INF INF INF INF INF INF INF INF INF INF INF INF INF INF INF INF INF INF INF INF INF INF INF INF INF INF INF INF INF INF INF INF INF INF INF INF INF INF INF INF INF INF INF INF INF INF INF INF INF INF INF INF INF INF INF INF INF INF INF INF INF INF INF INF INF INF INF INF INF INF INF INF INF INF INF INF INF INF INF INF INF INF INF INF INF INF INF INF INF INF INF INF INF INF INF INF INF INF INF INF INF INF INF INF INF INF INF INF INF INF INF INF INF INF INF INF INF INF INF INF INF INF INF INF INF INF INF INF INF INF INF INF INF INF INF INF INF INF INF INF INF INF INF INF INF INF INF INF INF INF INF INF INF INF INF INF INF INF INF INF INF INF INF INF INF INF INF INF INF INF INF INF INF INF INF INF INF INF INF INF INF INF INF INF INF INF INF INF INF INF INF INF INF INF INF INF INF INF INF INF INF INF INF INF INF INF INF INF INF INF INF INF INF INF INF INF INF INF INF INF INF INF INF INF INF INF INF INF INF INF INF INF INF INF INF INF INF INF INF INF INF INF INF INF INF INF INF INF INF INF INF INF INF INF INF INF INF INF INF INF INF INF INF INF INF INF INF INF INF INF INF INF INF INF INF INF INF INF INF INF INF INF INF INF INF INF INF INF INF INF INF INF INF INF INF INF INF INF INF INF INF INF INF INF INF INF INF INF INF INF INF INF INF INF INF INF INF INF INF INF INF INF INF INF INF INF INF INF INF INF INF INF INF INF INF INF INF INF INF INF INF INF INF INF INF INF INF INF INF INF INF INF INF INF INF INF INF INF INF INF INF INF INF INF INF INF INF INF INF INF INF INF INF INF INF INF INF INF INF INF INF 0 -2 0 1 2 4 5 2 4 5 6 8 6 4 6 7 8 10 6 8 9 10 12 10 8 10 11 12 14 10 12 13 14 16 14 12 14 15 16 18 14 16 17 18 20 18 16 18 19 20 22 18 20 21 22 24 22 20 22 23 24 26 22 24 25 26
INF INF INF INF INF INF INF INF INF INF INF INF INF INF INF INF INF INF INF INF INF INF INF INF INF INF INF INF INF INF INF INF INF INF INF INF INF INF INF INF INF INF INF INF INF INF INF INF INF INF INF INF INF INF INF INF INF INF INF INF INF INF INF INF INF INF INF INF INF INF INF INF INF INF INF INF INF INF INF INF INF INF INF INF INF INF INF INF INF INF INF INF INF INF INF INF INF INF INF INF INF INF INF INF INF INF INF INF INF INF INF INF INF INF INF INF INF INF INF INF INF INF INF INF INF INF INF INF INF INF INF INF INF INF INF INF INF INF INF INF INF INF INF INF INF INF INF INF INF INF INF INF INF INF INF INF INF INF INF INF INF INF INF INF INF INF INF INF INF INF INF INF INF INF INF INF INF INF INF INF INF INF INF INF INF INF INF INF INF INF INF INF INF INF INF INF INF INF INF INF INF INF INF INF INF INF INF INF INF INF INF INF INF INF INF INF INF INF INF INF INF INF INF INF INF INF INF INF INF INF INF INF INF INF INF INF INF INF INF INF INF INF INF INF INF INF INF INF INF INF INF INF INF INF INF INF INF INF INF INF INF INF INF INF INF INF INF INF INF INF INF INF INF INF INF INF INF INF INF INF INF INF INF INF INF INF INF INF INF INF INF INF INF INF INF INF INF INF INF INF INF INF INF INF INF INF INF INF INF INF INF INF INF INF INF INF INF INF INF INF INF INF INF INF INF INF INF INF INF INF INF INF INF INF INF INF INF INF INF INF INF INF INF INF INF INF INF INF INF INF INF INF INF INF INF INF INF INF INF INF INF INF INF INF INF INF INF INF INF INF INF INF INF INF INF INF INF INF INF INF INF INF INF INF INF INF INF INF INF INF INF INF INF INF INF INF INF INF INF INF INF INF INF INF INF INF INF INF INF INF INF INF INF INF INF INF INF INF INF INF INF INF INF INF INF INF INF INF INF INF INF INF INF INF INF 0 2 3 4 6 7 4 6 7 8 10 8 6 8 9 10 12 8 10 11 12 14 12 10 12 13 14 16 12 14 15 16 18 16 14 16 17 18 20 16 18 19 20 22 20 18 20 21 22 24 20 22 23 24 26 24 22 24 25 26 28 24 26 27 28
INF INF INF INF INF INF INF INF INF INF INF INF INF INF INF INF INF INF INF INF INF INF INF INF INF INF INF INF INF INF INF INF INF INF INF INF INF INF INF INF INF INF INF INF INF INF INF INF INF INF INF INF INF INF INF INF INF INF INF INF INF INF INF INF INF INF INF INF INF INF INF INF INF INF INF INF INF INF INF INF INF INF INF INF INF INF INF INF INF INF INF INF INF INF INF INF INF INF INF INF INF INF INF INF INF INF INF INF INF INF INF INF INF INF INF INF INF INF INF INF INF INF INF INF INF INF INF INF INF INF INF INF INF INF INF INF INF INF INF INF INF INF INF INF INF INF INF INF INF INF INF INF INF INF INF INF INF INF INF INF INF INF INF INF INF INF INF INF INF INF INF INF INF INF INF INF INF INF INF INF INF INF INF INF INF INF INF INF INF INF INF INF INF INF INF INF INF INF INF INF INF INF INF INF INF INF INF INF INF INF INF INF INF INF INF INF INF INF INF INF INF INF INF INF INF INF INF INF INF INF INF INF INF INF INF INF INF INF INF INF INF INF INF INF INF INF INF INF INF INF INF INF INF INF INF INF INF INF INF INF INF INF INF INF INF INF INF INF INF INF INF INF INF INF INF INF INF INF INF INF INF INF INF INF INF INF INF INF INF INF INF INF INF INF INF INF INF INF INF INF INF INF INF INF INF INF INF INF INF INF INF INF INF INF INF INF INF INF INF INF INF INF INF INF INF INF INF INF INF INF INF INF INF INF INF INF INF INF INF INF INF INF INF INF INF INF INF INF INF INF INF INF INF INF INF INF INF INF INF INF INF INF INF INF INF INF INF INF INF INF INF INF INF INF INF INF INF INF INF INF INF INF INF INF INF INF INF INF INF INF INF INF INF INF INF INF INF INF INF INF INF INF INF INF INF INF INF INF INF INF INF INF INF INF INF INF INF INF INF INF INF INF INF INF INF INF INF INF INF INF INF INF INF INF INF INF 0 2 3 4 6 2 4 5 6 8 6 4 6 7 8 10 6 8 9 10 12 10 8 10 11 12 14 10 12 13 14 16 14 12 14 15 16 18 14 16 17 18 20 18 16 18 19 20 22 18 20 21 22 24 22 20 22 23 24 26 22 24 25 26
INF INF INF INF INF INF INF INF INF INF INF INF INF INF INF INF INF INF INF INF INF INF INF INF INF INF INF INF INF INF INF INF INF INF INF INF INF INF INF INF INF INF INF INF INF INF INF INF INF INF INF INF INF INF INF INF INF INF INF INF INF INF INF INF INF INF INF INF INF INF INF INF INF INF INF INF INF INF INF INF INF INF INF INF INF INF INF INF INF INF INF INF INF INF INF INF INF INF INF INF INF INF INF INF INF INF INF INF INF INF INF INF INF INF INF INF INF INF INF INF INF INF INF INF INF INF INF INF INF INF INF INF INF INF INF INF INF INF INF INF INF INF INF INF INF INF INF INF INF INF INF INF INF INF INF INF INF INF INF INF INF INF INF INF INF INF INF INF INF INF INF INF INF INF INF INF INF INF INF INF INF INF INF INF INF INF INF INF INF INF INF INF INF INF INF INF INF INF INF INF INF INF INF INF INF INF INF INF INF INF INF INF INF INF INF INF INF INF INF INF INF INF INF INF INF INF INF INF INF INF INF INF INF INF INF INF INF INF INF INF INF INF INF INF INF INF INF INF INF INF INF INF INF INF INF INF INF INF INF INF INF INF INF INF INF INF INF INF INF INF INF INF INF INF INF INF INF INF INF INF INF INF INF INF INF INF INF INF INF INF INF INF INF INF INF INF INF INF INF INF INF INF INF INF INF INF INF INF INF INF INF INF INF INF INF INF INF INF INF INF INF INF INF INF INF INF INF INF INF INF INF INF INF INF INF INF INF INF INF INF INF INF INF INF INF INF INF INF INF INF INF INF INF INF INF INF INF INF INF INF INF INF INF INF INF INF INF INF INF INF INF INF INF INF INF INF INF INF INF INF INF INF INF INF INF INF INF INF INF INF INF INF INF INF INF INF INF INF INF INF INF INF INF INF INF INF INF INF INF INF INF INF INF INF INF INF INF INF INF INF INF INF INF INF INF INF INF INF INF INF INF INF INF INF INF INF INF 0 2 3 4 1 3 4 5 7 5 3 5 6 7 9 5 7 8 9 11 9 7 9 10 11 13 9 11 12 13 15 13 11 13 14 15 17 13 15 16 17 19 17 15 17 18 19 21 17 19 20 21 23 21 19 21 22 23 25 21 23 24 25
INF INF INF INF INF INF INF INF INF INF INF INF INF INF INF INF INF INF INF INF INF INF INF INF INF INF INF INF INF INF INF INF INF INF INF INF INF INF INF INF INF INF INF INF INF INF INF INF INF INF INF INF INF INF INF INF INF INF INF INF INF INF INF INF INF INF INF INF INF INF INF INF INF INF INF INF INF INF INF INF INF INF INF INF INF INF INF INF INF INF INF INF INF INF INF INF INF INF INF INF INF INF INF INF INF INF INF INF INF INF INF INF INF INF INF INF INF INF INF INF INF INF INF INF INF INF INF INF INF INF INF INF INF INF INF INF INF INF INF INF INF INF INF INF INF INF INF INF INF INF INF INF INF INF INF INF INF INF INF INF INF INF INF INF INF INF INF INF INF INF INF INF INF INF INF INF INF INF INF INF INF INF INF INF INF INF INF INF INF INF INF INF INF INF INF INF INF INF INF INF INF INF INF INF INF INF INF INF INF INF INF INF INF INF INF INF INF INF INF INF INF INF INF INF INF INF INF INF INF INF INF INF INF INF INF INF INF INF INF INF INF INF INF INF INF INF INF INF INF INF INF INF INF INF INF INF INF INF INF INF INF INF INF INF INF INF INF INF INF INF INF INF INF INF INF INF INF INF INF INF INF INF INF INF INF INF INF INF INF INF INF INF INF INF INF INF INF INF INF INF INF INF INF INF INF INF INF INF INF INF INF INF INF INF INF INF INF INF INF INF INF INF INF INF INF INF INF INF INF INF INF INF INF INF INF INF INF INF INF INF INF INF INF INF INF INF INF INF INF INF INF INF INF INF INF INF INF INF INF INF INF INF INF INF INF INF INF INF INF INF INF INF INF INF INF INF INF INF INF INF INF INF INF INF INF INF INF INF INF INF INF INF INF INF INF INF INF INF INF INF INF INF INF INF INF INF INF INF INF INF INF INF INF INF INF INF INF INF INF INF INF INF INF INF INF INF INF INF INF INF INF INF INF INF INF INF INF INF 0 2 3 0 2 3 4 6 4 2 4 5 6 8 4 6 7 8 10 8 6 8 9 10 12 8 10 11 12 14 12 10 12 13 14 16 12 14 15 16 18 16 14 16 17 18 20 16 18 19 20 22 20 18 20 21 22 24 20 22 23 24
INF INF INF INF INF INF INF INF INF INF INF INF INF INF INF INF INF INF INF INF INF INF INF INF INF INF INF INF INF INF INF INF INF INF INF INF INF INF INF INF INF INF INF INF INF INF INF INF INF INF INF INF INF INF INF INF INF INF INF INF INF INF INF INF INF INF INF INF INF INF INF INF INF INF INF INF INF INF INF INF INF INF INF INF INF INF INF INF INF INF INF INF INF INF INF INF INF INF INF INF INF INF INF INF INF INF INF INF INF INF INF INF INF INF INF INF INF INF INF INF INF INF INF INF INF INF INF INF INF INF INF INF INF INF INF INF INF INF INF INF INF INF INF INF INF INF INF INF INF INF INF INF INF INF INF INF INF INF INF INF INF INF INF INF INF INF INF INF INF INF INF INF INF INF INF INF INF INF INF INF INF INF INF INF INF INF INF INF INF INF INF INF INF INF INF INF INF INF INF INF INF INF INF INF INF INF INF INF INF INF INF INF INF INF INF INF INF INF INF INF INF INF INF INF INF INF INF INF INF INF INF INF INF INF INF INF INF INF INF INF INF INF INF INF INF INF INF INF INF INF INF INF INF INF INF INF INF INF INF INF INF INF INF INF INF INF INF INF INF INF INF INF INF INF INF INF INF INF INF INF INF INF INF INF INF INF INF INF INF INF INF INF INF INF INF INF INF INF INF INF INF INF INF INF INF INF INF INF INF INF INF INF INF INF INF INF INF INF INF INF INF INF INF INF INF INF INF INF INF INF INF INF INF INF INF INF INF INF INF INF INF INF INF INF INF INF INF INF INF INF INF INF INF INF INF INF INF INF INF INF INF INF INF INF INF INF INF INF INF INF INF INF INF INF INF INF INF INF INF INF INF INF INF INF INF INF INF INF INF INF INF INF INF INF INF INF INF INF INF INF INF INF INF INF INF INF INF INF INF INF INF INF INF INF INF INF INF INF INF INF INF INF INF INF INF INF INF INF INF INF INF INF INF INF INF INF INF INF INF 0 2 -2 0 1 2 4 2 0 2 3 4 6 2 4 5 6 8 6 4 6 7 8 10 6 8 9 10 12 10 8 10 11 12 14 10 12 13 14 16 14 12 14 15 16 18 14 16 17 18 20 18 16 18 19 20 22 18 20 21 22
INF INF INF INF INF INF INF INF INF INF INF INF INF INF INF INF INF INF INF INF INF INF INF INF INF INF INF INF INF INF INF INF INF INF INF INF INF INF INF INF INF INF INF INF INF INF INF INF INF INF INF INF INF INF INF INF INF INF INF INF INF INF INF INF INF INF INF INF INF INF INF INF INF INF INF INF INF INF INF INF INF INF INF INF INF INF INF INF INF INF INF INF INF INF INF INF INF INF INF INF INF INF INF INF INF INF INF INF INF INF INF INF INF INF INF INF INF INF INF INF INF INF INF INF INF INF INF INF INF INF INF INF INF INF INF INF INF INF INF INF INF INF INF INF INF INF INF INF INF INF INF INF INF INF INF INF INF INF INF INF INF INF INF INF INF INF INF INF INF INF INF INF INF INF INF INF INF INF INF INF INF INF INF INF INF INF INF INF INF INF INF INF INF INF INF INF INF INF INF INF INF INF INF INF INF INF INF INF INF INF INF INF INF INF INF INF INF INF INF INF INF INF INF INF INF INF INF INF INF INF INF INF INF INF INF INF INF INF INF INF INF INF INF INF INF INF INF INF INF INF INF INF INF INF INF INF INF INF INF INF INF INF INF INF INF INF INF INF INF INF INF INF INF INF INF INF INF INF INF INF INF INF INF INF INF INF INF INF INF INF INF INF INF INF INF INF INF INF INF INF INF INF INF INF INF INF INF INF INF INF INF INF INF INF INF INF INF INF INF INF INF INF INF INF INF INF INF INF INF INF INF INF INF INF INF INF INF INF INF INF INF INF INF INF INF INF INF INF INF INF INF INF INF INF INF INF INF INF INF INF INF INF INF INF INF INF INF INF INF INF INF INF INF INF INF INF INF INF INF INF INF INF INF INF INF INF INF INF INF INF INF INF INF INF INF INF INF INF INF INF INF INF INF INF INF INF INF INF INF INF INF INF INF INF INF INF INF INF INF INF INF INF INF INF INF INF INF INF INF INF INF INF INF INF INF INF INF INF INF INF 0 2 3 4 6 7 5 4 6 7 8 10 6 8 9 10 12 10 8 10 11 12 14 10 12 13 14 16 14 12 14 15 16 18 14 16 17 18 20 18 16 18 19 20 22 18 20 21 22 24 22 20 22 23 24 26 22 24 25 26
INF INF INF INF INF INF INF INF INF INF INF INF INF INF INF INF INF INF INF INF INF INF INF INF INF INF INF INF INF INF INF INF INF INF INF INF INF INF INF INF INF INF INF INF INF INF INF INF INF INF INF INF INF INF INF INF INF INF INF INF INF INF INF INF INF INF INF INF INF INF INF INF INF INF INF INF INF INF INF INF INF INF INF INF INF INF INF INF INF INF INF INF INF INF INF INF INF INF INF INF INF INF INF INF INF INF INF INF INF INF INF INF INF INF INF INF INF INF INF INF INF INF INF INF INF INF INF INF INF INF INF INF INF INF INF INF INF INF INF INF INF INF INF INF INF INF INF INF INF INF INF INF INF INF INF INF INF INF INF INF INF INF INF INF INF INF INF INF INF INF INF INF INF INF INF INF INF INF INF INF INF INF INF INF INF INF INF INF INF INF INF INF INF INF INF INF INF INF INF INF INF INF INF INF INF INF INF INF INF INF INF INF INF INF INF INF INF INF INF INF INF INF INF INF INF INF INF INF INF INF INF INF INF INF INF INF INF INF INF INF INF INF INF INF INF INF INF INF INF INF INF INF INF INF INF INF INF INF INF INF INF INF INF INF INF INF INF INF INF INF INF INF INF INF INF INF INF INF INF INF INF INF INF INF INF INF INF INF INF INF INF INF INF INF INF INF INF INF INF INF INF INF INF INF INF INF INF INF INF INF INF INF INF INF INF INF INF INF INF INF INF INF INF INF INF INF INF INF INF INF INF INF INF INF INF INF INF INF INF INF INF INF INF INF INF INF INF INF INF INF INF INF INF INF INF INF INF INF INF INF INF INF INF INF INF INF INF INF INF INF INF INF INF INF INF INF INF INF INF INF INF INF INF INF INF INF INF INF INF INF INF INF INF INF INF INF INF INF INF INF INF INF INF INF INF INF INF INF INF INF INF INF INF INF INF INF INF INF INF INF INF INF INF INF INF INF INF INF INF INF INF INF INF INF INF INF INF INF INF INF INF 0 2 3 4 6 4 2 4 5 6 8 4 6 7 8 10 8 6 8 9 10 12 8 10 11 12 14 12 10 12 13 14 16 12 14 15 16 18 16 14 16 17 18 20 16 18 19 20 22 20 18 20 21 22 24 20 22 23 24
INF INF INF INF INF INF INF INF INF INF INF INF INF INF INF INF INF INF INF INF INF INF INF INF INF INF INF INF INF INF INF INF INF INF INF INF INF INF INF INF INF INF INF INF INF INF INF INF INF INF INF INF INF INF INF INF INF INF INF INF INF INF INF INF INF INF INF INF INF INF INF INF INF INF INF INF INF INF INF INF INF INF INF INF INF INF INF INF INF INF INF INF INF INF INF INF INF INF INF INF INF INF INF INF INF INF INF INF INF INF INF INF INF INF INF INF INF INF INF INF INF INF INF INF INF INF INF INF INF INF INF INF INF INF INF INF INF INF INF INF INF INF INF INF INF INF INF INF INF INF INF INF INF INF INF INF INF INF INF INF INF INF INF INF INF INF INF INF INF INF INF INF INF INF INF INF INF INF INF INF INF INF INF INF INF INF INF INF INF INF INF INF INF INF INF INF INF INF INF INF INF INF INF INF INF INF INF INF INF INF INF INF INF INF INF INF INF INF INF INF INF INF INF INF INF INF INF INF INF INF INF INF INF INF INF INF INF INF INF INF INF INF INF INF INF INF INF INF INF INF INF INF INF INF INF INF INF INF INF INF INF INF INF INF INF INF INF INF INF INF INF INF INF INF INF INF INF INF INF INF INF INF INF INF INF INF INF INF INF INF INF INF INF INF INF INF INF INF INF INF INF INF INF INF INF INF INF INF INF INF INF INF INF INF INF INF INF INF INF INF INF INF INF INF INF INF INF INF INF INF INF INF INF INF INF INF INF INF INF INF INF INF INF INF INF INF INF INF INF INF INF INF INF INF INF INF INF INF INF INF INF INF INF INF INF INF INF INF INF INF INF INF INF INF INF INF INF INF INF INF INF INF INF INF INF INF INF INF INF INF INF INF INF INF INF INF INF INF INF INF INF INF INF INF INF INF INF INF INF INF INF INF INF INF INF INF INF INF INF INF INF INF INF INF INF INF INF INF INF INF INF INF INF INF INF INF INF INF INF INF INF INF 0 2 3 4 2 1 3 4 5 7 3 5 6 7 9 7 5 7 8 9 11 7 9 10 11 13 11 9 11 12 13 15 11 13 14 15 17 15 13 15 16 17 19 15 17 18 19 21 19 17 19 20 21 23 19 21 22 23
INF INF INF INF INF INF INF INF INF INF INF INF INF INF INF INF INF INF INF INF INF INF INF INF INF INF INF INF INF INF INF INF INF INF INF INF INF INF INF INF INF INF INF INF INF INF INF INF INF INF INF INF INF INF INF INF INF INF INF INF INF INF INF INF INF INF INF INF INF INF INF INF INF INF INF INF INF INF INF INF INF INF INF INF INF INF INF INF INF INF INF INF INF INF INF INF INF INF INF INF INF INF INF INF INF INF INF INF INF INF INF INF INF INF INF INF INF INF INF INF INF INF INF INF INF INF INF INF INF INF INF INF INF INF INF INF INF INF INF INF INF INF INF INF INF INF INF INF INF INF INF INF INF INF INF INF INF INF INF INF INF INF INF INF INF INF INF INF INF INF INF INF INF INF INF INF INF INF INF INF INF INF INF INF INF INF INF INF INF INF INF INF INF INF INF INF INF INF INF INF INF INF INF INF INF INF INF INF INF INF INF INF INF INF INF INF INF INF INF INF INF INF INF INF INF INF INF INF INF INF INF INF INF INF INF INF INF INF INF INF INF INF INF INF INF INF INF INF INF INF INF INF INF INF INF INF INF INF INF INF INF INF INF INF INF INF INF INF INF INF INF INF INF INF INF INF INF INF INF INF INF INF INF INF INF INF INF INF INF INF INF INF INF INF INF INF INF INF INF INF INF INF INF INF INF INF INF INF INF INF INF INF INF INF INF INF INF INF INF INF INF INF INF INF INF INF INF INF INF INF INF INF INF INF INF INF INF INF INF INF INF INF INF INF INF INF INF INF INF INF INF INF INF INF INF INF INF INF INF INF INF INF INF INF INF INF INF INF INF INF INF INF INF INF INF INF INF INF INF INF INF INF INF INF INF INF INF INF INF INF INF INF INF INF INF INF INF INF INF INF INF INF INF INF INF INF INF INF INF INF INF INF INF INF INF INF INF INF INF INF INF INF INF INF INF INF INF INF INF INF INF INF INF INF INF INF INF INF INF INF INF INF INF 0 2 3 1 0 2 3 4 6 2 4 5 6 8 6 4 6 7 8 10 6 8 9 10 12 10 8 10 11 12 14 10 12 13 14 16 14 12 14 15 16 18 14 16 17 18 20 18 16 18 19 20 22 18 20 21 22
INF INF INF INF INF INF INF INF INF INF INF INF INF INF INF INF INF INF INF INF INF INF INF INF INF INF INF INF INF INF INF INF INF INF INF INF INF INF INF INF INF INF INF INF INF INF INF INF INF INF INF INF INF INF INF INF INF INF INF INF INF INF INF INF INF INF INF INF INF INF INF INF INF INF INF INF INF INF INF INF INF INF INF INF INF INF INF INF INF INF INF INF INF INF INF INF INF INF INF INF INF INF INF INF INF INF INF INF INF INF INF INF INF INF INF INF INF INF INF INF INF INF INF INF INF INF INF INF INF INF INF INF INF INF INF INF INF INF INF INF INF INF INF INF INF INF INF INF INF INF INF INF INF INF INF INF INF INF INF INF INF INF INF INF INF INF INF INF INF INF INF INF INF INF INF INF INF INF INF INF INF INF INF INF INF INF INF INF INF INF INF INF INF INF INF INF INF INF INF INF INF INF INF INF INF INF INF INF INF INF INF INF INF INF INF INF INF INF INF INF INF INF INF INF INF INF INF INF INF INF INF INF INF INF INF INF INF INF INF INF INF INF INF INF INF INF INF INF INF INF INF INF INF INF INF INF INF INF INF INF INF INF INF INF INF INF INF INF INF INF INF INF INF INF INF INF INF INF INF INF INF INF INF INF INF INF INF INF INF INF INF INF INF INF INF INF INF INF INF INF INF INF INF INF INF INF INF INF INF INF INF INF INF INF INF INF INF INF INF INF INF INF INF INF INF INF INF INF INF INF INF INF INF INF INF INF INF INF INF INF INF INF INF INF INF INF INF INF INF INF INF INF INF INF INF INF INF INF INF INF INF INF INF INF INF INF INF INF INF INF INF INF INF INF INF INF INF INF INF INF INF INF INF INF INF INF INF INF INF INF INF INF INF INF INF INF INF INF INF INF INF INF INF INF INF INF INF INF INF INF INF INF INF INF INF INF INF INF INF INF INF INF INF INF INF INF INF INF INF INF INF INF INF INF INF INF INF INF INF INF INF INF INF INF 0 2 0 -2 0 1 2 4 0 2 3 4 6 4 2 4 5 6 8 4 6 7 8 10 8 6 8 9 10 12 8 10 11 12 14 12 10 12 13 14 16 12 14 15 16 18 16 14 16 17 18 20 16 18 19 20
INF INF INF INF INF INF INF INF INF INF INF INF INF INF INF INF INF INF INF INF INF INF INF INF INF INF INF INF INF INF INF INF INF INF INF INF INF INF INF INF INF INF INF INF INF INF INF INF INF INF INF INF INF INF INF INF INF INF INF INF INF INF INF INF INF INF INF INF INF INF INF INF INF INF INF INF INF INF INF INF INF INF INF INF INF INF INF INF INF INF INF INF INF INF INF INF INF INF INF INF INF INF INF INF INF INF INF INF INF INF INF INF INF INF INF INF INF INF INF INF INF INF INF INF INF INF INF INF INF INF INF INF INF INF INF INF INF INF INF INF INF INF INF INF INF INF INF INF INF INF INF INF INF INF INF INF INF INF INF INF INF INF INF INF INF INF INF INF INF INF INF INF INF INF INF INF INF INF INF INF INF INF INF INF INF INF INF INF INF INF INF INF INF INF INF INF INF INF INF INF INF INF INF INF INF INF INF INF INF INF INF INF INF INF INF INF INF INF INF INF INF INF INF INF INF INF INF INF INF INF INF INF INF INF INF INF INF INF INF INF INF INF INF INF INF INF INF INF INF INF INF INF INF INF INF INF INF INF INF INF INF INF INF INF INF INF INF INF INF INF INF INF INF INF INF INF INF INF INF INF INF INF INF INF INF INF INF INF INF INF INF INF INF INF INF INF INF INF INF INF INF INF INF INF INF INF INF INF INF INF INF INF INF INF INF INF INF INF INF INF INF INF INF INF INF INF INF INF INF INF INF INF INF INF INF INF INF INF INF INF INF INF INF INF INF INF INF INF INF INF INF INF INF INF INF INF INF INF INF INF INF INF INF INF INF INF INF INF INF INF INF INF INF INF INF INF INF INF INF INF INF INF INF INF INF INF INF INF INF INF INF INF INF INF INF INF INF INF INF INF INF INF INF INF INF INF INF INF INF INF INF INF INF INF INF INF INF INF INF INF INF INF INF INF INF INF INF INF INF INF INF INF INF INF INF INF INF INF INF INF INF INF INF INF INF 0 -2 0 1 2 4 5 2 4 5 6 8 6 4 6 7 8 10 6 8 9 10 12 10 8 10 11 12 14 10 12 13 14 16 14 12 14 15 16 18 14 16 17 18 20 18 16 18 19 20 22 18 20 21 22
INF INF INF INF INF INF INF INF INF INF INF INF INF INF INF INF INF INF INF INF INF INF INF INF INF INF INF INF INF INF INF INF INF INF INF INF INF INF INF INF INF INF INF INF INF INF INF INF INF INF INF INF INF INF INF INF INF INF INF INF INF INF INF INF INF INF INF INF INF INF INF INF INF INF INF INF INF INF INF INF INF INF INF INF INF INF INF INF INF INF INF INF INF INF INF INF INF INF INF INF INF INF INF INF INF INF INF INF INF INF INF INF INF INF INF INF INF INF INF INF INF INF INF INF INF INF INF INF INF INF INF INF INF INF INF INF INF INF INF INF INF INF INF INF INF INF INF INF INF INF INF INF INF INF INF INF INF INF INF INF INF INF INF INF INF INF INF INF INF INF INF INF INF INF INF INF INF INF INF INF INF INF INF INF INF INF INF INF INF INF INF INF INF INF INF INF INF INF INF INF INF INF INF INF INF INF INF INF INF INF INF INF INF INF INF INF INF INF INF INF INF INF INF INF INF INF INF INF INF INF INF INF INF INF INF INF INF INF INF INF INF INF INF INF INF INF INF INF INF INF INF INF INF INF INF INF INF INF INF INF INF INF INF INF INF INF INF INF INF INF INF INF INF INF INF INF INF INF INF INF INF INF INF INF INF INF INF INF INF INF INF INF INF INF INF INF INF INF INF INF INF INF INF INF INF INF INF INF INF INF INF INF INF INF INF INF INF INF INF INF INF INF INF INF INF INF INF INF INF INF INF INF INF INF INF INF INF INF INF INF INF INF INF INF INF INF INF INF INF INF INF INF INF INF INF INF INF INF INF INF INF INF INF INF INF INF INF INF INF INF INF INF INF INF INF INF INF INF INF INF INF INF INF INF INF INF INF INF INF INF INF INF INF INF INF INF INF INF INF INF INF INF INF INF INF INF INF INF INF INF INF INF INF INF INF INF INF INF INF INF INF INF INF INF INF INF INF INF INF INF INF INF INF INF INF INF INF INF INF INF INF INF INF INF INF INF 0 2 3 4 6 7 4 6 7 8 10 8 6 8 9 10 12 8 10 11 12 14 12 10 12 13 14 16 12 14 15 16 18 16 14 16 17 18 20 16 18 19 20 22 20 18 20 21 22 24 20 22 23 24
INF INF INF INF INF INF INF INF INF INF INF INF INF INF INF INF INF INF INF INF INF INF INF INF INF INF INF INF INF INF INF INF INF INF INF INF INF INF INF INF INF INF INF INF INF INF INF INF INF INF INF INF INF INF INF INF INF INF INF INF INF INF INF INF INF INF INF INF INF INF INF INF INF INF INF INF INF INF INF INF INF INF INF INF INF INF INF INF INF INF INF INF INF INF INF INF INF INF INF INF INF INF INF INF INF INF INF INF INF INF INF INF INF INF INF INF INF INF INF INF INF INF INF INF INF INF INF INF INF INF INF INF INF INF INF INF INF INF INF INF INF INF INF INF INF INF INF INF INF INF INF INF INF INF INF INF INF INF INF INF INF INF INF INF INF INF INF INF INF INF INF INF INF INF INF INF INF INF INF INF INF INF INF INF INF INF INF INF INF INF INF INF INF INF INF INF INF INF INF INF INF INF INF INF INF INF INF INF INF INF INF INF INF INF INF INF INF INF INF INF INF INF INF INF INF INF INF INF INF INF INF INF INF INF INF INF INF INF INF INF INF INF INF INF INF INF INF INF INF INF INF INF INF INF INF INF INF INF INF INF INF INF INF INF INF INF INF INF INF INF INF INF INF INF INF INF INF INF INF INF INF INF INF INF INF INF INF INF INF INF INF INF INF INF INF INF INF INF INF INF INF INF INF INF INF INF INF INF INF INF INF INF INF INF INF INF INF INF INF INF INF INF INF INF INF INF INF INF INF INF INF INF INF INF INF INF INF INF INF INF INF INF INF INF INF INF INF INF INF INF INF INF INF INF INF INF INF INF INF INF INF INF INF INF INF INF INF INF INF INF INF INF INF INF INF INF INF INF INF INF INF INF INF INF INF INF INF INF INF INF INF INF INF INF INF INF INF INF INF INF INF INF INF INF INF INF INF INF INF INF INF INF INF INF INF INF INF INF INF INF INF INF INF INF INF INF INF INF INF INF INF INF INF INF INF INF INF INF INF INF INF INF INF INF INF INF INF 0 2 3 4 6 2 4 5 6 8 6 4 6 7 8 10 6 8 9 10 12 10 8 10 11 12 14 10 12 13 14 16 14 12 14 15 16 18 14 16 17 18 20 18 16 18 19 20 22 18 20 21 22
INF INF INF INF INF INF INF INF INF INF INF INF INF INF INF INF INF INF INF INF INF INF INF INF INF INF INF INF INF INF INF INF INF INF INF INF INF INF INF INF INF INF INF INF INF INF INF INF INF INF INF INF INF INF INF INF INF INF INF INF INF INF INF INF INF INF INF INF INF INF INF INF INF INF INF INF INF INF INF INF INF INF INF INF INF INF INF INF INF INF INF INF INF INF INF INF INF INF INF INF INF INF INF INF INF INF INF INF INF INF INF INF INF INF INF INF INF INF INF INF INF INF INF INF INF INF INF INF INF INF INF INF INF INF INF INF INF INF INF INF INF INF INF INF INF INF INF INF INF INF INF INF INF INF INF INF INF INF INF INF INF INF INF INF INF INF INF INF INF INF INF INF INF INF INF INF INF INF INF INF INF INF INF INF INF INF INF INF INF INF INF INF INF INF INF INF INF INF INF INF INF INF INF INF INF INF INF INF INF INF INF INF INF INF INF INF INF INF INF INF INF INF INF INF INF INF INF INF INF INF INF INF INF INF INF INF INF INF INF INF INF INF INF INF INF INF INF INF INF INF INF INF INF INF INF INF INF INF INF INF INF INF INF INF INF INF INF INF INF INF INF INF INF INF INF INF INF INF INF INF INF INF INF INF INF INF INF INF INF INF INF INF INF INF INF INF INF INF INF INF INF INF INF INF INF INF INF INF INF INF INF INF INF INF INF INF INF INF INF INF INF INF INF INF INF INF INF INF INF INF INF INF INF INF INF INF INF INF INF INF INF INF INF INF INF INF INF INF INF INF INF INF INF INF INF INF INF INF INF INF INF INF INF INF INF INF INF INF INF INF INF INF INF INF INF INF INF INF INF INF INF INF INF INF INF INF INF INF INF INF INF INF INF INF INF INF INF INF INF INF INF INF INF INF INF INF INF INF INF INF INF INF INF INF INF INF INF INF INF INF INF INF INF INF INF INF INF INF INF INF INF INF INF INF INF INF INF INF INF INF INF INF INF INF INF INF INF INF 0 2 3 4 1 3 4 5 7 5 3 5 6 7 9 5 7 8 9 11 9 7 9 10 11 13 9 11 12 13 15 13 11 13 14 15 17 13 15 16 17 19 17 15 17 18 19 21 17 19 20 21
INF INF INF INF INF INF INF INF INF INF INF INF INF INF INF INF INF INF INF INF INF INF INF INF INF INF INF INF INF INF INF INF INF INF INF INF INF INF INF INF INF INF INF INF INF INF INF INF INF INF INF INF INF INF INF INF INF INF INF INF INF INF INF INF INF INF INF INF INF INF INF INF INF INF INF INF INF INF INF INF INF INF INF INF INF INF INF INF INF INF INF INF INF INF INF INF INF INF INF INF INF INF INF INF INF INF INF INF INF INF INF INF INF INF INF INF INF INF INF INF INF INF INF INF INF INF INF INF INF INF INF INF INF INF INF INF INF INF INF INF INF INF INF INF INF INF INF INF INF INF INF INF INF INF INF INF INF INF INF INF INF INF INF INF INF INF INF INF INF INF INF INF INF INF INF INF INF INF INF INF INF INF INF INF INF INF INF INF INF INF INF INF INF INF INF INF INF INF INF INF INF INF INF INF INF INF INF INF INF INF INF INF INF INF INF INF INF INF INF INF INF INF INF INF INF INF INF INF INF INF INF INF INF INF INF INF INF INF INF INF INF INF INF INF INF INF INF INF INF INF INF INF INF INF INF INF INF INF INF INF INF INF INF INF INF INF INF INF INF INF INF INF INF INF INF INF INF INF INF INF INF INF INF INF INF INF INF INF INF INF INF INF INF INF INF INF INF INF INF INF INF INF INF INF INF INF INF INF INF INF INF INF INF INF INF INF INF INF INF INF INF INF INF INF INF INF INF INF INF INF INF INF INF INF INF INF INF INF INF INF INF INF INF INF INF INF INF INF INF INF INF INF INF INF INF INF INF INF INF INF INF INF INF INF INF INF INF INF INF INF INF INF INF INF INF INF INF INF INF INF INF INF INF INF INF INF INF INF INF INF INF INF INF INF INF INF INF INF INF INF INF INF INF INF INF INF INF INF INF INF INF INF INF INF INF INF INF INF INF INF INF INF INF INF INF INF INF INF INF INF INF INF INF INF INF INF INF INF INF INF INF INF INF INF INF INF INF INF INF 0 2 3 0 2 3 4 6 4 2 4 5 6 8 4 6 7 8 10 8 6 8 9 10 12 8 10 11 12 14 12 10 12 13 14 16 12 14 15 16 18 16 14 16 17 18 20 16 18 19 20
INF INF INF INF INF INF INF INF INF INF INF INF INF INF INF INF INF INF INF INF INF INF INF INF INF INF INF INF INF INF INF INF INF INF INF INF INF INF INF INF INF INF INF INF INF INF INF INF INF INF INF INF INF INF INF INF INF INF INF INF INF INF INF INF INF INF INF INF INF INF INF INF INF INF INF INF INF INF INF INF INF INF INF INF INF INF INF INF INF INF INF INF INF INF INF INF INF INF INF INF INF INF INF INF INF INF INF INF INF INF INF INF INF INF INF INF INF INF INF INF INF INF INF INF INF INF INF INF INF INF INF INF INF INF INF INF INF INF INF INF INF INF INF INF INF INF INF INF INF INF INF INF INF INF INF INF INF INF INF INF INF INF INF INF INF INF INF INF INF INF INF INF INF INF INF INF INF INF INF INF INF INF INF INF INF INF INF INF INF INF INF INF INF INF INF INF INF INF INF INF INF INF INF INF INF INF INF INF INF INF INF INF INF INF INF INF INF INF INF INF INF INF INF INF INF INF INF INF INF INF INF INF INF INF INF INF INF INF INF INF INF INF INF INF INF INF INF INF INF INF INF INF INF INF INF INF INF INF INF INF INF INF INF INF INF INF INF INF INF INF INF INF INF INF INF INF INF INF INF INF INF INF INF INF INF INF INF INF INF INF INF INF INF INF INF INF INF INF INF INF INF INF INF INF INF INF INF INF INF INF INF INF INF INF INF INF INF INF INF INF INF INF INF INF INF INF INF INF INF INF INF INF INF INF INF INF INF INF INF INF INF INF INF INF INF INF INF INF INF INF INF INF INF INF INF INF INF INF INF INF INF INF INF INF INF INF INF INF INF INF INF INF INF INF INF INF INF INF INF INF INF INF INF INF INF INF INF INF INF INF INF INF INF INF INF INF INF INF INF INF INF INF INF INF INF INF INF INF INF INF INF INF INF INF INF INF INF INF INF INF INF INF INF INF INF INF INF INF INF INF INF INF INF INF INF INF INF INF INF INF INF INF INF INF INF INF INF INF INF INF 0 2 -2 0 1 2 4 2 0 2 3 4 6 2 4 5 6 8 6 4 6 7 8 10 6 8 9 10 12 10 8 10 11 12 14 10 12 13 14 16 14 12 14 15 16 18 14 16 17 18
INF INF INF INF INF INF INF INF INF INF INF INF INF INF INF INF INF INF INF INF INF INF INF INF INF INF INF INF INF INF INF INF INF INF INF INF INF INF INF INF INF INF INF INF INF INF INF INF INF INF INF INF INF INF INF INF INF INF INF INF INF INF INF INF INF INF INF INF INF INF INF INF INF INF INF INF INF INF INF INF INF INF INF INF INF INF INF INF INF INF INF INF INF INF INF INF INF INF INF INF INF INF INF INF INF INF INF INF INF INF INF INF INF INF INF INF INF INF INF INF INF INF INF INF INF INF INF INF INF INF INF INF INF INF INF INF INF INF INF INF INF INF INF INF INF INF INF INF INF INF INF INF INF INF INF INF INF INF INF INF INF INF INF INF INF INF INF INF INF INF INF INF INF INF INF INF INF INF INF INF INF INF INF INF INF INF INF INF INF INF INF INF INF INF INF INF INF INF INF INF INF INF INF INF INF INF INF INF INF INF INF INF INF INF INF INF INF INF INF INF INF INF INF INF INF INF INF INF INF INF INF INF INF INF INF INF INF INF INF INF INF INF INF INF INF INF INF INF INF INF INF INF INF INF INF INF INF INF INF INF INF INF INF INF INF INF INF INF INF INF INF INF INF INF INF INF INF INF INF INF INF INF INF INF INF INF INF INF INF INF INF INF INF INF INF INF INF INF INF INF INF INF INF INF INF INF INF INF INF INF INF INF INF INF INF INF INF INF INF INF INF INF INF INF INF INF INF INF INF INF INF INF INF INF INF INF INF INF INF INF INF INF INF INF INF INF INF INF INF INF INF INF INF INF INF INF INF INF INF INF INF INF INF INF INF INF INF INF INF INF INF INF INF INF INF INF INF INF INF INF INF INF INF INF INF INF INF INF INF INF INF INF INF INF INF INF INF INF INF INF INF INF INF INF INF INF INF INF INF INF INF INF INF INF INF INF INF INF INF INF INF INF INF INF INF INF INF INF INF INF INF INF INF INF INF INF INF INF INF INF INF INF INF INF INF INF INF INF INF INF INF 0 2 3 4 6 7 5 4 6 7 8 10 6 8 9 10 12 10 8 10 11 12 14 10 12 13 14 16 14 12 14 15 16 18 14 16 17 18 20 18 16 18 19 20 22 18 20 21 22
INF INF INF INF INF INF INF INF INF INF INF INF INF INF INF INF INF INF INF INF INF INF INF INF INF INF INF INF INF INF INF INF INF INF INF INF INF INF INF INF INF INF INF INF INF INF INF INF INF INF INF INF INF INF INF INF INF INF INF INF INF INF INF INF INF INF INF INF INF INF INF INF INF INF INF INF INF INF INF INF INF INF INF INF INF INF INF INF INF INF INF INF INF INF INF INF INF INF INF INF INF INF INF INF INF INF INF INF INF INF INF INF INF INF INF INF INF INF INF INF INF INF INF INF INF INF INF INF INF INF INF INF INF INF INF INF INF INF INF INF INF INF INF INF INF INF INF INF INF INF INF INF INF INF INF INF INF INF INF INF INF INF INF INF INF INF INF INF INF INF INF INF INF INF INF INF INF INF INF INF INF INF INF INF INF INF INF INF INF INF INF INF INF INF INF INF INF INF INF INF INF INF INF INF INF INF INF INF INF INF INF INF INF INF INF INF INF INF INF INF INF INF INF INF INF INF INF INF INF INF INF INF INF INF INF INF INF INF INF INF INF INF INF INF INF INF INF INF INF INF INF INF INF INF INF INF INF INF INF INF INF INF INF INF INF INF INF INF INF INF INF INF INF INF INF INF INF INF INF INF INF INF INF INF INF INF INF INF INF INF INF INF INF INF INF INF INF INF INF INF INF INF INF INF INF INF INF INF INF INF INF INF INF INF INF INF INF INF INF INF INF INF INF INF INF INF INF INF INF INF INF INF INF INF INF INF INF INF INF INF INF INF INF INF INF INF INF INF INF INF INF INF INF INF INF INF INF INF INF INF INF INF INF INF INF INF INF INF INF INF INF INF INF INF INF INF INF INF INF INF INF INF INF INF INF INF INF INF INF INF INF INF INF INF INF INF INF INF INF INF INF INF INF INF INF INF INF INF INF INF INF INF INF INF INF INF INF INF INF INF INF INF INF INF INF INF INF INF INF INF INF INF INF INF INF INF INF INF INF INF INF INF INF INF INF INF INF INF INF INF INF INF 0 2 3 4 6 4 2 4 5 6 8 4 6 7 8 10 8 6 8 9 10 12 8 10 11 12 14 12 10 12 13 14 16 12 14 15 16 18 16 14 16 17 18 20 16 18 19 20
INF INF INF INF INF INF INF INF INF INF INF INF INF INF INF INF INF INF INF INF INF INF INF INF INF INF INF INF INF INF INF INF INF INF INF INF INF INF INF INF INF INF INF INF INF INF INF INF INF INF INF INF INF INF INF INF INF INF INF INF INF INF INF INF INF INF INF INF INF INF INF INF INF INF INF INF INF INF INF INF INF INF INF INF INF INF INF INF INF INF INF INF INF INF INF INF INF INF INF INF INF INF INF INF INF INF INF INF INF INF INF INF INF INF INF INF INF INF INF INF INF INF INF INF INF INF INF INF INF INF INF INF INF INF INF INF INF INF INF INF INF INF INF INF INF INF INF INF INF INF INF INF INF INF INF INF INF INF INF INF INF INF INF INF INF INF INF INF INF INF INF INF INF INF INF INF INF INF INF INF INF INF INF INF INF INF INF INF INF INF INF INF INF INF INF INF INF INF INF INF INF INF INF INF INF INF INF INF INF INF INF INF INF INF INF INF INF INF INF INF INF INF INF INF INF INF INF INF INF INF INF INF INF INF INF INF INF INF INF INF INF INF INF INF INF INF INF INF INF INF INF INF INF INF INF INF INF INF INF INF INF INF INF INF INF INF INF INF INF INF INF INF INF INF INF INF INF INF INF INF INF INF INF INF INF INF INF INF INF INF INF INF INF INF INF INF INF INF INF INF INF INF INF INF INF INF INF INF INF INF INF INF INF INF INF INF INF INF INF INF INF INF INF INF INF INF INF INF INF INF INF INF INF INF INF INF INF INF INF INF INF INF INF INF INF INF INF INF INF INF INF INF INF INF INF INF INF INF INF INF INF INF INF INF INF INF INF INF INF INF INF INF INF INF INF INF INF INF INF INF INF INF INF INF INF INF INF INF INF INF INF INF INF INF INF INF INF INF INF INF INF INF INF INF INF INF INF INF INF INF INF INF INF INF INF INF INF INF INF INF INF INF INF INF INF INF INF INF INF INF INF INF INF INF INF INF INF INF INF INF INF INF INF INF INF INF INF INF INF INF INF INF INF 0 2 3 4 2 1 3 4 5 7 3 5 6 7 9 7 5 7 8 9 11 7 9 10 11 13 11 9 11 12 13 15 11 13 14 15 17 15 13 15 16 17 19 15 17 18 19
INF INF INF INF INF INF INF INF INF INF INF INF INF INF INF INF INF INF INF INF INF INF INF INF INF INF INF INF INF INF INF INF INF INF INF INF INF INF INF INF INF INF INF INF INF INF INF INF INF INF INF INF INF INF INF INF INF INF INF INF INF INF INF INF INF INF INF INF INF INF INF INF INF INF INF INF INF INF INF INF INF INF INF INF INF INF INF INF INF INF INF INF INF INF INF INF INF INF INF INF INF INF INF INF INF INF INF INF INF INF INF INF INF INF INF INF INF INF INF INF INF INF INF INF INF INF INF INF INF INF INF INF INF INF INF INF INF INF INF INF INF INF INF INF INF INF INF INF INF INF INF INF INF INF INF INF INF INF INF INF INF INF INF INF INF INF INF INF INF INF INF INF INF INF INF INF INF INF INF INF INF INF INF INF INF INF INF INF INF INF INF INF INF INF INF INF INF INF INF INF INF INF INF INF INF INF INF INF INF INF INF INF INF INF INF INF INF INF INF INF INF INF INF INF INF INF INF INF INF INF INF INF INF INF INF INF INF INF INF INF INF INF INF INF INF INF INF INF INF INF INF INF INF INF INF INF INF INF INF INF INF INF INF INF INF INF INF INF INF INF INF INF INF INF INF INF INF INF INF INF INF INF INF INF INF INF INF INF INF INF INF INF INF INF INF INF INF INF INF INF INF INF INF INF INF INF INF INF INF INF INF INF INF INF INF INF INF INF INF INF INF INF INF INF INF INF INF INF INF INF INF INF INF INF INF INF INF INF INF INF INF INF INF INF INF INF INF INF INF INF INF INF INF INF INF INF INF INF INF INF INF INF INF INF INF INF INF INF INF INF INF INF INF INF INF INF INF INF INF INF INF INF INF INF INF INF INF INF INF INF INF INF INF INF INF INF INF INF INF INF INF INF INF INF INF INF INF INF INF INF INF INF INF INF INF INF INF INF INF INF INF INF INF INF INF INF INF INF INF INF INF INF INF INF INF INF INF INF INF INF INF INF INF INF INF INF INF INF INF INF INF INF INF INF 0 2 3 1 0 2 3 4 6 2 4 5 6 8 6 4 6 7 8 10 6 8 9 10 12 10 8 10 11 12 14 10 12 13 14 16 14 12 14 15 16 18 14 16 17 18
INF INF INF INF INF INF INF INF INF INF INF INF INF INF INF INF INF INF INF INF INF INF INF INF INF INF INF INF INF INF INF INF INF INF INF INF INF INF INF INF INF INF INF INF INF INF INF INF INF INF INF INF INF INF INF INF INF INF INF INF INF INF INF INF INF INF INF INF INF INF INF INF INF INF INF INF INF INF INF INF INF INF INF INF INF INF INF INF INF INF INF INF INF INF INF INF INF INF INF INF INF INF INF INF INF INF INF INF INF INF INF INF INF INF INF INF INF INF INF INF INF INF INF INF INF INF INF INF INF INF INF INF INF INF INF INF INF INF INF INF INF INF INF INF INF INF INF INF INF INF INF INF INF INF INF INF INF INF INF INF INF INF INF INF INF INF INF INF INF INF INF INF INF INF INF INF INF INF INF INF INF INF INF INF INF INF INF INF INF INF INF INF INF INF INF INF INF INF INF INF INF INF INF INF INF INF INF INF INF INF INF INF INF INF INF INF INF INF INF INF INF INF INF INF INF INF INF INF INF INF INF INF INF INF INF INF INF INF INF INF INF INF INF INF INF INF INF INF INF INF INF INF INF INF INF INF INF INF INF INF INF INF INF INF INF INF INF INF INF INF INF INF INF INF INF INF INF INF INF INF INF INF INF INF INF INF INF INF INF INF INF INF INF INF INF INF INF INF INF INF INF INF INF INF INF INF INF INF INF INF INF INF INF INF INF INF INF INF INF INF INF INF INF INF INF INF INF INF INF INF INF INF INF INF INF INF INF INF INF INF INF INF INF INF INF INF INF INF INF INF INF INF INF INF INF INF INF INF INF INF INF INF INF INF INF INF INF INF INF INF INF INF INF INF INF INF INF INF INF INF INF INF INF INF INF INF INF INF INF INF INF INF INF INF INF INF INF INF INF INF INF INF INF INF INF INF INF INF INF INF INF INF INF INF INF INF INF INF INF INF INF INF INF INF INF INF INF INF INF INF INF INF INF INF INF INF INF INF INF INF INF INF INF INF INF INF INF INF INF INF INF INF INF INF INF 0 2 0 -2 0 1 2 4 0 2 3 4 6 4 2 4 5 6 8 4 6 7 8 10 8 6 8 9 10 12 8 10 11 12 14 12 10 12 13 14 16 12 14 15 16
INF INF INF INF INF INF INF INF INF INF INF INF INF INF INF INF INF INF INF INF INF INF INF INF INF INF INF INF INF INF INF INF INF INF INF INF INF INF INF INF INF INF INF INF INF INF INF INF INF INF INF INF INF INF INF INF INF INF INF INF INF INF INF INF INF INF INF INF INF INF INF INF INF INF INF INF INF INF INF INF INF INF INF INF INF INF INF INF INF INF INF INF INF INF INF INF INF INF INF INF INF INF INF INF INF INF INF INF INF INF INF INF INF INF INF INF INF INF INF INF INF INF INF INF INF INF INF INF INF INF INF INF INF INF INF INF INF INF INF INF INF INF INF INF INF INF INF INF INF INF INF INF INF INF INF INF INF INF INF INF INF INF INF INF INF INF INF INF INF INF INF INF INF INF INF INF INF INF INF INF INF INF INF INF INF INF INF INF INF INF INF INF INF INF INF INF INF INF INF INF INF INF INF INF INF INF INF INF INF INF INF INF INF INF INF INF INF INF INF INF INF INF INF INF INF INF INF INF INF INF INF INF INF INF INF INF INF INF INF INF INF INF INF INF INF INF INF INF INF INF INF INF INF INF INF INF INF INF INF INF INF INF INF INF INF INF INF INF INF INF INF INF INF INF INF INF INF INF INF INF INF INF INF INF INF INF INF INF INF INF INF INF INF INF INF INF INF INF INF INF INF INF INF INF INF INF INF INF INF INF INF INF INF INF INF INF INF INF INF INF INF INF INF INF INF INF INF INF INF INF INF INF INF INF INF INF INF INF INF INF INF INF INF INF INF INF INF INF INF INF INF INF INF INF INF INF INF INF INF INF INF INF INF INF INF INF INF INF INF INF INF INF INF INF INF INF INF INF INF INF INF INF INF INF INF INF INF INF INF INF INF INF INF INF INF INF INF INF INF INF INF INF INF INF INF INF INF INF INF INF INF INF INF INF INF INF INF INF INF INF INF INF INF INF INF INF INF INF INF INF INF INF INF INF INF INF INF INF INF INF INF INF INF INF INF INF INF INF INF INF INF INF INF INF INF INF 0 -2 0 1 2 4 5 2 4 5 6 8 6 4 6 7 8 10 6 8 9 10 12 10 8 10 11 12 14 10 12 13 14 16 14 12 14 15 16 18 14 16 17 18
INF INF INF INF INF INF INF INF INF INF INF INF INF INF INF INF INF INF INF INF INF INF INF INF INF INF INF INF INF INF INF INF INF INF INF INF INF INF INF INF INF INF INF INF INF INF INF INF INF INF INF INF INF INF INF INF INF INF INF INF INF INF INF INF INF INF INF INF INF INF INF INF INF INF INF INF INF INF INF INF INF INF INF INF INF INF INF INF INF INF INF INF INF INF INF INF INF INF INF INF INF INF INF INF INF INF INF INF INF INF INF INF INF INF INF INF INF INF INF INF INF INF INF INF INF INF INF INF INF INF INF INF INF INF INF INF INF INF INF INF INF INF INF INF INF INF INF INF INF INF INF INF INF INF INF INF INF INF INF INF INF INF INF INF INF INF INF INF INF INF INF INF INF INF INF INF INF INF INF INF INF INF INF INF INF INF INF INF INF INF INF INF INF INF INF INF INF INF INF INF INF INF INF INF INF INF INF INF INF INF INF INF INF INF INF INF INF INF INF INF INF INF INF INF INF INF INF INF INF INF INF INF INF INF INF INF INF INF INF INF INF INF INF INF INF INF INF INF INF INF INF INF INF INF INF INF INF INF INF INF INF INF INF INF INF INF INF INF INF INF INF INF INF INF INF INF INF INF INF INF INF INF INF INF INF INF INF INF INF INF INF INF INF INF INF INF INF INF INF INF INF INF INF INF INF INF INF INF INF INF INF INF INF INF INF INF INF INF INF INF INF INF INF INF INF INF INF INF INF INF INF INF INF INF INF INF INF INF INF INF INF INF INF INF INF INF INF INF INF INF INF INF INF INF INF INF INF INF INF INF INF INF INF INF INF INF INF INF INF INF INF INF INF INF INF INF INF INF INF INF INF INF INF INF INF INF INF INF INF INF INF INF INF INF INF INF INF INF INF INF INF INF INF INF INF INF INF INF INF INF INF INF INF INF INF INF INF INF INF INF INF INF INF INF INF INF INF INF INF INF INF INF INF INF INF INF INF INF INF INF INF INF INF INF INF INF INF INF INF INF INF INF INF INF INF INF INF 0 2 3 4 6 7 4 6 7 8 10 8 6 8 9 10 12 8 10 11 12 14 12 10 12 13 14 16 12 14 15 16 18 16 14 16 17 18 20 16 18 19 20
INF INF INF INF INF INF INF INF INF INF INF INF INF INF INF INF INF INF INF INF INF INF INF INF INF INF INF INF INF INF INF INF INF INF INF INF INF INF INF INF INF INF INF INF INF INF INF INF INF INF INF INF INF INF INF INF INF INF INF INF INF INF INF INF INF INF INF INF INF INF INF INF INF INF INF INF INF INF INF INF INF INF INF INF INF INF INF INF INF INF INF INF INF INF INF INF INF INF INF INF INF INF INF INF INF INF INF INF INF INF INF INF INF INF INF INF INF INF INF INF INF INF INF INF INF INF INF INF INF INF INF INF INF INF INF INF INF INF INF INF INF INF INF INF INF INF INF INF INF INF INF INF INF INF INF INF INF INF INF INF INF INF INF INF INF INF INF INF INF INF INF INF INF INF INF INF INF INF INF INF INF INF INF INF INF INF INF INF INF INF INF INF INF INF INF INF INF INF INF INF INF INF INF INF INF INF INF INF INF INF INF INF INF INF INF INF INF INF INF INF INF INF INF INF INF INF INF INF INF INF INF INF INF INF INF INF INF INF INF INF INF INF INF INF INF INF INF INF INF INF INF INF INF INF INF INF INF INF INF INF INF INF INF INF INF INF INF INF INF INF INF INF INF INF INF INF INF INF INF INF INF INF INF INF INF INF INF INF INF INF INF INF INF INF INF INF INF INF INF INF INF INF INF INF INF INF INF INF INF INF INF INF INF INF INF INF INF INF INF INF INF INF INF INF INF INF INF INF INF INF INF INF INF INF INF INF INF INF INF INF INF INF INF INF INF INF INF INF INF INF INF INF INF INF INF INF INF INF INF INF INF INF INF INF INF INF INF INF INF INF INF INF INF INF INF INF INF INF INF INF INF INF INF INF INF INF INF INF INF INF INF INF INF INF INF INF INF INF INF INF INF INF INF INF INF INF INF INF INF INF INF INF INF INF INF INF INF INF INF INF INF INF INF INF INF INF INF INF INF INF INF INF INF INF INF INF INF INF INF INF INF INF INF INF INF INF INF INF INF INF INF INF INF INF INF INF INF INF 0 2 3 4 6 2 4 5 6 8 6 4 6 7 8 10 6 8 9 10 12 10 8 10 11 12 14 10 12 13 14 16 14 12 14 15 16 18 14 16 17 18
INF INF INF INF INF INF INF INF INF INF INF INF INF INF INF INF INF INF INF INF INF INF INF INF INF INF INF INF INF INF INF INF INF INF INF INF INF INF INF INF INF INF INF INF INF INF INF INF INF INF INF INF INF INF INF INF INF INF INF INF INF INF INF INF INF INF INF INF INF INF INF INF INF INF INF INF INF INF INF INF INF INF INF INF INF INF INF INF INF INF INF INF INF INF INF INF INF INF INF INF INF INF INF INF INF INF INF INF INF INF INF INF INF INF INF INF INF INF INF INF INF INF INF INF INF INF INF INF INF INF INF INF INF INF INF INF INF INF INF INF INF INF INF INF INF INF INF INF INF INF INF INF INF INF INF INF INF INF INF INF INF INF INF INF INF INF INF INF INF INF INF INF INF INF INF INF INF INF INF INF INF INF INF INF INF INF INF INF INF INF INF INF INF INF INF INF INF INF INF INF INF INF INF INF INF INF INF INF INF INF INF INF INF INF INF INF INF INF INF INF INF INF INF INF INF INF INF INF INF INF INF INF INF INF INF INF INF INF INF INF INF INF INF INF INF INF INF INF INF INF INF INF INF INF INF INF INF INF INF INF INF INF INF INF INF INF INF INF INF INF INF INF INF INF INF INF INF INF INF INF INF INF INF INF INF INF INF INF INF INF INF INF INF INF INF INF INF INF INF INF INF INF INF INF INF INF INF INF INF INF INF INF INF INF INF INF INF INF INF INF INF INF INF INF INF INF INF INF INF INF INF INF INF INF INF INF INF INF INF INF INF INF INF INF INF INF INF INF INF INF INF INF INF INF INF INF INF INF INF INF INF INF INF INF INF INF INF INF INF INF INF INF INF INF INF INF INF INF INF INF INF INF INF INF INF INF INF INF INF INF INF INF INF INF INF INF INF INF INF INF INF INF INF INF INF INF INF INF INF INF INF INF INF INF INF INF INF INF INF INF INF INF INF INF INF INF INF INF INF INF INF INF INF INF INF INF INF INF INF INF INF INF INF INF INF INF INF INF INF INF INF INF INF INF INF INF INF INF INF 0 2 3 4 1 3 4 5 7 5 3 5 6 7 9 5 7 8 9 11 9 7 9 10 11 13 9 11 12 13 15 13 11 13 14 15 17 13 15 16 17
INF INF INF INF INF INF INF INF INF INF INF INF INF INF INF INF INF INF INF INF INF INF INF INF INF INF INF INF INF INF INF INF INF INF INF INF INF INF INF INF INF INF INF INF INF INF INF INF INF INF INF INF INF INF INF INF INF INF INF INF INF INF INF INF INF INF INF INF INF INF INF INF INF INF INF INF INF INF INF INF INF INF INF INF INF INF INF INF INF INF INF INF INF INF INF INF INF INF INF INF INF INF INF INF INF INF INF INF INF INF INF INF INF INF INF INF INF INF INF INF INF INF INF INF INF INF INF INF INF INF INF INF INF INF INF INF INF INF INF INF INF INF INF INF INF INF INF INF INF INF INF INF INF INF INF INF INF INF INF INF INF INF INF INF INF INF INF INF INF INF INF INF INF INF INF INF INF INF INF INF INF INF INF INF INF INF INF INF INF INF INF INF INF INF INF INF INF INF INF INF INF INF INF INF INF INF INF INF INF INF INF INF INF INF INF INF INF INF INF INF INF INF INF INF INF INF INF INF INF INF INF INF INF INF INF INF INF INF INF INF INF INF INF INF INF INF INF INF INF INF INF INF INF INF INF INF INF INF INF INF INF INF INF INF INF INF INF INF INF INF INF INF INF INF INF INF INF INF INF INF INF INF INF INF INF INF INF INF INF INF INF INF INF INF INF INF INF INF INF INF INF INF INF INF INF INF INF INF INF INF INF INF INF INF INF INF INF INF INF INF INF INF INF INF INF INF INF INF INF INF INF INF INF INF INF INF INF INF INF INF INF INF INF INF INF INF INF INF INF INF INF INF INF INF INF INF INF INF INF INF INF INF INF INF INF INF INF INF INF INF INF INF INF INF INF INF INF INF INF INF INF INF INF INF INF INF INF INF INF INF INF INF INF INF INF INF INF INF INF INF INF INF INF INF INF INF INF INF INF INF INF INF INF INF INF INF INF INF INF INF INF INF INF INF INF INF INF INF INF INF INF INF INF INF INF INF INF INF INF INF INF INF INF INF INF INF INF INF INF INF INF INF INF INF INF INF INF INF INF INF 0 2 3 0 2 3 4 6 4 2 4 5 6 8 4 6 7 8 10 8 6 8 9 10 12 8 10 11 12 14 12 10 12 13 14 16 12 14 15 16
INF INF INF INF INF INF INF INF INF INF INF INF INF INF INF INF INF INF INF INF INF INF INF INF INF INF INF INF INF INF INF INF INF INF INF INF INF INF INF INF INF INF INF INF INF INF INF INF INF INF INF INF INF INF INF INF INF INF INF INF INF INF INF INF INF INF INF INF INF INF INF INF INF INF INF INF INF INF INF INF INF INF INF INF INF INF INF INF INF INF INF INF INF INF INF INF INF INF INF INF INF INF INF INF INF INF INF INF INF INF INF INF INF INF INF INF INF INF INF INF INF INF INF INF INF INF INF INF INF INF INF INF INF INF INF INF INF INF INF INF INF INF INF INF INF INF INF INF INF INF INF INF INF INF INF INF INF INF INF INF INF INF INF INF INF INF INF INF INF INF INF INF INF INF INF INF INF INF INF INF INF INF INF INF INF INF INF INF INF INF INF INF INF INF INF INF INF INF INF INF INF INF INF INF INF INF INF INF INF INF INF INF INF INF INF INF INF INF INF INF INF INF INF INF INF INF INF INF INF INF INF INF INF INF INF INF INF INF INF INF INF INF INF INF INF INF INF INF INF INF INF INF INF INF INF INF INF INF INF INF INF INF INF INF INF INF INF INF INF INF INF INF INF INF INF INF INF INF INF INF INF INF INF INF INF INF INF INF INF INF INF INF INF INF INF INF INF INF INF INF INF INF INF INF INF INF INF INF INF INF INF INF INF INF INF INF INF INF INF INF INF INF INF INF INF INF INF INF INF INF INF INF INF INF INF INF INF INF INF INF INF INF INF INF INF INF INF INF INF INF INF INF INF INF INF INF INF INF INF INF INF INF INF INF INF INF INF INF INF INF INF INF INF INF INF INF INF INF INF INF INF INF INF INF INF INF INF INF INF INF INF INF INF INF INF INF INF INF INF INF INF INF INF INF INF INF INF INF INF INF INF INF INF INF INF INF INF INF INF INF INF INF INF INF INF INF INF INF INF INF INF INF INF INF INF INF INF INF INF INF INF INF INF INF INF INF INF INF INF INF INF INF INF INF INF INF INF INF INF INF INF 0 2 -2 0 1 2 4 2 0 2 3 4 6 2 4 5 6 8 6 4 6 7 8 10 6 8 9 10 12 10 8 10 11 12 14 10 12 13 14
INF INF INF INF INF INF INF INF INF INF INF INF INF INF INF INF INF INF INF INF INF INF INF INF INF INF INF INF INF INF INF INF INF INF INF INF INF INF INF INF INF INF INF INF INF INF INF INF INF INF INF INF INF INF INF INF INF INF INF INF INF INF INF INF INF INF INF INF INF INF INF INF INF INF INF INF INF INF INF INF INF INF INF INF INF INF INF INF INF INF INF INF INF INF INF INF INF INF INF INF INF INF INF INF INF INF INF INF INF INF INF INF INF INF INF INF INF INF INF INF INF INF INF INF INF INF INF INF INF INF INF INF INF INF INF INF INF INF INF INF INF INF INF INF INF INF INF INF INF INF INF INF INF INF INF INF INF INF INF INF INF INF INF INF INF INF INF INF INF INF INF INF INF INF INF INF INF INF INF INF INF INF INF INF INF INF INF INF INF INF INF INF INF INF INF INF INF INF INF INF INF INF INF INF INF INF INF INF INF INF INF INF INF INF INF INF INF INF INF INF INF INF INF INF INF INF INF INF INF INF INF INF INF INF INF INF INF INF INF INF INF INF INF INF INF INF INF INF INF INF INF INF INF INF INF INF INF INF INF INF INF INF INF INF INF INF INF INF INF INF INF INF INF INF INF INF INF INF INF INF INF INF INF INF INF INF INF INF INF INF INF INF INF INF INF INF INF INF INF INF INF INF INF INF INF INF INF INF INF INF INF INF INF INF INF INF INF INF INF INF INF INF INF INF INF INF INF INF INF INF INF INF INF INF INF INF INF INF INF INF INF INF INF INF INF INF INF INF INF INF INF INF INF INF INF INF INF INF INF INF INF INF INF INF INF INF INF INF INF INF INF INF INF INF INF INF INF INF INF INF INF INF INF INF INF INF INF INF INF INF INF INF INF INF INF INF INF INF INF INF INF INF INF INF INF INF INF INF INF INF INF INF INF INF INF INF INF INF INF INF INF INF INF INF INF INF INF INF INF INF INF INF INF INF INF INF INF INF INF INF INF INF INF INF INF INF INF INF INF INF INF INF INF INF INF INF INF INF INF INF INF INF 0 2 3 4 6 7 5 4 6 7 8 10 6 8 9 10 12 10 8 10 11 12 14 10 12 13 14 16 14 12 14 15 16 18 14 16 17 18
INF INF INF INF INF INF INF INF INF INF INF INF INF INF INF INF INF INF INF INF INF INF INF INF INF INF INF INF INF INF INF INF INF INF INF INF INF INF INF INF INF INF INF INF INF INF INF INF INF INF INF INF INF INF INF INF INF INF INF INF INF INF INF INF INF INF INF INF INF INF INF INF INF INF INF INF INF INF INF INF INF INF INF INF INF INF INF INF INF INF INF INF INF INF INF INF INF INF INF INF INF INF INF INF INF INF INF INF INF INF INF INF INF INF INF INF INF INF INF INF INF INF INF INF INF INF INF INF INF INF INF INF INF INF INF INF INF INF INF INF INF INF INF INF INF INF INF INF INF INF INF INF INF INF INF INF INF INF INF INF INF INF INF INF INF INF INF INF INF INF INF INF INF INF INF INF INF INF INF INF INF INF INF INF INF INF INF INF INF INF INF INF INF INF INF INF INF INF INF INF INF INF INF INF INF INF INF INF INF INF INF INF INF INF INF INF INF INF INF INF INF INF INF INF INF INF INF INF INF INF INF INF INF INF INF INF INF INF INF INF INF INF INF INF INF INF INF INF INF INF INF INF INF INF INF INF INF INF INF INF INF INF INF INF INF INF INF INF INF INF INF INF INF INF INF INF INF INF INF INF INF INF INF INF INF INF INF INF INF INF INF INF INF INF INF INF INF INF INF INF INF INF INF INF INF INF INF INF INF INF INF INF INF INF INF INF INF INF INF INF INF INF INF INF INF INF INF INF INF INF INF INF INF INF INF INF INF INF INF INF INF INF INF INF INF INF INF INF INF INF INF INF INF INF INF INF INF INF INF INF INF INF INF INF INF INF INF INF INF INF INF INF INF INF INF INF INF INF INF INF INF INF INF INF INF INF INF INF INF INF INF INF INF INF INF INF INF INF INF INF INF INF INF INF INF INF INF INF INF INF INF INF INF INF INF INF INF INF INF INF INF INF INF INF INF INF INF INF INF INF INF INF INF INF INF INF INF INF INF INF INF INF INF INF INF INF INF INF INF INF INF INF INF INF INF INF INF INF INF INF INF INF INF 0 2 3 4 6 4 2 4 5 6 8 4 6 7 8 10 8 6 8 9 10 12 8 10 11 12 14 12 10 12 13 14 16 12 14 15 16
INF INF INF INF INF INF INF INF INF INF INF INF INF INF INF INF INF INF INF INF INF INF INF INF INF INF INF INF INF INF INF INF INF INF INF INF INF INF INF INF INF INF INF INF INF INF INF INF INF INF INF INF INF INF INF INF INF INF INF INF INF INF INF INF INF INF INF INF INF INF INF INF INF INF INF INF INF INF INF INF INF INF INF INF INF INF INF INF INF INF INF INF INF INF INF INF INF INF INF INF INF INF INF INF INF INF INF INF INF INF INF INF INF INF INF INF INF INF INF INF INF INF INF INF INF INF INF INF INF INF INF INF INF INF INF INF INF INF INF INF INF INF INF INF INF INF INF INF INF INF INF INF INF INF INF INF INF INF INF INF INF INF INF INF INF INF INF INF INF INF INF INF INF INF INF INF INF INF INF INF INF INF INF INF INF INF INF INF INF INF INF INF INF INF INF INF INF INF INF INF INF INF INF INF INF INF INF INF INF INF INF INF INF INF INF INF INF INF INF INF INF INF INF INF INF INF INF INF INF INF INF INF INF INF INF INF INF INF INF INF INF INF INF INF INF INF INF INF INF INF INF INF INF INF INF INF INF INF INF INF INF INF INF INF INF INF INF INF INF INF INF INF INF INF INF INF INF INF INF INF INF INF INF INF INF INF INF INF INF INF INF INF INF INF INF INF INF INF INF INF INF INF INF INF INF INF INF INF INF INF INF INF INF INF INF INF INF INF INF INF INF INF INF INF INF INF INF INF INF INF INF INF INF INF INF INF INF INF INF INF INF INF INF INF INF INF INF INF INF INF INF INF INF INF INF INF INF INF INF INF INF INF INF INF INF INF INF INF INF INF INF INF INF INF INF INF INF INF INF INF INF INF INF INF INF INF INF INF INF INF INF INF INF INF INF INF INF INF INF INF INF INF INF INF INF INF INF INF INF INF INF INF INF INF INF INF INF INF INF INF INF INF INF INF INF INF INF INF INF INF INF INF INF INF INF INF INF INF INF INF INF INF INF INF INF INF INF INF INF INF INF INF INF INF INF INF INF INF INF INF INF INF INF INF 0 2 3 4 2 1 3 4 5 7 3 5 6 7 9 7 5 7 8 9 11 7 9 10 11 13 11 9 11 12 13 15 11 13 14 15
INF INF INF INF INF INF INF INF INF INF INF INF INF INF INF INF INF INF INF INF INF INF INF INF INF INF INF INF INF INF INF INF INF INF INF INF INF INF INF INF INF INF INF INF INF INF INF INF INF INF INF INF INF INF INF INF INF INF INF INF INF INF INF INF INF INF INF INF INF INF INF INF INF INF INF INF INF INF INF INF INF INF INF INF INF INF INF INF INF INF INF INF INF INF INF INF INF INF INF INF INF INF INF INF INF INF INF INF INF INF INF INF INF INF INF INF INF INF INF INF INF INF INF INF INF INF INF INF INF INF INF INF INF INF INF INF INF INF INF INF INF INF INF INF INF INF INF INF INF INF INF INF INF INF INF INF INF INF INF INF INF INF INF INF INF INF INF INF INF INF INF INF INF INF INF INF INF INF INF INF INF INF INF INF INF INF INF INF INF INF INF INF INF INF INF INF INF INF INF INF INF INF INF INF INF INF INF INF INF INF INF INF INF INF INF INF INF INF INF INF INF INF INF INF INF INF INF INF INF INF INF INF INF INF INF INF INF INF INF INF INF INF INF INF INF INF INF INF INF INF INF INF INF INF INF INF INF INF INF INF INF INF INF INF INF INF INF INF INF INF INF INF INF INF INF INF INF INF INF INF INF INF INF INF INF INF INF INF INF INF INF INF INF INF INF INF INF INF INF INF INF INF INF INF INF INF INF INF INF INF INF INF INF INF INF INF INF INF INF INF INF INF INF INF INF INF INF INF INF INF INF INF INF INF INF INF INF INF INF INF INF INF INF INF INF INF INF INF INF INF INF INF INF INF INF INF INF INF INF INF INF INF INF INF INF INF INF INF INF INF INF INF INF INF INF INF INF INF INF INF INF INF INF INF INF INF INF INF INF INF INF INF INF INF INF INF INF INF INF INF INF INF INF INF INF INF INF INF INF INF INF INF INF INF INF INF INF INF INF INF INF INF INF INF INF INF INF INF INF INF INF INF INF INF INF INF INF INF INF INF INF INF INF INF INF INF INF INF INF INF INF INF INF INF INF INF INF INF INF INF INF INF INF INF INF 0 2 3 1 0 2 3 4 6 2 4 5 6 8 6 4 6 7 8 10 6 8 9 10 12 10 8 10 11 12 14 10 12 13 14
INF INF INF INF INF INF INF INF INF INF INF INF INF INF INF INF INF INF INF INF INF INF INF INF INF INF INF INF INF INF INF INF INF INF INF INF INF INF INF INF INF INF INF INF INF INF INF INF INF INF INF INF INF INF INF INF INF INF INF INF INF INF INF INF INF INF INF INF INF INF INF INF INF INF INF INF INF INF INF INF INF INF INF INF INF INF INF INF INF INF INF INF INF INF INF INF INF INF INF INF INF INF INF INF INF INF INF INF INF INF INF INF INF INF INF INF INF INF INF INF INF INF INF INF INF INF INF INF INF INF INF INF INF INF INF INF INF INF INF INF INF INF INF INF INF INF INF INF INF INF INF INF INF INF INF INF INF INF INF INF INF INF INF INF INF INF INF INF INF INF INF INF INF INF INF INF INF INF INF INF INF INF INF INF INF INF INF INF INF INF INF INF INF INF INF INF INF INF INF INF INF INF INF INF INF INF INF INF INF INF INF INF INF INF INF INF INF INF INF INF INF INF INF INF INF INF INF INF INF INF INF INF INF INF INF INF INF INF INF INF INF INF INF INF INF INF INF INF INF INF INF INF INF INF INF INF INF INF INF INF INF INF INF INF INF INF INF INF INF INF INF INF INF INF INF INF INF INF INF INF INF INF INF INF INF INF INF INF INF INF INF INF INF INF INF INF INF INF INF INF INF INF INF INF INF INF INF INF INF INF INF INF INF INF INF INF INF INF INF INF INF INF INF INF INF INF INF INF INF INF INF INF INF INF INF INF INF INF INF INF INF INF INF INF INF INF INF INF INF INF INF INF INF INF INF INF INF INF INF INF INF INF INF INF INF INF INF INF INF INF INF INF INF INF INF INF INF INF INF INF INF INF INF INF INF INF INF INF INF INF INF INF INF INF INF INF INF INF INF INF INF INF INF INF INF INF INF INF INF INF INF INF INF INF INF INF INF INF INF INF INF INF INF INF INF INF INF INF INF INF INF INF INF INF INF INF INF INF INF INF INF INF INF INF INF INF INF INF INF INF INF INF INF INF INF INF INF INF INF INF INF INF INF INF INF INF 0 2 0 -2 0 1 2 4 0 2 3 4 6 4 2 4 5 6 8 4 6 7 8 10 8 6 8 9 10 12 8 10 11 12
INF INF INF INF INF INF INF INF INF INF INF INF INF INF INF INF INF INF INF INF INF INF INF INF INF INF INF INF INF INF INF INF INF INF INF INF INF INF INF INF INF INF INF INF INF INF INF INF INF INF INF INF INF INF INF INF INF INF INF INF INF INF INF INF INF INF INF INF INF INF INF INF INF INF INF INF INF INF INF INF INF INF INF INF INF INF INF INF INF INF INF INF INF INF INF INF INF INF INF INF INF INF INF INF INF INF INF INF INF INF INF INF INF INF INF INF INF INF INF INF INF INF INF INF INF INF INF INF INF INF INF INF INF INF INF INF INF INF INF INF INF INF INF INF INF INF INF INF INF INF INF INF INF INF INF INF INF INF INF INF INF INF INF INF INF INF INF INF INF INF INF INF INF INF INF INF INF INF INF INF INF INF INF INF INF INF INF INF INF INF INF INF INF INF INF INF INF INF INF INF INF INF INF INF INF INF INF INF INF INF INF INF INF INF INF INF INF INF INF INF INF INF INF INF INF INF INF INF INF INF INF INF INF INF INF INF INF INF INF INF INF INF INF INF INF INF INF INF INF INF INF INF INF INF INF INF INF INF INF INF INF INF INF INF INF INF INF INF INF INF INF INF INF INF INF INF INF INF INF INF INF INF INF INF INF INF INF INF INF INF INF INF INF INF INF INF INF INF INF INF INF INF INF INF INF INF INF INF INF INF INF INF INF INF INF INF INF INF INF INF INF INF INF INF INF INF INF INF INF INF INF INF INF INF INF INF INF INF INF INF INF INF INF INF INF INF INF INF INF INF INF INF INF INF INF INF INF INF INF INF INF INF INF INF INF INF INF INF INF INF INF INF INF INF INF INF INF INF INF INF INF INF INF INF INF INF INF INF INF INF INF INF INF INF INF INF INF INF INF INF INF INF INF INF INF INF INF INF INF INF INF INF INF INF INF INF INF INF INF INF INF INF INF INF INF INF INF INF INF INF INF INF INF INF INF INF INF INF INF INF INF INF INF INF INF INF INF INF INF INF INF INF INF INF INF INF INF INF INF INF INF INF INF INF INF INF INF 0 -2 0 1 2 4 5 2 4 5 6 8 6 4 6 7 8 10 6 8 9 10 12 10 8 10 11 12 14 10 12 13 14
INF INF INF INF INF INF INF INF INF INF INF INF INF INF INF INF INF INF INF INF INF INF INF INF INF INF INF INF INF INF INF INF INF INF INF INF INF INF INF INF INF INF INF INF INF INF INF INF INF INF INF INF INF INF INF INF INF INF INF INF INF INF INF INF INF INF INF INF INF INF INF INF INF INF INF INF INF INF INF INF INF INF INF INF INF INF INF INF INF INF INF INF INF INF INF INF INF INF INF INF INF INF INF INF INF INF INF INF INF INF INF INF INF INF INF INF INF INF INF INF INF INF INF INF INF INF INF INF INF INF INF INF INF INF INF INF INF INF INF INF INF INF INF INF INF INF INF INF INF INF INF INF INF INF INF INF INF INF INF INF INF INF INF INF INF INF INF INF INF INF INF INF INF INF INF INF INF INF INF INF INF INF INF INF INF INF INF INF INF INF INF INF INF INF INF INF INF INF INF INF INF INF INF INF INF INF INF INF INF INF INF INF INF INF INF INF INF INF INF INF INF INF INF INF INF INF INF INF INF INF INF INF INF INF INF INF INF INF INF INF INF INF INF INF INF INF INF INF INF INF INF INF INF INF INF INF INF INF INF INF INF INF INF INF INF INF INF INF INF INF INF INF INF INF INF INF INF INF INF INF INF INF INF INF INF INF INF INF INF INF INF INF INF INF INF INF INF INF INF INF INF INF INF INF INF INF INF INF INF INF INF INF INF INF INF INF INF INF INF INF INF INF INF INF INF INF INF INF INF INF INF INF INF INF INF INF INF INF INF INF INF INF INF INF INF INF INF INF INF INF INF INF INF INF INF INF INF INF INF INF INF INF INF INF INF INF INF INF INF INF INF INF INF INF INF INF INF INF INF INF INF INF INF INF INF INF INF INF INF INF INF INF INF INF INF INF INF INF INF INF INF INF INF INF INF INF INF INF INF INF INF INF INF INF INF INF INF INF INF INF INF INF INF INF INF INF INF INF INF INF INF INF INF INF INF INF INF INF INF INF INF INF INF INF INF INF INF INF INF INF INF INF INF INF INF INF INF INF INF INF INF INF INF INF INF INF INF INF 0 2 3 4 6 7 4 6 7 8 10 8 6 8 9 10 12 8 10 11 12 14 12 10 12 13 14 16 12 14 15 16
INF INF INF INF INF INF INF INF INF INF INF INF INF INF INF INF INF INF INF INF INF INF INF INF INF INF INF INF INF INF INF INF INF INF INF INF INF INF INF INF INF INF INF INF INF INF INF INF INF INF INF INF INF INF INF INF INF INF INF INF INF INF INF INF INF INF INF INF INF INF INF INF INF INF INF INF INF INF INF INF INF INF INF INF INF INF INF INF INF INF INF INF INF INF INF INF INF INF INF INF INF INF INF INF INF INF INF INF INF INF INF INF INF INF INF INF INF INF INF INF INF INF INF INF INF INF INF INF INF INF INF INF INF INF INF INF INF INF INF INF INF INF INF INF INF INF INF INF INF INF INF INF INF INF INF INF INF INF INF INF INF INF INF INF INF INF INF INF INF INF INF INF INF INF INF INF INF INF INF INF INF INF INF INF INF INF INF INF INF INF INF INF INF INF INF INF INF INF INF INF INF INF INF INF INF INF INF INF INF INF INF INF INF INF INF INF INF INF INF INF INF INF INF INF INF INF INF INF INF INF INF INF INF INF INF INF INF INF INF INF INF INF INF INF INF INF INF INF INF INF INF INF INF INF INF INF INF INF INF INF INF INF INF INF INF INF INF INF INF INF INF INF INF INF INF INF INF INF INF INF INF INF INF INF INF INF INF INF INF INF INF INF INF INF INF INF INF INF INF INF INF INF INF INF INF INF INF INF INF INF INF INF INF INF INF INF INF INF INF INF INF INF INF INF INF INF INF INF INF INF INF INF INF INF INF INF INF INF INF INF INF INF INF INF INF INF INF INF INF INF INF INF INF INF INF INF INF INF INF INF INF INF INF INF INF INF INF INF INF INF INF INF INF INF INF INF INF INF INF INF INF INF INF INF INF INF INF INF INF INF INF INF INF INF INF INF INF INF INF INF INF INF INF INF INF INF INF INF INF INF INF INF INF INF INF INF INF INF INF INF INF INF INF INF INF INF INF INF INF INF INF INF INF INF INF INF INF INF INF INF INF INF INF INF INF INF INF INF INF INF INF INF INF INF INF INF INF INF INF INF INF INF INF INF INF INF INF INF INF 0 2 3 4 6 2 4 5 6 8 6 4 6 7 8 10 6 8 9 10 12 10 8 10 11 12 14 10 12 13 14
INF INF INF INF INF INF INF INF INF INF INF INF INF INF INF INF INF INF INF INF INF INF INF INF INF INF INF INF INF INF INF INF INF INF INF INF INF INF INF INF INF INF INF INF INF INF INF INF INF INF INF INF INF INF INF INF INF INF INF INF INF INF INF INF INF INF INF INF INF INF INF INF INF INF INF INF INF INF INF INF INF INF INF INF INF INF INF INF INF INF INF INF INF INF INF INF INF INF INF INF INF INF INF INF INF INF INF INF INF INF INF INF INF INF INF INF INF INF INF INF INF INF INF INF INF INF INF INF INF INF INF INF INF INF INF INF INF INF INF INF INF INF INF INF INF INF INF INF INF INF INF INF INF INF INF INF INF INF INF INF INF INF INF INF INF INF INF INF INF INF INF INF INF INF INF INF INF INF INF INF INF INF INF INF INF INF INF INF INF INF INF INF INF INF INF INF INF INF INF INF INF INF INF INF INF INF INF INF INF INF INF INF INF INF INF INF INF INF INF INF INF INF INF INF INF INF INF INF INF INF INF INF INF INF INF INF INF INF INF INF INF INF INF INF INF INF INF INF INF INF INF INF INF INF INF INF INF INF INF INF INF INF INF INF INF INF INF INF INF INF INF INF INF INF INF INF INF INF INF INF INF INF INF INF INF INF INF INF INF INF INF INF INF INF INF INF INF INF INF INF INF INF INF INF INF INF INF INF INF INF INF INF INF INF INF INF INF INF INF INF INF INF INF INF INF INF INF INF INF INF INF INF INF INF INF INF INF INF INF INF INF INF INF INF INF INF INF INF INF INF INF INF INF INF INF INF INF INF INF INF INF INF INF INF INF INF INF INF INF INF INF INF INF INF INF INF INF INF INF INF INF INF INF INF INF INF INF INF INF INF INF INF INF INF INF INF INF INF INF INF INF INF INF INF INF INF INF INF INF INF INF INF INF INF INF INF INF INF INF INF INF INF INF INF INF INF INF INF INF INF INF INF INF INF INF INF INF INF INF INF INF INF INF INF INF INF INF INF INF INF INF INF INF INF INF INF INF INF INF INF INF INF INF INF INF INF INF INF INF INF 0 2 3 4 1 3 4 5 7 5 3 5 6 7 9 5 7 8 9 11 9 7 9 10 11 13 9 11 12 13
INF INF INF INF INF INF INF INF INF INF INF INF INF INF INF INF INF INF INF INF INF INF INF INF INF INF INF INF INF INF INF INF INF INF INF INF INF INF INF INF INF INF INF INF INF INF INF INF INF INF INF INF INF INF INF INF INF INF INF INF INF INF INF INF INF INF INF INF INF INF INF INF INF INF INF INF INF INF INF INF INF INF INF INF INF INF INF INF INF INF INF INF INF INF INF INF INF INF INF INF INF INF INF INF INF INF INF INF INF INF INF INF INF INF INF INF INF INF INF INF INF INF INF INF INF INF INF INF INF INF INF INF INF INF INF INF INF INF INF INF INF INF INF INF INF INF INF INF INF INF INF INF INF INF INF INF INF INF INF INF INF INF INF INF INF INF INF INF INF INF INF INF INF INF INF INF INF INF INF INF INF INF INF INF INF INF INF INF INF INF INF INF INF INF INF INF INF INF INF INF INF INF INF INF INF INF INF INF INF INF INF INF INF INF INF INF INF INF INF INF INF INF INF INF INF INF INF INF INF INF INF INF INF INF INF INF INF INF INF INF INF INF INF INF INF INF INF INF INF INF INF INF INF INF INF INF INF INF INF INF INF INF INF INF INF INF INF INF INF INF INF INF INF INF INF INF INF INF INF INF INF INF INF INF INF INF INF INF INF INF INF INF INF INF INF INF INF INF INF INF INF INF INF INF INF INF INF INF INF INF INF INF INF INF INF INF INF INF INF INF INF INF INF INF INF INF INF INF INF INF INF INF INF INF INF INF INF INF INF INF INF INF INF INF INF INF INF INF INF INF INF INF INF INF INF INF INF INF INF INF INF INF INF INF INF INF INF INF INF INF INF INF INF INF INF INF INF INF INF INF INF INF INF INF INF INF INF INF INF INF INF INF INF INF INF INF INF INF INF INF INF INF INF INF INF INF INF INF INF INF INF INF INF INF INF INF INF INF INF INF INF INF INF INF INF INF INF INF INF INF INF INF INF INF INF INF INF INF INF INF INF INF INF INF INF INF INF INF INF INF INF INF INF INF INF INF INF INF INF INF INF INF INF INF INF INF INF INF INF INF INF 0 2 3 0 2 3 4 6 4 2 4 5 6 8 4 6 7 8 10 8 6 8 9 10 12 8 10 11 12
INF INF INF INF INF INF INF INF INF INF INF INF INF INF INF INF INF INF INF INF INF INF INF INF INF INF INF INF INF INF INF INF INF INF INF INF INF INF INF INF INF INF INF INF INF INF INF INF INF INF INF INF INF INF INF INF INF INF INF INF INF INF INF INF INF INF INF INF INF INF INF INF INF INF INF INF INF INF INF INF INF INF INF INF INF INF INF INF INF INF INF INF INF INF INF INF INF INF INF INF INF INF INF INF INF INF INF INF INF INF INF INF INF INF INF INF INF INF INF INF INF INF INF INF INF INF INF INF INF INF INF INF INF INF INF INF INF INF INF INF INF INF INF INF INF INF INF INF INF INF INF INF INF INF INF INF INF INF INF INF INF INF INF INF INF INF INF INF INF INF INF INF INF INF INF INF INF INF INF INF INF INF INF INF INF INF INF INF INF INF INF INF INF INF INF INF INF INF INF INF INF INF INF INF INF INF INF INF INF INF INF INF INF INF INF INF INF INF INF INF INF INF INF INF INF INF INF INF INF INF INF INF INF INF INF INF INF INF INF INF INF INF INF INF INF INF INF INF INF INF INF INF INF INF INF INF INF INF INF INF INF INF INF INF INF INF INF INF INF INF INF INF INF INF INF INF INF INF INF INF INF INF INF INF INF INF INF INF INF INF INF INF INF INF INF INF INF INF INF INF INF INF INF INF INF INF INF INF INF INF INF INF INF INF INF INF INF INF INF INF INF INF INF INF INF INF INF INF INF INF INF INF INF INF INF INF INF INF INF INF INF INF INF INF INF INF INF INF INF INF INF INF INF INF INF INF INF INF INF INF INF INF INF INF INF INF INF INF INF INF INF INF INF INF INF INF INF INF INF INF INF INF INF INF INF INF INF INF INF INF INF INF INF INF INF INF INF INF INF INF INF INF INF INF INF INF INF INF INF INF INF INF INF INF INF INF INF INF INF INF INF INF INF INF INF INF INF INF INF INF INF INF INF INF INF INF INF INF INF INF INF INF INF INF INF INF INF INF INF INF INF INF INF INF INF INF INF INF INF INF INF INF INF INF INF INF INF INF INF INF INF INF 0 2 -2 0 1 2 4 2 0 2 3 4 6 2 4 5 6 8 6 4 6 7 8 10 6 8 9 10
INF INF INF INF INF INF INF INF INF INF INF INF INF INF INF INF INF INF INF INF INF INF INF INF INF INF INF INF INF INF INF INF INF INF INF INF INF INF INF INF INF INF INF INF INF INF INF INF INF INF INF INF INF INF INF INF INF INF INF INF INF INF INF INF INF INF INF INF INF INF INF INF INF INF INF INF INF INF INF INF INF INF INF INF INF INF INF INF INF INF INF INF INF INF INF INF INF INF INF INF INF INF INF INF INF INF INF INF INF INF INF INF INF INF INF INF INF INF INF INF INF INF INF INF INF INF INF INF INF INF INF INF INF INF INF INF INF INF INF INF INF INF INF INF INF INF INF INF INF INF INF INF INF INF INF INF INF INF INF INF INF INF INF INF INF INF INF INF INF INF INF INF INF INF INF INF INF INF INF INF INF INF INF INF INF INF INF INF INF INF INF INF INF INF INF INF INF INF INF INF INF INF INF INF INF INF INF INF INF INF INF INF INF INF INF INF INF INF INF INF INF INF INF INF INF INF INF INF INF INF INF INF INF INF INF INF INF INF INF INF INF INF INF INF INF INF INF INF INF INF INF INF INF INF INF INF INF INF INF INF INF INF INF INF INF INF INF INF INF INF INF INF INF INF INF INF INF INF INF INF INF INF INF INF INF INF INF INF INF INF INF INF INF INF INF INF INF INF INF INF INF INF INF INF INF INF INF INF INF INF INF INF INF INF INF INF INF INF INF INF INF INF INF INF INF INF INF INF INF INF INF INF INF INF INF INF INF INF INF INF INF INF INF INF INF INF INF INF INF INF INF INF INF INF INF INF INF INF INF INF INF INF INF INF INF INF INF INF INF INF INF INF INF INF INF INF INF INF INF INF INF INF INF INF INF INF INF INF INF INF INF INF INF INF INF INF INF INF INF INF INF INF INF INF INF INF INF INF INF INF INF INF INF INF INF INF INF INF INF INF INF INF INF INF INF INF INF INF INF INF INF INF INF INF INF INF INF INF INF INF INF INF INF INF INF INF INF INF INF INF INF INF INF INF INF INF INF INF INF INF INF INF INF INF INF INF INF INF INF INF INF INF INF 0 2 3 4 6 7 5 4 6 7 8 10 6 8 9 10 12 10 8 10 11 12 14 10 12 13 14
INF INF INF INF INF INF INF INF INF INF INF INF INF INF INF INF INF INF INF INF INF INF INF INF INF INF INF INF INF INF INF INF INF INF INF INF INF INF INF INF INF INF INF INF INF INF INF INF INF INF INF INF INF INF INF INF INF INF INF INF INF INF INF INF INF INF INF INF INF INF INF INF INF INF INF INF INF INF INF INF INF INF INF INF INF INF INF INF INF INF INF INF INF INF INF INF INF INF INF INF INF INF INF INF INF INF INF INF INF INF INF INF INF INF INF INF INF INF INF INF INF INF INF INF INF INF INF INF INF INF INF INF INF INF INF INF INF INF INF INF INF INF INF INF INF INF INF INF INF INF INF INF INF INF INF INF INF INF INF INF INF INF INF INF INF INF INF INF INF INF INF INF INF INF INF INF INF INF INF INF INF INF INF INF INF INF INF INF INF INF INF INF INF INF INF INF INF INF INF INF INF INF INF INF INF INF INF INF INF INF INF INF INF INF INF INF INF INF INF INF INF INF INF INF INF INF INF INF INF INF INF INF INF INF INF INF INF INF INF INF INF INF INF INF INF INF INF INF INF INF INF INF INF INF INF INF INF INF INF INF INF INF INF INF INF INF INF INF INF INF INF INF INF INF INF INF INF INF INF INF INF INF INF INF INF INF INF INF INF INF INF INF INF INF INF INF INF INF INF INF INF INF INF INF INF INF INF INF INF INF INF INF INF INF INF INF INF INF INF INF INF INF INF INF INF INF INF INF INF INF INF INF INF INF INF INF INF INF INF INF INF INF INF INF INF INF INF INF INF INF INF INF INF INF INF INF INF INF INF INF INF INF INF INF INF INF INF INF INF INF INF INF INF INF INF INF INF INF INF INF INF INF INF INF INF INF INF INF INF INF INF INF INF INF INF INF INF INF INF INF INF INF INF INF INF INF INF INF INF INF INF INF INF INF INF INF INF INF INF INF INF INF INF INF INF INF INF INF INF INF INF INF INF INF INF INF INF INF INF INF INF INF INF INF INF INF INF INF INF INF INF INF INF INF INF INF INF INF INF INF INF INF INF INF INF INF INF INF INF INF INF INF INF INF 0 2 3 4 6 4 2 4 5 6 8 4 6 7 8 10 8 6 8 9 10 12 8 10 11 12
INF INF INF INF INF INF INF INF INF INF INF INF INF INF INF INF INF INF INF INF INF INF INF INF INF INF INF INF INF INF INF INF INF INF INF INF INF INF INF INF INF INF INF INF INF INF INF INF INF INF INF INF INF INF INF INF INF INF INF INF INF INF INF INF INF INF INF INF INF INF INF INF INF INF INF INF INF INF INF INF INF INF INF INF INF INF INF INF INF INF INF INF INF INF INF INF INF INF INF INF INF INF INF INF INF INF INF INF INF INF INF INF INF INF INF INF INF INF INF INF INF INF INF INF INF INF INF INF INF INF INF INF INF INF INF INF INF INF INF INF INF INF INF INF INF INF INF INF INF INF INF INF INF INF INF INF INF INF INF INF INF INF INF INF INF INF INF INF INF INF INF INF INF INF INF INF INF INF INF INF INF INF INF INF INF INF INF INF INF INF INF INF INF INF INF INF INF INF INF INF INF INF INF INF INF INF INF INF INF INF INF INF INF INF INF INF INF INF INF INF INF INF INF INF INF INF INF INF INF INF INF INF INF INF INF INF INF INF INF INF INF INF INF INF INF INF INF INF INF INF INF INF INF INF INF INF INF INF INF INF INF INF INF INF INF INF INF INF INF INF INF INF INF INF INF INF INF INF INF INF INF INF INF INF INF INF INF INF INF INF INF INF INF INF INF INF INF INF INF INF INF INF INF INF INF INF INF INF INF INF INF INF INF INF INF INF INF INF INF INF INF INF INF INF INF INF INF INF INF INF INF INF INF INF INF INF INF INF INF INF INF INF INF INF INF INF INF INF INF INF INF INF INF INF INF INF INF INF INF INF INF INF INF INF INF INF INF INF INF INF INF INF INF INF INF INF INF INF INF INF INF INF INF INF INF INF INF INF INF INF INF INF INF INF INF INF INF INF INF INF INF INF INF INF INF INF INF INF INF INF INF INF INF INF INF INF INF INF INF INF INF INF INF INF INF INF INF INF INF INF INF INF INF INF INF INF INF INF INF INF INF INF INF INF INF INF INF INF INF INF INF INF INF INF INF INF INF INF INF INF INF INF INF INF INF INF INF INF INF INF INF INF INF INF INF 0 2 3 4 2 1 3 4 5 7 3 5 6 7 9 7 5 7 8 9 11 7 9 10 11
INF INF INF INF INF INF INF INF INF INF INF INF INF INF INF INF INF INF INF INF INF INF INF INF INF INF INF INF INF INF INF INF INF INF INF INF INF INF INF INF INF INF INF INF INF INF INF INF INF INF INF INF INF INF INF INF INF INF INF INF INF INF INF INF INF INF INF INF INF INF INF INF INF INF INF INF INF INF INF INF INF INF INF INF INF INF INF INF INF INF INF INF INF INF INF INF INF INF INF INF INF INF INF INF INF INF INF INF INF INF INF INF INF INF INF INF INF INF INF INF INF INF INF INF INF INF INF INF INF INF INF INF INF INF INF INF INF INF INF INF INF INF INF INF INF INF INF INF INF INF INF INF INF INF INF INF INF INF INF INF INF INF INF INF INF INF INF INF INF INF INF INF INF INF INF INF INF INF INF INF INF INF INF INF INF INF INF INF INF INF INF INF INF INF INF INF INF INF INF INF INF INF INF INF INF INF INF INF INF INF INF INF INF INF INF INF INF INF INF INF INF INF INF INF INF INF INF INF INF INF INF INF INF INF INF INF INF INF INF INF INF INF INF INF INF INF INF INF INF INF INF INF INF INF INF INF INF INF INF INF INF INF INF INF INF INF INF INF INF INF INF INF INF INF INF INF INF INF INF INF INF INF INF INF INF INF INF INF INF INF INF INF INF INF INF INF INF INF INF INF INF INF INF INF INF INF INF INF INF INF INF INF INF INF INF INF INF INF INF INF INF INF INF INF INF INF INF INF INF INF INF INF INF INF INF INF INF INF INF INF INF INF INF INF INF INF INF INF INF INF INF INF INF INF INF INF INF INF INF INF INF INF INF INF INF INF INF INF INF INF INF INF INF INF INF INF INF INF INF INF INF INF INF INF INF INF INF INF INF INF INF INF INF INF INF INF INF INF INF INF INF INF INF INF INF INF INF INF INF INF INF INF INF INF INF INF INF INF INF INF INF INF INF INF INF INF INF INF INF INF INF INF INF INF INF INF INF INF INF INF INF INF INF INF INF INF INF INF INF INF INF INF INF INF INF INF INF INF INF INF INF INF INF INF INF INF INF INF INF INF INF INF INF INF INF INF 0 2 3 1 0 2 3 4 6 2 4 5 6 8 6 4 6 7 8 10 6 8 9 10
INF INF INF INF INF INF INF INF INF INF INF INF INF INF INF INF INF INF INF INF INF INF INF INF INF INF INF INF INF INF INF INF INF INF INF INF INF INF INF INF INF INF INF INF INF INF INF INF INF INF INF INF INF INF INF INF INF INF INF INF INF INF INF INF INF INF INF INF INF INF INF INF INF INF INF INF INF INF INF INF INF INF INF INF INF INF INF INF INF INF INF INF INF INF INF INF INF INF INF INF INF INF INF INF INF INF INF INF INF INF INF INF INF INF INF INF INF INF INF INF INF INF INF INF INF INF INF INF INF INF INF INF INF INF INF INF INF INF INF INF INF INF INF INF INF INF INF INF INF INF INF INF INF INF INF INF INF INF INF INF INF INF INF INF INF INF INF INF INF INF INF INF INF INF INF INF INF INF INF INF INF INF INF INF INF INF INF INF INF INF INF INF INF INF INF INF INF INF INF INF INF INF INF INF INF INF INF INF INF INF INF INF INF INF INF INF INF INF INF INF INF INF INF INF INF INF INF INF INF INF INF INF INF INF INF INF INF INF INF INF INF INF INF INF INF INF INF INF INF INF INF INF INF INF INF INF INF INF INF INF INF INF INF INF INF INF INF INF INF INF INF INF INF INF INF INF INF INF INF INF INF INF INF INF INF INF INF INF INF INF INF INF INF INF INF INF INF INF INF INF INF INF INF INF INF INF INF INF INF INF INF INF INF INF INF INF INF INF INF INF INF INF INF INF INF INF INF INF INF INF INF INF INF INF INF INF INF INF INF INF INF INF INF INF INF INF INF INF INF INF INF INF INF INF INF INF INF INF INF INF INF INF INF INF INF INF INF INF INF INF INF INF INF INF INF INF INF INF INF INF INF INF INF INF INF INF INF INF INF INF INF INF INF INF INF INF INF INF INF INF INF INF INF INF INF INF INF INF INF INF INF INF INF INF INF INF INF INF INF INF INF INF INF INF INF INF INF INF INF INF INF INF INF INF INF INF INF INF INF INF INF INF INF INF INF INF INF INF INF INF INF INF INF INF INF INF INF INF INF INF INF INF INF INF INF INF INF INF INF INF INF INF INF INF INF INF INF 0 2 0 -2 0 1 2 4 0 2 3 4 6 4 2 4 5 6 8 4 6 7 8
INF INF INF INF INF INF INF INF INF INF INF INF INF INF INF INF INF INF INF INF INF INF INF INF INF INF INF INF INF INF INF INF INF INF INF INF INF INF INF INF INF INF INF INF INF INF INF INF INF INF INF INF INF INF INF INF INF INF INF INF INF INF INF INF INF INF INF INF INF INF INF INF INF INF INF INF INF INF INF INF INF INF INF INF INF INF INF INF INF INF INF INF INF INF INF INF INF INF INF INF INF INF INF INF INF INF INF INF INF INF INF INF INF INF INF INF INF INF INF INF INF INF INF INF INF INF INF INF INF INF INF INF INF INF INF INF INF INF INF INF INF INF INF INF INF INF INF INF INF INF INF INF INF INF INF INF INF INF INF INF INF INF INF INF INF INF INF INF INF INF INF INF INF INF INF INF INF INF INF INF INF INF INF INF INF INF INF INF INF INF INF INF INF INF INF INF INF INF INF INF INF INF INF INF INF INF INF INF INF INF INF INF INF INF INF INF INF INF INF INF INF INF INF INF INF INF INF INF INF INF INF INF INF INF INF INF INF INF INF INF INF INF INF INF INF INF INF INF INF INF INF INF INF INF INF INF INF INF INF INF INF INF INF INF INF INF INF INF INF INF INF INF INF INF INF INF INF INF INF INF INF INF INF INF INF INF INF INF INF INF INF INF INF INF INF INF INF INF INF INF INF INF INF INF INF INF INF INF INF INF INF INF INF INF INF INF INF INF INF INF INF INF INF INF INF INF INF INF INF INF INF INF INF INF INF INF INF INF INF INF INF INF INF INF INF INF INF INF INF INF INF INF INF INF INF INF INF INF INF INF INF INF INF INF INF INF INF INF INF INF INF INF INF INF INF INF INF INF INF INF INF INF INF INF INF INF INF INF INF INF INF INF INF INF INF INF INF INF INF INF INF INF INF INF INF INF INF INF INF INF INF INF INF INF INF INF INF INF INF INF INF INF INF INF INF INF INF INF INF INF INF INF INF INF INF INF INF INF INF INF INF INF INF INF INF INF INF INF INF INF INF INF INF INF INF INF INF INF INF INF INF INF INF INF INF INF INF INF INF INF INF INF INF INF INF INF INF INF 0 -2 0 1 2 4 5 2 4 5 6 8 6 4 6 7 8 10 6 8 9 10
INF INF INF INF INF INF INF INF INF INF INF INF INF INF INF INF INF INF INF INF INF INF INF INF INF INF INF INF INF INF INF INF INF INF INF INF INF INF INF INF INF INF INF INF INF INF INF INF INF INF INF INF INF INF INF INF INF INF INF INF INF INF INF INF INF INF INF INF INF INF INF INF INF INF INF INF INF INF INF INF INF INF INF INF INF INF INF INF INF INF INF INF INF INF INF INF INF INF INF INF INF INF INF INF INF INF INF INF INF INF INF INF INF INF INF INF INF INF INF INF INF INF INF INF INF INF INF INF INF INF INF INF INF INF INF INF INF INF INF INF INF INF INF INF INF INF INF INF INF INF INF INF INF INF INF INF INF INF INF INF INF INF INF INF INF INF INF INF INF INF INF INF INF INF INF INF INF INF INF INF INF INF INF INF INF INF INF INF INF INF INF INF INF INF INF INF INF INF INF INF INF INF INF INF INF INF INF INF INF INF INF INF INF INF INF INF INF INF INF INF INF INF INF INF INF INF INF INF INF INF INF INF INF INF INF INF INF INF INF INF INF INF INF INF INF INF INF INF INF INF INF INF INF INF INF INF INF INF INF INF INF INF INF INF INF INF INF INF INF INF INF INF INF INF INF INF INF INF INF INF INF INF INF INF INF INF INF INF INF INF INF INF INF INF INF INF INF INF INF INF INF INF INF INF INF INF INF INF INF INF INF INF INF INF INF INF INF INF INF INF INF INF INF INF INF INF INF INF INF INF INF INF INF INF INF INF INF INF INF INF INF INF INF INF INF INF INF INF INF INF INF INF INF INF INF INF INF INF INF INF INF INF INF INF INF INF INF INF INF INF INF INF INF INF INF INF INF INF INF INF INF INF INF INF INF INF INF INF INF INF INF INF INF INF INF INF INF INF INF INF INF INF INF INF INF INF INF INF INF INF INF INF INF INF INF INF INF INF INF INF INF INF INF INF INF INF INF INF INF INF INF INF INF INF INF INF INF INF INF INF INF INF INF INF INF INF INF INF INF INF INF INF INF INF INF INF INF INF INF INF INF INF INF INF INF INF INF INF INF INF INF INF INF INF INF INF INF INF INF 0 2 3 4 6 7 4 6 7 8 10 8 6 8 9 10 12 8 10 11 12
INF INF INF INF INF INF INF INF INF INF INF INF INF INF INF INF INF INF INF INF INF INF INF INF INF INF INF INF INF INF INF INF INF INF INF INF INF INF INF INF INF INF INF INF INF INF INF INF INF INF INF INF INF INF INF INF INF INF INF INF INF INF INF INF INF INF INF INF INF INF INF INF INF INF INF INF INF INF INF INF INF INF INF INF INF INF INF INF INF INF INF INF INF INF INF INF INF INF INF INF INF INF INF INF INF INF INF INF INF INF INF INF INF INF INF INF INF INF INF INF INF INF INF INF INF INF INF INF INF INF INF INF INF INF INF INF INF INF INF INF INF INF INF INF INF INF INF INF INF INF INF INF INF INF INF INF INF INF INF INF INF INF INF INF INF INF INF INF INF INF INF INF INF INF INF INF INF INF INF INF INF INF INF INF INF INF INF INF INF INF INF INF INF INF INF INF INF INF INF INF INF INF INF INF INF INF INF INF INF INF INF INF INF INF INF INF INF INF INF INF INF INF INF INF INF INF INF INF INF INF INF INF INF INF INF INF INF INF INF INF INF INF INF INF INF INF INF INF INF INF INF INF INF INF INF INF INF INF INF INF INF INF INF INF INF INF INF INF INF INF INF INF INF INF INF INF INF INF INF INF INF INF INF INF INF INF INF INF INF INF INF INF INF INF INF INF INF INF INF INF INF INF INF INF INF INF INF INF INF INF INF INF INF INF INF INF INF INF INF INF INF INF INF INF INF INF INF INF INF INF INF INF INF INF INF INF INF INF INF INF INF INF INF INF INF INF INF INF INF INF INF INF INF INF INF INF INF INF INF INF INF INF INF INF INF INF INF INF INF INF INF INF INF INF INF INF INF INF INF INF INF INF INF INF INF INF INF INF INF INF INF INF INF INF INF INF INF INF INF INF INF INF INF INF INF INF INF INF INF INF INF INF INF INF INF INF INF INF INF INF INF INF INF INF INF INF INF INF INF INF INF INF INF INF INF INF INF INF INF INF INF INF INF INF INF INF INF INF INF INF INF INF INF INF INF INF INF INF INF INF INF INF INF INF INF INF INF INF INF INF INF INF INF INF INF INF INF INF INF INF 0 2 3 4 6 2 4 5 6 8 6 4 6 7 8 10 6 8 9 10
INF INF INF INF INF INF INF INF INF INF INF INF INF INF INF INF INF INF INF INF INF INF INF INF INF INF INF INF INF INF INF INF INF INF INF INF INF INF INF INF INF INF INF INF INF INF INF INF INF INF INF INF INF INF INF INF INF INF INF INF INF INF INF INF INF INF INF INF INF INF INF INF INF INF INF INF INF INF INF INF INF INF INF INF INF INF INF INF INF INF INF INF INF INF INF INF INF INF INF INF INF INF INF INF INF INF INF INF INF INF INF INF INF INF INF INF INF INF INF INF INF INF INF INF INF INF INF INF INF INF INF INF INF INF INF INF INF INF INF INF INF INF INF INF INF INF INF INF INF INF INF INF INF INF INF INF INF INF INF INF INF INF INF INF INF INF INF INF INF INF INF INF INF INF INF INF INF INF INF INF INF INF INF INF INF INF INF INF INF INF INF INF INF INF INF INF INF INF INF INF INF INF INF INF INF INF INF INF INF INF INF INF INF INF INF INF INF INF INF INF INF INF INF INF INF INF INF INF INF INF INF INF INF INF INF INF INF INF INF INF INF INF INF INF INF INF INF INF INF INF INF INF INF INF INF INF INF INF INF INF INF INF INF INF INF INF INF INF INF INF INF INF INF INF INF INF INF INF INF INF INF INF INF INF INF INF INF INF INF INF INF INF INF INF INF INF INF INF INF INF INF INF INF INF INF INF INF INF INF INF INF INF INF INF INF INF INF INF INF INF INF INF INF INF INF INF INF INF INF INF INF INF INF INF INF INF INF INF INF INF INF INF INF INF INF INF INF INF INF INF INF INF INF INF INF INF INF INF INF INF INF INF INF INF INF INF INF INF INF INF INF INF INF INF INF INF INF INF INF INF INF INF INF INF INF INF INF INF INF INF INF INF INF INF INF INF INF INF INF INF INF INF INF INF INF INF INF INF INF INF INF INF INF INF INF INF INF INF INF INF INF INF INF INF INF INF INF INF INF INF INF INF INF INF INF INF INF INF INF INF INF INF INF INF INF INF INF INF INF INF INF INF INF INF INF INF INF INF INF INF INF INF INF INF INF INF INF INF INF INF INF INF INF INF INF INF INF INF INF INF INF 0 2 3 4 1 3 4 5 7 5 3 5 6 7 9 5 7 8 9
INF INF INF INF INF INF INF INF INF INF INF INF INF INF INF INF INF INF INF INF INF INF INF INF INF INF INF INF INF INF INF INF INF INF INF INF INF INF INF INF INF INF INF INF INF INF INF INF INF INF INF INF INF INF INF INF INF INF INF INF INF INF INF INF INF INF INF INF INF INF INF INF INF INF INF INF INF INF INF INF INF INF INF INF INF INF INF INF INF INF INF INF INF INF INF INF INF INF INF INF INF INF INF INF INF INF INF INF INF INF INF INF INF INF INF INF INF INF INF INF INF INF INF INF INF INF INF INF INF INF INF INF INF INF INF INF INF INF INF INF INF INF INF INF INF INF INF INF INF INF INF INF INF INF INF INF INF INF INF INF INF INF INF INF INF INF INF INF INF INF INF INF INF INF INF INF INF INF INF INF INF INF INF INF INF INF INF INF INF INF INF INF INF INF INF INF INF INF INF INF INF INF INF INF INF INF INF INF INF INF INF INF INF INF INF INF INF INF INF INF INF INF INF INF INF INF INF INF INF INF INF INF INF INF INF INF INF INF INF INF INF INF INF INF INF INF INF INF INF INF INF INF INF INF INF INF INF INF INF INF INF INF INF INF INF INF INF INF INF INF INF INF INF INF INF INF INF INF INF INF INF INF INF INF INF INF INF INF INF INF INF INF INF INF INF INF INF INF INF INF INF INF INF INF INF INF INF INF INF INF INF INF INF INF INF INF INF INF INF INF INF INF INF INF INF INF INF INF INF INF INF INF INF INF INF INF INF INF INF INF INF INF INF INF INF INF INF INF INF INF INF INF INF INF INF INF INF INF INF INF INF INF INF INF INF INF INF INF INF INF INF INF INF INF INF INF INF INF INF INF INF INF INF INF INF INF INF INF INF INF INF INF INF INF INF INF INF INF INF INF INF INF INF INF INF INF INF INF INF INF INF INF INF INF INF INF INF INF INF INF INF INF INF INF INF INF INF INF INF INF INF INF INF INF INF INF INF INF INF INF INF INF INF INF INF INF INF INF INF INF INF INF INF INF INF INF INF INF INF INF INF INF INF INF INF INF INF INF INF INF INF INF INF INF INF INF INF INF INF INF INF INF 0 2 3 0 2 3 4 6 4 2 4 5 6 8 4 6 7 8
INF INF INF INF INF INF INF INF INF INF INF INF INF INF INF INF INF INF INF INF INF INF INF INF INF INF INF INF INF INF INF INF INF INF INF INF INF INF INF INF INF INF INF INF INF INF INF INF INF INF INF INF INF INF INF INF INF INF INF INF INF INF INF INF INF INF INF INF INF INF INF INF INF INF INF INF INF INF INF INF INF INF INF INF INF INF INF INF INF INF INF INF INF INF INF INF INF INF INF INF INF INF INF INF INF INF INF INF INF INF INF INF INF INF INF INF INF INF INF INF INF INF INF INF INF INF INF INF INF INF INF INF INF INF INF INF INF INF INF INF INF INF INF INF INF INF INF INF INF INF INF INF INF INF INF INF INF INF INF INF INF INF INF INF INF INF INF INF INF INF INF INF INF INF INF INF INF INF INF INF INF INF INF INF INF INF INF INF INF INF INF INF INF INF INF INF INF INF INF INF INF INF INF INF INF INF INF INF INF INF INF INF INF INF INF INF INF INF INF INF INF INF INF INF INF INF INF INF INF INF INF INF INF INF INF INF INF INF INF INF INF INF INF INF INF INF INF INF INF INF INF INF INF INF INF INF INF INF INF INF INF INF INF INF INF INF INF INF INF INF INF INF INF INF INF INF INF INF INF INF INF INF INF INF INF INF INF INF INF INF INF INF INF INF INF INF INF INF INF INF INF INF INF INF INF INF INF INF INF INF INF INF INF INF INF INF INF INF INF INF INF INF INF INF INF INF INF INF INF INF INF INF INF INF INF INF INF INF INF INF INF INF INF INF INF INF INF INF INF INF INF INF INF INF INF INF INF INF INF INF INF INF INF INF INF INF INF INF INF INF INF INF INF INF INF INF INF INF INF INF INF INF INF INF INF INF INF INF INF INF INF INF INF INF INF INF INF INF INF INF INF INF INF INF INF INF INF INF INF INF INF INF INF INF INF INF INF INF INF INF INF INF INF INF INF INF INF INF INF INF INF INF INF INF INF INF INF INF INF INF INF INF INF INF INF INF INF INF INF INF INF INF INF INF INF INF INF INF INF INF INF INF INF INF INF INF INF INF INF INF INF INF INF INF INF INF INF INF INF INF INF INF INF 0 2 -2 0 1 2 4 2 0 2 3 4 6 2 4 5 6
INF INF INF INF INF INF INF INF INF INF INF INF INF INF INF INF INF INF INF INF INF INF INF INF INF INF INF INF INF INF INF INF INF INF INF INF INF INF INF INF INF INF INF INF INF INF INF INF INF INF INF INF INF INF INF INF INF INF INF INF INF INF INF INF INF INF INF INF INF INF INF INF INF INF INF INF INF INF INF INF INF INF INF INF INF INF INF INF INF INF INF INF INF INF INF INF INF INF INF INF INF INF INF INF INF INF INF INF INF INF INF INF INF INF INF INF INF INF INF INF INF INF INF INF INF INF INF INF INF INF INF INF INF INF INF INF INF INF INF INF INF INF INF INF INF INF INF INF INF INF INF INF INF INF INF INF INF INF INF INF INF INF INF INF INF INF INF INF INF INF INF INF INF INF INF INF INF INF INF INF INF INF INF INF INF INF INF INF INF INF INF INF INF INF INF INF INF INF INF INF INF INF INF INF INF INF INF INF INF INF INF INF INF INF INF INF INF INF INF INF INF INF INF INF INF INF INF INF INF INF INF INF INF INF INF INF INF INF INF INF INF INF INF INF INF INF INF INF INF INF INF INF INF INF INF INF INF INF INF INF INF INF INF INF INF INF INF INF INF INF INF INF INF INF INF INF INF INF INF INF INF INF INF INF INF INF INF INF INF INF INF INF INF INF INF INF INF INF INF INF INF INF INF INF INF INF INF INF INF INF INF INF INF INF INF INF INF INF INF INF INF INF INF INF INF INF INF INF INF INF INF INF INF INF INF INF INF INF INF INF INF INF INF INF INF INF INF INF INF INF INF INF INF INF INF INF INF INF INF INF INF INF INF INF INF INF INF INF INF INF INF INF INF INF INF INF INF INF INF INF INF INF INF INF INF INF INF INF INF INF INF INF INF INF INF INF INF INF INF INF INF INF INF INF INF INF INF INF INF INF INF INF INF INF INF INF INF INF INF INF INF INF INF INF INF INF INF INF INF INF INF INF INF INF INF INF INF INF INF INF INF INF INF INF INF INF INF INF INF INF INF INF INF INF INF INF INF INF INF INF INF INF INF INF INF INF INF INF INF INF INF INF INF INF INF INF INF INF INF INF INF INF INF INF 0 2 3 4 6 7 5 4 6 7 8 10 6 8 9 10
INF INF INF INF INF INF INF INF INF INF INF INF INF INF INF INF INF INF INF INF INF INF INF INF INF INF INF INF INF INF INF INF INF INF INF INF INF INF INF INF INF INF INF INF INF INF INF INF INF INF INF INF INF INF INF INF INF INF INF INF INF INF INF INF INF INF INF INF INF INF INF INF INF INF INF INF INF INF INF INF INF INF INF INF INF INF INF INF INF INF INF INF INF INF INF INF INF INF INF INF INF INF INF INF INF INF INF INF INF INF INF INF INF INF INF INF INF INF INF INF INF INF INF INF INF INF INF INF INF INF INF INF INF INF INF INF INF INF INF INF INF INF INF INF INF INF INF INF INF INF INF INF INF INF INF INF INF INF INF INF INF INF INF INF INF INF INF INF INF INF INF INF INF INF INF INF INF INF INF INF INF INF INF INF INF INF INF INF INF INF INF INF INF INF INF INF INF INF INF INF INF INF INF INF INF INF INF INF INF INF INF INF INF INF INF INF INF INF INF INF INF INF INF INF INF INF INF INF INF INF INF INF INF INF INF INF INF INF INF INF INF INF INF INF INF INF INF INF INF INF INF INF INF INF INF INF INF INF INF INF INF INF INF INF INF INF INF INF INF INF INF INF INF INF INF INF INF INF INF INF INF INF INF INF INF INF INF INF INF INF INF INF INF INF INF INF INF INF INF INF INF INF INF INF INF INF INF INF INF INF INF INF INF INF INF INF INF INF INF INF INF INF INF INF INF INF INF INF INF INF INF INF INF INF INF INF INF INF INF INF INF INF INF INF INF INF INF INF INF INF INF INF INF INF INF INF INF INF INF INF INF INF INF INF INF INF INF INF INF INF INF INF INF INF INF INF INF INF INF INF INF INF INF INF INF INF INF INF INF INF INF INF INF INF INF INF INF INF INF INF INF INF INF INF INF INF INF INF INF INF INF INF INF INF INF INF INF INF INF INF INF INF INF INF INF INF INF INF INF INF INF INF INF INF INF INF INF INF INF INF INF INF INF INF INF INF INF INF INF INF INF INF INF INF INF INF INF INF INF INF INF INF INF INF INF INF INF INF INF INF INF INF INF INF INF INF INF INF INF INF INF INF INF INF INF 0 2 3 4 6 4 2 4 5 6 8 4 6 7 8
INF INF INF INF INF INF INF INF INF INF INF INF INF INF INF INF INF INF INF INF INF INF INF INF INF INF INF INF INF INF INF INF INF INF INF INF INF INF INF INF INF INF INF INF INF INF INF INF INF INF INF INF INF INF INF INF INF INF INF INF INF INF INF INF INF INF INF INF INF INF INF INF INF INF INF INF INF INF INF INF INF INF INF INF INF INF INF INF INF INF INF INF INF INF INF INF INF INF INF INF INF INF INF INF INF INF INF INF INF INF INF INF INF INF INF INF INF INF INF INF INF INF INF INF INF INF INF INF INF INF INF INF INF INF INF INF INF INF INF INF INF INF INF INF INF INF INF INF INF INF INF INF INF INF INF INF INF INF INF INF INF INF INF INF INF INF INF INF INF INF INF INF INF INF INF INF INF INF INF INF INF INF INF INF INF INF INF INF INF INF INF INF INF INF INF INF INF INF INF INF INF INF INF INF INF INF INF INF INF INF INF INF INF INF INF INF INF INF INF INF INF INF INF INF INF INF INF INF INF INF INF INF INF INF INF INF INF INF INF INF INF INF INF INF INF INF INF INF INF INF INF INF INF INF INF INF INF INF INF INF INF INF INF INF INF INF INF INF INF INF INF INF INF INF INF INF INF INF INF INF INF INF INF INF INF INF INF INF INF INF INF INF INF INF INF INF INF INF INF INF INF INF INF INF INF INF INF INF INF INF INF INF INF INF INF INF INF INF INF INF INF INF INF INF INF INF INF INF INF INF INF INF INF INF INF INF INF INF INF INF INF INF INF INF INF INF INF INF INF INF INF INF INF INF INF INF INF INF INF INF INF INF INF INF INF INF INF INF INF INF INF INF INF INF INF INF INF INF INF INF INF INF INF INF INF INF INF INF INF INF INF INF INF INF INF INF INF INF INF INF INF INF INF INF INF INF INF INF INF INF INF INF INF INF INF INF INF INF INF INF INF INF INF INF INF INF INF INF INF INF INF INF INF INF INF INF INF INF INF INF INF INF INF INF INF INF INF INF INF INF INF INF INF INF INF INF INF INF INF INF INF INF INF INF INF INF INF INF INF INF INF INF INF INF INF INF INF INF INF INF INF INF INF INF INF INF 0 2 3 4 2 1 3 4 5 7 3 5 6 7
INF INF INF INF INF INF INF INF INF INF INF INF INF INF INF INF INF INF INF INF INF INF INF INF INF INF INF INF INF INF INF INF INF INF INF INF INF INF INF INF INF INF INF INF INF INF INF INF INF INF INF INF INF INF INF INF INF INF INF INF INF INF INF INF INF INF INF INF INF INF INF INF INF INF INF INF INF INF INF INF INF INF INF INF INF INF INF INF INF INF INF INF INF INF INF INF INF INF INF INF INF INF INF INF INF INF INF INF INF INF INF INF INF INF INF INF INF INF INF INF INF INF INF INF INF INF INF INF INF INF INF INF INF INF INF INF INF INF INF INF INF INF INF INF INF INF INF INF INF INF INF INF INF INF INF INF INF INF INF INF INF INF INF INF INF INF INF INF INF INF INF INF INF INF INF INF INF INF INF INF INF INF INF INF INF INF INF INF INF INF INF INF INF INF INF INF INF INF INF INF INF INF INF INF INF INF INF INF INF INF INF INF INF INF INF INF INF INF INF INF INF INF INF INF INF INF INF INF INF INF INF INF INF INF INF INF INF INF INF INF INF INF INF INF INF INF INF INF INF INF INF INF INF INF INF INF INF INF INF INF INF INF INF INF INF INF INF INF INF INF INF INF INF INF INF INF INF INF INF INF INF INF INF INF INF INF INF INF INF INF INF INF INF INF INF INF INF INF INF INF INF INF INF INF INF INF INF INF INF INF INF INF INF INF INF INF INF INF INF INF INF INF INF INF INF INF INF INF INF INF INF INF INF INF INF INF INF INF INF INF INF INF INF INF INF INF INF INF INF INF INF INF INF INF INF INF INF INF INF INF INF INF INF INF INF INF INF INF INF INF INF INF INF INF INF INF INF INF INF INF INF INF INF INF INF INF INF INF INF INF INF INF INF INF INF INF INF INF INF INF INF INF INF INF INF INF INF INF INF INF INF INF INF INF INF INF INF INF INF INF INF INF INF INF INF INF INF INF INF INF INF INF INF INF INF INF INF INF INF INF INF INF INF INF INF INF INF INF INF INF INF INF INF INF INF INF INF INF INF INF INF INF INF INF INF INF INF INF INF INF INF INF INF INF INF INF INF INF INF INF INF INF INF INF INF INF INF 0 2 3 1 0 2 3 4 6 2 4 5 6
INF INF INF INF INF INF INF INF INF INF INF INF INF INF INF INF INF INF INF INF INF INF INF INF INF INF INF INF INF INF INF INF INF INF INF INF INF INF INF INF INF INF INF INF INF INF INF INF INF INF INF INF INF INF INF INF INF INF INF INF INF INF INF INF INF INF INF INF INF INF INF INF INF INF INF INF INF INF INF INF INF INF INF INF INF INF INF INF INF INF INF INF INF INF INF INF INF INF INF INF INF INF INF INF INF INF INF INF INF INF INF INF INF INF INF INF INF INF INF INF INF INF INF INF INF INF INF INF INF INF INF INF INF INF INF INF INF INF INF INF INF INF INF INF INF INF INF INF INF INF INF INF INF INF INF INF INF INF INF INF INF INF INF INF INF INF INF INF INF INF INF INF INF INF INF INF INF INF INF INF INF INF INF INF INF INF INF INF INF INF INF INF INF INF INF INF INF INF INF INF INF INF INF INF INF INF INF INF INF INF INF INF INF INF INF INF INF INF INF INF INF INF INF INF INF INF INF INF INF INF INF INF INF INF INF INF INF INF INF INF INF INF INF INF INF INF INF INF INF INF INF INF INF INF INF INF INF INF INF INF INF INF INF INF INF INF INF INF INF INF INF INF INF INF INF INF INF INF INF INF INF INF INF INF INF INF INF INF INF INF INF INF INF INF INF INF INF INF INF INF INF INF INF INF INF INF INF INF INF INF INF INF INF INF INF INF INF INF INF INF INF INF INF INF INF INF INF INF INF INF INF INF INF INF INF INF INF INF INF INF INF INF INF INF INF INF INF INF INF INF INF INF INF INF INF INF INF INF INF INF INF INF INF INF INF INF INF INF INF INF INF INF INF INF INF INF INF INF INF INF INF INF INF INF INF INF INF INF INF INF INF INF INF INF INF INF INF INF INF INF INF INF INF INF INF INF INF INF INF INF INF INF INF INF INF INF INF INF INF INF INF INF INF INF INF INF INF INF INF INF INF INF INF INF INF INF INF INF INF INF INF INF INF INF INF INF INF INF INF INF INF INF INF INF INF INF INF INF INF INF INF INF INF INF INF INF INF INF INF INF INF INF INF INF INF INF INF INF INF INF INF INF INF INF INF INF INF INF 0 2 0 -2 0 1 2 4 0 2 3 4
INF INF INF INF INF INF INF INF INF INF INF INF INF INF INF INF INF INF INF INF INF INF INF INF INF INF INF INF INF INF INF INF INF INF INF INF INF INF INF INF INF INF INF INF INF INF INF INF INF INF INF INF INF INF INF INF INF INF INF INF INF INF INF INF INF INF INF INF INF INF INF INF INF INF INF INF INF INF INF INF INF INF INF INF INF INF INF INF INF INF INF INF INF INF INF INF INF INF INF INF INF INF INF INF INF INF INF INF INF INF INF INF INF INF INF INF INF INF INF INF INF INF INF INF INF INF INF INF INF INF INF INF INF INF INF INF INF INF INF INF INF INF INF INF INF INF INF INF INF INF INF INF INF INF INF INF INF INF INF INF INF INF INF INF INF INF INF INF INF INF INF INF INF INF INF INF INF INF INF INF INF INF INF INF INF INF INF INF INF INF INF INF INF INF INF INF INF INF INF INF INF INF INF INF INF INF INF INF INF INF INF INF INF INF INF INF INF INF INF INF INF INF INF INF INF INF INF INF INF INF INF INF INF INF INF INF INF INF INF INF INF INF INF INF INF INF INF INF INF INF INF INF INF INF INF INF INF INF INF INF INF INF INF INF INF INF INF INF INF INF INF INF INF INF INF INF INF INF INF INF INF INF INF INF INF INF INF INF INF INF INF INF INF INF INF INF INF INF INF INF INF INF INF INF INF INF INF INF INF INF INF INF INF INF INF INF INF INF INF INF INF INF INF INF INF INF INF INF INF INF INF INF INF INF INF INF INF INF INF INF INF INF INF INF INF INF INF INF INF INF INF INF INF INF INF INF INF INF INF INF INF INF INF INF INF INF INF INF INF INF INF INF INF INF INF INF INF INF INF INF INF INF INF INF INF INF INF INF INF INF INF INF INF INF INF INF INF INF INF INF INF INF INF INF INF INF INF INF INF INF INF INF INF INF INF INF INF INF INF INF INF INF INF INF INF INF INF INF INF INF INF INF INF INF INF INF INF INF INF INF INF INF INF INF INF INF INF INF INF INF INF INF INF INF INF INF INF INF INF INF INF INF INF INF INF INF INF INF INF INF INF INF INF INF INF INF INF INF INF INF INF INF INF INF INF INF INF INF INF 0 -2 0 1 2 4 5 2 4 5 6
INF INF INF INF INF INF INF INF INF INF INF INF INF INF INF INF INF INF INF INF INF INF INF INF INF INF INF INF INF INF INF INF INF INF INF INF INF INF INF INF INF INF INF INF INF INF INF INF INF INF INF INF INF INF INF INF INF INF INF INF INF INF INF INF INF INF INF INF INF INF INF INF INF INF INF INF INF INF INF INF INF INF INF INF INF INF INF INF INF INF INF INF INF INF INF INF INF INF INF INF INF INF INF INF INF INF INF INF INF INF INF INF INF INF INF INF INF INF INF INF INF INF INF INF INF INF INF INF INF INF INF INF INF INF INF INF INF INF INF INF INF INF INF INF INF INF INF INF INF INF INF INF INF INF INF INF INF INF INF INF INF INF INF INF INF INF INF INF INF INF INF INF INF INF INF INF INF INF INF INF INF INF INF INF INF INF INF INF INF INF INF INF INF INF INF INF INF INF INF INF INF INF INF INF INF INF INF INF INF INF INF INF INF INF INF INF INF INF INF INF INF INF INF INF INF INF INF INF INF INF INF INF INF INF INF INF INF INF INF INF INF INF INF INF INF INF INF INF INF INF INF INF INF INF INF INF INF INF INF INF INF INF INF INF INF INF INF INF INF INF INF INF INF INF INF INF INF INF INF INF INF INF INF INF INF INF INF INF INF INF INF INF INF INF INF INF INF INF INF INF INF INF INF INF INF INF INF INF INF INF INF INF INF INF INF INF INF INF INF INF INF INF INF INF INF INF INF INF INF INF INF INF INF INF INF INF INF INF INF INF INF INF INF INF INF INF INF INF INF INF INF INF INF INF INF INF INF INF INF INF INF INF INF INF INF INF INF INF INF INF INF INF INF INF INF INF INF INF INF INF INF INF INF INF INF INF INF INF INF INF INF INF INF INF INF INF INF INF INF INF INF INF INF INF INF INF INF INF INF INF INF INF INF INF INF INF INF INF INF INF INF INF INF INF INF INF INF INF INF INF INF INF INF INF INF INF INF INF INF INF INF INF INF INF INF INF INF INF INF INF INF INF INF INF INF INF INF INF INF INF INF INF INF INF INF INF INF INF INF INF INF INF INF INF INF INF INF INF INF INF INF INF INF INF INF INF INF INF INF INF 0 2 3 4 6 7 4 6 7 8
INF INF INF INF INF INF INF INF INF INF INF INF INF INF INF INF INF INF INF INF INF INF INF INF INF INF INF INF INF INF INF INF INF INF INF INF INF INF INF INF INF INF INF INF INF INF INF INF INF INF INF INF INF INF INF INF INF INF INF INF INF INF INF INF INF INF INF INF INF INF INF INF INF INF INF INF INF INF INF INF INF INF INF INF INF INF INF INF INF INF INF INF INF INF INF INF INF INF INF INF INF INF INF INF INF INF INF INF INF INF INF INF INF INF INF INF INF INF INF INF INF INF INF INF INF INF INF INF INF INF INF INF INF INF INF INF INF INF INF INF INF INF INF INF INF INF INF INF INF INF INF INF INF INF INF INF INF INF INF INF INF INF INF INF INF INF INF INF INF INF INF INF INF INF INF INF INF INF INF INF INF INF INF INF INF INF INF INF INF INF INF INF INF INF INF INF INF INF INF INF INF INF INF INF INF INF INF INF INF INF INF INF INF INF INF INF INF INF INF INF INF INF INF INF INF INF INF INF INF INF INF INF INF INF INF INF INF INF INF INF INF INF INF INF INF INF INF INF INF INF INF INF INF INF INF INF INF INF INF INF INF INF INF INF INF INF INF INF INF INF INF INF INF INF INF INF INF INF INF INF INF INF INF INF INF INF INF INF INF INF INF INF INF INF INF INF INF INF INF INF INF INF INF INF INF INF INF INF INF INF INF INF INF INF INF INF INF INF INF INF INF INF INF INF INF INF INF INF INF INF INF INF INF INF INF INF INF INF INF INF INF INF INF INF INF INF INF INF INF INF INF INF INF INF INF INF INF INF INF INF INF INF INF INF INF INF INF INF INF INF INF INF INF INF INF INF INF INF INF INF INF INF INF INF INF INF INF INF INF INF INF INF INF INF INF INF INF INF INF INF INF INF INF INF INF INF INF INF INF INF INF INF INF INF INF INF INF INF INF INF INF INF INF INF INF INF INF INF INF INF INF INF INF INF INF INF INF INF INF INF INF INF INF INF INF INF INF INF INF INF INF INF INF INF INF INF INF INF INF INF INF INF INF INF INF INF INF INF INF INF INF INF INF INF INF INF INF INF INF INF INF INF INF INF INF INF INF INF INF INF INF 0 2 3 4 6 2 4 5 6
INF INF INF INF INF INF INF INF INF INF INF INF INF INF INF INF INF INF INF INF INF INF INF INF INF INF INF INF INF INF INF INF INF INF INF INF INF INF INF INF INF INF INF INF INF INF INF INF INF INF INF INF INF INF INF INF INF INF INF INF INF INF INF INF INF INF INF INF INF INF INF INF INF INF INF INF INF INF INF INF INF INF INF INF INF INF INF INF INF INF INF INF INF INF INF INF INF INF INF INF INF INF INF INF INF INF INF INF INF INF INF INF INF INF INF INF INF INF INF INF INF INF INF INF INF INF INF INF INF INF INF INF INF INF INF INF INF INF INF INF INF INF INF INF INF INF INF INF INF INF INF INF INF INF INF INF INF INF INF INF INF INF INF INF INF INF INF INF INF INF INF INF INF INF INF INF INF INF INF INF INF INF INF INF INF INF INF INF INF INF INF INF INF INF INF INF INF INF INF INF INF INF INF INF INF INF INF INF INF INF INF INF INF INF INF INF INF INF INF INF INF INF INF INF INF INF INF INF INF INF INF INF INF INF INF INF INF INF INF INF INF INF INF INF INF INF INF INF INF INF INF INF INF INF INF INF INF INF INF INF INF INF INF INF INF INF INF INF INF INF INF INF INF INF INF INF INF INF INF INF INF INF INF INF INF INF INF INF INF INF INF INF INF INF INF INF INF INF INF INF INF INF INF INF INF INF INF INF INF INF INF INF INF INF INF INF INF INF INF INF INF INF INF INF INF INF INF INF INF INF INF INF INF INF INF INF INF INF INF INF INF INF INF INF INF INF INF INF INF INF INF INF INF INF INF INF INF INF INF INF INF INF INF INF INF INF INF INF INF INF INF INF INF INF INF INF INF INF INF INF INF INF INF INF INF INF INF INF INF INF INF INF INF INF INF INF INF INF INF INF INF INF INF INF INF INF INF INF INF INF INF INF INF INF INF INF INF INF INF INF INF INF INF INF INF INF INF INF INF INF INF INF INF INF INF INF INF INF INF INF INF INF INF INF INF INF INF INF INF INF INF INF INF INF INF INF INF INF INF INF INF INF INF INF INF INF INF INF INF INF INF INF INF INF INF INF INF INF INF INF INF INF INF INF INF INF INF INF INF INF INF INF 0 2 3 4 1 3 4 5
INF INF INF INF INF INF INF INF INF INF INF INF INF INF INF INF INF INF INF INF INF INF INF INF INF INF INF INF INF INF INF INF INF INF INF INF INF INF INF INF INF INF INF INF INF INF INF INF INF INF INF INF INF INF INF INF INF INF INF INF INF INF INF INF INF INF INF INF INF INF INF INF INF INF INF INF INF INF INF INF INF INF INF INF INF INF INF INF INF INF INF INF INF INF INF INF INF INF INF INF INF INF INF INF INF INF INF INF INF INF INF INF INF INF INF INF INF INF INF INF INF INF INF INF INF INF INF INF INF INF INF INF INF INF INF INF INF INF INF INF INF INF INF INF INF INF INF INF INF INF INF INF INF INF INF INF INF INF INF INF INF INF INF INF INF INF INF INF INF INF INF INF INF INF INF INF INF INF INF INF INF INF INF INF INF INF INF INF INF INF INF INF INF INF INF INF INF INF INF INF INF INF INF INF INF INF INF INF INF INF INF INF INF INF INF INF INF INF INF INF INF INF INF INF INF INF INF INF INF INF INF INF INF INF INF INF INF INF INF INF INF INF INF INF INF INF INF INF INF INF INF INF INF INF INF INF INF INF INF INF INF INF INF INF INF INF INF INF INF INF INF INF INF INF INF INF INF INF INF INF INF INF INF INF INF INF INF INF INF INF INF INF INF INF INF INF INF INF INF INF INF INF INF INF INF INF INF INF INF INF INF INF INF INF INF INF INF INF INF INF INF INF INF INF INF INF INF INF INF INF INF INF INF INF INF INF INF INF INF INF INF INF INF INF INF INF INF INF INF INF INF INF INF INF INF INF INF INF INF INF INF INF INF INF INF INF INF INF INF INF INF INF INF INF INF INF INF INF INF INF INF INF INF INF INF INF INF INF INF INF INF INF INF INF INF INF INF INF INF INF INF INF INF INF INF INF INF INF INF INF INF INF INF INF INF INF INF INF INF INF INF INF INF INF INF INF INF INF INF INF INF INF INF INF INF INF INF INF INF INF INF INF INF INF INF INF INF INF INF INF INF INF INF INF INF INF INF INF INF INF INF INF INF INF INF INF INF INF INF INF INF INF INF INF INF INF INF INF INF INF INF INF INF INF INF INF INF INF INF INF INF INF INF 0 2 3 0 2 3 4
INF INF INF INF INF INF INF INF INF INF INF INF INF INF INF INF INF INF INF INF INF INF INF INF INF INF INF INF INF INF INF INF INF INF INF INF INF INF INF INF INF INF INF INF INF INF INF INF INF INF INF INF INF INF INF INF INF INF INF INF INF INF INF INF INF INF INF INF INF INF INF INF INF INF INF INF INF INF INF INF INF INF INF INF INF INF INF INF INF INF INF INF INF INF INF INF INF INF INF INF INF INF INF INF INF INF INF INF INF INF INF INF INF INF INF INF INF INF INF INF INF INF INF INF INF INF INF INF INF INF INF INF INF INF INF INF INF INF INF INF INF INF INF INF INF INF INF INF INF INF INF INF INF INF INF INF INF INF INF INF INF INF INF INF INF INF INF INF INF INF INF INF INF INF INF INF INF INF INF INF INF INF INF INF INF INF INF INF INF INF INF INF INF INF INF INF INF INF INF INF INF INF INF INF INF INF INF INF INF INF INF INF INF INF INF INF INF INF INF INF INF INF INF INF INF INF INF INF INF INF INF INF INF INF INF INF INF INF INF INF INF INF INF INF INF INF INF INF INF INF INF INF INF INF INF INF INF INF INF INF INF INF INF INF INF INF INF INF INF INF INF INF INF INF INF INF INF INF INF INF INF INF INF INF INF INF INF INF INF INF INF INF INF INF INF INF INF INF INF INF INF INF INF INF INF INF INF INF INF INF INF INF INF INF INF INF INF INF INF INF INF INF INF INF INF INF INF INF INF INF INF INF INF INF INF INF INF INF INF INF INF INF INF INF INF INF INF INF INF INF INF INF INF INF INF INF INF INF INF INF INF INF INF INF INF INF INF INF INF INF INF INF INF INF INF INF INF INF INF INF INF INF INF INF INF INF INF INF INF INF INF INF INF INF INF INF INF INF INF INF INF INF INF INF INF INF INF INF INF INF INF INF INF INF INF INF INF INF INF INF INF INF INF INF INF INF INF INF INF INF INF INF INF INF INF INF INF INF INF INF INF INF INF INF INF INF INF INF INF INF INF INF INF INF INF INF INF INF INF INF INF INF INF INF INF INF INF INF INF INF INF INF INF INF INF INF INF INF INF INF INF INF INF INF INF INF INF INF INF INF INF INF INF INF 0 2 -2 0 1 2
INF INF INF INF INF INF INF INF INF INF INF INF INF INF INF INF INF INF INF INF INF INF INF INF INF INF INF INF INF INF INF INF INF INF INF INF INF INF INF INF INF INF INF INF INF INF INF INF INF INF INF INF INF INF INF INF INF INF INF INF INF INF INF INF INF INF INF INF INF INF INF INF INF INF INF INF INF INF INF INF INF INF INF INF INF INF INF INF INF INF INF INF INF INF INF INF INF INF INF INF INF INF INF INF INF INF INF INF INF INF INF INF INF INF INF INF INF INF INF INF INF INF INF INF INF INF INF INF INF INF INF INF INF INF INF INF INF INF INF INF INF INF INF INF INF INF INF INF INF INF INF INF INF INF INF INF INF INF INF INF INF INF INF INF INF INF INF INF INF INF INF INF INF INF INF INF INF INF INF INF INF INF INF INF INF INF INF INF INF INF INF INF INF INF INF INF INF INF INF INF INF INF INF INF INF INF INF INF INF INF INF INF INF INF INF INF INF INF INF INF INF INF INF INF INF INF INF INF INF INF INF INF INF INF INF INF INF INF INF INF INF INF INF INF INF INF INF INF INF INF INF INF INF INF INF INF INF INF INF INF INF INF INF INF INF INF INF INF INF INF INF INF INF INF INF INF INF INF INF INF INF INF INF INF INF INF INF INF INF INF INF INF INF INF INF INF INF INF INF INF INF INF INF INF INF INF INF INF INF INF INF INF INF INF INF INF INF INF INF INF INF INF INF INF INF INF INF INF INF INF INF INF INF INF INF INF INF INF INF INF INF INF INF INF INF INF INF INF INF INF INF INF INF INF INF INF INF INF INF INF INF INF INF INF INF INF INF INF INF INF INF INF INF INF INF INF INF INF INF INF INF INF INF INF INF INF INF INF INF INF INF INF INF INF INF INF INF INF INF INF INF INF INF INF INF INF INF INF INF INF INF INF INF INF INF INF INF INF INF INF INF INF INF INF INF INF INF INF INF INF INF INF INF INF INF INF INF INF INF INF INF INF INF INF INF INF INF INF INF INF INF INF INF INF INF INF INF INF INF INF INF INF INF INF INF INF INF INF INF INF INF INF INF INF INF INF INF INF INF INF INF INF INF INF INF INF INF INF INF INF INF INF INF INF INF 0 2 3 4 6
INF INF INF INF INF INF INF INF INF INF INF INF INF INF INF INF INF INF INF INF INF INF INF INF INF INF INF INF INF INF INF INF INF INF INF INF INF INF INF INF INF INF INF INF INF INF INF INF INF INF INF INF INF INF INF INF INF INF INF INF INF INF INF INF INF INF INF INF INF INF INF INF INF INF INF INF INF INF INF INF INF INF INF INF INF INF INF INF INF INF INF INF INF INF INF INF INF INF INF INF INF INF INF INF INF INF INF INF INF INF INF INF INF INF INF INF INF INF INF INF INF INF INF INF INF INF INF INF INF INF INF INF INF INF INF INF INF INF INF INF INF INF INF INF INF INF INF INF INF INF INF INF INF INF INF INF INF INF INF INF INF INF INF INF INF INF INF INF INF INF INF INF INF INF INF INF INF INF INF INF INF INF INF INF INF INF INF INF INF INF INF INF INF INF INF INF INF INF INF INF INF INF INF INF INF INF INF INF INF INF INF INF INF INF INF INF INF INF INF INF INF INF INF INF INF INF INF INF INF INF INF INF INF INF INF INF INF INF INF INF INF INF INF INF INF INF INF INF INF INF INF INF INF INF INF INF INF INF INF INF INF INF INF INF INF INF INF INF INF INF INF INF INF INF INF INF INF INF INF INF INF INF INF INF INF INF INF INF INF INF INF INF INF INF INF INF INF INF INF INF INF INF INF INF INF INF INF INF INF INF INF INF INF INF INF INF INF INF INF INF INF INF INF INF INF INF INF INF INF INF INF INF INF INF INF INF INF INF INF INF INF INF INF INF INF INF INF INF INF INF INF INF INF INF INF INF INF INF INF INF INF INF INF INF INF INF INF INF INF INF INF INF INF INF INF INF INF INF INF INF INF INF INF INF INF INF INF INF INF INF INF INF INF INF INF INF INF INF INF INF INF INF INF INF INF INF INF INF INF INF INF INF INF INF INF INF INF INF INF INF INF INF INF INF INF INF INF INF INF INF INF INF INF INF INF INF INF INF INF INF INF INF INF INF INF INF INF INF INF INF INF INF INF INF INF INF INF INF INF INF INF INF INF INF INF INF INF INF INF INF INF INF INF INF INF INF INF INF INF INF INF INF INF INF INF INF INF INF INF INF INF INF INF INF INF INF 0 2 3 4
INF INF INF INF INF INF INF INF INF INF INF INF INF INF INF INF INF INF INF INF INF INF INF INF INF INF INF INF INF INF INF INF INF INF INF INF INF INF INF INF INF INF INF INF INF INF INF INF INF INF INF INF INF INF INF INF INF INF INF INF INF INF INF INF INF INF INF INF INF INF INF INF INF INF INF INF INF INF INF INF INF INF INF INF INF INF INF INF INF INF INF INF INF INF INF INF INF INF INF INF INF INF INF INF INF INF INF INF INF INF INF INF INF INF INF INF INF INF INF INF INF INF INF INF INF INF INF INF INF INF INF INF INF INF INF INF INF INF INF INF INF INF INF INF INF INF INF INF INF INF INF INF INF INF INF INF INF INF INF INF INF INF INF INF INF INF INF INF INF INF INF INF INF INF INF INF INF INF INF INF INF INF INF INF INF INF INF INF INF INF INF INF INF INF INF INF INF INF INF INF INF INF INF INF INF INF INF INF INF INF INF INF INF INF INF INF INF INF INF INF INF INF INF INF INF INF INF INF INF INF INF INF INF INF INF INF INF INF INF INF INF INF INF INF INF INF INF INF INF INF INF INF INF INF INF INF INF INF INF INF INF INF INF INF INF INF INF INF INF INF INF INF INF INF INF INF INF INF INF INF INF INF INF INF INF INF INF INF INF INF INF INF INF INF INF INF INF INF INF INF INF INF INF INF INF INF INF INF INF INF INF INF INF INF INF INF INF INF INF INF INF INF INF INF INF INF INF INF INF INF INF INF INF INF INF INF INF INF INF INF INF INF INF INF INF INF INF INF INF INF INF INF INF INF INF INF INF INF INF INF INF INF INF INF INF INF INF INF INF INF INF INF INF INF INF INF INF INF INF INF INF INF INF INF INF INF INF INF INF INF INF INF INF INF INF INF INF INF INF INF INF INF INF INF INF INF INF INF INF INF INF INF INF INF INF INF INF INF INF INF INF INF INF INF INF INF INF INF INF INF INF INF INF INF INF INF INF INF INF INF INF INF INF INF INF INF INF INF INF INF INF INF INF INF INF INF INF INF INF INF INF INF INF INF INF INF INF INF INF INF INF INF INF INF INF INF INF INF INF INF INF INF INF INF INF INF INF INF INF INF INF INF INF INF INF INF INF 0 2 3
INF INF INF INF INF INF INF INF INF INF INF INF INF INF INF INF INF INF INF INF INF INF INF INF INF INF INF INF INF INF INF INF INF INF INF INF INF INF INF INF INF INF INF INF INF INF INF INF INF INF INF INF INF INF INF INF INF INF INF INF INF INF INF INF INF INF INF INF INF INF INF INF INF INF INF INF INF INF INF INF INF INF INF INF INF INF INF INF INF INF INF INF INF INF INF INF INF INF INF INF INF INF INF INF INF INF INF INF INF INF INF INF INF INF INF INF INF INF INF INF INF INF INF INF INF INF INF INF INF INF INF INF INF INF INF INF INF INF INF INF INF INF INF INF INF INF INF INF INF INF INF INF INF INF INF INF INF INF INF INF INF INF INF INF INF INF INF INF INF INF INF INF INF INF INF INF INF INF INF INF INF INF INF INF INF INF INF INF INF INF INF INF INF INF INF INF INF INF INF INF INF INF INF INF INF INF INF INF INF INF INF INF INF INF INF INF INF INF INF INF INF INF INF INF INF INF INF INF INF INF INF INF INF INF INF INF INF INF INF INF INF INF INF INF INF INF INF INF INF INF INF INF INF INF INF INF INF INF INF INF INF INF INF INF INF INF INF INF INF INF INF INF INF INF INF INF INF INF INF INF INF INF INF INF INF INF INF INF INF INF INF INF INF INF INF INF INF INF INF INF INF INF INF INF INF INF INF INF INF INF INF INF INF INF INF INF INF INF INF INF INF INF INF INF INF INF INF INF INF INF INF INF INF INF INF INF INF INF INF INF INF INF INF INF INF INF INF INF INF INF INF INF INF INF INF INF INF INF INF INF INF INF INF INF INF INF INF INF INF INF INF INF INF INF INF INF INF INF INF INF INF INF INF INF INF INF INF INF INF INF INF INF INF INF INF INF INF INF INF INF INF INF INF INF INF INF INF INF INF INF INF INF INF INF INF INF INF INF INF INF INF INF INF INF INF INF INF INF INF INF INF INF INF INF INF INF INF INF INF INF INF INF INF INF INF INF INF INF INF INF INF INF INF INF INF INF INF INF INF INF INF INF INF INF INF INF INF INF INF INF INF INF INF INF INF INF INF INF INF INF INF INF INF INF INF INF INF INF INF INF INF INF INF INF INF INF INF INF 0 2
INF INF INF INF INF INF INF INF INF INF INF INF INF INF INF INF INF INF INF INF INF INF INF INF INF INF INF INF INF INF INF INF INF INF INF INF INF INF INF INF INF INF INF INF INF INF INF INF INF INF INF INF INF INF INF INF INF INF INF INF INF INF INF INF INF INF INF INF INF INF INF INF INF INF INF INF INF INF INF INF INF INF INF INF INF INF INF INF INF INF INF INF INF INF INF INF INF INF INF INF INF INF INF INF INF INF INF INF INF INF INF INF INF INF INF INF INF INF INF INF INF INF INF INF INF INF INF INF INF INF INF INF INF INF INF INF INF INF INF INF INF INF INF INF INF INF INF INF INF INF INF INF INF INF INF INF INF INF INF INF INF INF INF INF INF INF INF INF INF INF INF INF INF INF INF INF INF INF INF INF INF INF INF INF INF INF INF INF INF INF INF INF INF INF INF INF INF INF INF INF INF INF INF INF INF INF INF INF INF INF INF INF INF INF INF INF INF INF INF INF INF INF INF INF INF INF INF INF INF INF INF INF INF INF INF INF INF INF INF INF INF INF INF INF INF INF INF INF INF INF INF INF INF INF INF INF INF INF INF INF INF INF INF INF INF INF INF INF INF INF INF INF INF INF INF INF INF INF INF INF INF INF INF INF INF INF INF INF INF INF INF INF INF INF INF INF INF INF INF INF INF INF INF INF INF INF INF INF INF INF INF INF INF INF INF INF INF INF INF INF INF INF INF INF INF INF INF INF INF INF INF INF INF INF INF INF INF INF INF INF INF INF INF INF INF INF INF INF INF INF INF INF INF INF INF INF INF INF INF INF INF INF INF INF INF INF INF INF INF INF INF INF INF INF INF INF INF INF INF INF INF INF INF INF INF INF INF INF INF INF INF INF INF INF INF INF INF INF INF INF INF INF INF INF INF INF INF INF INF INF INF INF INF INF INF INF INF INF INF INF INF INF INF INF INF INF INF INF INF INF INF INF INF INF INF INF INF INF INF INF INF INF INF INF INF INF INF INF INF INF INF INF INF INF INF INF INF INF INF INF INF INF INF INF INF INF INF INF INF INF INF INF INF INF INF INF INF INF INF INF INF INF INF INF INF INF INF INF INF INF INF INF INF INF INF INF INF INF INF 0

Negative cycle : none
Execution time: 620.302 ms
