10000 20000
0 1 1
1 2 2 4858
2 2 3 5328
3 1 4
4 1 5
5 3 6 2518 3617
6 1 7
7 3 8 2578 5696
8 2 9 4105
9 2 10 4051
10 3 11 612 1593
11 2 12 4667
12 4 13 3289 4300 6030
13 4 14 640 4454 6698
14 3 15 4547 9787
15 3 16 204 9471
16 4 17 2920 5963 7824
17 2 18 5758
18 1 19
19 3 20 4817 9290
20 3 21 8159 9344
21 3 22 2528 8622
22 2 23 79
23 2 24 2547
24 1 25
25 1 26
26 2 27 1491
27 2 28 3025
28 3 29 511 554
29 2 30 3525
30 2 31 6965
31 2 32 470
32 2 33 9659
33 1 34
34 2 35 2312
35 2 36 6691
36 2 37 3984
37 2 38 8874
38 2 39 3188
39 1 40
40 1 41
41 1 42
42 3 43 344 5048
43 3 44 2000 9493
44 1 45
45 3 46 5904 8979
46 2 47 4808
47 1 48
48 2 49 5882
49 2 50 6165
50 1 51
51 2 52 9000
52 2 53 136
53 4 54 1590 7308 9484
54 2 55 2058
55 2 56 9637
56 3 57 7890 9607
57 2 58 8434
58 1 59
59 1 60
60 2 61 9853
61 1 62
62 2 63 9040
63 2 64 9286
64 2 65 2684
65 1 66
66 2 67 71
67 1 68
68 2 69 740
69 2 70 6173
70 3 71 4706 4793
71 1 72
72 1 73
73 2 74 1239
74 1 75
75 3 76 7589 8909
76 2 77 1132
77 1 78
78 2 79 847
79 2 80 2596
80 2 81 9765
81 1 82
82 2 83 8852
83 1 84
84 2 85 7824
85 2 86 7487
86 5 87 2720 6957 7261 9465
87 2 88 7406
88 1 89
89 3 90 3969 6413
90 2 91 2048
91 3 92 2163 9183
92 3 93 2700 2922
93 1 94
94 3 95 2643 3200
95 2 96 8312
96 2 97 5477
97 2 98 9422
98 3 99 1122 5402
99 1 100
100 1 101
101 2 102 6147
102 2 103 3978
103 2 104 2561
104 2 105 8958
105 5 106 2888 7335 7629 8905
106 1 107
107 2 108 6630
108 1 109
109 2 110 6806
110 1 111
111 1 112
112 2 113 5254
113 2 114 9545
114 2 115 6551
115 4 116 8793 9281 9387
116 3 117 500 5384
117 3 118 4954 8778
118 3 119 1684 3464
119 3 120 288 8884
120 2 121 6549
121 2 122 1992
122 1 123
123 2 124 4592
124 1 125
125 2 126 4912
126 1 127
127 3 128 5550 7039
128 3 129 5875 7066
129 1 130
130 2 131 2413
131 2 132 9071
132 3 133 3158 9415
133 2 134 6837
134 1 135
135 1 136
136 1 137
137 4 138 2339 5608 6838
138 3 139 2807 3462
139 2 140 8990
140 1 141
141 2 142 9608
142 3 143 3874 4280
143 2 144 6929
144 2 145 2680
145 1 146
146 3 147 6754 8087
147 2 148 2557
148 5 149 1543 2335 4183 5855
149 1 150
150 1 151
151 3 152 7695 8675
152 1 153
153 1 154
154 2 155 5481
155 1 156
156 2 157 6296
157 2 158 4617
158 2 159 4842
159 1 160
160 1 161
161 2 162 9602
162 1 163
163 3 164 4043 7595
164 1 165
165 3 166 5777 6617
166 1 167
167 1 168
168 1 169
169 1 170
170 2 171 6301
171 2 172 5488
172 2 173 2828
173 3 174 5763 9682
174 2 175 7102
175 2 176 2925
176 2 177 5171
177 2 178 6454
178 3 179 3316 6665
179 1 180
180 3 181 5786 8931
181 1 182
182 2 183 4845
183 1 184
184 1 185
185 2 157 186
186 1 187
187 2 188 1761
188 3 189 2222 2938
189 1 190
190 5 191 3110 3528 8462 8678
191 3 192 6557 7937
192 1 193
193 1 194
194 5 195 2572 3766 5208 8541
195 3 196 3120 5483
196 4 197 2267 7665 7799
197 1 198
198 3 199 2229 7148
199 1 200
200 2 201 7532
201 1 202
202 2 203 1486
203 1 204
204 1 205
205 4 206 2531 6840 8948
206 1 207
207 2 208 498
208 1 209
209 1 210
210 2 29 211
211 1 212
212 2 213 3459
213 2 214 3072
214 2 215 2969
215 4 216 675 7278 8309
216 1 217
217 1 218
218 3 219 1496 8453
219 1 220
220 2 221 2279
221 2 222 8200
222 3 223 877 9196
223 3 224 2175 3902
224 1 225
225 1 226
226 4 227 299 1147 8677
227 1 228
228 1 229
229 2 230 1319
230 2 231 6378
231 2 232 7784
232 1 233
233 4 234 547 1668 3153
234 2 235 8850
235 2 236 1546
236 1 237
237 1 238
238 2 239 2168
239 1 240
240 2 241 1180
241 4 242 642 2700 8358
242 4 243 5766 7994 8306
243 1 244
244 2 245 6194
245 4 246 1272 7464 9568
246 1 247
247 2 248 2157
248 1 249
249 1 250
250 1 251
251 1 252
252 1 253
253 1 254
254 2 255 1409
255 2 256 7449
256 3 257 7405 7463
257 2 258 6405
258 4 259 5616 6780 8848
259 2 260 2820
260 2 261 1139
261 2 262 2724
262 1 263
263 2 264 5405
264 2 265 9002
265 2 266 2813
266 1 267
267 2 268 1206
268 2 269 7416
269 2 270 8771
270 1 271
271 1 272
272 2 273 9533
273 1 274
274 1 275
275 1 276
276 1 277
277 1 278
278 3 279 3834 6067
279 1 280
280 2 281 3212
281 2 282 7877
282 1 283
283 2 284 4707
284 2 285 9868
285 2 286 1917
286 3 287 9165 9368
287 2 288 439
288 3 175 289 8117
289 1 290
290 2 291 1334
291 1 292
292 3 293 5768 9646
293 2 294 2864
294 2 295 9125
295 1 296
296 2 297 1558
297 1 298
298 1 299
299 2 300 6797
300 1 301
301 1 302
302 1 303
303 2 304 6999
304 3 305 1328 5062
305 1 306
306 1 307
307 2 308 6542
308 2 309 592
309 3 310 3605 5380
310 1 311
311 2 312 7899
312 3 313 2444 6963
313 2 314 5846
314 2 315 2070
315 4 316 2568 3865 6333
316 3 317 4597 5147
317 3 318 4103 6870
318 1 319
319 1 320
320 1 321
321 5 150 263 322 3147 3849
322 3 323 439 1060
323 2 324 9050
324 1 325
325 3 326 6023 9098
326 3 196 327 9081
327 2 328 6444
328 5 329 457 2481 3917 6686
329 1 330
330 2 331 3135
331 1 332
332 2 333 6608
333 1 334
334 2 335 5739
335 2 336 9629
336 2 337 9807
337 2 338 3120
338 2 339 9431
339 2 281 340
340 4 341 2345 4405 5908
341 1 342
342 1 343
343 4 344 7798 8790 9752
344 1 345
345 3 346 573 3630
346 1 347
347 3 348 7108 7674
348 1 349
349 2 350 2813
350 3 351 6744 6871
351 2 352 8136
352 2 353 1131
353 2 354 6281
354 1 355
355 1 356
356 1 357
357 1 358
358 3 359 666 2901
359 1 360
360 2 361 2883
361 1 362
362 2 363 8974
363 1 364
364 1 365
365 3 366 4238 7728
366 1 367
367 1 368
368 2 369 8126
369 1 370
370 3 371 4144 8032
371 2 372 4978
372 1 373
373 2 374 5081
374 1 375
375 3 376 4032 9751
376 2 377 9405
377 3 287 378 4458
378 5 379 1155 1892 4365 8722
379 2 380 7392
380 2 381 6684
381 2 382 7757
382 3 383 1187 3789
383 5 384 660 6320 6923 8889
384 2 385 6705
385 1 386
386 2 387 2278
387 2 388 1929
388 1 389
389 1 390
390 2 391 5046
391 2 392 941
392 4 393 2790 4251 6915
393 1 394
394 3 395 6499 9896
395 2 396 9807
396 3 397 952 4171
397 2 398 3492
398 2 399 2498
399 1 400
400 1 401
401 1 402
402 1 403
403 2 404 441
404 1 405
405 3 406 4383 7154
406 2 407 4377
407 4 408 2300 3374 3554
408 3 409 2456 7296
409 1 410
410 1 411
411 1 412
412 3 413 2434 7053
413 3 414 3814 5128
414 1 415
415 2 416 6706
416 1 417
417 1 418
418 6 419 1026 3218 3349 6775 7233
419 3 420 2473 9343
420 2 421 6064
421 3 422 1369 5654
422 1 423
423 1 424
424 1 425
425 2 426 7738
426 2 427 6237
427 2 428 2427
428 1 429
429 1 430
430 1 431
431 4 432 642 2146 6772
432 1 433
433 1 434
434 1 435
435 4 424 436 2573 5150
436 1 437
437 1 438
438 2 439 3030
439 2 440 9183
440 1 441
441 2 442 5680
442 3 443 7038 9520
443 1 444
444 2 445 9912
445 2 446 2781
446 3 447 2568 6454
447 2 448 5849
448 2 449 9070
449 3 450 2151 5391
450 3 451 2064 2629
451 2 452 2017
452 1 453
453 3 454 3268 7084
454 2 455 4628
455 1 456
456 1 457
457 5 458 945 1702 4615 5798
458 1 459
459 3 460 1357 4500
460 1 461
461 2 462 4072
462 1 463
463 1 464
464 1 465
465 1 466
466 3 467 3954 7413
467 2 468 6010
468 2 469 6829
469 1 470
470 3 98 471 2566
471 1 472
472 3 473 1583 9109
473 2 474 5127
474 1 475
475 1 476
476 2 477 4745
477 1 478
478 1 479
479 2 480 7162
480 1 481
481 4 482 3526 8881 9608
482 1 483
483 1 484
484 2 437 485
485 3 486 4246 5724
486 4 487 1745 6427 8960
487 2 488 9959
488 1 489
489 3 490 2020 4998
490 2 491 5829
491 6 492 1983 2007 2422 4630 7329
492 2 493 2622
493 2 494 4502
494 2 495 9462
495 1 496
496 2 497 8545
497 5 498 3608 4859 6044 6051
498 1 499
499 1 500
500 2 501 9551
501 3 502 1490 4605
502 2 503 1500
503 4 463 504 4217 5860
504 2 505 2278
505 1 506
506 1 507
507 2 508 4546
508 1 509
509 2 510 8225
510 1 511
511 3 404 512 5377
512 3 513 1337 6377
513 2 514 1536
514 1 515
515 3 516 4133 7751
516 1 517
517 3 518 4603 8953
518 1 519
519 1 520
520 1 521
521 1 522
522 2 523 8176
523 1 524
524 4 525 2014 7320 8511
525 2 526 5374
526 2 527 9938
527 2 528 8066
528 1 529
529 2 530 8793
530 2 531 3303
531 2 532 9922
532 2 533 5235
533 1 534
534 4 535 4514 8396 9698
535 2 536 5180
536 2 537 6949
537 2 538 9587
538 2 539 9923
539 1 540
540 1 541
541 2 542 1842
542 1 543
543 2 544 2577
544 3 545 6220 8142
545 3 546 2778 7227
546 2 547 1246
547 2 548 2428
548 1 549
549 2 550 2312
550 3 551 3840 4836
551 2 552 2514
552 1 553
553 1 554
554 1 555
555 3 556 2639 6575
556 2 557 3133
557 2 558 2500
558 1 559
559 2 311 560
560 1 561
561 2 562 2586
562 2 563 8350
563 1 564
564 3 565 1783 6417
565 2 566 9555
566 1 567
567 1 568
568 2 569 2056
569 3 570 1776 3368
570 2 571 4274
571 2 572 5693
572 2 573 3567
573 1 574
574 2 575 6793
575 2 576 2136
576 1 577
577 2 578 2331
578 3 579 2114 6499
579 1 580
580 2 581 5518
581 2 582 5840
582 1 583
583 2 584 5700
584 2 585 2651
585 4 586 2177 3900 5276
586 2 587 6059
587 1 588
588 3 589 3927 7754
589 1 590
590 2 591 8321
591 2 592 1257
592 1 593
593 3 594 1415 8237
594 1 595
595 1 596
596 3 597 4149 8163
597 2 598 9803
598 1 599
599 1 600
600 5 601 1384 4646 6327 6593
601 1 602
602 2 603 6712
603 1 604
604 2 605 6561
605 2 606 7101
606 2 607 5812
607 2 608 8751
608 1 609
609 3 610 2008 6205
610 2 611 7675
611 1 612
612 2 613 8476
613 2 614 1254
614 2 615 7489
615 4 616 808 2559 7586
616 2 617 8081
617 2 618 2938
618 3 619 4903 9011
619 1 620
620 2 621 6934
621 2 622 4474
622 3 246 623 3539
623 1 624
624 3 50 625 4869
625 2 626 7607
626 1 627
627 2 628 4965
628 2 629 890
629 2 630 7896
630 2 631 3351
631 1 632
632 2 633 8747
633 2 634 6132
634 2 635 1062
635 1 636
636 2 637 7562
637 2 638 9501
638 1 639
639 4 640 2864 4498 5283
640 2 641 962
641 4 642 3954 6837 9924
642 2 643 3939
643 2 644 2795
644 2 645 5600
645 2 646 4977
646 2 647 5925
647 4 367 648 1944 3806
648 1 649
649 1 650
650 1 651
651 3 652 5131 5831
652 2 653 7113
653 2 654 5562
654 2 655 2376
655 1 656
656 2 657 8980
657 2 658 2467
658 1 659
659 2 660 3218
660 3 661 2225 4883
661 1 662
662 1 663
663 4 664 737 7370 8576
664 1 665
665 2 666 7456
666 2 667 3631
667 3 668 6654 8576
668 2 669 1874
669 3 670 7117 9365
670 1 671
671 1 672
672 3 673 8203 8857
673 3 674 707 4128
674 2 675 3248
675 1 676
676 2 677 8999
677 1 678
678 4 679 4076 6584 9853
679 1 680
680 2 681 794
681 1 682
682 1 683
683 3 684 4489 6928
684 2 685 2713
685 1 686
686 2 687 8000
687 2 688 5701
688 3 689 899 7306
689 2 690 3764
690 3 691 3600 4722
691 4 562 692 7042 9929
692 1 693
693 1 694
694 1 695
695 2 696 1110
696 3 697 1600 2077
697 1 698
698 4 627 699 6542 6607
699 1 700
700 1 701
701 2 702 968
702 1 703
703 2 704 6833
704 2 695 705
705 2 706 4835
706 1 707
707 2 708 8418
708 3 709 3365 9722
709 3 710 4549 4626
710 2 711 4132
711 2 712 3809
712 1 713
713 1 714
714 2 154 715
715 2 701 716
716 1 717
717 2 718 3594
718 4 719 2431 7113 7919
719 2 720 9206
720 1 721
721 2 722 9808
722 2 363 723
723 1 724
724 2 725 7532
725 1 726
726 1 727
727 3 728 2695 3653
728 2 729 6284
729 1 730
730 1 731
731 1 732
732 1 733
733 1 734
734 3 735 1844 9007
735 2 736 3397
736 5 418 737 6450 7094 8935
737 3 738 2125 5608
738 3 739 2238 9410
739 1 740
740 1 741
741 3 742 839 9225
742 1 743
743 1 744
744 1 745
745 2 746 3934
746 3 123 747 9306
747 4 376 748 7929 9003
748 1 749
749 2 750 4311
750 3 751 7734 8568
751 1 752
752 1 753
753 1 754
754 2 755 7490
755 2 756 2410
756 3 757 4922 5478
757 1 758
758 2 759 3705
759 1 760
760 4 761 2688 5649 8108
761 3 762 4200 7809
762 2 763 8209
763 4 764 4363 4716 8969
764 2 765 6883
765 3 766 3177 5894
766 2 767 5043
767 1 768
768 1 769
769 2 770 9097
770 3 530 771 8182
771 1 772
772 3 773 5926 7460
773 2 774 2427
774 1 775
775 1 776
776 1 777
777 1 778
778 3 173 779 5041
779 3 780 8660 8770
780 2 781 4856
781 3 782 3699 8179
782 1 783
783 2 784 3341
784 1 785
785 4 786 3270 5760 8594
786 2 787 7120
787 1 788
788 2 789 4214
789 2 790 6177
790 1 791
791 2 487 792
792 4 793 6889 9184 9795
793 3 794 5589 9285
794 2 795 5030
795 5 796 3152 4241 4501 7787
796 3 797 6956 7225
797 1 798
798 1 799
799 3 800 5292 9130
800 3 801 4392 5510
801 2 802 7161
802 2 803 9958
803 1 804
804 3 805 8021 9106
805 1 806
806 3 807 7018 9641
807 2 808 9922
808 1 809
809 1 810
810 1 811
811 3 812 5164 6998
812 2 813 5582
813 1 814
814 2 815 7061
815 2 816 7258
816 5 560 817 2687 5890 7867
817 3 818 7523 7883
818 1 819
819 2 820 9771
820 1 821
821 2 822 6251
822 1 823
823 1 824
824 3 825 5501 9755
825 1 826
826 3 827 2510 6877
827 1 828
828 3 829 3362 9776
829 3 830 4768 6251
830 2 831 3733
831 1 832
832 7 833 1290 2529 3806 4636 6313 8052
833 4 834 1001 5328 7791
834 1 835
835 4 836 4757 6936 9178
836 2 837 1445
837 1 838
838 2 839 2633
839 2 840 5847
840 2 841 8175
841 3 842 5171 8011
842 4 18 632 843 6292
843 1 844
844 1 845
845 2 846 2893
846 1 847
847 2 848 7303
848 1 849
849 2 850 4579
850 4 851 2896 3806 8890
851 1 852
852 2 853 1443
853 3 854 7327 7437
854 2 855 9369
855 1 856
856 2 857 4269
857 4 858 1141 3829 7921
858 3 859 2671 9808
859 3 860 1528 6566
860 1 861
861 1 862
862 2 863 7262
863 3 864 1162 8089
864 1 865
865 1 866
866 2 867 2187
867 3 167 376 868
868 3 869 2199 4300
869 1 870
870 1 871
871 1 872
872 3 671 873 3515
873 4 874 1465 4445 8435
874 1 875
875 1 876
876 2 877 9241
877 2 878 4669
878 2 879 7437
879 2 880 3171
880 2 881 4087
881 2 882 7683
882 1 883
883 1 884
884 2 885 2357
885 5 886 890 2530 8105 9802
886 3 887 4362 9129
887 2 888 5265
888 4 889 3926 8923 9924
889 3 890 4284 4486
890 3 891 3313 9745
891 4 892 1723 4861 7759
892 2 843 893
893 2 894 9581
894 3 895 5194 8291
895 2 896 7640
896 2 897 9794
897 3 898 3965 9061
898 1 899
899 2 900 3723
900 3 901 3890 4898
901 2 900 902
902 3 903 5970 5999
903 2 904 2551
904 3 905 6647 9176
905 1 906
906 2 907 9175
907 1 908
908 2 909 2597
909 3 221 910 6632
910 2 911 2140
911 1 912
912 2 913 4311
913 1 914
914 4 915 4684 5468 9974
915 1 916
916 2 917 2145
917 2 918 7406
918 3 919 1753 5820
919 1 920
920 1 921
921 3 607 922 5667
922 2 923 2576
923 3 924 8372 9757
924 2 925 9821
925 1 926
926 3 927 6930 7485
927 5 928 2995 3484 4468 7263
928 1 929
929 4 930 1650 7402 8691
930 1 931
931 1 932
932 2 933 4291
933 1 934
934 1 935
935 4 936 1812 2935 3576
936 1 937
937 1 938
938 1 939
939 3 940 3045 3852
940 2 941 8853
941 1 942
942 1 943
943 6 944 1078 4648 4800 5157 7138
944 3 945 8734 9990
945 2 946 8323
946 1 947
947 3 948 1502 7031
948 2 949 3165
949 4 950 3671 5801 9864
950 2 441 951
951 2 952 3672
952 2 953 8672
953 3 954 2343 8494
954 3 955 3409 5895
955 5 956 2344 2941 4295 7432
956 2 957 4152
957 1 958
958 3 959 3705 3763
959 1 960
960 1 961
961 2 962 7659
962 3 963 6569 7548
963 1 964
964 1 965
965 2 966 4969
966 1 967
967 1 968
968 3 969 4629 4981
969 2 600 970
970 1 971
971 2 546 972
972 2 973 1970
973 3 974 4268 9091
974 2 975 3656
975 3 976 6613 8382
976 1 977
977 3 978 4487 9957
978 2 979 3044
979 2 980 9517
980 3 981 6051 9107
981 2 982 7402
982 3 983 2227 7420
983 2 984 4224
984 1 985
985 3 986 1325 9448
986 3 987 1912 8292
987 3 988 3283 8512
988 1 989
989 3 990 1298 3168
990 2 991 1643
991 2 661 992
992 4 993 2758 2837 4504
993 1 994
994 4 995 2403 3710 5836
995 2 996 1441
996 2 997 2961
997 3 998 3161 4098
998 3 999 3006 8456
999 3 448 1000 2020
1000 2 1001 9591
1001 1 1002
1002 1 1003
1003 1 1004
1004 1 1005
1005 3 1006 4819 8752
1006 2 1007 2738
1007 2 1008 1135
1008 3 1009 5616 9255
1009 3 1010 2194 8395
1010 2 1011 1758
1011 1 1012
1012 1 1013
1013 1 1014
1014 1 1015
1015 4 1016 3102 8034 9021
1016 2 1017 1792
1017 2 1018 6016
1018 3 1019 3465 7711
1019 4 1020 3353 4747 9712
1020 2 497 1021
1021 3 1022 6369 9671
1022 4 405 1023 5893 9225
1023 1 1024
1024 1 1025
1025 2 639 1026
1026 4 471 1027 1538 9956
1027 1 1028
1028 3 1029 7394 8161
1029 3 1030 3302 4968
1030 3 98 1031 1566
1031 1 1032
1032 1 1033
1033 1 1034
1034 3 1035 1435 4770
1035 1 1036
1036 4 1037 2896 4540 5522
1037 4 1038 1805 5447 6251
1038 2 1039 2535
1039 1 1040
1040 1 1041
1041 2 1042 4402
1042 1 1043
1043 1 1044
1044 2 1045 6735
1045 2 1046 8349
1046 1 1047
1047 2 951 1048
1048 3 1049 1421 2341
1049 1 1050
1050 1 1051
1051 3 1052 1259 1596
1052 2 348 1053
1053 2 1054 2164
1054 2 321 1055
1055 1 1056
1056 3 1057 1900 5568
1057 2 1058 5210
1058 1 1059
1059 3 1060 4247 9879
1060 1 1061
1061 3 1062 6502 8801
1062 3 986 1063 1320
1063 1 1064
1064 2 1065 3046
1065 1 1066
1066 2 1067 5242
1067 1 1068
1068 2 1069 3560
1069 3 1070 5387 7329
1070 1 1071
1071 3 1072 8916 9813
1072 2 1073 8067
1073 2 1074 9503
1074 3 716 1075 6704
1075 2 1076 5917
1076 1 1077
1077 2 7 1078
1078 1 1079
1079 2 1080 4451
1080 1 1081
1081 3 1082 6236 7378
1082 1 1083
1083 3 899 1084 2206
1084 2 1085 6805
1085 2 400 1086
1086 1 1087
1087 2 1088 7114
1088 4 1089 1201 1416 9215
1089 1 1090
1090 3 1091 3338 6854
1091 2 1092 4131
1092 1 1093
1093 2 1094 4507
1094 2 1095 7435
1095 3 1096 2812 6759
1096 1 1097
1097 1 1098
1098 1 1099
1099 3 1100 1571 3328
1100 2 25 1101
1101 1 1102
1102 2 1103 4987
1103 1 1104
1104 1 1105
1105 2 1106 5573
1106 3 1107 7053 8622
1107 2 1108 4568
1108 1 1109
1109 1 1110
1110 2 1111 6423
1111 1 1112
1112 2 1113 1836
1113 1 1114
1114 2 1115 9616
1115 3 1116 3537 6147
1116 2 1117 3835
1117 1 1118
1118 3 1119 5052 9012
1119 2 1120 8877
1120 2 1121 6749
1121 2 1122 8343
1122 1 1123
1123 1 1124
1124 1 1125
1125 2 1126 2698
1126 1 1127
1127 2 1128 2252
1128 1 1129
1129 1 1130
1130 3 1131 5425 6414
1131 1 1132
1132 1 1133
1133 1 1134
1134 1 1135
1135 1 1136
1136 2 1137 4791
1137 1 1138
1138 2 1139 8714
1139 3 1140 3524 5361
1140 1 1141
1141 1 1142
1142 2 1143 8048
1143 3 1144 2998 6562
1144 1 1145
1145 1 1146
1146 2 1147 4039
1147 2 1148 7109
1148 3 1149 1831 6841
1149 3 459 1150 6609
1150 1 1151
1151 1 1152
1152 1 1153
1153 1 1154
1154 2 1155 6050
1155 3 1156 1165 1601
1156 1 1157
1157 1 1158
1158 3 1159 3779 6591
1159 2 1160 5471
1160 2 1161 3497
1161 1 1162
1162 1 1163
1163 1 1164
1164 1 1165
1165 2 1166 5973
1166 2 1167 9747
1167 1 1168
1168 1 1169
1169 2 1170 8743
1170 5 917 1171 7335 7360 8980
1171 1 1172
1172 5 678 1173 1239 1654 5682
1173 1 1174
1174 1 1175
1175 3 1176 5449 8916
1176 2 1177 2010
1177 2 1153 1178
1178 4 1179 4942 7255 8895
1179 2 1180 1344
1180 3 1181 1861 8488
1181 2 1182 4937
1182 1 1183
1183 4 1184 1716 4493 5143
1184 4 1185 3547 4048 9473
1185 4 1186 7826 8316 8626
1186 1 1187
1187 1 1188
1188 2 1189 9139
1189 3 1190 5834 8570
1190 2 1191 7357
1191 1 1192
1192 2 1193 9501
1193 1 1194
1194 3 1195 5416 5695
1195 3 1196 1986 8222
1196 2 1197 5660
1197 2 1198 7277
1198 3 1199 2171 3069
1199 1 1200
1200 2 1201 4540
1201 2 1086 1202
1202 2 1203 5750
1203 2 1204 3684
1204 2 1205 7698
1205 1 1206
1206 1 1207
1207 2 1208 3512
1208 1 1209
1209 2 1210 3969
1210 1 1211
1211 3 1212 1655 4698
1212 1 1213
1213 2 1214 4212
1214 2 1215 2914
1215 4 1216 3547 3555 5850
1216 3 1217 3046 3588
1217 1 1218
1218 1 1219
1219 1 1220
1220 1 1221
1221 2 1222 5161
1222 1 1223
1223 1 1224
1224 4 710 1225 4886 7069
1225 2 1226 7327
1226 3 496 1227 3417
1227 1 1228
1228 2 1229 4555
1229 3 1230 6682 9057
1230 3 1231 4883 9324
1231 2 1232 9567
1232 2 1233 6291
1233 2 1234 3977
1234 3 1235 4294 5306
1235 2 1163 1236
1236 2 1237 7367
1237 1 1238
1238 1 1239
1239 1 1240
1240 2 1241 7328
1241 3 1242 2541 8539
1242 5 810 1243 1584 2622 9262
1243 1 1244
1244 1 1245
1245 2 1246 6375
1246 1 1247
1247 1 1248
1248 1 1249
1249 2 1250 5272
1250 1 1251
1251 1 1252
1252 1 1253
1253 4 1254 2102 3884 4882
1254 1 1255
1255 1 1256
1256 2 1257 3337
1257 3 1258 3550 8052
1258 1 1259
1259 1 1260
1260 2 984 1261
1261 2 1262 1862
1262 1 1263
1263 1 1264
1264 3 258 1265 7384
1265 1 1266
1266 2 1267 2886
1267 3 1268 2031 4222
1268 1 1269
1269 5 364 434 1270 2450 9900
1270 2 1271 3836
1271 2 1272 1594
1272 1 1273
1273 1 1274
1274 3 1137 1275 7991
1275 3 1276 3420 4482
1276 2 756 1277
1277 1 1278
1278 1 1279
1279 1 1280
1280 3 1281 1725 7370
1281 2 209 1282
1282 2 1283 9632
1283 4 1284 1286 3328 3612
1284 3 1285 2408 3476
1285 2 1286 6291
1286 3 831 1287 3793
1287 2 1288 5341
1288 2 452 1289
1289 3 1084 1290 6658
1290 3 1291 3058 7633
1291 2 1292 5605
1292 1 1293
1293 4 761 1294 1927 7210
1294 2 1295 3433
1295 2 1296 5863
1296 1 1297
1297 2 1298 2776
1298 3 1299 4038 6070
1299 2 607 1300
1300 2 1301 8644
1301 1 1302
1302 1 1303
1303 2 1304 4752
1304 1 1305
1305 1 1306
1306 2 1307 7236
1307 1 1308
1308 2 83 1309
1309 5 1310 3833 4093 9253 9536
1310 1 1311
1311 4 924 1122 1312 3368
1312 5 611 875 1313 7082 8055
1313 1 1314
1314 3 1315 8265 9717
1315 2 1316 2865
1316 1 1317
1317 1 1318
1318 5 1312 1319 4008 4157 9099
1319 1 1320
1320 1 1321
1321 2 1322 2451
1322 1 1323
1323 4 1324 4181 8188 9139
1324 2 1325 6460
1325 2 217 1326
1326 2 1327 6670
1327 1 1328
1328 2 201 1329
1329 2 1330 3654
1330 3 820 1331 2020
1331 4 943 1332 8706 9374
1332 3 1333 5286 8209
1333 1 1334
1334 1 1335
1335 2 1336 2000
1336 2 1337 2736
1337 3 1338 5027 9104
1338 4 705 1339 2282 4185
1339 3 1340 3231 7747
1340 4 1341 1664 5721 9322
1341 3 160 1342 8897
1342 1 1343
1343 3 1344 3472 5414
1344 4 1345 1469 4718 7968
1345 4 97 1346 6309 9661
1346 2 1347 3715
1347 1 1348
1348 2 1349 7281
1349 1 1350
1350 2 1351 5704
1351 2 1352 4002
1352 1 1353
1353 2 1354 3170
1354 2 1355 6499
1355 3 1356 4997 6578
1356 1 1357
1357 1 1358
1358 5 655 1359 1945 5950 9025
1359 2 1360 2840
1360 1 1361
1361 2 1362 7161
1362 1 1363
1363 4 1364 1958 3693 4584
1364 2 1365 6087
1365 1 1366
1366 3 710 1367 7988
1367 2 1368 6842
1368 3 1369 2585 4303
1369 1 1370
1370 3 1371 4755 8287
1371 2 1372 8255
1372 3 1373 1468 1618
1373 1 1374
1374 1 1375
1375 1 1376
1376 4 1377 2443 3687 8927
1377 2 1378 9156
1378 3 1379 2429 5644
1379 1 1380
1380 1 1381
1381 2 1382 4837
1382 2 1383 9229
1383 2 1384 2987
1384 1 1385
1385 1 1386
1386 1 1387
1387 1 1388
1388 1 1389
1389 4 1390 2423 3327 5082
1390 3 1391 6004 8635
1391 2 1392 3071
1392 2 1393 6242
1393 2 1033 1394
1394 1 1395
1395 2 1396 8202
1396 1 1397
1397 2 1398 5500
1398 1 1399
1399 1 1400
1400 1 1401
1401 2 1402 2367
1402 1 1403
1403 1 1404
1404 3 1405 2890 9467
1405 2 331 1406
1406 3 1407 4532 6696
1407 4 1408 4965 5820 6144
1408 1 1409
1409 3 1410 6082 6436
1410 1 1411
1411 2 1412 3846
1412 1 1413
1413 1 1414
1414 4 485 1415 4958 8729
1415 2 1416 7169
1416 2 877 1417
1417 4 1418 2279 4585 7669
1418 1 1419
1419 2 1420 3174
1420 2 1421 8490
1421 3 1422 4686 9530
1422 2 1423 2218
1423 2 1424 3693
1424 1 1425
1425 1 1426
1426 2 1427 2685
1427 3 87 1428 5255
1428 1 1429
1429 3 1430 4171 5396
1430 1 1431
1431 3 1432 3400 8612
1432 1 1433
1433 1 1434
1434 1 1435
1435 1 1436
1436 1 1437
1437 1 1438
1438 1 1439
1439 1 1440
1440 4 167 1441 3209 8352
1441 1 1442
1442 2 1443 3585
1443 1 1444
1444 1 1445
1445 2 1446 9271
1446 2 1447 2056
1447 1 1448
1448 1 1449
1449 2 1450 4656
1450 1 1451
1451 1 1452
1452 1 1453
1453 3 1454 2944 4115
1454 1 1455
1455 1 1456
1456 2 1457 7247
1457 2 1458 9388
1458 3 1459 2194 9995
1459 2 1460 4075
1460 4 24 840 1461 4321
1461 1 1462
1462 2 1463 9406
1463 4 957 1464 5096 6643
1464 1 1465
1465 1 1466
1466 3 1467 3828 6781
1467 2 1468 2978
1468 1 1469
1469 2 1470 3300
1470 4 1471 5868 8126 8543
1471 2 1472 9264
1472 2 1473 7069
1473 2 1474 2067
1474 2 1475 7815
1475 1 1476
1476 3 1477 5161 8448
1477 3 1478 8479 9309
1478 1 1479
1479 4 1480 1651 2280 3715
1480 3 1481 3579 8848
1481 2 1482 4565
1482 3 1483 5605 9406
1483 2 610 1484
1484 2 1485 2491
1485 2 56 1486
1486 1 1487
1487 1 1488
1488 2 1489 2623
1489 2 119 1490
1490 1 1491
1491 1 1492
1492 1 1493
1493 2 1343 1494
1494 3 1495 5041 8527
1495 3 1496 2307 2960
1496 2 1497 7638
1497 1 1498
1498 2 1499 7978
1499 2 1500 7121
1500 2 1501 9451
1501 4 1502 3735 3822 5393
1502 3 1494 1503 2801
1503 3 1504 3709 7435
1504 2 1505 7109
1505 2 1506 3725
1506 1 1507
1507 1 1508
1508 1 1509
1509 2 1510 6257
1510 3 1511 6254 9161
1511 4 1512 3751 3956 7539
1512 1 1513
1513 1 1514
1514 1 1515
1515 3 1516 3249 6386
1516 1 1517
1517 2 1518 4905
1518 1 1519
1519 2 1520 9451
1520 3 1521 4282 8762
1521 4 116 1522 2316 4085
1522 1 1523
1523 2 921 1524
1524 3 1525 2594 2670
1525 2 1526 1777
1526 1 1527
1527 2 1528 7331
1528 1 1529
1529 7 1530 3934 4705 5513 6020 6137 9285
1530 3 1531 7276 9049
1531 2 1532 8633
1532 3 267 1533 2495
1533 2 1534 4661
1534 1 1535
1535 1 1536
1536 2 1537 3735
1537 4 1538 1593 4311 4695
1538 2 1539 4535
1539 2 1540 6545
1540 2 1541 5737
1541 2 1542 5583
1542 2 1543 2959
1543 1 1544
1544 4 293 1166 1545 3174
1545 2 1546 4010
1546 2 1547 2370
1547 5 1323 1548 2107 8717 9922
1548 1 1549
1549 1 1550
1550 1 1551
1551 2 1552 2775
1552 2 1553 9523
1553 2 1554 8822
1554 1 1555
1555 1 1556
1556 2 1557 1785
1557 1 1558
1558 1 1559
1559 2 1560 7876
1560 3 1561 1706 4701
1561 4 124 1562 1645 3041
1562 1 1563
1563 1 1564
1564 3 1565 1594 8219
1565 3 1566 7282 8134
1566 1 1567
1567 2 1568 3118
1568 2 1569 2597
1569 1 1570
1570 1 1571
1571 1 1572
1572 3 1573 2841 9413
1573 1 1574
1574 3 1528 1575 9182
1575 3 1576 1722 2941
1576 4 870 1577 3364 8463
1577 1 1578
1578 2 1579 4613
1579 1 1580
1580 1 1581
1581 2 1582 3565
1582 1 1583
1583 3 1584 1922 3203
1584 1 1585
1585 1 1586
1586 2 1587 7896
1587 3 1588 4541 8836
1588 3 1589 4902 5430
1589 1 1590
1590 1 1591
1591 1 1592
1592 3 1593 4286 5763
1593 2 1594 4941
1594 2 1595 9941
1595 1 1596
1596 1 1597
1597 3 1598 6005 7483
1598 2 1599 5144
1599 1 1600
1600 1 1601
1601 1 1602
1602 1 1603
1603 2 312 1604
1604 2 1605 8842
1605 2 1606 5442
1606 1 1607
1607 1 1608
1608 2 1609 6231
1609 3 1610 2142 3292
1610 2 1611 8056
1611 2 1612 3169
1612 1 1613
1613 3 1614 2358 5334
1614 1 1615
1615 3 1616 1775 2164
1616 2 1617 1861
1617 1 1618
1618 2 99 1619
1619 2 1620 4790
1620 2 1006 1621
1621 1 1622
1622 1 1623
1623 2 1624 6356
1624 2 1625 6751
1625 2 1626 6785
1626 1 1627
1627 2 1628 8448
1628 1 1629
1629 1 1630
1630 1 1631
1631 2 1632 5983
1632 3 1633 8164 9420
1633 1 1634
1634 3 1635 5230 6693
1635 5 1636 2380 3673 4720 9997
1636 1 1637
1637 2 1638 6565
1638 2 1639 2686
1639 1 1640
1640 4 1641 1998 2843 9327
1641 2 1642 4312
1642 1 1643
1643 2 60 1644
1644 5 85 1645 2622 3016 7917
1645 3 421 1646 2341
1646 1 1647
1647 2 1279 1648
1648 2 381 1649
1649 3 314 1650 5555
1650 2 501 1651
1651 2 1652 1778
1652 1 1653
1653 1 1654
1654 3 1655 3515 6214
1655 3 1656 5517 8854
1656 3 1657 7197 7337
1657 2 1658 9116
1658 2 74 1659
1659 3 1660 3392 4778
1660 2 1661 4540
1661 2 1662 4482
1662 4 1663 6395 8932 9785
1663 3 1664 1855 4727
1664 1 1665
1665 4 18 1666 5545 7494
1666 1 1667
1667 1 1668
1668 3 1669 4810 8999
1669 4 1369 1670 6703 9533
1670 1 1671
1671 4 1552 1672 1881 7252
1672 1 1673
1673 2 1674 6306
1674 2 1675 8964
1675 1 1676
1676 1 1677
1677 3 1678 4247 7516
1678 4 1272 1679 3661 3944
1679 1 1680
1680 2 1681 9647
1681 2 1682 2582
1682 1 1683
1683 1 1684
1684 2 1685 2822
1685 2 1686 7085
1686 1 1687
1687 2 750 1688
1688 3 1689 6785 9551
1689 1 1690
1690 2 1691 3617
1691 1 1692
1692 1 1693
1693 2 1694 9444
1694 2 1695 7788
1695 3 22 208 1696
1696 1 1697
1697 2 846 1698
1698 5 1699 2638 5664 7926 9741
1699 2 1700 3751
1700 3 1701 3707 4473
1701 3 1702 2959 6982
1702 3 1470 1703 7547
1703 2 1704 4923
1704 3 217 1705 9761
1705 1 1706
1706 1 1707
1707 3 1569 1708 2478
1708 3 1709 7568 8792
1709 3 1710 2421 8849
1710 2 1711 6314
1711 4 967 1712 4710 8079
1712 2 1713 8007
1713 2 1714 3715
1714 2 1134 1715
1715 3 861 1716 4122
1716 1 1717
1717 1 1718
1718 2 1719 4638
1719 4 1085 1720 5953 9787
1720 1 1721
1721 2 1722 6060
1722 1 1723
1723 2 297 1724
1724 3 1725 4620 5388
1725 2 1726 7791
1726 3 807 1727 3051
1727 2 1728 7344
1728 2 1729 2826
1729 1 1730
1730 1 1731
1731 1 1732
1732 1 1733
1733 4 1306 1734 1962 5255
1734 1 1735
1735 2 1736 5258
1736 2 1737 5542
1737 3 1738 6143 8551
1738 1 1739
1739 3 1740 8460 9096
1740 3 1741 4812 7392
1741 1 1742
1742 3 1743 3811 4174
1743 2 1744 1782
1744 2 1745 7307
1745 3 1746 3449 9771
1746 1 1747
1747 3 586 1748 2899
1748 3 402 1749 7200
1749 2 1750 2834
1750 1 1751
1751 3 1752 4483 4913
1752 2 1753 4268
1753 2 1754 3583
1754 1 1755
1755 3 1756 7630 8274
1756 2 1757 7872
1757 2 1758 9580
1758 1 1759
1759 3 1760 1828 8850
1760 1 1761
1761 1 1762
1762 2 1763 5927
1763 1 1764
1764 1 1765
1765 1 1766
1766 2 1767 7447
1767 3 581 1768 8956
1768 2 1769 6435
1769 1 1770
1770 1 1771
1771 1 1772
1772 2 1773 6976
1773 1 1774
1774 2 1775 2961
1775 2 1776 4659
1776 3 1011 1656 1777
1777 1 1778
1778 2 1779 8069
1779 1 1780
1780 1 1781
1781 1 1782
1782 1 1783
1783 2 1784 7335
1784 2 1785 3609
1785 4 1786 7474 7862 9643
1786 2 1787 8231
1787 1 1788
1788 3 1789 2093 4374
1789 1 1790
1790 1 1791
1791 2 1790 1792
1792 1 1793
1793 2 1794 8159
1794 1 1795
1795 2 1796 6733
1796 2 1797 6017
1797 1 1798
1798 2 1799 3781
1799 2 1800 4885
1800 2 1801 8499
1801 1 1802
1802 1 1803
1803 1 1804
1804 1 1805
1805 1 1806
1806 3 1807 3070 5232
1807 3 5 55 1808
1808 2 1809 3080
1809 3 416 441 1810
1810 3 1811 4628 6657
1811 1 1812
1812 3 1813 5503 8590
1813 1 1814
1814 1 1815
1815 1 1816
1816 3 1817 7859 9047
1817 4 1818 2803 4095 6282
1818 1 1819
1819 4 1820 4535 8322 9831
1820 2 1821 6532
1821 1 1822
1822 5 660 671 1823 8790 9387
1823 4 1824 3925 4945 9432
1824 1 1825
1825 3 1826 4043 5948
1826 2 1827 8119
1827 1 1828
1828 2 1829 2711
1829 1 1830
1830 1 1831
1831 1 1832
1832 2 1833 4011
1833 2 1834 2400
1834 2 1835 3431
1835 2 815 1836
1836 1 1837
1837 2 1838 6082
1838 2 1839 7593
1839 1 1840
1840 1 1841
1841 2 1842 5803
1842 2 119 1843
1843 3 1646 1844 4132
1844 4 1845 4860 5156 7799
1845 2 1846 1876
1846 2 1847 2125
1847 2 1848 9635
1848 4 714 1849 3855 4037
1849 4 800 1632 1850 4576
1850 3 1851 3258 9615
1851 1 1852
1852 3 487 1853 1917
1853 3 1854 2872 7288
1854 4 859 1855 4620 6616
1855 1 1856
1856 1 1857
1857 3 1858 4227 9062
1858 2 1859 8518
1859 1 1860
1860 2 1861 2233
1861 3 1372 1700 1862
1862 1 1863
1863 5 1864 1970 2144 7795 7952
1864 3 1865 5590 6038
1865 1 1866
1866 1 1867
1867 2 1868 8638
1868 2 1869 4584
1869 2 1870 6762
1870 3 1871 7373 9593
1871 2 1872 8731
1872 3 1873 4996 9758
1873 2 1874 5411
1874 2 1875 3751
1875 1 1876
1876 3 364 755 1877
1877 3 1878 5625 7540
1878 3 1879 3473 9532
1879 1 1880
1880 1 1881
1881 1 1882
1882 1 1883
1883 1 1884
1884 2 1885 7775
1885 2 1886 5234
1886 3 598 1887 2089
1887 1 1888
1888 2 1889 8063
1889 2 1890 4948
1890 1 1891
1891 4 1892 7675 7806 9027
1892 3 1893 3252 5187
1893 3 1894 2723 4269
1894 1 1895
1895 2 1896 9583
1896 1 1897
1897 1 1898
1898 3 1899 2570 8021
1899 1 1900
1900 1 1901
1901 3 881 1902 8078
1902 1 1903
1903 2 1904 5709
1904 2 1052 1905
1905 1 1906
1906 1 1907
1907 5 1487 1908 3060 8286 8456
1908 1 1909
1909 2 1910 3323
1910 2 1911 5378
1911 1 1912
1912 1 1913
1913 3 1914 6164 7316
1914 2 1915 6967
1915 1 1916
1916 2 1917 7078
1917 1 1918
1918 1 1919
1919 2 1920 5503
1920 2 1921 2355
1921 1 1922
1922 1 1923
1923 3 1924 2850 7403
1924 3 1925 7752 8856
1925 1 1926
1926 2 1927 8404
1927 1 1928
1928 5 310 1929 3651 4733 4938
1929 1 1930
1930 2 1931 7370
1931 3 1932 3296 6874
1932 2 1933 2268
1933 2 1934 9693
1934 1 1935
1935 1 1936
1936 4 1937 4930 7518 8918
1937 5 1228 1938 2895 8214 8671
1938 4 1939 4656 4671 7845
1939 2 1940 8144
1940 1 1941
1941 3 1942 3970 5073
1942 3 1943 4294 8806
1943 1 1944
1944 1 1945
1945 3 1946 3251 7177
1946 1 1947
1947 1 1948
1948 1 1949
1949 2 1950 5082
1950 2 1951 5863
1951 2 1952 2920
1952 2 1953 5145
1953 1 1954
1954 1 1955
1955 3 722 1956 9057
1956 1 1957
1957 2 455 1958
1958 2 1959 6534
1959 2 1960 4083
1960 4 1905 1961 8020 9482
1961 3 1962 8409 8957
1962 2 1963 2657
1963 1 1964
1964 3 1965 7417 7932
1965 4 1435 1966 2950 7669
1966 2 1967 7423
1967 1 1968
1968 3 1969 5063 5766
1969 2 1970 8935
1970 1 1971
1971 2 1972 7981
1972 2 1973 8368
1973 1 1974
1974 2 1975 8061
1975 1 1976
1976 1 1977
1977 2 1978 4622
1978 1 1979
1979 1 1980
1980 2 1981 4276
1981 3 1928 1982 8271
1982 1 1983
1983 1 1984
1984 3 1985 6704 9263
1985 2 1838 1986
1986 1 1987
1987 2 1988 2119
1988 3 1989 2952 3076
1989 2 234 1990
1990 1 1991
1991 1 1992
1992 2 742 1993
1993 1 1994
1994 1 1995
1995 1 1996
1996 1 1997
1997 1 1998
1998 2 1999 6797
1999 2 2000 5372
2000 3 2001 6356 9161
2001 2 2002 5051
2002 1 2003
2003 3 1247 2004 2071
2004 1 2005
2005 3 2006 8067 8384
2006 1 2007
2007 3 2008 2122 2772
2008 2 2009 5891
2009 2 82 2010
2010 3 2011 3445 6992
2011 1 2012
2012 3 184 2013 7862
2013 1 2014
2014 4 1003 2015 3673 5654
2015 2 2016 4774
2016 1 2017
2017 1 2018
2018 2 2019 3338
2019 2 2020 4858
2020 2 1233 2021
2021 4 2022 6119 7336 8027
2022 2 9 2023
2023 1 2024
2024 2 2025 2240
2025 3 2026 7149 9403
2026 1 2027
2027 2 2028 8492
2028 2 2029 3910
2029 3 2030 6447 8296
2030 3 2031 7173 9515
2031 1 2032
2032 1 2033
2033 2 684 2034
2034 4 2035 6093 8556 9552
2035 4 672 2036 5790 8236
2036 1 2037
2037 1 2038
2038 3 795 2039 8517
2039 1 2040
2040 1 2041
2041 1 2042
2042 3 2043 3022 9822
2043 1 2044
2044 1 2045
2045 1 2046
2046 2 2047 7679
2047 3 2048 7692 9868
2048 4 318 2049 4102 5696
2049 3 2050 6989 8429
2050 1 2051
2051 1 2052
2052 2 2053 6353
2053 1 2054
2054 1 2055
2055 2 2056 3492
2056 2 2057 8433
2057 1 2058
2058 3 301 2059 7002
2059 1 2060
2060 3 2061 7845 9332
2061 1 2062
2062 3 1584 2063 4633
2063 3 2064 2482 7305
2064 3 2065 3506 5992
2065 3 1512 2064 2066
2066 2 2067 5127
2067 2 2068 5758
2068 3 949 2069 6442
2069 1 2070
2070 3 320 2071 5752
2071 3 2072 8224 9865
2072 1 2073
2073 2 2074 4263
2074 1 2075
2075 3 2076 7274 8978
2076 2 2077 7745
2077 1 2078
2078 2 734 2079
2079 2 2080 3052
2080 5 472 992 2081 5927 7324
2081 2 2082 5677
2082 3 2083 5342 9513
2083 2 1530 2084
2084 1 2085
2085 2 1301 2086
2086 1 2087
2087 1 2088
2088 3 2089 5424 8768
2089 2 2090 5998
2090 5 2091 4484 5702 7867 9126
2091 2 802 2092
2092 4 2093 2268 5209 6968
2093 1 2094
2094 3 2095 3979 4248
2095 2 2096 6941
2096 3 2097 8009 9466
2097 2 2098 5842
2098 3 1384 2099 4968
2099 1 2100
2100 1 2101
2101 2 2102 8604
2102 3 2103 7653 9733
2103 2 2104 6491
2104 2 2105 4418
2105 1 2106
2106 2 2107 8583
2107 1 2108
2108 1 2109
2109 3 1926 2110 2675
2110 2 2111 3118
2111 4 2112 3901 8497 8512
2112 3 2113 6377 8972
2113 3 2114 3139 9352
2114 1 2115
2115 1 2116
2116 3 2117 5715 9460
2117 2 2118 4852
2118 4 2119 3098 6519 9918
2119 2 2120 4695
2120 2 2121 2773
2121 3 2122 4022 8451
2122 2 2123 5887
2123 3 74 2124 3684
2124 2 2125 8928
2125 2 2126 7814
2126 2 2127 6474
2127 2 2128 7325
2128 1 2129
2129 3 2130 2172 9410
2130 1 2131
2131 2 1571 2132
2132 3 2133 4448 5203
2133 2 186 2134
2134 5 2135 7599 7760 8294 9959
2135 1 2136
2136 3 2137 6673 7287
2137 1 2138
2138 2 2139 4735
2139 3 883 1772 2140
2140 1 2141
2141 1 2142
2142 3 423 2143 9570
2143 1 2144
2144 3 1538 2145 3003
2145 2 2146 7878
2146 1 2147
2147 2 2148 2563
2148 1 2149
2149 2 2150 4097
2150 2 2151 7792
2151 1 2152
2152 3 2153 7309 8435
2153 5 763 2154 3366 7906 8251
2154 1 2155
2155 2 2156 4815
2156 4 310 1668 2157 5140
2157 1 2158
2158 1 2159
2159 1 2160
2160 3 2161 8865 9254
2161 1 2162
2162 1 2163
2163 2 2164 3148
2164 3 2146 2165 3161
2165 1 2166
2166 1 2167
2167 3 2168 8108 9864
2168 1 2169
2169 2 426 2170
2170 3 2171 5545 9796
2171 1 2172
2172 3 2173 3945 5893
2173 2 2174 7392
2174 3 2175 3296 7916
2175 1 2176
2176 1 2177
2177 2 2178 7225
2178 3 2179 4788 6507
2179 2 2180 9876
2180 1 2181
2181 4 2182 2619 2644 4069
2182 1 2183
2183 3 2184 4762 8035
2184 1 2185
2185 3 2186 5372 7526
2186 1 2187
2187 2 2188 4271
2188 2 2189 4807
2189 4 2190 3467 5791 8953
2190 4 1937 2191 4577 6350
2191 3 2140 2192 5673
2192 1 2193
2193 3 2194 5383 7294
2194 3 898 2195 6898
2195 2 2196 7514
2196 1 2197
2197 3 210 2198 2823
2198 3 294 2199 8144
2199 2 2200 5854
2200 4 2201 3760 5500 8983
2201 3 1066 2202 6418
2202 1 2203
2203 1 2204
2204 3 2205 2565 3007
2205 1 2206
2206 4 2207 8613 9206 9733
2207 2 1819 2208
2208 1 2209
2209 2 2210 4415
2210 3 2211 5351 8417
2211 1 2212
2212 1 2213
2213 1 2214
2214 1 2215
2215 2 1890 2216
2216 1 2217
2217 1 2218
2218 1 2219
2219 2 2220 4372
2220 2 2221 4085
2221 2 2222 4322
2222 1 2223
2223 2 2224 4616
2224 2 2225 6849
2225 1 2226
2226 3 2227 3929 6146
2227 2 2228 6802
2228 2 2229 6644
2229 2 2230 6270
2230 2 2231 8986
2231 2 2232 7087
2232 2 2233 8283
2233 3 1679 2234 5042
2234 3 1481 2235 3400
2235 2 168 2236
2236 1 2237
2237 1 2238
2238 1 2239
2239 1 2240
2240 1 2241
2241 2 2242 5975
2242 3 1697 2243 9418
2243 2 2244 2251
2244 1 2245
2245 3 2246 4481 9635
2246 1 2247
2247 2 2248 4086
2248 1 2249
2249 1 2250
2250 1 2251
2251 3 2252 2639 3013
2252 3 2253 6637 9996
2253 2 2254 3649
2254 1 2255
2255 4 2256 4479 7942 8234
2256 2 2257 8772
2257 3 2258 4869 6005
2258 5 544 2259 5025 5937 7603
2259 4 600 2260 2596 4871
2260 2 2261 3250
2261 2 2262 5987
2262 2 2263 4610
2263 2 2264 5456
2264 1 2265
2265 2 2266 7897
2266 3 251 2267 6151
2267 2 975 2268
2268 1 2269
2269 1 2270
2270 1 2271
2271 1 2272
2272 1 2273
2273 3 2274 2679 7581
2274 1 2275
2275 1 2276
2276 2 2277 4092
2277 3 2278 5179 9976
2278 2 87 2279
2279 2 2280 5364
2280 2 2281 8781
2281 2 2282 7070
2282 3 2283 3929 8927
2283 2 255 2284
2284 1 2285
2285 2 2286 5863
2286 2 2287 9168
2287 2 2288 9924
2288 2 2289 8070
2289 2 2290 5702
2290 1 2291
2291 1 2292
2292 2 2293 2801
2293 3 2294 3920 5329
2294 3 660 2295 3133
2295 1 2296
2296 2 2297 6790
2297 2 2164 2298
2298 1 2299
2299 1 2300
2300 3 1244 2301 7096
2301 2 2302 4248
2302 2 2303 6554
2303 4 2304 5759 8744 8961
2304 2 2305 9865
2305 4 2306 5371 9296 9298
2306 2 2307 9646
2307 1 2308
2308 3 464 2309 3845
2309 5 2310 3031 4131 4681 4753
2310 2 2311 2659
2311 3 2312 6575 9241
2312 1 2313
2313 2 1107 2314
2314 3 2315 5819 8456
2315 3 168 2316 5575
2316 3 2317 7442 8843
2317 3 534 574 2318
2318 3 2319 4373 9408
2319 2 2320 3127
2320 2 2321 9640
2321 2 2322 9157
2322 2 2323 5768
2323 1 2324
2324 2 2325 7773
2325 2 1561 2326
2326 2 2327 4853
2327 2 1780 2328
2328 1 2329
2329 4 1479 2330 4577 4858
2330 2 2331 4052
2331 1 2332
2332 4 166 1012 2333 4718
2333 1 2334
2334 3 2335 3766 4434
2335 1 2336
2336 2 2337 5226
2337 3 1157 2338 8267
2338 2 2339 2992
2339 1 2340
2340 1 2341
2341 2 203 2342
2342 2 2343 3151
2343 1 2344
2344 3 67 2345 4644
2345 2 2346 9685
2346 1 2347
2347 2 2348 7840
2348 2 2349 6767
2349 2 2350 7585
2350 2 2351 4065
2351 2 2352 9277
2352 2 2353 9828
2353 2 2354 8497
2354 3 998 2355 8356
2355 3 2356 2774 9087
2356 1 2357
2357 2 2358 6832
2358 3 1420 2359 4299
2359 2 2360 4172
2360 3 665 2158 2361
2361 2 1696 2362
2362 2 2363 6246
2363 2 2364 9460
2364 2 2365 7225
2365 2 2366 4684
2366 1 2367
2367 2 2368 5355
2368 1 2369
2369 3 1179 2370 2740
2370 3 2371 8038 9803
2371 3 2372 4734 7410
2372 2 2373 6966
2373 1 2374
2374 3 66 2375 9956
2375 3 2376 4810 6523
2376 3 465 2377 7430
2377 2 2378 7183
2378 2 902 2379
2379 2 941 2380
2380 3 2058 2381 3050
2381 2 2382 9780
2382 3 360 441 2383
2383 1 2384
2384 1 2385
2385 2 2386 3351
2386 2 7 2387
2387 2 2388 8347
2388 1 2389
2389 1 2390
2390 1 2391
2391 1 2392
2392 3 2393 2832 7357
2393 2 2394 6296
2394 1 2395
2395 3 2396 3190 5270
2396 4 2397 4231 7220 8979
2397 1 2398
2398 2 2399 7100
2399 2 2400 9543
2400 2 2401 2445
2401 4 2402 4688 5480 5522
2402 3 947 2403 7755
2403 1 2404
2404 3 2405 7166 7788
2405 1 2406
2406 2 2407 4223
2407 4 2408 3067 6361 6681
2408 1 2409
2409 2 2410 5949
2410 1 2411
2411 1 2412
2412 2 2413 9742
2413 4 2414 4549 5808 9077
2414 2 2415 9354
2415 2 2416 9183
2416 3 2417 4001 7313
2417 1 2418
2418 1 2419
2419 2 2420 9249
2420 1 2421
2421 1 2422
2422 1 2423
2423 2 2314 2424
2424 1 2425
2425 1 2426
2426 1 2427
2427 1 2428
2428 1 2429
2429 5 1757 2430 2944 6647 9701
2430 2 2431 4558
2431 1 2432
2432 2 2433 8183
2433 2 2434 2794
2434 1 2435
2435 4 2191 2436 2859 9487
2436 2 600 2437
2437 3 1001 2438 5823
2438 1 2439
2439 2 2440 4694
2440 2 2441 5220
2441 2 2442 8651
2442 3 2443 5405 8774
2443 1 2444
2444 2 1699 2445
2445 3 158 2446 9269
2446 2 2447 7103
2447 1 2448
2448 2 2449 6656
2449 1 2450
2450 2 2451 9707
2451 3 2452 4015 7759
2452 1 2453
2453 1 2454
2454 3 2455 8211 8269
2455 1 2456
2456 1 2457
2457 1 2458
2458 2 2459 3729
2459 1 2460
2460 1 2461
2461 1 2462
2462 2 1369 2463
2463 3 1723 2464 3612
2464 2 2465 3676
2465 2 2466 5656
2466 1 2467
2467 1 2468
2468 2 2469 9682
2469 3 2470 2758 5050
2470 1 2471
2471 1 2472
2472 1 2473
2473 2 2474 5588
2474 1 2475
2475 3 2476 4752 8394
2476 2 2477 5645
2477 1 2478
2478 3 476 2479 5186
2479 1 2480
2480 2 2481 6380
2481 2 2482 8751
2482 3 2483 3114 5465
2483 1 2484
2484 2 1958 2485
2485 1 2486
2486 2 2487 3010
2487 3 697 2488 8233
2488 2 2489 7259
2489 1 2490
2490 2 2491 2707
2491 4 1 2492 2653 8215
2492 1 2493
2493 2 2494 7091
2494 2 2495 7873
2495 2 2496 6560
2496 2 1054 2497
2497 1 2498
2498 3 2499 6727 8360
2499 2 2500 4170
2500 2 2501 7289
2501 1 2502
2502 2 275 2503
2503 3 1809 2504 4375
2504 2 2505 2711
2505 1 2506
2506 1 2507
2507 1 2508
2508 2 2509 4012
2509 3 770 1635 2510
2510 1 2511
2511 2 728 2512
2512 1 2513
2513 2 2514 9990
2514 1 2515
2515 6 2516 2732 4389 9559 9746 9920
2516 2 1696 2517
2517 2 2518 5733
2518 2 2519 8865
2519 1 2520
2520 5 1011 1879 2521 3858 3958
2521 3 2522 7490 7559
2522 2 2523 2956
2523 2 943 2524
2524 4 638 2525 5496 7737
2525 1 2526
2526 2 2527 4389
2527 2 2528 7702
2528 1 2529
2529 3 2530 7281 8933
2530 3 2531 8725 9180
2531 3 2025 2532 8282
2532 2 1464 2533
2533 3 2393 2534 7685
2534 2 2535 2987
2535 1 2536
2536 3 2537 2699 8533
2537 3 2538 6013 9284
2538 2 2539 6997
2539 3 2194 2540 8955
2540 3 1110 2541 9121
2541 1 2542
2542 3 1176 2543 8565
2543 1 2544
2544 3 2545 2996 6229
2545 1 2546
2546 3 2178 2547 5797
2547 3 2548 2769 4082
2548 1 2549
2549 1 2550
2550 1 2551
2551 1 2552
2552 1 2553
2553 4 92 2554 2818 3603
2554 1 2555
2555 2 2556 3508
2556 3 2557 4551 6897
2557 1 2558
2558 2 2559 7697
2559 2 1683 2560
2560 1 2561
2561 2 2562 8405
2562 2 2563 3614
2563 1 2564
2564 2 2565 3339
2565 1 2566
2566 2 1990 2567
2567 1 2568
2568 1 2569
2569 3 1297 2570 6161
2570 3 2571 5653 9428
2571 2 2572 8823
2572 1 2573
2573 3 2574 2814 7117
2574 2 2575 7316
2575 6 2576 3421 4926 5511 5898 8001
2576 2 1703 2577
2577 1 2578
2578 2 2579 4370
2579 1 2580
2580 3 2581 5482 9130
2581 3 451 2424 2582
2582 3 2583 4963 5069
2583 3 2053 2584 3655
2584 2 2585 8271
2585 3 1030 2586 7285
2586 1 2587
2587 2 2588 6038
2588 2 2589 6678
2589 3 2590 6058 8985
2590 2 2591 9532
2591 1 2592
2592 1 2593
2593 2 2594 3300
2594 3 287 2595 5125
2595 2 716 2596
2596 1 2597
2597 1 2598
2598 1 2599
2599 4 2600 2937 5503 9091
2600 1 2601
2601 1 2602
2602 1 2603
2603 1 2604
2604 2 2605 7996
2605 3 2173 2606 7002
2606 2 2607 5197
2607 2 2608 4411
2608 4 2547 2609 4966 7430
2609 2 2610 9001
2610 2 2611 4342
2611 3 596 2612 4419
2612 3 1411 2613 3065
2613 4 1957 2614 4215 4543
2614 1 2615
2615 3 1017 2616 2761
2616 1 2617
2617 1 2618
2618 2 2619 3918
2619 2 2464 2620
2620 2 2621 7969
2621 1 2622
2622 2 257 2623
2623 1 2624
2624 2 2625 6736
2625 3 651 2626 3703
2626 2 2627 6451
2627 2 2628 9777
2628 2 2629 9492
2629 3 2630 4288 6094
2630 1 2631
2631 1 2632
2632 1 2633
2633 2 1812 2634
2634 2 2635 9629
2635 1 2636
2636 3 976 2637 7988
2637 2 2638 7056
2638 1 2639
2639 2 2640 6998
2640 1 2641
2641 2 2642 6269
2642 2 2643 7297
2643 2 2025 2644
2644 2 2645 9857
2645 2 2646 9865
2646 2 2647 5484
2647 1 2648
2648 1 2649
2649 2 1544 2650
2650 1 2651
2651 2 2652 9775
2652 1 2653
2653 1 2654
2654 1 2655
2655 1 2656
2656 2 2657 6014
2657 3 2658 4915 7771
2658 1 2659
2659 3 2660 4147 7410
2660 2 1096 2661
2661 1 2662
2662 1 2663
2663 2 2664 5248
2664 3 2225 2665 5385
2665 2 2666 6976
2666 1 2667
2667 1 2668
2668 2 643 2669
2669 2 2670 5175
2670 1 2671
2671 1 2672
2672 2 2673 6474
2673 2 2674 7565
2674 1 2675
2675 2 2676 9169
2676 2 660 2677
2677 1 2678
2678 2 2679 4379
2679 1 2680
2680 1 2681
2681 1 2682
2682 1 2683
2683 1 2684
2684 4 2685 3677 7585 7922
2685 2 1582 2686
2686 2 2687 7259
2687 2 2688 8701
2688 3 2689 7918 8791
2689 3 1783 2690 2787
2690 3 122 1046 2691
2691 2 2692 3823
2692 1 2693
2693 2 1180 2694
2694 3 2695 3920 4728
2695 3 2696 5179 8429
2696 1 2697
2697 2 2698 9244
2698 2 32 2699
2699 1 2700
2700 1 2701
2701 2 2702 4624
2702 1 2703
2703 2 2704 5291
2704 1 2705
2705 3 2706 3267 3442
2706 2 2707 9752
2707 3 2708 4275 6256
2708 2 1734 2709
2709 2 2710 3057
2710 3 2711 7733 8903
2711 2 2712 6257
2712 2 2713 4620
2713 4 2714 4555 6369 7426
2714 1 2715
2715 2 2716 8281
2716 2 2717 4430
2717 1 2718
2718 1 2719
2719 1 2720
2720 2 2721 8314
2721 2 2722 9737
2722 3 1966 2723 6279
2723 5 2656 2724 3567 4018 5540
2724 1 2725
2725 3 2726 4362 5956
2726 4 1331 2727 3167 3639
2727 1 2728
2728 2 2729 5425
2729 1 2730
2730 4 2731 6001 8068 8420
2731 1 2732
2732 2 2733 9369
2733 2 2734 4684
2734 1 2735
2735 1 2736
2736 2 2737 4523
2737 1 2738
2738 1 2739
2739 3 2369 2740 6115
2740 2 1123 2741
2741 3 2742 7039 8932
2742 1 2743
2743 1 2744
2744 1 2745
2745 1 2746
2746 1 2747
2747 2 1198 2748
2748 1 2749
2749 1 2750
2750 2 2751 3026
2751 2 2752 4259
2752 1 2753
2753 3 378 2754 7837
2754 3 1805 2755 4801
2755 5 259 2756 2962 3608 9465
2756 3 466 2757 5511
2757 2 2758 7969
2758 2 2759 4811
2759 3 2081 2760 3521
2760 2 2761 8861
2761 1 2762
2762 1 2763
2763 2 2764 3481
2764 2 2765 4454
2765 3 1106 2766 8391
2766 3 2767 4301 7104
2767 2 706 2768
2768 1 2769
2769 2 2770 9298
2770 1 2771
2771 2 986 2772
2772 3 2773 4263 7011
2773 3 736 1991 2774
2774 3 2775 3035 9754
2775 1 2776
2776 1 2777
2777 2 2778 3194
2778 3 189 2779 9061
2779 2 317 2780
2780 1 2781
2781 1 2782
2782 3 2783 3035 6663
2783 2 2784 9435
2784 2 2785 8439
2785 1 2786
2786 1 2787
2787 1 2788
2788 3 2170 2789 8760
2789 2 2790 4942
2790 1 2791
2791 4 655 1938 2792 5895
2792 3 445 2793 7627
2793 1 2794
2794 3 2795 4070 4399
2795 1 2796
2796 3 1099 2797 6026
2797 2 2798 6681
2798 3 442 2799 5971
2799 4 1682 2800 4290 5677
2800 3 2179 2801 5393
2801 1 2802
2802 1 2803
2803 1 2804
2804 2 2805 4005
2805 1 2806
2806 1 2807
2807 1 2808
2808 3 2809 5898 8058
2809 3 1875 2810 7769
2810 1 2811
2811 2 2812 8494
2812 1 2813
2813 2 1684 2814
2814 1 2815
2815 1 2816
2816 2 2817 6962
2817 1 2818
2818 1 2819
2819 1 2820
2820 1 2821
2821 4 1262 2822 4051 4250
2822 1 2823
2823 1 2824
2824 2 201 2825
2825 2 2826 3038
2826 1 2827
2827 2 2828 5597
2828 3 2572 2829 7274
2829 3 2830 5181 7712
2830 1 2831
2831 2 2832 7237
2832 2 2009 2833
2833 2 839 2834
2834 3 267 2072 2835
2835 1 2836
2836 1 2837
2837 2 2838 5520
2838 2 1537 2839
2839 6 2840 3506 3920 6749 7197 8558
2840 2 2841 9537
2841 3 593 2842 6830
2842 2 2843 6195
2843 2 1076 2844
2844 3 2636 2845 7819
2845 2 1081 2846
2846 1 2847
2847 1 2848
2848 2 2849 5735
2849 1 2850
2850 1 2851
2851 2 2852 5468
2852 2 2853 9168
2853 2 2854 7861
2854 3 2855 3297 6003
2855 3 2856 8406 8660
2856 1 2857
2857 2 2858 8871
2858 1 2859
2859 3 2860 5898 8981
2860 2 1283 2861
2861 1 2862
2862 4 2564 2863 5036 5428
2863 2 275 2864
2864 2 2571 2865
2865 2 2625 2866
2866 4 2085 2867 6721 6891
2867 1 2868
2868 2 2869 9399
2869 2 2870 5992
2870 3 2334 2871 9136
2871 3 1421 2872 3306
2872 1 2873
2873 1 2874
2874 1 2875
2875 2 1409 2876
2876 1 2877
2877 3 2878 3561 8157
2878 2 2398 2879
2879 2 2880 9052
2880 1 2881
2881 1 2882
2882 3 2883 4781 6765
2883 2 2884 9144
2884 1 2885
2885 5 618 2886 4822 7309 9024
2886 2 2887 4192
2887 2 2052 2888
2888 3 2889 8739 9015
2889 1 2890
2890 1 2891
2891 2 2892 3642
2892 1 2893
2893 2 2894 4374
2894 1 2895
2895 1 2896
2896 3 2897 7835 9756
2897 4 2898 8256 8521 9219
2898 2 2899 6279
2899 2 2788 2900
2900 3 2091 2901 3698
2901 2 2902 4714
2902 2 61 2903
2903 1 2904
2904 1 2905
2905 2 2906 8304
2906 1 2907
2907 1 2908
2908 1 2909
2909 2 2910 5409
2910 2 2911 6609
2911 3 34 2912 4442
2912 2 2913 8008
2913 1 2914
2914 2 2915 6176
2915 1 2916
2916 3 2917 3045 3699
2917 1 2918
2918 1 2919
2919 1 2920
2920 2 2313 2921
2921 3 651 1699 2922
2922 3 2923 3953 6605
2923 3 2924 5882 9771
2924 2 1819 2925
2925 6 408 1024 2296 2926 6320 6560
2926 1 2927
2927 1 2928
2928 1 2929
2929 2 2930 8308
2930 1 2931
2931 3 2932 5563 9690
2932 2 1286 2933
2933 1 2934
2934 4 126 2935 7554 8245
2935 1 2936
2936 1 2937
2937 2 2699 2938
2938 1 2939
2939 1 2940
2940 3 2941 8194 8340
2941 2 2942 9755
2942 1 2943
2943 2 2944 6744
2944 1 2945
2945 5 983 2946 3901 7061 7798
2946 2 2947 9423
2947 1 2948
2948 2 2949 5320
2949 3 2950 3043 5302
2950 3 2951 5900 6637
2951 1 2952
2952 2 440 2953
2953 2 2954 7042
2954 3 2955 3834 6537
2955 4 2956 3192 5000 8674
2956 2 2957 7144
2957 2 2958 3129
2958 1 2959
2959 2 2563 2960
2960 1 2961
2961 2 2962 7759
2962 2 2963 7001
2963 3 2650 2793 2964
2964 1 2965
2965 2 2966 9918
2966 1 2967
2967 1 2968
2968 3 2969 3963 5111
2969 1 2970
2970 1 2971
2971 2 2972 4274
2972 2 2973 5054
2973 2 2974 7151
2974 1 2975
2975 2 2976 4181
2976 3 1248 2977 9901
2977 2 2978 6625
2978 2 2979 6082
2979 1 2980
2980 3 2981 5773 7418
2981 2 4 2982
2982 5 1954 2983 5278 6546 8950
2983 3 2984 3215 8944
2984 1 2985
2985 2 2986 6364
2986 1 2987
2987 1 2988
2988 1 2989
2989 4 2990 4245 4511 4837
2990 5 2991 5734 6372 6420 8555
2991 2 347 2992
2992 2 1854 2993
2993 3 2994 3242 5193
2994 1 2995
2995 1 2996
2996 2 2044 2997
2997 2 708 2998
2998 1 2999
2999 1 3000
3000 2 3001 3506
3001 2 2867 3002
3002 3 1959 3003 7363
3003 1 3004
3004 2 3005 7701
3005 1 3006
3006 1 3007
3007 2 582 3008
3008 2 3009 5869
3009 2 3010 8337
3010 3 2018 3011 4867
3011 2 2116 3012
3012 2 3013 8751
3013 1 3014
3014 1 3015
3015 1 3016
3016 2 2656 3017
3017 3 3018 4181 6114
3018 2 3019 4446
3019 2 3020 7819
3020 2 3021 8296
3021 1 3022
3022 4 174 3023 3953 9437
3023 1 3024
3024 2 1045 3025
3025 3 3026 7569 9206
3026 4 3027 6347 6606 9600
3027 2 3028 6373
3028 2 3029 6876
3029 2 81 3030
3030 2 3031 9810
3031 1 3032
3032 1 3033
3033 1 3034
3034 2 3035 6402
3035 2 3036 6063
3036 2 3037 5368
3037 2 3038 5872
3038 2 3039 4790
3039 1 3040
3040 4 1489 3041 8057 8613
3041 2 3042 9025
3042 2 2378 3043
3043 3 3044 5647 6981
3044 4 3045 5020 5650 5793
3045 1 3046
3046 4 3047 3813 4335 7826
3047 2 3048 5477
3048 2 3049 6625
3049 2 2082 3050
3050 1 3051
3051 2 3052 5215
3052 2 3053 7411
3053 3 2977 3054 8183
3054 1 3055
3055 1 3056
3056 2 1270 3057
3057 2 3058 3548
3058 1 3059
3059 2 3060 3785
3060 1 3061
3061 4 436 3062 8891 9262
3062 2 520 3063
3063 1 3064
3064 1 3065
3065 2 3066 4167
3066 1 3067
3067 3 211 3068 9793
3068 2 3069 5021
3069 2 3070 7028
3070 3 1924 3071 7137
3071 2 3072 5047
3072 1 3073
3073 4 3032 3074 3962 5935
3074 3 223 3075 4845
3075 2 3076 3187
3076 1 3077
3077 2 3078 8020
3078 1 3079
3079 2 3080 4376
3080 1 3081
3081 1 3082
3082 2 3083 5879
3083 1 3084
3084 1 3085
3085 2 3086 5283
3086 1 3087
3087 3 2601 3088 6513
3088 4 3089 4082 4570 8306
3089 1 3090
3090 1 3091
3091 2 573 3092
3092 1 3093
3093 1 3094
3094 3 2067 3095 3395
3095 2 3096 4321
3096 1 3097
3097 4 3098 4520 5140 7315
3098 2 227 3099
3099 1 3100
3100 2 3101 7220
3101 1 3102
3102 3 3103 8041 9928
3103 3 1713 3104 7262
3104 4 3105 3889 5263 5436
3105 1 3106
3106 1 3107
3107 1 3108
3108 1 3109
3109 2 3110 8906
3110 1 3111
3111 1 3112
3112 2 3113 6018
3113 1 3114
3114 2 3115 3257
3115 2 3116 7255
3116 1 3117
3117 1 3118
3118 2 3119 7115
3119 2 3120 4888
3120 3 3121 7238 9055
3121 6 3122 3543 4269 4423 7794 8495
3122 2 1580 3123
3123 2 3124 7076
3124 3 3125 3300 3871
3125 1 3126
3126 1 3127
3127 2 3128 3376
3128 2 3129 8867
3129 2 3130 7404
3130 3 3131 8069 9823
3131 4 2260 3132 5038 9237
3132 1 3133
3133 2 3134 9182
3134 4 3135 3347 4151 6791
3135 1 3136
3136 1 3137
3137 2 3138 9208
3138 3 121 3139 8054
3139 2 3140 4597
3140 1 3141
3141 2 3142 8233
3142 3 2626 3143 6202
3143 2 3144 5208
3144 2 1972 3145
3145 1 3146
3146 2 919 3147
3147 1 3148
3148 2 3149 6122
3149 4 988 1863 3150 6851
3150 1 3151
3151 3 552 3152 3381
3152 1 3153
3153 2 3154 5602
3154 3 3155 4476 4529
3155 3 3156 5376 9173
3156 2 2316 3157
3157 1 3158
3158 2 3159 7506
3159 1 3160
3160 1 3161
3161 2 2487 3162
3162 1 3163
3163 3 3164 6147 9684
3164 2 2904 3165
3165 4 787 3166 3413 6581
3166 2 3167 4944
3167 4 91 3168 5983 8683
3168 2 2744 3169
3169 6 859 1695 2906 3170 3749 9190
3170 1 3171
3171 2 3172 6897
3172 2 3173 9112
3173 3 2866 3174 8934
3174 1 3175
3175 2 3176 8117
3176 1 3177
3177 2 547 3178
3178 2 178 3179
3179 1 3180
3180 2 3181 6835
3181 1 3182
3182 2 3183 9953
3183 2 3184 6087
3184 1 3185
3185 1 3186
3186 2 3187 3883
3187 3 3188 5200 8308
3188 1 3189
3189 1 3190
3190 1 3191
3191 3 2212 3192 5468
3192 3 3193 4343 7221
3193 2 3194 3913
3194 1 3195
3195 1 3196
3196 2 3197 4068
3197 1 3198
3198 1 3199
3199 2 3200 8612
3200 2 3201 6167
3201 2 1476 3202
3202 2 1031 3203
3203 2 3204 3216
3204 3 1234 1310 3205
3205 3 1146 3206 6380
3206 2 2046 3207
3207 1 3208
3208 1 3209
3209 2 3210 9290
3210 3 3211 5596 8626
3211 1 3212
3212 1 3213
3213 1 3214
3214 3 59 549 3215
3215 1 3216
3216 1 3217
3217 1 3218
3218 3 3219 3931 9996
3219 2 3220 4174
3220 5 294 465 1443 3221 4602
3221 2 3222 8811
3222 3 3223 4625 4883
3223 4 3224 3289 6083 9357
3224 3 599 3225 8360
3225 1 3226
3226 1 3227
3227 1 3228
3228 2 3229 5890
3229 1 3230
3230 1 3231
3231 2 3232 4576
3232 1 3233
3233 3 2130 3234 7744
3234 3 3235 6194 8632
3235 1 3236
3236 3 3237 4200 7902
3237 3 3021 3238 9853
3238 3 1548 3188 3239
3239 1 3240
3240 2 3241 5544
3241 2 3242 9247
3242 2 3243 6694
3243 1 3244
3244 1 3245
3245 2 3246 8858
3246 1 3247
3247 2 3248 9038
3248 1 3249
3249 2 3250 6779
3250 3 317 3251 9343
3251 1 3252
3252 2 3253 5388
3253 1 3254
3254 2 2874 3255
3255 1 3256
3256 1 3257
3257 1 3258
3258 1 3259
3259 3 1923 2296 3260
3260 2 2669 3261
3261 1 3262
3262 2 3263 6362
3263 1 3264
3264 2 1650 3265
3265 2 3266 7844
3266 3 237 3267 9901
3267 2 622 3268
3268 1 3269
3269 2 3270 3414
3270 1 3271
3271 2 3272 5802
3272 1 3273
3273 3 3274 5947 9722
3274 2 3275 7989
3275 3 2327 3276 7908
3276 2 1645 3277
3277 3 3278 5061 6248
3278 1 3279
3279 2 3280 7584
3280 2 3281 8750
3281 5 810 2823 3282 5281 8466
3282 2 334 3283
3283 1 3284
3284 1 3285
3285 1 3286
3286 2 3287 7065
3287 1 3288
3288 2 3289 6690
3289 2 2588 3290
3290 1 3291
3291 2 3292 9691
3292 1 3293
3293 3 2036 3294 9384
3294 4 2523 3295 6751 7743
3295 1 3296
3296 1 3297
3297 4 1638 2776 3298 9817
3298 3 3299 9015 9166
3299 2 3300 6302
3300 2 3301 9463
3301 1 3302
3302 2 3303 7031
3303 3 3304 3308 9485
3304 2 3305 7241
3305 3 3306 5503 9838
3306 2 3307 4816
3307 1 3308
3308 1 3309
3309 2 3310 5248
3310 2 3311 6850
3311 3 3312 5643 9842
3312 2 3162 3313
3313 2 3314 4566
3314 1 3315
3315 2 1811 3316
3316 1 3317
3317 1 3318
3318 2 3319 4186
3319 1 3320
3320 2 3321 5519
3321 2 3322 4889
3322 1 3323
3323 2 2092 3324
3324 3 3325 3471 3766
3325 2 1265 3326
3326 1 3327
3327 2 3328 9223
3328 1 3329
3329 2 3330 4577
3330 4 2560 3331 6709 8179
3331 4 1505 3332 4184 9897
3332 4 1399 3333 6162 9593
3333 4 3334 3935 5015 5844
3334 2 3335 6900
3335 3 3336 5681 7528
3336 1 3337
3337 1 3338
3338 3 2603 3339 8806
3339 1 3340
3340 2 3341 5188
3341 2 154 3342
3342 3 2913 3343 8856
3343 5 3344 7144 7960 8961 9831
3344 2 3345 9068
3345 2 3346 8670
3346 2 3347 4658
3347 3 434 3348 5514
3348 1 3349
3349 1 3350
3350 1 3351
3351 3 3352 8047 9030
3352 2 3353 7681
3353 2 3354 8855
3354 1 3355
3355 2 1984 3356
3356 1 3357
3357 3 94 231 3358
3358 2 3359 5252
3359 3 3360 4008 6071
3360 1 3361
3361 2 3362 6800
3362 1 3363
3363 2 3364 5439
3364 3 361 3365 8860
3365 4 2923 3366 4930 8574
3366 1 3367
3367 1 3368
3368 2 3369 5957
3369 3 3370 5816 9660
3370 4 3371 3824 7597 8029
3371 2 1797 3372
3372 3 2658 3373 8728
3373 1 3374
3374 1 3375
3375 3 3376 4647 9156
3376 1 3377
3377 1 3378
3378 2 1567 3379
3379 3 65 3380 3462
3380 2 186 3381
3381 1 3382
3382 1 3383
3383 6 1626 2494 3384 5556 8313 8379
3384 2 3385 7416
3385 2 3386 4026
3386 3 1354 3387 9039
3387 1 3388
3388 4 2362 3389 8750 8874
3389 1 3390
3390 3 2545 3391 7757
3391 1 3392
3392 2 3393 3550
3393 1 3394
3394 1 3395
3395 1 3396
3396 1 3397
3397 1 3398
3398 1 3399
3399 1 3400
3400 1 3401
3401 5 528 1430 1678 2465 3402
3402 4 3403 6678 7153 9938
3403 2 3404 7341
3404 1 3405
3405 2 3406 7414
3406 2 3407 7164
3407 1 3408
3408 2 3409 4639
3409 3 1713 3410 5487
3410 3 2637 3411 8176
3411 4 3412 4394 7155 8088
3412 2 2198 3413
3413 3 3299 3414 8050
3414 1 3415
3415 3 951 3416 9570
3416 2 3417 9200
3417 3 2768 3418 3787
3418 2 3419 4277
3419 1 3420
3420 6 356 1730 3421 6840 7257 8308
3421 3 1953 3422 6804
3422 2 3423 4825
3423 2 3424 8380
3424 4 106 3425 3717 3817
3425 1 3426
3426 1 3427
3427 2 3428 6149
3428 1 3429
3429 1 3430
3430 4 3431 5077 7423 8105
3431 1 3432
3432 2 2509 3433
3433 1 3434
3434 2 75 3435
3435 2 919 3436
3436 3 3437 6524 6967
3437 2 3438 6468
3438 1 3439
3439 3 2745 3440 6226
3440 2 3441 4572
3441 3 76 3442 9907
3442 4 3443 4447 6606 7419
3443 4 1965 3444 5938 8432
3444 3 2001 3445 7184
3445 2 3090 3446
3446 1 3447
3447 2 3448 5241
3448 1 3449
3449 1 3450
3450 1 3451
3451 2 3452 7719
3452 1 3453
3453 3 2970 3454 3592
3454 1 3455
3455 1 3456
3456 2 3457 5170
3457 3 3458 4932 8414
3458 1 3459
3459 2 3460 8926
3460 1 3461
3461 2 3462 5001
3462 2 3073 3463
3463 1 3464
3464 1 3465
3465 1 3466
3466 2 3049 3467
3467 3 490 1675 3468
3468 1 3469
3469 2 112 3470
3470 2 1108 3471
3471 3 3472 6626 9303
3472 1 3473
3473 1 3474
3474 2 3475 4051
3475 3 296 3207 3476
3476 1 3477
3477 2 3478 9805
3478 3 1401 3479 9990
3479 1 3480
3480 2 3481 8648
3481 2 3482 9369
3482 3 1494 3483 5470
3483 3 1483 3484 4781
3484 1 3485
3485 3 1208 3486 8630
3486 1 3487
3487 3 3488 4447 9394
3488 2 2533 3489
3489 2 153 3490
3490 1 3491
3491 1 3492
3492 1 3493
3493 3 3494 4044 5273
3494 2 994 3495
3495 2 3496 5300
3496 2 603 3497
3497 1 3498
3498 2 3499 5095
3499 1 3500
3500 2 3501 9157
3501 2 3502 5947
3502 1 3503
3503 2 3504 4738
3504 1 3505
3505 2 1281 3506
3506 3 2477 3507 9388
3507 4 147 3508 8097 9472
3508 2 3509 3938
3509 1 3510
3510 1 3511
3511 3 426 3512 8481
3512 1 3513
3513 3 2864 3514 6060
3514 3 3515 3975 8745
3515 2 3516 3628
3516 3 82 3517 7405
3517 2 3518 9692
3518 2 3519 4255
3519 2 2788 3520
3520 2 3521 9577
3521 2 1972 3522
3522 1 3523
3523 2 2062 3524
3524 3 203 3525 9275
3525 3 2937 3526 6942
3526 1 3527
3527 2 3528 6759
3528 2 1971 3529
3529 2 3530 7956
3530 1 3531
3531 1 3532
3532 2 3533 9137
3533 2 2911 3534
3534 1 3535
3535 1 3536
3536 1 3537
3537 1 3538
3538 1 3539
3539 2 3540 9531
3540 2 3541 5023
3541 1 3542
3542 1 3543
3543 1 3544
3544 2 1621 3545
3545 1 3546
3546 2 57 3547
3547 3 2232 2985 3548
3548 2 2885 3549
3549 3 3550 6630 9504
3550 3 1907 3551 4988
3551 3 1734 3552 3668
3552 4 656 3553 8308 9677
3553 3 3554 5129 6278
3554 1 3555
3555 1 3556
3556 2 3557 5209
3557 2 3558 8776
3558 1 3559
3559 2 3560 4622
3560 1 3561
3561 2 3562 4273
3562 2 3563 9571
3563 2 3518 3564
3564 1 3565
3565 1 3566
3566 2 3567 9275
3567 3 1461 3568 6265
3568 1 3569
3569 1 3570
3570 1 3571
3571 2 3572 6363
3572 3 3272 3573 6633
3573 1 3574
3574 3 2903 3050 3575
3575 4 929 2495 3576 4687
3576 2 2597 3577
3577 2 3578 7921
3578 2 3502 3579
3579 2 3580 9348
3580 2 679 3581
3581 2 3582 8107
3582 1 3583
3583 2 3584 8688
3584 2 3585 4068
3585 1 3586
3586 2 1149 3587
3587 1 3588
3588 2 3578 3589
3589 3 701 1776 3590
3590 1 3591
3591 3 993 3592 8277
3592 3 2429 3593 7012
3593 2 522 3594
3594 4 3595 8133 8150 9280
3595 5 2175 3596 7322 8739 8830
3596 2 2226 3597
3597 2 982 3598
3598 2 37 3599
3599 3 3600 4731 8609
3600 2 3601 5089
3601 2 3602 6370
3602 1 3603
3603 1 3604
3604 1 3605
3605 1 3606
3606 1 3607
3607 2 3608 6090
3608 1 3609
3609 2 1187 3610
3610 1 3611
3611 1 3612
3612 2 3613 4841
3613 1 3614
3614 1 3615
3615 1 3616
3616 2 3617 9852
3617 2 3618 6820
3618 2 3619 5785
3619 1 3620
3620 3 3621 9200 9378
3621 1 3622
3622 4 1307 1741 3623 9934
3623 1 3624
3624 2 3625 8999
3625 2 3626 9319
3626 2 3627 6932
3627 2 3628 6440
3628 3 3629 3863 9115
3629 1 3630
3630 4 2620 3631 4468 7272
3631 2 3632 4927
3632 3 593 2636 3633
3633 2 3634 6405
3634 2 1795 3635
3635 1 3636
3636 2 1969 3637
3637 2 3196 3638
3638 1 3639
3639 1 3640
3640 2 3641 6222
3641 1 3642
3642 4 3643 6093 8788 9403
3643 4 2260 3644 7025 9634
3644 1 3645
3645 1 3646
3646 3 3647 4188 4732
3647 2 3648 7089
3648 4 1374 3649 5726 6127
3649 3 3650 5090 6398
3650 2 2814 3651
3651 1 3652
3652 2 3653 8360
3653 3 2256 3654 8137
3654 2 173 3655
3655 4 3656 4221 6132 8859
3656 3 2026 3657 4780
3657 3 3658 5307 5392
3658 2 3659 4326
3659 2 3660 4710
3660 1 3661
3661 2 3662 8725
3662 3 3663 4689 7416
3663 3 532 3664 8106
3664 3 3665 6262 7743
3665 4 746 2951 3666 9659
3666 1 3667
3667 3 1516 3668 6161
3668 2 3669 6281
3669 1 3670
3670 2 3671 5810
3671 1 3672
3672 1 3673
3673 1 3674
3674 3 483 3675 4726
3675 2 1758 3676
3676 2 3677 5028
3677 1 3678
3678 2 68 3679
3679 4 689 2399 3680 4049
3680 2 3681 7354
3681 3 3638 3682 6437
3682 3 3025 3683 4442
3683 1 3684
3684 2 1530 3685
3685 1 3686
3686 2 3687 9604
3687 1 3688
3688 1 3689
3689 3 743 3690 8036
3690 1 3691
3691 1 3692
3692 2 3693 8704
3693 1 3694
3694 1 3695
3695 1 3696
3696 3 1201 3697 9342
3697 3 197 3698 7078
3698 2 296 3699
3699 2 2132 3700
3700 1 3701
3701 1 3702
3702 3 256 3703 5393
3703 2 3704 5463
3704 2 900 3705
3705 1 3706
3706 1 3707
3707 1 3708
3708 2 3709 4114
3709 3 1223 3710 8770
3710 1 3711
3711 2 3712 9944
3712 3 1878 3713 8146
3713 2 1243 3714
3714 1 3715
3715 2 3716 7288
3716 3 3717 5374 7445
3717 1 3718
3718 1 3719
3719 1 3720
3720 2 3721 8473
3721 2 2960 3722
3722 1 3723
3723 1 3724
3724 2 3725 5713
3725 1 3726
3726 3 3727 3945 6249
3727 1 3728
3728 5 1691 2132 3729 5364 5833
3729 3 1444 3284 3730
3730 1 3731
3731 1 3732
3732 1 3733
3733 2 3734 9192
3734 3 3735 4236 8917
3735 2 3736 7019
3736 1 3737
3737 3 1180 3738 8722
3738 1 3739
3739 1 3740
3740 1 3741
3741 2 3742 9063
3742 1 3743
3743 2 3744 4757
3744 3 3745 4766 6891
3745 1 3746
3746 2 2144 3747
3747 4 3476 3748 6015 9075
3748 2 2201 3749
3749 2 1953 3750
3750 1 3751
3751 1 3752
3752 1 3753
3753 1 3754
3754 3 248 3755 4634
3755 3 3756 7229 8387
3756 2 3757 5894
3757 1 3758
3758 3 550 3759 8941
3759 3 1692 3760 8260
3760 2 3761 9997
3761 1 3762
3762 2 2653 3763
3763 1 3764
3764 2 3765 7685
3765 1 3766
3766 2 3767 5223
3767 3 2458 3768 7055
3768 3 3769 5198 8083
3769 2 643 3770
3770 2 2027 3771
3771 2 318 3772
3772 4 3577 3773 4775 9081
3773 3 2886 3774 9364
3774 2 3525 3775
3775 2 1173 3776
3776 1 3777
3777 1 3778
3778 3 3779 4900 9220
3779 1 3780
3780 4 3781 4276 5442 6431
3781 1 3782
3782 3 2698 3783 6729
3783 1 3784
3784 1 3785
3785 2 3507 3786
3786 2 3787 9211
3787 3 3634 3788 3792
3788 2 3789 5677
3789 1 3790
3790 1 3791
3791 1 3792
3792 1 3793
3793 1 3794
3794 4 3795 3915 8790 9888
3795 2 3796 7864
3796 3 3797 5898 6742
3797 2 3798 6626
3798 1 3799
3799 1 3800
3800 1 3801
3801 2 899 3802
3802 3 1939 3803 4815
3803 1 3804
3804 4 1881 3805 6411 6783
3805 3 3806 4085 7560
3806 2 3807 7505
3807 4 2884 3808 3983 4958
3808 3 2995 3809 6743
3809 2 3810 9865
3810 2 3811 7497
3811 2 3271 3812
3812 2 224 3813
3813 1 3814
3814 3 3815 5729 5919
3815 2 3602 3816
3816 2 1129 3817
3817 2 3818 4021
3818 4 714 3819 5405 9257
3819 2 3118 3820
3820 2 3821 7864
3821 1 3822
3822 1 3823
3823 1 3824
3824 1 3825
3825 1 3826
3826 3 3827 4921 7413
3827 2 3828 7559
3828 1 3829
3829 2 3830 9106
3830 1 3831
3831 2 2900 3832
3832 1 3833
3833 2 3834 9007
3834 2 2349 3835
3835 2 515 3836
3836 1 3837
3837 2 2382 3838
3838 2 1667 3839
3839 1 3840
3840 3 13 3841 6116
3841 1 3842
3842 1 3843
3843 3 781 2428 3844
3844 1 3845
3845 1 3846
3846 2 3847 9010
3847 2 3848 9460
3848 1 3849
3849 2 3505 3850
3850 2 1333 3851
3851 1 3852
3852 1 3853
3853 1 3854
3854 1 3855
3855 3 3856 4896 8566
3856 2 3857 5777
3857 3 1064 3858 6454
3858 1 3859
3859 1 3860
3860 1 3861
3861 2 3862 9423
3862 1 3863
3863 2 3864 6763
3864 1 3865
3865 1 3866
3866 1 3867
3867 1 3868
3868 5 1039 3388 3869 4605 5592
3869 2 1037 3870
3870 2 3871 3986
3871 2 3872 9239
3872 3 3873 4695 5119
3873 1 3874
3874 2 3875 8622
3875 1 3876
3876 1 3877
3877 2 3878 4330
3878 1 3879
3879 1 3880
3880 3 3881 6474 6808
3881 2 3882 5815
3882 3 1159 1703 3883
3883 4 3596 3884 6842 8865
3884 1 3885
3885 5 593 3470 3886 3919 7611
3886 1 3887
3887 4 3450 3888 4493 7695
3888 5 2487 3889 5474 6944 9493
3889 1 3890
3890 3 3891 8720 9235
3891 2 3892 5674
3892 1 3893
3893 2 3714 3894
3894 1 3895
3895 3 2985 3896 7349
3896 3 3897 4171 7513
3897 4 988 3898 5192 8251
3898 1 3899
3899 2 3900 9898
3900 1 3901
3901 4 3401 3902 8852 9729
3902 3 3903 6516 8594
3903 3 2111 3904 7790
3904 1 3905
3905 2 3906 8316
3906 1 3907
3907 2 822 3908
3908 2 1027 3909
3909 2 2104 3910
3910 1 3911
3911 1 3912
3912 1 3913
3913 5 193 3032 3914 4416 8869
3914 2 2070 3915
3915 2 2813 3916
3916 3 2207 3917 7759
3917 1 3918
3918 2 3919 5448
3919 2 3920 6852
3920 2 3921 7530
3921 2 3922 9703
3922 1 3923
3923 3 3924 7123 9184
3924 3 393 1855 3925
3925 2 2943 3926
3926 2 1702 3927
3927 1 3928
3928 3 3929 5673 6027
3929 2 3930 9339
3930 2 3931 7098
3931 3 3932 4076 6463
3932 1 3933
3933 3 234 1522 3934
3934 3 1224 3935 7374
3935 1 3936
3936 1 3937
3937 2 3938 9579
3938 1 3939
3939 2 3940 7061
3940 2 3941 5799
3941 1 3942
3942 3 735 2132 3943
3943 2 342 3944
3944 2 1179 3945
3945 1 3946
3946 1 3947
3947 5 1734 2189 3098 3948 9668
3948 2 2275 3949
3949 2 2345 3950
3950 2 2991 3951
3951 2 383 3952
3952 4 3538 3953 6206 6980
3953 2 2624 3954
3954 1 3955
3955 1 3956
3956 1 3957
3957 3 1177 2187 3958
3958 2 2116 3959
3959 4 2252 3960 7700 8922
3960 1 3961
3961 2 1863 3962
3962 2 2205 3963
3963 1 3964
3964 2 1898 3965
3965 1 3966
3966 3 2987 3967 6169
3967 3 869 3968 4461
3968 2 3969 9748
3969 2 3970 5703
3970 3 3971 6542 9064
3971 2 3972 6963
3972 1 3973
3973 2 3194 3974
3974 3 3852 3975 8488
3975 2 3976 7223
3976 1 3977
3977 4 795 3978 5237 6240
3978 1 3979
3979 4 970 1487 3980 5989
3980 3 3981 4398 9287
3981 2 3982 5408
3982 2 3983 9071
3983 1 3984
3984 1 3985
3985 4 194 2519 3986 6976
3986 3 2521 3987 9371
3987 3 3988 4556 6115
3988 1 3989
3989 3 3171 3990 9705
3990 2 3991 7463
3991 2 3992 9510
3992 3 3993 4127 7790
3993 1 3994
3994 2 3995 4297
3995 1 3996
3996 3 3997 5468 6231
3997 1 3998
3998 3 3999 6338 6450
3999 2 3824 4000
4000 1 4001
4001 2 4002 5153
4002 2 824 4003
4003 1 4004
4004 1 4005
4005 2 358 4006
4006 1 4007
4007 1 4008
4008 2 4009 7588
4009 2 1966 4010
4010 1 4011
4011 2 4012 5718
4012 3 1597 4013 6960
4013 2 4014 5869
4014 3 2451 4015 4458
4015 1 4016
4016 2 4017 6005
4017 3 4018 7102 9341
4018 1 4019
4019 4 4020 4293 7418 9683
4020 3 4021 4209 6982
4021 2 1573 4022
4022 2 4023 8959
4023 1 4024
4024 2 3194 4025
4025 2 100 4026
4026 1 4027
4027 2 4028 9981
4028 2 3624 4029
4029 3 4030 6010 8529
4030 1 4031
4031 1 4032
4032 2 4033 8957
4033 1 4034
4034 1 4035
4035 2 254 4036
4036 1 4037
4037 1 4038
4038 3 2868 3793 4039
4039 1 4040
4040 1 4041
4041 2 264 4042
4042 2 1539 4043
4043 3 4044 6793 8993
4044 3 4045 8854 9039
4045 2 4046 9768
4046 1 4047
4047 1 4048
4048 2 3365 4049
4049 2 4050 6611
4050 1 4051
4051 4 802 3007 3244 4052
4052 3 4053 7093 9611
4053 1 4054
4054 3 4055 6776 9145
4055 5 1499 3488 4056 4983 5060
4056 2 1754 4057
4057 1 4058
4058 1 4059
4059 1 4060
4060 1 4061
4061 1 4062
4062 2 4063 9545
4063 3 4064 5699 6070
4064 1 4065
4065 1 4066
4066 3 4067 5735 7845
4067 3 4068 8937 9032
4068 1 4069
4069 3 930 4070 7125
4070 1 4071
4071 2 2162 4072
4072 2 4073 5556
4073 2 4074 5248
4074 1 4075
4075 2 4076 5476
4076 1 4077
4077 1 4078
4078 3 416 4079 5003
4079 2 4080 8312
4080 3 3534 4081 6926
4081 2 491 4082
4082 2 584 4083
4083 2 4084 5510
4084 1 4085
4085 1 4086
4086 1 4087
4087 3 536 3454 4088
4088 1 4089
4089 5 2254 3237 4090 5898 6995
4090 3 4084 4091 8477
4091 2 4092 5940
4092 1 4093
4093 1 4094
4094 1 4095
4095 1 4096
4096 1 4097
4097 3 2425 4098 4105
4098 1 4099
4099 1 4100
4100 2 487 4101
4101 3 1020 3382 4102
4102 3 4103 7861 8685
4103 2 4104 4727
4104 1 4105
4105 2 4106 7146
4106 2 4107 7471
4107 1 4108
4108 1 4109
4109 1 4110
4110 1 4111
4111 1 4112
4112 2 4113 4431
4113 2 4114 9998
4114 1 4115
4115 2 4116 6753
4116 2 4117 9095
4117 1 4118
4118 2 4119 5614
4119 2 3247 4120
4120 4 62 3043 4121 9017
4121 1 4122
4122 2 4123 4437
4123 3 642 4124 5440
4124 1 4125
4125 4 4117 4126 5515 7934
4126 3 2194 3102 4127
4127 3 2215 3630 4128
4128 2 4129 9843
4129 2 4130 5942
4130 1 4131
4131 4 1973 4132 9246 9845
4132 3 4133 8475 9027
4133 3 4134 5193 5221
4134 1 4135
4135 2 4136 8908
4136 3 140 2615 4137
4137 2 4138 9173
4138 1 4139
4139 3 2859 4140 9896
4140 4 2100 4141 5331 9744
4141 5 144 913 3563 3615 4142
4142 1 4143
4143 2 4144 8720
4144 2 4145 8052
4145 1 4146
4146 1 4147
4147 4 2973 4148 4398 6613
4148 1 4149
4149 4 2973 4150 4811 8143
4150 2 4151 9869
4151 1 4152
4152 5 4153 5280 6028 7828 8933
4153 1 4154
4154 4 257 1269 1800 4155
4155 3 4156 4541 5079
4156 4 4157 6028 7278 8374
4157 1 4158
4158 1 4159
4159 2 309 4160
4160 4 2365 4161 4820 8069
4161 1 4162
4162 1 4163
4163 2 4164 4464
4164 2 3293 4165
4165 3 2990 2997 4166
4166 1 4167
4167 2 4168 9139
4168 3 2513 3127 4169
4169 1 4170
4170 1 4171
4171 3 4172 7055 7344
4172 1 4173
4173 1 4174
4174 1 4175
4175 2 4176 7436
4176 2 4177 8251
4177 2 2807 4178
4178 3 534 1052 4179
4179 1 4180
4180 2 4181 5462
4181 4 4182 5034 5239 8346
4182 1 4183
4183 1 4184
4184 2 31 4185
4185 1 4186
4186 1 4187
4187 5 640 956 4188 7314 9879
4188 1 4189
4189 2 4190 9274
4190 4 3373 4191 6639 8049
4191 2 446 4192
4192 8 1562 3836 4193 4742 6458 8889 8946 9081
4193 1 4194
4194 3 4012 4195 7932
4195 3 4196 6209 9399
4196 2 4197 9782
4197 1 4198
4198 3 2287 4199 5425
4199 2 4200 5428
4200 1 4201
4201 1 4202
4202 2 1175 4203
4203 3 4204 5734 8753
4204 1 4205
4205 3 4206 6966 8236
4206 1 4207
4207 3 4208 4650 8556
4208 2 2092 4209
4209 1 4210
4210 1 4211
4211 2 4212 4662
4212 1 4213
4213 1 4214
4214 1 4215
4215 2 4216 6495
4216 3 2413 4217 6943
4217 1 4218
4218 1 4219
4219 2 1020 4220
4220 2 910 4221
4221 3 2833 4222 6455
4222 2 4223 9764
4223 1 4224
4224 1 4225
4225 2 2937 4226
4226 2 900 4227
4227 2 4228 6422
4228 3 138 4212 4229
4229 1 4230
4230 1 4231
4231 3 4232 6321 9824
4232 2 4233 5812
4233 1 4234
4234 3 2394 4235 6882
4235 2 3579 4236
4236 2 4170 4237
4237 3 4238 5414 8668
4238 2 4239 5611
4239 5 3974 4240 4528 7547 8024
4240 1 4241
4241 3 2964 4242 4911
4242 2 4243 5973
4243 1 4244
4244 2 4245 6502
4245 1 4246
4246 1 4247
4247 3 3647 4248 7678
4248 2 1591 4249
4249 4 1978 4250 7259 7952
4250 2 4251 8275
4251 2 2252 4252
4252 1 4253
4253 2 4047 4254
4254 1 4255
4255 1 4256
4256 5 4257 4354 4848 5918 8257
4257 6 3561 3948 4204 4258 5283 9506
4258 3 3408 4259 9074
4259 2 415 4260
4260 2 4261 4792
4261 1 4262
4262 3 3334 4263 8899
4263 2 2295 4264
4264 2 4265 6880
4265 1 4266
4266 1 4267
4267 2 4268 7348
4268 2 1163 4269
4269 2 4270 9371
4270 1 4271
4271 2 2507 4272
4272 1 4273
4273 1 4274
4274 2 883 4275
4275 4 2489 2643 4276 7891
4276 1 4277
4277 2 4278 5464
4278 3 3351 4279 6421
4279 1 4280
4280 1 4281
4281 3 1818 4282 8667
4282 2 2165 4283
4283 1 4284
4284 1 4285
4285 1 4286
4286 1 4287
4287 1 4288
4288 2 3664 4289
4289 4 1977 3542 4290 7305
4290 3 4291 6079 9521
4291 1 4292
4292 2 4293 6734
4293 5 50 630 4294 6945 7645
4294 1 4295
4295 3 4296 6499 9331
4296 3 3207 4297 4320
4297 2 4298 5267
4298 1 4299
4299 1 4300
4300 1 4301
4301 2 4302 4662
4302 2 4303 5056
4303 4 3359 4304 6505 7839
4304 1 4305
4305 2 4306 6708
4306 2 4307 6606
4307 1 4308
4308 1 4309
4309 1 4310
4310 1 4311
4311 1 4312
4312 2 4313 7738
4313 5 4314 4692 5759 6166 7112
4314 1 4315
4315 1 4316
4316 2 4317 8491
4317 3 4318 6274 9930
4318 1 4319
4319 2 4320 6895
4320 2 1842 4321
4321 1 4322
4322 2 588 4323
4323 3 4014 4324 5569
4324 2 4325 4455
4325 1 4326
4326 3 4100 4327 5185
4327 1 4328
4328 3 4329 6067 8953
4329 3 2232 4330 7011
4330 1 4331
4331 3 102 4332 8433
4332 2 1316 4333
4333 3 1161 4148 4334
4334 2 3946 4335
4335 1 4336
4336 1 4337
4337 2 4338 4614
4338 1 4339
4339 2 4340 9886
4340 3 4301 4341 5972
4341 3 751 2257 4342
4342 1 4343
4343 2 4344 7802
4344 1 4345
4345 3 4146 4333 4346
4346 2 3723 4347
4347 1 4348
4348 4 3444 4349 6508 7244
4349 2 4350 8184
4350 2 4351 4599
4351 1 4352
4352 1 4353
4353 2 2291 4354
4354 2 1212 4355
4355 1 4356
4356 2 4357 4450
4357 3 1969 4354 4358
4358 2 4359 7201
4359 1 4360
4360 3 2497 4361 4839
4361 3 2469 4362 9391
4362 2 4363 8255
4363 1 4364
4364 1 4365
4365 3 256 3113 4366
4366 2 1065 4367
4367 2 4368 4785
4368 1 4369
4369 1 4370
4370 1 4371
4371 1 4372
4372 4 4201 4335 4373 7852
4373 3 4374 5090 7767
4374 2 4375 7407
4375 5 568 4376 6664 9196 9563
4376 1 4377
4377 2 1967 4378
4378 1 4379
4379 4 4380 6046 6613 7718
4380 1 4381
4381 1 4382
4382 1 4383
4383 3 2789 3966 4384
4384 1 4385
4385 2 1940 4386
4386 3 2754 3729 4387
4387 1 4388
4388 1 4389
4389 2 4390 8721
4390 3 2522 3320 4391
4391 2 4392 8578
4392 1 4393
4393 2 3717 4394
4394 4 3785 4395 8327 9085
4395 1 4396
4396 1 4397
4397 1 4398
4398 2 2153 4399
4399 2 4400 6015
4400 1 4401
4401 5 3533 4402 5971 6599 7072
4402 2 363 4403
4403 1 4404
4404 2 2391 4405
4405 1 4406
4406 1 4407
4407 3 4408 9089 9820
4408 1 4409
4409 3 2951 4410 5600
4410 1 4411
4411 1 4412
4412 2 544 4413
4413 1 4414
4414 1 4415
4415 1 4416
4416 2 4417 5773
4417 2 3352 4418
4418 3 559 3860 4419
4419 2 4420 8168
4420 1 4421
4421 3 3206 4422 7747
4422 3 3736 4423 6700
4423 1 4424
4424 3 2547 4425 5087
4425 2 4426 4811
4426 1 4427
4427 1 4428
4428 2 3214 4429
4429 2 3105 4430
4430 1 4431
4431 3 1346 4432 4900
4432 2 4433 5702
4433 2 4182 4434
4434 3 1017 4435 7215
4435 1 4436
4436 3 31 4437 6496
4437 2 4438 6188
4438 1 4439
4439 2 2008 4440
4440 2 4441 6898
4441 4 1707 4050 4442 4972
4442 1 4443
4443 3 3108 4444 7140
4444 3 3746 4445 6403
4445 1 4446
4446 2 4447 9673
4447 1 4448
4448 1 4449
4449 2 4450 6569
4450 1 4451
4451 2 4452 6506
4452 2 827 4453
4453 2 4454 8622
4454 4 767 3176 4455 8953
4455 2 4456 8831
4456 2 4457 8334
4457 2 1734 4458
4458 3 2275 4459 5090
4459 4 480 4460 4975 6916
4460 1 4461
4461 2 4462 7871
4462 2 4463 6686
4463 2 4464 5689
4464 1 4465
4465 2 4466 9568
4466 1 4467
4467 3 3916 4468 7767
4468 5 154 772 1717 4469 8248
4469 2 4470 9052
4470 1 4471
4471 2 4472 6757
4472 1 4473
4473 1 4474
4474 2 4475 8110
4475 2 4048 4476
4476 1 4477
4477 2 2692 4478
4478 3 304 4479 6638
4479 1 4480
4480 3 1999 4481 9599
4481 5 2356 4482 5540 7200 9152
4482 3 3310 4483 7416
4483 5 3990 4484 4794 5115 7190
4484 1 4485
4485 3 2008 4486 8699
4486 5 2616 2927 4487 4709 8083
4487 2 1943 4488
4488 2 4489 7138
4489 1 4490
4490 7 971 1945 3208 4491 5112 5324 7324
4491 3 437 4492 9733
4492 3 4493 6121 6690
4493 1 4494
4494 2 2416 4495
4495 1 4496
4496 2 2284 4497
4497 1 4498
4498 4 1107 1340 4499 9884
4499 3 1485 3004 4500
4500 2 3178 4501
4501 1 4502
4502 2 1943 4503
4503 3 4504 6586 8795
4504 2 580 4505
4505 2 4506 8292
4506 5 1332 2238 4507 5164 7041
4507 3 2746 4508 7634
4508 2 4509 9686
4509 1 4510
4510 2 860 4511
4511 2 4496 4512
4512 3 2176 4513 5279
4513 1 4514
4514 3 2565 4515 5644
4515 2 4516 8681
4516 4 464 1464 4517 4841
4517 2 4518 8404
4518 3 2259 4519 8270
4519 3 633 3984 4520
4520 1 4521
4521 1 4522
4522 1 4523
4523 2 560 4524
4524 1 4525
4525 1 4526
4526 2 4527 7598
4527 3 883 2650 4528
4528 2 1824 4529
4529 3 3876 4530 8083
4530 1 4531
4531 2 4532 5349
4532 3 2639 3278 4533
4533 3 4534 5937 7679
4534 2 4535 7209
4535 1 4536
4536 4 4537 5354 5590 7965
4537 3 1951 4538 8049
4538 2 865 4539
4539 3 4540 5328 6538
4540 1 4541
4541 2 4542 4741
4542 1 4543
4543 1 4544
4544 3 1229 1240 4545
4545 1 4546
4546 3 4547 7819 9120
4547 2 4548 6757
4548 1 4549
4549 2 4550 6033
4550 2 424 4551
4551 4 4552 5770 5919 6814
4552 3 1919 4553 7519
4553 2 4392 4554
4554 2 1000 4555
4555 4 1301 2101 4283 4556
4556 3 4206 4557 8001
4557 2 4558 7773
4558 3 4559 5464 9806
4559 2 4560 8373
4560 2 2455 4561
4561 1 4562
4562 1 4563
4563 1 4564
4564 1 4565
4565 1 4566
4566 1 4567
4567 3 2473 4568 5387
4568 1 4569
4569 2 3327 4570
4570 1 4571
4571 1 4572
4572 3 4573 5627 7568
4573 3 1910 3205 4574
4574 3 917 4575 5570
4575 2 3536 4576
4576 1 4577
4577 1 4578
4578 1 4579
4579 2 4580 6901
4580 1 4581
4581 1 4582
4582 2 4583 5145
4583 1 4584
4584 2 2728 4585
4585 3 3606 4586 5562
4586 3 4587 6089 6578
4587 4 176 4588 6313 6548
4588 2 4589 6984
4589 2 2177 4590
4590 2 4591 8959
4591 2 4592 5547
4592 1 4593
4593 2 4594 7341
4594 1 4595
4595 3 4596 9689 9920
4596 1 4597
4597 3 874 4598 4741
4598 3 17 4599 9225
4599 3 3311 4271 4600
4600 3 4601 5324 9723
4601 1 4602
4602 2 4603 9293
4603 1 4604
4604 2 645 4605
4605 1 4606
4606 1 4607
4607 2 4587 4608
4608 4 2422 2444 4609 6859
4609 2 2674 4610
4610 1 4611
4611 4 4612 4964 6551 8758
4612 2 4613 6794
4613 2 4614 7614
4614 5 522 2144 4615 7784 9857
4615 2 1541 4616
4616 2 1878 4617
4617 2 2406 4618
4618 1 4619
4619 2 4620 5144
4620 2 4621 8801
4621 1 4622
4622 1 4623
4623 3 1283 2156 4624
4624 2 4625 4727
4625 2 4626 6062
4626 2 4627 7069
4627 3 1403 4628 8400
4628 1 4629
4629 4 2876 3310 4139 4630
4630 1 4631
4631 2 4632 8853
4632 1 4633
4633 3 4634 5061 8838
4634 2 4635 8231
4635 2 1342 4636
4636 1 4637
4637 4 4638 4811 6774 8216
4638 3 2044 4639 7319
4639 1 4640
4640 1 4641
4641 3 2260 4642 9669
4642 1 4643
4643 2 2112 4644
4644 2 4645 7801
4645 3 1352 4646 8621
4646 3 601 2334 4647
4647 1 4648
4648 1 4649
4649 3 1355 3538 4650
4650 2 1891 4651
4651 1 4652
4652 2 2798 4653
4653 1 4654
4654 1 4655
4655 1 4656
4656 1 4657
4657 1 4658
4658 2 4659 5564
4659 5 2339 4660 6155 6311 8804
4660 2 4661 7898
4661 1 4662
4662 3 2701 4663 8289
4663 3 700 4452 4664
4664 2 4665 9214
4665 2 13 4666
4666 4 1215 2467 4667 5684
4667 1 4668
4668 1 4669
4669 1 4670
4670 2 4671 8539
4671 1 4672
4672 2 506 4673
4673 2 4674 9634
4674 1 4675
4675 1 4676
4676 3 1225 4677 7400
4677 2 658 4678
4678 2 4008 4679
4679 2 1846 4680
4680 2 4681 7729
4681 2 4682 6355
4682 2 625 4683
4683 2 4684 4864
4684 1 4685
4685 3 3331 4686 4693
4686 1 4687
4687 3 4688 6008 6280
4688 2 4689 7694
4689 1 4690
4690 1 4691
4691 1 4692
4692 2 4131 4693
4693 3 789 1371 4694
4694 2 1689 4695
4695 3 2710 4696 5172
4696 2 4191 4697
4697 1 4698
4698 1 4699
4699 1 4700
4700 3 678 706 4701
4701 2 4702 8576
4702 1 4703
4703 1 4704
4704 2 1354 4705
4705 2 4706 7318
4706 3 1428 4707 4847
4707 3 2350 4708 8759
4708 3 748 4709 7319
4709 3 1527 2575 4710
4710 1 4711
4711 1 4712
4712 3 4713 7694 8348
4713 1 4714
4714 3 2246 4507 4715
4715 4 362 1751 4716 9484
4716 2 4147 4717
4717 1 4718
4718 2 4719 8233
4719 2 4720 5520
4720 4 1535 4721 7292 9244
4721 1 4722
4722 2 4723 7592
4723 4 2392 4724 6246 6941
4724 2 282 4725
4725 6 879 2126 2699 4726 6712 7175
4726 2 4727 6608
4727 2 4592 4728
4728 1 4729
4729 1 4730
4730 2 3595 4731
4731 2 2445 4732
4732 1 4733
4733 3 136 4734 9973
4734 2 667 4735
4735 1 4736
4736 2 4737 5522
4737 2 709 4738
4738 3 4220 4739 5167
4739 1 4740
4740 3 1340 4542 4741
4741 1 4742
4742 2 812 4743
4743 2 4744 7714
4744 2 4745 9184
4745 1 4746
4746 2 4108 4747
4747 1 4748
4748 4 1298 2639 4749 8732
4749 1 4750
4750 3 3750 4751 8915
4751 3 957 4752 5830
4752 1 4753
4753 1 4754
4754 2 2862 4755
4755 3 4486 4756 5568
4756 2 4757 9611
4757 2 4590 4758
4758 2 2150 4759
4759 1 4760
4760 1 4761
4761 2 4762 4933
4762 1 4763
4763 1 4764
4764 1 4765
4765 2 4766 8669
4766 1 4767
4767 1 4768
4768 1 4769
4769 2 1165 4770
4770 1 4771
4771 4 871 3509 4772 6551
4772 2 2191 4773
4773 1 4774
4774 2 2165 4775
4775 3 4776 6619 7648
4776 3 4777 4951 8215
4777 3 4778 4820 5339
4778 2 4779 6418
4779 1 4780
4780 3 969 4459 4781
4781 1 4782
4782 2 4783 6650
4783 1 4784
4784 3 4785 5292 9376
4785 1 4786
4786 1 4787
4787 3 4788 5603 7879
4788 5 381 4789 6895 7573 9895
4789 3 1761 3252 4790
4790 2 3097 4791
4791 5 804 1339 2918 4792 9184
4792 1 4793
4793 4 2187 4794 6874 8832
4794 1 4795
4795 1 4796
4796 1 4797
4797 3 1696 4798 8728
4798 3 4641 4799 7283
4799 3 422 4800 8674
4800 1 4801
4801 1 4802
4802 1 4803
4803 2 4804 9117
4804 3 1250 1606 4805
4805 2 3508 4806
4806 3 157 687 4807
4807 2 4808 6480
4808 2 3053 4809
4809 3 290 2298 4810
4810 3 4811 5586 9251
4811 1 4812
4812 3 4024 4813 5602
4813 4 3631 4435 4814 7380
4814 5 3099 4815 5486 6418 8274
4815 2 4816 6682
4816 3 4817 6209 7442
4817 1 4818
4818 2 4819 9418
4819 2 4820 7194
4820 1 4821
4821 3 4530 4822 7778
4822 2 3373 4823
4823 1 4824
4824 1 4825
4825 3 972 4826 8385
4826 3 1777 3303 4827
4827 2 4148 4828
4828 1 4829
4829 2 4830 7315
4830 1 4831
4831 1 4832
4832 4 2402 4833 4875 5446
4833 2 4834 5037
4834 2 2761 4835
4835 4 3997 4159 4836 7825
4836 2 4837 9971
4837 2 4823 4838
4838 4 2097 3336 4839 8797
4839 1 4840
4840 4 587 3142 4841 5571
4841 2 831 4842
4842 4 4843 5608 6013 9353
4843 3 1833 3475 4844
4844 2 4845 8991
4845 1 4846
4846 1 4847
4847 2 3178 4848
4848 1 4849
4849 1 4850
4850 2 4851 8535
4851 2 4852 6944
4852 2 4853 8069
4853 3 3290 4854 5882
4854 1 4855
4855 5 1939 4856 6475 7630 8458
4856 2 3943 4857
4857 1 4858
4858 2 1773 4859
4859 2 4860 5995
4860 2 4861 8972
4861 1 4862
4862 4 2310 4863 6181 7031
4863 2 4864 7547
4864 2 4865 9989
4865 2 4866 5537
4866 3 440 2952 4867
4867 4 251 1249 4868 6181
4868 1 4869
4869 3 3475 4307 4870
4870 2 4871 5289
4871 2 4872 7261
4872 2 1741 4873
4873 1 4874
4874 4 4875 5514 9841 9860
4875 1 4876
4876 1 4877
4877 2 4622 4878
4878 2 4879 6011
4879 1 4880
4880 2 4881 5281
4881 3 654 4882 7483
4882 1 4883
4883 2 2288 4884
4884 5 830 1180 4885 5708 7253
4885 1 4886
4886 2 4887 6617
4887 2 2565 4888
4888 1 4889
4889 1 4890
4890 1 4891
4891 2 3183 4892
4892 5 1804 3574 4763 4893 6695
4893 2 2515 4894
4894 2 4895 8273
4895 2 4412 4896
4896 2 3427 4897
4897 1 4898
4898 1 4899
4899 4 982 4900 5503 8467
4900 1 4901
4901 3 3613 3701 4902
4902 4 147 1305 3374 4903
4903 1 4904
4904 1 4905
4905 2 4906 7343
4906 1 4907
4907 1 4908
4908 1 4909
4909 2 100 4910
4910 2 1341 4911
4911 3 4601 4912 8617
4912 2 4711 4913
4913 5 3942 4914 5178 5584 6465
4914 1 4915
4915 3 4065 4585 4916
4916 2 4917 6515
4917 2 3377 4918
4918 1 4919
4919 1 4920
4920 2 3536 4921
4921 1 4922
4922 1 4923
4923 1 4924
4924 1 4925
4925 1 4926
4926 2 4927 9990
4927 2 1417 4928
4928 1 4929
4929 2 1998 4930
4930 5 1919 3509 4931 6486 7887
4931 4 1098 3335 3749 4932
4932 1 4933
4933 1 4934
4934 1 4935
4935 2 4936 8975
4936 2 927 4937
4937 3 1959 4164 4938
4938 2 4939 8094
4939 2 627 4940
4940 2 1338 4941
4941 1 4942
4942 1 4943
4943 1 4944
4944 4 4575 4945 6076 9955
4945 2 4946 7486
4946 1 4947
4947 1 4948
4948 1 4949
4949 5 3965 4950 5393 8622 8965
4950 1 4951
4951 2 2035 4952
4952 3 4953 5089 9668
4953 2 2772 4954
4954 3 1608 4955 5601
4955 2 4956 7062
4956 2 2144 4957
4957 1 4958
4958 3 1561 1790 4959
4959 3 1800 3179 4960
4960 5 78 817 4961 5601 7373
4961 2 4962 8297
4962 2 4963 5570
4963 1 4964
4964 1 4965
4965 4 1245 4966 8291 8402
4966 2 243 4967
4967 1 4968
4968 2 4969 8039
4969 3 2156 4970 7826
4970 2 2073 4971
4971 2 4972 8156
4972 1 4973
4973 3 324 4974 7676
4974 1 4975
4975 4 749 4133 4976 6193
4976 1 4977
4977 2 4978 5351
4978 1 4979
4979 2 4980 9443
4980 1 4981
4981 1 4982
4982 1 4983
4983 3 1905 4290 4984
4984 3 956 4985 5878
4985 2 2290 4986
4986 4 4774 4987 6583 9242
4987 3 767 4988 9397
4988 4 1529 2967 4989 7252
4989 1 4990
4990 1 4991
4991 2 4992 6313
4992 2 4993 7276
4993 3 4994 8483 9059
4994 2 4505 4995
4995 2 4996 9070
4996 1 4997
4997 1 4998
4998 3 615 4872 4999
4999 2 512 5000
5000 3 4446 5001 5905
5001 2 5002 9725
5002 2 5003 9804
5003 4 1387 5004 8763 9318
5004 2 5005 5338
5005 2 4193 5006
5006 3 5007 7051 7214
5007 3 5008 7289 9569
5008 1 5009
5009 1 5010
5010 2 5011 7914
5011 1 5012
5012 1 5013
5013 1 5014
5014 2 157 5015
5015 1 5016
5016 2 5017 5092
5017 2 2090 5018
5018 1 5019
5019 1 5020
5020 1 5021
5021 1 5022
5022 1 5023
5023 4 5024 8246 8363 9373
5024 3 5025 5439 9670
5025 3 113 1796 5026
5026 2 5027 9414
5027 1 5028
5028 3 5029 5273 5621
5029 1 5030
5030 1 5031
5031 3 660 5032 5959
5032 2 564 5033
5033 1 5034
5034 4 2002 3845 4513 5035
5035 1 5036
5036 3 4415 5037 7309
5037 2 979 5038
5038 1 5039
5039 1 5040
5040 2 726 5041
5041 1 5042
5042 1 5043
5043 2 5044 9384
5044 2 5045 5857
5045 2 5046 5369
5046 4 4041 5047 7799 8692
5047 3 1499 5048 7422
5048 2 2028 5049
5049 3 2065 2592 5050
5050 2 5051 9555
5051 1 5052
5052 1 5053
5053 1 5054
5054 1 5055
5055 2 2859 5056
5056 1 5057
5057 2 3494 5058
5058 2 5059 5621
5059 1 5060
5060 4 1963 2678 4839 5061
5061 1 5062
5062 1 5063
5063 3 5064 5658 7300
5064 2 79 5065
5065 1 5066
5066 3 1550 4636 5067
5067 4 5068 5643 7594 7832
5068 1 5069
5069 5 2487 2549 5070 8077 9167
5070 1 5071
5071 1 5072
5072 1 5073
5073 1 5074
5074 1 5075
5075 1 5076
5076 3 5077 7311 9079
5077 1 5078
5078 1 5079
5079 1 5080
5080 2 5081 9675
5081 1 5082
5082 3 177 4782 5083
5083 2 3694 5084
5084 1 5085
5085 2 5086 9519
5086 1 5087
5087 1 5088
5088 2 5089 6235
5089 3 1693 5090 7522
5090 3 2523 3244 5091
5091 2 5092 5253
5092 2 3885 5093
5093 1 5094
5094 3 3453 5095 8611
5095 3 1739 5096 9263
5096 4 1935 2730 4250 5097
5097 3 725 4544 5098
5098 1 5099
5099 1 5100
5100 1 5101
5101 4 1372 5102 5144 6020
5102 2 5103 5116
5103 1 5104
5104 3 2322 3662 5105
5105 2 5106 8877
5106 2 5107 5674
5107 2 5108 7669
5108 1 5109
5109 2 1493 5110
5110 1 5111
5111 2 1081 5112
5112 2 5113 5514
5113 2 5114 5527
5114 3 1326 2718 5115
5115 4 1393 4333 5116 8585
5116 1 5117
5117 1 5118
5118 2 3966 5119
5119 1 5120
5120 3 5121 6412 8269
5121 1 5122
5122 2 2484 5123
5123 2 5124 7006
5124 6 2646 2845 5125 5298 5300 6461
5125 2 5126 7046
5126 3 2374 5127 7239
5127 3 3529 5128 5872
5128 2 1386 5129
5129 2 2179 5130
5130 1 5131
5131 3 5132 7871 7992
5132 2 5133 7028
5133 3 2224 5134 8320
5134 3 1104 5135 5995
5135 1 5136
5136 3 5137 7422 9675
5137 3 4941 5138 6542
5138 2 1771 5139
5139 1 5140
5140 2 5141 7671
5141 2 5142 6346
5142 1 5143
5143 2 534 5144
5144 2 4724 5145
5145 1 5146
5146 1 5147
5147 3 1796 2410 5148
5148 4 5149 6003 8047 8187
5149 2 2377 5150
5150 3 483 5151 9401
5151 1 5152
5152 2 2692 5153
5153 2 3878 5154
5154 3 4219 5155 8697
5155 1 5156
5156 6 2786 5157 5496 6516 7510 8986
5157 1 5158
5158 3 1944 3813 5159
5159 2 5160 8072
5160 1 5161
5161 3 1938 2265 5162
5162 1 5163
5163 2 5164 7974
5164 1 5165
5165 5 208 1384 4834 5166 5938
5166 1 5167
5167 3 1969 5168 6676
5168 2 5169 9568
5169 1 5170
5170 4 1385 4078 5171 7333
5171 2 5172 7780
5172 5 450 581 4494 5173 7137
5173 2 5174 7342
5174 2 5175 6439
5175 3 2231 4190 5176
5176 2 5177 7312
5177 2 3560 5178
5178 3 1887 4207 5179
5179 4 1567 2344 4246 5180
5180 2 5181 6856
5181 1 5182
5182 4 3632 4101 4134 5183
5183 4 767 5184 6465 9372
5184 1 5185
5185 2 5186 6798
5186 3 3470 3919 5187
5187 1 5188
5188 3 2261 5189 8289
5189 1 5190
5190 2 5191 6719
5191 3 4198 4592 5192
5192 1 5193
5193 3 5048 5194 6951
5194 3 2441 4601 5195
5195 1 5196
5196 2 5197 8830
5197 1 5198
5198 1 5199
5199 3 3763 5200 9390
5200 2 5201 7445
5201 2 5202 8713
5202 1 5203
5203 5 4108 5204 5633 6708 9763
5204 1 5205
5205 1 5206
5206 2 5207 8147
5207 1 5208
5208 2 5166 5209
5209 1 5210
5210 1 5211
5211 2 2691 5212
5212 2 5213 5925
5213 3 1173 5214 7265
5214 2 5215 9386
5215 3 4005 5216 6081
5216 2 5217 8205
5217 2 1154 5218
5218 2 2773 5219
5219 1 5220
5220 2 5221 7605
5221 2 3588 5222
5222 1 5223
5223 1 5224
5224 3 4841 5225 9920
5225 1 5226
5226 2 1919 5227
5227 2 5228 5864
5228 1 5229
5229 2 3365 5230
5230 4 1592 5231 6398 7297
5231 1 5232
5232 1 5233
5233 1 5234
5234 1 5235
5235 1 5236
5236 2 5237 9498
5237 1 5238
5238 2 5239 9775
5239 3 2032 5240 9911
5240 1 5241
5241 1 5242
5242 4 563 1920 5243 5586
5243 2 417 5244
5244 1 5245
5245 1 5246
5246 2 230 5247
5247 3 75 3702 5248
5248 1 5249
5249 1 5250
5250 3 402 5251 8591
5251 2 2802 5252
5252 2 3574 5253
5253 1 5254
5254 2 3498 5255
5255 2 4234 5256
5256 2 1153 5257
5257 1 5258
5258 2 2369 5259
5259 2 5260 9511
5260 2 3164 5261
5261 2 1285 5262
5262 2 5263 5723
5263 2 3747 5264
5264 2 5265 7383
5265 2 2646 5266
5266 1 5267
5267 1 5268
5268 3 4334 5269 5595
5269 1 5270
5270 2 5055 5271
5271 2 3 5272
5272 2 5273 7035
5273 2 5274 5310
5274 1 5275
5275 2 2164 5276
5276 1 5277
5277 2 1769 5278
5278 2 3331 5279
5279 2 4790 5280
5280 2 3227 5281
5281 2 5282 6638
5282 1 5283
5283 1 5284
5284 1 5285
5285 1 5286
5286 6 215 488 4627 4892 4946 5287
5287 1 5288
5288 3 4795 5289 6292
5289 4 3258 5290 7387 9740
5290 3 350 4385 5291
5291 2 3594 5292
5292 1 5293
5293 1 5294
5294 1 5295
5295 1 5296
5296 3 5133 5297 9875
5297 1 5298
5298 2 5299 6370
5299 1 5300
5300 1 5301
5301 3 2292 5302 9639
5302 4 1287 3836 5303 9104
5303 1 5304
5304 1 5305
5305 3 2620 3136 5306
5306 2 4131 5307
5307 1 5308
5308 4 2739 5309 6046 7398
5309 2 5129 5310
5310 3 3832 5311 6390
5311 1 5312
5312 2 1651 5313
5313 3 2920 5314 9384
5314 2 5315 9183
5315 3 1162 5316 9664
5316 1 5317
5317 2 4237 5318
5318 1 5319
5319 3 1605 5320 9169
5320 2 3760 5321
5321 1 5322
5322 1 5323
5323 1 5324
5324 3 2546 4117 5325
5325 3 5101 5312 5326
5326 3 3408 5327 6631
5327 3 5328 5884 7918
5328 3 4421 5329 7770
5329 4 5330 6781 7206 8882
5330 1 5331
5331 1 5332
5332 1 5333
5333 1 5334
5334 2 4563 5335
5335 3 3555 3895 5336
5336 2 1078 5337
5337 3 1765 3051 5338
5338 1 5339
5339 2 5340 6051
5340 3 396 4490 5341
5341 2 4816 5342
5342 4 931 5343 5704 8413
5343 4 1637 4467 5344 6906
5344 2 5046 5345
5345 4 2002 3275 5346 7678
5346 1 5347
5347 2 2362 5348
5348 2 3365 5349
5349 1 5350
5350 1 5351
5351 1 5352
5352 1 5353
5353 1 5354
5354 1 5355
5355 2 2158 5356
5356 2 5357 6459
5357 1 5358
5358 2 1098 5359
5359 2 4936 5360
5360 3 3851 5361 6102
5361 2 1204 5362
5362 2 5363 7452
5363 2 5364 5759
5364 2 695 5365
5365 2 5366 9922
5366 4 5367 7262 8535 8814
5367 4 1046 4837 5368 7092
5368 1 5369
5369 2 5370 9445
5370 3 4451 5371 7146
5371 4 3096 5372 5862 7956
5372 3 1368 2554 5373
5373 1 5374
5374 2 5375 8094
5375 1 5376
5376 2 5377 8709
5377 2 5378 7429
5378 2 5379 9845
5379 2 5380 8738
5380 3 674 5381 6039
5381 4 653 2062 3925 5382
5382 1 5383
5383 1 5384
5384 2 800 5385
5385 3 5338 5386 6615
5386 2 2809 5387
5387 1 5388
5388 2 5389 5538
5389 1 5390
5390 1 5391
5391 2 5014 5392
5392 4 3590 5018 5393 8108
5393 3 855 5394 6161
5394 2 5395 9246
5395 1 5396
5396 2 5397 9563
5397 2 1772 5398
5398 2 5399 6814
5399 3 5296 5400 7209
5400 3 2451 5401 8081
5401 1 5402
5402 3 3096 5403 5825
5403 3 4434 5404 9906
5404 2 5405 6332
5405 2 4773 5406
5406 3 964 2880 5407
5407 1 5408
5408 1 5409
5409 1 5410
5410 2 4115 5411
5411 1 5412
5412 3 1796 5413 5476
5413 2 664 5414
5414 1 5415
5415 2 4111 5416
5416 3 3163 5417 7840
5417 1 5418
5418 3 5419 6361 6948
5419 2 5420 9241
5420 1 5421
5421 3 5422 6075 8963
5422 3 5423 6491 7808
5423 2 5424 7263
5424 1 5425
5425 3 1991 4134 5426
5426 1 5427
5427 2 5428 8898
5428 1 5429
5429 2 3870 5430
5430 3 1223 5431 6509
5431 1 5432
5432 5 3241 4988 5433 8929 9320
5433 2 3752 5434
5434 2 2717 5435
5435 2 5436 7394
5436 1 5437
5437 1 5438
5438 1 5439
5439 2 5440 6284
5440 1 5441
5441 2 5442 6532
5442 1 5443
5443 1 5444
5444 3 2465 5445 8932
5445 2 5446 9285
5446 3 4101 5447 9445
5447 2 5277 5448
5448 2 5220 5449
5449 2 5450 8609
5450 1 5451
5451 1 5452
5452 1 5453
5453 3 3154 4888 5454
5454 1 5455
5455 1 5456
5456 6 4488 5457 5488 5802 7125 7201
5457 2 1404 5458
5458 3 2916 5459 7756
5459 1 5460
5460 2 5461 5623
5461 1 5462
5462 1 5463
5463 2 5464 6529
5464 3 2843 4053 5465
5465 4 1593 4599 4870 5466
5466 4 1232 3446 5467 7722
5467 3 4837 5468 9371
5468 2 3068 5469
5469 2 580 5470
5470 2 2235 5471
5471 2 1884 5472
5472 1 5473
5473 3 1942 5474 5968
5474 2 5475 6206
5475 3 388 5476 8850
5476 1 5477
5477 1 5478
5478 1 5479
5479 1 5480
5480 3 1733 5481 6445
5481 3 2491 3427 5482
5482 3 80 5483 8673
5483 2 5484 9024
5484 1 5485
5485 2 5486 9560
5486 2 1304 5487
5487 2 4692 5488
5488 1 5489
5489 2 5490 9577
5490 1 5491
5491 2 5305 5492
5492 1 5493
5493 2 5494 5555
5494 3 3458 5495 8519
5495 1 5496
5496 2 5497 9246
5497 1 5498
5498 1 5499
5499 3 5500 7899 8993
5500 2 2295 5501
5501 2 4592 5502
5502 2 2149 5503
5503 1 5504
5504 1 5505
5505 3 639 1018 5506
5506 3 1952 5507 9713
5507 1 5508
5508 3 5480 5509 9294
5509 2 5510 8989
5510 2 5486 5511
5511 1 5512
5512 3 5167 5513 8706
5513 3 3912 5231 5514
5514 2 2293 5515
5515 1 5516
5516 2 5517 6240
5517 2 5518 5592
5518 2 5519 7806
5519 2 5520 8648
5520 2 5521 6034
5521 1 5522
5522 3 4637 5523 9809
5523 1 5524
5524 1 5525
5525 4 850 1346 5526 9867
5526 2 5527 6904
5527 1 5528
5528 2 3068 5529
5529 2 4218 5530
5530 1 5531
5531 2 3392 5532
5532 1 5533
5533 3 5534 6975 8888
5534 1 5535
5535 1 5536
5536 4 582 1843 3735 5537
5537 1 5538
5538 1 5539
5539 3 369 4328 5540
5540 3 5526 5541 9336
5541 2 5542 7709
5542 2 2589 5543
5543 2 5544 7160
5544 2 971 5545
5545 4 233 5546 6610 8238
5546 5 1874 5366 5547 8590 9852
5547 2 3826 5548
5548 3 3013 5549 9735
5549 2 2425 5550
5550 3 3147 5551 7389
5551 5 513 721 4663 5552 6919
5552 2 5553 6914
5553 3 4370 5554 9483
5554 1 5555
5555 2 2224 5556
5556 3 1842 5111 5557
5557 1 5558
5558 2 3252 5559
5559 3 1130 2954 5560
5560 3 5561 5698 9399
5561 1 5562
5562 2 2870 5563
5563 4 3069 5161 5564 8003
5564 1 5565
5565 1 5566
5566 3 3744 5567 9389
5567 2 5568 5637
5568 1 5569
5569 1 5570
5570 2 5571 7817
5571 1 5572
5572 2 5201 5573
5573 3 5574 7636 7814
5574 1 5575
5575 3 3157 5576 6978
5576 1 5577
5577 1 5578
5578 3 3627 3829 5579
5579 3 3669 5468 5580
5580 4 5581 5621 7748 9229
5581 1 5582
5582 1 5583
5583 2 1117 5584
5584 2 5585 8886
5585 2 5586 7847
5586 2 5587 7512
5587 2 3313 5588
5588 3 5589 5657 9820
5589 1 5590
5590 2 5591 5787
5591 2 4686 5592
5592 2 1169 5593
5593 2 3128 5594
5594 2 5595 7371
5595 1 5596
5596 2 2703 5597
5597 1 5598
5598 1 5599
5599 2 1477 5600
5600 1 5601
5601 2 5336 5602
5602 1 5603
5603 6 500 1115 2767 5604 6802 7553
5604 1 5605
5605 2 5606 6494
5606 2 4782 5607
5607 2 1555 5608
5608 1 5609
5609 1 5610
5610 2 5611 9766
5611 2 5612 7543
5612 1 5613
5613 2 2204 5614
5614 1 5615
5615 2 5616 7710
5616 3 2134 2276 5617
5617 2 2069 5618
5618 2 2245 5619
5619 3 1750 5027 5620
5620 1 5621
5621 3 2299 5622 5980
5622 3 3080 4494 5623
5623 1 5624
5624 1 5625
5625 2 5626 7871
5626 2 1172 5627
5627 4 1481 5436 5628 7777
5628 1 5629
5629 2 4524 5630
5630 3 1359 1428 5631
5631 2 5632 6469
5632 2 1516 5633
5633 2 5634 9952
5634 1 5635
5635 1 5636
5636 3 1314 1631 5637
5637 2 5638 5963
5638 1 5639
5639 5 364 5320 5640 6879 7051
5640 1 5641
5641 2 919 5642
5642 2 1667 5643
5643 2 5644 5662
5644 2 4047 5645
5645 1 5646
5646 3 3983 5647 6319
5647 1 5648
5648 1 5649
5649 3 5650 7473 9763
5650 3 5651 8175 9996
5651 2 4880 5652
5652 2 5653 5725
5653 2 948 5654
5654 2 5449 5655
5655 1 5656
5656 2 5657 9592
5657 2 5658 6332
5658 1 5659
5659 2 3615 5660
5660 3 328 2352 5661
5661 3 3938 4779 5662
5662 4 2272 5087 5663 8485
5663 1 5664
5664 1 5665
5665 1 5666
5666 2 5667 9809
5667 1 5668
5668 1 5669
5669 2 5670 7124
5670 1 5671
5671 2 5672 6041
5672 3 1267 5673 8205
5673 2 5674 8695
5674 2 697 5675
5675 3 1362 1531 5676
5676 1 5677
5677 4 3733 3736 5557 5678
5678 3 3934 5679 7254
5679 2 5680 7230
5680 2 5281 5681
5681 1 5682
5682 2 3059 5683
5683 2 2044 5684
5684 1 5685
5685 1 5686
5686 1 5687
5687 3 2253 3876 5688
5688 1 5689
5689 2 5690 9848
5690 1 5691
5691 3 5692 7747 7978
5692 1 5693
5693 3 5694 5899 7793
5694 2 3573 5695
5695 4 3077 3495 5386 5696
5696 2 1492 5697
5697 1 5698
5698 1 5699
5699 2 5700 6755
5700 2 1710 5701
5701 1 5702
5702 1 5703
5703 1 5704
5704 1 5705
5705 2 5125 5706
5706 2 5049 5707
5707 4 3039 3638 5708 8189
5708 1 5709
5709 1 5710
5710 2 5711 8136
5711 2 5712 7181
5712 1 5713
5713 1 5714
5714 1 5715
5715 2 5716 8577
5716 2 5717 7634
5717 2 2712 5718
5718 3 3982 5719 7432
5719 1 5720
5720 2 5721 6011
5721 1 5722
5722 1 5723
5723 2 5165 5724
5724 2 2031 5725
5725 3 849 5726 9745
5726 4 3631 5727 7083 8561
5727 1 5728
5728 2 4331 5729
5729 1 5730
5730 2 2046 5731
5731 2 407 5732
5732 2 5733 7357
5733 3 2267 2599 5734
5734 3 5507 5667 5735
5735 1 5736
5736 1 5737
5737 1 5738
5738 2 2503 5739
5739 1 5740
5740 2 3859 5741
5741 2 5742 6638
5742 3 5101 5743 9842
5743 2 5088 5744
5744 1 5745
5745 2 5746 6224
5746 2 2656 5747
5747 4 1964 5748 8319 9737
5748 2 2195 5749
5749 1 5750
5750 1 5751
5751 2 481 5752
5752 2 5753 7800
5753 3 5754 9715 9821
5754 1 5755
5755 4 5756 7489 8720 9184
5756 2 1173 5757
5757 3 116 5758 9514
5758 2 3203 5759
5759 1 5760
5760 3 3041 3362 5761
5761 3 5661 5762 9377
5762 2 4397 5763
5763 1 5764
5764 1 5765
5765 3 61 2406 5766
5766 1 5767
5767 1 5768
5768 2 5769 8561
5769 1 5770
5770 2 5771 6338
5771 1 5772
5772 3 5773 7173 9392
5773 1 5774
5774 2 4851 5775
5775 1 5776
5776 2 332 5777
5777 2 5778 7460
5778 2 4827 5779
5779 2 3332 5780
5780 1 5781
5781 3 4037 5782 8645
5782 2 5783 6185
5783 2 3697 5784
5784 1 5785
5785 1 5786
5786 2 5787 9233
5787 2 5788 9804
5788 2 5789 7152
5789 1 5790
5790 3 1889 5791 6026
5791 2 21 5792
5792 2 5793 9208
5793 1 5794
5794 2 4312 5795
5795 1 5796
5796 1 5797
5797 2 5798 8779
5798 2 868 5799
5799 2 5800 9117
5800 1 5801
5801 4 1526 4821 5721 5802
5802 2 2818 5803
5803 1 5804
5804 4 2934 5800 5805 6948
5805 2 5806 9061
5806 3 5807 5864 6816
5807 1 5808
5808 1 5809
5809 2 4703 5810
5810 1 5811
5811 3 3747 5812 6162
5812 3 2830 5813 9996
5813 1 5814
5814 1 5815
5815 1 5816
5816 3 2742 4846 5817
5817 3 2996 5818 7468
5818 2 5819 9691
5819 1 5820
5820 1 5821
5821 1 5822
5822 1 5823
5823 3 3661 5165 5824
5824 1 5825
5825 2 3371 5826
5826 2 5827 7227
5827 3 2820 4188 5828
5828 1 5829
5829 2 5830 8943
5830 2 2924 5831
5831 4 1001 3431 3769 5832
5832 1 5833
5833 2 5834 6861
5834 1 5835
5835 3 5836 6764 9467
5836 4 5837 8044 8046 8882
5837 1 5838
5838 1 5839
5839 3 1417 5840 6498
5840 4 3839 5841 6159 8232
5841 1 5842
5842 2 3907 5843
5843 1 5844
5844 1 5845
5845 1 5846
5846 3 2193 5847 7367
5847 2 5848 7884
5848 1 5849
5849 1 5850
5850 1 5851
5851 1 5852
5852 1 5853
5853 4 470 1371 5854 7896
5854 3 1972 5855 6042
5855 3 3949 5760 5856
5856 4 3398 5857 7775 8274
5857 4 1167 3987 5858 6853
5858 2 5859 8730
5859 1 5860
5860 2 5224 5861
5861 4 2209 2271 5862 6593
5862 3 2979 3803 5863
5863 1 5864
5864 2 5865 9860
5865 3 2593 5866 8038
5866 2 1849 5867
5867 3 5868 7325 8697
5868 4 4807 5461 5869 6928
5869 2 5431 5870
5870 3 354 5525 5871
5871 1 5872
5872 5 1377 2018 2748 5873 9500
5873 1 5874
5874 2 2308 5875
5875 1 5876
5876 3 1058 4101 5877
5877 2 1031 5878
5878 2 854 5879
5879 3 4355 5880 8120
5880 1 5881
5881 2 36 5882
5882 1 5883
5883 3 1892 5884 6048
5884 3 5885 7293 7527
5885 4 2841 3932 5886 7216
5886 1 5887
5887 1 5888
5888 2 4915 5889
5889 3 1786 4588 5890
5890 3 5891 7333 9158
5891 2 5892 8901
5892 4 947 5893 6410 8305
5893 2 5894 9972
5894 1 5895
5895 2 4415 5896
5896 4 4013 4029 5897 8826
5897 2 3480 5898
5898 2 3434 5899
5899 2 5900 7150
5900 2 5901 7613
5901 1 5902
5902 2 5903 9295
5903 2 5904 7993
5904 2 5905 7047
5905 1 5906
5906 3 235 5907 8258
5907 4 3198 3327 5908 9679
5908 1 5909
5909 2 3079 5910
5910 2 913 5911
5911 2 5912 8032
5912 1 5913
5913 4 2955 3051 4052 5914
5914 2 1735 5915
5915 4 1455 1696 2620 5916
5916 3 2419 2499 5917
5917 1 5918
5918 3 1667 2684 5919
5919 1 5920
5920 1 5921
5921 1 5922
5922 2 3216 5923
5923 1 5924
5924 3 310 5925 6965
5925 2 5926 9947
5926 3 1375 1512 5927
5927 1 5928
5928 2 5209 5929
5929 1 5930
5930 2 2082 5931
5931 2 1677 5932
5932 2 5933 7899
5933 2 5934 9819
5934 2 5935 7471
5935 2 5936 6795
5936 2 4763 5937
5937 2 5938 9590
5938 2 5939 9122
5939 1 5940
5940 1 5941
5941 2 2203 5942
5942 2 179 5943
5943 4 3270 5423 5944 8262
5944 1 5945
5945 2 2174 5946
5946 1 5947
5947 2 1572 5948
5948 1 5949
5949 1 5950
5950 3 3106 3526 5951
5951 1 5952
5952 1 5953
5953 2 2340 5954
5954 5 3006 5955 6121 6478 7853
5955 2 5956 7691
5956 3 1727 5957 8145
5957 1 5958
5958 1 5959
5959 3 5960 7846 8288
5960 1 5961
5961 5 980 3641 4943 5962 7191
5962 4 3130 4309 5963 9153
5963 1 5964
5964 3 144 5965 7754
5965 3 924 3782 5966
5966 1 5967
5967 1 5968
5968 4 1788 2073 4672 5969
5969 3 417 4659 5970
5970 3 4620 5971 7150
5971 1 5972
5972 1 5973
5973 3 5974 6123 7151
5974 1 5975
5975 1 5976
5976 2 5977 6934
5977 2 1040 5978
5978 3 290 3954 5979
5979 2 5980 7826
5980 2 4051 5981
5981 2 5710 5982
5982 1 5983
5983 1 5984
5984 1 5985
5985 2 5986 6179
5986 3 1218 4543 5987
5987 1 5988
5988 1 5989
5989 3 858 5990 9786
5990 3 5476 5991 8701
5991 1 5992
5992 1 5993
5993 1 5994
5994 2 5995 6577
5995 2 5996 8742
5996 1 5997
5997 1 5998
5998 2 1717 5999
5999 1 6000
6000 1 6001
6001 3 6002 6643 8548
6002 2 4757 6003
6003 1 6004
6004 1 6005
6005 2 925 6006
6006 2 4203 6007
6007 2 6008 8728
6008 2 5314 6009
6009 2 5194 6010
6010 1 6011
6011 2 4930 6012
6012 4 310 6007 6013 8510
6013 1 6014
6014 1 6015
6015 1 6016
6016 1 6017
6017 1 6018
6018 1 6019
6019 4 3590 3828 5318 6020
6020 2 6021 7355
6021 3 1224 5551 6022
6022 2 4045 6023
6023 1 6024
6024 3 5223 6025 6747
6025 2 6026 9426
6026 1 6027
6027 2 1820 6028
6028 3 3237 6029 6938
6029 1 6030
6030 2 6031 7641
6031 1 6032
6032 2 6033 7436
6033 2 6034 6160
6034 3 776 1683 6035
6035 2 1428 6036
6036 1 6037
6037 2 4115 6038
6038 1 6039
6039 2 3815 6040
6040 3 385 2868 6041
6041 1 6042
6042 2 5131 6043
6043 2 4497 6044
6044 4 99 5557 6045 7764
6045 1 6046
6046 1 6047
6047 1 6048
6048 1 6049
6049 2 683 6050
6050 2 2005 6051
6051 2 2785 6052
6052 1 6053
6053 1 6054
6054 2 3970 6055
6055 2 3079 6056
6056 1 6057
6057 2 3275 6058
6058 2 6059 9856
6059 3 2546 3864 6060
6060 1 6061
6061 2 6062 7068
6062 2 4698 6063
6063 2 4610 6064
6064 2 3426 6065
6065 1 6066
6066 2 6067 6876
6067 3 2954 6068 8501
6068 2 6069 8104
6069 1 6070
6070 2 98 6071
6071 4 1524 3932 6072 9705
6072 2 3552 6073
6073 2 6074 6953
6074 2 2364 6075
6075 3 6076 9401 9578
6076 1 6077
6077 1 6078
6078 1 6079
6079 1 6080
6080 1 6081
6081 2 4538 6082
6082 3 901 6083 8211
6083 2 4821 6084
6084 1 6085
6085 2 6086 8806
6086 1 6087
6087 2 1107 6088
6088 2 6089 8288
6089 3 2140 6090 7358
6090 1 6091
6091 1 6092
6092 1 6093
6093 2 2343 6094
6094 4 73 1119 2001 6095
6095 2 5211 6096
6096 3 734 6097 7893
6097 1 6098
6098 1 6099
6099 2 6100 9069
6100 2 6101 7464
6101 1 6102
6102 2 2062 6103
6103 2 2644 6104
6104 3 3174 6011 6105
6105 3 119 6106 6335
6106 2 4399 6107
6107 3 877 1440 6108
6108 1 6109
6109 1 6110
6110 3 2212 6111 8262
6111 2 127 6112
6112 2 1658 6113
6113 1 6114
6114 1 6115
6115 2 6116 9511
6116 3 4318 6117 8124
6117 4 2953 3226 4298 6118
6118 3 1939 4850 6119
6119 2 120 6120
6120 1 6121
6121 2 6122 9885
6122 2 5821 6123
6123 1 6124
6124 2 5905 6125
6125 3 2457 5629 6126
6126 3 6127 9099 9643
6127 1 6128
6128 1 6129
6129 1 6130
6130 2 3520 6131
6131 1 6132
6132 2 6133 8271
6133 2 6134 8464
6134 4 906 1124 2938 6135
6135 3 6136 7003 7033
6136 3 2245 6137 6142
6137 1 6138
6138 1 6139
6139 2 1010 6140
6140 1 6141
6141 1 6142
6142 1 6143
6143 2 2911 6144
6144 2 3397 6145
6145 3 547 1463 6146
6146 2 6147 8063
6147 2 6148 6672
6148 1 6149
6149 1 6150
6150 3 6003 6008 6151
6151 3 1321 1692 6152
6152 4 5409 5981 6153 9335
6153 2 3064 6154
6154 1 6155
6155 1 6156
6156 1 6157
6157 4 3810 3988 6158 8749
6158 4 3800 6159 7404 8556
6159 1 6160
6160 4 6161 7062 9416 9892
6161 4 2690 5892 6162 9675
6162 1 6163
6163 3 328 6060 6164
6164 4 3862 5518 6165 8452
6165 1 6166
6166 2 6167 6311
6167 1 6168
6168 1 6169
6169 1 6170
6170 3 2067 6171 9322
6171 4 4524 6172 6238 7618
6172 2 2253 6173
6173 1 6174
6174 2 302 6175
6175 1 6176
6176 1 6177
6177 3 6178 7713 9576
6178 1 6179
6179 3 1867 6180 6842
6180 3 148 2631 6181
6181 1 6182
6182 2 5289 6183
6183 1 6184
6184 2 3449 6185
6185 3 3181 6186 9503
6186 3 4975 6187 9037
6187 2 2927 6188
6188 2 6189 8158
6189 2 1415 6190
6190 1 6191
6191 3 1643 6192 6815
6192 1 6193
6193 2 1794 6194
6194 2 2016 6195
6195 2 6196 6248
6196 1 6197
6197 1 6198
6198 2 1150 6199
6199 2 3322 6200
6200 4 748 1313 6201 7485
6201 1 6202
6202 2 6203 8294
6203 3 4176 6204 9364
6204 1 6205
6205 3 563 6206 7680
6206 2 821 6207
6207 1 6208
6208 1 6209
6209 2 334 6210
6210 2 831 6211
6211 2 491 6212
6212 1 6213
6213 1 6214
6214 1 6215
6215 4 1581 1940 6216 9124
6216 2 6217 9508
6217 2 6218 9973
6218 2 5902 6219
6219 2 6220 8340
6220 1 6221
6221 1 6222
6222 1 6223
6223 2 1722 6224
6224 2 6225 7585
6225 2 6226 7073
6226 4 3141 6227 8092 8323
6227 4 4086 4330 6228 6518
6228 4 558 6229 8538 9212
6229 1 6230
6230 2 6231 6638
6231 1 6232
6232 1 6233
6233 1 6234
6234 2 2896 6235
6235 1 6236
6236 1 6237
6237 2 2280 6238
6238 2 6239 8811
6239 1 6240
6240 1 6241
6241 1 6242
6242 2 2925 6243
6243 2 1707 6244
6244 1 6245
6245 2 5624 6246
6246 3 1394 2244 6247
6247 1 6248
6248 2 6249 8386
6249 2 2545 6250
6250 5 351 4096 6251 6901 9557
6251 3 875 6252 9000
6252 2 4954 6253
6253 2 2147 6254
6254 1 6255
6255 1 6256
6256 2 5439 6257
6257 1 6258
6258 2 5100 6259
6259 4 6260 6817 8122 8563
6260 1 6261
6261 1 6262
6262 2 2025 6263
6263 3 1254 2837 6264
6264 1 6265
6265 2 6266 6497
6266 1 6267
6267 1 6268
6268 1 6269
6269 2 5807 6270
6270 1 6271
6271 4 3716 3997 6272 6570
6272 3 519 1094 6273
6273 2 457 6274
6274 3 1052 2569 6275
6275 2 3137 6276
6276 2 5328 6277
6277 2 6278 7674
6278 2 6279 8734
6279 2 6280 6637
6280 2 2390 6281
6281 1 6282
6282 1 6283
6283 2 1044 6284
6284 2 1636 6285
6285 1 6286
6286 3 5346 5618 6287
6287 1 6288
6288 3 4974 5268 6289
6289 3 1861 6290 7030
6290 2 6291 9535
6291 3 1388 6292 8508
6292 3 3048 6293 6602
6293 4 395 1445 6294 8164
6294 1 6295
6295 1 6296
6296 4 3461 5271 5935 6297
6297 1 6298
6298 3 2049 4086 6299
6299 4 1062 6300 7126 7896
6300 1 6301
6301 1 6302
6302 2 4276 6303
6303 1 6304
6304 1 6305
6305 3 2455 6306 8868
6306 3 2707 3309 6307
6307 2 6308 8116
6308 1 6309
6309 4 4182 6310 6413 7296
6310 2 6311 7221
6311 2 6312 9584
6312 1 6313
6313 2 1449 6314
6314 3 4806 5946 6315
6315 3 1063 4281 6316
6316 2 1874 6317
6317 2 6318 7110
6318 1 6319
6319 2 6320 7291
6320 1 6321
6321 2 1659 6322
6322 1 6323
6323 2 1117 6324
6324 1 6325
6325 1 6326
6326 3 6327 7446 7825
6327 1 6328
6328 2 5039 6329
6329 1 6330
6330 3 872 4477 6331
6331 1 6332
6332 3 1524 3093 6333
6333 4 3288 3920 6334 7092
6334 3 4181 5017 6335
6335 1 6336
6336 1 6337
6337 1 6338
6338 1 6339
6339 2 1428 6340
6340 3 4672 5230 6341
6341 1 6342
6342 3 939 4726 6343
6343 3 564 2636 6344
6344 2 847 6345
6345 1 6346
6346 3 5755 6347 7744
6347 1 6348
6348 1 6349
6349 1 6350
6350 3 6222 6351 8134
6351 2 3694 6352
6352 1 6353
6353 1 6354
6354 1 6355
6355 2 5031 6356
6356 2 1752 6357
6357 1 6358
6358 1 6359
6359 2 3567 6360
6360 2 3453 6361
6361 2 1760 6362
6362 3 1675 6363 8441
6363 1 6364
6364 2 1362 6365
6365 2 5216 6366
6366 4 3252 4603 6264 6367
6367 1 6368
6368 1 6369
6369 1 6370
6370 4 1754 3733 5865 6371
6371 4 1238 6372 6700 7400
6372 2 1967 6373
6373 1 6374
6374 2 242 6375
6375 3 351 2422 6376
6376 1 6377
6377 1 6378
6378 3 1476 6379 6836
6379 4 4893 6380 7365 8554
6380 1 6381
6381 5 2633 5218 5372 6303 6382
6382 4 1763 6383 9432 9921
6383 3 4465 4886 6384
6384 3 2818 6385 8418
6385 1 6386
6386 2 3399 6387
6387 1 6388
6388 1 6389
6389 1 6390
6390 1 6391
6391 3 1318 6392 6585
6392 1 6393
6393 2 3645 6394
6394 1 6395
6395 2 4189 6396
6396 2 6397 8187
6397 1 6398
6398 3 1409 6399 9575
6399 2 6400 8590
6400 2 4088 6401
6401 1 6402
6402 3 6403 7384 9791
6403 3 1763 1791 6404
6404 1 6405
6405 2 5470 6406
6406 3 6281 6407 8138
6407 1 6408
6408 2 6113 6409
6409 3 1234 6410 8285
6410 3 6411 7585 9581
6411 2 3847 6412
6412 2 382 6413
6413 1 6414
6414 1 6415
6415 1 6416
6416 3 69 550 6417
6417 3 4553 6418 7689
6418 1 6419
6419 1 6420
6420 2 6421 8326
6421 2 2007 6422
6422 2 1020 6423
6423 2 5403 6424
6424 4 976 6425 7536 8364
6425 1 6426
6426 3 4150 6427 8015
6427 3 1158 3874 6428
6428 2 6429 6629
6429 3 6430 6937 9630
6430 2 5264 6431
6431 2 1880 6432
6432 3 6433 7587 7921
6433 3 6434 7085 9193
6434 3 2333 3219 6435
6435 2 6436 8017
6436 1 6437
6437 1 6438
6438 2 6439 7880
6439 2 54 6440
6440 1 6441
6441 1 6442
6442 1 6443
6443 1 6444
6444 2 6445 6772
6445 1 6446
6446 2 6447 9845
6447 1 6448
6448 2 4271 6449
6449 1 6450
6450 1 6451
6451 3 357 6452 6996
6452 3 256 317 6453
6453 1 6454
6454 1 6455
6455 1 6456
6456 2 2079 6457
6457 2 6458 6792
6458 2 6459 8654
6459 1 6460
6460 2 4638 6461
6461 2 6297 6462
6462 1 6463
6463 2 6464 7525
6464 1 6465
6465 1 6466
6466 1 6467
6467 2 3671 6468
6468 1 6469
6469 2 1161 6470
6470 2 6471 8466
6471 2 6472 7867
6472 1 6473
6473 2 5060 6474
6474 4 2703 5221 6475 7182
6475 2 6476 8395
6476 3 5586 6477 9618
6477 3 511 6478 7532
6478 4 1931 6026 6479 8087
6479 1 6480
6480 1 6481
6481 3 127 369 6482
6482 3 1973 4033 6483
6483 2 6484 7579
6484 2 6485 8778
6485 1 6486
6486 2 1429 6487
6487 1 6488
6488 2 4257 6489
6489 1 6490
6490 1 6491
6491 2 1066 6492
6492 3 30 3505 6493
6493 2 3745 6494
6494 1 6495
6495 2 6496 7727
6496 1 6497
6497 2 6498 9557
6498 1 6499
6499 3 2564 6500 7652
6500 5 2619 3662 6501 6846 7112
6501 2 3080 6502
6502 2 6503 8954
6503 3 2780 6504 9785
6504 3 4574 6505 9558
6505 3 1471 2621 6506
6506 2 578 6507
6507 2 3930 6508
6508 1 6509
6509 1 6510
6510 1 6511
6511 3 1947 5653 6512
6512 4 4148 6513 6695 8978
6513 1 6514
6514 2 6087 6515
6515 1 6516
6516 2 6517 9734
6517 1 6518
6518 2 2686 6519
6519 3 6520 8603 9521
6520 2 3513 6521
6521 1 6522
6522 1 6523
6523 3 5697 6524 7512
6524 3 2052 5175 6525
6525 2 243 6526
6526 1 6527
6527 3 2032 5139 6528
6528 1 6529
6529 1 6530
6530 1 6531
6531 1 6532
6532 3 2135 4873 6533
6533 1 6534
6534 3 2121 3062 6535
6535 2 5078 6536
6536 2 4043 6537
6537 2 4573 6538
6538 2 6539 7473
6539 1 6540
6540 1 6541
6541 1 6542
6542 1 6543
6543 1 6544
6544 3 4057 6545 8285
6545 2 5672 6546
6546 2 6126 6547
6547 2 4267 6548
6548 6 485 3692 5700 5855 6549 7058
6549 3 645 6550 8389
6550 2 190 6551
6551 2 1693 6552
6552 1 6553
6553 1 6554
6554 1 6555
6555 1 6556
6556 1 6557
6557 2 5832 6558
6558 2 5125 6559
6559 2 6560 7488
6560 2 3387 6561
6561 4 3094 6562 8089 9632
6562 1 6563
6563 2 3208 6564
6564 2 6208 6565
6565 1 6566
6566 1 6567
6567 1 6568
6568 2 5447 6569
6569 1 6570
6570 1 6571
6571 2 64 6572
6572 2 5641 6573
6573 2 3765 6574
6574 1 6575
6575 3 1358 4778 6576
6576 1 6577
6577 3 412 2999 6578
6578 3 3362 6579 8580
6579 2 4169 6580
6580 2 6392 6581
6581 2 6582 9698
6582 2 6583 9984
6583 2 1810 6584
6584 2 6585 7805
6585 4 171 5691 6586 7591
6586 3 2679 6587 7066
6587 2 6588 8167
6588 1 6589
6589 3 3442 6526 6590
6590 1 6591
6591 1 6592
6592 2 3124 6593
6593 3 828 970 6594
6594 1 6595
6595 1 6596
6596 2 6597 9291
6597 3 1599 5092 6598
6598 2 6599 7258
6599 4 708 2382 3508 6600
6600 3 1654 4541 6601
6601 3 675 5925 6602
6602 1 6603
6603 4 1510 1969 3164 6604
6604 3 2167 6605 7131
6605 1 6606
6606 2 5082 6607
6607 2 247 6608
6608 2 6609 7229
6609 1 6610
6610 2 6611 7123
6611 1 6612
6612 1 6613
6613 3 3635 6614 9088
6614 2 18 6615
6615 2 2657 6616
6616 2 2404 6617
6617 2 6618 8581
6618 1 6619
6619 1 6620
6620 1 6621
6621 1 6622
6622 2 223 6623
6623 3 6320 6624 9548
6624 4 344 1448 4733 6625
6625 2 3339 6626
6626 3 6627 6749 6810
6627 3 2818 6628 9447
6628 2 6629 9575
6629 4 637 3932 6630 9730
6630 2 6631 8733
6631 3 6591 6632 8210
6632 2 3211 6633
6633 2 4212 6634
6634 3 6635 8737 9996
6635 2 108 6636
6636 1 6637
6637 3 1405 6638 7862
6638 2 6639 7477
6639 1 6640
6640 2 3104 6641
6641 2 5737 6642
6642 5 1449 2184 3614 4296 6643
6643 2 3095 6644
6644 3 5455 6645 7908
6645 2 4023 6646
6646 2 3450 6647
6647 3 2558 6102 6648
6648 1 6649
6649 1 6650
6650 3 6651 8460 9925
6651 3 4922 5050 6652
6652 2 2710 6653
6653 3 6271 6654 8930
6654 2 6655 7641
6655 1 6656
6656 2 3489 6657
6657 2 6658 9231
6658 2 264 6659
6659 2 5829 6660
6660 2 6661 6745
6661 1 6662
6662 3 3872 5879 6663
6663 1 6664
6664 1 6665
6665 2 4700 6666
6666 3 708 1383 6667
6667 1 6668
6668 2 2881 6669
6669 2 3719 6670
6670 3 1413 3671 6671
6671 2 4498 6672
6672 1 6673
6673 1 6674
6674 2 3161 6675
6675 1 6676
6676 4 1283 3100 6011 6677
6677 3 6678 8562 9675
6678 1 6679
6679 2 1176 6680
6680 2 4117 6681
6681 2 6682 7535
6682 5 5459 6202 6683 6907 7113
6683 1 6684
6684 1 6685
6685 2 2221 6686
6686 1 6687
6687 2 5851 6688
6688 2 920 6689
6689 2 825 6690
6690 1 6691
6691 1 6692
6692 4 5298 6693 7412 8166
6693 2 6694 9044
6694 1 6695
6695 2 6696 9185
6696 1 6697
6697 2 1326 6698
6698 2 459 6699
6699 1 6700
6700 3 6701 8865 9829
6701 2 5309 6702
6702 2 6703 7155
6703 1 6704
6704 1 6705
6705 2 5220 6706
6706 2 6707 7663
6707 2 5369 6708
6708 3 1051 4329 6709
6709 3 3858 6640 6710
6710 2 1679 6711
6711 2 702 6712
6712 2 6713 8626
6713 1 6714
6714 3 4137 6715 6756
6715 4 4690 6716 6980 8465
6716 3 1181 4281 6717
6717 2 4743 6718
6718 2 4080 6719
6719 2 525 6720
6720 2 6721 9936
6721 1 6722
6722 3 5892 6609 6723
6723 3 3286 6724 9536
6724 3 6685 6725 7218
6725 3 6726 7107 8907
6726 1 6727
6727 3 6728 7122 7188
6728 3 130 1802 6729
6729 3 5640 5853 6730
6730 1 6731
6731 4 986 6453 6602 6732
6732 2 6733 7560
6733 1 6734
6734 2 6735 7592
6735 2 2044 6736
6736 2 6737 8536
6737 1 6738
6738 2 413 6739
6739 3 3175 6740 8209
6740 3 1069 6741 7663
6741 3 3544 5097 6742
6742 2 1472 6743
6743 2 6744 7004
6744 4 4961 5790 6745 8932
6745 2 4882 6746
6746 1 6747
6747 3 696 2764 6748
6748 2 5545 6749
6749 2 6750 6887
6750 2 6751 9883
6751 1 6752
6752 1 6753
6753 1 6754
6754 2 6755 7295
6755 3 389 3136 6756
6756 2 6757 6844
6757 2 6758 9474
6758 1 6759
6759 2 6760 8075
6760 1 6761
6761 1 6762
6762 4 92 5733 6763 8320
6763 3 3052 6764 9962
6764 1 6765
6765 2 6415 6766
6766 2 1401 6767
6767 4 5600 6261 6768 7188
6768 3 4780 6769 8249
6769 4 1013 3192 3272 6770
6770 1 6771
6771 3 4278 6772 8978
6772 2 6773 8963
6773 1 6774
6774 4 1318 6570 6775 9995
6775 2 2899 6776
6776 1 6777
6777 2 1735 6778
6778 3 2285 4607 6779
6779 1 6780
6780 4 5614 6781 7754 8779
6781 1 6782
6782 4 939 3060 4376 6783
6783 2 2343 6784
6784 3 653 4766 6785
6785 1 6786
6786 4 2077 2786 4064 6787
6787 2 6788 9566
6788 1 6789
6789 2 6735 6790
6790 2 6791 8174
6791 1 6792
6792 2 6793 8311
6793 2 1860 6794
6794 1 6795
6795 2 5363 6796
6796 2 1314 6797
6797 2 3465 6798
6798 1 6799
6799 5 832 6800 8315 8373 9200
6800 3 6801 8477 9742
6801 3 3834 6802 8190
6802 2 6803 9095
6803 3 180 3401 6804
6804 2 6805 7696
6805 3 1626 5385 6806
6806 2 6807 8115
6807 3 782 6808 9139
6808 1 6809
6809 1 6810
6810 4 947 1626 1931 6811
6811 4 3260 4267 6812 9186
6812 2 6813 7793
6813 2 1377 6814
6814 4 320 368 3359 6815
6815 2 3492 6816
6816 3 2615 6817 9343
6817 1 6818
6818 2 1482 6819
6819 1 6820
6820 2 6821 8922
6821 2 6822 7623
6822 1 6823
6823 3 2003 2209 6824
6824 1 6825
6825 2 6826 7902
6826 2 6220 6827
6827 1 6828
6828 3 6721 6829 8476
6829 2 6830 8761
6830 1 6831
6831 3 1029 2035 6832
6832 2 6833 6944
6833 3 6546 6709 6834
6834 1 6835
6835 2 6836 9452
6836 3 3037 6837 8646
6837 2 6464 6838
6838 1 6839
6839 3 2113 3673 6840
6840 1 6841
6841 3 5326 6431 6842
6842 2 6843 7095
6843 2 995 6844
6844 2 6845 7171
6845 2 1719 6846
6846 2 5456 6847
6847 2 1320 6848
6848 1 6849
6849 1 6850
6850 1 6851
6851 1 6852
6852 2 5133 6853
6853 2 6854 9837
6854 1 6855
6855 3 759 6856 8192
6856 1 6857
6857 4 6137 6858 6957 8540
6858 4 2080 2573 5586 6859
6859 1 6860
6860 1 6861
6861 2 2957 6862
6862 1 6863
6863 2 1849 6864
6864 2 4216 6865
6865 1 6866
6866 1 6867
6867 1 6868
6868 3 525 6170 6869
6869 1 6870
6870 2 3777 6871
6871 3 472 6872 9698
6872 2 3596 6873
6873 2 4846 6874
6874 1 6875
6875 5 3861 6120 6876 7319 9189
6876 1 6877
6877 2 6878 9634
6878 1 6879
6879 1 6880
6880 3 3717 3738 6881
6881 3 87 1951 6882
6882 2 418 6883
6883 1 6884
6884 4 3193 3551 5725 6885
6885 3 3795 6886 9620
6886 3 4243 6887 8711
6887 1 6888
6888 2 6889 7747
6889 1 6890
6890 3 1400 5777 6891
6891 2 1536 6892
6892 1 6893
6893 3 6841 6894 8011
6894 1 6895
6895 3 6273 6896 9771
6896 1 6897
6897 2 6898 9468
6898 2 4072 6899
6899 1 6900
6900 3 3615 6901 9217
6901 1 6902
6902 2 6903 8142
6903 1 6904
6904 3 579 3402 6905
6905 2 3523 6906
6906 2 3806 6907
6907 1 6908
6908 1 6909
6909 3 6910 7528 7542
6910 1 6911
6911 1 6912
6912 2 2815 6913
6913 2 6914 9099
6914 1 6915
6915 1 6916
6916 1 6917
6917 2 1364 6918
6918 2 3844 6919
6919 1 6920
6920 4 316 2725 6921 8990
6921 1 6922
6922 2 1032 6923
6923 2 5 6924
6924 1 6925
6925 3 2418 2505 6926
6926 2 6927 8232
6927 3 2352 5931 6928
6928 1 6929
6929 3 371 4472 6930
6930 1 6931
6931 2 4548 6932
6932 2 2180 6933
6933 1 6934
6934 1 6935
6935 3 5485 5667 6936
6936 1 6937
6937 2 4094 6938
6938 3 2233 6939 9094
6939 1 6940
6940 2 413 6941
6941 1 6942
6942 1 6943
6943 2 690 6944
6944 1 6945
6945 1 6946
6946 3 4500 6947 8495
6947 1 6948
6948 2 699 6949
6949 1 6950
6950 2 5736 6951
6951 3 690 6952 9219
6952 2 1373 6953
6953 2 6954 7802
6954 4 1783 2367 5812 6955
6955 2 6956 8172
6956 1 6957
6957 2 6958 7795
6958 1 6959
6959 1 6960
6960 3 1232 6961 7267
6961 1 6962
6962 2 6963 8123
6963 2 6814 6964
6964 2 5151 6965
6965 2 4603 6966
6966 2 6967 7741
6967 1 6968
6968 2 5443 6969
6969 1 6970
6970 2 6971 7657
6971 2 1725 6972
6972 2 6973 7195
6973 2 3288 6974
6974 4 6671 6835 6975 8840
6975 2 335 6976
6976 2 6977 8172
6977 3 6978 8095 9513
6978 1 6979
6979 1 6980
6980 2 998 6981
6981 1 6982
6982 4 271 2203 6983 7614
6983 2 6984 8763
6984 2 4235 6985
6985 2 3815 6986
6986 2 6464 6987
6987 1 6988
6988 2 6989 9191
6989 3 5008 6990 7088
6990 4 1251 5799 6991 8930
6991 2 3192 6992
6992 2 5288 6993
6993 5 2010 6994 9684 9720 9970
6994 1 6995
6995 1 6996
6996 4 688 2113 3415 6997
6997 2 2322 6998
6998 3 1438 6999 9359
6999 3 980 3752 7000
7000 1 7001
7001 1 7002
7002 2 4797 7003
7003 1 7004
7004 2 1275 7005
7005 2 7006 7199
7006 3 367 6963 7007
7007 2 2941 7008
7008 4 1619 5867 7009 8174
7009 4 895 1479 2327 7010
7010 2 7011 7627
7011 3 2032 6196 7012
7012 2 1945 7013
7013 3 1902 2680 7014
7014 2 1192 7015
7015 1 7016
7016 1 7017
7017 2 7018 7034
7018 2 6719 7019
7019 1 7020
7020 2 5133 7021
7021 3 10 5586 7022
7022 4 2651 5863 7023 7411
7023 2 4598 7024
7024 3 3917 4492 7025
7025 2 2716 7026
7026 1 7027
7027 2 5310 7028
7028 3 217 7029 9228
7029 1 7030
7030 1 7031
7031 4 1736 5150 7032 9217
7032 1 7033
7033 1 7034
7034 2 3602 7035
7035 1 7036
7036 4 7037 7476 8010 8399
7037 1 7038
7038 1 7039
7039 1 7040
7040 1 7041
7041 3 148 4738 7042
7042 2 7043 7722
7043 2 6344 7044
7044 3 3871 4463 7045
7045 1 7046
7046 1 7047
7047 1 7048
7048 1 7049
7049 1 7050
7050 3 2811 7051 9358
7051 1 7052
7052 2 2988 7053
7053 2 7054 7269
7054 1 7055
7055 2 4205 7056
7056 4 2100 3131 3433 7057
7057 3 5247 7058 9686
7058 2 6283 7059
7059 2 596 7060
7060 2 7061 8017
7061 1 7062
7062 1 7063
7063 2 180 7064
7064 1 7065
7065 2 1809 7066
7066 3 3211 5419 7067
7067 3 5842 7068 9120
7068 1 7069
7069 1 7070
7070 4 5663 7071 7562 9093
7071 2 7072 7155
7072 2 7073 7179
7073 1 7074
7074 1 7075
7075 3 3716 6662 7076
7076 4 3759 5140 7077 9458
7077 2 7078 7367
7078 1 7079
7079 2 7080 9821
7080 2 5757 7081
7081 3 996 6573 7082
7082 1 7083
7083 2 1236 7084
7084 5 1108 1279 5146 5789 7085
7085 1 7086
7086 1 7087
7087 1 7088
7088 3 2968 7089 9175
7089 3 4477 5965 7090
7090 4 3981 6819 7091 9118
7091 1 7092
7092 3 1028 6205 7093
7093 1 7094
7094 3 344 7095 9515
7095 2 7096 7580
7096 2 6525 7097
7097 4 2788 5624 5743 7098
7098 3 806 7099 8792
7099 2 964 7100
7100 1 7101
7101 3 6932 7102 7855
7102 1 7103
7103 3 5392 6692 7104
7104 1 7105
7105 2 6112 7106
7106 2 7051 7107
7107 1 7108
7108 2 3403 7109
7109 1 7110
7110 2 3243 7111
7111 1 7112
7112 1 7113
7113 1 7114
7114 4 3634 7011 7039 7115
7115 3 837 2383 7116
7116 1 7117
7117 2 410 7118
7118 3 4009 4347 7119
7119 4 7120 7781 8487 9972
7120 2 5891 7121
7121 2 4692 7122
7122 1 7123
7123 1 7124
7124 1 7125
7125 1 7126
7126 3 7127 7448 8848
7127 3 3306 7128 7539
7128 2 7129 9483
7129 1 7130
7130 2 4403 7131
7131 3 688 4601 7132
7132 1 7133
7133 6 94 2200 3627 5671 7134 9718
7134 2 2900 7135
7135 4 888 1637 7136 7403
7136 2 7137 8329
7137 2 3034 7138
7138 4 3042 4695 7139 9486
7139 4 360 2308 6474 7140
7140 1 7141
7141 4 921 7142 9059 9607
7142 3 502 7007 7143
7143 1 7144
7144 2 7145 8414
7145 1 7146
7146 3 3554 7147 8477
7147 1 7148
7148 3 4557 7149 8288
7149 2 7150 9511
7150 1 7151
7151 1 7152
7152 2 7153 8750
7153 1 7154
7154 5 1368 2368 2511 7155 7550
7155 1 7156
7156 1 7157
7157 2 2493 7158
7158 2 2062 7159
7159 4 768 6939 7089 7160
7160 1 7161
7161 2 1523 7162
7162 6 833 3083 3444 7163 9376 9418
7163 2 1191 7164
7164 2 5670 7165
7165 2 1923 7166
7166 5 3794 5982 7167 7679 9725
7167 2 7168 9738
7168 1 7169
7169 1 7170
7170 2 471 7171
7171 2 1262 7172
7172 2 7173 7415
7173 1 7174
7174 3 7135 7175 7864
7175 3 4334 7176 9269
7176 2 7177 9878
7177 1 7178
7178 3 4585 5757 7179
7179 1 7180
7180 1 7181
7181 4 395 419 7056 7182
7182 1 7183
7183 4 2473 4046 7184 7223
7184 2 3362 7185
7185 2 7186 9602
7186 2 3450 7187
7187 1 7188
7188 2 3369 7189
7189 1 7190
7190 2 631 7191
7191 2 5026 7192
7192 2 6451 7193
7193 2 5816 7194
7194 2 3516 7195
7195 3 4261 7196 7931
7196 2 435 7197
7197 1 7198
7198 1 7199
7199 2 2164 7200
7200 1 7201
7201 2 7202 7558
7202 5 4337 7203 8571 9696 9773
7203 3 7204 7873 9955
7204 2 7205 7707
7205 1 7206
7206 1 7207
7207 2 7208 8279
7208 1 7209
7209 1 7210
7210 3 2420 5530 7211
7211 1 7212
7212 2 1761 7213
7213 3 6843 7214 7745
7214 2 1284 7215
7215 1 7216
7216 3 1338 5392 7217
7217 2 2853 7218
7218 1 7219
7219 2 7220 9736
7220 1 7221
7221 1 7222
7222 3 4829 7223 8800
7223 1 7224
7224 4 2287 7225 8336 9008
7225 2 7226 9227
7226 1 7227
7227 3 4998 6411 7228
7228 1 7229
7229 3 2243 3363 7230
7230 1 7231
7231 2 7232 9394
7232 2 1419 7233
7233 1 7234
7234 2 88 7235
7235 2 6479 7236
7236 1 7237
7237 2 7144 7238
7238 2 5801 7239
7239 1 7240
7240 2 4403 7241
7241 2 7242 7943
7242 1 7243
7243 1 7244
7244 2 900 7245
7245 1 7246
7246 3 218 897 7247
7247 2 3470 7248
7248 1 7249
7249 1 7250
7250 2 7251 9498
7251 5 999 5949 7252 8231 9918
7252 3 6207 7085 7253
7253 3 4345 7254 8247
7254 2 5725 7255
7255 1 7256
7256 4 4562 5526 7257 8702
7257 1 7258
7258 1 7259
7259 2 3147 7260
7260 2 353 7261
7261 4 1061 1430 7262 8548
7262 3 3760 7002 7263
7263 1 7264
7264 1 7265
7265 3 2162 2387 7266
7266 1 7267
7267 2 1068 7268
7268 2 3230 7269
7269 1 7270
7270 2 3098 7271
7271 4 6587 7272 8856 9225
7272 5 2352 2625 3010 7273 7839
7273 3 1866 5659 7274
7274 1 7275
7275 2 2210 7276
7276 3 2127 7277 8970
7277 3 712 2929 7278
7278 3 4637 5832 7279
7279 3 694 3044 7280
7280 1 7281
7281 3 3711 6687 7282
7282 1 7283
7283 1 7284
7284 3 2553 7285 7790
7285 1 7286
7286 1 7287
7287 1 7288
7288 2 7289 9605
7289 1 7290
7290 2 7291 9109
7291 2 906 7292
7292 1 7293
7293 5 4426 5236 5251 7294 9348
7294 3 4172 4453 7295
7295 4 189 4271 7296 8693
7296 2 2285 7297
7297 2 5434 7298
7298 2 6952 7299
7299 2 7300 9410
7300 4 6713 7301 7774 9045
7301 1 7302
7302 1 7303
7303 1 7304
7304 1 7305
7305 2 6529 7306
7306 1 7307
7307 2 7042 7308
7308 3 5944 7309 9698
7309 3 4104 7310 8397
7310 1 7311
7311 4 360 6091 6856 7312
7312 2 7313 8732
7313 2 5706 7314
7314 1 7315
7315 2 3002 7316
7316 1 7317
7317 3 2522 3472 7318
7318 2 1927 7319
7319 2 7320 7732
7320 1 7321
7321 1 7322
7322 4 1729 5007 7323 8077
7323 1 7324
7324 3 5528 7325 8539
7325 2 7326 9032
7326 1 7327
7327 4 3350 5453 7246 7328
7328 3 4003 6973 7329
7329 1 7330
7330 1 7331
7331 3 501 6171 7332
7332 1 7333
7333 3 3533 7334 9143
7334 2 7335 8455
7335 2 6360 7336
7336 3 2114 3177 7337
7337 4 159 252 1457 7338
7338 3 2920 7339 8366
7339 3 545 4334 7340
7340 4 4237 4529 7341 8139
7341 1 7342
7342 3 4664 7343 9208
7343 1 7344
7344 4 92 3465 7345 7364
7345 3 1975 5385 7346
7346 3 7333 7347 8590
7347 2 1592 7348
7348 2 630 7349
7349 1 7350
7350 2 7351 9175
7351 2 7352 7558
7352 1 7353
7353 1 7354
7354 2 3552 7355
7355 2 3212 7356
7356 2 843 7357
7357 5 1540 4077 5246 7358 9744
7358 2 322 7359
7359 2 87 7360
7360 1 7361
7361 1 7362
7362 1 7363
7363 1 7364
7364 1 7365
7365 2 3477 7366
7366 3 6201 7367 8716
7367 1 7368
7368 3 7369 7607 8937
7369 2 6399 7370
7370 1 7371
7371 1 7372
7372 2 6384 7373
7373 2 7374 7814
7374 2 7375 7899
7375 2 2083 7376
7376 1 7377
7377 1 7378
7378 1 7379
7379 2 7380 8781
7380 2 7186 7381
7381 2 5249 7382
7382 1 7383
7383 2 7384 9495
7384 2 7215 7385
7385 1 7386
7386 1 7387
7387 2 1129 7388
7388 2 3187 7389
7389 2 1724 7390
7390 2 5955 7391
7391 1 7392
7392 1 7393
7393 1 7394
7394 1 7395
7395 2 4964 7396
7396 3 3999 7397 9031
7397 4 2672 3453 7398 8024
7398 1 7399
7399 5 380 803 7400 7810 9987
7400 2 4562 7401
7401 1 7402
7402 3 3717 6098 7403
7403 4 7009 7176 7404 7440
7404 2 1724 7405
7405 2 339 7406
7406 3 2764 5174 7407
7407 3 7162 7408 7620
7408 2 1248 7409
7409 4 2739 6777 7410 9576
7410 2 7411 9013
7411 1 7412
7412 4 930 6306 7413 8959
7413 1 7414
7414 1 7415
7415 2 6227 7416
7416 3 4100 6857 7417
7417 1 7418
7418 2 7419 8274
7419 1 7420
7420 1 7421
7421 4 3801 4978 7179 7422
7422 2 7273 7423
7423 3 5737 7424 9536
7424 1 7425
7425 2 5841 7426
7426 3 1326 3011 7427
7427 3 6388 7428 7774
7428 2 362 7429
7429 3 1 1759 7430
7430 1 7431
7431 1 7432
7432 2 2683 7433
7433 5 585 2216 6409 7434 9907
7434 1 7435
7435 3 410 3911 7436
7436 4 5007 7437 8432 8953
7437 2 4859 7438
7438 1 7439
7439 2 7440 8504
7440 1 7441
7441 2 3344 7442
7442 2 6278 7443
7443 1 7444
7444 1 7445
7445 3 3886 6234 7446
7446 1 7447
7447 1 7448
7448 1 7449
7449 4 1288 3007 7450 8597
7450 2 3087 7451
7451 2 7452 9612
7452 1 7453
7453 4 4605 6333 7454 8300
7454 3 4835 7445 7455
7455 1 7456
7456 2 2289 7457
7457 1 7458
7458 1 7459
7459 4 415 3383 3670 7460
7460 2 7461 8025
7461 2 6061 7462
7462 2 6318 7463
7463 3 693 5241 7464
7464 2 932 7465
7465 3 1196 3561 7466
7466 2 4838 7467
7467 4 2213 4108 4384 7468
7468 2 4485 7469
7469 1 7470
7470 2 6222 7471
7471 3 2725 7472 7720
7472 1 7473
7473 1 7474
7474 3 132 4922 7475
7475 1 7476
7476 2 2728 7477
7477 2 604 7478
7478 2 4264 7479
7479 3 5726 6362 7480
7480 2 2863 7481
7481 2 7482 7573
7482 1 7483
7483 1 7484
7484 2 3036 7485
7485 2 4379 7486
7486 2 2259 7487
7487 2 1437 7488
7488 2 7489 9034
7489 2 7490 8308
7490 4 1219 5490 5723 7491
7491 2 4612 7492
7492 1 7493
7493 2 7494 9058
7494 1 7495
7495 2 7496 9393
7496 1 7497
7497 2 2279 7498
7498 3 421 904 7499
7499 1 7500
7500 2 7501 9594
7501 2 624 7502
7502 3 3936 7503 8998
7503 1 7504
7504 1 7505
7505 3 6734 7331 7506
7506 1 7507
7507 3 3350 6824 7508
7508 2 7509 9420
7509 2 3073 7510
7510 4 2708 6323 7511 9053
7511 1 7512
7512 1 7513
7513 3 553 6257 7514
7514 1 7515
7515 2 7013 7516
7516 4 6628 7517 7698 8186
7517 2 3024 7518
7518 1 7519
7519 2 3069 7520
7520 2 2596 7521
7521 2 6652 7522
7522 2 3436 7523
7523 3 3803 6595 7524
7524 3 4989 5272 7525
7525 1 7526
7526 3 3530 6670 7527
7527 2 2805 7528
7528 2 7529 9811
7529 1 7530
7530 3 4210 5479 7531
7531 1 7532
7532 3 850 4822 7533
7533 1 7534
7534 2 4520 7535
7535 2 330 7536
7536 3 3118 6727 7537
7537 2 4630 7538
7538 3 242 743 7539
7539 1 7540
7540 4 897 3105 3313 7541
7541 2 4079 7542
7542 1 7543
7543 1 7544
7544 2 146 7545
7545 1 7546
7546 1 7547
7547 3 6897 7548 8322
7548 2 1522 7549
7549 1 7550
7550 2 7551 8241
7551 2 2242 7552
7552 2 5208 7553
7553 4 680 7529 7554 8842
7554 2 7555 9388
7555 2 6408 7556
7556 1 7557
7557 1 7558
7558 2 3391 7559
7559 1 7560
7560 3 1438 6548 7561
7561 2 7562 7781
7562 2 7563 9363
7563 3 6120 6592 7564
7564 2 6315 7565
7565 2 3544 7566
7566 2 1695 7567
7567 1 7568
7568 3 1045 6394 7569
7569 2 3928 7570
7570 2 7571 8690
7571 1 7572
7572 2 234 7573
7573 2 4124 7574
7574 3 6602 6957 7575
7575 2 7576 9115
7576 1 7577
7577 1 7578
7578 2 126 7579
7579 1 7580
7580 2 2249 7581
7581 3 1647 2548 7582
7582 1 7583
7583 3 1131 6211 7584
7584 1 7585
7585 2 3260 7586
7586 4 3409 3680 4659 7587
7587 2 3753 7588
7588 2 556 7589
7589 2 845 7590
7590 2 4056 7591
7591 1 7592
7592 1 7593
7593 2 7423 7594
7594 2 4646 7595
7595 1 7596
7596 2 7597 7989
7597 1 7598
7598 2 2961 7599
7599 2 5172 7600
7600 2 2383 7601
7601 2 6707 7602
7602 5 1552 1561 4691 7031 7603
7603 2 4722 7604
7604 2 1179 7605
7605 3 7051 7606 9052
7606 2 4402 7607
7607 1 7608
7608 5 767 1551 7202 7501 7609
7609 3 4349 7610 7875
7610 2 1570 7611
7611 1 7612
7612 1 7613
7613 3 490 2469 7614
7614 1 7615
7615 3 3893 7616 9033
7616 1 7617
7617 2 7344 7618
7618 1 7619
7619 2 367 7620
7620 3 3593 7621 7802
7621 4 209 1665 4177 7622
7622 3 2763 2989 7623
7623 2 3446 7624
7624 2 7625 7786
7625 3 6310 7626 9741
7626 4 1333 3215 3959 7627
7627 1 7628
7628 2 5034 7629
7629 2 4621 7630
7630 2 6905 7631
7631 1 7632
7632 2 7633 8309
7633 1 7634
7634 2 2878 7635
7635 2 7636 9217
7636 1 7637
7637 1 7638
7638 2 442 7639
7639 1 7640
7640 3 5504 6335 7641
7641 1 7642
7642 1 7643
7643 1 7644
7644 2 2866 7645
7645 4 1638 2338 4477 7646
7646 2 7647 9003
7647 2 3536 7648
7648 2 5238 7649
7649 2 7650 9216
7650 1 7651
7651 3 7652 9530 9924
7652 2 7591 7653
7653 3 7654 8148 8556
7654 1 7655
7655 1 7656
7656 2 151 7657
7657 3 690 4061 7658
7658 2 2713 7659
7659 2 3777 7660
7660 2 1205 7661
7661 2 635 7662
7662 2 1995 7663
7663 1 7664
7664 2 1130 7665
7665 2 7046 7666
7666 2 1025 7667
7667 2 7668 9707
7668 2 7669 9484
7669 2 1730 7670
7670 2 3799 7671
7671 2 7672 8253
7672 2 4663 7673
7673 1 7674
7674 2 3379 7675
7675 2 7676 7910
7676 2 4822 7677
7677 1 7678
7678 2 4858 7679
7679 2 2101 7680
7680 1 7681
7681 1 7682
7682 1 7683
7683 1 7684
7684 1 7685
7685 3 1290 7686 8508
7686 3 2854 7248 7687
7687 5 1467 2822 2898 7688 8566
7688 1 7689
7689 1 7690
7690 1 7691
7691 2 6021 7692
7692 5 1589 1976 6409 6583 7693
7693 1 7694
7694 4 2961 3077 7695 8682
7695 1 7696
7696 2 5370 7697
7697 2 3993 7698
7698 1 7699
7699 2 2537 7700
7700 1 7701
7701 1 7702
7702 3 1771 7610 7703
7703 3 1348 7608 7704
7704 2 1681 7705
7705 2 5066 7706
7706 3 5357 7707 7778
7707 2 5912 7708
7708 1 7709
7709 4 1263 4860 7710 8469
7710 3 2807 4912 7711
7711 2 139 7712
7712 2 6170 7713
7713 1 7714
7714 2 7715 9173
7715 2 5070 7716
7716 4 6429 7638 7717 9106
7717 4 3388 3684 6125 7718
7718 2 5266 7719
7719 2 3028 7720
7720 2 4662 7721
7721 3 3640 7722 8701
7722 3 333 7723 7963
7723 1 7724
7724 3 704 2212 7725
7725 2 7726 7800
7726 2 7727 8129
7727 2 6129 7728
7728 1 7729
7729 1 7730
7730 3 1243 2403 7731
7731 1 7732
7732 1 7733
7733 2 7734 9553
7734 3 4749 4757 7735
7735 2 3450 7736
7736 3 1233 3026 7737
7737 2 465 7738
7738 3 3998 7739 8575
7739 1 7740
7740 1 7741
7741 3 5576 5833 7742
7742 2 2693 7743
7743 3 5292 5435 7744
7744 1 7745
7745 2 4010 7746
7746 1 7747
7747 2 4583 7748
7748 3 6038 7259 7749
7749 4 5883 6467 7750 8683
7750 2 7552 7751
7751 2 7694 7752
7752 4 1953 2585 5834 7753
7753 4 2545 6778 7754 9978
7754 2 7755 9172
7755 3 1986 7248 7756
7756 3 2891 7757 8612
7757 2 7758 9150
7758 1 7759
7759 2 2889 7760
7760 1 7761
7761 3 6260 7762 9147
7762 1 7763
7763 2 3141 7764
7764 1 7765
7765 4 3254 4962 6179 7766
7766 2 3582 7767
7767 1 7768
7768 2 3326 7769
7769 2 2357 7770
7770 2 1649 7771
7771 2 7772 9611
7772 3 1901 6179 7773
7773 1 7774
7774 1 7775
7775 4 2863 7776 8277 9438
7776 1 7777
7777 3 5463 7778 8943
7778 1 7779
7779 1 7780
7780 2 7781 8504
7781 2 385 7782
7782 2 7608 7783
7783 2 7784 9144
7784 3 5225 6315 7785
7785 1 7786
7786 2 1416 7787
7787 2 3021 7788
7788 3 3147 7789 9570
7789 3 2510 6748 7790
7790 4 125 6831 7791 8432
7791 1 7792
7792 1 7793
7793 3 1782 1803 7794
7794 3 3582 7795 8227
7795 1 7796
7796 1 7797
7797 1 7798
7798 1 7799
7799 2 7800 9313
7800 2 7801 8184
7801 1 7802
7802 4 4462 5001 7803 8318
7803 1 7804
7804 1 7805
7805 2 7385 7806
7806 4 1427 2900 5523 7807
7807 1 7808
7808 1 7809
7809 1 7810
7810 1 7811
7811 1 7812
7812 4 317 1000 7813 9231
7813 2 3303 7814
7814 1 7815
7815 3 3393 3441 7816
7816 3 7817 8310 9843
7817 3 5278 6166 7818
7818 2 1185 7819
7819 3 7347 7820 9258
7820 2 4605 7821
7821 2 7822 9273
7822 4 4927 5027 7728 7823
7823 1 7824
7824 2 1471 7825
7825 2 4917 7826
7826 2 7103 7827
7827 2 7828 8681
7828 1 7829
7829 3 658 4569 7830
7830 1 7831
7831 1 7832
7832 1 7833
7833 1 7834
7834 3 4940 7599 7835
7835 1 7836
7836 2 7837 8637
7837 1 7838
7838 2 4248 7839
7839 1 7840
7840 1 7841
7841 2 4578 7842
7842 4 815 4009 6727 7843
7843 5 1694 7290 7760 7844 9418
7844 3 7387 7845 9342
7845 4 1847 2411 5892 7846
7846 3 3251 6393 7847
7847 2 3456 7848
7848 1 7849
7849 1 7850
7850 2 7851 8844
7851 1 7852
7852 3 2178 6308 7853
7853 1 7854
7854 2 935 7855
7855 1 7856
7856 1 7857
7857 2 7030 7858
7858 2 5271 7859
7859 1 7860
7860 3 6104 7861 9660
7861 3 1516 1980 7862
7862 1 7863
7863 2 7864 8189
7864 3 5225 5337 7865
7865 2 94 7866
7866 1 7867
7867 2 7378 7868
7868 2 7869 9815
7869 2 7870 7896
7870 1 7871
7871 1 7872
7872 5 108 2941 5143 6774 7873
7873 5 539 2216 2730 5646 7874
7874 1 7875
7875 3 677 3768 7876
7876 2 6097 7877
7877 2 3200 7878
7878 2 329 7879
7879 3 2275 2868 7880
7880 1 7881
7881 1 7882
7882 7 1431 1912 3702 3715 5367 7883 9337
7883 4 6775 7884 8514 9313
7884 2 1920 7885
7885 3 747 856 7886
7886 1 7887
7887 2 2192 7888
7888 2 7279 7889
7889 1 7890
7890 1 7891
7891 1 7892
7892 2 7893 8756
7893 2 4183 7894
7894 1 7895
7895 1 7896
7896 3 1016 7624 7897
7897 1 7898
7898 2 5634 7899
7899 1 7900
7900 1 7901
7901 2 7902 8623
7902 3 7903 8174 9270
7903 1 7904
7904 1 7905
7905 3 2562 7510 7906
7906 2 6098 7907
7907 1 7908
7908 2 1253 7909
7909 4 1569 2316 7910 8827
7910 2 6005 7911
7911 3 6483 7275 7912
7912 1 7913
7913 1 7914
7914 1 7915
7915 2 7916 8437
7916 1 7917
7917 2 5902 7918
7918 3 3069 4745 7919
7919 2 543 7920
7920 2 3028 7921
7921 1 7922
7922 3 841 1639 7923
7923 2 7924 9839
7924 2 2570 7925
7925 5 824 4340 4890 7926 9442
7926 3 116 708 7927
7927 1 7928
7928 2 1302 7929
7929 2 367 7930
7930 1 7931
7931 1 7932
7932 3 2963 7908 7933
7933 2 7356 7934
7934 3 351 7935 8204
7935 1 7936
7936 2 6918 7937
7937 2 6641 7938
7938 3 325 7843 7939
7939 1 7940
7940 4 967 5905 7941 8828
7941 2 4393 7942
7942 1 7943
7943 3 5786 6418 7944
7944 2 7485 7945
7945 1 7946
7946 5 2592 2629 3068 6149 7947
7947 3 1946 4970 7948
7948 1 7949
7949 1 7950
7950 2 2707 7951
7951 2 2779 7952
7952 1 7953
7953 2 856 7954
7954 4 2208 7019 7955 9094
7955 4 7789 7956 8477 9996
7956 1 7957
7957 6 1316 3698 3732 7958 8186 8250
7958 1 7959
7959 2 7960 8582
7960 2 1094 7961
7961 1 7962
7962 2 203 7963
7963 4 4692 6797 6923 7964
7964 1 7965
7965 1 7966
7966 2 7376 7967
7967 2 6049 7968
7968 3 1995 4822 7969
7969 2 2897 7970
7970 2 5874 7971
7971 2 2248 7972
7972 2 7973 8434
7973 1 7974
7974 2 4278 7975
7975 1 7976
7976 5 884 2296 6300 7719 7977
7977 1 7978
7978 4 3299 3902 7261 7979
7979 2 960 7980
7980 1 7981
7981 3 4734 7982 8906
7982 1 7983
7983 1 7984
7984 1 7985
7985 3 2868 2927 7986
7986 2 5447 7987
7987 1 7988
7988 3 4609 7989 8626
7989 2 7990 8116
7990 3 5041 6655 7991
7991 2 4220 7992
7992 2 3922 7993
7993 1 7994
7994 2 7995 8843
7995 2 2457 7996
7996 1 7997
7997 2 4309 7998
7998 1 7999
7999 3 4443 5381 8000
8000 2 4684 8001
8001 2 7463 8002
8002 2 6655 8003
8003 1 8004
8004 1 8005
8005 1 8006
8006 2 8007 8700
8007 2 8008 8427
8008 3 2362 6779 8009
8009 1 8010
8010 2 7274 8011
8011 2 1006 8012
8012 1 8013
8013 1 8014
8014 1 8015
8015 1 8016
8016 1 8017
8017 3 3937 7639 8018
8018 1 8019
8019 1 8020
8020 3 5251 8021 9427
8021 2 7717 8022
8022 2 1782 8023
8023 2 2829 8024
8024 1 8025
8025 1 8026
8026 2 5364 8027
8027 1 8028
8028 1 8029
8029 2 133 8030
8030 4 4138 5007 6836 8031
8031 3 2873 8032 8910
8032 1 8033
8033 3 4801 6323 8034
8034 3 6960 8035 8598
8035 2 1057 8036
8036 3 4799 6634 8037
8037 2 5607 8038
8038 2 3510 8039
8039 2 3434 8040
8040 1 8041
8041 2 5291 8042
8042 2 4116 8043
8043 1 8044
8044 1 8045
8045 1 8046
8046 4 483 7197 8047 9418
8047 2 5485 8048
8048 3 1829 7106 8049
8049 4 1729 2660 8050 9769
8050 1 8051
8051 2 2363 8052
8052 1 8053
8053 4 963 3227 8054 8572
8054 1 8055
8055 3 2705 4524 8056
8056 1 8057
8057 1 8058
8058 4 2790 4878 5778 8059
8059 2 3635 8060
8060 1 8061
8061 2 6330 8062
8062 2 1842 8063
8063 2 2034 8064
8064 1 8065
8065 1 8066
8066 1 8067
8067 1 8068
8068 1 8069
8069 1 8070
8070 1 8071
8071 1 8072
8072 2 8073 9785
8073 1 8074
8074 2 4412 8075
8075 1 8076
8076 3 5374 8077 8411
8077 1 8078
8078 2 8079 9118
8079 1 8080
8080 1 8081
8081 2 403 8082
8082 2 8083 8961
8083 3 104 8084 8329
8084 1 8085
8085 2 7193 8086
8086 1 8087
8087 2 8088 9115
8088 5 4423 6522 8089 9201 9803
8089 2 7161 8090
8090 3 7831 8091 8289
8091 2 694 8092
8092 1 8093
8093 3 4116 5975 8094
8094 1 8095
8095 2 959 8096
8096 2 1945 8097
8097 1 8098
8098 3 368 1191 8099
8099 1 8100
8100 1 8101
8101 2 7475 8102
8102 3 5208 8103 8379
8103 1 8104
8104 2 8105 9718
8105 2 880 8106
8106 4 498 2459 7240 8107
8107 2 5546 8108
8108 2 8109 8170
8109 1 8110
8110 2 2866 8111
8111 1 8112
8112 2 8113 8435
8113 4 4729 8114 8596 8686
8114 3 3039 8115 9790
8115 2 2353 8116
8116 3 1205 1784 8117
8117 2 4810 8118
8118 2 60 8119
8119 3 385 4110 8120
8120 2 6445 8121
8121 1 8122
8122 2 8123 8991
8123 4 2847 3393 6734 8124
8124 3 745 3776 8125
8125 3 1157 5806 8126
8126 1 8127
8127 1 8128
8128 1 8129
8129 2 2691 8130
8130 2 1924 8131
8131 2 8132 9193
8132 2 5970 8133
8133 3 3866 7105 8134
8134 1 8135
8135 1 8136
8136 2 1865 8137
8137 1 8138
8138 1 8139
8139 2 7029 8140
8140 2 5155 8141
8141 3 2452 7673 8142
8142 4 3175 8143 8707 9591
8143 3 2567 3977 8144
8144 2 8145 9195
8145 3 198 297 8146
8146 1 8147
8147 2 7787 8148
8148 2 3455 8149
8149 2 5054 8150
8150 1 8151
8151 1 8152
8152 2 8153 9254
8153 3 2517 8096 8154
8154 1 8155
8155 2 4157 8156
8156 1 8157
8157 4 5079 6357 8158 9366
8158 1 8159
8159 2 8126 8160
8160 2 1724 8161
8161 1 8162
8162 2 8087 8163
8163 2 7495 8164
8164 3 1069 1139 8165
8165 1 8166
8166 2 5589 8167
8167 3 2584 3790 8168
8168 2 1313 8169
8169 2 8170 9934
8170 2 2572 8171
8171 3 1124 3396 8172
8172 2 848 8173
8173 1 8174
8174 3 5317 6775 8175
8175 1 8176
8176 1 8177
8177 2 2310 8178
8178 2 3901 8179
8179 1 8180
8180 1 8181
8181 1 8182
8182 2 8183 8440
8183 1 8184
8184 2 6908 8185
8185 1 8186
8186 3 5126 8083 8187
8187 3 8188 8311 9789
8188 3 893 3210 8189
8189 1 8190
8190 2 8191 8372
8191 2 29 8192
8192 3 3493 5202 8193
8193 3 5074 8182 8194
8194 1 8195
8195 3 5615 5800 8196
8196 3 3310 6084 8197
8197 2 5262 8198
8198 1 8199
8199 2 2305 8200
8200 1 8201
8201 1 8202
8202 3 3680 8203 9221
8203 2 3114 8204
8204 3 2834 8205 9455
8205 4 1705 2525 8090 8206
8206 1 8207
8207 1 8208
8208 1 8209
8209 1 8210
8210 3 6018 8211 8377
8211 1 8212
8212 1 8213
8213 2 388 8214
8214 3 2801 6417 8215
8215 3 4861 6842 8216
8216 1 8217
8217 3 4740 5856 8218
8218 1 8219
8219 3 526 3848 8220
8220 1 8221
8221 2 3354 8222
8222 1 8223
8223 2 812 8224
8224 2 4822 8225
8225 3 720 1676 8226
8226 1 8227
8227 3 2387 4322 8228
8228 4 939 3235 7257 8229
8229 1 8230
8230 2 798 8231
8231 2 2072 8232
8232 2 1733 8233
8233 2 3418 8234
8234 2 5617 8235
8235 1 8236
8236 2 4307 8237
8237 2 8238 8915
8238 3 4058 4769 8239
8239 3 6903 8240 9252
8240 1 8241
8241 1 8242
8242 5 2851 6120 6778 8243 9480
8243 3 3088 4967 8244
8244 2 5967 8245
8245 1 8246
8246 1 8247
8247 4 8 385 2758 8248
8248 1 8249
8249 1 8250
8250 4 337 4208 8251 9898
8251 1 8252
8252 3 3643 8253 9091
8253 3 2707 8254 8607
8254 1 8255
8255 2 4780 8256
8256 2 3283 8257
8257 2 4259 8258
8258 2 2820 8259
8259 1 8260
8260 1 8261
8261 2 6161 8262
8262 1 8263
8263 3 3803 7587 8264
8264 1 8265
8265 2 5905 8266
8266 1 8267
8267 2 3215 8268
8268 1 8269
8269 2 4345 8270
8270 1 8271
8271 1 8272
8272 1 8273
8273 1 8274
8274 1 8275
8275 2 1846 8276
8276 2 6359 8277
8277 3 1691 3128 8278
8278 1 8279
8279 1 8280
8280 3 2624 7745 8281
8281 3 7393 8282 8621
8282 1 8283
8283 1 8284
8284 1 8285
8285 3 5498 5561 8286
8286 1 8287
8287 2 1302 8288
8288 1 8289
8289 4 1306 4050 8264 8290
8290 1 8291
8291 1 8292
8292 2 827 8293
8293 3 2230 3977 8294
8294 3 147 5823 8295
8295 1 8296
8296 1 8297
8297 2 1086 8298
8298 2 2176 8299
8299 1 8300
8300 4 2428 3418 3737 8301
8301 4 521 7418 8302 9583
8302 3 687 3286 8303
8303 2 7370 8304
8304 2 8305 8424
8305 1 8306
8306 2 7783 8307
8307 2 8308 9799
8308 3 936 1821 8309
8309 2 3627 8310
8310 1 8311
8311 2 6343 8312
8312 2 3876 8313
8313 2 7469 8314
8314 1 8315
8315 2 724 8316
8316 3 376 3893 8317
8317 1 8318
8318 1 8319
8319 1 8320
8320 2 2696 8321
8321 2 5930 8322
8322 2 1942 8323
8323 2 8324 8587
8324 1 8325
8325 3 3379 8326 9122
8326 2 485 8327
8327 3 1034 6756 8328
8328 2 261 8329
8329 3 1033 7248 8330
8330 1 8331
8331 2 30 8332
8332 4 4011 4337 4405 8333
8333 1 8334
8334 3 3093 5375 8335
8335 1 8336
8336 2 8337 8930
8337 1 8338
8338 2 3961 8339
8339 2 8055 8340
8340 2 2502 8341
8341 3 776 6598 8342
8342 2 8343 9571
8343 2 6426 8344
8344 1 8345
8345 1 8346
8346 2 2288 8347
8347 1 8348
8348 1 8349
8349 2 8350 8655
8350 2 178 8351
8351 4 4321 5899 6332 8352
8352 2 8353 9710
8353 1 8354
8354 2 170 8355
8355 1 8356
8356 3 532 8357 9241
8357 2 4328 8358
8358 2 6469 8359
8359 2 4576 8360
8360 2 5325 8361
8361 3 6298 8048 8362
8362 2 5681 8363
8363 2 1075 8364
8364 5 617 5165 7931 8365 8592
8365 2 8366 9279
8366 3 1886 6885 8367
8367 1 8368
8368 4 406 6108 6737 8369
8369 2 4106 8370
8370 3 6558 8371 8948
8371 1 8372
8372 1 8373
8373 2 5696 8374
8374 2 1343 8375
8375 1 8376
8376 3 1983 3614 8377
8377 2 1928 8378
8378 2 145 8379
8379 2 4518 8380
8380 1 8381
8381 1 8382
8382 1 8383
8383 4 223 2104 7248 8384
8384 2 7617 8385
8385 4 30 5861 8386 9107
8386 2 6423 8387
8387 3 7251 8249 8388
8388 3 6449 6686 8389
8389 3 3042 8031 8390
8390 2 5779 8391
8391 2 2979 8392
8392 1 8393
8393 2 3292 8394
8394 4 4108 5069 8395 8552
8395 2 7590 8396
8396 6 843 1663 4724 5509 6601 8397
8397 2 3486 8398
8398 1 8399
8399 1 8400
8400 1 8401
8401 5 3054 6591 8402 8829 9542
8402 1 8403
8403 4 2014 6265 7995 8404
8404 4 1072 7121 8405 9720
8405 2 5113 8406
8406 2 2220 8407
8407 3 1457 6960 8408
8408 1 8409
8409 2 393 8410
8410 1 8411
8411 2 3692 8412
8412 1 8413
8413 2 4844 8414
8414 2 6909 8415
8415 3 2756 5365 8416
8416 1 8417
8417 2 6355 8418
8418 3 2777 3521 8419
8419 1 8420
8420 3 3202 6057 8421
8421 2 4836 8422
8422 2 5776 8423
8423 2 177 8424
8424 2 5646 8425
8425 2 4000 8426
8426 1 8427
8427 2 8428 9101
8428 1 8429
8429 2 4266 8430
8430 4 5413 6265 8431 9236
8431 3 1065 2822 8432
8432 2 55 8433
8433 1 8434
8434 1 8435
8435 2 6892 8436
8436 1 8437
8437 1 8438
8438 2 1656 8439
8439 2 589 8440
8440 1 8441
8441 2 882 8442
8442 2 106 8443
8443 1 8444
8444 4 4296 6409 8445 9190
8445 1 8446
8446 2 5921 8447
8447 1 8448
8448 1 8449
8449 1 8450
8450 2 8451 9099
8451 6 1790 5329 5895 6541 7983 8452
8452 2 8013 8453
8453 3 5794 7773 8454
8454 2 7652 8455
8455 1 8456
8456 1 8457
8457 4 6045 7567 8458 8611
8458 1 8459
8459 1 8460
8460 2 8461 8821
8461 2 6142 8462
8462 2 4709 8463
8463 1 8464
8464 1 8465
8465 2 8387 8466
8466 3 238 7931 8467
8467 2 868 8468
8468 1 8469
8469 3 2783 4813 8470
8470 2 7770 8471
8471 2 6823 8472
8472 1 8473
8473 2 3722 8474
8474 1 8475
8475 4 2386 5070 8476 8873
8476 1 8477
8477 2 5232 8478
8478 1 8479
8479 4 3220 6867 8480 9371
8480 1 8481
8481 1 8482
8482 4 1082 1797 7799 8483
8483 3 4477 8484 8930
8484 3 4283 7217 8485
8485 1 8486
8486 3 678 8487 8562
8487 1 8488
8488 2 3500 8489
8489 2 4025 8490
8490 1 8491
8491 1 8492
8492 2 8493 9674
8493 1 8494
8494 1 8495
8495 1 8496
8496 1 8497
8497 1 8498
8498 1 8499
8499 1 8500
8500 2 8501 8745
8501 2 1557 8502
8502 1 8503
8503 3 949 2095 8504
8504 3 3588 7161 8505
8505 1 8506
8506 1 8507
8507 1 8508
8508 2 8071 8509
8509 1 8510
8510 1 8511
8511 3 1309 7375 8512
8512 2 7399 8513
8513 2 520 8514
8514 2 2037 8515
8515 1 8516
8516 1 8517
8517 1 8518
8518 1 8519
8519 2 7003 8520
8520 1 8521
8521 2 880 8522
8522 2 667 8523
8523 3 264 5270 8524
8524 2 7443 8525
8525 3 1768 3090 8526
8526 1 8527
8527 1 8528
8528 1 8529
8529 1 8530
8530 2 7729 8531
8531 1 8532
8532 4 417 2851 8142 8533
8533 1 8534
8534 2 6880 8535
8535 3 109 8536 9531
8536 3 4403 6813 8537
8537 2 624 8538
8538 2 3368 8539
8539 2 4589 8540
8540 1 8541
8541 1 8542
8542 1 8543
8543 1 8544
8544 1 8545
8545 3 2547 2787 8546
8546 2 8547 8689
8547 2 754 8548
8548 1 8549
8549 2 6358 8550
8550 1 8551
8551 3 720 6037 8552
8552 1 8553
8553 1 8554
8554 1 8555
8555 2 5812 8556
8556 1 8557
8557 2 5259 8558
8558 4 28 2262 5848 8559
8559 1 8560
8560 1 8561
8561 3 250 7404 8562
8562 1 8563
8563 2 2423 8564
8564 1 8565
8565 2 718 8566
8566 4 3212 3286 8567 9911
8567 2 3208 8568
8568 1 8569
8569 1 8570
8570 4 1471 4186 4647 8571
8571 4 1980 6997 7398 8572
8572 1 8573
8573 2 8523 8574
8574 3 4412 7464 8575
8575 4 429 3445 5289 8576
8576 3 3041 5391 8577
8577 1 8578
8578 2 90 8579
8579 2 3108 8580
8580 2 1317 8581
8581 2 6181 8582
8582 1 8583
8583 2 8584 9858
8584 3 2754 7613 8585
8585 2 8586 8965
8586 1 8587
8587 2 1270 8588
8588 1 8589
8589 1 8590
8590 2 3538 8591
8591 2 2471 8592
8592 4 209 6207 8593 8932
8593 1 8594
8594 2 6588 8595
8595 1 8596
8596 3 6591 7543 8597
8597 3 1177 6916 8598
8598 1 8599
8599 1 8600
8600 2 2820 8601
8601 2 5533 8602
8602 1 8603
8603 2 153 8604
8604 2 2966 8605
8605 2 229 8606
8606 2 5030 8607
8607 1 8608
8608 2 7062 8609
8609 3 3114 4583 8610
8610 1 8611
8611 2 7761 8612
8612 4 855 1383 4147 8613
8613 2 1958 8614
8614 1 8615
8615 1 8616
8616 2 6553 8617
8617 2 8618 8965
8618 3 4082 6716 8619
8619 2 6618 8620
8620 2 1234 8621
8621 1 8622
8622 3 688 2911 8623
8623 3 1958 7684 8624
8624 1 8625
8625 1 8626
8626 3 1787 6156 8627
8627 2 870 8628
8628 6 660 4188 5297 6158 8629 9485
8629 3 3143 8630 9542
8630 3 6587 8259 8631
8631 5 352 2102 2218 8632 9498
8632 2 5577 8633
8633 2 1666 8634
8634 4 151 7056 7214 8635
8635 2 1142 8636
8636 2 228 8637
8637 1 8638
8638 1 8639
8639 1 8640
8640 2 8641 8878
8641 2 5525 8642
8642 1 8643
8643 3 3473 5550 8644
8644 4 4282 7752 8645 8939
8645 3 6542 7263 8646
8646 3 1456 7203 8647
8647 2 897 8648
8648 2 8649 9595
8649 1 8650
8650 1 8651
8651 2 8634 8652
8652 6 7 1809 3885 5871 8653 8998
8653 2 2397 8654
8654 1 8655
8655 2 3138 8656
8656 2 7051 8657
8657 4 2385 5683 8658 8660
8658 2 2908 8659
8659 1 8660
8660 3 4831 8661 9535
8661 2 8582 8662
8662 3 2148 2934 8663
8663 1 8664
8664 3 6065 8665 9977
8665 1 8666
8666 2 6985 8667
8667 3 3726 8668 9357
8668 2 3408 8669
8669 3 8670 8898 9277
8670 2 7236 8671
8671 1 8672
8672 2 2049 8673
8673 1 8674
8674 6 399 1190 5567 6385 7653 8675
8675 2 4981 8676
8676 4 3260 4259 8090 8677
8677 1 8678
8678 2 8676 8679
8679 3 887 6519 8680
8680 1 8681
8681 2 6029 8682
8682 1 8683
8683 2 1245 8684
8684 1 8685
8685 2 2195 8686
8686 1 8687
8687 3 2685 8688 9093
8688 1 8689
8689 1 8690
8690 3 372 1458 8691
8691 1 8692
8692 3 1242 2012 8693
8693 1 8694
8694 1 8695
8695 3 1067 5636 8696
8696 2 4071 8697
8697 1 8698
8698 1 8699
8699 2 8198 8700
8700 2 7048 8701
8701 1 8702
8702 1 8703
8703 4 2125 7265 8704 8735
8704 1 8705
8705 2 763 8706
8706 3 1747 8707 9058
8707 2 3570 8708
8708 2 4769 8709
8709 1 8710
8710 2 2963 8711
8711 3 970 8712 9279
8712 4 5778 8244 8534 8713
8713 3 2034 4613 8714
8714 1 8715
8715 2 1262 8716
8716 3 5738 8717 9098
8717 2 5200 8718
8718 2 4652 8719
8719 2 5914 8720
8720 2 340 8721
8721 3 3919 8722 9506
8722 1 8723
8723 1 8724
8724 3 90 8725 9836
8725 2 36 8726
8726 3 2711 5686 8727
8727 3 3162 5387 8728
8728 1 8729
8729 2 1013 8730
8730 1 8731
8731 4 2105 3261 7427 8732
8732 2 6826 8733
8733 1 8734
8734 2 5955 8735
8735 5 7 3102 7011 7359 8736
8736 1 8737
8737 2 3063 8738
8738 1 8739
8739 2 8740 9200
8740 5 371 4043 6505 6702 8741
8741 3 15 129 8742
8742 1 8743
8743 2 3396 8744
8744 1 8745
8745 2 4065 8746
8746 1 8747
8747 3 3933 6504 8748
8748 1 8749
8749 3 1461 2754 8750
8750 2 8751 9192
8751 3 7611 8296 8752
8752 3 3538 5867 8753
8753 2 8754 9011
8754 2 3279 8755
8755 1 8756
8756 3 2699 2814 8757
8757 2 5834 8758
8758 1 8759
8759 2 3610 8760
8760 2 731 8761
8761 1 8762
8762 4 3088 6758 8763 9151
8763 1 8764
8764 2 7830 8765
8765 1 8766
8766 3 8767 9029 9992
8767 2 1451 8768
8768 3 1260 7934 8769
8769 1 8770
8770 3 3712 7945 8771
8771 1 8772
8772 3 2183 4972 8773
8773 1 8774
8774 1 8775
8775 1 8776
8776 1 8777
8777 2 4347 8778
8778 2 4903 8779
8779 1 8780
8780 1 8781
8781 2 7986 8782
8782 2 4404 8783
8783 2 3691 8784
8784 2 4960 8785
8785 2 3608 8786
8786 1 8787
8787 3 1770 8519 8788
8788 2 30 8789
8789 1 8790
8790 1 8791
8791 2 5960 8792
8792 2 2589 8793
8793 1 8794
8794 1 8795
8795 1 8796
8796 4 3160 7011 7066 8797
8797 3 2784 8089 8798
8798 1 8799
8799 3 5056 6205 8800
8800 2 4175 8801
8801 2 2891 8802
8802 2 6642 8803
8803 1 8804
8804 3 3034 8675 8805
8805 2 2408 8806
8806 2 5889 8807
8807 3 5162 8502 8808
8808 1 8809
8809 2 8351 8810
8810 1 8811
8811 3 1858 7566 8812
8812 3 811 5721 8813
8813 1 8814
8814 1 8815
8815 1 8816
8816 2 8315 8817
8817 3 3998 5754 8818
8818 1 8819
8819 1 8820
8820 2 2391 8821
8821 2 5945 8822
8822 2 5742 8823
8823 2 2916 8824
8824 1 8825
8825 5 4429 5708 7052 8270 8826
8826 5 1292 1812 6086 6843 8827
8827 1 8828
8828 1 8829
8829 1 8830
8830 1 8831
8831 4 5179 5922 6879 8832
8832 2 3014 8833
8833 2 8742 8834
8834 4 398 6773 8835 9090
8835 4 4003 7095 8801 8836
8836 2 8637 8837
8837 1 8838
8838 3 8179 8564 8839
8839 1 8840
8840 2 5268 8841
8841 2 553 8842
8842 3 4018 4509 8843
8843 2 2981 8844
8844 4 2736 5930 7645 8845
8845 2 4636 8846
8846 2 8847 9391
8847 4 2265 3116 8848 9008
8848 2 7049 8849
8849 1 8850
8850 1 8851
8851 2 1173 8852
8852 2 4949 8853
8853 3 37 1087 8854
8854 2 1487 8855
8855 1 8856
8856 1 8857
8857 3 5316 8858 9342
8858 3 495 2060 8859
8859 1 8860
8860 1 8861
8861 1 8862
8862 2 6461 8863
8863 2 7117 8864
8864 3 3527 8865 9042
8865 1 8866
8866 3 3414 4667 8867
8867 2 413 8868
8868 2 8086 8869
8869 3 4797 5346 8870
8870 4 427 3238 6589 8871
8871 1 8872
8872 1 8873
8873 1 8874
8874 2 5867 8875
8875 2 5684 8876
8876 1 8877
8877 1 8878
8878 1 8879
8879 2 6910 8880
8880 2 8881 9159
8881 2 3823 8882
8882 3 1643 8883 9343
8883 1 8884
8884 2 902 8885
8885 2 7278 8886
8886 1 8887
8887 3 5615 5793 8888
8888 3 104 7493 8889
8889 5 2602 3494 4921 5623 8890
8890 2 7793 8891
8891 2 1539 8892
8892 3 686 8023 8893
8893 3 394 8894 9043
8894 1 8895
8895 4 921 6576 7974 8896
8896 1 8897
8897 1 8898
8898 1 8899
8899 2 2209 8900
8900 3 6857 8639 8901
8901 1 8902
8902 1 8903
8903 3 1257 4113 8904
8904 2 1058 8905
8905 1 8906
8906 2 8907 9976
8907 1 8908
8908 1 8909
8909 1 8910
8910 4 1716 6191 6840 8911
8911 2 713 8912
8912 1 8913
8913 4 2671 5073 8914 9602
8914 1 8915
8915 2 1801 8916
8916 3 5067 6597 8917
8917 2 7034 8918
8918 2 8590 8919
8919 1 8920
8920 1 8921
8921 2 4571 8922
8922 1 8923
8923 2 8279 8924
8924 3 939 3040 8925
8925 2 6698 8926
8926 3 3638 7449 8927
8927 3 4909 8636 8928
8928 1 8929
8929 1 8930
8930 1 8931
8931 2 4825 8932
8932 3 4374 8933 9183
8933 2 3410 8934
8934 2 8935 9655
8935 1 8936
8936 1 8937
8937 1 8938
8938 1 8939
8939 2 6526 8940
8940 3 4602 5262 8941
8941 2 6490 8942
8942 1 8943
8943 1 8944
8944 2 7997 8945
8945 2 7517 8946
8946 4 250 5852 6164 8947
8947 2 5792 8948
8948 1 8949
8949 2 4459 8950
8950 1 8951
8951 3 103 5282 8952
8952 2 868 8953
8953 2 5366 8954
8954 3 2968 6727 8955
8955 3 3342 8956 9382
8956 2 8521 8957
8957 3 3923 6735 8958
8958 2 7945 8959
8959 1 8960
8960 2 8961 9684
8961 2 2439 8962
8962 5 5227 7944 8963 9096 9835
8963 2 8132 8964
8964 1 8965
8965 1 8966
8966 1 8967
8967 2 8968 9110
8968 1 8969
8969 1 8970
8970 2 4893 8971
8971 1 8972
8972 2 2209 8973
8973 2 8974 9274
8974 2 7224 8975
8975 1 8976
8976 3 4896 6616 8977
8977 1 8978
8978 1 8979
8979 1 8980
8980 2 4971 8981
8981 1 8982
8982 2 3839 8983
8983 2 5265 8984
8984 2 8121 8985
8985 5 2711 4286 5951 8986 9495
8986 3 1704 2518 8987
8987 1 8988
8988 2 2983 8989
8989 1 8990
8990 3 2341 8991 9667
8991 3 1732 8861 8992
8992 1 8993
8993 3 6502 8614 8994
8994 1 8995
8995 2 7284 8996
8996 3 5186 8997 9060
8997 1 8998
8998 2 3822 8999
8999 2 3602 9000
9000 2 1478 9001
9001 2 1896 9002
9002 2 1934 9003
9003 2 1357 9004
9004 1 9005
9005 4 2794 3408 4114 9006
9006 3 8041 8696 9007
9007 2 4514 9008
9008 1 9009
9009 3 3940 5968 9010
9010 3 588 1181 9011
9011 1 9012
9012 1 9013
9013 2 3446 9014
9014 2 9015 9850
9015 2 1139 9016
9016 5 253 3761 6634 7066 9017
9017 2 6598 9018
9018 1 9019
9019 2 7292 9020
9020 1 9021
9021 1 9022
9022 1 9023
9023 1 9024
9024 2 6506 9025
9025 2 6198 9026
9026 4 1548 2378 3450 9027
9027 1 9028
9028 1 9029
9029 3 467 3552 9030
9030 2 2632 9031
9031 3 3821 7854 9032
9032 2 8162 9033
9033 3 4345 8530 9034
9034 2 5732 9035
9035 1 9036
9036 1 9037
9037 2 726 9038
9038 1 9039
9039 2 35 9040
9040 1 9041
9041 1 9042
9042 2 4648 9043
9043 1 9044
9044 1 9045
9045 3 1328 9046 9452
9046 3 1637 4574 9047
9047 2 8614 9048
9048 3 5375 5896 9049
9049 2 4975 9050
9050 1 9051
9051 3 3465 5032 9052
9052 2 6297 9053
9053 1 9054
9054 2 2962 9055
9055 2 7930 9056
9056 4 957 6592 7461 9057
9057 1 9058
9058 1 9059
9059 1 9060
9060 2 3663 9061
9061 4 240 8292 9062 9468
9062 1 9063
9063 1 9064
9064 1 9065
9065 1 9066
9066 7 993 2282 3496 4008 7024 9067 9154
9067 2 6459 9068
9068 1 9069
9069 2 6087 9070
9070 2 8284 9071
9071 3 518 5100 9072
9072 1 9073
9073 2 9074 9780
9074 1 9075
9075 1 9076
9076 1 9077
9077 1 9078
9078 2 8781 9079
9079 1 9080
9080 3 6156 6758 9081
9081 1 9082
9082 2 7362 9083
9083 4 352 1589 6701 9084
9084 2 1430 9085
9085 2 6935 9086
9086 2 8319 9087
9087 3 2539 7722 9088
9088 2 3708 9089
9089 1 9090
9090 1 9091
9091 2 7651 9092
9092 1 9093
9093 1 9094
9094 2 4660 9095
9095 3 5901 8504 9096
9096 1 9097
9097 3 458 667 9098
9098 2 1055 9099
9099 2 148 9100
9100 2 1264 9101
9101 1 9102
9102 3 33 6899 9103
9103 3 1683 6817 9104
9104 2 4561 9105
9105 1 9106
9106 3 3514 3901 9107
9107 3 5377 8165 9108
9108 2 2392 9109
9109 2 3927 9110
9110 3 4428 4648 9111
9111 2 3691 9112
9112 2 692 9113
9113 2 1310 9114
9114 3 4073 6449 9115
9115 3 248 9116 9607
9116 2 4767 9117
9117 2 8729 9118
9118 3 749 5758 9119
9119 2 6877 9120
9120 1 9121
9121 3 821 7145 9122
9122 1 9123
9123 4 1690 6189 9124 9885
9124 2 8503 9125
9125 2 3961 9126
9126 1 9127
9127 2 1829 9128
9128 4 2172 2852 9129 9174
9129 2 5379 9130
9130 2 7205 9131
9131 1 9132
9132 2 556 9133
9133 2 9134 9438
9134 3 503 9135 9274
9135 4 1905 6020 7147 9136
9136 1 9137
9137 1 9138
9138 1 9139
9139 4 680 7952 9054 9140
9140 1 9141
9141 3 4761 6359 9142
9142 2 9143 9759
9143 4 1537 7716 8609 9144
9144 1 9145
9145 2 8764 9146
9146 1 9147
9147 2 8277 9148
9148 1 9149
9149 4 1175 2827 4946 9150
9150 1 9151
9151 1 9152
9152 1 9153
9153 2 1919 9154
9154 1 9155
9155 2 9156 9717
9156 3 4082 8474 9157
9157 2 572 9158
9158 2 7996 9159
9159 3 581 6877 9160
9160 3 8254 8755 9161
9161 1 9162
9162 2 4654 9163
9163 1 9164
9164 2 9165 9654
9165 1 9166
9166 2 4571 9167
9167 5 4499 7202 8570 9168 9949
9168 2 9169 9882
9169 1 9170
9170 2 6725 9171
9171 4 1217 4519 6003 9172
9172 2 5417 9173
9173 2 2208 9174
9174 3 4861 8357 9175
9175 3 1721 2920 9176
9176 2 2221 9177
9177 2 1803 9178
9178 3 930 4163 9179
9179 4 5931 6838 8492 9180
9180 4 3247 5530 6006 9181
9181 3 3297 9182 9363
9182 1 9183
9183 2 7202 9184
9184 1 9185
9185 3 6759 9186 9853
9186 4 624 8163 9078 9187
9187 1 9188
9188 2 1770 9189
9189 4 340 4673 8176 9190
9190 3 2178 9191 9878
9191 2 2396 9192
9192 3 1013 5031 9193
9193 3 2955 9194 9833
9194 1 9195
9195 1 9196
9196 4 3126 5157 5582 9197
9197 3 8041 9198 9511
9198 1 9199
9199 2 450 9200
9200 2 4252 9201
9201 2 583 9202
9202 3 101 6872 9203
9203 2 2491 9204
9204 1 9205
9205 2 4705 9206
9206 2 5104 9207
9207 3 1631 4127 9208
9208 1 9209
9209 2 3544 9210
9210 1 9211
9211 1 9212
9212 1 9213
9213 1 9214
9214 2 6990 9215
9215 2 7684 9216
9216 2 3171 9217
9217 3 6439 9218 9645
9218 1 9219
9219 1 9220
9220 3 690 3302 9221
9221 4 289 495 7362 9222
9222 3 32 6656 9223
9223 1 9224
9224 3 1865 8980 9225
9225 3 114 3840 9226
9226 2 9227 9329
9227 1 9228
9228 3 1541 2130 9229
9229 3 1492 7455 9230
9230 4 1451 3560 3748 9231
9231 1 9232
9232 2 1464 9233
9233 1 9234
9234 4 410 6760 7739 9235
9235 1 9236
9236 1 9237
9237 4 5272 6869 7830 9238
9238 4 548 1113 4310 9239
9239 1 9240
9240 1 9241
9241 2 8485 9242
9242 3 1236 5777 9243
9243 4 739 2336 7228 9244
9244 2 4665 9245
9245 2 7340 9246
9246 1 9247
9247 3 3467 3721 9248
9248 5 1612 4034 8775 9190 9249
9249 1 9250
9250 2 57 9251
9251 2 2699 9252
9252 1 9253
9253 1 9254
9254 2 6812 9255
9255 2 8747 9256
9256 1 9257
9257 1 9258
9258 2 2488 9259
9259 1 9260
9260 1 9261
9261 1 9262
9262 4 2077 4394 8774 9263
9263 1 9264
9264 2 2043 9265
9265 2 6351 9266
9266 1 9267
9267 2 2075 9268
9268 1 9269
9269 2 9222 9270
9270 3 2606 4850 9271
9271 2 8919 9272
9272 2 8413 9273
9273 3 2299 5866 9274
9274 3 5542 7473 9275
9275 2 9276 9757
9276 4 55 6687 9277 9537
9277 2 1484 9278
9278 2 169 9279
9279 1 9280
9280 1 9281
9281 1 9282
9282 2 2142 9283
9283 2 2868 9284
9284 2 3987 9285
9285 2 4261 9286
9286 3 2435 6021 9287
9287 3 5061 9288 9745
9288 2 5729 9289
9289 2 8486 9290
9290 3 7778 9252 9291
9291 2 7942 9292
9292 2 8423 9293
9293 2 9238 9294
9294 1 9295
9295 1 9296
9296 1 9297
9297 3 7315 9298 9587
9298 3 237 609 9299
9299 1 9300
9300 2 6711 9301
9301 2 1681 9302
9302 1 9303
9303 2 1906 9304
9304 3 1949 2193 9305
9305 1 9306
9306 1 9307
9307 1 9308
9308 1 9309
9309 3 5276 9127 9310
9310 2 6442 9311
9311 1 9312
9312 2 6801 9313
9313 4 6091 6799 7041 9314
9314 2 9208 9315
9315 2 8138 9316
9316 1 9317
9317 3 3368 3762 9318
9318 2 7675 9319
9319 2 6208 9320
9320 1 9321
9321 2 5314 9322
9322 2 6164 9323
9323 1 9324
9324 1 9325
9325 1 9326
9326 4 2561 3427 6011 9327
9327 2 2739 9328
9328 1 9329
9329 1 9330
9330 2 66 9331
9331 2 9080 9332
9332 3 1170 8026 9333
9333 3 675 7292 9334
9334 1 9335
9335 3 2502 8274 9336
9336 3 4163 8911 9337
9337 3 4812 7737 9338
9338 1 9339
9339 2 7755 9340
9340 1 9341
9341 1 9342
9342 3 5350 5641 9343
9343 1 9344
9344 3 182 5812 9345
9345 2 4694 9346
9346 2 3854 9347
9347 2 5939 9348
9348 1 9349
9349 3 2297 6974 9350
9350 2 1641 9351
9351 1 9352
9352 2 6071 9353
9353 1 9354
9354 2 1225 9355
9355 1 9356
9356 3 4668 5088 9357
9357 2 601 9358
9358 2 1410 9359
9359 1 9360
9360 2 4856 9361
9361 3 1452 9362 9535
9362 3 2942 4918 9363
9363 2 7452 9364
9364 2 1 9365
9365 1 9366
9366 2 2271 9367
9367 1 9368
9368 2 8255 9369
9369 2 5277 9370
9370 1 9371
9371 5 722 1279 9372 9753 9868
9372 3 1043 3278 9373
9373 2 1784 9374
9374 1 9375
9375 4 3048 4521 6840 9376
9376 3 2892 9291 9377
9377 2 2617 9378
9378 2 8520 9379
9379 1 9380
9380 1 9381
9381 1 9382
9382 2 3829 9383
9383 3 8132 9384 9799
9384 1 9385
9385 3 1186 5607 9386
9386 2 8430 9387
9387 4 3557 7764 8486 9388
9388 2 6752 9389
9389 3 4171 5366 9390
9390 3 3890 4731 9391
9391 3 3474 6324 9392
9392 1 9393
9393 1 9394
9394 2 2790 9395
9395 2 2041 9396
9396 1 9397
9397 4 4602 6685 9398 9763
9398 3 585 7359 9399
9399 2 751 9400
9400 1 9401
9401 1 9402
9402 2 5577 9403
9403 2 553 9404
9404 2 111 9405
9405 2 8273 9406
9406 2 9065 9407
9407 4 98 2505 9408 9530
9408 2 3263 9409
9409 3 1983 5776 9410
9410 2 4779 9411
9411 1 9412
9412 1 9413
9413 4 4091 5090 7123 9414
9414 6 39 1646 3334 7072 8621 9415
9415 1 9416
9416 2 2386 9417
9417 1 9418
9418 2 6967 9419
9419 3 5273 7404 9420
9420 1 9421
9421 2 9397 9422
9422 1 9423
9423 1 9424
9424 1 9425
9425 2 6689 9426
9426 1 9427
9427 3 4024 4229 9428
9428 1 9429
9429 3 5120 8929 9430
9430 1 9431
9431 3 5223 8051 9432
9432 1 9433
9433 2 2932 9434
9434 4 2760 8701 9435 9891
9435 3 944 4806 9436
9436 1 9437
9437 1 9438
9438 2 6663 9439
9439 3 643 3823 9440
9440 3 1258 6285 9441
9441 2 1182 9442
9442 1 9443
9443 1 9444
9444 1 9445
9445 2 1751 9446
9446 1 9447
9447 1 9448
9448 2 2396 9449
9449 1 9450
9450 2 3737 9451
9451 2 5359 9452
9452 2 206 9453
9453 4 3 876 8322 9454
9454 3 3880 7938 9455
9455 1 9456
9456 2 9457 9725
9457 1 9458
9458 2 520 9459
9459 1 9460
9460 3 242 7309 9461
9461 1 9462
9462 4 1094 1557 5519 9463
9463 2 9322 9464
9464 4 1411 4027 5253 9465
9465 1 9466
9466 2 5531 9467
9467 3 1043 3127 9468
9468 2 8838 9469
9469 3 1055 9470 9577
9470 1 9471
9471 3 4322 5751 9472
9472 5 5069 5975 6404 9473 9748
9473 3 4664 6026 9474
9474 1 9475
9475 1 9476
9476 2 9288 9477
9477 1 9478
9478 2 3158 9479
9479 1 9480
9480 1 9481
9481 1 9482
9482 3 2536 9396 9483
9483 2 5072 9484
9484 1 9485
9485 2 8269 9486
9486 3 5573 6457 9487
9487 1 9488
9488 3 3703 9186 9489
9489 2 977 9490
9490 2 700 9491
9491 1 9492
9492 3 5527 9108 9493
9493 3 7313 9494 9959
9494 2 7910 9495
9495 2 1926 9496
9496 4 5049 7015 9497 9929
9497 2 559 9498
9498 1 9499
9499 3 5231 5654 9500
9500 1 9501
9501 3 6737 8245 9502
9502 3 3262 6439 9503
9503 2 6232 9504
9504 2 7719 9505
9505 1 9506
9506 3 1703 9507 9652
9507 4 5570 7476 9052 9508
9508 2 735 9509
9509 1 9510
9510 1 9511
9511 1 9512
9512 1 9513
9513 2 7068 9514
9514 1 9515
9515 2 1890 9516
9516 1 9517
9517 2 4282 9518
9518 1 9519
9519 4 3840 5522 6910 9520
9520 3 416 2731 9521
9521 3 66 6272 9522
9522 2 4446 9523
9523 2 6476 9524
9524 2 9525 9773
9525 2 7282 9526
9526 1 9527
9527 1 9528
9528 2 6095 9529
9529 2 5700 9530
9530 1 9531
9531 2 6860 9532
9532 2 8436 9533
9533 1 9534
9534 2 2362 9535
9535 4 2092 3683 7424 9536
9536 2 6537 9537
9537 1 9538
9538 2 8120 9539
9539 2 9540 9545
9540 2 7968 9541
9541 3 2016 9143 9542
9542 4 2607 6128 7299 9543
9543 3 3070 8318 9544
9544 1 9545
9545 2 102 9546
9546 1 9547
9547 3 675 5074 9548
9548 1 9549
9549 4 2991 7521 8145 9550
9550 2 5256 9551
9551 1 9552
9552 1 9553
9553 2 8777 9554
9554 1 9555
9555 2 7697 9556
9556 2 9124 9557
9557 1 9558
9558 3 5390 5477 9559
9559 1 9560
9560 1 9561
9561 3 284 7345 9562
9562 2 3035 9563
9563 3 9209 9564 9598
9564 1 9565
9565 1 9566
9566 1 9567
9567 1 9568
9568 3 1668 9569 9800
9569 4 2295 4193 7486 9570
9570 2 9571 9821
9571 1 9572
9572 2 1697 9573
9573 4 4937 5300 8549 9574
9574 1 9575
9575 2 1780 9576
9576 3 3761 7310 9577
9577 2 2197 9578
9578 2 3130 9579
9579 3 6591 7374 9580
9580 1 9581
9581 1 9582
9582 2 4 9583
9583 2 1347 9584
9584 4 1721 4554 9116 9585
9585 2 2616 9586
9586 1 9587
9587 1 9588
9588 2 4605 9589
9589 3 5544 7434 9590
9590 2 9591 9844
9591 2 6160 9592
9592 1 9593
9593 2 8306 9594
9594 2 6965 9595
9595 1 9596
9596 4 1275 3086 4795 9597
9597 1 9598
9598 1 9599
9599 4 105 3799 8074 9600
9600 3 467 7061 9601
9601 2 836 9602
9602 1 9603
9603 3 773 1295 9604
9604 2 8529 9605
9605 3 1129 1827 9606
9606 1 9607
9607 3 702 6118 9608
9608 1 9609
9609 2 7127 9610
9610 2 7789 9611
9611 3 1330 6401 9612
9612 3 4647 8068 9613
9613 2 1016 9614
9614 4 711 5089 8642 9615
9615 2 7853 9616
9616 1 9617
9617 2 8199 9618
9618 1 9619
9619 1 9620
9620 2 695 9621
9621 1 9622
9622 1 9623
9623 2 9058 9624
9624 3 2633 7548 9625
9625 1 9626
9626 3 1768 9627 9855
9627 2 8902 9628
9628 1 9629
9629 4 4405 5461 9630 9748
9630 1 9631
9631 1 9632
9632 2 8947 9633
9633 4 3057 4622 9256 9634
9634 1 9635
9635 1 9636
9636 2 3988 9637
9637 3 1488 4805 9638
9638 2 806 9639
9639 2 925 9640
9640 3 1095 4123 9641
9641 1 9642
9642 2 8939 9643
9643 3 1227 6185 9644
9644 1 9645
9645 2 7311 9646
9646 2 4501 9647
9647 1 9648
9648 3 445 9215 9649
9649 2 5428 9650
9650 3 4882 5851 9651
9651 4 5723 7513 7781 9652
9652 1 9653
9653 3 8451 9654 9754
9654 3 6607 7261 9655
9655 2 8617 9656
9656 2 7236 9657
9657 4 36 4877 9647 9658
9658 1 9659
9659 1 9660
9660 2 4871 9661
9661 1 9662
9662 3 4432 8672 9663
9663 1 9664
9664 2 7649 9665
9665 3 7313 8645 9666
9666 1 9667
9667 2 3241 9668
9668 2 8050 9669
9669 3 1047 3251 9670
9670 3 8926 9144 9671
9671 1 9672
9672 2 1227 9673
9673 1 9674
9674 3 50 9402 9675
9675 1 9676
9676 7 351 2042 5346 6616 6727 9183 9677
9677 2 512 9678
9678 6 1007 3984 7678 7741 8606 9679
9679 3 3974 7323 9680
9680 1 9681
9681 2 381 9682
9682 2 5833 9683
9683 1 9684
9684 3 5917 6236 9685
9685 1 9686
9686 2 2398 9687
9687 2 5904 9688
9688 4 4142 5656 8578 9689
9689 1 9690
9690 4 1349 3591 6843 9691
9691 2 9692 9987
9692 1 9693
9693 3 6588 9304 9694
9694 3 2444 4395 9695
9695 4 1336 4641 4786 9696
9696 1 9697
9697 1 9698
9698 1 9699
9699 2 9217 9700
9700 3 2131 8686 9701
9701 4 9430 9702 9907 9919
9702 1 9703
9703 2 7443 9704
9704 1 9705
9705 2 7529 9706
9706 1 9707
9707 2 1007 9708
9708 2 2941 9709
9709 2 2853 9710
9710 4 506 677 1765 9711
9711 1 9712
9712 3 838 7795 9713
9713 2 7830 9714
9714 1 9715
9715 1 9716
9716 2 7553 9717
9717 1 9718
9718 2 6850 9719
9719 2 1430 9720
9720 2 7148 9721
9721 1 9722
9722 1 9723
9723 1 9724
9724 3 2507 4489 9725
9725 3 956 7014 9726
9726 4 3982 6297 9045 9727
9727 1 9728
9728 4 1399 3393 4592 9729
9729 2 736 9730
9730 3 2001 2005 9731
9731 4 4097 6041 6995 9732
9732 4 3937 4937 6637 9733
9733 3 4126 9295 9734
9734 2 9058 9735
9735 1 9736
9736 4 2825 4971 6413 9737
9737 2 9738 9804
9738 1 9739
9739 2 1341 9740
9740 1 9741
9741 1 9742
9742 2 335 9743
9743 3 1019 6157 9744
9744 2 3837 9745
9745 2 2494 9746
9746 2 89 9747
9747 3 5319 9748 9956
9748 3 1229 4645 9749
9749 2 584 9750
9750 4 2796 4619 5866 9751
9751 2 1230 9752
9752 3 1960 8970 9753
9753 2 1807 9754
9754 3 2655 2863 9755
9755 4 3782 8243 9271 9756
9756 3 818 8670 9757
9757 2 7768 9758
9758 1 9759
9759 3 2183 5795 9760
9760 3 4296 8464 9761
9761 1 9762
9762 2 2415 9763
9763 1 9764
9764 5 3579 5359 6905 8346 9765
9765 2 3763 9766
9766 1 9767
9767 5 2395 3945 5924 8113 9768
9768 1 9769
9769 1 9770
9770 3 7866 8586 9771
9771 3 1594 8872 9772
9772 1 9773
9773 1 9774
9774 2 7939 9775
9775 2 9244 9776
9776 1 9777
9777 1 9778
9778 1 9779
9779 3 2005 9780 9934
9780 1 9781
9781 3 3990 5006 9782
9782 1 9783
9783 2 2603 9784
9784 1 9785
9785 1 9786
9786 5 4217 4328 6684 8895 9787
9787 1 9788
9788 2 4426 9789
9789 3 924 4139 9790
9790 2 5843 9791
9791 3 650 4083 9792
9792 1 9793
9793 1 9794
9794 1 9795
9795 2 1304 9796
9796 2 2711 9797
9797 3 2991 3092 9798
9798 2 7243 9799
9799 2 6743 9800
9800 2 4358 9801
9801 1 9802
9802 3 4343 4812 9803
9803 2 2419 9804
9804 2 7035 9805
9805 2 417 9806
9806 1 9807
9807 1 9808
9808 2 1876 9809
9809 3 2111 6902 9810
9810 2 2038 9811
9811 1 9812
9812 1 9813
9813 4 411 3456 8753 9814
9814 1 9815
9815 5 4033 4730 7644 8769 9816
9816 2 5870 9817
9817 2 4722 9818
9818 1 9819
9819 3 3996 5033 9820
9820 2 7176 9821
9821 1 9822
9822 1 9823
9823 2 7400 9824
9824 2 7398 9825
9825 2 7264 9826
9826 1 9827
9827 2 7642 9828
9828 1 9829
9829 1 9830
9830 2 2344 9831
9831 3 1674 4907 9832
9832 1 9833
9833 3 271 3351 9834
9834 2 2722 9835
9835 2 4658 9836
9836 3 8150 8416 9837
9837 2 3708 9838
9838 1 9839
9839 1 9840
9840 2 1021 9841
9841 1 9842
9842 1 9843
9843 3 3387 5147 9844
9844 1 9845
9845 5 1055 1401 2242 7523 9846
9846 5 787 957 4007 8903 9847
9847 2 7074 9848
9848 2 5966 9849
9849 1 9850
9850 1 9851
9851 2 8548 9852
9852 3 5315 6069 9853
9853 4 2599 7678 8792 9854
9854 2 1973 9855
9855 1 9856
9856 3 375 1034 9857
9857 1 9858
9858 1 9859
9859 3 3719 7408 9860
9860 2 6193 9861
9861 1 9862
9862 1 9863
9863 2 4691 9864
9864 3 7568 8531 9865
9865 2 9781 9866
9866 2 1956 9867
9867 2 2237 9868
9868 2 6868 9869
9869 3 5736 6631 9870
9870 2 433 9871
9871 2 6714 9872
9872 2 3538 9873
9873 2 2281 9874
9874 2 7786 9875
9875 1 9876
9876 1 9877
9877 1 9878
9878 4 1065 1107 1818 9879
9879 2 3352 9880
9880 1 9881
9881 2 2643 9882
9882 3 1258 8274 9883
9883 4 3620 5008 7717 9884
9884 1 9885
9885 1 9886
9886 1 9887
9887 1 9888
9888 2 1179 9889
9889 4 427 633 7558 9890
9890 2 5723 9891
9891 5 2771 5750 6567 7269 9892
9892 4 1494 2354 3423 9893
9893 1 9894
9894 1 9895
9895 2 9334 9896
9896 2 9858 9897
9897 3 228 7930 9898
9898 1 9899
9899 2 6706 9900
9900 1 9901
9901 1 9902
9902 1 9903
9903 2 793 9904
9904 1 9905
9905 2 9546 9906
9906 1 9907
9907 1 9908
9908 1 9909
9909 4 5478 5639 9835 9910
9910 3 5663 8728 9911
9911 1 9912
9912 3 1711 4254 9913
9913 2 1648 9914
9914 2 8853 9915
9915 2 7681 9916
9916 1 9917
9917 1 9918
9918 1 9919
9919 3 6658 8880 9920
9920 2 459 9921
9921 3 2285 5732 9922
9922 3 1446 5326 9923
9923 1 9924
9924 3 136 8581 9925
9925 2 349 9926
9926 2 8654 9927
9927 1 9928
9928 2 6678 9929
9929 1 9930
9930 1 9931
9931 1 9932
9932 3 4950 5549 9933
9933 3 1250 8879 9934
9934 2 308 9935
9935 1 9936
9936 4 6267 6565 9904 9937
9937 1 9938
9938 3 484 6190 9939
9939 1 9940
9940 1 9941
9941 2 8504 9942
9942 2 8280 9943
9943 2 279 9944
9944 1 9945
9945 1 9946
9946 6 223 1044 2705 6052 7857 9947
9947 2 9172 9948
9948 3 7730 8726 9949
9949 2 6369 9950
9950 2 326 9951
9951 1 9952
9952 2 7700 9953
9953 1 9954
9954 2 3168 9955
9955 3 5530 6976 9956
9956 1 9957
9957 2 4179 9958
9958 3 2305 6680 9959
9959 3 6468 8493 9960
9960 2 8794 9961
9961 2 9276 9962
9962 1 9963
9963 2 7094 9964
9964 3 429 2351 9965
9965 2 3598 9966
9966 2 1266 9967
9967 2 7095 9968
9968 1 9969
9969 1 9970
9970 1 9971
9971 3 1931 4407 9972
9972 3 3451 3555 9973
9973 2 3117 9974
9974 1 9975
9975 1 9976
9976 1 9977
9977 1 9978
9978 1 9979
9979 1 9980
9980 3 387 891 9981
9981 1 9982
9982 1 9983
9983 2 3676 9984
9984 1 9985
9985 1 9986
9986 1 9987
9987 1 9988
9988 3 2977 9277 9989
9989 2 7179 9990
9990 1 9991
9991 4 430 2484 4347 9992
9992 3 798 2077 9993
9993 2 2013 9994
9994 1 9995
9995 1 9996
9996 2 977 9997
9997 1 9998
9998 4 966 5840 7308 9999
9999 1 0
DAMPING 0.85
TOLERANCE 0.0001
MAX_ITERATIONS 100
