50000 100000
0 1 1
1 3 2 4801 22957
2 1 3
3 5 4 2880 17804 19123 27787
4 2 5 35531
5 2 6 30524
6 3 7 4570 28434
7 2 8 32408
8 1 9
9 2 10 5586
10 1 11
11 2 12 1847
12 3 13 24101 49983
13 3 14 37310 39324
14 1 15
15 2 16 16757
16 1 17
17 1 18
18 1 19
19 1 20
20 1 21
21 4 22 32809 47126 47715
22 1 23
23 2 24 11991
24 1 25
25 1 26
26 2 27 12545
27 3 28 2647 47212
28 1 29
29 3 30 23498 37708
30 1 31
31 1 32
32 1 33
33 1 34
34 3 35 30438 43843
35 5 36 29248 34663 34941 44714
36 1 37
37 1 38
38 1 39
39 2 40 15309
40 2 41 35510
41 3 42 40243 46159
42 2 43 13985
43 1 44
44 2 45 40184
45 2 46 17785
46 1 47
47 2 48 27214
48 3 49 28941 39187
49 2 50 2995
50 2 51 49227
51 1 52
52 2 53 44832
53 5 54 18023 20861 38192 48140
54 4 55 2302 13737 25832
55 2 56 43223
56 2 57 41485
57 3 58 24369 42661
58 2 59 16014
59 2 60 27456
60 2 61 48730
61 3 62 8269 29321
62 2 63 47313
63 1 64
64 1 65
65 2 66 2068
66 3 67 918 34878
67 3 68 7901 36714
68 2 69 16749
69 1 70
70 1 71
71 4 72 2686 8271 38429
72 2 73 16769
73 3 74 7518 12745
74 2 75 26228
75 1 76
76 1 77
77 2 78 44049
78 1 79
79 2 80 32723
80 2 81 22574
81 1 82
82 1 83
83 1 84
84 2 85 48314
85 4 86 8801 28524 30646
86 1 87
87 1 88
88 2 89 49707
89 4 48 90 31462 32449
90 2 91 46382
91 2 92 38591
92 2 93 41988
93 3 94 25174 48802
94 3 95 16031 24718
95 4 96 6309 18992 26051
96 2 97 26627
97 2 98 38340
98 1 99
99 1 100
100 1 101
101 1 102
102 2 103 5729
103 1 104
104 2 105 15381
105 2 106 15029
106 1 107
107 4 108 2709 39636 48051
108 2 109 1596
109 1 110
110 2 111 24248
111 2 112 12345
112 4 113 2294 15201 41273
113 2 114 12327
114 1 115
115 2 116 29843
116 3 117 33232 43205
117 1 118
118 1 119
119 3 120 3128 36337
120 1 121
121 1 122
122 1 123
123 3 124 23809 30023
124 2 125 20440
125 2 126 15890
126 1 127
127 2 128 19675
128 2 129 36839
129 3 130 43113 44859
130 3 131 20987 28518
131 2 132 6590
132 2 133 11014
133 2 134 48299
134 1 135
135 2 136 44163
136 3 137 32144 41718
137 3 138 15462 39434
138 1 139
139 4 140 16698 43352 47821
140 1 141
141 1 142
142 1 143
143 3 144 31068 39133
144 1 145
145 1 146
146 1 147
147 1 148
148 1 149
149 1 150
150 2 151 27896
151 3 152 6582 7046
152 1 153
153 1 154
154 2 155 44545
155 1 156
156 1 157
157 1 158
158 4 159 3038 3332 36396
159 2 160 12758
160 3 161 46105 47008
161 1 162
162 1 163
163 1 164
164 2 165 25100
165 2 166 23773
166 3 167 7345 28163
167 1 168
168 4 169 9109 15589 30663
169 1 170
170 1 171
171 2 172 43218
172 1 173
173 1 174
174 1 175
175 2 176 9304
176 4 177 9801 17655 18667
177 2 178 37772
178 3 179 5786 45493
179 2 180 43366
180 2 181 34717
181 2 182 13852
182 2 183 24761
183 3 184 11831 45475
184 3 185 1109 18537
185 1 186
186 1 187
187 2 188 46074
188 3 189 4952 35655
189 2 190 23766
190 2 191 1734
191 1 192
192 2 193 48231
193 3 194 5943 37283
194 1 195
195 1 196
196 2 197 47801
197 2 198 7816
198 1 199
199 1 200
200 1 201
201 5 202 11900 18788 22413 49449
202 1 203
203 2 204 36975
204 2 205 43037
205 2 206 35901
206 1 207
207 3 208 17092 25668
208 2 209 10501
209 2 210 36167
210 2 211 3238
211 1 212
212 3 213 11517 35589
213 2 214 41174
214 2 215 17593
215 2 216 9124
216 1 217
217 2 218 11103
218 3 219 7888 37586
219 3 220 43029 43276
220 3 221 36630 37953
221 4 222 5336 11771 26482
222 2 223 17684
223 2 224 4260
224 2 225 19721
225 1 226
226 2 227 18983
227 1 228
228 1 229
229 3 230 18052 20048
230 1 231
231 1 232
232 1 233
233 1 234
234 3 235 20559 48436
235 2 236 40734
236 2 237 46112
237 3 238 11945 12106
238 2 239 49028
239 3 240 4179 22403
240 3 241 6649 28150
241 3 242 39152 41516
242 3 243 39719 48562
243 2 244 33685
244 2 245 1452
245 2 246 1575
246 2 247 28673
247 2 248 34778
248 1 249
249 2 250 16832
250 2 251 23953
251 2 252 28555
252 2 253 33048
253 1 254
254 2 255 38074
255 2 256 17003
256 1 257
257 1 258
258 1 259
259 3 260 35963 45132
260 1 261
261 3 262 22595 34583
262 1 263
263 3 264 28747 36959
264 3 265 15744 45692
265 2 266 7302
266 1 267
267 3 268 5755 27575
268 2 269 44641
269 2 270 4655
270 2 271 10551
271 1 272
272 2 273 8892
273 2 274 30241
274 2 275 4980
275 2 276 2678
276 3 277 5738 21240
277 2 278 45031
278 2 279 6721
279 5 280 7620 35397 40254 44893
280 1 281
281 1 282
282 1 283
283 1 284
284 3 285 4278 47350
285 2 286 39383
286 2 287 29352
287 1 288
288 1 289
289 3 290 13673 19543
290 2 291 2042
291 2 292 23214
292 2 293 32626
293 2 294 30874
294 2 295 28639
295 1 296
296 2 297 34399
297 2 298 18540
298 2 299 22651
299 2 300 47823
300 3 301 41817 47493
301 2 302 36604
302 2 303 7005
303 4 304 5554 21346 36720
304 1 305
305 1 306
306 1 307
307 4 308 6743 26234 39829
308 3 309 550 48445
309 1 310
310 1 311
311 2 312 33096
312 2 313 24070
313 2 314 29385
314 3 315 9721 42936
315 1 316
316 1 317
317 2 318 23022
318 1 319
319 3 320 3023 26329
320 4 321 1934 3881 32250
321 3 322 16927 21855
322 3 323 9516 35923
323 2 324 16622
324 1 325
325 4 326 2076 26528 29064
326 2 327 24173
327 1 328
328 2 329 7524
329 3 330 15422 22790
330 4 331 16837 27122 38128
331 3 332 22084 40900
332 1 333
333 2 334 21539
334 1 335
335 2 336 35113
336 1 337
337 1 338
338 2 339 7188
339 2 340 12883
340 1 341
341 1 342
342 2 343 49796
343 1 344
344 2 345 38116
345 2 346 32044
346 1 347
347 2 348 13466
348 1 349
349 2 350 33270
350 2 351 46424
351 3 352 24957 40383
352 4 353 7096 20341 31991
353 1 354
354 1 355
355 1 356
356 2 357 28391
357 2 358 27392
358 2 359 11566
359 2 360 24674
360 1 361
361 1 362
362 2 363 49149
363 4 364 17511 32593 39694
364 3 365 19033 28285
365 1 366
366 3 367 14760 37750
367 2 368 15049
368 1 369
369 1 370
370 1 371
371 1 372
372 2 373 35790
373 1 374
374 1 375
375 1 376
376 2 377 14814
377 1 378
378 2 379 15121
379 3 380 21668 26032
380 1 381
381 1 382
382 2 383 31434
383 2 384 18281
384 2 385 20489
385 6 386 784 3389 32319 33564 43653
386 1 387
387 1 388
388 1 389
389 2 390 34551
390 3 391 39228 41583
391 1 392
392 1 393
393 1 394
394 3 395 3183 25647
395 2 396 22800
396 3 397 32829 42202
397 3 398 26548 48883
398 5 399 1688 29220 31690 47989
399 2 400 23712
400 2 401 22216
401 2 402 25380
402 2 403 4059
403 3 404 37878 48552
404 5 405 8522 23025 42025 45462
405 4 406 18083 41727 41844
406 1 407
407 2 408 2693
408 1 409
409 1 410
410 2 411 40498
411 1 412
412 6 413 902 9720 20554 29512 47152
413 1 414
414 1 415
415 7 416 7919 10307 16657 20256 30348 49158
416 2 417 36603
417 1 418
418 1 419
419 2 420 40112
420 2 421 33319
421 2 422 41591
422 3 423 3090 25782
423 1 424
424 4 425 5916 22796 23737
425 1 426
426 3 427 33863 48232
427 3 428 3402 45150
428 4 429 9314 24946 36909
429 1 430
430 2 431 21525
431 2 432 45341
432 1 433
433 3 434 32019 49530
434 3 435 23987 32514
435 5 436 2725 5949 25002 30357
436 1 437
437 1 438
438 1 439
439 3 440 6852 21927
440 1 441
441 3 442 4969 29123
442 2 443 39524
443 4 444 7431 31662 49545
444 1 445
445 2 446 20102
446 3 447 24428 41301
447 1 448
448 1 449
449 1 450
450 2 451 45725
451 3 452 29086 43548
452 5 453 9643 12436 15562 27317
453 2 454 32731
454 2 455 15998
455 1 456
456 3 457 13350 32335
457 3 458 35891 45952
458 2 459 22031
459 2 460 23782
460 3 461 23615 41464
461 2 462 27859
462 1 463
463 2 464 23395
464 1 465
465 3 466 13895 48065
466 2 467 7349
467 2 468 31846
468 1 469
469 3 470 23557 46883
470 1 471
471 1 472
472 1 473
473 1 474
474 1 475
475 4 476 1399 25503 42879
476 1 477
477 1 478
478 3 479 19685 44605
479 2 480 47814
480 1 481
481 2 482 12000
482 1 483
483 1 484
484 3 485 17104 18276
485 2 486 6951
486 2 487 44392
487 1 488
488 1 489
489 2 490 36296
490 3 491 30010 41432
491 3 492 4926 49910
492 1 493
493 1 494
494 2 495 24671
495 3 496 3042 31269
496 1 497
497 2 498 28880
498 1 499
499 2 500 36199
500 1 501
501 1 502
502 1 503
503 4 504 5086 11114 13937
504 2 505 6782
505 1 506
506 1 507
507 3 508 24379 36734
508 2 509 27858
509 2 510 40410
510 3 511 40711 46689
511 1 512
512 3 513 6000 21836
513 1 514
514 1 515
515 5 516 14657 20010 31778 44398
516 1 517
517 1 518
518 1 519
519 3 520 37891 46116
520 2 521 5380
521 2 522 11680
522 2 523 18073
523 3 524 6471 44300
524 2 525 28823
525 1 526
526 2 527 21067
527 1 528
528 2 529 11314
529 1 530
530 2 531 7737
531 1 532
532 4 533 2312 16348 22370
533 1 534
534 3 535 18170 45865
535 2 536 11928
536 3 537 36005 38947
537 1 538
538 1 539
539 3 540 4765 21829
540 2 541 8346
541 3 542 28165 34510
542 1 543
543 2 544 31085
544 2 545 3274
545 1 546
546 2 547 21707
547 2 548 557
548 3 549 32316 36314
549 3 550 12068 18056
550 2 551 45455
551 4 552 20201 25143 32110
552 1 553
553 1 554
554 1 555
555 1 556
556 1 557
557 4 558 1988 12484 46039
558 4 559 11394 31325 38747
559 2 560 8029
560 2 561 5006
561 3 562 20308 48965
562 3 563 32810 33195
563 3 564 10452 35962
564 1 565
565 1 566
566 2 567 38445
567 1 568
568 3 569 20479 35956
569 1 570
570 1 571
571 3 572 16340 47250
572 1 573
573 1 574
574 1 575
575 2 576 30069
576 3 577 29432 37527
577 3 578 22440 33326
578 2 579 15551
579 1 580
580 2 581 3875
581 2 582 28217
582 1 583
583 3 584 2233 44885
584 2 585 3054
585 2 586 28103
586 1 587
587 1 588
588 3 589 20720 28027
589 2 590 21670
590 2 591 36712
591 1 592
592 2 593 19060
593 2 594 34272
594 1 595
595 3 596 7412 18751
596 2 597 1495
597 1 598
598 2 599 46112
599 2 600 21166
600 1 601
601 1 602
602 1 603
603 1 604
604 1 605
605 2 606 42878
606 1 607
607 1 608
608 3 325 609 2584
609 3 610 15256 34063
610 2 611 36401
611 1 612
612 1 613
613 1 614
614 3 615 2357 20656
615 4 616 26233 33821 39897
616 1 617
617 2 618 1653
618 1 619
619 2 620 22411
620 1 621
621 3 622 3527 37929
622 1 623
623 1 624
624 1 625
625 1 626
626 3 627 19471 48951
627 4 628 13451 17214 46363
628 1 629
629 1 630
630 1 631
631 3 632 35886 44395
632 2 633 46013
633 2 634 19606
634 4 635 12606 22830 29733
635 2 636 17638
636 1 637
637 2 638 13609
638 2 639 16659
639 2 640 28287
640 1 641
641 3 470 642 34065
642 2 643 38385
643 3 644 25928 38486
644 3 645 30609 46417
645 2 646 7571
646 3 647 12179 48327
647 1 648
648 2 649 24358
649 3 650 7232 49592
650 3 651 14990 23514
651 2 652 47872
652 1 653
653 1 654
654 2 655 41272
655 2 656 8440
656 1 657
657 3 658 28185 43360
658 2 659 36675
659 2 660 22204
660 2 661 7707
661 2 662 3869
662 4 663 27225 27686 32244
663 1 664
664 1 665
665 2 666 23151
666 1 667
667 2 668 6661
668 2 669 22904
669 3 670 3706 19595
670 3 671 8709 19643
671 1 672
672 2 673 43621
673 3 674 41881 44417
674 2 675 27651
675 2 676 20369
676 2 677 11724
677 3 678 19522 31563
678 1 679
679 2 680 27412
680 4 681 2013 12922 46206
681 4 682 2596 12496 25342
682 1 683
683 1 684
684 1 685
685 2 288 686
686 1 687
687 2 688 26658
688 2 689 31981
689 2 690 46935
690 2 691 42187
691 2 692 45643
692 2 693 1151
693 1 694
694 2 695 19616
695 3 696 12720 17600
696 1 697
697 2 698 35455
698 4 699 8599 16964 20573
699 3 700 3775 13795
700 2 701 11941
701 2 702 43716
702 1 703
703 3 704 1782 33745
704 3 705 25007 28925
705 1 706
706 1 707
707 4 708 28221 35217 37139
708 2 709 43819
709 1 710
710 3 711 14906 45986
711 2 712 49347
712 4 713 7005 48440 48571
713 2 714 40911
714 1 715
715 5 716 12866 27987 29587 31935
716 4 717 23710 38686 46190
717 1 718
718 2 719 4668
719 2 720 8410
720 3 721 2352 38040
721 2 722 49570
722 4 311 723 12722 44471
723 1 724
724 3 725 3916 6757
725 2 726 6359
726 2 727 42396
727 2 728 39104
728 2 729 37038
729 1 730
730 2 731 32405
731 2 732 20047
732 4 733 29145 31034 45832
733 3 734 11677 34706
734 3 735 22878 43006
735 3 736 12134 34797
736 2 737 22628
737 2 738 35569
738 3 739 7664 28491
739 3 740 2841 49956
740 3 741 8955 10634
741 1 742
742 1 743
743 1 744
744 3 745 26170 42160
745 2 746 34085
746 2 747 15187
747 4 748 17417 21184 30453
748 2 749 32017
749 2 750 12474
750 1 751
751 2 752 47785
752 3 753 7169 34933
753 2 754 35606
754 1 755
755 1 756
756 1 757
757 3 758 1681 49003
758 2 759 22739
759 1 760
760 2 761 11825
761 2 762 49421
762 1 763
763 1 764
764 3 765 11886 26656
765 4 766 6895 15774 36473
766 1 767
767 1 768
768 4 769 3170 3874 20726
769 1 770
770 3 771 16608 25834
771 3 772 9390 34527
772 2 773 20802
773 3 774 7222 13577
774 3 775 31318 43420
775 4 776 20415 20862 21663
776 2 777 31487
777 1 778
778 1 779
779 1 780
780 4 781 10802 23222 30311
781 2 782 24414
782 3 783 36461 46616
783 2 784 20327
784 1 785
785 3 786 10102 43893
786 3 787 26402 40873
787 3 788 2373 31321
788 3 789 41565 47064
789 2 790 29562
790 2 791 6436
791 2 792 27242
792 2 793 37581
793 1 794
794 3 795 12005 48592
795 2 796 24602
796 2 797 2253
797 2 798 36011
798 2 799 36003
799 2 800 21823
800 3 801 15968 48232
801 2 802 32181
802 3 803 14345 37089
803 1 804
804 2 805 19092
805 1 806
806 2 807 31509
807 1 808
808 2 809 26439
809 1 810
810 1 811
811 2 812 32467
812 2 813 39394
813 2 814 33854
814 1 815
815 2 816 45335
816 2 817 49754
817 1 818
818 3 819 31963 43526
819 2 820 13882
820 1 821
821 2 822 44606
822 2 823 5875
823 2 824 11517
824 2 825 40889
825 4 826 3916 5725 25602
826 2 827 46331
827 3 828 4556 39967
828 1 829
829 2 830 22447
830 2 831 48457
831 3 832 21830 44309
832 1 833
833 1 834
834 2 835 30588
835 1 836
836 1 837
837 3 838 21659 28412
838 1 839
839 2 840 12146
840 1 841
841 2 842 32814
842 3 843 3961 19030
843 3 844 21425 25062
844 2 845 1340
845 2 846 41684
846 1 847
847 4 848 2169 41891 42183
848 1 849
849 4 850 27595 32507 49343
850 2 851 4746
851 3 852 10626 30298
852 3 853 9050 19434
853 3 854 2738 23645
854 2 855 20793
855 1 856
856 2 857 40871
857 1 858
858 1 859
859 2 860 15238
860 4 861 9715 22779 29616
861 2 862 3282
862 2 863 35979
863 1 864
864 1 865
865 1 866
866 2 867 26023
867 1 868
868 3 483 869 27964
869 4 870 2577 18651 37544
870 2 871 16111
871 2 872 12806
872 3 873 6883 34836
873 2 874 43970
874 3 875 15515 31449
875 1 876
876 3 877 18807 30969
877 1 878
878 2 879 10969
879 2 880 10972
880 2 549 881
881 1 882
882 1 883
883 1 884
884 1 885
885 2 886 29749
886 1 887
887 3 888 13723 18310
888 2 889 21974
889 4 890 4657 4759 27677
890 2 891 42058
891 1 892
892 2 893 24484
893 3 894 1604 26896
894 3 895 1815 38654
895 1 896
896 2 897 32234
897 1 898
898 1 899
899 3 900 24608 49587
900 1 901
901 2 902 15546
902 3 903 9100 28432
903 1 904
904 4 905 4449 27265 45026
905 1 906
906 2 907 25171
907 1 908
908 1 909
909 3 910 5873 12349
910 2 911 48509
911 2 912 33617
912 1 913
913 3 914 30268 30486
914 2 915 17239
915 2 916 39606
916 1 917
917 2 918 30001
918 3 919 3691 23882
919 1 920
920 1 921
921 2 922 14394
922 5 923 7520 41330 45501 47055
923 1 924
924 1 925
925 1 926
926 2 927 43578
927 2 928 40364
928 2 929 39586
929 3 930 5151 31027
930 1 931
931 1 932
932 2 933 34467
933 2 934 32734
934 1 935
935 1 936
936 1 937
937 1 938
938 1 939
939 1 940
940 2 941 27188
941 3 942 19210 46800
942 3 943 17174 46326
943 1 944
944 2 945 43239
945 3 946 5133 28887
946 1 947
947 2 948 3156
948 1 949
949 1 950
950 3 951 16522 36966
951 1 952
952 2 953 39402
953 2 954 19573
954 2 955 19256
955 2 956 25702
956 2 957 4070
957 1 958
958 2 959 7203
959 5 960 12433 21484 36882 45277
960 2 961 49061
961 3 962 8251 32918
962 2 963 42586
963 2 964 15140
964 2 965 46937
965 3 966 5063 32215
966 1 967
967 1 968
968 2 969 4213
969 1 970
970 2 971 46525
971 2 135 972
972 2 973 25748
973 3 974 13633 42881
974 1 975
975 3 976 18731 23238
976 2 977 12712
977 1 978
978 3 979 18955 36308
979 1 980
980 1 981
981 2 982 4963
982 1 983
983 2 984 19278
984 2 985 37877
985 1 986
986 1 987
987 1 988
988 4 989 6793 18186 35302
989 2 990 24191
990 2 991 39669
991 4 992 2244 23585 31514
992 3 993 20680 37073
993 2 994 6507
994 1 995
995 4 996 13824 16526 34027
996 2 997 37578
997 2 998 45511
998 3 999 8724 23684
999 1 1000
1000 2 1001 30684
1001 1 1002
1002 4 1003 6098 11078 48955
1003 3 1004 14329 36094
1004 2 1005 49582
1005 1 1006
1006 2 1007 19895
1007 2 879 1008
1008 2 1009 46052
1009 1 1010
1010 2 1011 47365
1011 1 1012
1012 6 1013 15413 27399 39840 43237 46010
1013 1 1014
1014 5 1015 17099 20239 28011 41356
1015 2 1016 41661
1016 1 1017
1017 1 1018
1018 1 1019
1019 2 431 1020
1020 2 1021 26689
1021 1 1022
1022 3 1023 27213 36442
1023 2 1024 28615
1024 1 1025
1025 2 1026 38036
1026 2 1027 21000
1027 2 1028 25782
1028 1 1029
1029 1 1030
1030 2 1031 8001
1031 2 1032 33380
1032 1 1033
1033 3 1034 24850 48749
1034 1 1035
1035 3 1036 8414 24741
1036 3 1037 36978 42456
1037 1 1038
1038 1 1039
1039 1 1040
1040 3 1041 3149 11488
1041 3 116 1042 18294
1042 1 1043
1043 2 1044 21115
1044 2 1045 19020
1045 2 1046 28291
1046 2 1047 18910
1047 2 1048 43055
1048 3 1049 9672 24130
1049 1 1050
1050 2 1051 49108
1051 2 1052 43213
1052 1 1053
1053 3 1054 36441 43008
1054 2 1055 10128
1055 3 1056 31235 45895
1056 4 1057 34307 41563 48209
1057 4 1058 14719 27278 34525
1058 2 1059 20009
1059 4 1060 5071 36986 47779
1060 1 1061
1061 2 1062 33992
1062 4 1063 1483 5939 16269
1063 1 1064
1064 2 1065 26564
1065 2 1066 17762
1066 2 1067 33486
1067 1 1068
1068 2 1069 16228
1069 2 1070 9691
1070 4 1071 21134 28511 44536
1071 3 1072 35730 38583
1072 1 1073
1073 1 1074
1074 3 1075 31074 43005
1075 4 1076 8885 18472 44510
1076 2 1077 39972
1077 1 1078
1078 1 1079
1079 3 1080 10333 19876
1080 3 1081 22539 24443
1081 2 1082 4362
1082 1 1083
1083 1 1084
1084 2 1085 19168
1085 2 1086 40984
1086 2 1087 44852
1087 1 1088
1088 1 1089
1089 2 1090 35381
1090 2 1091 21351
1091 2 1092 49614
1092 2 1093 20224
1093 2 1094 33584
1094 1 1095
1095 2 1096 13268
1096 3 1097 23827 43282
1097 2 1098 48191
1098 1 1099
1099 1 1100
1100 2 1101 34673
1101 3 1102 2576 41989
1102 2 1103 8590
1103 3 1104 24197 34171
1104 3 1105 14937 33688
1105 2 1106 41254
1106 4 1107 21926 23872 25874
1107 2 1108 8864
1108 4 1109 6531 8255 18610
1109 4 1110 25840 30772 42831
1110 3 1111 36417 42090
1111 2 1112 12626
1112 3 1113 7866 41090
1113 1 1114
1114 1 1115
1115 1 1116
1116 3 1117 3422 12365
1117 2 1118 32224
1118 2 1119 27329
1119 3 1120 19076 46024
1120 3 1121 7325 49303
1121 2 1122 33292
1122 1 1123
1123 4 1124 10401 11460 37149
1124 2 1125 8935
1125 2 1126 14762
1126 3 1127 28407 41249
1127 1 1128
1128 6 1129 1275 13751 46387 48782 49374
1129 1 1130
1130 1 1131
1131 1 1132
1132 1 1133
1133 1 1134
1134 1 1135
1135 1 1136
1136 1 1137
1137 3 1138 35528 40190
1138 1 1139
1139 1 1140
1140 2 1141 39482
1141 1 1142
1142 1 1143
1143 1 1144
1144 3 1145 19290 27828
1145 1 1146
1146 1 1147
1147 1 1148
1148 1 1149
1149 1 1150
1150 2 1151 9783
1151 2 1152 46032
1152 1 1153
1153 5 1154 16510 18746 30275 43771
1154 2 1155 19125
1155 1 1156
1156 1 1157
1157 2 1158 40002
1158 1 1159
1159 3 1160 13633 47079
1160 2 1161 4878
1161 3 1162 10301 47606
1162 3 1163 40954 46851
1163 2 1164 28225
1164 2 1165 45514
1165 1 1166
1166 3 1167 31476 34581
1167 2 1168 19582
1168 3 1169 32626 38597
1169 2 1170 24550
1170 4 1171 9642 21767 23322
1171 1 1172
1172 2 1173 3418
1173 1 1174
1174 3 1175 31771 32407
1175 1 1176
1176 2 1177 33248
1177 1 1178
1178 4 1179 8317 27519 45540
1179 2 1180 31789
1180 2 1181 35252
1181 2 1182 10755
1182 1 1183
1183 2 1184 32274
1184 1 1185
1185 2 1186 31960
1186 1 1187
1187 3 1188 9863 43466
1188 6 1189 2783 15961 18412 32434 43345
1189 1 1190
1190 1 1191
1191 2 1192 46691
1192 2 1193 17611
1193 1 1194
1194 3 1195 7022 9320
1195 1 1196
1196 5 1197 2331 29045 33437 44035
1197 3 1198 3539 8531
1198 1 1199
1199 4 1200 10073 20599 36211
1200 2 1201 25594
1201 3 1202 15234 42802
1202 2 1203 5833
1203 2 1204 6488
1204 1 1205
1205 2 1206 22573
1206 2 1207 44233
1207 2 1208 5278
1208 3 1209 38742 39875
1209 1 1210
1210 2 1211 19590
1211 2 1212 10986
1212 3 1213 6323 34354
1213 1 1214
1214 2 1215 7963
1215 1 1216
1216 1 1217
1217 2 456 1218
1218 2 1219 38758
1219 1 1220
1220 3 1221 28256 44922
1221 2 1222 18937
1222 1 1223
1223 4 1224 4910 14554 14626
1224 1 1225
1225 3 1226 16311 44960
1226 1 1227
1227 3 1228 28113 38414
1228 1 1229
1229 2 1230 24949
1230 1 1231
1231 1 1232
1232 2 1233 41374
1233 4 1234 3168 30208 32168
1234 1 1235
1235 1 1236
1236 1 1237
1237 3 1238 17024 24008
1238 4 1239 17372 17445 30718
1239 2 1240 21924
1240 1 1241
1241 1 1242
1242 1 1243
1243 1 1244
1244 2 1245 30400
1245 4 1246 2303 23340 38947
1246 1 1247
1247 2 1248 21335
1248 1 1249
1249 4 1250 11182 41875 49771
1250 2 1251 13696
1251 2 1252 48486
1252 3 1253 9604 12216
1253 2 1254 33999
1254 3 1255 20704 35374
1255 2 1256 20550
1256 3 1257 7448 35495
1257 2 1258 41245
1258 1 1259
1259 4 22 1260 1398 14345
1260 2 1261 23098
1261 1 1262
1262 2 1263 48204
1263 1 1264
1264 3 1265 26406 29129
1265 1 1266
1266 2 1267 7189
1267 1 1268
1268 2 1269 24466
1269 1 1270
1270 4 1271 9373 32043 43562
1271 3 1272 28085 45272
1272 2 1273 40613
1273 1 1274
1274 1 1275
1275 4 1276 5144 11385 43603
1276 4 1277 3551 6065 35541
1277 5 1278 11430 12897 22408 49317
1278 3 1279 2921 32307
1279 1 1280
1280 2 1281 31444
1281 3 1282 24237 43356
1282 1 1283
1283 2 1284 1919
1284 5 1285 3021 3601 21778 43943
1285 2 1286 25859
1286 2 1287 14498
1287 3 1288 27489 40543
1288 3 1289 5258 19762
1289 1 1290
1290 4 1291 18734 31917 32578
1291 1 1292
1292 1 1293
1293 4 1226 1294 4473 30820
1294 1 1295
1295 2 1296 34626
1296 3 1297 16315 30802
1297 2 1298 43331
1298 2 333 1299
1299 1 1300
1300 2 1301 2079
1301 1 1302
1302 2 1303 41835
1303 2 1304 11247
1304 2 1305 18489
1305 1 1306
1306 2 1307 28776
1307 3 1308 11219 27537
1308 1 1309
1309 3 1310 10142 25558
1310 3 888 1311 8533
1311 1 1312
1312 3 1313 12492 48522
1313 1 1314
1314 2 1315 32997
1315 2 1316 15267
1316 3 892 1317 49497
1317 2 1318 44304
1318 3 1319 5641 45415
1319 2 1320 7153
1320 1 1321
1321 2 1322 41324
1322 1 1323
1323 1 1324
1324 1 1325
1325 1 1326
1326 3 1327 6604 7540
1327 2 1328 48202
1328 2 1329 2875
1329 2 1330 45714
1330 2 1331 11077
1331 2 1332 15401
1332 3 1333 23102 31381
1333 3 1334 2755 10342
1334 2 1335 38348
1335 2 1336 49629
1336 1 1337
1337 2 1338 25410
1338 1 1339
1339 1 1340
1340 1 1341
1341 2 1342 34608
1342 2 643 1343
1343 2 1344 30362
1344 2 1345 39107
1345 1 1346
1346 1 1347
1347 1 1348
1348 3 1349 15588 20210
1349 3 1350 38212 45238
1350 3 1351 9532 35835
1351 3 1352 32827 39946
1352 4 1353 1593 30622 35992
1353 3 1354 11846 15628
1354 2 1355 17327
1355 2 1356 36965
1356 2 1357 23526
1357 1 1358
1358 1 1359
1359 1 1360
1360 1 1361
1361 1 1362
1362 3 1363 35605 41953
1363 3 1364 10885 16526
1364 1 1365
1365 2 1366 38594
1366 3 1367 23771 38357
1367 1 1368
1368 2 1369 21274
1369 1 1370
1370 2 1371 17706
1371 3 1372 15223 39029
1372 3 1373 1717 31965
1373 2 1374 42463
1374 2 1375 17526
1375 1 1376
1376 2 1377 31849
1377 3 1378 3086 27414
1378 1 1379
1379 1 1380
1380 3 1381 11983 48232
1381 1 1382
1382 3 365 1383 30577
1383 2 1384 12168
1384 2 1385 18813
1385 1 1386
1386 2 1387 39705
1387 2 1388 17031
1388 3 1389 16389 29108
1389 1 1390
1390 1 1391
1391 2 1392 21784
1392 4 1393 21564 35667 43390
1393 3 1394 18441 23578
1394 1 1395
1395 2 1396 10674
1396 2 1397 34066
1397 2 1398 36652
1398 1 1399
1399 1 1400
1400 3 1401 9063 23545
1401 2 1402 12704
1402 1 1403
1403 4 1404 28724 30772 31692
1404 2 1405 38492
1405 3 1406 20203 21538
1406 3 1407 29825 30967
1407 4 1408 1700 44174 48092
1408 1 1409
1409 1 1410
1410 2 1411 36349
1411 2 1412 49732
1412 1 1413
1413 3 1414 6581 18577
1414 3 1415 14326 30773
1415 2 1416 22493
1416 1 1417
1417 2 1418 12185
1418 2 855 1419
1419 2 1420 49152
1420 1 1421
1421 4 1422 23291 26899 29065
1422 2 1423 9777
1423 1 1424
1424 4 1425 2817 7044 34940
1425 1 1426
1426 3 1427 19766 29019
1427 2 1428 11333
1428 7 1429 8290 16086 31785 40830 40857 48807
1429 2 1430 33460
1430 1 1431
1431 1 1432
1432 1 1433
1433 5 1434 14160 23017 29946 33158
1434 1 1435
1435 1 1436
1436 3 1437 37745 38612
1437 2 1438 5218
1438 4 1439 13407 15695 39057
1439 2 1440 48846
1440 1 1441
1441 1 1442
1442 1 1443
1443 2 1444 14427
1444 3 1445 24071 48464
1445 3 1446 6084 23814
1446 2 1447 18501
1447 1 1448
1448 3 1449 5549 33831
1449 2 1450 30786
1450 1 1451
1451 1 1452
1452 1 1453
1453 2 1454 5787
1454 2 1455 17070
1455 1 1456
1456 4 1457 16897 23019 32681
1457 1 1458
1458 3 1459 3765 21270
1459 2 1460 19524
1460 5 1461 10612 28523 28654 43097
1461 2 1462 22395
1462 3 1463 13549 33694
1463 2 1464 21327
1464 2 1465 41713
1465 1 1466
1466 2 1467 10519
1467 3 1468 25172 36331
1468 1 1469
1469 3 1470 1617 24959
1470 1 1471
1471 2 1472 5668
1472 2 1473 14853
1473 3 1474 25856 26383
1474 2 1475 44761
1475 2 1476 48371
1476 2 1477 24371
1477 1 1478
1478 1 1479
1479 2 1480 39561
1480 1 1481
1481 6 667 1482 8001 13116 26199 34205
1482 4 839 1483 2237 48417
1483 3 1484 3370 10281
1484 3 1485 25009 47707
1485 2 1486 40708
1486 1 1487
1487 1 1488
1488 2 1489 7613
1489 2 1490 15555
1490 1 1491
1491 1 1492
1492 1 1493
1493 5 1494 11648 24662 35197 49977
1494 1 1495
1495 1 1496
1496 2 1497 45492
1497 4 1498 16326 20741 22991
1498 1 1499
1499 1 1500
1500 1 1501
1501 2 1502 20660
1502 1 1503
1503 1 1504
1504 2 1505 28863
1505 1 1506
1506 2 1507 41084
1507 2 1508 21958
1508 5 1509 32239 33828 43879 48445
1509 2 1510 38946
1510 1 1511
1511 3 1512 9339 11626
1512 2 1513 41006
1513 5 1514 1657 19973 24480 33355
1514 2 1515 42658
1515 3 1516 13540 40157
1516 2 1517 43986
1517 1 1518
1518 2 1519 30596
1519 2 1520 31492
1520 2 1521 41873
1521 3 1522 9009 24827
1522 5 1523 7039 20814 37121 47856
1523 1 1524
1524 3 1525 23347 41350
1525 3 1526 2088 24305
1526 3 1527 45900 49734
1527 1 1528
1528 1 1529
1529 2 1530 40948
1530 3 1531 29167 40856
1531 2 1532 3474
1532 3 1533 2531 22548
1533 1 1534
1534 1 1535
1535 1 1536
1536 2 914 1537
1537 3 1538 6218 42292
1538 5 1539 9854 14011 23701 47716
1539 1 1540
1540 1 1541
1541 1 1542
1542 2 1543 40192
1543 1 1544
1544 1 1545
1545 4 1546 8975 24554 49076
1546 3 1547 25276 34000
1547 1 1548
1548 2 1549 18191
1549 3 1550 27044 30825
1550 2 1551 21033
1551 1 1552
1552 2 1553 16323
1553 1 1554
1554 5 1555 1768 4075 25585 45736
1555 1 1556
1556 2 1557 38010
1557 3 1558 33857 41446
1558 1 1559
1559 2 1560 39405
1560 1 1561
1561 1 1562
1562 1 1563
1563 2 1564 26331
1564 1 1565
1565 2 1566 6140
1566 2 1567 28569
1567 1 1568
1568 2 41 1569
1569 5 953 1570 26155 32506 43926
1570 1 1571
1571 1 1572
1572 3 1573 10392 44100
1573 2 1574 4048
1574 1 1575
1575 1 1576
1576 2 1577 18478
1577 3 354 1578 41526
1578 2 1579 24129
1579 4 1580 36114 36634 46339
1580 2 1581 27525
1581 1 1582
1582 2 1583 13741
1583 2 1584 3191
1584 2 1585 17587
1585 3 1586 25292 28861
1586 4 1587 30750 44793 46880
1587 1 1588
1588 1 1589
1589 1 1590
1590 2 1591 23798
1591 4 1592 16182 22871 44829
1592 1 1593
1593 4 1594 9629 40107 48086
1594 2 1595 22071
1595 1 1596
1596 2 1597 30993
1597 2 1598 9237
1598 1 1599
1599 1 1600
1600 1 1601
1601 1 1602
1602 3 1603 4904 21629
1603 3 1604 8530 37937
1604 1 1605
1605 1 1606
1606 1 1607
1607 2 1608 3999
1608 1 1609
1609 1 1610
1610 2 1611 45622
1611 2 1612 17600
1612 3 1613 13760 22315
1613 1 1614
1614 1 1615
1615 1 1616
1616 4 1617 11187 12723 34586
1617 2 1618 14422
1618 2 1619 45171
1619 2 1620 3365
1620 1 1621
1621 3 1622 36957 40527
1622 3 1623 23586 34236
1623 1 1624
1624 1 1625
1625 1 1626
1626 2 1627 4980
1627 5 1628 16787 39875 43793 44076
1628 2 1629 28990
1629 2 1630 19376
1630 2 1631 12821
1631 2 1632 7654
1632 2 1633 44745
1633 1 1634
1634 1 1635
1635 3 1636 18236 20766
1636 3 1637 25815 32212
1637 1 1638
1638 1 1639
1639 1 1640
1640 2 1641 24085
1641 5 1642 9388 32666 43852 44089
1642 3 1643 2756 29502
1643 1 1644
1644 3 948 1645 33910
1645 2 1646 1757
1646 2 1647 27292
1647 2 1648 3582
1648 4 1649 14492 47839 48034
1649 1 1650
1650 2 1651 11751
1651 2 1652 6489
1652 4 1653 10363 25036 26589
1653 2 1654 12957
1654 2 1655 9546
1655 1 1656
1656 1 1657
1657 2 1658 3683
1658 4 1659 14995 20563 33384
1659 2 1660 6229
1660 2 1661 47175
1661 2 1662 45127
1662 1 1663
1663 3 1664 16770 22002
1664 1 1665
1665 2 1666 29409
1666 1 1667
1667 2 1668 29315
1668 1 1669
1669 4 1670 26130 45543 47363
1670 3 1671 9603 47617
1671 4 1672 6037 24937 28823
1672 1 1673
1673 2 1674 26456
1674 2 1675 38540
1675 2 1676 17664
1676 2 1677 37427
1677 1 1678
1678 3 1679 31207 44120
1679 2 1680 46377
1680 2 1681 38576
1681 4 1682 10235 16572 42902
1682 1 1683
1683 2 1684 47027
1684 2 1685 4180
1685 1 1686
1686 3 1687 31812 49011
1687 3 1688 24804 27701
1688 1 1689
1689 3 1690 2805 21164
1690 1 1691
1691 2 1692 31179
1692 1 1693
1693 2 1694 4926
1694 1 1695
1695 2 1696 11438
1696 1 1697
1697 2 1698 8690
1698 2 1699 14229
1699 2 1700 3883
1700 1 1701
1701 3 1702 2450 6444
1702 4 1703 19977 47081 47280
1703 4 1704 17471 23890 48795
1704 4 1220 1705 3117 49657
1705 1 1706
1706 2 1707 14100
1707 2 1708 35883
1708 1 1709
1709 2 1710 6117
1710 1 1711
1711 2 1712 44241
1712 1 1713
1713 1 1714
1714 1 1715
1715 2 1716 24757
1716 1 1717
1717 2 1718 18827
1718 3 1719 41730 44394
1719 3 1720 11584 13583
1720 1 1721
1721 3 1722 19898 34240
1722 3 1723 32265 43526
1723 2 1724 6141
1724 2 1725 33462
1725 1 1726
1726 1 1727
1727 3 1064 1728 20634
1728 3 1729 46230 46974
1729 1 1730
1730 2 1731 13160
1731 2 1616 1732
1732 4 1733 6900 26743 30422
1733 2 1734 32850
1734 2 1735 40627
1735 1 1736
1736 2 1737 30180
1737 2 1738 25607
1738 1 1739
1739 2 1740 39211
1740 3 1741 28924 47677
1741 4 1742 3926 6340 43069
1742 1 1743
1743 3 1744 8706 47038
1744 2 1745 17410
1745 3 1746 48089 49661
1746 2 1747 9517
1747 3 1748 8883 26152
1748 2 1749 48130
1749 2 1750 44011
1750 2 1751 33973
1751 2 1752 6590
1752 1 1753
1753 1 1754
1754 3 1755 15638 38440
1755 1 1756
1756 2 1757 38233
1757 4 1758 5311 7766 32733
1758 1 1759
1759 2 1760 26625
1760 4 1761 30754 34417 39209
1761 2 1762 26548
1762 2 1763 14185
1763 2 1764 6984
1764 1 1765
1765 1 1766
1766 2 1767 16797
1767 2 1768 18424
1768 1 1769
1769 2 1770 40166
1770 3 1771 8913 45483
1771 2 1772 35116
1772 3 1773 15976 48000
1773 3 1774 2148 15055
1774 1 1775
1775 1 1776
1776 2 1777 25762
1777 2 1778 4593
1778 2 1779 26150
1779 2 1780 43188
1780 3 1781 8089 38270
1781 5 1782 14404 23461 38125 46249
1782 1 1783
1783 3 1784 14327 23589
1784 1 1785
1785 1 1786
1786 1 1787
1787 2 1788 16728
1788 2 1789 14793
1789 1 1790
1790 2 1791 46933
1791 3 1792 24474 39496
1792 2 1793 40012
1793 2 1794 30579
1794 3 1795 27006 47492
1795 1 1796
1796 4 1797 13576 18613 29078
1797 1 1798
1798 2 1799 19648
1799 2 1800 49567
1800 2 1801 32354
1801 4 1802 20258 41852 45406
1802 2 1803 39479
1803 1 1804
1804 2 1805 7008
1805 1 1806
1806 2 1807 41109
1807 2 1808 23700
1808 2 1809 11394
1809 3 1810 16468 25065
1810 1 1811
1811 2 1812 35532
1812 3 1813 15175 22136
1813 1 1814
1814 1 1815
1815 3 1816 11936 36767
1816 1 1817
1817 1 1818
1818 2 1819 24081
1819 2 1820 26305
1820 2 1821 16752
1821 3 1822 9863 18459
1822 1 1823
1823 2 1824 5614
1824 2 1825 9899
1825 2 1826 34567
1826 4 1827 6530 8890 28287
1827 2 1828 4818
1828 1 1829
1829 1 1830
1830 3 1831 12113 18047
1831 2 1832 37032
1832 1 1833
1833 3 1834 34734 38659
1834 2 1835 20866
1835 3 1836 12180 27022
1836 2 1837 5794
1837 1 1838
1838 1 1839
1839 4 1840 24276 25258 36225
1840 2 1841 25976
1841 2 1842 49692
1842 1 1843
1843 1 1844
1844 1 1845
1845 2 1846 37046
1846 3 1847 28099 34393
1847 1 1848
1848 4 1849 2388 18594 36013
1849 4 136 1850 32052 34393
1850 2 1851 9661
1851 1 1852
1852 3 1853 6077 8592
1853 1 1854
1854 3 1855 30649 40213
1855 2 1856 10815
1856 1 1857
1857 3 1858 17986 18994
1858 2 1859 39274
1859 1 1860
1860 1 1861
1861 1 1862
1862 1 1863
1863 2 1864 37015
1864 2 1865 21658
1865 1 1866
1866 1 1867
1867 3 1868 19528 21220
1868 1 1869
1869 3 1002 1870 1900
1870 1 1871
1871 2 1872 37366
1872 2 1873 7881
1873 2 1874 33235
1874 3 1875 12360 37115
1875 2 1876 22408
1876 1 1877
1877 3 1878 29633 46149
1878 3 1879 34414 49649
1879 1 1880
1880 2 1881 44726
1881 1 1882
1882 4 607 1883 13714 36389
1883 2 1884 28948
1884 2 1885 31361
1885 2 1886 39190
1886 1 1887
1887 4 1888 16500 36636 44465
1888 1 1889
1889 1 1890
1890 1 1891
1891 1 1892
1892 1 1893
1893 2 1894 6728
1894 1 1895
1895 2 1896 46008
1896 2 1897 10813
1897 1 1898
1898 5 1899 19269 28478 34304 49566
1899 2 1900 7229
1900 2 1901 48696
1901 1 1902
1902 1 1903
1903 2 1904 6777
1904 2 1905 24434
1905 1 1906
1906 3 1907 24320 48192
1907 1 1908
1908 2 1909 13127
1909 2 1910 38775
1910 2 1911 20139
1911 3 1912 5956 27621
1912 3 1913 6810 39721
1913 2 1914 3474
1914 2 1915 20671
1915 2 1916 17042
1916 3 1917 19579 22325
1917 2 1918 23112
1918 2 1919 44564
1919 1 1920
1920 1 1921
1921 1 1922
1922 4 1923 9936 13751 49074
1923 4 1924 6334 30836 44042
1924 1 1925
1925 4 1926 13905 30972 47563
1926 2 1927 41349
1927 1 1928
1928 3 1929 5749 42958
1929 1 1930
1930 1 1931
1931 1 1932
1932 3 1933 6095 6505
1933 2 1934 27006
1934 2 1935 11097
1935 1 1936
1936 4 1937 20938 22769 41260
1937 2 1605 1938
1938 2 50 1939
1939 2 1244 1940
1940 2 1941 36200
1941 2 1942 21933
1942 2 1943 2902
1943 2 1944 27486
1944 2 1945 7712
1945 2 1946 49431
1946 2 1947 20034
1947 4 1948 15720 38590 42499
1948 3 1949 13925 23589
1949 2 1950 13437
1950 1 1951
1951 2 1952 10186
1952 1 1953
1953 3 1954 20197 41117
1954 3 1955 21829 49678
1955 3 1956 9417 45982
1956 2 1957 41220
1957 1 1958
1958 1 1959
1959 3 1960 11182 30893
1960 1 1961
1961 2 1962 16794
1962 1 1963
1963 3 1007 1964 17307
1964 2 1965 24265
1965 1 1966
1966 1 1967
1967 2 1968 43106
1968 1 1969
1969 2 1970 31127
1970 2 1971 21506
1971 1 1972
1972 2 1973 48342
1973 2 737 1974
1974 1 1975
1975 2 1976 40156
1976 2 1977 17192
1977 4 1978 7900 18823 49053
1978 1 1979
1979 1 1980
1980 2 1981 37329
1981 3 1982 10250 27530
1982 2 1983 2132
1983 3 1984 21466 49326
1984 2 1660 1985
1985 2 1986 45954
1986 3 1987 12421 42868
1987 3 1988 32460 41505
1988 2 1989 25813
1989 1 1990
1990 2 1991 49852
1991 1 1992
1992 1 1993
1993 1 1994
1994 1 1995
1995 1 1996
1996 1 1997
1997 3 1998 8117 29985
1998 3 1999 10661 13118
1999 2 2000 14437
2000 3 2001 7498 14246
2001 1 2002
2002 1 2003
2003 1 2004
2004 2 1976 2005
2005 2 2006 29628
2006 1 2007
2007 2 2008 12735
2008 2 2009 38140
2009 1 2010
2010 3 2011 4265 48282
2011 1 2012
2012 1 2013
2013 2 2014 47008
2014 1 2015
2015 2 2016 10858
2016 2 2017 47675
2017 1 2018
2018 4 2019 5468 9875 28550
2019 3 2020 5317 22028
2020 1 2021
2021 2 2022 46592
2022 1 2023
2023 3 2024 7860 49020
2024 1 2025
2025 2 2026 37676
2026 4 2027 14733 28038 29284
2027 1 2028
2028 1 2029
2029 4 2030 6946 7642 40142
2030 1 2031
2031 3 2032 9121 31002
2032 2 2033 40535
2033 2 2034 16884
2034 4 2035 9103 35673 40770
2035 1 2036
2036 1 2037
2037 1 2038
2038 2 2039 17272
2039 1 2040
2040 1 2041
2041 1 2042
2042 2 2043 6111
2043 1 2044
2044 1 2045
2045 2 2046 12427
2046 2 2047 31737
2047 3 2048 22825 48118
2048 1 2049
2049 2 2050 21419
2050 1 2051
2051 3 2052 15966 28004
2052 1 2053
2053 2 2054 38235
2054 1 2055
2055 1 2056
2056 2 2057 30176
2057 3 2058 4201 37579
2058 2 1337 2059
2059 2 2060 30980
2060 4 2061 3440 37451 42629
2061 4 2062 3755 32097 41788
2062 2 2063 24147
2063 1 2064
2064 3 2065 17346 23008
2065 2 2066 15335
2066 1 2067
2067 1 2068
2068 2 2069 3877
2069 2 2070 32647
2070 1 2071
2071 1 2072
2072 2 2073 49599
2073 3 2074 13464 33695
2074 1 2075
2075 2 2076 14651
2076 3 831 2077 21977
2077 1 2078
2078 2 2079 44837
2079 2 2080 36023
2080 2 2081 20349
2081 1 2082
2082 2 2083 26893
2083 1 2084
2084 2 2085 11044
2085 2 2086 49491
2086 2 2087 43520
2087 1 2088
2088 2 1763 2089
2089 2 2090 2234
2090 2 2091 5618
2091 2 2092 26401
2092 1 2093
2093 3 2094 15957 27764
2094 1 2095
2095 1 2096
2096 1 2097
2097 3 2098 30338 39978
2098 1 2099
2099 2 2100 5649
2100 3 2101 13415 21910
2101 2 2102 6479
2102 1 2103
2103 3 2104 15315 36736
2104 1 2105
2105 1 2106
2106 1 2107
2107 1 2108
2108 4 2109 6127 6410 17183
2109 2 2110 11380
2110 2 2111 39371
2111 2 2112 12626
2112 3 2113 27916 37898
2113 2 2114 14276
2114 1 2115
2115 4 2116 17493 40205 40306
2116 3 2117 22655 31881
2117 2 2118 34454
2118 1 2119
2119 2 2120 5214
2120 1 2121
2121 2 2122 17691
2122 2 2123 34113
2123 1 2124
2124 2 2125 8892
2125 1 2126
2126 1 2127
2127 1 2128
2128 1 2129
2129 2 2130 16498
2130 3 2131 2790 8826
2131 2 2132 26562
2132 3 2133 45335 47825
2133 3 2134 2614 40360
2134 3 2135 8544 30424
2135 2 2136 7604
2136 1 2137
2137 2 2138 41528
2138 2 2139 14147
2139 2 2140 13954
2140 1 2141
2141 2 2142 45576
2142 2 2143 11123
2143 1 2144
2144 3 2145 12897 49731
2145 3 2146 23740 42836
2146 2 2147 14296
2147 1 2148
2148 3 2149 23224 33855
2149 2 2150 2510
2150 2 2151 32371
2151 2 2152 3470
2152 3 2153 7854 27575
2153 3 6 2154 16508
2154 1 2155
2155 1 2156
2156 1 2157
2157 2 2158 16909
2158 1 2159
2159 2 2160 29343
2160 1 2161
2161 3 2162 16703 20608
2162 2 2163 40098
2163 1 2164
2164 2 2165 8852
2165 2 2166 16664
2166 1 2167
2167 1 2168
2168 3 2169 15692 34324
2169 3 2170 41626 47566
2170 3 2171 13444 41362
2171 2 2172 16277
2172 1 2173
2173 2 2174 30119
2174 3 2175 39373 41164
2175 1 2176
2176 2 2177 38946
2177 1 2178
2178 3 2179 21907 33039
2179 2 2180 23960
2180 3 2181 2618 49810
2181 2 2182 35936
2182 3 2183 3425 41047
2183 1 2184
2184 1 2185
2185 2 2186 34953
2186 1 2187
2187 1 2188
2188 1 2189
2189 1 2190
2190 1 2191
2191 2 2192 15941
2192 2 2193 18804
2193 2 2194 3281
2194 3 2195 5350 38145
2195 1 2196
2196 1 2197
2197 2 113 2198
2198 3 2199 38471 40502
2199 4 2200 33515 35335 38084
2200 1 2201
2201 2 2202 47049
2202 3 2203 10453 42141
2203 2 2204 3066
2204 5 2205 23959 29535 41043 45165
2205 1 2206
2206 5 2207 25464 26333 33326 39601
2207 2 1429 2208
2208 1 2209
2209 2 2210 6542
2210 3 157 2211 20425
2211 2 2212 16793
2212 3 2213 6054 30784
2213 2 2214 33525
2214 3 2215 18770 39052
2215 2 2216 41295
2216 2 2217 40451
2217 1 2218
2218 1 2219
2219 2 2220 30779
2220 3 2221 39249 47751
2221 3 2222 6860 12405
2222 2 2223 27624
2223 2 2224 45958
2224 2 2225 13924
2225 2 2226 44797
2226 4 2227 10967 26462 48316
2227 1 2228
2228 1 2229
2229 3 1542 2230 22579
2230 2 2231 34300
2231 2 2232 12863
2232 1 2233
2233 3 2234 17480 33150
2234 3 2235 3971 36339
2235 1 2236
2236 1 2237
2237 3 2238 25561 28155
2238 4 2239 8892 8984 37507
2239 1 2240
2240 4 2241 19600 25219 26895
2241 2 2242 18059
2242 1 2243
2243 3 2244 22883 39972
2244 2 2245 32880
2245 4 2246 4317 7581 12459
2246 1 2247
2247 1 2248
2248 2 2249 14618
2249 5 2250 10062 10160 16686 17810
2250 4 2251 19642 29756 37123
2251 3 2252 34565 39767
2252 2 2253 8796
2253 2 2254 8201
2254 1 2255
2255 1 2256
2256 2 2257 30548
2257 2 2258 15770
2258 1 2259
2259 3 2260 24676 30717
2260 1 2261
2261 1 2262
2262 1 2263
2263 1 2264
2264 2 1681 2265
2265 3 2266 8665 25685
2266 1 2267
2267 2 2268 49381
2268 1 2269
2269 3 2270 38384 40329
2270 5 247 2271 8072 30012 46837
2271 1 2272
2272 2 477 2273
2273 2 2274 36487
2274 2 2275 31998
2275 3 824 2276 26634
2276 2 2277 14405
2277 2 2278 26539
2278 1 2279
2279 1 2280
2280 3 2281 11934 18726
2281 3 2282 4333 14347
2282 1 2283
2283 2 2284 30019
2284 1 2285
2285 2 2286 37578
2286 2 2287 38077
2287 2 2288 8086
2288 1 2289
2289 3 2290 19946 37194
2290 1 2291
2291 2 2292 32661
2292 2 2293 41400
2293 2 2294 33155
2294 2 2295 13515
2295 3 2296 32092 44033
2296 1 2297
2297 2 2298 31395
2298 2 2299 26936
2299 1 2300
2300 3 1715 2301 37458
2301 2 2302 32137
2302 2 2303 21041
2303 1 2304
2304 1 2305
2305 2 2306 21202
2306 4 2307 26191 28689 44676
2307 2 2308 43164
2308 1 2309
2309 3 2310 36496 38171
2310 2 2311 23098
2311 2 2312 20753
2312 1 2313
2313 1 2314
2314 2 2315 29495
2315 2 2316 10065
2316 2 2317 24745
2317 2 2318 32504
2318 1 2319
2319 2 2320 40799
2320 3 2321 17477 46196
2321 2 1213 2322
2322 3 2323 16510 34767
2323 2 2324 16271
2324 2 2325 43726
2325 2 2326 33023
2326 3 2327 15589 23505
2327 1 2328
2328 3 2329 19396 42033
2329 1 2330
2330 2 2331 10519
2331 1 2332
2332 2 1306 2333
2333 3 2334 5959 34532
2334 1 2335
2335 1 2336
2336 3 2337 17248 29724
2337 3 2338 26482 31129
2338 4 2339 33225 38906 48180
2339 1 2340
2340 2 2341 7150
2341 3 2342 5087 30360
2342 2 2343 34418
2343 2 2344 36998
2344 1 2345
2345 2 2346 17027
2346 1 2347
2347 2 2348 35498
2348 1 2349
2349 2 2350 42272
2350 3 2351 37855 42419
2351 1 2352
2352 1 2353
2353 3 2354 16449 19663
2354 1 2355
2355 1 2356
2356 1 2357
2357 2 2358 38489
2358 3 2359 27989 33978
2359 3 2360 15115 21907
2360 2 2361 5654
2361 1 2362
2362 1 2363
2363 2 2364 4276
2364 1 2365
2365 3 803 2366 33608
2366 3 2367 4988 32876
2367 3 1718 2368 40598
2368 1 2369
2369 2 2370 10467
2370 2 2371 26193
2371 2 2372 19199
2372 4 2373 8020 27863 27864
2373 2 2374 11326
2374 4 2375 15681 31520 33503
2375 2 2376 41621
2376 1 2377
2377 3 1198 2378 15621
2378 2 2379 40334
2379 2 2380 5916
2380 2 2381 46782
2381 2 2382 32494
2382 2 2383 20231
2383 3 2384 21226 34635
2384 3 2385 24036 27631
2385 3 2386 12040 42316
2386 2 2387 12951
2387 3 2388 14004 34254
2388 1 2389
2389 3 2390 5455 36143
2390 3 2391 24065 30289
2391 1 2392
2392 1 2393
2393 2 2394 38317
2394 3 2395 4583 33488
2395 2 1656 2396
2396 2 2397 46372
2397 2 2398 4062
2398 2 2399 36241
2399 2 2400 28291
2400 3 2401 22082 46712
2401 3 2402 34285 39118
2402 2 2403 44151
2403 1 2404
2404 1 2405
2405 2 2406 10254
2406 1 2407
2407 2 2408 44388
2408 2 1635 2409
2409 1 2410
2410 1 2411
2411 2 2090 2412
2412 1 2413
2413 2 2414 19724
2414 2 2415 24385
2415 1 2416
2416 1 2417
2417 1 2418
2418 2 2419 37730
2419 1 2420
2420 2 2421 39273
2421 2 2422 19583
2422 2 2423 12362
2423 3 2424 21702 44308
2424 1 2425
2425 1 2426
2426 1 2427
2427 1 2428
2428 2 2429 45021
2429 1 2430
2430 1 2431
2431 1 2432
2432 3 2433 16276 17838
2433 3 2434 13358 35566
2434 3 2435 7012 36031
2435 1 2436
2436 3 1427 2437 28193
2437 2 2438 19372
2438 2 2439 43188
2439 1 2440
2440 1 2441
2441 4 2442 36485 42002 46201
2442 3 2443 15648 35111
2443 2 2444 26471
2444 3 2445 9591 36575
2445 2 2446 19074
2446 1 2447
2447 2 2448 15673
2448 3 2449 24644 45335
2449 5 2450 13347 16994 21423 28251
2450 2 2451 36915
2451 2 2452 25317
2452 3 410 2453 11454
2453 4 2454 15989 32757 41351
2454 2 2455 13470
2455 3 2456 21704 29987
2456 2 2457 26476
2457 4 2002 2458 4979 42208
2458 5 2459 4385 23567 23701 42032
2459 2 2460 49501
2460 2 2461 43853
2461 4 2462 3898 24510 32221
2462 1 2463
2463 1 2464
2464 1 2465
2465 4 2466 12213 30956 34214
2466 1 2467
2467 3 2468 10490 15942
2468 4 2469 28269 29123 30197
2469 2 2470 4004
2470 2 2471 47246
2471 1 2472
2472 2 2473 17326
2473 1 2474
2474 4 2475 32301 43821 46287
2475 2 2476 27816
2476 2 2477 37208
2477 2 2478 41796
2478 2 2479 11765
2479 3 2480 21788 44634
2480 1 2481
2481 2 1478 2482
2482 3 1174 2483 16635
2483 1 2484
2484 1 2485
2485 2 2486 35121
2486 1 2487
2487 3 2488 23123 35557
2488 1 2489
2489 1 2490
2490 2 2491 25579
2491 3 2492 11405 41793
2492 1 2493
2493 2 2494 44743
2494 1 2495
2495 1 2496
2496 2 2497 20404
2497 3 2498 13480 39966
2498 1 2499
2499 2 2500 32399
2500 3 2501 17130 32680
2501 1 2502
2502 2 2503 17172
2503 1 2504
2504 1 2505
2505 2 2506 30124
2506 2 2507 27748
2507 1 2508
2508 1 2509
2509 1 2510
2510 2 1540 2511
2511 3 2512 6222 15729
2512 3 2513 12983 24789
2513 1 2514
2514 2 2515 20419
2515 4 2516 4530 12945 49369
2516 1 2517
2517 2 2518 20193
2518 3 2082 2519 14884
2519 3 2520 32757 36837
2520 1 2521
2521 1 2522
2522 1 2523
2523 1 2524
2524 2 2525 21435
2525 4 1670 2526 45955 45962
2526 1 2527
2527 2 2528 13707
2528 2 2529 36954
2529 2 2530 25239
2530 3 2531 15879 40842
2531 1 2532
2532 1 2533
2533 1 2534
2534 2 2535 37077
2535 1 2536
2536 1 2537
2537 2 2538 31422
2538 3 2539 33487 47545
2539 4 2540 35550 37851 41819
2540 2 2541 13193
2541 1 2542
2542 3 2543 20704 35517
2543 1 2544
2544 2 2545 3322
2545 1 2546
2546 3 2547 5196 9065
2547 3 2548 14715 39684
2548 3 2549 40289 47860
2549 1 2550
2550 1 2551
2551 2 2552 47548
2552 3 2553 8518 27573
2553 3 2554 18693 36872
2554 2 2555 45643
2555 2 2556 31587
2556 3 2557 18997 36220
2557 2 2558 7567
2558 1 2559
2559 1 2560
2560 3 2561 9135 18286
2561 3 2562 9092 43152
2562 2 2563 10405
2563 3 2564 10556 19009
2564 1 2565
2565 1 2566
2566 4 2567 7101 13943 43579
2567 1 2568
2568 1 2569
2569 3 2570 6374 47806
2570 2 2571 9933
2571 2 2572 17054
2572 2 2573 32983
2573 1 2574
2574 3 2575 7820 22594
2575 1 2576
2576 1 2577
2577 1 2578
2578 3 2579 4673 42332
2579 3 2580 8330 40726
2580 1 2581
2581 2 2582 20123
2582 1 2583
2583 4 2584 4505 6243 23365
2584 3 2585 10897 26339
2585 2 2586 36202
2586 2 2587 32728
2587 3 2126 2588 48418
2588 1 2589
2589 3 2590 21469 38066
2590 1 2591
2591 1 2592
2592 2 2593 15169
2593 2 2594 49668
2594 2 2595 29862
2595 1 2596
2596 3 2597 32094 40399
2597 2 2598 8710
2598 2 2599 6546
2599 2 1559 2600
2600 1 2601
2601 2 965 2602
2602 2 2603 15419
2603 1 2604
2604 3 2605 12015 28354
2605 2 2606 14569
2606 1 2607
2607 1 2608
2608 3 2609 4762 46394
2609 1 2610
2610 2 2611 16512
2611 1 2612
2612 2 2613 22633
2613 2 2614 32504
2614 1 2615
2615 2 2616 8599
2616 2 2617 19600
2617 1 2618
2618 1 2619
2619 1 2620
2620 1 2621
2621 1 2622
2622 2 2623 11275
2623 1 2624
2624 1 2625
2625 3 2626 13260 17734
2626 1 2627
2627 3 2628 6437 24118
2628 2 2629 33467
2629 5 1913 2630 7016 16400 37124
2630 1 2631
2631 1 2632
2632 3 35 2633 29930
2633 2 2634 8177
2634 1 2635
2635 1 2636
2636 1 2637
2637 2 2638 19927
2638 4 2639 11166 21207 44790
2639 3 2640 10247 35271
2640 2 2641 43554
2641 1 2642
2642 2 2643 21758
2643 2 2644 6019
2644 2 370 2645
2645 3 2646 13155 22455
2646 3 2647 6078 23120
2647 2 2648 15550
2648 2 2649 29346
2649 1 2650
2650 1 2651
2651 4 1661 2652 25483 39847
2652 1 2653
2653 1 2654
2654 2 52 2655
2655 5 2656 25509 33967 35136 40025
2656 2 2657 43611
2657 2 2658 32595
2658 2 2659 8377
2659 2 2660 21904
2660 3 2661 23036 35660
2661 2 2662 40988
2662 1 2663
2663 2 2664 18885
2664 2 2665 30613
2665 1 2666
2666 2 2667 33063
2667 2 2668 14235
2668 1 2669
2669 3 2670 19517 36965
2670 1 2671
2671 1 2672
2672 1 2673
2673 1 2674
2674 3 2315 2675 4253
2675 2 2676 36837
2676 1 2677
2677 3 2678 32498 49576
2678 3 2679 30029 30414
2679 3 2680 5320 26162
2680 3 2681 11480 41248
2681 1 2682
2682 2 2683 40642
2683 3 2684 20920 46227
2684 1 2685
2685 2 2686 23903
2686 1 2687
2687 1 2688
2688 2 2689 34549
2689 2 623 2690
2690 1 2691
2691 4 2692 32989 45412 49261
2692 2 2693 42604
2693 3 2694 10221 43228
2694 2 2695 21389
2695 1 2696
2696 1 2697
2697 1 2698
2698 4 2097 2699 20691 43876
2699 1 2700
2700 3 2701 11827 19724
2701 1 2702
2702 2 2703 7038
2703 1 2704
2704 3 2705 12361 30722
2705 2 2706 36946
2706 4 2707 3812 27391 44133
2707 2 2708 16144
2708 3 2709 26606 45569
2709 2 2710 38589
2710 3 200 2711 46256
2711 1 2712
2712 1 2713
2713 1 2714
2714 2 2715 36342
2715 3 2716 8189 31993
2716 4 974 2717 9624 26587
2717 2 2718 23834
2718 3 29 2719 38723
2719 2 2720 31901
2720 2 2721 34068
2721 3 2722 13419 48212
2722 3 2723 5059 44899
2723 3 2724 22198 31977
2724 1 2725
2725 2 2726 17425
2726 2 2727 37528
2727 2 2728 38671
2728 1 2729
2729 3 2730 4236 13587
2730 4 1837 2731 43060 45121
2731 2 2732 29184
2732 3 1239 2733 18430
2733 1 2734
2734 1 2735
2735 2 2736 8066
2736 2 2737 33433
2737 2 2738 5816
2738 1 2739
2739 2 2740 34038
2740 1 2741
2741 3 2742 5449 38039
2742 3 2743 6527 13540
2743 1 2744
2744 4 606 2745 9458 45760
2745 1 2746
2746 4 2747 10578 19794 40585
2747 1 2748
2748 1 2749
2749 2 2750 22186
2750 3 2751 10648 29432
2751 2 2752 32033
2752 1 2753
2753 2 2754 3687
2754 1 2755
2755 2 2756 13133
2756 1 2757
2757 1 2758
2758 1 2759
2759 3 2760 9393 37249
2760 1 2761
2761 1 2762
2762 3 2763 29887 36482
2763 2 2764 45349
2764 1 2765
2765 2 2766 24033
2766 2 2767 29488
2767 2 2768 43347
2768 2 2769 20908
2769 1 2770
2770 1 2771
2771 4 387 2772 9376 34335
2772 1 2773
2773 1 2774
2774 1 2775
2775 1 2776
2776 3 2777 17017 37165
2777 1 2778
2778 3 2779 17150 32196
2779 4 2453 2780 10924 44330
2780 1 2781
2781 2 2782 37854
2782 2 2783 36403
2783 4 2784 14365 16245 25667
2784 2 2785 45880
2785 1 2786
2786 2 2787 27134
2787 1 2788
2788 2 2789 13052
2789 2 2790 8071
2790 1 2791
2791 2 2792 14925
2792 2 2793 48244
2793 2 2794 14724
2794 1 2795
2795 4 2796 16061 17474 32511
2796 1 2797
2797 3 2798 25736 39726
2798 1 2799
2799 4 2800 14446 24551 36333
2800 2 2801 37981
2801 2 2802 46763
2802 2 2803 3938
2803 1 2804
2804 1 2805
2805 3 2806 5801 20852
2806 1 2807
2807 5 2808 26284 31112 31242 48560
2808 1 2809
2809 1 2810
2810 2 2811 43905
2811 2 2812 10383
2812 2 2813 14566
2813 1 2814
2814 2 2815 33010
2815 1 2816
2816 2 2817 44675
2817 3 2818 22681 24645
2818 4 2819 18128 25199 46116
2819 2 2820 48759
2820 2 2821 27809
2821 4 2822 26847 35002 39361
2822 2 2823 15790
2823 1 2824
2824 1 2825
2825 2 2826 49436
2826 1 2827
2827 3 2828 22909 42807
2828 2 2829 43671
2829 1 2830
2830 1 2831
2831 4 2832 11454 14763 35801
2832 1 2833
2833 3 2834 42412 43846
2834 3 2835 17783 46715
2835 2 2836 39651
2836 2 2837 18787
2837 1 2838
2838 1 2839
2839 2 2840 36025
2840 2 2841 8447
2841 1 2842
2842 3 2843 22018 42399
2843 3 2844 19690 34111
2844 1 2845
2845 3 2846 20320 39534
2846 2 2847 24773
2847 4 2848 25449 38834 41465
2848 4 1306 2849 10251 43104
2849 4 1275 2850 32995 43026
2850 2 2851 27630
2851 2 2852 6288
2852 2 2853 35078
2853 1 2854
2854 2 2855 27875
2855 1 2856
2856 1 2857
2857 4 2858 17873 39667 46919
2858 2 2859 35258
2859 4 2860 9103 10019 21435
2860 1 2861
2861 1 2862
2862 2 2863 14667
2863 2 2864 46633
2864 3 2865 9720 25588
2865 2 2866 3238
2866 1 2867
2867 2 2868 12957
2868 2 2869 47420
2869 2 2870 19342
2870 2 2871 10419
2871 3 2872 9155 44547
2872 2 2873 16760
2873 2 2874 21252
2874 4 2875 18771 44655 48562
2875 2 2876 44921
2876 1 2877
2877 4 1644 2878 25398 43469
2878 3 2879 7777 46507
2879 2 2880 8322
2880 1 2881
2881 2 2882 41831
2882 1 2883
2883 1 2884
2884 2 2885 8424
2885 2 2886 5316
2886 3 2887 26724 44175
2887 1 2888
2888 4 2889 14516 15152 22128
2889 2 2890 24280
2890 1 2891
2891 2 2892 21183
2892 1 2893
2893 3 2894 4897 49256
2894 2 2895 33713
2895 3 2896 5550 8537
2896 2 2897 12561
2897 2 2898 7437
2898 3 2899 17914 27026
2899 1 2900
2900 3 2901 25904 47938
2901 3 2902 36956 37162
2902 5 2903 18731 31495 38503 44776
2903 1 2904
2904 3 2905 33140 37628
2905 3 1969 2906 33973
2906 1 2907
2907 1 2908
2908 2 2909 24546
2909 1 2910
2910 3 2911 3858 6687
2911 2 2912 7087
2912 3 2913 7462 23582
2913 3 2914 18602 35438
2914 2 2915 35905
2915 1 2916
2916 2 2917 16884
2917 1 2918
2918 3 2919 26802 42341
2919 1 2920
2920 2 2921 36176
2921 1 2922
2922 4 1328 2923 16357 20444
2923 2 2924 35408
2924 1 2925
2925 1 2926
2926 3 2532 2927 43057
2927 2 2928 48530
2928 1 2929
2929 3 2930 12477 31642
2930 1 2931
2931 2 2932 12843
2932 1 2933
2933 1 2934
2934 3 2935 8344 45089
2935 2 2936 24325
2936 1 2937
2937 2 2938 43787
2938 4 165 2939 15459 18554
2939 1 2940
2940 2 2941 31221
2941 5 2942 2948 24912 29521 31811
2942 2 2943 9546
2943 3 2944 29075 46852
2944 1 2945
2945 2 2946 36836
2946 2 2947 36820
2947 1 2948
2948 1 2949
2949 1 2950
2950 1 2951
2951 3 2952 18257 33282
2952 3 1102 2953 38761
2953 3 2954 5041 39558
2954 2 2955 8896
2955 1 2956
2956 2 2957 25756
2957 1 2958
2958 1 2959
2959 1 2960
2960 1 2961
2961 2 2962 22167
2962 3 2963 10294 49451
2963 2 2964 25114
2964 2 2965 26560
2965 4 2966 3123 12585 24103
2966 4 2967 19844 24916 35842
2967 1 2968
2968 2 2969 37363
2969 1 2970
2970 2 2971 29854
2971 1 2972
2972 4 2973 7380 8848 24888
2973 2 2974 29622
2974 4 2975 3438 12679 48350
2975 1 2976
2976 3 2977 34937 36476
2977 2 2651 2978
2978 3 2979 22866 27968
2979 2 2980 20547
2980 2 2981 17033
2981 1 2982
2982 3 2983 26793 34199
2983 3 2984 9598 28603
2984 2 2985 24712
2985 3 2986 26652 47918
2986 3 2987 25746 31177
2987 1 2988
2988 4 2989 8110 13705 46519
2989 3 2990 21369 40678
2990 1 2991
2991 1 2992
2992 2 2993 49282
2993 3 2994 37956 39497
2994 1 2995
2995 2 2996 28368
2996 3 2997 10854 35936
2997 1 2998
2998 4 2999 30690 34328 44227
2999 2 3000 17482
3000 2 3001 32883
3001 1 3002
3002 2 3003 35187
3003 1 3004
3004 2 3005 30996
3005 1 3006
3006 1 3007
3007 3 3008 18418 43019
3008 1 3009
3009 1 3010
3010 1 3011
3011 1 3012
3012 2 3013 15824
3013 4 3014 7908 12210 16135
3014 2 3015 42852
3015 2 3016 25460
3016 4 3017 3453 37753 48068
3017 1 3018
3018 1 3019
3019 1 3020
3020 2 3021 28566
3021 2 1614 3022
3022 3 3023 3213 22315
3023 2 3024 17847
3024 2 3025 46529
3025 1 3026
3026 1 3027
3027 2 3028 9939
3028 2 3029 42960
3029 4 3030 24756 26270 28808
3030 2 3031 47085
3031 2 3032 18273
3032 3 3033 11557 21168
3033 2 3034 3739
3034 5 3035 17469 30433 33404 49682
3035 1 3036
3036 3 3037 38767 43357
3037 2 3038 24964
3038 3 3039 16847 22741
3039 4 3040 9661 15978 33692
3040 2 3041 32247
3041 2 3042 6409
3042 2 3043 28975
3043 1 3044
3044 2 2877 3045
3045 5 47 3046 31709 48882 49304
3046 3 3047 28959 39849
3047 2 3048 34859
3048 3 3049 10999 15533
3049 3 3050 19270 25131
3050 3 1430 3051 46666
3051 1 3052
3052 3 3053 10773 21283
3053 2 3054 15421
3054 1 3055
3055 1 3056
3056 1 3057
3057 2 3058 10285
3058 1 3059
3059 3 751 3060 12088
3060 1 3061
3061 3 3062 22004 26556
3062 2 3063 7135
3063 3 3064 12592 35131
3064 1 3065
3065 1 3066
3066 1 3067
3067 1 3068
3068 2 3069 5050
3069 3 3070 8455 9078
3070 1 3071
3071 2 3072 37308
3072 1 3073
3073 1 3074
3074 5 3075 18582 32104 42721 46227
3075 3 3076 31593 41425
3076 2 3077 37723
3077 2 3078 37833
3078 4 3079 6627 14249 31004
3079 1 3080
3080 1 3081
3081 3 3082 27448 44417
3082 1 3083
3083 2 3084 38055
3084 2 3085 23040
3085 1 3086
3086 2 2263 3087
3087 1 3088
3088 2 3089 43079
3089 4 3090 21119 30155 45076
3090 1 3091
3091 1 3092
3092 1 3093
3093 3 3094 8326 16072
3094 2 3095 11635
3095 2 3096 11395
3096 1 3097
3097 4 3098 4917 10292 36484
3098 1 3099
3099 1 3100
3100 4 3101 22807 22930 46469
3101 2 3102 20537
3102 2 3103 23146
3103 1 3104
3104 1 3105
3105 2 3106 35900
3106 1 3107
3107 2 1999 3108
3108 2 3109 46844
3109 2 3110 23965
3110 4 3111 6240 30151 39583
3111 4 3112 8833 11252 28830
3112 3 3113 25740 37533
3113 1 3114
3114 3 3115 5268 44853
3115 1 3116
3116 1 3117
3117 2 3118 35234
3118 1 3119
3119 1 3120
3120 1 3121
3121 2 3122 44866
3122 1 3123
3123 1 3124
3124 3 3125 23660 39023
3125 1 3126
3126 3 3127 10984 46667
3127 2 3128 25917
3128 3 3129 9092 37075
3129 2 3130 9120
3130 1 3131
3131 2 3132 31542
3132 2 3133 8214
3133 2 3134 13799
3134 3 3135 16773 23604
3135 3 3136 18683 35513
3136 2 3137 41618
3137 4 1037 3138 38130 38842
3138 2 3139 44737
3139 3 3140 43769 48346
3140 2 3141 44633
3141 2 3142 12877
3142 1 3143
3143 1 3144
3144 2 3145 5800
3145 1 3146
3146 3 3147 7623 18178
3147 2 3148 19040
3148 1 3149
3149 4 3150 3307 34947 42340
3150 2 3151 23013
3151 2 3152 17427
3152 1 3153
3153 2 3154 34303
3154 1 3155
3155 1 3156
3156 2 3157 35720
3157 2 3158 48306
3158 1 3159
3159 1 3160
3160 2 3161 35196
3161 1 3162
3162 3 3163 20276 37336
3163 1 3164
3164 2 3165 3819
3165 2 3166 19397
3166 2 3167 9300
3167 1 3168
3168 2 3169 6179
3169 1 3170
3170 3 2971 3171 11878
3171 1 3172
3172 2 1574 3173
3173 1 3174
3174 3 3175 20595 31799
3175 1 3176
3176 3 3177 4830 20124
3177 2 3178 29561
3178 1 3179
3179 3 3180 18427 36513
3180 2 3181 16412
3181 1 3182
3182 2 3183 3606
3183 4 3184 22036 41859 44901
3184 3 3185 10379 46412
3185 3 3186 4867 43674
3186 2 3187 9623
3187 2 3188 14188
3188 2 3189 9471
3189 4 3190 26700 32617 45360
3190 3 3191 21907 22331
3191 2 3192 18803
3192 2 3193 8340
3193 2 3194 47701
3194 2 3195 19278
3195 1 3196
3196 2 3197 32932
3197 4 1310 3198 13644 30551
3198 1 3199
3199 3 3200 25270 46737
3200 3 3201 11372 15398
3201 1 3202
3202 2 3203 35991
3203 1 3204
3204 2 3205 45888
3205 1 3206
3206 2 1774 3207
3207 1 3208
3208 3 3209 43698 44077
3209 2 3210 12655
3210 1 3211
3211 1 3212
3212 3 3213 7905 41295
3213 5 3214 10060 16170 18360 40973
3214 3 3215 48910 49740
3215 1 3216
3216 2 3217 3922
3217 2 3218 24890
3218 2 3219 40084
3219 3 3220 11098 20197
3220 2 3221 15873
3221 4 2217 3222 28110 35742
3222 1 3223
3223 1 3224
3224 1 3225
3225 2 3226 46358
3226 2 3227 7495
3227 1 3228
3228 2 3229 48041
3229 1 3230
3230 3 784 3231 35476
3231 3 3232 15067 44541
3232 1 3233
3233 1 3234
3234 3 3235 3923 48536
3235 2 372 3236
3236 1 3237
3237 3 3238 35834 44330
3238 1 3239
3239 2 3240 47512
3240 1 3241
3241 1 3242
3242 2 3243 7534
3243 1 3244
3244 2 3245 34940
3245 1 3246
3246 3 3247 22431 36727
3247 1 3248
3248 4 3249 8809 13073 47645
3249 3 3250 17352 28121
3250 2 3251 30961
3251 1 3252
3252 3 1028 3253 40092
3253 2 3254 45016
3254 2 3255 8532
3255 1 3256
3256 1 3257
3257 3 3258 34627 49984
3258 5 3259 5651 20100 28089 28152
3259 2 3260 26603
3260 3 3261 6936 26490
3261 2 3262 38975
3262 2 3041 3263
3263 2 3264 31347
3264 1 3265
3265 1 3266
3266 2 3267 48786
3267 1 3268
3268 2 3269 41857
3269 2 3270 25010
3270 1 3271
3271 3 3272 28995 44405
3272 1 3273
3273 1 3274
3274 2 3275 35179
3275 3 1328 3276 42641
3276 1 3277
3277 3 3278 18901 26386
3278 2 3279 39453
3279 2 3280 5478
3280 4 3281 15223 26873 41795
3281 2 2786 3282
3282 1 3283
3283 2 3284 10053
3284 2 3285 34260
3285 1 3286
3286 1 3287
3287 3 3288 41052 45952
3288 2 3289 19453
3289 1 3290
3290 3 3291 28026 33931
3291 1 3292
3292 2 350 3293
3293 2 3294 4336
3294 1 3295
3295 3 3296 5998 30121
3296 2 3297 32088
3297 1 3298
3298 2 3299 22201
3299 2 3300 34535
3300 2 3301 15972
3301 4 3302 31664 36861 49517
3302 3 3303 14021 40355
3303 2 3304 41403
3304 4 3305 16521 38421 42067
3305 2 3306 46764
3306 1 3307
3307 1 3308
3308 2 3309 20925
3309 1 3310
3310 2 3311 47811
3311 1 3312
3312 2 3313 32795
3313 1 3314
3314 1 3315
3315 2 3316 25647
3316 2 3317 4056
3317 2 3318 9530
3318 2 3319 6553
3319 5 3320 16661 20574 22217 32757
3320 4 3321 34852 37933 43526
3321 2 3322 38463
3322 1 3323
3323 1 3324
3324 1 3325
3325 3 3326 17694 31557
3326 2 3327 32734
3327 4 3328 23557 25845 33386
3328 2 3329 31393
3329 1 3330
3330 2 3331 21245
3331 1 3332
3332 4 3333 8625 12501 26177
3333 5 3334 15001 23465 32530 49959
3334 2 3335 13027
3335 1 3336
3336 1 3337
3337 4 799 3338 25611 40306
3338 1 3339
3339 1 3340
3340 3 3341 26332 26333
3341 2 3342 11797
3342 2 3343 8815
3343 3 848 1005 3344
3344 2 2425 3345
3345 2 3346 3939
3346 2 3347 48852
3347 1 3348
3348 2 3349 10777
3349 2 3350 28216
3350 3 3351 8357 43466
3351 3 3352 21069 44679
3352 3 3353 31534 42259
3353 3 3354 17239 43497
3354 1 3355
3355 3 3356 36744 38596
3356 1 3357
3357 2 3358 30748
3358 2 3359 6400
3359 2 3360 38408
3360 4 3361 14061 33416 39572
3361 2 3362 35787
3362 2 3363 39918
3363 1 3364
3364 3 3365 22749 47886
3365 2 3366 6048
3366 3 3367 19092 27482
3367 1 3368
3368 2 3369 36001
3369 1 3370
3370 2 3371 12377
3371 1 3372
3372 1 3373
3373 2 3374 36838
3374 4 3375 13209 17153 29980
3375 2 3376 19534
3376 2 3377 11706
3377 2 3378 46159
3378 2 3379 31223
3379 3 3380 5310 36806
3380 3 3381 4547 45874
3381 3 3382 14192 37785
3382 2 3383 34872
3383 1 3384
3384 1 3385
3385 1 3386
3386 4 3387 24561 25253 45162
3387 2 3388 15758
3388 2 3389 26088
3389 3 3390 19465 23433
3390 2 3391 12634
3391 4 3392 20800 28604 43667
3392 2 3393 47354
3393 1 3394
3394 1 3395
3395 3 2133 3396 42172
3396 2 3397 48292
3397 2 3398 9385
3398 2 3399 38566
3399 2 3400 7994
3400 1 3401
3401 1 3402
3402 2 3403 7930
3403 1 3404
3404 2 3405 11432
3405 1 3406
3406 2 3407 22420
3407 2 3408 32901
3408 4 3409 16470 17049 46450
3409 1 3410
3410 2 3411 20079
3411 1 3412
3412 1 3413
3413 2 1054 3414
3414 1 3415
3415 2 3416 13789
3416 1 3417
3417 2 779 3418
3418 1 3419
3419 1 3420
3420 3 3421 32777 49676
3421 1 3422
3422 6 3423 7207 10960 46925 49007 49261
3423 3 3424 9065 30780
3424 2 3425 3795
3425 2 3426 21942
3426 2 3427 6709
3427 3 2548 3428 15371
3428 1 3429
3429 3 3430 24115 38444
3430 2 3431 35809
3431 2 3432 14078
3432 1 3433
3433 3 3434 8336 24627
3434 1 3435
3435 1 3436
3436 1 3437
3437 1 3438
3438 3 3439 42786 44092
3439 1 3440
3440 5 2591 3441 30237 39571 41763
3441 1 3442
3442 2 3443 16638
3443 1 3444
3444 1 3445
3445 4 3446 5971 34255 45305
3446 2 3447 16296
3447 2 3448 8900
3448 2 3449 20543
3449 1 3450
3450 1 3451
3451 2 3452 10699
3452 3 2691 3453 23288
3453 2 3454 43235
3454 2 3455 4600
3455 1 3456
3456 1 3457
3457 2 3458 25108
3458 2 3459 13704
3459 2 3460 17820
3460 2 3461 20730
3461 1 3462
3462 1 3463
3463 1 3464
3464 2 3465 13706
3465 2 3466 26949
3466 2 3467 30560
3467 1 3468
3468 1 3469
3469 2 3470 27318
3470 2 3471 26656
3471 3 3472 10883 28551
3472 2 3473 18433
3473 4 3474 28945 40638 43424
3474 4 3475 3751 29109 47740
3475 1 3476
3476 1 3477
3477 1 3478
3478 1 3479
3479 2 3480 14303
3480 1 3481
3481 1 3482
3482 3 3483 11313 36677
3483 2 3484 44288
3484 2 3485 36532
3485 1 3486
3486 2 3487 24806
3487 3 3488 34635 35365
3488 3 3489 21064 28099
3489 3 3490 33895 37164
3490 3 3491 34403 40049
3491 3 285 3492 6029
3492 1 3493
3493 1 3494
3494 1 3495
3495 3 1015 3496 42944
3496 2 3497 40825
3497 3 3498 45170 48756
3498 2 3499 46089
3499 1 3500
3500 3 3501 5340 20089
3501 2 3502 31697
3502 2 3503 23777
3503 2 3504 24439
3504 1 3505
3505 2 3506 23984
3506 1 3507
3507 2 3508 3836
3508 2 3509 32170
3509 3 3510 5697 24804
3510 1 3511
3511 3 3512 8072 27556
3512 2 3513 34199
3513 1 3514
3514 2 3515 19877
3515 1 3516
3516 1 3517
3517 2 3518 35156
3518 1 3519
3519 1 3520
3520 1 3521
3521 2 3522 49825
3522 1 3523
3523 1 3524
3524 1 3525
3525 4 3526 19225 40185 44914
3526 2 3527 5152
3527 1 3528
3528 1 3529
3529 3 3530 7434 19400
3530 3 3531 33132 36506
3531 1 3532
3532 1 3533
3533 3 3534 20013 39938
3534 1 3535
3535 1 3536
3536 2 3537 36912
3537 3 3538 27309 32193
3538 1 3539
3539 3 668 3540 22633
3540 1 3541
3541 1 3542
3542 2 3543 43363
3543 3 3544 14929 30600
3544 1 3545
3545 2 3546 8924
3546 1 3547
3547 3 3548 18769 18834
3548 1 3549
3549 2 3550 9992
3550 2 3551 45901
3551 4 3552 5690 10543 40250
3552 1 3553
3553 3 3554 11609 39395
3554 2 3555 26041
3555 1 3556
3556 1 3557
3557 4 3558 43941 48557 48957
3558 1 3559
3559 1 3560
3560 3 3561 14726 25783
3561 1 3562
3562 5 3563 6975 8942 21046 37665
3563 2 3564 25553
3564 2 3565 42873
3565 2 3566 36183
3566 3 3567 19287 44992
3567 2 3568 44889
3568 3 3569 28861 49215
3569 3 3570 18635 46679
3570 4 3571 21251 37489 44681
3571 1 3572
3572 3 3573 29744 44386
3573 3 3574 5555 40924
3574 2 3575 17019
3575 2 3576 35834
3576 1 3577
3577 2 3578 24483
3578 2 3579 15712
3579 1 3580
3580 3 3581 12594 45269
3581 2 3582 21282
3582 2 3583 48957
3583 1 3584
3584 3 3585 23333 26050
3585 2 3586 34815
3586 3 3587 27699 33678
3587 1 3588
3588 1 3589
3589 1 3590
3590 1 3591
3591 2 3592 35308
3592 1 3593
3593 2 3594 32112
3594 2 3595 49096
3595 1 3596
3596 1 3597
3597 1 3598
3598 1 3599
3599 1 3600
3600 1 3601
3601 3 3602 32800 46621
3602 2 3603 12362
3603 3 3604 41826 43289
3604 2 3605 30665
3605 2 3606 30391
3606 3 3607 16684 41999
3607 3 3608 31865 41059
3608 1 3609
3609 3 3610 18937 27865
3610 1 3611
3611 2 3612 49643
3612 2 3613 28639
3613 1 3614
3614 1 3615
3615 3 3616 8874 16108
3616 3 3617 14649 49461
3617 1 3618
3618 2 3619 42756
3619 1 3620
3620 2 2430 3621
3621 2 3622 15236
3622 2 3623 28831
3623 1 3624
3624 2 3625 14322
3625 2 3626 6767
3626 2 3627 7353
3627 2 3628 32063
3628 1 3629
3629 2 3630 30364
3630 1 3631
3631 2 3632 28697
3632 1 3633
3633 3 3634 17443 23203
3634 2 3635 48289
3635 1 3636
3636 3 3637 9917 24772
3637 1 3638
3638 2 3639 26577
3639 1 3640
3640 1 3641
3641 3 3642 26408 27221
3642 2 1854 3643
3643 3 3644 15212 40213
3644 1 3645
3645 2 3646 22513
3646 1 3647
3647 2 3648 18847
3648 1 3649
3649 3 3650 12051 22097
3650 2 3651 28298
3651 1 3652
3652 3 3653 17514 36888
3653 1 3654
3654 1 3655
3655 1 3656
3656 1 3657
3657 2 3658 34174
3658 1 3659
3659 1 3660
3660 3 3661 7078 43412
3661 1 3662
3662 1 3663
3663 2 3664 45628
3664 2 3665 49632
3665 1 3666
3666 2 3667 11658
3667 2 3668 15441
3668 1 3669
3669 1 3670
3670 1 3671
3671 2 3672 12997
3672 1 3673
3673 2 3674 38896
3674 1 3675
3675 2 3676 43087
3676 1 3677
3677 1 3678
3678 1 3679
3679 2 3680 13899
3680 2 3681 3860
3681 2 3682 5949
3682 1 3683
3683 1 3684
3684 1 3685
3685 1 3686
3686 1 3687
3687 2 3688 40353
3688 1 3689
3689 3 3690 4943 13757
3690 4 3691 13671 28989 39775
3691 1 3692
3692 2 3693 10496
3693 1 3694
3694 1 3695
3695 1 3696
3696 1 3697
3697 2 197 3698
3698 2 3699 49783
3699 1 3700
3700 2 3701 13799
3701 1 3702
3702 3 3703 36530 45174
3703 4 3704 7230 40270 44408
3704 2 3698 3705
3705 1 3706
3706 3 3707 11816 36298
3707 3 3708 33039 40654
3708 1 3709
3709 3 933 3710 13043
3710 3 3711 10611 44861
3711 1 3712
3712 1 3713
3713 3 3714 29454 41471
3714 1 3715
3715 1 3716
3716 4 660 3372 3717 5334
3717 3 3718 9557 29404
3718 2 3719 37969
3719 1 3720
3720 2 3721 44612
3721 3 3722 17276 38554
3722 2 3723 31003
3723 2 3724 10870
3724 2 3725 34348
3725 2 3726 41008
3726 1 3727
3727 3 3728 33150 39638
3728 3 3729 4647 45804
3729 1 3730
3730 1 3731
3731 3 3732 31888 38727
3732 2 3733 31340
3733 1 3734
3734 2 3735 5226
3735 3 3736 39020 47823
3736 4 3737 17317 23050 44656
3737 2 3738 46015
3738 2 3739 12913
3739 2 3740 12048
3740 1 3741
3741 1 3742
3742 2 3743 17738
3743 1 3744
3744 3 3745 5484 36035
3745 1 3746
3746 3 3747 17526 43123
3747 1 3748
3748 3 3749 14670 32745
3749 2 3750 12208
3750 1 3751
3751 1 3752
3752 1 3753
3753 1 3754
3754 4 3755 40009 42810 49402
3755 2 3756 35325
3756 1 3757
3757 5 3758 16652 17798 19178 48558
3758 2 3759 22865
3759 2 3760 6242
3760 2 2202 3761
3761 3 3762 8516 30633
3762 1 3763
3763 1 3764
3764 2 3765 22612
3765 2 3766 34540
3766 1 3767
3767 4 3768 12498 16916 18449
3768 1 3769
3769 1 3770
3770 3 3771 36120 36880
3771 2 3772 17596
3772 4 3773 21076 38044 45522
3773 2 3774 43707
3774 3 3775 10098 39607
3775 1 3776
3776 1 3777
3777 1 3778
3778 5 3779 10608 18148 19508 30411
3779 2 3780 30206
3780 1 3781
3781 2 3782 21419
3782 2 3206 3783
3783 2 3784 41591
3784 2 3785 45543
3785 2 3786 35953
3786 2 3787 10777
3787 2 3788 33292
3788 3 3789 17973 38101
3789 2 3790 30649
3790 4 3791 5123 20974 46877
3791 2 3792 47617
3792 3 3793 8340 28359
3793 1 3794
3794 2 3795 23917
3795 1 3796
3796 1 3797
3797 1 3798
3798 2 3799 14197
3799 2 3800 48872
3800 2 3801 13720
3801 1 3802
3802 1 3803
3803 2 3804 7884
3804 2 3805 44396
3805 3 3806 19136 19715
3806 3 3807 43649 47820
3807 1 3808
3808 2 3809 27953
3809 2 3810 46195
3810 2 3578 3811
3811 1 3812
3812 2 3813 42798
3813 4 3814 24551 40919 46905
3814 2 3815 4454
3815 1 3816
3816 2 3817 23871
3817 1 3818
3818 5 3819 6989 9553 13764 24936
3819 2 3820 46192
3820 2 3821 11738
3821 3 3822 4336 39402
3822 1 3823
3823 2 3824 4822
3824 2 3825 27910
3825 1 3826
3826 2 3827 31998
3827 2 3828 24368
3828 1 3829
3829 2 2187 3830
3830 3 3831 28878 46110
3831 1 3832
3832 3 3833 21353 49922
3833 2 3834 34205
3834 3 3835 12643 25636
3835 1 3836
3836 2 3837 37178
3837 1 3838
3838 3 3839 10406 22415
3839 4 3840 6968 17398 26724
3840 2 3841 36927
3841 4 3842 31939 34849 47428
3842 2 3843 28364
3843 2 3844 31270
3844 3 3845 4331 15264
3845 2 3846 6887
3846 1 3847
3847 1 3848
3848 1 3849
3849 1 3850
3850 1 3851
3851 2 3852 39764
3852 1 3853
3853 2 3854 5800
3854 2 3855 11869
3855 3 3856 14093 31576
3856 3 3857 33069 41445
3857 2 3858 12996
3858 2 3859 14374
3859 2 3860 23981
3860 3 3861 7175 39245
3861 3 3862 19385 22627
3862 2 3863 7876
3863 4 3864 30458 31512 34544
3864 1 3865
3865 1 3866
3866 1 3867
3867 1 3868
3868 2 3869 30365
3869 3 3870 11474 18093
3870 3 3871 4076 45160
3871 4 3872 6141 34405 41308
3872 1 3873
3873 2 3874 37463
3874 1 3875
3875 2 3876 30394
3876 2 3877 38043
3877 2 3878 38000
3878 2 3879 23295
3879 3 2436 3880 22498
3880 1 3881
3881 1 3882
3882 1 3883
3883 1 3884
3884 2 3885 32202
3885 2 3886 49751
3886 1 3887
3887 1 3888
3888 1 3889
3889 3 3890 41060 43979
3890 1 3891
3891 2 3892 40932
3892 1 3893
3893 4 3894 42698 45352 46828
3894 1 3895
3895 1 3896
3896 2 3897 29088
3897 2 3898 17279
3898 3 3899 19496 20444
3899 1 3900
3900 1 3901
3901 1 3902
3902 4 3903 34918 39960 46269
3903 1 3904
3904 2 3905 24615
3905 1 3906
3906 1 3907
3907 3 3908 28338 36668
3908 1 3909
3909 1 3910
3910 2 3911 14227
3911 1 3912
3912 1 3913
3913 1 3914
3914 1 3915
3915 1 3916
3916 2 3917 37548
3917 3 3918 25723 38627
3918 2 3919 14885
3919 4 1996 3920 16254 24075
3920 2 3921 44471
3921 1 3922
3922 2 3923 42518
3923 2 3924 30712
3924 2 3925 10021
3925 1 3926
3926 2 3927 12495
3927 2 3928 47189
3928 3 3929 31651 44753
3929 1 3930
3930 2 3931 24483
3931 2 3932 37907
3932 1 3933
3933 2 3934 39109
3934 3 3935 45324 48565
3935 1 3936
3936 2 3937 31116
3937 2 3938 37263
3938 2 3939 49223
3939 3 3940 27451 38305
3940 2 3941 20611
3941 1 3942
3942 1 3943
3943 2 3944 30363
3944 2 3945 34929
3945 3 3946 7633 28246
3946 3 3136 3947 21686
3947 1 3948
3948 3 3949 15318 16674
3949 1 3950
3950 1 3951
3951 2 3952 37277
3952 3 3953 8738 13261
3953 2 3604 3954
3954 1 3955
3955 2 3956 33050
3956 2 3957 49577
3957 2 3958 43164
3958 3 3959 28623 33377
3959 3 3960 7752 8811
3960 2 3961 41186
3961 1 3962
3962 1 3963
3963 1 3964
3964 3 3965 25130 40220
3965 2 3966 37892
3966 1 3967
3967 3 3968 18037 34979
3968 2 3969 8020
3969 2 3970 33899
3970 1 3971
3971 3 3972 7012 12865
3972 4 3973 38278 41135 46350
3973 4 3974 6442 32026 32638
3974 2 3975 48424
3975 2 3976 16958
3976 3 3977 15281 48300
3977 1 3978
3978 2 3979 16690
3979 3 3980 9250 26849
3980 4 3981 18416 35064 47679
3981 1 3982
3982 1 3983
3983 2 3984 46209
3984 2 3985 42971
3985 1 3986
3986 4 578 3987 13391 35396
3987 1 3988
3988 1 3989
3989 2 3990 7449
3990 2 3991 39710
3991 4 3257 3992 14495 42255
3992 1 3993
3993 1 3994
3994 2 3995 7189
3995 1 3996
3996 2 3997 45120
3997 1 3998
3998 1 3999
3999 1 4000
4000 2 4001 17941
4001 3 3520 4002 7403
4002 3 4003 5121 28791
4003 2 4004 16908
4004 1 4005
4005 5 1558 4006 26213 35052 35745
4006 1 4007
4007 4 4008 5709 14798 14878
4008 2 2098 4009
4009 2 4010 43342
4010 2 4011 20532
4011 1 4012
4012 1 4013
4013 1 4014
4014 3 4015 39840 47060
4015 2 4016 20038
4016 2 4017 39992
4017 1 4018
4018 1 4019
4019 1 4020
4020 1 4021
4021 3 4022 6162 12065
4022 1 4023
4023 2 4024 48013
4024 4 4025 18080 34381 38297
4025 3 438 4026 6655
4026 2 4027 46811
4027 1 4028
4028 1 4029
4029 1 4030
4030 1 4031
4031 1 4032
4032 3 4033 31013 37286
4033 2 4034 46422
4034 2 4035 10863
4035 1 4036
4036 2 4037 10842
4037 5 4038 9512 13750 28320 49178
4038 1 4039
4039 3 4040 9820 30170
4040 1 4041
4041 1 4042
4042 1 4043
4043 1 4044
4044 2 4045 7108
4045 1 4046
4046 3 2710 4047 8547
4047 4 4048 4531 17332 25586
4048 2 4049 37815
4049 2 4050 14728
4050 2 4051 7739
4051 2 4052 24131
4052 1 4053
4053 1 4054
4054 2 1236 4055
4055 2 4056 31261
4056 2 4057 23586
4057 3 4058 20052 37414
4058 2 4059 14738
4059 3 4060 8785 10953
4060 1 4061
4061 1 4062
4062 3 4063 8738 18250
4063 1 4064
4064 1 4065
4065 3 4066 32598 49128
4066 1 4067
4067 1 4068
4068 2 1044 4069
4069 1 4070
4070 2 4071 25810
4071 4 4072 22850 26167 48025
4072 1 4073
4073 2 4074 12302
4074 4 1304 4075 10659 41425
4075 2 4076 23743
4076 2 4077 37404
4077 2 4078 40679
4078 1 4079
4079 3 4080 17968 21928
4080 2 4081 6311
4081 1 4082
4082 3 4083 29743 34901
4083 2 4084 28863
4084 2 4085 43271
4085 3 4086 15356 28202
4086 5 4087 5515 17343 19730 32165
4087 3 4088 23165 36682
4088 4 3645 4089 7863 39078
4089 2 4090 31905
4090 5 931 4091 21649 35009 45343
4091 2 4092 7876
4092 2 4093 11903
4093 1 4094
4094 3 4095 10211 31281
4095 5 4096 32067 38068 44613 49897
4096 1 4097
4097 4 4098 27343 29815 43698
4098 2 4099 44170
4099 2 4100 40981
4100 1 4101
4101 4 4102 8396 23278 48585
4102 1 4103
4103 1 4104
4104 2 4105 5375
4105 1 4106
4106 1 4107
4107 1 4108
4108 2 4109 4274
4109 3 4110 19637 45400
4110 2 4111 27023
4111 2 4112 28358
4112 3 2346 4113 23699
4113 1 4114
4114 3 4115 7564 38294
4115 1 4116
4116 5 307 4117 7293 23121 45285
4117 4 4118 9078 12021 22061
4118 2 4119 46750
4119 2 4120 41405
4120 2 4121 39319
4121 1 4122
4122 1 4123
4123 2 4124 9874
4124 1 4125
4125 2 4126 19619
4126 1 4127
4127 2 4128 29105
4128 3 4129 23477 49553
4129 1 4130
4130 2 4131 8542
4131 2 4132 15204
4132 1 4133
4133 3 4134 9315 42663
4134 2 4135 33437
4135 2 4136 41098
4136 1 4137
4137 3 4138 6519 13849
4138 3 4139 19362 34671
4139 2 4140 31110
4140 1 4141
4141 4 4142 30069 33796 39550
4142 2 4143 44560
4143 2 4144 16500
4144 2 4145 11056
4145 2 4146 46490
4146 1 4147
4147 2 4148 30997
4148 4 4149 18503 45120 47255
4149 2 4150 45406
4150 3 2794 4151 30561
4151 1 4152
4152 3 4153 6006 37065
4153 2 4154 36612
4154 1 4155
4155 3 2421 4156 42088
4156 1 4157
4157 3 4158 13367 48133
4158 2 4159 46038
4159 4 4160 16747 21004 41299
4160 1 4161
4161 2 1614 4162
4162 3 4163 26929 36612
4163 5 4164 14392 22937 24416 42495
4164 2 4165 28049
4165 1 4166
4166 2 4167 36693
4167 3 4168 19278 25706
4168 3 4169 9749 32061
4169 2 4170 26463
4170 3 4171 18305 31753
4171 1 4172
4172 1 4173
4173 2 4174 23081
4174 2 4175 8018
4175 3 4176 8679 10574
4176 4 132 4177 20073 30059
4177 2 4178 20740
4178 1 4179
4179 5 4180 6652 20374 28611 29311
4180 1 4181
4181 2 4182 48848
4182 1 4183
4183 3 4184 18263 30055
4184 2 4185 4723
4185 3 4186 10068 13472
4186 1 4187
4187 3 4188 9929 46423
4188 1 4189
4189 1 4190
4190 1 4191
4191 3 4192 33814 40810
4192 3 4193 31548 45408
4193 1 4194
4194 2 4195 47532
4195 2 4196 36200
4196 1 4197
4197 1 4198
4198 2 4199 6300
4199 2 4200 38652
4200 4 4201 12026 12703 19384
4201 1 4202
4202 3 4203 24507 47608
4203 2 4204 16587
4204 1 4205
4205 2 2310 4206
4206 1 4207
4207 1 4208
4208 3 4209 18692 36325
4209 3 4210 24815 34996
4210 3 2530 4211 5208
4211 1 4212
4212 2 4213 11789
4213 1 4214
4214 1 4215
4215 2 4216 15143
4216 1 4217
4217 3 4218 21645 26384
4218 1 4219
4219 1 4220
4220 3 3185 4221 9150
4221 3 4222 4754 33322
4222 1 4223
4223 1 4224
4224 1 4225
4225 2 4226 33269
4226 1 4227
4227 3 4228 7942 29332
4228 3 4229 16193 34994
4229 3 3789 4230 20316
4230 3 2509 4231 16932
4231 1 4232
4232 1 4233
4233 2 3200 4234
4234 1 4235
4235 1 4236
4236 3 3510 4237 14756
4237 3 346 4238 41498
4238 1 4239
4239 4 4240 18074 22116 29091
4240 2 4241 44006
4241 1 4242
4242 1 4243
4243 1 4244
4244 2 4245 30588
4245 4 4246 12440 25585 26894
4246 2 4247 47749
4247 1 4248
4248 2 4249 46360
4249 1 4250
4250 3 4251 42895 48629
4251 1 4252
4252 1 4253
4253 4 4254 14288 34231 48852
4254 3 4255 7923 18118
4255 2 4256 45594
4256 1 4257
4257 2 4258 32421
4258 4 4259 6183 37493 48750
4259 2 4260 45944
4260 1 4261
4261 1 4262
4262 3 4263 44042 47893
4263 1 4264
4264 3 4265 28392 32953
4265 3 4266 10018 14273
4266 1 4267
4267 5 4268 8084 26904 34994 36941
4268 5 4269 6331 13633 23703 43211
4269 2 4270 34343
4270 2 4271 32086
4271 2 4272 20312
4272 1 4273
4273 4 4274 6257 17356 28535
4274 2 4275 5790
4275 2 4276 20543
4276 1 4277
4277 2 4278 39546
4278 3 4279 31771 37999
4279 1 4280
4280 2 4281 4334
4281 1 4282
4282 1 4283
4283 2 777 4284
4284 1 4285
4285 4 4286 31150 49226 49709
4286 2 4287 16988
4287 2 4288 14199
4288 2 4289 43057
4289 2 4290 30165
4290 2 4291 21728
4291 2 4292 31542
4292 2 4293 10352
4293 2 4294 28980
4294 2 4295 12242
4295 2 4296 16120
4296 2 4297 13721
4297 2 4298 35697
4298 1 4299
4299 1 4300
4300 3 4301 7340 39235
4301 1 4302
4302 1 4303
4303 3 4304 11148 34234
4304 1 4305
4305 2 2005 4306
4306 4 218 4307 8407 44612
4307 2 4308 23479
4308 1 4309
4309 4 4310 7860 36551 49173
4310 3 4311 36287 43320
4311 1 4312
4312 2 3935 4313
4313 4 4314 13230 13542 27462
4314 3 4315 13665 29440
4315 1 4316
4316 1 4317
4317 2 4318 29659
4318 1 4319
4319 2 4320 44339
4320 3 4321 7903 8632
4321 3 4322 15117 21869
4322 2 4323 28454
4323 2 2543 4324
4324 1 4325
4325 4 4326 7586 18788 39347
4326 1 4327
4327 4 4328 4632 16032 29900
4328 2 4329 18426
4329 1 4330
4330 2 4331 9306
4331 4 4332 23177 27122 48710
4332 1 4333
4333 1 4334
4334 2 4335 36817
4335 1 4336
4336 1 4337
4337 4 3616 4338 27917 44161
4338 1 4339
4339 1 4340
4340 2 4341 26966
4341 1 4342
4342 2 4343 48374
4343 1 4344
4344 2 4345 16294
4345 1 4346
4346 2 4347 7653
4347 1 4348
4348 2 4349 5026
4349 1 4350
4350 2 2567 4351
4351 1 4352
4352 2 4353 19558
4353 2 4354 6588
4354 3 4130 4355 19416
4355 3 3718 4356 40367
4356 3 4357 37158 48109
4357 3 4358 14764 15072
4358 2 3117 4359
4359 1 4360
4360 3 4361 16531 37911
4361 1 4362
4362 3 4363 14491 27429
4363 3 4364 11807 49204
4364 3 4365 15341 16816
4365 2 4366 45161
4366 1 4367
4367 2 4368 36605
4368 3 2298 4369 12482
4369 1 4370
4370 1 4371
4371 2 4372 25627
4372 2 4373 31544
4373 1 4374
4374 2 4375 5845
4375 5 2442 4376 13460 33901 46117
4376 3 4377 5311 44062
4377 3 4378 40396 43001
4378 4 4379 24346 31017 48670
4379 2 4380 42614
4380 2 4381 14297
4381 1 4382
4382 2 4383 43990
4383 2 4384 27305
4384 2 4385 37326
4385 3 4386 33457 49384
4386 3 4387 14938 18666
4387 1 4388
4388 2 4389 14626
4389 3 4390 9076 26641
4390 2 4391 25740
4391 2 4392 34062
4392 3 4393 23712 29178
4393 3 4394 21825 34952
4394 2 4395 38322
4395 1 4396
4396 2 3915 4397
4397 3 4398 13978 48832
4398 3 4399 31382 38236
4399 3 4400 13133 20887
4400 3 4401 6598 24008
4401 2 4402 21409
4402 3 4403 39065 49645
4403 2 4404 27005
4404 1 4405
4405 2 4406 5836
4406 1 4407
4407 2 4408 44873
4408 1 4409
4409 1 4410
4410 2 4411 34914
4411 3 4412 27086 45214
4412 1 4413
4413 1 4414
4414 1 4415
4415 2 4416 41322
4416 1 4417
4417 1 4418
4418 2 4419 18010
4419 2 4420 17758
4420 1 4421
4421 3 4422 12035 39205
4422 4 4423 36397 40698 43405
4423 3 4424 32009 33993
4424 2 4425 18758
4425 3 4426 38791 49809
4426 1 4427
4427 3 4428 43971 44613
4428 2 1658 4429
4429 1 4430
4430 2 4431 43075
4431 1 4432
4432 1 4433
4433 3 4318 4434 13446
4434 2 4435 47401
4435 3 4436 12663 39953
4436 1 4437
4437 1 4438
4438 1 4439
4439 1 4440
4440 2 4441 11289
4441 3 4442 21427 47199
4442 1 4443
4443 2 4444 35973
4444 2 4445 33796
4445 2 4446 43258
4446 4 4447 18568 34675 42370
4447 1 4448
4448 1 4449
4449 2 4450 31538
4450 2 2042 4451
4451 1 4452
4452 2 4453 20298
4453 3 4454 6373 28212
4454 3 2132 4455 25234
4455 2 4456 48779
4456 1 4457
4457 3 4458 10889 37291
4458 1 4459
4459 1 4460
4460 2 4461 44244
4461 5 4462 7750 23557 34762 42064
4462 2 4463 36328
4463 2 4464 48758
4464 1 4465
4465 4 4466 11124 21233 27547
4466 3 4467 7908 31548
4467 1 4468
4468 3 624 4469 39376
4469 1 4470
4470 3 3118 4471 9940
4471 1 4472
4472 1 4473
4473 1 4474
4474 1 4475
4475 3 3416 4476 18782
4476 1 4477
4477 2 4478 11790
4478 1 4479
4479 2 4480 33821
4480 1 4481
4481 1 4482
4482 2 4483 33800
4483 3 4484 28688 38516
4484 3 4485 16793 36383
4485 2 4486 36027
4486 2 4487 20678
4487 1 4488
4488 2 4489 10661
4489 2 4490 13671
4490 1 4491
4491 3 4492 30967 31292
4492 1 4493
4493 4 4494 9441 42041 49764
4494 2 4495 20646
4495 2 4496 12980
4496 2 4497 27982
4497 1 4498
4498 2 39 4499
4499 2 4500 44910
4500 2 4501 33837
4501 2 4502 47662
4502 1 4503
4503 1 4504
4504 1 4505
4505 2 4506 28243
4506 2 4507 41564
4507 1 4508
4508 3 4509 7498 16707
4509 2 1653 4510
4510 2 4511 17142
4511 2 3762 4512
4512 3 4513 11369 26192
4513 2 4514 15866
4514 1 4515
4515 1 4516
4516 2 4517 19963
4517 1 4518
4518 3 4519 18671 36959
4519 1 4520
4520 3 4521 14412 26537
4521 2 4522 21296
4522 3 4523 8738 18898
4523 2 4524 49762
4524 2 4525 12492
4525 2 4526 10304
4526 3 4527 17692 26056
4527 1 4528
4528 1 4529
4529 4 4530 18519 22372 37845
4530 4 4531 20745 30006 47257
4531 3 4532 16419 29300
4532 3 4533 42877 45689
4533 1 4534
4534 1 4535
4535 1 4536
4536 3 3688 4537 35654
4537 4 4538 18923 41562 42602
4538 1 4539
4539 1 4540
4540 2 4541 11986
4541 2 4542 10836
4542 2 4543 42454
4543 2 4544 9464
4544 3 4545 10296 20937
4545 1 4546
4546 2 1790 4547
4547 2 2221 4548
4548 2 4549 29772
4549 1 4550
4550 3 4551 6364 20519
4551 5 4552 24910 27027 41855 46939
4552 3 4553 47121 49670
4553 2 4554 41292
4554 1 4555
4555 2 4556 10959
4556 3 4557 5057 7554
4557 2 4558 9956
4558 1 4559
4559 2 4560 48601
4560 4 4561 8444 38217 41418
4561 3 2463 4562 36431
4562 2 4563 30581
4563 2 4564 27955
4564 1 4565
4565 2 4566 23313
4566 1 4567
4567 3 4568 12025 25137
4568 1 4569
4569 1 4570
4570 2 4571 13622
4571 3 4572 13721 27660
4572 3 3514 4573 18773
4573 1 4574
4574 3 4575 18685 28362
4575 2 4576 24258
4576 2 4577 44268
4577 2 4578 46272
4578 1 4579
4579 1 4580
4580 2 2273 4581
4581 2 4582 34670
4582 1 4583
4583 1 4584
4584 1 4585
4585 1 4586
4586 1 4587
4587 2 4588 9476
4588 1 4589
4589 1 4590
4590 1 4591
4591 5 4592 26002 31457 35038 45641
4592 2 4593 29736
4593 2 4594 14222
4594 1 4595
4595 1 4596
4596 2 4597 40402
4597 1 4598
4598 1 4599
4599 1 4600
4600 1 4601
4601 2 4602 38585
4602 3 4603 13044 43604
4603 2 4604 24476
4604 1 4605
4605 2 4606 14209
4606 1 4607
4607 3 4608 12081 39619
4608 1 4609
4609 3 4610 25207 40197
4610 4 2946 4611 24267 37172
4611 3 4612 6059 14812
4612 1 4613
4613 2 4614 6630
4614 1 4615
4615 3 4616 9918 26833
4616 1 4617
4617 1 4618
4618 1 4619
4619 3 781 4620 17452
4620 3 4621 11565 41841
4621 3 4622 35406 42631
4622 3 4623 11962 24537
4623 3 338 4624 19165
4624 2 4625 39938
4625 1 4626
4626 2 4627 41424
4627 2 4628 19852
4628 4 1365 4629 37877 44827
4629 4 4630 5939 36308 45784
4630 1 4631
4631 4 4605 4632 25935 40052
4632 2 4633 28089
4633 1 4634
4634 3 4635 27601 45000
4635 2 4636 29779
4636 1 4637
4637 4 4638 5670 36598 47366
4638 1 4639
4639 1 4640
4640 3 270 4641 37529
4641 1 4642
4642 2 4643 16255
4643 1 4644
4644 2 4645 43136
4645 1 4646
4646 2 4647 24681
4647 1 4648
4648 1 4649
4649 5 4650 5658 19780 21965 42401
4650 1 4651
4651 3 4652 15558 28043
4652 1 4653
4653 3 4654 14651 29063
4654 1 4655
4655 4 4656 21335 41122 42310
4656 1 4657
4657 1 4658
4658 1 4659
4659 1 4660
4660 1 4661
4661 3 4662 17870 29628
4662 2 4663 46719
4663 2 4664 21861
4664 1 4665
4665 2 4666 4676
4666 2 4667 26019
4667 3 4668 4865 11588
4668 3 4669 12905 22312
4669 1 4670
4670 1 4671
4671 1 4672
4672 1 4673
4673 2 4674 41054
4674 1 4675
4675 4 4676 5350 12334 21322
4676 4 4677 7826 17546 37847
4677 3 1827 4678 7372
4678 2 4679 19164
4679 1 4680
4680 2 4681 44238
4681 3 4524 4682 32731
4682 1 4683
4683 1 4684
4684 1 4685
4685 1 4686
4686 1 4687
4687 3 4688 8981 27910
4688 3 4689 6169 22288
4689 2 4690 4911
4690 1 4691
4691 1 4692
4692 2 4693 34603
4693 2 4694 32053
4694 2 3469 4695
4695 1 4696
4696 1 4697
4697 2 4698 28984
4698 4 4699 10748 38331 48772
4699 6 4700 16959 18427 21727 35320 45358
4700 5 4701 13629 25756 26096 44299
4701 1 4702
4702 1 4703
4703 1 4704
4704 1 4705
4705 2 4706 22211
4706 2 4707 5939
4707 1 4708
4708 2 4709 10386
4709 3 4710 8599 44354
4710 2 4711 13132
4711 2 4712 15576
4712 2 4713 42557
4713 1 4714
4714 1 4715
4715 3 4716 33696 37457
4716 2 4717 20188
4717 2 4718 11047
4718 3 4719 11091 27606
4719 1 4720
4720 2 4721 45426
4721 1 4722
4722 1 4723
4723 2 4724 39170
4724 1 4725
4725 2 4726 47898
4726 1 4727
4727 2 3387 4728
4728 1 4729
4729 1 4730
4730 3 4731 26787 47876
4731 3 4732 15885 49261
4732 1 4733
4733 3 4734 33243 49890
4734 2 4735 33664
4735 3 4736 20521 31169
4736 1 4737
4737 1 4738
4738 2 4739 34514
4739 2 4740 44335
4740 3 4741 29375 40809
4741 1 4742
4742 2 4743 25827
4743 2 4744 27277
4744 1 4745
4745 2 4746 39647
4746 2 4747 18562
4747 1 4748
4748 2 4749 44082
4749 1 4750
4750 1 4751
4751 3 361 4752 27278
4752 4 4753 26836 27080 36117
4753 1 4754
4754 2 4755 11312
4755 2 4756 21894
4756 1 4757
4757 1 4758
4758 5 4707 4759 29980 41837 47063
4759 4 4760 17979 30243 31736
4760 3 4761 7317 40603
4761 1 4762
4762 3 4763 47041 48740
4763 2 4764 35264
4764 2 4765 18954
4765 3 4766 10673 46909
4766 1 4767
4767 2 4768 29349
4768 2 4769 41956
4769 1 4770
4770 2 4771 37736
4771 2 4772 43096
4772 2 4773 20005
4773 1 4774
4774 1 4775
4775 2 4776 44026
4776 1 4777
4777 1 4778
4778 1 4779
4779 4 4780 7948 28149 41801
4780 2 4781 36669
4781 2 4782 14787
4782 1 4783
4783 3 4784 6793 43950
4784 2 2854 4785
4785 5 4786 4944 7531 16410 23006
4786 2 4787 29504
4787 1 4788
4788 3 1954 4789 32908
4789 4 4790 21610 32510 35284
4790 2 4791 16498
4791 3 4792 9023 48907
4792 3 4793 15397 32098
4793 1 4794
4794 2 4795 6847
4795 1 4796
4796 2 4797 22752
4797 1 4798
4798 2 4799 19200
4799 2 4800 49905
4800 3 4801 31464 32019
4801 1 4802
4802 1 4803
4803 1 4804
4804 2 4805 13102
4805 2 4806 47070
4806 2 4525 4807
4807 1 4808
4808 3 4809 13279 29905
4809 1 4810
4810 1 4811
4811 1 4812
4812 3 4813 27824 36749
4813 2 4814 7297
4814 3 4815 20674 35663
4815 2 4816 20358
4816 1 4817
4817 2 4818 32270
4818 3 4819 35186 38992
4819 1 4820
4820 3 4821 11141 24057
4821 1 4822
4822 3 930 4823 12888
4823 4 4824 20585 25434 27520
4824 3 4825 4832 26313
4825 2 4826 10963
4826 1 4827
4827 2 4828 24684
4828 2 4829 36778
4829 1 4830
4830 3 4831 7748 33908
4831 3 4832 11040 43157
4832 2 4833 22124
4833 3 4834 24707 34772
4834 3 4835 8293 19663
4835 2 4836 25882
4836 2 4837 35931
4837 1 4838
4838 2 4839 38437
4839 1 4840
4840 2 4135 4841
4841 3 4842 19515 29190
4842 4 4843 18768 31694 35500
4843 1 4844
4844 4 3776 4845 10087 25334
4845 4 4846 27175 37943 43383
4846 3 4847 15664 40924
4847 3 3469 4848 44533
4848 2 4849 22109
4849 6 3177 4850 16321 35909 45882 46007
4850 2 4851 6649
4851 2 1412 4852
4852 2 4853 44171
4853 1 4854
4854 1 4855
4855 2 4856 39780
4856 1 4857
4857 1 4858
4858 2 4859 13010
4859 2 4860 42614
4860 2 4861 41126
4861 2 4862 16328
4862 2 4863 7295
4863 1 4864
4864 1 4865
4865 1 4866
4866 2 4867 39825
4867 1 4868
4868 2 4869 9236
4869 2 4870 43998
4870 3 4871 18489 29233
4871 1 4872
4872 4 4873 7545 16243 30157
4873 2 4874 19089
4874 1 4875
4875 2 4876 25769
4876 3 4877 14300 37173
4877 2 4878 38118
4878 3 4879 40561 41736
4879 1 4880
4880 2 4881 25388
4881 3 4882 24428 44227
4882 2 4883 16417
4883 3 4884 37734 42646
4884 3 2454 4885 18276
4885 2 4886 26640
4886 2 2107 4887
4887 1 4888
4888 2 4889 42997
4889 2 4890 13327
4890 3 4891 7800 20098
4891 3 4892 25808 33654
4892 2 4893 41608
4893 1 4894
4894 4 4895 20564 28566 48846
4895 2 4896 39296
4896 4 4544 4897 19601 24065
4897 3 4898 9830 38325
4898 2 4899 25423
4899 1 4900
4900 1 4901
4901 2 4902 45261
4902 2 4903 49401
4903 3 4904 10682 17889
4904 2 4905 9639
4905 4 4906 32881 42119 48487
4906 1 4907
4907 2 4908 18789
4908 3 4001 4909 22388
4909 1 4910
4910 1 4911
4911 1 4912
4912 1 4913
4913 1 4914
4914 2 4915 35407
4915 2 4916 45000
4916 2 4917 18150
4917 1 4918
4918 3 4919 16773 43387
4919 3 3649 4920 22772
4920 1 4921
4921 4 4922 12743 22239 23466
4922 1 4923
4923 1 4924
4924 2 4925 40072
4925 5 2677 4926 6077 14882 28414
4926 1 4927
4927 2 4928 31047
4928 1 4929
4929 1 4930
4930 3 4931 22897 34336
4931 2 4932 18612
4932 1 4933
4933 1 4934
4934 1 4935
4935 2 4936 41188
4936 3 4937 9004 49680
4937 3 4938 7668 14095
4938 2 4939 14621
4939 1 4940
4940 2 4941 20328
4941 2 4942 11992
4942 4 4943 31306 44855 47926
4943 2 4944 35240
4944 2 4945 28364
4945 3 140 4946 11128
4946 1 4947
4947 1 4948
4948 1 4949
4949 1 4950
4950 3 4951 17606 26075
4951 4 4952 23394 43880 44145
4952 5 4587 4953 14826 36017 43969
4953 2 4954 38180
4954 2 4955 27522
4955 3 1580 4956 9544
4956 2 4957 30226
4957 1 4958
4958 3 2647 4959 19224
4959 2 4960 24411
4960 1 4961
4961 2 285 4962
4962 1 4963
4963 1 4964
4964 1 4965
4965 3 4966 6375 15002
4966 3 4967 20840 27256
4967 3 4968 10657 12895
4968 3 4969 38073 39271
4969 1 4970
4970 1 4971
4971 1 4972
4972 2 4973 39362
4973 1 4974
4974 1 4975
4975 2 4976 38520
4976 3 1891 4977 29081
4977 2 4978 37456
4978 2 4979 48989
4979 3 4980 21058 24781
4980 3 4981 30917 39521
4981 1 4982
4982 3 2338 4574 4983
4983 3 4984 11071 49245
4984 2 4985 25013
4985 1 4986
4986 2 4987 46916
4987 4 4988 18806 38386 47870
4988 2 4989 16391
4989 4 3640 4990 22152 35399
4990 1 4991
4991 2 4992 36617
4992 1 4993
4993 4 4994 8601 14568 20557
4994 1 4995
4995 2 4996 14435
4996 2 4997 27498
4997 1 4998
4998 1 4999
4999 1 5000
5000 5 5001 16240 32210 33737 37059
5001 1 5002
5002 2 5003 27645
5003 1 5004
5004 2 1834 5005
5005 1 5006
5006 1 5007
5007 3 5008 5072 26201
5008 1 5009
5009 3 5010 14818 42879
5010 1 5011
5011 2 5012 18965
5012 1 5013
5013 3 2495 5014 29778
5014 2 2578 5015
5015 1 5016
5016 3 5017 38831 43999
5017 2 5018 23262
5018 2 5019 49863
5019 1 5020
5020 1 5021
5021 2 5022 17041
5022 2 5023 40089
5023 3 5024 33829 45169
5024 1 5025
5025 3 5026 26851 38640
5026 1 5027
5027 3 5028 13374 39027
5028 1 5029
5029 1 5030
5030 2 5031 9149
5031 2 5032 11127
5032 1 5033
5033 2 5034 12991
5034 1 5035
5035 1 5036
5036 2 3928 5037
5037 3 5038 23154 45626
5038 3 5039 10371 47197
5039 1 5040
5040 1 5041
5041 3 5042 21077 25592
5042 1 5043
5043 1 5044
5044 1 5045
5045 2 5046 18540
5046 1 5047
5047 4 3274 5048 20217 26649
5048 2 5049 41804
5049 4 5050 29481 30059 44060
5050 2 5051 6143
5051 1 5052
5052 1 5053
5053 3 5054 8395 25968
5054 1 5055
5055 3 5056 24810 33929
5056 1 5057
5057 3 4483 5058 14505
5058 1 5059
5059 1 5060
5060 1 5061
5061 3 5062 10701 48063
5062 1 5063
5063 2 5064 11309
5064 2 5065 22470
5065 2 5066 26644
5066 2 5067 46009
5067 4 5068 12918 18012 28736
5068 1 5069
5069 1 5070
5070 1 5071
5071 1 5072
5072 3 5073 16969 36377
5073 2 5074 22390
5074 4 5075 6396 19025 23228
5075 2 5076 36289
5076 1 5077
5077 3 5078 13420 17961
5078 2 3978 5079
5079 1 5080
5080 2 5081 25643
5081 2 5082 25397
5082 1 5083
5083 2 5084 19568
5084 1 5085
5085 2 5086 31106
5086 2 5087 34394
5087 1 5088
5088 5 820 5089 17841 43784 47234
5089 2 5090 22408
5090 4 4182 4601 5091 13927
5091 2 5092 48757
5092 2 5093 6902
5093 3 5094 11018 24480
5094 1 5095
5095 1 5096
5096 2 5097 39551
5097 1 5098
5098 1 5099
5099 4 5100 12183 24335 37092
5100 4 928 5101 38362 45004
5101 2 5102 32882
5102 2 5103 49139
5103 3 5104 22264 43476
5104 1 5105
5105 2 5106 15081
5106 4 363 5107 30766 39872
5107 2 5108 45722
5108 3 4514 5109 33521
5109 1 5110
5110 2 5111 28660
5111 1 5112
5112 2 5113 17353
5113 1 5114
5114 3 5115 21355 29783
5115 2 5116 36718
5116 2 5117 7845
5117 1 5118
5118 4 3599 5119 35980 46405
5119 2 5120 37051
5120 2 5121 27775
5121 2 5122 33630
5122 3 5123 21022 26550
5123 1 5124
5124 2 5125 43397
5125 2 5126 39789
5126 1 5127
5127 1 5128
5128 1 5129
5129 2 2495 5130
5130 4 5131 20189 34644 45598
5131 1 5132
5132 2 5133 21670
5133 3 5134 25803 36499
5134 1 5135
5135 2 5136 25693
5136 1 5137
5137 2 3764 5138
5138 1 5139
5139 1 5140
5140 2 5141 42967
5141 2 5142 38055
5142 2 5143 41250
5143 1 5144
5144 3 5145 8032 8263
5145 2 5146 36007
5146 3 5147 10591 16686
5147 1 5148
5148 3 1429 3607 5149
5149 1 5150
5150 1 5151
5151 1 5152
5152 1 5153
5153 4 5154 35706 46192 49467
5154 1 5155
5155 1 5156
5156 2 5157 9897
5157 1 5158
5158 2 5159 21849
5159 1 5160
5160 1 5161
5161 2 5162 36987
5162 4 1109 5163 23078 28316
5163 3 5164 10297 16093
5164 1 5165
5165 1 5166
5166 1 5167
5167 2 5168 32295
5168 1 5169
5169 2 5170 15128
5170 3 4146 5171 42039
5171 3 1131 5172 27987
5172 2 545 5173
5173 2 5174 14439
5174 2 5175 25165
5175 1 5176
5176 1 5177
5177 3 5178 5389 15912
5178 1 5179
5179 2 5180 25867
5180 3 1897 5181 47139
5181 2 5182 43464
5182 1 5183
5183 1 5184
5184 1 5185
5185 1 5186
5186 4 1779 5187 28291 39722
5187 1 5188
5188 2 5189 16881
5189 1 5190
5190 3 5191 29683 34663
5191 3 5192 21803 26785
5192 1 5193
5193 3 5194 6025 41104
5194 1 5195
5195 1 5196
5196 1 5197
5197 2 5198 30620
5198 1 5199
5199 2 5200 6966
5200 3 5201 35062 40569
5201 2 5202 10166
5202 2 5203 47937
5203 2 5204 22640
5204 2 5205 27075
5205 2 5206 21197
5206 1 5207
5207 1 5208
5208 1 5209
5209 4 3137 5210 9978 33868
5210 2 5211 18808
5211 1 5212
5212 1 5213
5213 1 5214
5214 3 4045 5215 26510
5215 3 5216 31966 39029
5216 3 5217 20410 22697
5217 1 5218
5218 2 5219 47908
5219 1 5220
5220 1 5221
5221 1 5222
5222 1 5223
5223 2 5224 34418
5224 3 5225 37836 46031
5225 2 5226 10817
5226 2 5227 22184
5227 1 5228
5228 1 5229
5229 2 5230 29236
5230 3 5231 33782 49009
5231 3 198 2381 5232
5232 1 5233
5233 2 5234 28861
5234 3 170 5235 49209
5235 4 5236 37514 39214 43452
5236 2 5237 11944
5237 4 5238 19423 22649 24964
5238 2 5239 23963
5239 3 5240 36458 40578
5240 3 5241 16671 35749
5241 3 5242 23493 48615
5242 2 5243 47815
5243 1 5244
5244 2 5245 42942
5245 1 5246
5246 1 5247
5247 4 2477 5248 40851 42683
5248 2 5249 37844
5249 2 5250 32619
5250 2 5251 48420
5251 1 5252
5252 2 5253 26237
5253 1 5254
5254 1 5255
5255 2 665 5256
5256 3 5257 31200 46876
5257 2 5258 48277
5258 2 5259 24514
5259 5 5260 5325 9719 26183 34794
5260 1 5261
5261 1 5262
5262 2 5263 17187
5263 2 5264 10381
5264 3 5265 40396 42526
5265 1 5266
5266 1 5267
5267 1 5268
5268 1 5269
5269 1 5270
5270 3 5271 11362 34147
5271 4 5272 16331 34489 35545
5272 2 5273 39814
5273 2 5274 41689
5274 2 5275 5819
5275 2 5276 23426
5276 1 5277
5277 3 5278 18875 34753
5278 2 5279 28724
5279 1 5280
5280 1 5281
5281 3 3486 5282 21824
5282 1 5283
5283 1 5284
5284 1 5285
5285 3 5286 24345 27383
5286 1 5287
5287 4 4808 5288 35132 47853
5288 3 5289 29663 47776
5289 2 5290 19332
5290 2 5291 20377
5291 1 5292
5292 3 5293 6821 29205
5293 3 989 5294 33382
5294 1 5295
5295 1 5296
5296 2 5297 17966
5297 1 5298
5298 1 5299
5299 3 5300 11240 28627
5300 2 4130 5301
5301 1 5302
5302 2 5303 21024
5303 3 5304 11886 27346
5304 1 5305
5305 2 5306 9678
5306 2 5307 17138
5307 1 5308
5308 1 5309
5309 2 5310 35565
5310 1 5311
5311 1 5312
5312 2 5313 5841
5313 3 5314 28514 40466
5314 1 5315
5315 4 5316 6500 26685 46747
5316 3 3833 5317 37929
5317 2 5318 7836
5318 1 5319
5319 1 5320
5320 2 5321 23879
5321 2 4927 5322
5322 1 5323
5323 3 1709 5324 36462
5324 1 5325
5325 2 5326 28087
5326 2 5327 27785
5327 1 5328
5328 1 5329
5329 3 5330 10967 11087
5330 2 5331 8023
5331 2 5332 42467
5332 3 5333 12515 31956
5333 3 5334 33850 35227
5334 2 5335 46732
5335 2 4202 5336
5336 2 5337 7813
5337 3 5338 18620 33078
5338 2 5339 12163
5339 1 5340
5340 1 5341
5341 2 5342 18662
5342 1 5343
5343 3 5344 26404 49418
5344 1 5345
5345 1 5346
5346 2 5347 16371
5347 2 5348 16537
5348 3 5349 33868 49480
5349 2 5350 49473
5350 2 5351 15973
5351 2 5352 48086
5352 2 5353 16516
5353 2 5354 40630
5354 1 5355
5355 2 5356 32999
5356 1 5357
5357 3 5358 10905 36811
5358 3 5359 48874 49769
5359 5 5360 18679 19304 21558 38500
5360 2 5361 45530
5361 1 5362
5362 4 3518 5363 6651 32722
5363 5 1356 5364 18303 29621 29919
5364 2 5365 25553
5365 4 5366 7485 40715 49840
5366 1 5367
5367 1 5368
5368 1 5369
5369 4 5370 17605 19423 41345
5370 2 5371 31101
5371 1 5372
5372 3 2593 4491 5373
5373 2 5374 24241
5374 2 5375 38754
5375 1 5376
5376 1 5377
5377 1 5378
5378 2 5379 38215
5379 1 5380
5380 2 5381 29214
5381 1 5382
5382 2 5383 39116
5383 1 5384
5384 2 5385 21734
5385 4 5386 37090 40063 45141
5386 3 5387 8100 13640
5387 1 5388
5388 2 5389 13579
5389 1 5390
5390 3 1256 5391 19742
5391 3 5392 14749 19612
5392 2 5393 26125
5393 3 5394 25260 28928
5394 2 5395 33112
5395 1 5396
5396 1 5397
5397 4 5398 14396 19455 28704
5398 2 3441 5399
5399 3 5400 6099 41460
5400 2 5401 42322
5401 1 5402
5402 2 5403 37769
5403 1 5404
5404 2 5405 6160
5405 2 5406 9955
5406 1 5407
5407 3 5408 19165 32169
5408 1 5409
5409 2 5410 8651
5410 3 5411 19677 22790
5411 2 5412 29802
5412 1 5413
5413 1 5414
5414 1 5415
5415 3 5416 6987 23444
5416 4 5417 7491 18736 27730
5417 2 5418 24037
5418 1 5419
5419 2 5420 28312
5420 3 5421 18037 41890
5421 1 5422
5422 3 5423 27095 31772
5423 1 5424
5424 2 5425 21870
5425 5 1206 4150 5426 40204 44585
5426 3 5427 40577 41868
5427 1 5428
5428 1 5429
5429 4 1946 5430 18650 21202
5430 1 5431
5431 1 5432
5432 2 5433 30901
5433 4 4400 5434 38828 45238
5434 5 5435 6536 16169 20519 31140
5435 3 5436 9749 12480
5436 3 5437 12470 39152
5437 3 4792 5438 6316
5438 1 5439
5439 1 5440
5440 1 5441
5441 2 5442 36614
5442 3 1820 5443 20761
5443 1 5444
5444 1 5445
5445 2 5446 23493
5446 2 5447 48692
5447 3 5448 17849 19757
5448 2 5449 16111
5449 2 5450 16910
5450 3 5451 11375 24950
5451 3 5452 10641 36204
5452 2 5453 41262
5453 3 5454 9416 49628
5454 1 5455
5455 3 5456 13739 35353
5456 5 5457 9711 15945 20078 34745
5457 2 5458 12453
5458 2 5459 11651
5459 2 1108 5460
5460 1 5461
5461 1 5462
5462 1 5463
5463 1 5464
5464 1 5465
5465 3 5466 13963 42654
5466 3 5467 6677 49360
5467 1 5468
5468 2 5469 24809
5469 3 5470 43582 45434
5470 2 5471 15791
5471 1 5472
5472 1 5473
5473 1 5474
5474 3 5475 23534 30398
5475 2 5476 19584
5476 1 5477
5477 2 5478 37141
5478 3 5479 13922 40975
5479 4 5201 5480 9809 30284
5480 1 5481
5481 5 5482 15877 24597 29056 30982
5482 4 5483 42036 44342 47931
5483 2 5484 10125
5484 3 5485 16535 38111
5485 2 5486 11852
5486 2 5487 18194
5487 2 5488 14469
5488 2 5489 8200
5489 2 5490 17939
5490 2 5491 38043
5491 1 5492
5492 1 5493
5493 1 5494
5494 2 5495 38324
5495 2 5496 19958
5496 2 3684 5497
5497 3 5498 20489 36644
5498 5 5499 10028 16908 34286 40815
5499 2 5500 42484
5500 1 5501
5501 2 5502 30419
5502 1 5503
5503 2 5504 19465
5504 2 5505 25595
5505 3 5506 19298 44175
5506 2 5507 48749
5507 3 5508 14026 39641
5508 1 5509
5509 3 5510 33714 36530
5510 1 5511
5511 2 5512 45331
5512 1 5513
5513 3 5514 16503 29839
5514 2 299 5515
5515 1 5516
5516 1 5517
5517 1 5518
5518 3 5519 14618 42479
5519 3 5520 21242 36444
5520 1 5521
5521 3 5504 5522 16119
5522 2 5523 21613
5523 3 5524 12550 30596
5524 1 5525
5525 1 5526
5526 3 5527 16231 40416
5527 1 5528
5528 2 5529 49393
5529 3 5530 14616 29020
5530 1 5531
5531 5 5532 22039 30715 41967 49559
5532 3 5533 6712 38887
5533 2 5534 46739
5534 3 1924 5535 34471
5535 2 5536 43265
5536 1 5537
5537 2 5538 32905
5538 1 5539
5539 4 4188 5232 5540 21930
5540 2 347 5541
5541 4 5542 25897 39804 47186
5542 1 5543
5543 2 5544 42468
5544 3 5545 29643 41771
5545 2 5546 42924
5546 2 5547 15746
5547 1 5548
5548 3 5549 33082 44942
5549 1 5550
5550 1 5551
5551 4 5552 10376 29384 43284
5552 1 5553
5553 2 5554 37808
5554 2 5555 24622
5555 2 5556 47876
5556 1 5557
5557 1 5558
5558 1 5559
5559 1 5560
5560 2 5561 47469
5561 4 5562 27043 31278 31295
5562 2 2116 5563
5563 2 5564 26023
5564 1 5565
5565 3 5566 40118 40694
5566 3 5567 13572 24004
5567 2 5568 16659
5568 2 5569 16820
5569 3 5570 38067 46442
5570 1 5571
5571 2 5572 34405
5572 1 5573
5573 2 5574 16538
5574 2 5575 49073
5575 2 5576 11307
5576 1 5577
5577 5 5578 11143 26957 27216 33426
5578 1 5579
5579 2 5580 49674
5580 1 5581
5581 1 5582
5582 2 5583 42035
5583 3 5584 25347 29529
5584 1 5585
5585 1 5586
5586 3 5587 25759 46699
5587 2 3758 5588
5588 4 5589 13900 32599 34385
5589 2 5590 39032
5590 2 5591 16382
5591 4 5592 15332 27662 34966
5592 1 5593
5593 2 5594 20696
5594 1 5595
5595 1 5596
5596 2 5597 19230
5597 1 5598
5598 1 5599
5599 3 5600 21291 45960
5600 1 5601
5601 2 5602 24107
5602 1 5603
5603 4 5604 17637 22394 45304
5604 1 5605
5605 2 5606 23894
5606 3 5607 9854 35486
5607 2 5608 27587
5608 3 5609 38395 40842
5609 2 5610 40462
5610 1 5611
5611 2 5612 7308
5612 4 5613 21005 25217 29782
5613 3 5614 30492 35935
5614 1 5615
5615 2 5616 35981
5616 2 5617 35167
5617 3 5618 23072 30991
5618 2 5619 37850
5619 2 5620 47915
5620 1 5621
5621 2 5622 26128
5622 2 5623 17970
5623 3 5624 22225 31520
5624 3 5625 18035 30090
5625 2 5626 38141
5626 1 5627
5627 2 526 5628
5628 1 5629
5629 2 5630 17450
5630 2 5631 36503
5631 1 5632
5632 1 5633
5633 1 5634
5634 2 5635 10114
5635 1 5636
5636 3 5637 25950 29560
5637 1 5638
5638 2 5639 37977
5639 1 5640
5640 1 5641
5641 1 5642
5642 3 5643 11818 45932
5643 1 5644
5644 2 5645 39622
5645 1 5646
5646 1 5647
5647 3 5377 5648 49883
5648 2 5649 22963
5649 3 5650 25896 34022
5650 1 5651
5651 2 5652 44502
5652 1 5653
5653 1 5654
5654 1 5655
5655 1 5656
5656 1 5657
5657 2 5658 49754
5658 2 5659 38325
5659 1 5660
5660 1 5661
5661 2 5662 26144
5662 3 5663 5959 16464
5663 2 5664 49012
5664 3 5665 38650 49978
5665 2 2083 5666
5666 2 5667 14871
5667 2 5668 40479
5668 2 5669 17998
5669 3 5670 33391 37882
5670 2 5671 20540
5671 1 5672
5672 1 5673
5673 2 5674 6664
5674 2 4162 5675
5675 3 5676 7704 10009
5676 3 5677 23806 49612
5677 4 5678 11105 13208 21893
5678 2 5679 25471
5679 1 5680
5680 3 5681 30294 40004
5681 2 5682 18764
5682 2 4012 5683
5683 3 5684 35918 44023
5684 2 5685 31983
5685 2 4662 5686
5686 2 5687 45592
5687 1 5688
5688 1 5689
5689 3 5690 7236 16285
5690 2 2790 5691
5691 4 3143 5692 9626 30441
5692 1 5693
5693 1 5694
5694 3 5695 15280 38535
5695 2 5696 36637
5696 2 5697 45876
5697 2 5698 11595
5698 2 5699 43060
5699 3 5700 29314 45294
5700 2 5701 47106
5701 1 5702
5702 3 467 5703 47583
5703 2 2629 5704
5704 2 5705 31563
5705 2 5706 24592
5706 1 5707
5707 4 1116 5708 14753 33488
5708 1 5709
5709 3 5710 30069 32658
5710 1 5711
5711 1 5712
5712 3 1264 5713 26707
5713 2 5714 46692
5714 3 5715 18909 21525
5715 1 5716
5716 2 4101 5717
5717 3 5718 10489 18902
5718 1 5719
5719 2 5720 32037
5720 1 5721
5721 1 5722
5722 1 5723
5723 1 5724
5724 1 5725
5725 4 3073 5726 5881 39699
5726 2 5727 28605
5727 1 5728
5728 4 5729 15108 45376 45762
5729 2 5730 6079
5730 2 5731 9405
5731 2 5732 44382
5732 2 846 5733
5733 1 5734
5734 4 5735 5759 15228 16279
5735 2 5736 16474
5736 3 3309 5737 25161
5737 1 5738
5738 3 5739 24252 48295
5739 5 5740 12741 20499 35407 38605
5740 2 2762 5741
5741 3 5742 18835 33920
5742 1 5743
5743 1 5744
5744 3 5745 31314 36712
5745 1 5746
5746 1 5747
5747 1 5748
5748 1 5749
5749 1 5750
5750 1 5751
5751 4 3467 5752 40510 47160
5752 2 5753 10887
5753 3 5754 33521 38018
5754 4 5755 11154 26184 48890
5755 2 5756 41830
5756 3 861 5757 13580
5757 4 1775 2926 5758 46545
5758 1 5759
5759 2 5760 12052
5760 4 5761 12352 28197 35318
5761 2 5762 23131
5762 1 5763
5763 2 5764 46867
5764 2 5765 35019
5765 2 2935 5766
5766 2 5767 17021
5767 4 3052 5768 10308 42634
5768 3 5769 40584 42585
5769 1 5770
5770 2 5771 30928
5771 2 5772 16510
5772 2 5773 26425
5773 3 5774 14346 41334
5774 2 5775 26668
5775 2 5776 49469
5776 2 5777 14862
5777 1 5778
5778 3 496 5779 30023
5779 1 5780
5780 1 5781
5781 3 5782 25779 41747
5782 4 5783 26187 37827 40185
5783 2 5784 11263
5784 1 5785
5785 3 5786 30674 46321
5786 4 5787 21095 33641 38282
5787 1 5788
5788 2 5789 16934
5789 2 5790 34645
5790 2 5791 25283
5791 1 5792
5792 2 5793 15079
5793 1 5794
5794 1 5795
5795 1 5796
5796 3 2313 5797 12202
5797 2 5798 8065
5798 2 5216 5799
5799 1 5800
5800 5 5801 17884 34408 37535 47955
5801 2 5802 8405
5802 1 5803
5803 2 5804 13838
5804 3 5805 16291 29676
5805 1 5806
5806 1 5807
5807 1 5808
5808 3 5809 16428 27774
5809 2 5810 16255
5810 2 5811 45017
5811 1 5812
5812 1 5813
5813 2 5814 9637
5814 3 5815 21014 24397
5815 2 1876 5816
5816 1 5817
5817 2 5818 13967
5818 2 5819 8999
5819 3 5820 20774 30954
5820 2 5821 6968
5821 1 5822
5822 3 5823 15327 45676
5823 3 5824 28900 48425
5824 7 5825 27290 29543 35204 39299 47511 48870
5825 1 5826
5826 4 5827 15674 35343 35838
5827 1 5828
5828 2 5829 44271
5829 1 5830
5830 1 5831
5831 1 5832
5832 1 5833
5833 2 5834 24011
5834 1 5835
5835 1 5836
5836 2 5837 11095
5837 2 5838 49835
5838 2 5839 43696
5839 1 5840
5840 1 5841
5841 1 5842
5842 1 5843
5843 4 5844 6807 37863 42246
5844 4 323 5845 24846 38350
5845 1 5846
5846 2 5847 37878
5847 2 5848 12751
5848 3 635 5849 35380
5849 3 5850 27275 35347
5850 2 3281 5851
5851 2 5852 34768
5852 2 5853 46757
5853 1 5854
5854 3 5855 29229 41592
5855 1 5856
5856 2 5857 25018
5857 5 5858 6923 9297 23223 34887
5858 1 5859
5859 2 5860 12119
5860 1 5861
5861 1 5862
5862 2 5863 21863
5863 1 5864
5864 1 5865
5865 1 5866
5866 2 5867 21028
5867 2 5868 12909
5868 1 5869
5869 2 2207 5870
5870 1 5871
5871 2 5872 44268
5872 2 5873 38934
5873 2 5874 48145
5874 1 5875
5875 2 5876 21908
5876 2 5877 16529
5877 1 5878
5878 2 5879 32446
5879 3 3692 5880 43381
5880 3 5881 7626 16624
5881 1 5882
5882 1 5883
5883 3 5884 32859 47140
5884 1 5885
5885 3 1186 5886 23800
5886 5 5887 26990 28476 42487 46027
5887 2 5888 28521
5888 2 5889 34408
5889 2 5890 37486
5890 2 3681 5891
5891 4 5892 41125 43329 48101
5892 2 5893 49286
5893 3 5894 11459 11526
5894 2 5895 32939
5895 2 5896 17756
5896 2 5897 6514
5897 3 5898 19237 46775
5898 1 5899
5899 3 3122 5900 7460
5900 2 4379 5901
5901 3 5902 40974 41423
5902 2 5903 25249
5903 3 5904 26271 31554
5904 2 5905 23550
5905 4 5906 16476 27183 34451
5906 1 5907
5907 3 5908 13412 20648
5908 3 5909 20979 44654
5909 3 5910 22619 42799
5910 2 5911 9190
5911 2 5912 6572
5912 1 5913
5913 1 5914
5914 3 5915 11891 40809
5915 2 5916 49830
5916 1 5917
5917 2 5918 17349
5918 1 5919
5919 1 5920
5920 1 5921
5921 1 5922
5922 3 292 5923 40137
5923 1 5924
5924 2 1009 5925
5925 1 5926
5926 1 5927
5927 2 5928 24829
5928 2 5929 33429
5929 3 5712 5930 15919
5930 1 5931
5931 4 5932 6244 13147 24472
5932 1 5933
5933 2 5934 11181
5934 1 5935
5935 2 5936 10109
5936 1 5937
5937 1 5938
5938 5 5939 8319 16016 28720 35707
5939 2 3515 5940
5940 2 5941 24713
5941 2 5942 9390
5942 2 5943 37211
5943 2 5944 47644
5944 2 5945 40941
5945 3 5946 32205 48478
5946 4 5947 24199 31551 36055
5947 3 5948 43938 46935
5948 2 5949 7509
5949 2 5950 21963
5950 1 5951
5951 4 5952 17362 28202 39182
5952 2 2748 5953
5953 3 5954 22698 40267
5954 3 5955 12424 32132
5955 2 5956 37583
5956 4 5957 15134 39663 40292
5957 4 5958 22474 40397 49446
5958 2 5959 46215
5959 3 2401 5960 39696
5960 3 4935 5961 37920
5961 1 5962
5962 1 5963
5963 4 5964 22641 25927 29106
5964 3 5965 13742 28631
5965 1 5966
5966 2 5967 40470
5967 1 5968
5968 3 5969 16298 48239
5969 2 5970 36896
5970 2 756 5971
5971 3 5972 29625 34239
5972 3 5973 24405 37568
5973 2 5974 26743
5974 2 5975 24934
5975 3 5976 17182 17780
5976 2 4934 5977
5977 2 5978 27659
5978 4 5979 22076 34758 49265
5979 2 5980 17514
5980 1 5981
5981 2 5982 7863
5982 1 5983
5983 1 5984
5984 4 972 5985 22448 22508
5985 2 5986 48370
5986 1 5987
5987 2 5988 20904
5988 2 5293 5989
5989 3 5990 7532 19540
5990 1 5991
5991 2 5992 8158
5992 2 5993 20216
5993 2 5994 22126
5994 1 5995
5995 1 5996
5996 2 5997 44398
5997 2 5998 31579
5998 1 5999
5999 1 6000
6000 1 6001
6001 1 6002
6002 1 6003
6003 1 6004
6004 1 6005
6005 2 6006 12932
6006 2 6007 24638
6007 3 6008 6862 14592
6008 3 6009 7238 35431
6009 2 6010 38041
6010 1 6011
6011 3 5278 6012 44723
6012 2 6013 29834
6013 1 6014
6014 4 5655 6015 37866 48465
6015 2 6016 44843
6016 1 6017
6017 2 6018 42485
6018 3 6019 17888 24267
6019 4 6020 17723 29364 38949
6020 1 6021
6021 2 6022 40867
6022 3 6023 35304 45232
6023 1 6024
6024 1 6025
6025 3 3151 6026 11640
6026 3 6027 18655 26515
6027 1 6028
6028 2 6029 41547
6029 2 6030 26514
6030 1 6031
6031 1 6032
6032 3 3212 4541 6033
6033 1 6034
6034 3 6035 30129 31296
6035 2 6036 26486
6036 1 6037
6037 2 6038 19242
6038 2 6039 37257
6039 3 6040 36655 42691
6040 2 6041 26171
6041 2 6042 34796
6042 2 5039 6043
6043 2 6044 8594
6044 2 6045 15111
6045 3 6046 33773 36413
6046 1 6047
6047 2 6048 46719
6048 5 6049 14895 18291 18500 42994
6049 5 822 6050 12042 16655 29178
6050 4 6051 21178 29052 35702
6051 1 6052
6052 2 6053 27039
6053 2 6054 40385
6054 3 6055 7075 29233
6055 2 6056 28215
6056 1 6057
6057 1 6058
6058 1 6059
6059 1 6060
6060 1 6061
6061 4 642 2778 6062 35865
6062 2 1759 6063
6063 1 6064
6064 2 6065 44945
6065 1 6066
6066 1 6067
6067 3 5273 6068 38475
6068 1 6069
6069 1 6070
6070 3 6071 13247 33322
6071 2 6072 47198
6072 3 335 6073 40335
6073 3 6074 25850 39156
6074 1 6075
6075 1 6076
6076 3 6077 42374 48960
6077 2 6078 37479
6078 2 6079 15741
6079 1 6080
6080 2 6081 13031
6081 1 6082
6082 1 6083
6083 1 6084
6084 1 6085
6085 1 6086
6086 2 6087 36100
6087 2 6088 43816
6088 1 6089
6089 1 6090
6090 1 6091
6091 2 6092 47030
6092 1 6093
6093 1 6094
6094 2 6095 22839
6095 2 6096 48318
6096 1 6097
6097 2 6098 12370
6098 1 6099
6099 1 6100
6100 1 6101
6101 1 6102
6102 2 6103 27263
6103 4 6104 9966 22035 43383
6104 1 6105
6105 3 6106 6524 24081
6106 3 6107 14282 49288
6107 1 6108
6108 3 6109 35126 39997
6109 1 6110
6110 4 3254 6111 17763 33933
6111 1 6112
6112 2 5397 6113
6113 5 6114 26647 35689 40383 49219
6114 2 6115 43735
6115 2 6116 32893
6116 2 6117 34259
6117 1 6118
6118 2 6119 7064
6119 2 6120 9071
6120 3 6121 45196 49744
6121 1 6122
6122 1 6123
6123 1 6124
6124 3 6125 39803 40906
6125 4 6126 12470 18996 35368
6126 2 6127 37087
6127 1 6128
6128 3 93 6129 28236
6129 3 2937 6130 10401
6130 2 2954 6131
6131 4 6132 36079 41084 48206
6132 1 6133
6133 2 2564 6134
6134 2 6135 48323
6135 2 6136 23619
6136 3 6137 16979 36205
6137 1 6138
6138 2 6139 40766
6139 4 6140 21399 22638 28085
6140 2 6141 48557
6141 1 6142
6142 2 6143 41994
6143 3 6144 30414 37954
6144 2 6145 11765
6145 1 6146
6146 1 6147
6147 1 6148
6148 3 6149 19745 21529
6149 1 6150
6150 5 6151 24950 25732 36404 49411
6151 3 6152 7382 34683
6152 1 6153
6153 3 6154 12200 29154
6154 2 6155 11507
6155 1 6156
6156 3 6157 23758 40139
6157 2 1281 6158
6158 2 6159 8869
6159 2 6160 29903
6160 2 6161 41697
6161 3 4719 6162 26322
6162 2 6163 6550
6163 1 6164
6164 1 6165
6165 3 6166 30119 38836
6166 1 6167
6167 1 6168
6168 3 6169 17197 38639
6169 2 6170 15190
6170 2 6171 42059
6171 2 6172 35545
6172 3 6173 9553 30609
6173 2 6174 19100
6174 3 6175 14500 45435
6175 2 6176 26181
6176 2 6025 6177
6177 2 1 6178
6178 1 6179
6179 2 5362 6180
6180 6 6181 7749 13799 17981 19611 34498
6181 1 6182
6182 1 6183
6183 3 6184 6456 34068
6184 1 6185
6185 3 2083 6186 15183
6186 2 6187 15535
6187 2 6188 15586
6188 2 6189 40485
6189 1 6190
6190 4 6191 31597 37810 42949
6191 3 6192 6838 11554
6192 1 6193
6193 3 6194 20753 27514
6194 2 6195 21614
6195 2 6196 47744
6196 5 6197 22812 27507 33123 46540
6197 2 6198 30934
6198 2 6199 32099
6199 2 6200 32340
6200 3 1193 6201 7660
6201 3 6202 30240 45228
6202 2 6203 32188
6203 2 6204 34460
6204 1 6205
6205 1 6206
6206 3 1387 6207 6371
6207 3 6208 43844 44172
6208 3 6209 6890 19853
6209 1 6210
6210 2 6211 36458
6211 1 6212
6212 3 6213 24520 40495
6213 3 6214 9838 36997
6214 3 6215 16318 39263
6215 1 6216
6216 2 6217 47342
6217 1 6218
6218 2 6184 6219
6219 4 6220 8734 22130 39942
6220 1 6221
6221 4 6222 7293 23745 37292
6222 1 6223
6223 1 6224
6224 1 6225
6225 2 6226 39557
6226 3 1461 3540 6227
6227 1 6228
6228 2 6229 22534
6229 3 6230 11059 25859
6230 2 3144 6231
6231 2 6232 41968
6232 2 6233 25272
6233 2 4718 6234
6234 1 6235
6235 2 6236 41082
6236 1 6237
6237 2 6238 44295
6238 1 6239
6239 1 6240
6240 3 783 6241 45860
6241 2 6242 32755
6242 1 6243
6243 1 6244
6244 3 2214 6245 34501
6245 1 6246
6246 2 2836 6247
6247 2 6248 36221
6248 2 6249 44613
6249 2 6250 22701
6250 2 6251 27043
6251 1 6252
6252 2 6253 8936
6253 2 1193 6254
6254 2 3571 6255
6255 2 6256 42917
6256 3 6257 28160 46621
6257 1 6258
6258 1 6259
6259 3 6260 20404 45733
6260 1 6261
6261 3 5739 6262 20412
6262 1 6263
6263 2 6264 15361
6264 3 6265 18556 47364
6265 1 6266
6266 3 6267 10163 33210
6267 1 6268
6268 1 6269
6269 1 6270
6270 4 6271 10612 18408 26536
6271 5 1001 4012 6272 6943 25363
6272 3 6273 16047 42724
6273 1 6274
6274 1 6275
6275 4 6276 19222 29968 44794
6276 2 6277 29737
6277 2 6278 36810
6278 1 6279
6279 2 6280 12744
6280 1 6281
6281 2 6282 40069
6282 1 6283
6283 3 6284 15358 23546
6284 1 6285
6285 2 702 6286
6286 2 6287 13009
6287 3 1147 6288 34309
6288 2 6289 24887
6289 1 6290
6290 2 6291 9250
6291 2 6292 11794
6292 1 6293
6293 3 6294 12790 39120
6294 1 6295
6295 2 6296 43530
6296 1 6297
6297 1 6298
6298 2 1509 6299
6299 1 6300
6300 1 6301
6301 1 6302
6302 2 6303 47664
6303 3 729 6304 39881
6304 1 6305
6305 1 6306
6306 3 6307 10510 39656
6307 1 6308
6308 2 2310 6309
6309 1 6310
6310 4 4284 6311 26784 33206
6311 3 6312 29197 43355
6312 2 6313 10206
6313 2 6314 12594
6314 1 6315
6315 3 6316 28754 31477
6316 1 6317
6317 3 6318 32997 46969
6318 1 6319
6319 2 6320 33217
6320 2 6321 41418
6321 2 6322 40622
6322 3 6323 27561 43217
6323 3 3307 6324 38176
6324 3 3421 6325 37850
6325 3 6326 30466 40342
6326 3 610 6327 30733
6327 2 6328 38141
6328 1 6329
6329 4 6330 9847 13818 33737
6330 2 6331 28591
6331 1 6332
6332 1 6333
6333 1 6334
6334 2 6335 34426
6335 3 6336 6605 33638
6336 3 5699 6337 20942
6337 2 6338 39242
6338 1 6339
6339 1 6340
6340 1 6341
6341 3 6342 9491 39197
6342 2 6343 31952
6343 2 6344 13839
6344 1 6345
6345 1 6346
6346 2 6347 47638
6347 1 6348
6348 2 6349 18194
6349 2 6350 15581
6350 2 6351 9227
6351 3 6352 27831 46005
6352 3 6353 8422 29199
6353 2 6354 21710
6354 1 6355
6355 1 6356
6356 1 6357
6357 2 6358 16087
6358 2 6359 47211
6359 3 3154 3464 6360
6360 2 6361 18367
6361 1 6362
6362 3 2201 6363 10052
6363 1 6364
6364 2 1204 6365
6365 1 6366
6366 3 6367 13786 18101
6367 2 6368 46693
6368 1 6369
6369 2 6370 37448
6370 1 6371
6371 1 6372
6372 3 6373 8917 43542
6373 1 6374
6374 3 6375 32419 40787
6375 3 6376 17076 29713
6376 2 6377 13458
6377 1 6378
6378 2 6379 31287
6379 1 6380
6380 1 6381
6381 2 6382 25792
6382 1 6383
6383 2 6384 46816
6384 1 6385
6385 2 6386 21744
6386 5 6387 12474 14044 40938 41076
6387 2 6388 23809
6388 2 6389 22077
6389 2 6390 21821
6390 2 4273 6391
6391 1 6392
6392 1 6393
6393 3 6394 16301 48215
6394 1 6395
6395 2 6396 9650
6396 1 6397
6397 1 6398
6398 2 6399 37952
6399 1 6400
6400 1 6401
6401 2 6402 32433
6402 3 3073 6403 33475
6403 1 6404
6404 1 6405
6405 3 6406 8710 29712
6406 2 6407 11086
6407 1 6408
6408 3 6409 25310 43585
6409 2 1133 6410
6410 3 6411 28955 49591
6411 2 6412 26761
6412 1 6413
6413 1 6414
6414 1 6415
6415 1 6416
6416 2 6417 12699
6417 2 6418 8125
6418 3 6419 37628 39821
6419 3 1832 6420 20190
6420 1 6421
6421 2 6422 40606
6422 2 6423 6794
6423 2 6424 34208
6424 3 6425 38771 47893
6425 1 6426
6426 2 6427 39753
6427 3 6428 24125 30843
6428 3 4647 6429 45641
6429 1 6430
6430 1 6431
6431 4 6432 8964 22242 23430
6432 1 6433
6433 1 6434
6434 4 88 6435 9662 40875
6435 2 6436 45149
6436 1 6437
6437 2 6438 47547
6438 2 6439 28296
6439 1 6440
6440 3 586 6441 34549
6441 1 6442
6442 1 6443
6443 1 6444
6444 1 6445
6445 1 6446
6446 2 6447 38267
6447 2 6448 43259
6448 1 6449
6449 2 6450 8392
6450 2 5880 6451
6451 2 6452 28985
6452 1 6453
6453 3 439 6454 35803
6454 2 6455 38613
6455 2 6456 48747
6456 1 6457
6457 2 6458 23045
6458 1 6459
6459 1 6460
6460 1 6461
6461 1 6462
6462 2 6463 19149
6463 1 6464
6464 2 6465 10984
6465 2 6466 8667
6466 4 3323 6467 12343 19980
6467 2 6468 11010
6468 2 6469 46444
6469 2 6470 44785
6470 3 6471 15726 20112
6471 1 6472
6472 1 6473
6473 2 728 6474
6474 3 6475 38980 49093
6475 3 6476 43650 48284
6476 2 6477 25364
6477 3 6478 16788 44464
6478 1 6479
6479 2 6480 25969
6480 2 6481 29808
6481 1 6482
6482 2 6483 40779
6483 2 6484 14451
6484 2 6485 8252
6485 1 6486
6486 3 6487 20126 42034
6487 2 6488 32371
6488 2 2469 6489
6489 1 6490
6490 2 6491 46079
6491 2 4204 6492
6492 1 6493
6493 3 2120 6494 34258
6494 2 6495 18829
6495 1 6496
6496 3 6497 11923 29894
6497 2 6498 34147
6498 2 6499 15531
6499 3 6500 19594 23960
6500 2 6501 39201
6501 2 6502 49148
6502 1 6503
6503 3 6504 37046 41498
6504 3 6505 23233 47883
6505 1 6506
6506 1 6507
6507 4 6508 13744 28813 41133
6508 2 6509 32034
6509 1 6510
6510 2 6511 45029
6511 3 6512 23102 28171
6512 4 6513 8542 18688 37146
6513 2 992 6514
6514 1 6515
6515 2 6516 23367
6516 2 6517 29148
6517 2 6518 15883
6518 2 6519 23395
6519 1 6520
6520 1 6521
6521 2 6522 16053
6522 2 6523 49344
6523 1 6524
6524 2 6525 26369
6525 2 6526 33541
6526 1 6527
6527 2 6528 26237
6528 1 6529
6529 3 6530 15761 16087
6530 2 6531 46665
6531 2 6532 19049
6532 2 6533 44200
6533 2 2230 6534
6534 2 3565 6535
6535 2 6536 48843
6536 1 6537
6537 3 6538 31866 33439
6538 3 6539 22222 30474
6539 1 6540
6540 1 6541
6541 2 6542 36524
6542 3 6543 29713 43767
6543 1 6544
6544 2 6545 21489
6545 1 6546
6546 1 6547
6547 1 6548
6548 1 6549
6549 3 6550 27070 33320
6550 2 6551 31473
6551 2 6552 30377
6552 2 6553 28729
6553 3 6554 19642 41516
6554 3 6555 15905 34003
6555 2 6556 41095
6556 3 1097 6557 41961
6557 1 6558
6558 2 6559 24246
6559 3 6560 33206 38084
6560 1 6561
6561 1 6562
6562 1 6563
6563 3 6564 24072 27379
6564 2 2256 6565
6565 3 6566 36399 37196
6566 1 6567
6567 2 6299 6568
6568 1 6569
6569 3 4794 6570 32369
6570 2 491 6571
6571 2 6572 35163
6572 3 6573 17693 33738
6573 5 6574 12372 22197 32307 43268
6574 3 6575 27425 41180
6575 2 2218 6576
6576 1 6577
6577 1 6578
6578 1 6579
6579 1 6580
6580 2 6581 44280
6581 2 6582 13076
6582 2 6583 38279
6583 1 6584
6584 1 6585
6585 1 6586
6586 1 6587
6587 2 6588 40739
6588 2 6589 34475
6589 2 6590 25914
6590 2 6591 17936
6591 1 6592
6592 2 6593 8424
6593 1 6594
6594 6 6595 19816 21041 40072 48058 48767
6595 3 6596 21371 29042
6596 2 6597 35973
6597 3 1308 6598 38728
6598 2 6599 35465
6599 1 6600
6600 3 5319 6601 15627
6601 1 6602
6602 1 6603
6603 3 6604 19422 21785
6604 3 6605 14653 43145
6605 3 6606 9939 33969
6606 1 6607
6607 1 6608
6608 5 6609 13425 16351 32357 45475
6609 1 6610
6610 2 6611 15789
6611 2 6612 42506
6612 1 6613
6613 2 6614 35393
6614 1 6615
6615 3 5276 6616 9765
6616 1 6617
6617 2 6618 18488
6618 3 6619 24640 45122
6619 1 6620
6620 2 6621 35026
6621 3 6622 21288 22629
6622 1 6623
6623 1 6624
6624 3 6625 20627 37410
6625 2 6626 18865
6626 4 2228 6627 8199 27717
6627 2 6628 16916
6628 3 1181 6629 8933
6629 2 6630 17116
6630 2 6631 37646
6631 2 6632 40078
6632 1 6633
6633 3 6634 13523 18303
6634 2 6635 46376
6635 2 6636 18366
6636 1 6637
6637 2 6638 16799
6638 4 1962 6639 21767 47358
6639 1 6640
6640 2 2644 6641
6641 5 6642 18656 25995 34772 37159
6642 2 5984 6643
6643 3 6644 23103 37783
6644 2 6645 36980
6645 2 6646 25273
6646 3 6647 23322 33405
6647 1 6648
6648 2 6649 41508
6649 2 6650 14772
6650 3 6651 32877 47258
6651 1 6652
6652 3 5683 6653 32160
6653 1 6654
6654 2 6655 8938
6655 1 6656
6656 1 6657
6657 2 1231 6658
6658 1 6659
6659 1 6660
6660 1 6661
6661 2 4466 6662
6662 3 6663 21383 34696
6663 3 6664 18283 28553
6664 1 6665
6665 3 6666 36179 44080
6666 1 6667
6667 3 6668 26365 28113
6668 2 6669 40772
6669 4 1111 6670 32358 48362
6670 3 6671 14490 18724
6671 2 6672 41128
6672 2 6673 14464
6673 1 6674
6674 1 6675
6675 2 6676 31450
6676 1 6677
6677 3 6678 41338 43473
6678 3 6679 16921 22083
6679 5 407 6680 9173 32899 46896
6680 3 6681 7637 41787
6681 1 6682
6682 3 6683 11994 42024
6683 2 6684 26652
6684 1 6685
6685 2 6686 44854
6686 1 6687
6687 3 6688 14897 39925
6688 3 6689 11608 14212
6689 4 6690 11448 17864 28291
6690 2 6691 21596
6691 1 6692
6692 3 6693 23775 27278
6693 2 6694 49175
6694 3 3440 6695 31935
6695 1 6696
6696 1 6697
6697 2 6698 8100
6698 4 767 6073 6699 30794
6699 3 6700 25948 39006
6700 1 6701
6701 2 6702 41797
6702 1 6703
6703 2 1117 6704
6704 1 6705
6705 2 5311 6706
6706 2 6707 41392
6707 2 6708 8202
6708 1 6709
6709 1 6710
6710 1 6711
6711 2 6712 29692
6712 2 6713 15249
6713 2 3764 6714
6714 2 6715 22564
6715 1 6716
6716 3 6717 18786 42451
6717 2 6718 40290
6718 3 6719 22961 38454
6719 2 6720 31352
6720 3 5656 6721 27830
6721 3 6722 30597 42953
6722 1 6723
6723 1 6724
6724 3 6725 8494 16021
6725 1 6726
6726 3 1384 6727 47038
6727 2 6728 47964
6728 1 6729
6729 2 6730 23893
6730 1 6731
6731 2 6732 33414
6732 3 6733 10992 49165
6733 1 6734
6734 2 6735 26388
6735 4 845 6736 37651 43746
6736 5 6737 7179 21557 30623 46552
6737 2 6738 14981
6738 1 6739
6739 2 6740 23636
6740 3 6741 23909 25026
6741 1 6742
6742 2 6743 24301
6743 1 6744
6744 1 6745
6745 1 6746
6746 2 6747 27009
6747 2 6748 31098
6748 3 6749 32925 42162
6749 1 6750
6750 1 6751
6751 1 6752
6752 1 6753
6753 5 1062 2522 6372 6754 17220
6754 2 6755 46459
6755 3 6024 6756 42315
6756 3 2275 6757 7018
6757 2 6758 20510
6758 2 6759 14957
6759 3 6760 26300 37591
6760 1 6761
6761 4 4106 6762 9320 20119
6762 2 6763 42525
6763 3 6764 12776 31287
6764 2 6765 46527
6765 1 6766
6766 2 6767 43969
6767 1 6768
6768 3 6769 34279 44328
6769 2 6770 11073
6770 1 6771
6771 2 6772 35229
6772 3 6773 11183 28301
6773 2 6774 16817
6774 1 6775
6775 2 6776 13018
6776 3 6777 10229 41624
6777 1 6778
6778 1 6779
6779 1 6780
6780 3 6781 19549 48165
6781 2 6782 37645
6782 3 6783 31029 41860
6783 2 6784 44183
6784 1 6785
6785 2 6786 31585
6786 3 6787 7047 18304
6787 3 6788 24851 37492
6788 1 6789
6789 2 6790 44179
6790 3 6791 18651 47358
6791 6 6792 27340 30129 36492 37510 42766
6792 1 6793
6793 2 6794 14250
6794 2 6795 41107
6795 2 6796 31692
6796 3 6797 9223 34675
6797 1 6798
6798 1 6799
6799 1 6800
6800 3 6801 21650 47372
6801 1 6802
6802 2 6803 23145
6803 3 6804 10958 22334
6804 2 6805 8693
6805 1 6806
6806 4 6807 43486 44674 47521
6807 1 6808
6808 2 6809 45323
6809 2 6810 8739
6810 3 6811 11575 29149
6811 3 4288 6189 6812
6812 5 6813 13262 27906 32030 32343
6813 1 6814
6814 2 6815 42086
6815 1 6816
6816 1 6817
6817 1 6818
6818 3 6819 19619 40955
6819 2 6820 45416
6820 4 2649 6821 17432 26693
6821 2 6822 9111
6822 1 6823
6823 2 6824 7171
6824 3 6825 16307 41487
6825 2 6826 37404
6826 2 6827 15672
6827 2 6828 42130
6828 1 6829
6829 2 6830 22518
6830 2 6831 36715
6831 2 6832 26882
6832 3 6833 20448 49459
6833 2 6834 33436
6834 4 6835 10240 19975 27173
6835 3 1331 6836 26828
6836 1 6837
6837 1 6838
6838 2 6839 42337
6839 3 6840 12446 47393
6840 4 6841 27281 32736 35701
6841 3 6554 6842 46685
6842 5 1004 6843 24904 26703 38916
6843 1 6844
6844 1 6845
6845 1 6846
6846 2 6847 46278
6847 1 6848
6848 1 6849
6849 1 6850
6850 1 6851
6851 2 6852 32388
6852 1 6853
6853 2 6854 45906
6854 4 6855 19583 21782 41787
6855 2 6856 28060
6856 2 6857 38800
6857 2 6858 36275
6858 1 6859
6859 3 2520 6860 49631
6860 4 6861 8782 24907 32651
6861 3 6862 30300 42406
6862 1 6863
6863 2 6864 17372
6864 1 6865
6865 3 6866 13319 22591
6866 1 6867
6867 1 6868
6868 2 6869 26386
6869 1 6870
6870 2 744 6871
6871 3 6872 8947 38311
6872 1 6873
6873 3 6874 19927 22143
6874 2 6875 30559
6875 1 6876
6876 3 6877 40291 41626
6877 1 6878
6878 3 6707 6879 20554
6879 2 6880 29919
6880 1 6881
6881 4 6882 7792 8218 20375
6882 3 6883 14587 36261
6883 2 6884 8982
6884 2 1295 6885
6885 4 4592 6886 9865 22579
6886 3 987 6887 15688
6887 2 6888 20396
6888 1 6889
6889 3 6890 37413 43207
6890 2 6891 24814
6891 2 6892 25677
6892 2 6893 18596
6893 1 6894
6894 2 4629 6895
6895 2 6896 20079
6896 2 6897 9890
6897 1 6898
6898 2 6899 24385
6899 4 6900 12994 14273 43140
6900 2 6901 45405
6901 2 5995 6902
6902 1 6903
6903 4 6904 7142 8111 11270
6904 2 6905 37353
6905 3 6906 8587 42641
6906 2 6907 43748
6907 5 2430 3893 6908 31530 44428
6908 2 6909 16588
6909 1 6910
6910 3 6911 7950 16591
6911 5 6792 6912 34158 48765 49580
6912 2 6913 38951
6913 1 6914
6914 2 6915 17230
6915 1 6916
6916 3 6917 11766 26060
6917 2 6918 24694
6918 1 6919
6919 2 6920 36027
6920 1 6921
6921 3 3328 6922 49267
6922 2 6923 13163
6923 1 6924
6924 2 6925 8500
6925 2 6926 27187
6926 1 6927
6927 3 2123 6928 37978
6928 1 6929
6929 2 6930 38580
6930 2 6931 25674
6931 4 6932 12474 26758 43695
6932 1 6933
6933 4 4668 6934 8274 22439
6934 3 6935 8469 35151
6935 4 6936 9199 29732 38117
6936 2 6937 47118
6937 1 6938
6938 1 6939
6939 4 1278 4405 6940 41812
6940 1 6941
6941 4 6942 10884 25048 47477
6942 2 6943 20531
6943 1 6944
6944 2 6945 31667
6945 2 6946 28408
6946 1 6947
6947 1 6948
6948 2 1973 6949
6949 2 6950 24264
6950 1 6951
6951 3 4105 6952 37213
6952 2 6953 9532
6953 1 6954
6954 1 6955
6955 1 6956
6956 1 6957
6957 2 6958 46610
6958 1 6959
6959 3 6960 18695 19730
6960 3 6961 22782 30057
6961 3 6962 38494 44039
6962 3 6963 14183 42174
6963 3 6964 11528 14635
6964 1 6965
6965 3 6966 14361 37188
6966 2 6175 6967
6967 2 6968 40949
6968 2 6969 24206
6969 2 6970 38033
6970 1 6971
6971 3 2369 6972 45657
6972 1 6973
6973 2 6974 37732
6974 3 6975 39455 46607
6975 2 6976 15310
6976 3 6977 10520 26125
6977 2 6978 33709
6978 2 84 6979
6979 1 6980
6980 1 6981
6981 1 6982
6982 2 6983 10339
6983 4 6984 25640 32261 34128
6984 4 6985 12986 25366 37949
6985 1 6986
6986 4 6987 8850 43563 47187
6987 2 6988 15722
6988 1 6989
6989 1 6990
6990 4 6991 20522 26691 27058
6991 1 6992
6992 3 6993 44158 48009
6993 2 6994 23720
6994 3 6995 14797 16330
6995 2 487 6996
6996 1 6997
6997 4 6998 9455 28683 49895
6998 1 6999
6999 1 7000
7000 2 7001 15110
7001 2 7002 9488
7002 1 7003
7003 1 7004
7004 1 7005
7005 4 7006 24575 30947 39642
7006 3 7007 13420 29148
7007 4 7008 16891 41366 49386
7008 1 7009
7009 1 7010
7010 2 1691 7011
7011 1 7012
7012 1 7013
7013 1 7014
7014 1 7015
7015 1 7016
7016 4 7017 13281 39913 46826
7017 1 7018
7018 1 7019
7019 1 7020
7020 3 7021 13642 27523
7021 1 7022
7022 2 7023 24751
7023 2 7024 44286
7024 2 7025 31992
7025 2 7026 43759
7026 1 7027
7027 1 7028
7028 2 4052 7029
7029 3 7030 7172 10383
7030 2 7031 46325
7031 2 7032 36982
7032 3 7033 8316 19307
7033 1 7034
7034 1 7035
7035 2 5279 7036
7036 1 7037
7037 4 7038 15530 16547 43132
7038 2 7039 40059
7039 2 7040 28012
7040 2 7041 41475
7041 2 7042 45522
7042 4 7043 7293 22833 42539
7043 3 7044 18346 47707
7044 2 7045 39759
7045 2 7046 29491
7046 3 2747 7047 17031
7047 2 7048 29597
7048 4 525 7049 10113 48466
7049 2 7050 29293
7050 2 1993 7051
7051 3 3015 7052 21536
7052 1 7053
7053 2 7054 42981
7054 3 7055 28993 37894
7055 1 7056
7056 2 1945 7057
7057 2 7058 16379
7058 3 7059 26488 33099
7059 1 7060
7060 1 7061
7061 1 7062
7062 2 7063 12143
7063 1 7064
7064 1 7065
7065 2 7066 11890
7066 3 7067 24872 46857
7067 3 815 7068 38450
7068 1 7069
7069 2 7070 39739
7070 3 7071 21108 38333
7071 1 7072
7072 2 7073 29325
7073 4 7074 11202 25394 30958
7074 2 7075 17689
7075 2 7076 29623
7076 2 7077 47354
7077 1 7078
7078 1 7079
7079 3 7080 22033 27506
7080 1 7081
7081 1 7082
7082 1 7083
7083 6 7084 10009 28187 32884 39541 45930
7084 2 7085 34757
7085 4 2203 4629 7086 38542
7086 2 7087 42828
7087 3 7088 22948 39782
7088 2 7089 40896
7089 3 7090 9164 45213
7090 1 7091
7091 1 7092
7092 2 7093 32502
7093 2 7094 49472
7094 2 6090 7095
7095 1 7096
7096 3 7097 19931 24404
7097 2 7098 40035
7098 5 4664 4885 7099 22321 49192
7099 2 1730 7100
7100 4 7101 29187 32504 44005
7101 2 6780 7102
7102 1 7103
7103 2 7104 43193
7104 1 7105
7105 1 7106
7106 3 7107 24391 26776
7107 4 7108 15305 20108 37685
7108 3 7109 31123 49660
7109 1 7110
7110 2 7111 16780
7111 2 7112 47869
7112 1 7113
7113 1 7114
7114 2 7115 16630
7115 2 7116 20938
7116 2 7117 10470
7117 1 7118
7118 2 5434 7119
7119 3 7120 19242 34000
7120 2 7121 31859
7121 2 7122 32349
7122 3 7123 16272 42216
7123 1 7124
7124 2 7125 32542
7125 3 7126 30270 31692
7126 2 7127 9999
7127 2 7128 48049
7128 2 7129 34662
7129 3 7130 7536 36312
7130 1 7131
7131 2 1080 7132
7132 2 1727 7133
7133 2 7134 29813
7134 3 7135 29800 39738
7135 1 7136
7136 2 401 7137
7137 1 7138
7138 2 7139 14578
7139 1 7140
7140 1 7141
7141 2 7142 30962
7142 1 7143
7143 1 7144
7144 1 7145
7145 1 7146
7146 3 7147 17851 38053
7147 1 7148
7148 2 7149 11061
7149 3 7150 32339 40604
7150 2 7151 45779
7151 1 7152
7152 4 7153 9412 23629 42805
7153 2 400 7154
7154 3 7155 24597 38440
7155 1 7156
7156 2 7157 27846
7157 2 7158 20573
7158 2 7159 12679
7159 1 7160
7160 1 7161
7161 1 7162
7162 1 7163
7163 1 7164
7164 2 7165 32658
7165 1 7166
7166 1 7167
7167 1 7168
7168 1 7169
7169 3 7170 7408 37124
7170 2 7171 11540
7171 3 7172 17318 44207
7172 2 7173 42972
7173 3 7174 28885 36996
7174 2 7175 44343
7175 1 7176
7176 2 7177 35629
7177 2 7178 47650
7178 1 7179
7179 2 7180 47825
7180 5 7181 11849 21763 29248 34008
7181 3 7182 28485 45355
7182 1 7183
7183 2 7184 23474
7184 1 7185
7185 1 7186
7186 1 7187
7187 2 7188 17985
7188 1 7189
7189 2 7190 46491
7190 3 7191 8414 10668
7191 2 7192 29749
7192 4 7193 20970 24172 34195
7193 1 7194
7194 5 1921 4251 7195 18295 19664
7195 2 7196 22794
7196 3 7197 18734 22143
7197 2 7198 38056
7198 2 7199 34201
7199 1 7200
7200 2 573 7201
7201 2 526 7202
7202 1 7203
7203 1 7204
7204 1 7205
7205 1 7206
7206 2 7207 38760
7207 2 7208 29307
7208 2 7209 20366
7209 2 7210 33208
7210 1 7211
7211 1 7212
7212 2 7213 31162
7213 2 7029 7214
7214 2 7215 12047
7215 1 7216
7216 1 7217
7217 1 7218
7218 2 7219 24973
7219 2 7220 37671
7220 3 7221 20246 37999
7221 2 7222 20919
7222 1 7223
7223 1 7224
7224 2 7225 41196
7225 1 7226
7226 2 2259 7227
7227 2 7228 29732
7228 1 7229
7229 2 7230 34218
7230 2 7231 36782
7231 1 7232
7232 1 7233
7233 5 555 7234 17247 20855 33214
7234 2 7235 30919
7235 2 7236 25842
7236 2 7237 45635
7237 2 7238 34314
7238 2 7239 29934
7239 1 7240
7240 2 7241 10176
7241 1 7242
7242 1 7243
7243 2 7244 33423
7244 2 7245 12249
7245 1 7246
7246 2 7247 34504
7247 1 7248
7248 4 7249 24374 36117 39708
7249 1 7250
7250 3 7251 16976 39095
7251 3 7252 7253 30381
7252 2 857 7253
7253 2 7254 41268
7254 2 7255 49085
7255 4 3886 7256 10252 36881
7256 1 7257
7257 2 7258 41593
7258 3 7259 17732 40904
7259 3 7260 14077 15968
7260 2 7261 23866
7261 3 7262 45424 47555
7262 2 7263 40794
7263 2 7264 11989
7264 2 7265 25703
7265 3 6418 7266 13391
7266 3 7267 13139 43945
7267 4 921 7268 15932 26840
7268 1 7269
7269 1 7270
7270 1 7271
7271 4 7272 15414 17355 25386
7272 1 7273
7273 1 7274
7274 2 7275 17133
7275 1 7276
7276 2 7277 12456
7277 1 7278
7278 1 7279
7279 3 7280 31662 47754
7280 3 7281 35889 36166
7281 3 7282 28974 33496
7282 1 7283
7283 1 7284
7284 2 7285 21680
7285 1 7286
7286 1 7287
7287 3 7288 21054 38830
7288 3 2910 7289 33159
7289 1 7290
7290 3 401 7291 43379
7291 4 1734 7292 15061 40648
7292 2 7293 14630
7293 1 7294
7294 1 7295
7295 4 7296 22532 41037 48782
7296 2 7297 22502
7297 3 7298 11521 46985
7298 1 7299
7299 1 7300
7300 2 7301 11995
7301 3 7302 19588 31896
7302 3 7303 22227 28889
7303 1 7304
7304 2 7305 45333
7305 1 7306
7306 1 7307
7307 1 7308
7308 3 7309 29229 40862
7309 3 7310 40011 42363
7310 2 7311 34812
7311 2 4629 7312
7312 2 7313 47781
7313 3 7314 25647 34330
7314 2 7315 27758
7315 3 5686 7316 23261
7316 2 7317 23677
7317 1 7318
7318 4 7319 14586 26441 30833
7319 1 7320
7320 3 7321 33416 49609
7321 4 7322 12903 22809 30322
7322 1 7323
7323 3 7324 12424 30338
7324 3 7210 7325 27423
7325 1 7326
7326 1 7327
7327 2 7328 14037
7328 2 7329 22011
7329 1 7330
7330 1 7331
7331 1 7332
7332 2 7333 38710
7333 2 7334 35622
7334 2 7335 8371
7335 2 3615 7336
7336 2 7337 17368
7337 2 7338 29233
7338 3 5623 7339 11901
7339 2 7340 17643
7340 1 7341
7341 1 7342
7342 4 7343 11343 23710 35394
7343 1 7344
7344 2 5210 7345
7345 1 7346
7346 2 7347 16824
7347 2 7348 20750
7348 4 7349 9988 15982 17637
7349 1 7350
7350 1 7351
7351 1 7352
7352 2 7353 43989
7353 2 7354 44781
7354 2 7355 17388
7355 2 7356 29311
7356 1 7357
7357 1 7358
7358 1 7359
7359 3 7360 22172 44059
7360 1 7361
7361 3 7362 22792 32823
7362 2 2813 7363
7363 3 7364 18515 44475
7364 3 365 7365 28823
7365 1 7366
7366 1 7367
7367 2 3424 7368
7368 2 7369 33541
7369 2 7370 7428
7370 2 7371 27911
7371 2 2265 7372
7372 1 7373
7373 1 7374
7374 3 7375 12183 16657
7375 2 7376 39876
7376 2 1397 7377
7377 4 7378 17350 32745 36606
7378 4 3674 7379 19322 47132
7379 1 7380
7380 2 7381 11214
7381 1 7382
7382 1 7383
7383 1 7384
7384 4 3199 7330 7385 15482
7385 3 7386 16826 43337
7386 2 7387 21198
7387 3 5396 7388 38753
7388 3 7389 31792 45743
7389 1 7390
7390 3 1267 7391 13458
7391 2 7392 34304
7392 3 7393 18283 40089
7393 2 7394 14141
7394 2 7395 43266
7395 4 7396 29465 35685 47750
7396 3 7397 16172 43517
7397 1 7398
7398 1 7399
7399 1 7400
7400 1 7401
7401 2 7402 23589
7402 3 7403 8932 33006
7403 2 7404 8831
7404 4 7405 37524 38858 46945
7405 2 7406 28025
7406 1 7407
7407 1 7408
7408 1 7409
7409 3 7410 9368 28733
7410 4 7411 10002 32673 49123
7411 4 3554 7412 32311 48392
7412 3 4984 7413 14566
7413 1 7414
7414 2 7415 10518
7415 2 7416 9480
7416 2 7417 11905
7417 1 7418
7418 2 7419 14131
7419 1 7420
7420 2 7421 24729
7421 1 7422
7422 1 7423
7423 1 7424
7424 4 7425 9416 15068 21965
7425 2 7426 30090
7426 3 4834 7427 8127
7427 2 7428 44515
7428 2 1619 7429
7429 1 7430
7430 1 7431
7431 2 7432 25610
7432 1 7433
7433 1 7434
7434 1 7435
7435 2 7436 30176
7436 1 7437
7437 1 7438
7438 1 7439
7439 2 7440 34007
7440 3 1797 7441 13535
7441 1 7442
7442 1 7443
7443 3 7444 14587 30529
7444 1 7445
7445 1 7446
7446 2 7447 19842
7447 1 7448
7448 5 7449 16375 24256 25439 47177
7449 1 7450
7450 2 7451 49891
7451 3 7452 23485 45838
7452 1 7453
7453 1 7454
7454 1 7455
7455 2 7456 38165
7456 1 7457
7457 3 7458 18332 37975
7458 2 5669 7459
7459 1 7460
7460 1 7461
7461 1 7462
7462 1 7463
7463 1 7464
7464 3 7465 15918 46042
7465 1 7466
7466 3 7467 34200 34343
7467 2 5782 7468
7468 1 7469
7469 1 7470
7470 4 7471 8022 15148 22175
7471 2 7472 13299
7472 3 7473 14236 24668
7473 1 7474
7474 2 7475 17106
7475 1 7476
7476 3 7477 16498 41500
7477 1 7478
7478 2 7479 35353
7479 3 7480 20219 31934
7480 1 7481
7481 2 7482 47234
7482 1 7483
7483 1 7484
7484 1 7485
7485 1 7486
7486 1 7487
7487 1 7488
7488 1 7489
7489 2 1169 7490
7490 1 7491
7491 2 7492 8450
7492 3 7493 15702 39427
7493 3 7494 12273 36106
7494 2 7495 17844
7495 2 7496 37166
7496 2 7497 40649
7497 2 7498 15518
7498 1 7499
7499 2 7500 32536
7500 1 7501
7501 1 7502
7502 4 2344 7503 18189 44003
7503 3 7504 9684 30872
7504 1 7505
7505 2 7506 43127
7506 4 1742 6640 7507 35609
7507 1 7508
7508 3 7509 15193 23916
7509 2 7510 49603
7510 4 2881 5095 7511 19207
7511 2 7512 45945
7512 3 7513 18335 45070
7513 1 7514
7514 3 7515 23182 34256
7515 3 3319 7516 24667
7516 1 7517
7517 1 7518
7518 1 7519
7519 3 7520 23277 32690
7520 2 7521 16433
7521 2 7522 35571
7522 2 7523 34672
7523 3 7524 32509 42437
7524 2 7525 31243
7525 4 6777 7526 18764 31331
7526 1 7527
7527 1 7528
7528 1 7529
7529 2 868 7530
7530 3 7531 8636 26286
7531 2 7532 9646
7532 1 7533
7533 2 4405 7534
7534 6 5641 7535 8109 22844 27000 37044
7535 1 7536
7536 2 7537 22299
7537 1 7538
7538 1 7539
7539 2 7540 47419
7540 4 7541 10817 16311 30004
7541 1 7542
7542 2 7543 12572
7543 1 7544
7544 1 7545
7545 3 7546 33968 42371
7546 3 7547 25581 42181
7547 3 7548 17248 45375
7548 3 7549 42060 47259
7549 1 7550
7550 1 7551
7551 2 7552 15727
7552 3 7553 14986 34942
7553 1 7554
7554 1 7555
7555 2 112 7556
7556 3 7557 16156 23270
7557 2 7558 42415
7558 2 7559 31573
7559 2 6826 7560
7560 2 7561 35329
7561 2 7562 18823
7562 3 7563 21970 25638
7563 2 3327 7564
7564 1 7565
7565 3 7265 7566 15875
7566 2 7567 48512
7567 2 3583 7568
7568 2 7569 21381
7569 1 7570
7570 3 7571 12812 16799
7571 1 7572
7572 2 7573 25982
7573 2 7574 18551
7574 1 7575
7575 2 7576 16035
7576 2 6245 7577
7577 1 7578
7578 3 3117 7579 13857
7579 1 7580
7580 2 7581 23466
7581 3 1990 7582 28494
7582 2 7583 13365
7583 1 7584
7584 1 7585
7585 1 7586
7586 3 7587 15674 42312
7587 2 7588 21937
7588 2 7589 47886
7589 4 7568 7590 8643 28073
7590 2 7591 42390
7591 2 7592 7625
7592 3 7593 30428 39267
7593 1 7594
7594 1 7595
7595 2 7596 10648
7596 2 6759 7597
7597 1 7598
7598 3 7599 21191 35000
7599 1 7600
7600 1 7601
7601 2 7602 37016
7602 4 7603 23132 25221 26428
7603 1 7604
7604 2 7605 43853
7605 3 3314 7606 45151
7606 2 7200 7607
7607 2 7608 36989
7608 4 7609 11277 19309 29920
7609 3 6781 7610 47707
7610 1 7611
7611 2 7612 20192
7612 2 7613 14877
7613 3 7614 22133 47760
7614 4 5473 7615 43919 44653
7615 2 7616 13520
7616 1 7617
7617 2 7618 8193
7618 1 7619
7619 1 7620
7620 3 7621 10065 48776
7621 1 7622
7622 2 7623 40723
7623 2 7624 25333
7624 1 7625
7625 1 7626
7626 1 7627
7627 1 7628
7628 2 7629 23972
7629 1 7630
7630 5 7631 12553 27396 42608 48248
7631 2 7632 40308
7632 1 7633
7633 2 7634 27205
7634 2 7635 33005
7635 1 7636
7636 1 7637
7637 3 7508 7638 10114
7638 3 7639 13589 31204
7639 1 7640
7640 1 7641
7641 5 7642 27772 35810 42297 45804
7642 4 3046 5522 7643 44729
7643 1 7644
7644 3 6278 7645 42976
7645 2 7646 10608
7646 1 7647
7647 1 7648
7648 2 7649 9469
7649 1 7650
7650 1 7651
7651 2 7652 34046
7652 1 7653
7653 3 7654 22340 49047
7654 2 7655 20021
7655 1 7656
7656 2 7657 36293
7657 4 7658 8405 12532 38127
7658 2 7659 11004
7659 3 2690 7660 48612
7660 1 7661
7661 4 2538 7525 7662 30993
7662 2 7663 46786
7663 3 7664 28068 48738
7664 2 7665 23638
7665 2 7666 16194
7666 4 7667 32899 33582 43654
7667 1 7668
7668 4 167 3951 7669 43179
7669 2 7670 16333
7670 1 7671
7671 2 7672 48501
7672 4 5799 7673 16298 19858
7673 2 998 7674
7674 4 7675 14315 22574 44510
7675 1 7676
7676 2 7677 29878
7677 2 361 7678
7678 2 7679 48024
7679 3 7680 40743 46891
7680 1 7681
7681 2 7682 8546
7682 1 7683
7683 2 79 7684
7684 2 7685 42515
7685 2 7686 48089
7686 1 7687
7687 2 7688 20064
7688 1 7689
7689 4 7690 26219 36018 37480
7690 2 7691 35711
7691 2 7692 45273
7692 2 6294 7693
7693 5 7694 23013 28954 34623 48232
7694 2 7695 29712
7695 3 7696 12420 24604
7696 1 7697
7697 3 173 7698 16896
7698 2 7699 29888
7699 3 3663 7700 38170
7700 3 7701 9974 37543
7701 6 7702 14113 32612 34996 36824 40720
7702 2 7703 17618
7703 1 7704
7704 1 7705
7705 3 7706 30692 34506
7706 2 7707 13543
7707 3 7708 12716 41260
7708 1 7709
7709 1 7710
7710 4 3916 7711 24495 25677
7711 2 5655 7712
7712 1 7713
7713 2 7714 36052
7714 1 7715
7715 2 7716 16182
7716 2 6386 7717
7717 2 7718 16788
7718 2 7719 33943
7719 3 7720 18032 48663
7720 2 7721 29062
7721 2 7722 40207
7722 3 5824 7723 41130
7723 2 2644 7724
7724 1 7725
7725 4 7726 8646 18480 48327
7726 2 7727 28674
7727 1 7728
7728 1 7729
7729 1 7730
7730 1 7731
7731 1 7732
7732 3 7733 27769 38255
7733 1 7734
7734 1 7735
7735 3 7736 38789 47422
7736 1 7737
7737 4 3092 7738 22706 33238
7738 3 4630 6563 7739
7739 3 7740 42323 49304
7740 2 7741 42360
7741 1 7742
7742 3 7743 26472 30200
7743 3 2260 7744 35897
7744 2 7745 43810
7745 2 5485 7746
7746 1 7747
7747 3 7748 26739 28279
7748 1 7749
7749 1 7750
7750 3 7751 13883 38232
7751 1 7752
7752 3 5776 7753 15482
7753 4 4387 7754 12484 28592
7754 2 7755 23238
7755 1 7756
7756 2 7757 44088
7757 4 7758 20187 32885 43471
7758 4 7759 11404 21633 35114
7759 2 7760 48511
7760 1 7761
7761 1 7762
7762 2 7763 25082
7763 1 7764
7764 2 7765 13697
7765 5 3158 6347 7766 28866 48291
7766 2 7767 42164
7767 1 7768
7768 1 7769
7769 2 7770 20222
7770 1 7771
7771 2 7772 15763
7772 2 7773 39680
7773 1 7774
7774 1 7775
7775 2 7776 28076
7776 2 7777 41352
7777 2 7778 17493
7778 3 7779 19161 30869
7779 2 5117 7780
7780 3 7781 9025 32927
7781 1 7782
7782 1 7783
7783 2 7784 32506
7784 3 7785 19192 44885
7785 3 7786 17057 39667
7786 1 7787
7787 2 7788 26119
7788 2 7789 19063
7789 3 7790 20155 36349
7790 1 7791
7791 2 7792 29677
7792 2 2975 7793
7793 2 7794 33268
7794 5 7795 10891 14929 21520 37940
7795 2 7796 41127
7796 4 7797 19273 44475 49390
7797 4 7798 13102 22377 30657
7798 4 4387 7799 13578 18703
7799 2 161 7800
7800 2 7801 23902
7801 2 7802 33299
7802 1 7803
7803 1 7804
7804 2 7805 8268
7805 2 7806 18377
7806 3 7807 17954 31955
7807 2 7808 23063
7808 3 7809 25001 29397
7809 2 7810 43088
7810 1 7811
7811 3 609 7812 48422
7812 1 7813
7813 2 7814 16770
7814 2 7815 8650
7815 2 3672 7816
7816 3 7817 38210 47731
7817 2 7818 22114
7818 1 7819
7819 1 7820
7820 1 7821
7821 2 6366 7822
7822 3 2964 7823 32756
7823 2 7824 43161
7824 1 7825
7825 2 1064 7826
7826 2 13 7827
7827 3 7828 8034 45296
7828 1 7829
7829 2 7830 47324
7830 4 7831 21906 32632 34958
7831 4 7832 13714 32165 33443
7832 2 7833 9420
7833 2 7834 40658
7834 1 7835
7835 2 7836 24222
7836 4 7837 10869 17812 40983
7837 2 7838 34264
7838 2 7839 25509
7839 2 7840 17018
7840 1 7841
7841 3 4979 7842 21962
7842 1 7843
7843 2 7844 22110
7844 2 7845 42562
7845 1 7846
7846 3 3307 7847 23837
7847 2 7848 48314
7848 1 7849
7849 1 7850
7850 3 6126 7851 48988
7851 1 7852
7852 2 7853 44246
7853 1 7854
7854 1 7855
7855 3 7856 23038 41263
7856 1 7857
7857 1 7858
7858 1 7859
7859 2 7860 21611
7860 2 7861 33021
7861 3 7862 10961 25513
7862 4 7863 11917 25075 32985
7863 2 4605 7864
7864 1 7865
7865 2 7866 33665
7866 3 5298 6143 7867
7867 3 7868 13037 36127
7868 1 7869
7869 3 4661 7870 36087
7870 1 7871
7871 2 7872 24562
7872 2 7873 9308
7873 2 1919 7874
7874 1 7875
7875 1 7876
7876 1 7877
7877 1 7878
7878 1 7879
7879 5 2572 7880 26764 37345 39525
7880 2 7881 25566
7881 2 7882 33056
7882 1 7883
7883 2 7884 48269
7884 2 7885 30851
7885 4 1042 7886 12518 34704
7886 2 7887 31940
7887 1 7888
7888 4 7435 7889 27540 40567
7889 1 7890
7890 2 3988 7891
7891 3 7892 9770 18170
7892 1 7893
7893 1 7894
7894 3 7895 14020 15654
7895 1 7896
7896 1 7897
7897 4 1209 7898 11434 21689
7898 1 7899
7899 3 7900 36539 43254
7900 1 7901
7901 2 7902 42536
7902 2 7903 16357
7903 3 6107 7904 13368
7904 2 7905 25297
7905 1 7906
7906 1 7907
7907 1 7908
7908 3 64 7909 24558
7909 2 351 7910
7910 6 7911 17121 27721 36916 45199 48857
7911 1 7912
7912 2 1715 7913
7913 1 7914
7914 3 2329 7915 9756
7915 1 7916
7916 2 7917 28949
7917 1 7918
7918 2 1026 7919
7919 3 7920 26596 26607
7920 2 5948 7921
7921 3 7922 23234 45001
7922 1 7923
7923 4 5057 7924 13472 39908
7924 1 7925
7925 2 3329 7926
7926 1 7927
7927 1 7928
7928 1 7929
7929 1 7930
7930 4 7931 20227 29057 37970
7931 2 7932 19020
7932 3 7933 33350 38626
7933 2 7934 28745
7934 2 7935 31273
7935 2 5458 7936
7936 1 7937
7937 3 7938 15436 42838
7938 3 7939 27431 43328
7939 4 7940 10630 42841 46197
7940 2 7941 44456
7941 2 7942 44563
7942 1 7943
7943 6 7944 10071 12772 34206 34559 35420
7944 1 7945
7945 2 7946 43675
7946 2 7947 31992
7947 2 7948 33171
7948 3 7949 8521 43098
7949 1 7950
7950 1 7951
7951 3 7952 22587 41933
7952 1 7953
7953 2 7954 8470
7954 1 7955
7955 2 7956 36510
7956 1 7957
7957 1 7958
7958 1 7959
7959 1 7960
7960 1 7961
7961 2 2832 7962
7962 2 7963 12869
7963 2 1905 7964
7964 1 7965
7965 1 7966
7966 2 7967 39939
7967 1 7968
7968 1 7969
7969 2 7594 7970
7970 2 7971 20152
7971 3 6405 7972 35200
7972 2 7973 45336
7973 1 7974
7974 2 4359 7975
7975 1 7976
7976 1 7977
7977 3 7978 32808 42719
7978 5 1844 7979 17419 34550 42496
7979 1 7980
7980 1 7981
7981 4 7982 28401 38785 46224
7982 1 7983
7983 3 7984 16359 21173
7984 1 7985
7985 2 7986 24727
7986 2 3103 7987
7987 3 7988 8866 38953
7988 3 2478 7989 15900
7989 1 7990
7990 1 7991
7991 2 7992 46106
7992 1 7993
7993 1 7994
7994 2 7995 29177
7995 2 5237 7996
7996 1 7997
7997 3 7998 14446 16865
7998 1 7999
7999 2 8000 42083
8000 1 8001
8001 1 8002
8002 2 8003 23333
8003 2 8004 9632
8004 1 8005
8005 1 8006
8006 3 8007 30519 32078
8007 3 8008 13785 47836
8008 2 8009 39379
8009 3 6208 8010 37635
8010 1 8011
8011 5 2978 8012 27774 31393 47076
8012 1 8013
8013 1 8014
8014 2 8015 8611
8015 2 8016 31176
8016 2 8017 11880
8017 4 1032 8018 32038 41058
8018 3 8019 16784 25311
8019 1 8020
8020 2 8021 15475
8021 1 8022
8022 2 8023 35736
8023 1 8024
8024 1 8025
8025 1 8026
8026 2 2361 8027
8027 1 8028
8028 2 8029 28902
8029 2 3963 8030
8030 2 8031 43936
8031 3 8032 27608 47263
8032 4 6983 8033 10363 30324
8033 2 8034 26086
8034 2 8035 28241
8035 3 2146 4468 8036
8036 4 8037 16135 24180 44008
8037 3 8038 34631 35246
8038 2 8039 44325
8039 3 4165 8040 15196
8040 4 5897 8041 15683 31477
8041 3 8042 44892 49733
8042 2 2149 8043
8043 2 2960 8044
8044 1 8045
8045 4 4027 8046 17676 36190
8046 1 8047
8047 2 8048 42712
8048 3 8049 37768 47612
8049 2 8050 41016
8050 1 8051
8051 1 8052
8052 2 8053 36767
8053 2 8054 29359
8054 2 8055 20747
8055 1 8056
8056 4 8057 13493 26154 35884
8057 2 8058 9080
8058 1 8059
8059 3 8060 49027 49264
8060 2 8061 40362
8061 2 8062 35748
8062 3 6259 8063 22092
8063 2 8064 22423
8064 1 8065
8065 3 8066 14178 17112
8066 2 8067 17461
8067 2 8068 27751
8068 1 8069
8069 2 8070 25274
8070 1 8071
8071 1 8072
8072 3 1792 8073 39652
8073 3 3009 3927 8074
8074 1 8075
8075 3 8076 22757 49945
8076 1 8077
8077 1 8078
8078 2 8079 49165
8079 1 8080
8080 1 8081
8081 2 8082 12758
8082 2 8083 22403
8083 2 8084 12556
8084 1 8085
8085 2 8086 25562
8086 2 8087 39086
8087 1 8088
8088 4 8089 9757 46645 47062
8089 3 8090 32540 37764
8090 2 8091 46387
8091 1 8092
8092 1 8093
8093 3 8094 27417 35125
8094 1 8095
8095 1 8096
8096 4 8097 28087 28870 38262
8097 2 8098 31383
8098 2 8099 35938
8099 1 8100
8100 1 8101
8101 3 8102 26485 27607
8102 2 8103 46054
8103 2 8104 38992
8104 1 8105
8105 1 8106
8106 1 8107
8107 3 706 8108 19616
8108 1 8109
8109 1 8110
8110 5 8111 12284 32308 32712 49450
8111 1 8112
8112 1 8113
8113 2 1989 8114
8114 2 8115 39084
8115 2 8116 35367
8116 2 8117 41232
8117 2 8118 49449
8118 3 8119 20687 39950
8119 1 8120
8120 1 8121
8121 3 6532 8122 17846
8122 1 8123
8123 2 8124 47976
8124 1 8125
8125 2 8126 41183
8126 2 8127 13321
8127 1 8128
8128 1 8129
8129 2 7148 8130
8130 1 8131
8131 1 8132
8132 1 8133
8133 2 8134 21866
8134 5 8135 13556 20346 28132 40358
8135 5 5749 8136 27337 32945 37231
8136 3 8137 21400 26553
8137 1 8138
8138 3 8139 10908 49234
8139 1 8140
8140 2 8141 34654
8141 1 8142
8142 1 8143
8143 1 8144
8144 1 8145
8145 2 8146 30791
8146 3 8147 23154 25477
8147 2 8148 37923
8148 1 8149
8149 2 5130 8150
8150 3 5894 8151 33327
8151 1 8152
8152 1 8153
8153 3 8154 13209 47565
8154 1 8155
8155 4 5113 8156 16154 37587
8156 2 8157 10299
8157 2 8158 23349
8158 2 8159 21475
8159 3 8160 36136 49335
8160 3 8147 8161 36230
8161 3 8162 19779 42265
8162 2 8163 34816
8163 3 8164 8315 46786
8164 3 8165 10192 38017
8165 3 8166 11129 11201
8166 2 6033 8167
8167 1 8168
8168 1 8169
8169 2 6943 8170
8170 2 8171 14710
8171 1 8172
8172 2 8173 45508
8173 4 8174 23858 28488 32708
8174 3 8175 44647 49006
8175 3 8176 27816 28763
8176 2 8177 43280
8177 2 8178 38124
8178 2 8179 14047
8179 2 6077 8180
8180 2 4304 8181
8181 2 8182 42483
8182 1 8183
8183 2 8184 21015
8184 4 5180 8185 23195 46664
8185 1 8186
8186 1 8187
8187 2 8188 8792
8188 4 8189 14186 23071 45801
8189 3 3169 8190 22661
8190 1 8191
8191 2 8192 9390
8192 1 8193
8193 1 8194
8194 2 2421 8195
8195 2 6316 8196
8196 3 8197 28211 28555
8197 2 8198 14318
8198 1 8199
8199 1 8200
8200 3 8201 16207 45460
8201 2 8202 10805
8202 2 8203 30677
8203 4 8204 15997 39667 41562
8204 1 8205
8205 1 8206
8206 1 8207
8207 1 8208
8208 3 8209 33963 36701
8209 3 1191 8210 15493
8210 1 8211
8211 2 8212 33522
8212 2 5027 8213
8213 2 8214 37567
8214 2 5359 8215
8215 4 4864 8216 27833 33016
8216 1 8217
8217 1 8218
8218 1 8219
8219 1 8220
8220 3 8221 24947 48059
8221 2 8222 10205
8222 2 8223 44215
8223 2 8224 48520
8224 1 8225
8225 2 8226 27420
8226 2 8227 47295
8227 2 8228 25682
8228 1 8229
8229 1 8230
8230 1 8231
8231 1 8232
8232 2 8233 29563
8233 2 8234 47451
8234 2 274 8235
8235 2 8236 38209
8236 2 1110 8237
8237 2 8238 42952
8238 2 8239 16998
8239 2 8240 45259
8240 2 8241 48882
8241 2 8242 15885
8242 1 8243
8243 1 8244
8244 1 8245
8245 1 8246
8246 1 8247
8247 2 8248 18810
8248 3 8249 10120 43491
8249 1 8250
8250 1 8251
8251 2 8252 35880
8252 1 8253
8253 1 8254
8254 2 8255 38753
8255 2 5590 8256
8256 2 8257 11387
8257 1 8258
8258 2 8259 31655
8259 2 8260 38235
8260 1 8261
8261 1 8262
8262 1 8263
8263 2 8264 48899
8264 4 8265 18020 27530 38455
8265 2 19 8266
8266 1 8267
8267 1 8268
8268 2 8269 18696
8269 1 8270
8270 5 8271 10832 27055 36645 44428
8271 4 8272 21446 22515 37421
8272 2 8273 29064
8273 2 8274 46106
8274 1 8275
8275 2 8276 32068
8276 2 8277 21804
8277 3 5883 8278 28776
8278 2 3218 8279
8279 2 8280 9036
8280 2 8281 23465
8281 1 8282
8282 1 8283
8283 3 8284 19450 43963
8284 1 8285
8285 1 8286
8286 2 8287 9744
8287 1 8288
8288 3 4615 8289 23833
8289 1 8290
8290 2 8291 49245
8291 2 8292 14327
8292 4 8293 13731 26594 28693
8293 2 4962 8294
8294 1 8295
8295 1 8296
8296 1 8297
8297 2 8298 46737
8298 1 8299
8299 3 8300 33922 48873
8300 2 8301 19720
8301 3 3950 8302 33957
8302 2 8303 36228
8303 1 8304
8304 2 8305 29479
8305 2 5752 8306
8306 3 8307 25469 33672
8307 2 8308 40580
8308 2 8309 9916
8309 5 8310 10100 20840 21573 34730
8310 2 5345 8311
8311 1 8312
8312 1 8313
8313 2 7241 8314
8314 1 8315
8315 1 8316
8316 3 8317 24881 31129
8317 1 8318
8318 1 8319
8319 1 8320
8320 3 8321 20667 42640
8321 1 8322
8322 2 8323 20507
8323 1 8324
8324 2 8325 43794
8325 1 8326
8326 4 8327 13946 26564 44745
8327 2 8328 20165
8328 1 8329
8329 2 8330 18106
8330 2 8331 13740
8331 2 8332 12585
8332 3 8333 12920 24688
8333 2 8334 29583
8334 2 8335 10841
8335 1 8336
8336 1 8337
8337 2 8338 36228
8338 1 8339
8339 4 2805 8340 30083 49755
8340 2 8341 13124
8341 2 8342 25711
8342 2 8224 8343
8343 3 8344 36427 47861
8344 2 8345 13077
8345 2 8346 21981
8346 2 3142 8347
8347 1 8348
8348 2 8349 38407
8349 3 1864 8350 29399
8350 1 8351
8351 2 4330 8352
8352 2 4973 8353
8353 4 3857 8354 8908 22387
8354 4 8355 29941 31437 32536
8355 2 8356 40511
8356 2 8357 43021
8357 1 8358
8358 3 8359 13191 31560
8359 1 8360
8360 1 8361
8361 4 8362 17667 18382 21388
8362 4 3973 8363 34300 45646
8363 3 8364 30761 32300
8364 2 8365 10422
8365 2 7699 8366
8366 3 2321 2665 8367
8367 2 8368 23093
8368 1 8369
8369 1 8370
8370 2 8371 41080
8371 1 8372
8372 1 8373
8373 1 8374
8374 1 8375
8375 1 8376
8376 2 8377 37498
8377 1 8378
8378 1 8379
8379 1 8380
8380 2 8381 19804
8381 2 8382 45644
8382 2 8383 24995
8383 2 8384 49085
8384 2 8385 37247
8385 1 8386
8386 2 8387 11635
8387 1 8388
8388 2 8389 15643
8389 2 1376 8390
8390 1 8391
8391 5 8392 17700 35046 35631 42619
8392 2 8393 13126
8393 3 8394 37658 40261
8394 2 8395 20097
8395 2 8396 13843
8396 3 6672 8397 45110
8397 2 8398 43517
8398 1 8399
8399 3 8400 24233 27238
8400 2 8401 14034
8401 1 8402
8402 4 8403 38569 41843 48636
8403 2 8404 13956
8404 2 8405 13039
8405 5 8406 20279 20438 47909 48214
8406 1 8407
8407 3 8408 32341 34770
8408 3 6055 8409 39858
8409 1 8410
8410 2 8411 26381
8411 1 8412
8412 2 8413 20180
8413 2 8414 20258
8414 2 8415 11074
8415 2 8416 20473
8416 1 8417
8417 4 8418 20942 36904 38384
8418 1 8419
8419 1 8420
8420 2 8421 40987
8421 2 8422 16609
8422 3 8423 33226 43199
8423 3 558 706 8424
8424 4 8425 8704 10909 37980
8425 2 8426 41207
8426 3 8427 18594 19048
8427 2 8428 23582
8428 1 8429
8429 3 8430 35889 48528
8430 2 8431 20875
8431 3 8432 29189 34570
8432 2 8433 11211
8433 1 8434
8434 2 3886 8435
8435 3 5047 8436 16069
8436 2 8437 15968
8437 2 6190 8438
8438 1 8439
8439 2 8440 14707
8440 1 8441
8441 2 8442 17004
8442 2 5901 8443
8443 1 8444
8444 1 8445
8445 2 6109 8446
8446 2 7748 8447
8447 4 8448 10035 10931 36374
8448 3 8449 11036 42274
8449 1 8450
8450 1 8451
8451 3 8452 25484 32507
8452 2 8453 27423
8453 3 8454 20927 38251
8454 1 8455
8455 1 8456
8456 2 8457 17164
8457 2 5133 8458
8458 1 8459
8459 2 8460 10380
8460 2 8461 48987
8461 3 2290 8462 10975
8462 2 8463 21539
8463 1 8464
8464 3 8465 20935 42771
8465 2 8466 40727
8466 1 8467
8467 1 8468
8468 3 7792 8469 11259
8469 3 7341 8470 35501
8470 4 8471 10448 10938 25805
8471 1 8472
8472 1 8473
8473 2 8474 25684
8474 2 8475 25434
8475 2 8476 13480
8476 1 8477
8477 1 8478
8478 1 8479
8479 3 8480 13683 33742
8480 1 8481
8481 1 8482
8482 2 8483 31568
8483 2 8484 48077
8484 3 8485 29338 43696
8485 2 8486 23979
8486 2 8487 43330
8487 2 8488 47113
8488 3 8489 8955 43645
8489 1 8490
8490 2 8491 16103
8491 1 8492
8492 2 5482 8493
8493 1 8494
8494 1 8495
8495 2 8496 43596
8496 3 8497 23496 46626
8497 2 8498 26311
8498 4 7505 8499 16835 43949
8499 1 8500
8500 4 6210 6996 8207 8501
8501 2 8502 33366
8502 3 8503 25246 42247
8503 1 8504
8504 3 4478 8505 48992
8505 3 5066 8506 41132
8506 1 8507
8507 3 8508 33949 35704
8508 3 8509 15189 38923
8509 3 8510 19674 48901
8510 4 8490 8511 22074 38393
8511 2 8512 44998
8512 3 8513 12596 25124
8513 1 8514
8514 2 8515 35262
8515 3 8516 13485 40550
8516 1 8517
8517 5 1276 8518 11999 29477 38227
8518 1 8519
8519 2 8520 26320
8520 2 4222 8521
8521 3 3802 8522 37393
8522 1 8523
8523 1 8524
8524 2 3245 8525
8525 3 8526 22568 38818
8526 2 8527 36128
8527 2 5670 8528
8528 2 6221 8529
8529 3 1159 7552 8530
8530 2 8531 17628
8531 2 8532 46648
8532 2 8533 17832
8533 2 8534 47344
8534 1 8535
8535 2 8536 21931
8536 2 8537 15401
8537 2 8538 35107
8538 1 8539
8539 1 8540
8540 1 8541
8541 2 8542 11914
8542 1 8543
8543 1 8544
8544 1 8545
8545 2 8546 40439
8546 2 8547 9888
8547 3 8548 15858 31370
8548 5 586 8549 24991 35558 38052
8549 5 8550 27469 27521 42542 49650
8550 3 8551 18516 48456
8551 2 8552 37103
8552 1 8553
8553 2 8554 34052
8554 2 8555 27583
8555 3 820 8556 47295
8556 1 8557
8557 1 8558
8558 1 8559
8559 3 8560 14636 38481
8560 1 8561
8561 2 8562 45359
8562 1 8563
8563 3 8564 12712 28558
8564 2 2876 8565
8565 2 8566 40828
8566 3 8567 22109 44440
8567 2 8568 28825
8568 2 8569 26543
8569 1 8570
8570 3 8571 38979 42343
8571 2 8572 14289
8572 1 8573
8573 4 6486 8574 11027 37810
8574 2 3975 8575
8575 3 8576 17465 23018
8576 2 8577 9424
8577 1 8578
8578 2 8579 18874
8579 3 8580 21997 48646
8580 1 8581
8581 1 8582
8582 2 1011 8583
8583 2 8175 8584
8584 2 8585 49034
8585 2 8586 13955
8586 2 8587 27808
8587 2 8588 39587
8588 2 8589 44875
8589 3 8590 24866 38363
8590 1 8591
8591 1 8592
8592 1 8593
8593 1 8594
8594 1 8595
8595 2 8596 45903
8596 1 8597
8597 1 8598
8598 2 8599 37772
8599 1 8600
8600 1 8601
8601 3 8602 10299 16292
8602 2 8603 29976
8603 1 8604
8604 1 8605
8605 1 8606
8606 1 8607
8607 3 8608 15346 38190
8608 2 8609 45255
8609 1 8610
8610 4 5585 8611 23451 36397
8611 3 5973 8612 43561
8612 2 8613 30569
8613 2 8614 43593
8614 3 8615 8809 19990
8615 2 8616 22573
8616 1 8617
8617 2 8618 46967
8618 1 8619
8619 1 8620
8620 5 1814 2503 7010 8056 8621
8621 2 8622 33932
8622 2 1863 8623
8623 2 8624 34943
8624 6 7174 8625 19951 25932 36260 48816
8625 2 8626 37218
8626 1 8627
8627 2 8628 47440
8628 2 8629 27850
8629 2 8630 36907
8630 2 8631 20847
8631 2 195 8632
8632 1 8633
8633 3 8134 8634 22572
8634 2 8635 25939
8635 1 8636
8636 1 8637
8637 1 8638
8638 2 8639 8760
8639 2 8640 24084
8640 2 8641 36715
8641 2 8642 25105
8642 1 8643
8643 1 8644
8644 1 8645
8645 3 8646 30635 47758
8646 3 3573 8647 35287
8647 1 8648
8648 1 8649
8649 2 8650 15375
8650 1 8651
8651 1 8652
8652 1 8653
8653 2 8654 47960
8654 2 2886 8655
8655 2 8656 21076
8656 3 8657 28200 45260
8657 2 8658 29633
8658 1 8659
8659 3 2946 8660 20806
8660 2 7935 8661
8661 2 8662 21379
8662 1 8663
8663 5 648 1068 3758 8664 18204
8664 1 8665
8665 2 8666 24124
8666 1 8667
8667 1 8668
8668 1 8669
8669 3 8670 14259 22971
8670 3 3330 8671 12813
8671 1 8672
8672 2 8673 39102
8673 3 8674 8962 42536
8674 3 8675 9804 33867
8675 1 8676
8676 2 8677 43260
8677 1 8678
8678 3 8679 18551 33221
8679 3 1597 8680 40108
8680 2 8681 33262
8681 3 657 6736 8682
8682 1 8683
8683 2 8684 27571
8684 1 8685
8685 1 8686
8686 2 8687 17692
8687 2 8688 23048
8688 3 418 8689 32578
8689 2 8690 21693
8690 1 8691
8691 2 8692 33040
8692 1 8693
8693 2 8694 30397
8694 2 8695 25421
8695 1 8696
8696 1 8697
8697 4 501 8698 12415 30095
8698 2 8699 42093
8699 1 8700
8700 3 3411 8701 46273
8701 2 8702 17191
8702 2 8703 33144
8703 1 8704
8704 1 8705
8705 1 8706
8706 1 8707
8707 3 8150 8708 43329
8708 3 3551 8709 43763
8709 2 8710 17417
8710 1 8711
8711 1 8712
8712 2 8627 8713
8713 2 8714 35050
8714 2 8715 16138
8715 3 8716 13161 27197
8716 2 742 8717
8717 2 8718 31841
8718 2 8719 37955
8719 1 8720
8720 2 2140 8721
8721 2 8722 41347
8722 2 8723 17412
8723 3 8724 13901 30957
8724 2 8725 49961
8725 2 8726 21506
8726 2 8727 35454
8727 3 1071 8728 40613
8728 2 8729 10793
8729 1 8730
8730 2 8731 38841
8731 3 8732 13408 47805
8732 2 8733 40257
8733 2 8734 37983
8734 1 8735
8735 1 8736
8736 1 8737
8737 1 8738
8738 4 5309 8739 14359 48859
8739 2 8740 11103
8740 2 8741 26805
8741 1 8742
8742 3 8743 10856 19847
8743 1 8744
8744 4 7371 8745 36110 47359
8745 1 8746
8746 2 8747 34588
8747 2 8748 12230
8748 2 8749 21275
8749 1 8750
8750 2 8751 8839
8751 1 8752
8752 4 284 8753 11878 29590
8753 1 8754
8754 4 8755 42808 46071 46817
8755 2 8756 14292
8756 1 8757
8757 1 8758
8758 2 8759 39508
8759 2 8760 29091
8760 3 8761 12777 28820
8761 2 8762 41979
8762 1 8763
8763 2 2095 8764
8764 1 8765
8765 2 8766 39954
8766 2 8767 25138
8767 4 8768 45861 47683 47785
8768 3 8769 25777 45828
8769 5 7853 8770 22388 33753 46305
8770 3 415 8771 36454
8771 3 8772 12862 28883
8772 1 8773
8773 3 3159 8774 42484
8774 2 8775 49385
8775 2 8776 21225
8776 2 8777 29322
8777 2 8778 32101
8778 2 8779 27942
8779 2 8780 14079
8780 3 8781 25102 43841
8781 2 8782 27539
8782 2 8783 26945
8783 2 8784 25302
8784 3 8785 14835 16234
8785 2 8786 13440
8786 4 8787 14065 43525 46702
8787 1 8788
8788 3 2747 8789 22752
8789 4 8790 26584 38046 43126
8790 1 8791
8791 1 8792
8792 3 8793 26687 42554
8793 2 2495 8794
8794 2 8795 28034
8795 2 8796 44671
8796 1 8797
8797 3 8798 16412 30983
8798 3 8799 32774 48529
8799 2 8800 25544
8800 1 8801
8801 2 5631 8802
8802 1 8803
8803 2 5904 8804
8804 2 8805 29206
8805 2 8806 29778
8806 2 8807 43834
8807 2 8808 34412
8808 1 8809
8809 2 8810 34833
8810 2 8811 48491
8811 2 8812 20084
8812 2 8813 35288
8813 2 8814 42895
8814 3 8815 34607 42385
8815 2 2624 8816
8816 3 4844 8817 28785
8817 2 4373 8818
8818 2 8819 19910
8819 1 8820
8820 2 8821 20326
8821 2 8822 35016
8822 1 8823
8823 3 2624 8824 18986
8824 4 8825 20990 38008 47440
8825 3 8826 17786 29316
8826 4 435 8827 21369 36971
8827 2 8828 34092
8828 2 8829 20870
8829 1 8830
8830 3 2388 8831 16893
8831 1 8832
8832 2 8833 34101
8833 1 8834
8834 1 8835
8835 3 8836 39128 42049
8836 2 8837 19697
8837 2 8838 26171
8838 1 8839
8839 1 8840
8840 3 8841 9022 15461
8841 3 4952 8842 13284
8842 2 638 8843
8843 5 581 1499 8844 14210 43348
8844 2 8845 20417
8845 1 8846
8846 1 8847
8847 1 8848
8848 2 6134 8849
8849 2 8850 20886
8850 2 8851 34229
8851 3 1347 8852 20897
8852 2 8853 16684
8853 1 8854
8854 1 8855
8855 2 8856 11545
8856 1 8857
8857 4 8858 10195 15801 18179
8858 2 3395 8859
8859 3 8860 23728 38795
8860 1 8861
8861 1 8862
8862 4 8863 25599 39337 45917
8863 2 8864 22071
8864 3 8865 22558 26241
8865 4 8866 9131 24188 26093
8866 2 8867 23279
8867 2 1991 8868
8868 1 8869
8869 4 7901 8870 15792 34161
8870 3 1587 8871 45422
8871 2 8872 32587
8872 2 8873 28460
8873 2 3087 8874
8874 1 8875
8875 1 8876
8876 2 8877 46723
8877 2 8878 30983
8878 4 8879 10499 39380 40747
8879 2 7404 8880
8880 3 6472 8881 38585
8881 2 8882 29916
8882 2 8883 11582
8883 1 8884
8884 4 3254 3257 8885 17966
8885 2 8886 9169
8886 2 8887 42977
8887 3 3768 8888 14198
8888 2 8889 29300
8889 2 1844 8890
8890 1 8891
8891 2 8892 26537
8892 4 1987 4745 5203 8893
8893 2 8894 35685
8894 4 8895 24718 30046 47256
8895 3 8896 30398 34475
8896 1 8897
8897 4 5059 8898 23895 29619
8898 1 8899
8899 2 8900 32213
8900 3 2553 8901 23861
8901 1 8902
8902 1 8903
8903 2 8904 37528
8904 3 8905 24288 46914
8905 1 8906
8906 1 8907
8907 2 8908 41203
8908 3 8909 12735 42174
8909 1 8910
8910 5 1198 8911 16054 48443 48811
8911 1 8912
8912 1 8913
8913 1 8914
8914 2 8915 11724
8915 3 8916 13988 45436
8916 3 8917 10105 40554
8917 2 8918 15718
8918 1 8919
8919 2 8920 21287
8920 2 8921 12034
8921 1 8922
8922 2 8923 19443
8923 3 5394 8924 33890
8924 2 8925 18983
8925 2 8926 33740
8926 1 8927
8927 1 8928
8928 4 8929 27406 29376 39581
8929 1 8930
8930 1 8931
8931 2 8932 42323
8932 2 8933 37257
8933 1 8934
8934 3 1988 8935 29316
8935 1 8936
8936 1 8937
8937 2 8938 27299
8938 1 8939
8939 2 8940 12942
8940 1 8941
8941 2 8942 27128
8942 2 8943 48510
8943 2 8944 12832
8944 1 8945
8945 4 5508 8071 8946 34350
8946 1 8947
8947 4 7068 8948 9614 14717
8948 2 8949 39141
8949 2 8950 33161
8950 1 8951
8951 1 8952
8952 1 8953
8953 1 8954
8954 1 8955
8955 4 8956 28827 32013 37356
8956 1 8957
8957 2 8958 11529
8958 1 8959
8959 2 5499 8960
8960 1 8961
8961 1 8962
8962 4 8963 10318 21097 25983
8963 2 8964 12971
8964 1 8965
8965 2 8966 37623
8966 2 8967 19183
8967 2 8968 14031
8968 2 4598 8969
8969 1 8970
8970 4 1979 8971 42065 44980
8971 1 8972
8972 1 8973
8973 3 8974 13430 25654
8974 1 8975
8975 1 8976
8976 4 5519 8977 18671 34524
8977 1 8978
8978 2 8979 22984
8979 2 8980 21937
8980 1 8981
8981 3 8982 17178 40767
8982 3 8983 24522 34994
8983 3 8984 26978 49571
8984 1 8985
8985 1 8986
8986 3 8987 9445 18825
8987 3 8988 17742 26029
8988 3 8989 11162 21290
8989 2 8990 17489
8990 4 8124 8991 20777 26277
8991 1 8992
8992 1 8993
8993 1 8994
8994 1 8995
8995 1 8996
8996 2 1023 8997
8997 1 8998
8998 2 8999 45646
8999 2 9000 32976
9000 1 9001
9001 1 9002
9002 3 9003 10866 12296
9003 1 9004
9004 2 9005 40639
9005 1 9006
9006 1 9007
9007 4 8724 9008 22306 31777
9008 2 9009 23176
9009 2 9010 35449
9010 2 9011 23954
9011 2 9012 9904
9012 1 9013
9013 2 9014 21404
9014 1 9015
9015 3 9016 16854 29933
9016 2 9017 13185
9017 1 9018
9018 1 9019
9019 1 9020
9020 1 9021
9021 1 9022
9022 4 5327 9023 13508 39435
9023 2 2413 9024
9024 1 9025
9025 4 6374 9026 24515 35058
9026 2 1506 9027
9027 3 9028 11561 42839
9028 4 9029 11428 22087 27924
9029 2 9030 21062
9030 3 9031 25970 40658
9031 4 8416 9032 27201 49219
9032 2 9033 47192
9033 2 9034 36824
9034 1 9035
9035 2 9036 10393
9036 2 9037 19016
9037 5 1263 2855 6128 9038 42323
9038 1 9039
9039 4 944 8483 9040 49869
9040 3 9041 33380 46429
9041 1 9042
9042 2 9043 9713
9043 3 8361 9044 36513
9044 4 6681 9045 20189 35406
9045 2 9046 43066
9046 1 9047
9047 2 9048 32031
9048 2 9049 19724
9049 2 9050 10197
9050 2 9051 43384
9051 5 9052 13003 29960 33473 38863
9052 5 818 9053 33092 38337 39385
9053 2 9054 9127
9054 4 9055 19384 39435 43300
9055 4 5799 9056 29006 35692
9056 1 9057
9057 3 9058 15733 26069
9058 1 9059
9059 3 9060 22397 35227
9060 1 9061
9061 1 9062
9062 2 4406 9063
9063 4 9064 17081 39057 45498
9064 4 916 9065 18398 40275
9065 3 9066 25086 48335
9066 3 2119 9067 10237
9067 1 9068
9068 4 9069 26034 26378 32962
9069 1 9070
9070 1 9071
9071 1 9072
9072 1 9073
9073 3 9074 25325 38943
9074 2 9075 44401
9075 4 9076 12699 42665 49902
9076 1 9077
9077 2 9078 37077
9078 1 9079
9079 3 9080 18640 27271
9080 2 9081 48138
9081 3 9082 19215 36032
9082 3 9083 10263 29890
9083 2 9084 49776
9084 1 9085
9085 4 4956 9086 18258 23072
9086 2 9087 29251
9087 2 4708 9088
9088 3 9089 36891 49385
9089 2 8904 9090
9090 2 9091 47420
9091 2 9092 22004
9092 1 9093
9093 2 9094 33849
9094 2 9095 32471
9095 2 9096 30064
9096 2 9097 30730
9097 1 9098
9098 1 9099
9099 2 9100 14288
9100 4 9101 33376 48142 48583
9101 1 9102
9102 1 9103
9103 3 9104 26879 45287
9104 1 9105
9105 2 9106 40166
9106 4 9107 14075 24199 33106
9107 2 9108 46294
9108 1 9109
9109 3 3623 9110 32861
9110 1 9111
9111 3 4944 9112 42176
9112 1 9113
9113 3 9114 13257 42226
9114 3 9115 16815 26746
9115 1 9116
9116 3 9117 24663 41317
9117 2 9118 29424
9118 1 9119
9119 3 9120 16378 45625
9120 2 3013 9121
9121 1 9122
9122 2 3913 9123
9123 2 1913 9124
9124 2 9125 38192
9125 1 9126
9126 1 9127
9127 2 4979 9128
9128 1 9129
9129 3 9130 30837 36990
9130 1 9131
9131 1 9132
9132 2 9133 10622
9133 1 9134
9134 1 9135
9135 2 9136 30334
9136 2 9137 15191
9137 1 9138
9138 3 9139 14314 24991
9139 1 9140
9140 1 9141
9141 3 9142 11488 27713
9142 3 9143 17910 32601
9143 2 9144 16968
9144 2 5804 9145
9145 2 9146 44720
9146 2 9147 43478
9147 3 9148 36522 41719
9148 1 9149
9149 2 4325 9150
9150 2 9151 38805
9151 3 9152 18635 27359
9152 3 9153 22829 34498
9153 2 9154 42428
9154 2 6723 9155
9155 2 9156 18594
9156 3 9157 13379 21162
9157 1 9158
9158 2 9159 41560
9159 2 9160 21532
9160 2 3940 9161
9161 2 7063 9162
9162 3 1530 9163 31695
9163 3 9164 16909 23856
9164 2 9165 48925
9165 1 9166
9166 2 9167 29199
9167 2 9168 37382
9168 2 9169 14260
9169 2 9170 35328
9170 1 9171
9171 2 4930 9172
9172 2 9173 38043
9173 1 9174
9174 2 9175 14953
9175 3 243 9176 41722
9176 1 9177
9177 3 9178 15150 29705
9178 1 9179
9179 1 9180
9180 2 9181 34455
9181 2 9182 45240
9182 2 4249 9183
9183 2 9184 43407
9184 1 9185
9185 3 2550 9186 49100
9186 3 4447 9187 16091
9187 2 9188 27456
9188 3 6430 9189 23434
9189 2 6725 9190
9190 4 6796 9191 31363 40385
9191 1 9192
9192 3 3167 9193 35092
9193 1 9194
9194 2 9195 16408
9195 1 9196
9196 3 3956 9197 39542
9197 3 9198 18372 45125
9198 2 9199 40492
9199 1 9200
9200 2 9201 28213
9201 1 9202
9202 3 5727 9203 11941
9203 1 9204
9204 2 9205 28192
9205 2 9206 39236
9206 2 9207 31327
9207 4 4013 9208 23498 43994
9208 2 9209 22475
9209 1 9210
9210 2 7197 9211
9211 2 9212 43444
9212 2 9213 40897
9213 2 9214 9849
9214 1 9215
9215 3 9216 15766 34274
9216 2 9217 23933
9217 3 9218 45819 48420
9218 2 9219 45960
9219 2 9220 11458
9220 3 9221 17556 42080
9221 3 9222 15715 41705
9222 2 9223 22345
9223 1 9224
9224 1 9225
9225 1 9226
9226 4 9227 21511 28158 37469
9227 2 9228 33704
9228 1 9229
9229 2 9230 47652
9230 3 9231 15696 43104
9231 3 9232 23564 36779
9232 1 9233
9233 2 9234 17391
9234 3 9235 43523 44959
9235 1 9236
9236 2 9237 30682
9237 3 9238 12808 29703
9238 1 9239
9239 2 9240 49268
9240 3 5331 9241 30514
9241 1 9242
9242 1 9243
9243 2 8591 9244
9244 1 9245
9245 2 9246 37083
9246 2 9247 13879
9247 1 9248
9248 3 9249 19716 47081
9249 2 9250 26536
9250 3 9251 9316 32389
9251 3 8733 9252 23238
9252 5 157 2769 9253 11670 31298
9253 1 9254
9254 2 9255 43578
9255 3 9256 45494 49359
9256 2 9257 30961
9257 1 9258
9258 2 9259 19169
9259 2 7425 9260
9260 2 9261 14976
9261 5 9262 23099 26362 28644 42841
9262 1 9263
9263 2 3321 9264
9264 1 9265
9265 4 5029 9266 16530 27926
9266 1 9267
9267 1 9268
9268 2 9269 34017
9269 2 9270 49797
9270 2 9271 40119
9271 2 9272 12586
9272 2 9273 12492
9273 4 9274 17707 38381 44628
9274 1 9275
9275 1 9276
9276 1 9277
9277 1 9278
9278 1 9279
9279 2 9280 16029
9280 2 9281 28795
9281 4 4290 9282 17090 20350
9282 1 9283
9283 2 9284 45072
9284 1 9285
9285 1 9286
9286 2 451 9287
9287 2 9288 22250
9288 1 9289
9289 1 9290
9290 1 9291
9291 5 3613 9292 15634 31595 48910
9292 2 9293 24858
9293 3 203 9294 36217
9294 1 9295
9295 1 9296
9296 1 9297
9297 4 7322 9298 19571 24730
9298 1 9299
9299 2 4780 9300
9300 2 9301 43687
9301 2 9302 48576
9302 2 9303 47145
9303 7 9304 11953 25242 28756 44950 44959 49554
9304 3 8252 9305 48033
9305 2 9306 27191
9306 2 5097 9307
9307 2 9308 16398
9308 2 9309 44851
9309 1 9310
9310 2 8861 9311
9311 1 9312
9312 1 9313
9313 1 9314
9314 3 9315 33779 33803
9315 1 9316
9316 1 9317
9317 1 9318
9318 2 2265 9319
9319 2 9320 38753
9320 1 9321
9321 2 9322 15531
9322 2 9323 45992
9323 2 9324 13594
9324 1 9325
9325 2 6021 9326
9326 1 9327
9327 1 9328
9328 1 9329
9329 2 9330 15032
9330 4 2102 8655 9331 27721
9331 2 9332 42100
9332 1 9333
9333 2 9334 12642
9334 1 9335
9335 1 9336
9336 2 9337 22818
9337 2 9338 34778
9338 1 9339
9339 2 9340 49415
9340 2 9341 49502
9341 1 9342
9342 3 9343 40192 49237
9343 1 9344
9344 3 9345 11969 22496
9345 2 9346 28621
9346 2 9347 49429
9347 1 9348
9348 2 9349 38595
9349 4 9350 10728 15126 30717
9350 2 4051 9351
9351 2 9352 49044
9352 2 9353 14558
9353 1 9354
9354 2 9355 13421
9355 1 9356
9356 2 9357 36566
9357 1 9358
9358 1 9359
9359 1 9360
9360 2 9361 43292
9361 3 9362 15000 49904
9362 1 9363
9363 1 9364
9364 2 9365 46653
9365 3 6269 9366 12570
9366 2 9367 37350
9367 4 6813 9368 39046 39935
9368 2 9369 29466
9369 1 9370
9370 2 9371 14853
9371 2 9372 28171
9372 1 9373
9373 4 9374 9820 33636 43830
9374 1 9375
9375 5 4515 9094 9376 10987 48986
9376 1 9377
9377 1 9378
9378 2 9379 30388
9379 1 9380
9380 4 1829 9381 32859 34926
9381 2 9382 19826
9382 5 9383 9591 12209 20303 40337
9383 4 2631 9384 26119 46408
9384 1 9385
9385 1 9386
9386 1 9387
9387 2 9388 25671
9388 2 9389 41068
9389 1 9390
9390 1 9391
9391 2 9392 37913
9392 2 2467 9393
9393 2 9394 21652
9394 1 9395
9395 1 9396
9396 2 9397 41579
9397 1 9398
9398 3 9399 9820 38093
9399 3 670 9400 41220
9400 2 462 9401
9401 1 9402
9402 1 9403
9403 1 9404
9404 2 9405 24760
9405 1 9406
9406 3 9407 16904 21000
9407 2 9408 45445
9408 1 9409
9409 2 9410 45627
9410 5 2685 8605 9411 13707 23353
9411 1 9412
9412 2 4209 9413
9413 3 8965 9414 15476
9414 3 6577 9415 15833
9415 3 9416 27963 44238
9416 2 7703 9417
9417 1 9418
9418 1 9419
9419 2 5071 9420
9420 2 9421 37844
9421 1 9422
9422 2 9423 25418
9423 1 9424
9424 1 9425
9425 2 9426 37893
9426 1 9427
9427 2 4472 9428
9428 3 9429 35454 39259
9429 2 9430 18161
9430 2 9431 16809
9431 2 9432 47206
9432 4 637 5846 7112 9433
9433 2 9434 40131
9434 3 9435 20446 20970
9435 3 1784 9436 19102
9436 2 500 9437
9437 2 9438 26983
9438 2 9439 20220
9439 2 9440 47870
9440 3 3892 8717 9441
9441 2 3387 9442
9442 3 9443 41990 48912
9443 2 9444 18358
9444 3 9445 38647 40167
9445 1 9446
9446 1 9447
9447 6 9166 9448 10799 15006 16971 22357
9448 2 9449 35481
9449 3 9450 42310 45601
9450 2 9451 24502
9451 4 3470 9452 11807 24178
9452 1 9453
9453 4 9454 11163 25304 49799
9454 3 1684 9455 37093
9455 3 9456 15192 18356
9456 2 9457 29344
9457 1 9458
9458 2 9459 46577
9459 1 9460
9460 3 9461 15783 26299
9461 2 9462 35201
9462 2 9463 29576
9463 3 9464 15664 48362
9464 3 9465 23146 43985
9465 3 9466 42073 44860
9466 2 9467 43164
9467 4 9468 12217 40213 40892
9468 1 9469
9469 2 9470 16527
9470 1 9471
9471 1 9472
9472 1 9473
9473 2 9474 26947
9474 1 9475
9475 3 9476 17034 44080
9476 2 9477 41771
9477 1 9478
9478 2 1648 9479
9479 3 9480 11042 42213
9480 4 9481 25546 30146 37726
9481 4 6012 9482 22941 25576
9482 1 9483
9483 2 9484 13984
9484 2 9485 49680
9485 4 9486 29050 40122 48282
9486 3 9487 22994 23929
9487 1 9488
9488 2 9489 17243
9489 2 8767 9490
9490 2 9491 44620
9491 5 9492 26541 39491 40676 41114
9492 2 9493 37209
9493 3 9494 17026 22300
9494 1 9495
9495 4 6825 9496 32188 42259
9496 1 9497
9497 3 9354 9498 12267
9498 4 2237 9499 11477 44929
9499 1 9500
9500 1 9501
9501 3 5261 9502 22186
9502 1 9503
9503 2 9504 11067
9504 3 9505 12859 18034
9505 2 7492 9506
9506 3 7076 9507 36474
9507 2 9508 30896
9508 1 9509
9509 1 9510
9510 4 9511 35337 47097 48441
9511 1 9512
9512 4 4859 9513 14509 46325
9513 1 9514
9514 2 9515 28869
9515 1 9516
9516 3 6185 7718 9517
9517 2 9518 32463
9518 1 9519
9519 2 9520 42389
9520 5 157 9521 14078 20132 32709
9521 1 9522
9522 2 9523 16559
9523 3 9524 41807 43732
9524 1 9525
9525 3 3284 9526 47851
9526 2 393 9527
9527 3 5615 9280 9528
9528 3 2878 9529 12225
9529 3 1031 7887 9530
9530 4 9531 11132 44943 46277
9531 3 9532 19747 23766
9532 1 9533
9533 2 9534 27583
9534 1 9535
9535 3 9536 29051 29549
9536 1 9537
9537 2 4281 9538
9538 2 9539 22973
9539 3 9540 25808 43457
9540 4 9541 12806 32460 35146
9541 2 9542 12227
9542 3 3011 9543 13449
9543 3 5098 9544 44024
9544 4 1628 9545 48423 49055
9545 2 9546 34542
9546 4 4736 9547 15650 25578
9547 1 9548
9548 2 9549 20695
9549 2 812 9550
9550 1 9551
9551 1 9552
9552 1 9553
9553 2 1400 9554
9554 2 9555 42397
9555 5 9556 10336 14298 42269 48827
9556 1 9557
9557 3 9558 18554 31587
9558 4 9559 10522 35254 37545
9559 1 9560
9560 2 9561 25854
9561 1 9562
9562 1 9563
9563 1 9564
9564 2 6218 9565
9565 1 9566
9566 3 9567 37387 39292
9567 1 9568
9568 2 9569 10970
9569 1 9570
9570 1 9571
9571 2 9572 10474
9572 1 9573
9573 1 9574
9574 1 9575
9575 3 9576 19894 34463
9576 2 2323 9577
9577 2 9578 24017
9578 1 9579
9579 3 9580 24948 29824
9580 2 476 9581
9581 3 9582 33102 33284
9582 2 7862 9583
9583 1 9584
9584 2 9585 46965
9585 1 9586
9586 2 9587 17926
9587 3 9588 20152 46783
9588 1 9589
9589 4 9590 34087 42852 45458
9590 2 9591 36711
9591 1 9592
9592 5 2565 4926 9593 19381 29504
9593 4 9594 17022 20440 49503
9594 3 5640 9595 47459
9595 1 9596
9596 2 9597 26296
9597 1 9598
9598 2 9599 32502
9599 1 9600
9600 3 9601 28223 32186
9601 4 1541 9602 21720 23849
9602 1 9603
9603 1 9604
9604 3 125 9605 17742
9605 2 1572 9606
9606 2 9607 16199
9607 3 9608 27794 39220
9608 1 9609
9609 1 9610
9610 3 2049 9611 10785
9611 1 9612
9612 3 9613 36607 40477
9613 1 9614
9614 3 6097 9615 44862
9615 2 4946 9616
9616 3 9617 12397 27091
9617 1 9618
9618 1 9619
9619 2 9620 9656
9620 2 9621 41414
9621 1 9622
9622 1 9623
9623 2 9624 47022
9624 4 9625 11429 36242 43445
9625 1 9626
9626 4 8844 9627 13368 19939
9627 4 9628 16293 39652 46312
9628 2 9629 35716
9629 1 9630
9630 1 9631
9631 3 9632 24279 45592
9632 3 9633 24941 47129
9633 1 9634
9634 2 9635 29579
9635 2 9636 30809
9636 2 9637 41099
9637 1 9638
9638 2 9639 25888
9639 1 9640
9640 1 9641
9641 2 9642 20067
9642 1 9643
9643 1 9644
9644 2 9645 12030
9645 1 9646
9646 1 9647
9647 4 552 7080 9648 41014
9648 2 9649 49193
9649 2 9650 31460
9650 1 9651
9651 1 9652
9652 3 9653 26857 36530
9653 2 9654 38242
9654 2 9655 39124
9655 3 7938 9656 19669
9656 3 9657 37177 46461
9657 3 7449 9658 17475
9658 1 9659
9659 1 9660
9660 1 9661
9661 2 9662 44253
9662 2 9663 15104
9663 3 9664 20891 44281
9664 3 6638 9665 33379
9665 1 9666
9666 2 9584 9667
9667 3 9668 24451 30290
9668 3 9669 47189 49134
9669 2 9670 11250
9670 1 9671
9671 1 9672
9672 3 9673 10374 18693
9673 2 9560 9674
9674 2 9675 39526
9675 2 9676 45140
9676 1 9677
9677 2 9678 27129
9678 3 9679 18596 21352
9679 3 3489 9680 11186
9680 2 9681 17454
9681 1 9682
9682 1 9683
9683 3 9684 22197 48582
9684 1 9685
9685 4 6590 9686 40579 41387
9686 3 2562 9687 43102
9687 1 9688
9688 1 9689
9689 2 6435 9690
9690 2 9691 10233
9691 1 9692
9692 1 9693
9693 1 9694
9694 3 9695 23331 28091
9695 1 9696
9696 1 9697
9697 1 9698
9698 2 9699 24994
9699 2 9700 20892
9700 1 9701
9701 1 9702
9702 2 9703 47659
9703 2 9704 45673
9704 1 9705
9705 2 1840 9706
9706 3 9707 15054 35931
9707 1 9708
9708 1 9709
9709 2 9710 21082
9710 2 9711 45860
9711 4 3965 9712 32251 47491
9712 3 1977 9713 44119
9713 1 9714
9714 3 9715 17409 34897
9715 1 9716
9716 2 8219 9717
9717 3 9718 32422 46804
9718 1 9719
9719 1 9720
9720 1 9721
9721 3 9722 16412 22068
9722 2 9723 44163
9723 2 9724 23344
9724 2 9725 17376
9725 2 9726 15337
9726 2 7828 9727
9727 3 9728 22556 44094
9728 1 9729
9729 3 9730 28454 46210
9730 2 9731 21802
9731 2 9732 27966
9732 2 9733 38196
9733 3 9734 32073 49553
9734 1 9735
9735 2 9736 35226
9736 2 3223 9737
9737 2 9738 36901
9738 2 9739 22666
9739 2 9740 28714
9740 2 9741 49455
9741 1 9742
9742 2 9743 10591
9743 3 1779 9744 21960
9744 1 9745
9745 3 9746 14210 36140
9746 2 9747 49214
9747 3 9748 28238 29879
9748 2 9749 36869
9749 3 8073 9750 27677
9750 2 9751 27296
9751 2 1676 9752
9752 2 9753 37677
9753 1 9754
9754 3 9755 22521 30180
9755 4 9321 9367 9756 47531
9756 1 9757
9757 1 9758
9758 1 9759
9759 2 9760 18044
9760 1 9761
9761 3 9239 9762 10551
9762 2 9763 28421
9763 2 9764 12426
9764 1 9765
9765 1 9766
9766 1 9767
9767 1 9768
9768 2 9769 41984
9769 3 9770 32915 48874
9770 2 9771 20638
9771 3 4730 9772 12244
9772 1 9773
9773 1 9774
9774 3 9775 34768 43951
9775 1 9776
9776 2 9777 34982
9777 2 9778 22367
9778 4 9779 18400 31864 35958
9779 2 9780 15490
9780 1 9781
9781 2 9782 43769
9782 2 9783 49308
9783 1 9784
9784 2 9785 14966
9785 1 9786
9786 1 9787
9787 2 9788 40046
9788 1 9789
9789 3 9790 16606 37484
9790 2 9791 49545
9791 1 9792
9792 2 9793 29304
9793 1 9794
9794 2 9795 13575
9795 1 9796
9796 1 9797
9797 2 9798 47706
9798 2 9799 46431
9799 1 9800
9800 1 9801
9801 4 9802 13017 23772 44270
9802 1 9803
9803 3 6986 9804 20475
9804 2 9805 49556
9805 1 9806
9806 5 9807 17600 19393 22617 41852
9807 3 9808 17378 32844
9808 2 9809 36910
9809 3 964 9810 31488
9810 1 9811
9811 3 1456 9812 24524
9812 1 9813
9813 2 9814 35538
9814 4 9815 22686 32101 45779
9815 5 9816 23480 24046 31781 44039
9816 1 9817
9817 1 9818
9818 1 9819
9819 2 9820 24253
9820 2 9821 47504
9821 3 9822 10446 28966
9822 2 4930 9823
9823 1 9824
9824 1 9825
9825 1 9826
9826 2 3688 9827
9827 2 9828 28740
9828 1 9829
9829 1 9830
9830 2 5494 9831
9831 2 9832 19007
9832 1 9833
9833 3 9834 43295 44153
9834 2 4862 9835
9835 1 9836
9836 4 6343 9837 45921 47034
9837 2 9838 30564
9838 4 9839 23600 25172 34214
9839 3 7570 9840 15448
9840 1 9841
9841 1 9842
9842 2 9843 13703
9843 2 6590 9844
9844 2 9845 29819
9845 1 9846
9846 4 9847 15532 25740 41619
9847 1 9848
9848 2 9849 48259
9849 1 9850
9850 1 9851
9851 2 9852 9957
9852 3 9853 23353 42992
9853 2 9854 37405
9854 2 9855 25610
9855 3 9856 11704 48408
9856 1 9857
9857 2 9858 11298
9858 2 9859 23866
9859 2 9860 45054
9860 2 9861 34079
9861 1 9862
9862 2 9863 43116
9863 2 9864 37346
9864 3 9865 19680 23635
9865 3 7774 9866 16186
9866 2 9867 33981
9867 1 9868
9868 3 9832 9869 12644
9869 2 3753 9870
9870 3 5705 9871 14715
9871 1 9872
9872 1 9873
9873 2 9874 25373
9874 3 9875 10442 42025
9875 2 9876 34304
9876 1 9877
9877 2 9878 13417
9878 3 9879 24079 33623
9879 1 9880
9880 2 9881 46567
9881 2 9882 17647
9882 1 9883
9883 2 9884 34043
9884 5 5118 9885 16911 27720 30622
9885 1 9886
9886 1 9887
9887 2 9888 37730
9888 1 9889
9889 3 9890 33331 43139
9890 1 9891
9891 3 9677 9892 22524
9892 1 9893
9893 2 9894 40291
9894 4 2007 9895 24567 40958
9895 3 9896 42055 46856
9896 3 9897 18748 30098
9897 1 9898
9898 1 9899
9899 1 9900
9900 1 9901
9901 2 9902 29123
9902 2 9903 46910
9903 1 9904
9904 1 9905
9905 3 9906 33052 44808
9906 2 9907 41766
9907 1 9908
9908 2 9909 48409
9909 3 9910 15804 42559
9910 1 9911
9911 2 1050 9912
9912 1 9913
9913 1 9914
9914 1 9915
9915 2 9916 43228
9916 2 9420 9917
9917 3 9918 10969 31549
9918 3 9919 14379 20134
9919 2 9920 28794
9920 2 9921 24055
9921 2 9922 40058
9922 2 9923 36252
9923 2 9924 23158
9924 2 9925 19874
9925 2 9926 13422
9926 3 9927 12968 28641
9927 3 9928 15003 37721
9928 4 3758 9929 11480 47111
9929 2 9930 32270
9930 3 9931 21741 36800
9931 3 9932 26544 33668
9932 2 9933 37736
9933 2 9934 13326
9934 1 9935
9935 3 9735 9936 32069
9936 1 9937
9937 4 4003 9938 34481 47605
9938 3 9939 27708 29321
9939 1 9940
9940 1 9941
9941 2 9942 10674
9942 2 9943 30615
9943 1 9944
9944 2 9945 40256
9945 2 9946 36390
9946 1 9947
9947 2 9948 18910
9948 3 9949 42482 48596
9949 1 9950
9950 2 9951 13988
9951 2 9952 31893
9952 1 9953
9953 2 9954 29593
9954 3 220 4935 9955
9955 2 9956 36757
9956 1 9957
9957 3 7856 9958 10914
9958 2 1702 9959
9959 1 9960
9960 1 9961
9961 3 9962 12989 43541
9962 2 9963 21401
9963 1 9964
9964 1 9965
9965 1 9966
9966 2 9967 16093
9967 2 9968 22087
9968 1 9969
9969 1 9970
9970 2 9971 15778
9971 3 5688 9972 12617
9972 1 9973
9973 2 6569 9974
9974 2 9975 28485
9975 2 7853 9976
9976 2 9977 47132
9977 2 9978 27683
9978 3 9979 13828 24880
9979 2 7437 9980
9980 1 9981
9981 1 9982
9982 1 9983
9983 2 9984 33616
9984 4 5348 9985 18481 41072
9985 1 9986
9986 3 9987 16613 35263
9987 3 9988 25514 43275
9988 1 9989
9989 3 9990 32543 45938
9990 2 9991 36714
9991 1 9992
9992 1 9993
9993 1 9994
9994 2 9995 31738
9995 1 9996
9996 1 9997
9997 3 1594 9998 44588
9998 1 9999
9999 1 10000
10000 1 10001
10001 3 10002 20920 21113
10002 1 10003
10003 2 10004 49386
10004 1 10005
10005 2 10006 39595
10006 4 10007 27287 29725 39907
10007 3 10008 44511 46954
10008 1 10009
10009 3 10010 32926 36131
10010 1 10011
10011 2 10012 24457
10012 2 10013 30050
10013 2 10014 13130
10014 4 10015 20307 45449 48070
10015 1 10016
10016 2 10017 36114
10017 4 10018 35108 37033 39620
10018 1 10019
10019 2 10020 29364
10020 2 10021 33266
10021 1 10022
10022 3 10023 31821 47526
10023 1 10024
10024 2 10025 20389
10025 2 10026 41453
10026 1 10027
10027 2 10028 36431
10028 3 10029 37412 40482
10029 3 10030 40985 49033
10030 2 10031 13819
10031 1 10032
10032 3 10033 16234 49172
10033 2 5057 10034
10034 1 10035
10035 1 10036
10036 3 10037 12700 21414
10037 2 10038 27966
10038 2 5405 10039
10039 1 10040
10040 2 10041 12648
10041 2 10042 37555
10042 2 10043 28517
10043 1 10044
10044 1 10045
10045 2 10046 43547
10046 3 4597 10047 34368
10047 1 10048
10048 1 10049
10049 4 10050 11939 18229 30674
10050 2 10051 29228
10051 2 1080 10052
10052 2 10053 18666
10053 2 10054 42508
10054 3 6741 6944 10055
10055 2 10056 16940
10056 1 10057
10057 2 10058 22385
10058 2 474 10059
10059 2 10060 25645
10060 1 10061
10061 2 10062 25615
10062 2 10063 42210
10063 1 10064
10064 2 10065 40733
10065 1 10066
10066 4 10067 15052 17361 42903
10067 1 10068
10068 1 10069
10069 1 10070
10070 1 10071
10071 1 10072
10072 1 10073
10073 2 10074 47199
10074 1 10075
10075 1 10076
10076 3 9982 10077 47758
10077 1 10078
10078 1 10079
10079 1 10080
10080 1 10081
10081 2 10082 13896
10082 1 10083
10083 2 10084 22632
10084 2 10085 46711
10085 2 10086 40338
10086 2 6635 10087
10087 1 10088
10088 1 10089
10089 1 10090
10090 1 10091
10091 1 10092
10092 1 10093
10093 2 10094 20296
10094 1 10095
10095 2 2862 10096
10096 1 10097
10097 1 10098
10098 4 10099 32569 37771 45754
10099 2 10100 36843
10100 2 10101 34772
10101 2 10102 11412
10102 2 10103 11703
10103 2 10104 28019
10104 1 10105
10105 2 10106 46284
10106 1 10107
10107 2 10108 42574
10108 2 10109 49115
10109 2 10110 21120
10110 1 10111
10111 1 10112
10112 1 10113
10113 1 10114
10114 2 943 10115
10115 2 10116 29631
10116 2 10117 33662
10117 1 10118
10118 2 8587 10119
10119 1 10120
10120 2 10121 33595
10121 2 4774 10122
10122 1 10123
10123 3 10124 31559 38566
10124 2 5170 10125
10125 2 4207 10126
10126 3 10127 11525 29978
10127 1 10128
10128 4 4229 10129 12424 32639
10129 1 10130
10130 1 10131
10131 1 10132
10132 3 10133 38206 38352
10133 2 10134 20739
10134 2 10135 39448
10135 6 9399 10136 30454 30756 36020 47330
10136 1 10137
10137 1 10138
10138 2 10139 22216
10139 1 10140
10140 2 10141 47751
10141 4 8280 10142 24152 41135
10142 4 10143 19514 36597 38336
10143 1 10144
10144 1 10145
10145 2 10146 14751
10146 3 10147 14893 24152
10147 2 10148 43677
10148 1 10149
10149 4 8493 10150 18476 34385
10150 3 5540 10151 19891
10151 1 10152
10152 1 10153
10153 2 10154 27881
10154 1 10155
10155 4 10156 29056 31645 33040
10156 1 10157
10157 1 10158
10158 1 10159
10159 2 10160 44049
10160 1 10161
10161 1 10162
10162 3 5927 10163 29774
10163 2 1250 10164
10164 2 10165 12245
10165 1 10166
10166 2 10167 27440
10167 2 10168 20964
10168 2 10169 47158
10169 3 10170 27999 30894
10170 2 10171 10863
10171 2 7114 10172
10172 3 10173 30041 38786
10173 2 10174 35111
10174 2 10175 14278
10175 2 10176 39357
10176 1 10177
10177 1 10178
10178 1 10179
10179 2 7738 10180
10180 1 10181
10181 3 10182 14757 38430
10182 1 10183
10183 3 5045 10184 20653
10184 2 3764 10185
10185 2 10186 12034
10186 2 8452 10187
10187 2 10188 29594
10188 2 10189 38608
10189 1 10190
10190 1 10191
10191 2 6995 10192
10192 1 10193
10193 1 10194
10194 1 10195
10195 2 10196 19377
10196 3 10197 10403 15750
10197 3 10198 34181 37207
10198 1 10199
10199 1 10200
10200 1 10201
10201 1 10202
10202 1 10203
10203 1 10204
10204 2 10205 30002
10205 1 10206
10206 1 10207
10207 1 10208
10208 2 3281 10209
10209 3 4352 10210 37850
10210 1 10211
10211 3 2920 10212 48012
10212 1 10213
10213 2 10214 30843
10214 2 3028 10215
10215 1 10216
10216 1 10217
10217 2 10218 44711
10218 1 10219
10219 1 10220
10220 3 10221 29068 43280
10221 4 10222 34974 38522 44546
10222 3 10223 24639 49113
10223 1 10224
10224 3 6622 10225 21316
10225 3 10226 13928 44778
10226 1 10227
10227 1 10228
10228 1 10229
10229 1 10230
10230 2 10231 48998
10231 2 10232 46581
10232 4 546 10233 35585 35943
10233 1 10234
10234 3 8805 10235 29460
10235 1 10236
10236 1 10237
10237 2 10238 41950
10238 1 10239
10239 3 714 10240 24946
10240 2 10241 31245
10241 1 10242
10242 1 10243
10243 1 10244
10244 2 10245 48300
10245 1 10246
10246 4 6548 10247 28726 39313
10247 2 10248 32214
10248 1 10249
10249 2 10250 13798
10250 3 10251 21729 24952
10251 1 10252
10252 3 9527 10253 45724
10253 2 2704 10254
10254 1 10255
10255 2 10256 24503
10256 2 10257 48258
10257 3 6176 10258 44897
10258 3 10259 13295 43219
10259 1 10260
10260 2 10261 35573
10261 1 10262
10262 1 10263
10263 1 10264
10264 3 10265 24877 34755
10265 1 10266
10266 1 10267
10267 1 10268
10268 3 6104 10269 42083
10269 2 10270 27947
10270 3 10271 21946 44594
10271 3 10272 16070 33504
10272 1 10273
10273 2 10274 23895
10274 3 6558 10275 46876
10275 2 10276 31678
10276 1 10277
10277 1 10278
10278 3 10279 10498 19172
10279 3 7083 10280 47008
10280 2 10281 11992
10281 1 10282
10282 2 10283 32222
10283 1 10284
10284 1 10285
10285 2 10286 32788
10286 2 7451 10287
10287 4 8666 10288 22753 35496
10288 5 2361 9071 10289 29769 42420
10289 1 10290
10290 3 10291 14413 39278
10291 1 10292
10292 2 1830 10293
10293 2 3192 10294
10294 1 10295
10295 2 10296 10950
10296 3 10297 18875 49294
10297 2 10298 28449
10298 1 10299
10299 5 3264 10300 30350 39150 44651
10300 1 10301
10301 3 10302 17764 19986
10302 2 2991 10303
10303 1 10304
10304 4 10305 13359 15238 29730
10305 1 10306
10306 2 10307 32032
10307 2 1951 10308
10308 3 10309 25252 36458
10309 1 10310
10310 1 10311
10311 1 10312
10312 2 8585 10313
10313 3 10314 21722 29729
10314 3 10315 17607 41299
10315 2 10316 11666
10316 1 10317
10317 3 10318 11996 43567
10318 3 10319 28615 29278
10319 2 10320 35349
10320 2 10321 16976
10321 2 10322 17001
10322 7 10323 11777 16561 31633 35009 38443 43889
10323 1 10324
10324 5 10325 13189 13669 24570 43302
10325 1 10326
10326 1 10327
10327 1 10328
10328 3 10329 27447 39092
10329 2 10330 25676
10330 2 10331 38529
10331 2 10332 47761
10332 2 10333 47376
10333 1 10334
10334 3 10335 36727 39616
10335 3 4910 10336 45504
10336 1 10337
10337 1 10338
10338 3 10339 15012 19232
10339 2 4206 10340
10340 2 1953 10341
10341 1 10342
10342 1 10343
10343 2 10344 25918
10344 1 10345
10345 1 10346
10346 2 10347 30849
10347 1 10348
10348 2 10349 22293
10349 2 10350 43106
10350 4 454 10351 12347 12349
10351 1 10352
10352 1 10353
10353 5 8561 10354 15281 29300 46417
10354 1 10355
10355 1 10356
10356 1 10357
10357 2 5029 10358
10358 2 10359 36812
10359 3 10360 23795 32223
10360 3 10361 24415 48426
10361 2 10362 39539
10362 2 10363 29576
10363 2 10364 44467
10364 5 6144 10365 24135 47464 47811
10365 2 4216 10366
10366 1 10367
10367 1 10368
10368 1 10369
10369 3 3185 10370 30624
10370 2 10371 38684
10371 1 10372
10372 2 10373 35374
10373 1 10374
10374 1 10375
10375 1 10376
10376 3 1004 10377 44231
10377 2 1465 10378
10378 1 10379
10379 3 10380 14544 29982
10380 2 4017 10381
10381 1 10382
10382 3 10383 36213 37622
10383 1 10384
10384 2 3124 10385
10385 3 10386 26674 32205
10386 3 10387 13304 19511
10387 2 10388 17727
10388 2 10389 15819
10389 1 10390
10390 3 8979 10391 23484
10391 1 10392
10392 2 5191 10393
10393 5 9312 9469 10394 25006 48780
10394 3 8990 10395 49640
10395 2 10396 27139
10396 1 10397
10397 2 10398 48666
10398 1 10399
10399 3 657 10400 43898
10400 1 10401
10401 3 10402 11881 26291
10402 2 10403 41959
10403 1 10404
10404 2 6632 10405
10405 3 10406 46113 47678
10406 3 10407 26880 39392
10407 2 10408 32783
10408 2 10409 33202
10409 1 10410
10410 4 6365 10411 19041 31285
10411 1 10412
10412 1 10413
10413 3 6223 6871 10414
10414 2 2579 10415
10415 2 10416 17256
10416 1 10417
10417 2 10418 25320
10418 1 10419
10419 5 3845 10420 34355 37303 41826
10420 1 10421
10421 1 10422
10422 2 10423 27808
10423 3 10424 23883 46557
10424 2 10425 43334
10425 1 10426
10426 1 10427
10427 1 10428
10428 3 10429 27230 35471
10429 1 10430
10430 1 10431
10431 3 572 10432 21077
10432 2 10433 31127
10433 1 10434
10434 1 10435
10435 4 10436 28348 31135 43362
10436 3 10437 19976 34835
10437 4 8466 8825 10438 23588
10438 1 10439
10439 3 10440 23062 41593
10440 2 8052 10441
10441 2 10442 33436
10442 3 4418 10443 37090
10443 1 10444
10444 1 10445
10445 1 10446
10446 1 10447
10447 2 10448 11960
10448 3 6450 10449 33517
10449 2 10450 17426
10450 1 10451
10451 1 10452
10452 1 10453
10453 2 10454 15878
10454 2 10455 45136
10455 2 10456 20519
10456 1 10457
10457 6 9181 10458 12747 19830 38124 49711
10458 2 10459 23161
10459 1 10460
10460 2 10461 24121
10461 2 10462 20333
10462 4 10463 11714 11857 15625
10463 2 8991 10464
10464 1 10465
10465 2 5499 10466
10466 1 10467
10467 1 10468
10468 1 10469
10469 1 10470
10470 3 10471 27795 33181
10471 4 1193 10472 21467 28884
10472 2 10473 47292
10473 3 10474 41895 45280
10474 2 10475 47992
10475 2 7181 10476
10476 1 10477
10477 2 10478 43533
10478 4 8250 10479 23408 30003
10479 1 10480
10480 3 10481 39599 44152
10481 2 10482 22298
10482 1 10483
10483 1 10484
10484 2 10485 28364
10485 3 9806 10486 15987
10486 4 9309 10487 34805 42145
10487 1 10488
10488 1 10489
10489 1 10490
10490 2 10491 30822
10491 4 1661 5707 10492 41197
10492 1 10493
10493 2 10494 47593
10494 1 10495
10495 1 10496
10496 3 3652 10497 40445
10497 2 10498 29766
10498 1 10499
10499 2 10500 18042
10500 1 10501
10501 1 10502
10502 1 10503
10503 2 10504 19109
10504 3 10505 25736 39691
10505 2 10506 27268
10506 3 10507 14788 15690
10507 1 10508
10508 2 10509 29707
10509 1 10510
10510 2 10511 32327
10511 1 10512
10512 2 10513 40602
10513 1 10514
10514 1 10515
10515 1 10516
10516 2 10517 14035
10517 2 10518 38442
10518 3 908 10519 43097
10519 1 10520
10520 1 10521
10521 1 10522
10522 1 10523
10523 2 10524 11492
10524 1 10525
10525 1 10526
10526 3 10527 41834 42396
10527 1 10528
10528 4 9195 10529 20331 40600
10529 2 10530 29566
10530 2 7922 10531
10531 1 10532
10532 3 2654 10533 35993
10533 1 10534
10534 2 10535 24551
10535 2 290 10536
10536 3 10537 20882 48935
10537 1 10538
10538 2 8916 10539
10539 1 10540
10540 2 4817 10541
10541 3 10542 13608 40923
10542 2 10543 29246
10543 1 10544
10544 2 10545 32323
10545 2 10546 37887
10546 2 10547 33408
10547 2 10548 12727
10548 3 2527 10549 38912
10549 1 10550
10550 2 10551 14043
10551 1 10552
10552 2 67 10553
10553 4 10554 31346 35302 43820
10554 1 10555
10555 1 10556
10556 1 10557
10557 1 10558
10558 2 3144 10559
10559 2 10560 10926
10560 2 10561 44605
10561 1 10562
10562 1 10563
10563 2 10564 39399
10564 2 10565 23992
10565 2 10566 37045
10566 2 10567 47161
10567 1 10568
10568 2 10569 42998
10569 1 10570
10570 1 10571
10571 2 10572 23949
10572 2 6100 10573
10573 3 10574 22180 41565
10574 1 10575
10575 1 10576
10576 1 10577
10577 1 10578
10578 3 8941 10579 25354
10579 1 10580
10580 2 10581 26738
10581 1 10582
10582 2 10583 12027
10583 1 10584
10584 2 10585 31922
10585 1 10586
10586 2 10587 20349
10587 2 10588 32401
10588 3 4958 10589 36173
10589 1 10590
10590 1 10591
10591 2 10592 11111
10592 1 10593
10593 1 10594
10594 1 10595
10595 2 10596 31252
10596 2 2795 10597
10597 4 7014 10598 19236 38152
10598 2 10599 37923
10599 3 10600 11283 26040
10600 1 10601
10601 1 10602
10602 3 10603 20732 49908
10603 2 10604 32133
10604 2 10605 24088
10605 1 10606
10606 3 10607 31240 45459
10607 2 10608 27077
10608 3 3712 10609 11191
10609 2 6198 10610
10610 2 10611 47500
10611 1 10612
10612 3 10613 16476 43355
10613 2 10614 16478
10614 1 10615
10615 2 1432 10616
10616 2 5828 10617
10617 2 10618 17337
10618 1 10619
10619 2 10620 30291
10620 1 10621
10621 2 10081 10622
10622 2 10623 41408
10623 1 10624
10624 1 10625
10625 1 10626
10626 1 10627
10627 2 10628 26824
10628 3 10629 20376 27388
10629 1 10630
10630 3 10631 31106 40026
10631 2 10632 47734
10632 3 10633 18867 37745
10633 3 10634 19745 48432
10634 3 10635 12648 15113
10635 1 10636
10636 2 10637 36620
10637 1 10638
10638 2 10639 18600
10639 1 10640
10640 2 10641 23514
10641 2 10642 26765
10642 3 10643 15237 43656
10643 1 10644
10644 2 10645 22259
10645 1 10646
10646 1 10647
10647 2 7922 10648
10648 2 10649 22539
10649 5 10650 28226 32850 39160 49244
10650 2 10651 31540
10651 2 7881 10652
10652 3 8104 10653 23544
10653 2 10654 45388
10654 1 10655
10655 1 10656
10656 3 10657 34813 39034
10657 1 10658
10658 1 10659
10659 2 10660 48196
10660 3 2727 10661 13252
10661 2 10662 29044
10662 4 3306 10663 23164 45362
10663 1 10664
10664 1 10665
10665 2 10666 18131
10666 1 10667
10667 2 10668 23634
10668 1 10669
10669 5 10670 12852 14765 29574 40861
10670 2 10671 40749
10671 1 10672
10672 2 10673 48020
10673 2 10674 12498
10674 1 10675
10675 2 10676 46489
10676 2 10311 10677
10677 1 10678
10678 1 10679
10679 1 10680
10680 1 10681
10681 2 2496 10682
10682 2 9624 10683
10683 2 10684 40339
10684 1 10685
10685 1 10686
10686 2 10687 47489
10687 2 10688 40387
10688 2 10689 26037
10689 3 10265 10690 17730
10690 1 10691
10691 2 10692 30229
10692 2 10693 37234
10693 1 10694
10694 1 10695
10695 3 2335 10696 21117
10696 2 10697 39791
10697 3 10698 16580 23620
10698 2 10699 14807
10699 1 10700
10700 2 9420 10701
10701 2 10702 45229
10702 1 10703
10703 3 10704 17381 27239
10704 3 10705 16819 21723
10705 1 10706
10706 1 10707
10707 3 10708 10760 43025
10708 1 10709
10709 2 10710 23410
10710 2 10711 47062
10711 2 10712 22610
10712 2 10713 14953
10713 3 10714 19808 44749
10714 2 10715 16714
10715 1 10716
10716 2 10717 41254
10717 3 4120 10718 42310
10718 2 10719 36562
10719 2 10720 31821
10720 1 10721
10721 1 10722
10722 1 10723
10723 2 5108 10724
10724 2 10725 48272
10725 3 6191 10726 39690
10726 1 10727
10727 2 10728 41887
10728 1 10729
10729 2 10730 46685
10730 1 10731
10731 1 10732
10732 3 10733 22779 30120
10733 4 10734 16032 19567 25353
10734 1 10735
10735 2 10736 17231
10736 2 10737 44968
10737 1 10738
10738 1 10739
10739 2 10740 27533
10740 2 10741 18790
10741 4 1581 10742 12388 34695
10742 1 10743
10743 2 10744 28447
10744 2 10745 43663
10745 2 10746 12209
10746 4 4552 10747 22345 36107
10747 1 10748
10748 2 10749 31043
10749 1 10750
10750 1 10751
10751 3 10752 33182 34323
10752 4 10007 10753 28147 46310
10753 3 10754 18873 47176
10754 1 10755
10755 2 10756 39271
10756 1 10757
10757 2 10758 11676
10758 1 10759
10759 2 10760 11505
10760 2 10761 33940
10761 1 10762
10762 2 10763 23131
10763 1 10764
10764 2 10765 33367
10765 1 10766
10766 2 10767 17626
10767 2 10768 28634
10768 3 7339 10769 15078
10769 2 10770 20500
10770 3 6477 10771 30206
10771 1 10772
10772 1 10773
10773 2 5446 10774
10774 1 10775
10775 2 10776 16024
10776 2 10777 36035
10777 2 10778 25822
10778 3 10779 29996 31233
10779 2 10780 45969
10780 1 10781
10781 3 10782 13108 26468
10782 2 10783 13737
10783 2 6759 10784
10784 3 10785 32372 43940
10785 2 7914 10786
10786 2 10787 33034
10787 1 10788
10788 1 10789
10789 1 10790
10790 5 1710 5531 9757 10791 34316
10791 2 10792 49402
10792 2 10793 36853
10793 1 10794
10794 1 10795
10795 1 10796
10796 5 10797 16268 29356 44007 44442
10797 1 10798
10798 4 7651 10799 14533 33486
10799 1 10800
10800 2 10801 38479
10801 2 8244 10802
10802 2 10803 17055
10803 1 10804
10804 3 10805 29121 49098
10805 1 10806
10806 2 10807 45458
10807 4 10808 18168 21290 36135
10808 3 10809 13182 36145
10809 1 10810
10810 3 10811 28490 45839
10811 2 10812 31507
10812 2 10813 42945
10813 3 10814 31989 40279
10814 3 10815 37118 38803
10815 2 10816 48939
10816 1 10817
10817 2 10818 47224
10818 3 8218 10819 45444
10819 2 10820 11546
10820 3 3696 10821 22876
10821 1 10822
10822 2 832 10823
10823 2 10824 24913
10824 2 10825 26485
10825 1 10826
10826 1 10827
10827 2 10828 13786
10828 1 10829
10829 1 10830
10830 2 10831 48196
10831 1 10832
10832 3 10833 13728 20382
10833 4 10834 12534 18024 39651
10834 2 6841 10835
10835 1 10836
10836 4 10837 13469 24771 33684
10837 1 10838
10838 1 10839
10839 2 10840 45718
10840 1 10841
10841 2 10842 16339
10842 1 10843
10843 1 10844
10844 1 10845
10845 2 10846 15611
10846 1 10847
10847 1 10848
10848 1 10849
10849 1 10850
10850 1 10851
10851 2 10852 45652
10852 2 10853 16397
10853 2 10854 22693
10854 2 10855 38023
10855 1 10856
10856 1 10857
10857 2 10858 28268
10858 2 4512 10859
10859 3 10860 24883 40886
10860 1 10861
10861 3 10862 23170 26560
10862 2 10863 13873
10863 1 10864
10864 2 10865 39904
10865 1 10866
10866 3 10867 34626 43659
10867 1 10868
10868 1 10869
10869 2 10870 44720
10870 4 10871 40335 45708 46358
10871 2 10872 49707
10872 2 10873 43438
10873 3 10874 21341 40762
10874 2 10875 38005
10875 2 10876 14393
10876 2 2062 10877
10877 5 6227 10878 11091 16289 33462
10878 1 10879
10879 2 10880 28605
10880 1 10881
10881 2 10882 33717
10882 1 10883
10883 1 10884
10884 4 6690 8668 10885 37450
10885 2 10886 30824
10886 2 10887 40420
10887 1 10888
10888 3 3939 10889 29599
10889 1 10890
10890 1 10891
10891 1 10892
10892 2 10893 39878
10893 2 8034 10894
10894 3 10895 15030 27021
10895 1 10896
10896 3 4841 5926 10897
10897 3 10898 45711 48227
10898 1 10899
10899 1 10900
10900 2 10901 12764
10901 5 7316 10902 16043 29405 38326
10902 1 10903
10903 1 10904
10904 3 10650 10905 44772
10905 5 5682 10906 28232 36852 38728
10906 3 10907 11453 20507
10907 2 10908 49067
10908 1 10909
10909 3 6356 6887 10910
10910 1 10911
10911 5 4684 10912 11197 20240 45351
10912 2 10913 17717
10913 2 1956 10914
10914 2 10915 41946
10915 4 5315 10916 22181 38084
10916 3 10917 38909 46233
10917 2 10918 13753
10918 2 10919 27868
10919 2 10920 35302
10920 3 1510 10921 27982
10921 3 10922 44709 44999
10922 1 10923
10923 2 10924 40684
10924 3 10925 21053 36153
10925 2 10926 26461
10926 2 10927 21547
10927 1 10928
10928 2 10929 11806
10929 1 10930
10930 1 10931
10931 3 10932 18984 20804
10932 6 951 10933 21955 24190 27066 29134
10933 2 10934 14433
10934 3 10935 11207 20774
10935 1 10936
10936 2 10937 27539
10937 2 10938 11059
10938 3 10939 41095 49406
10939 1 10940
10940 3 10941 32204 45312
10941 1 10942
10942 1 10943
10943 2 10944 15317
10944 2 6750 10945
10945 2 10946 26648
10946 2 10947 17432
10947 1 10948
10948 6 4141 10949 15258 21113 23110 48541
10949 1 10950
10950 2 10951 45866
10951 1 10952
10952 2 10953 16026
10953 1 10954
10954 3 10955 48023 49673
10955 1 10956
10956 3 9797 10957 31635
10957 1 10958
10958 2 10229 10959
10959 3 10960 12098 32125
10960 1 10961
10961 2 10962 32937
10962 2 10963 43076
10963 2 10964 29864
10964 1 10965
10965 2 10966 29314
10966 1 10967
10967 2 10968 28141
10968 2 10969 47038
10969 2 10970 26712
10970 2 10971 34994
10971 1 10972
10972 2 7050 10973
10973 4 1416 10974 14510 27711
10974 1 10975
10975 1 10976
10976 3 707 5270 10977
10977 2 7559 10978
10978 2 10979 33996
10979 2 2028 10980
10980 2 10981 17972
10981 2 10982 12275
10982 3 10983 43997 44338
10983 1 10984
10984 2 10985 14734
10985 3 6608 10986 45814
10986 2 2992 10987
10987 1 10988
10988 3 5254 10989 37119
10989 2 10990 22887
10990 4 846 10991 27730 36568
10991 2 2966 10992
10992 1 10993
10993 4 7194 8048 10994 43250
10994 2 5675 10995
10995 2 10996 48658
10996 2 10997 22779
10997 4 1323 10998 11462 43548
10998 1 10999
10999 3 11000 19212 33384
11000 2 11001 46524
11001 3 3860 11002 31894
11002 3 4195 11003 23278
11003 2 5582 11004
11004 3 3109 11005 46731
11005 2 11006 34038
11006 1 11007
11007 2 11008 18566
11008 3 11009 35304 43778
11009 1 11010
11010 1 11011
11011 3 11012 42474 46621
11012 2 11013 32512
11013 4 10025 11014 30371 32355
11014 2 11015 39562
11015 3 11016 24154 41993
11016 2 11017 46892
11017 1 11018
11018 2 11019 34103
11019 2 11020 21671
11020 1 11021
11021 4 11022 20273 41547 48218
11022 5 1176 11023 18730 30202 49600
11023 1 11024
11024 1 11025
11025 3 2424 11026 24295
11026 1 11027
11027 1 11028
11028 2 11029 44712
11029 2 11030 31049
11030 3 11031 34518 47998
11031 1 11032
11032 2 11033 13209
11033 3 11034 42025 48021
11034 2 11035 34159
11035 2 11036 24206
11036 2 11037 12561
11037 3 6670 11038 20735
11038 2 11039 31208
11039 2 7453 11040
11040 5 11041 13001 17605 43507 48971
11041 1 11042
11042 2 4411 11043
11043 1 11044
11044 1 11045
11045 1 11046
11046 2 2459 11047
11047 3 11048 22276 23743
11048 3 325 11049 32105
11049 3 5017 11050 30110
11050 1 11051
11051 1 11052
11052 2 11053 13247
11053 2 284 11054
11054 2 7116 11055
11055 3 8905 11056 36212
11056 3 11057 13080 27140
11057 1 11058
11058 4 5573 11059 22477 41594
11059 2 10551 11060
11060 1 11061
11061 2 11062 26582
11062 1 11063
11063 1 11064
11064 1 11065
11065 1 11066
11066 1 11067
11067 1 11068
11068 3 7443 11069 32384
11069 3 11070 12541 28510
11070 2 9263 11071
11071 1 11072
11072 3 11073 46800 49271
11073 1 11074
11074 3 10981 11075 29014
11075 1 11076
11076 1 11077
11077 3 11078 25189 33544
11078 1 11079
11079 1 11080
11080 2 11081 21444
11081 1 11082
11082 4 11083 21358 26969 45818
11083 2 11084 25270
11084 3 1548 11085 33992
11085 2 11086 43486
11086 2 11087 13091
11087 1 11088
11088 1 11089
11089 1 11090
11090 2 1551 11091
11091 3 11092 18110 36123
11092 2 11093 24062
11093 2 11094 14092
11094 3 3599 11095 12278
11095 3 11096 17515 32914
11096 2 11097 49027
11097 2 11098 19780
11098 3 6351 11099 13379
11099 2 3193 11100
11100 4 7650 11101 19649 31573
11101 2 8657 11102
11102 1 11103
11103 1 11104
11104 1 11105
11105 1 11106
11106 1 11107
11107 2 11108 33389
11108 1 11109
11109 2 11110 18111
11110 2 3513 11111
11111 3 9105 11112 13734
11112 2 11113 39373
11113 3 4251 11114 45093
11114 4 3626 11115 26948 45339
11115 1 11116
11116 1 11117
11117 1 11118
11118 2 11119 30508
11119 2 11120 44544
11120 1 11121
11121 2 11122 24577
11122 3 11123 37513 47240
11123 3 11124 27747 29462
11124 4 11125 20176 33422 36523
11125 1 11126
11126 2 4214 11127
11127 2 11128 32291
11128 1 11129
11129 1 11130
11130 1 11131
11131 3 11132 19354 25201
11132 2 11133 36050
11133 1 11134
11134 2 11135 30849
11135 2 11136 32928
11136 2 11137 47597
11137 1 11138
11138 1 11139
11139 1 11140
11140 1 11141
11141 1 11142
11142 2 3755 11143
11143 1 11144
11144 2 11145 47929
11145 1 11146
11146 3 11147 41485 44725
11147 3 11148 37135 49531
11148 2 11149 34440
11149 3 11150 17637 46924
11150 1 11151
11151 2 11152 41106
11152 1 11153
11153 1 11154
11154 3 11155 11858 28577
11155 2 11156 24904
11156 3 4735 11157 38597
11157 1 11158
11158 2 11159 41141
11159 4 11160 29629 37856 46075
11160 3 11161 28750 41650
11161 2 5114 11162
11162 1 11163
11163 3 11164 11903 18288
11164 1 11165
11165 3 11166 19329 26785
11166 2 11167 39642
11167 4 9077 11168 43318 45951
11168 2 11169 48961
11169 2 11170 17273
11170 2 11171 34242
11171 1 11172
11172 1 11173
11173 2 11174 32015
11174 1 11175
11175 2 11176 14345
11176 4 8633 11177 12553 30895
11177 4 11178 22389 29197 43909
11178 3 9245 11179 46822
11179 2 11180 22683
11180 1 11181
11181 4 11182 20683 21449 37463
11182 3 11183 39760 42481
11183 1 11184
11184 1 11185
11185 1 11186
11186 2 11187 39426
11187 4 11188 14699 24349 43615
11188 1 11189
11189 1 11190
11190 4 11191 13760 20086 26253
11191 4 11192 18504 27952 29629
11192 1 11193
11193 1 11194
11194 4 11195 20509 30711 32206
11195 1 11196
11196 2 10344 11197
11197 3 8981 11198 36894
11198 1 11199
11199 1 11200
11200 1 11201
11201 2 11202 39818
11202 2 11203 47022
11203 1 11204
11204 1 11205
11205 2 1244 11206
11206 1 11207
11207 2 11208 35341
11208 1 11209
11209 2 11210 25909
11210 2 11211 19385
11211 2 11212 28524
11212 2 11213 16298
11213 1 11214
11214 2 11215 43166
11215 1 11216
11216 1 11217
11217 1 11218
11218 2 11219 17379
11219 1 11220
11220 2 11221 35864
11221 2 11222 29737
11222 1 11223
11223 2 1548 11224
11224 1 11225
11225 2 11226 31746
11226 4 11227 16730 23945 37107
11227 1 11228
11228 2 11229 20784
11229 1 11230
11230 2 1157 11231
11231 3 11232 31737 48584
11232 1 11233
11233 2 11234 24141
11234 1 11235
11235 5 6945 11236 25359 33241 34740
11236 1 11237
11237 2 11238 47009
11238 3 358 1633 11239
11239 1 11240
11240 4 61 11241 25099 36199
11241 1 11242
11242 3 11243 37174 43739
11243 2 11244 19183
11244 2 5046 11245
11245 2 11246 41377
11246 3 11247 29645 48331
11247 2 8319 11248
11248 1 11249
11249 1 11250
11250 1 11251
11251 2 11252 19508
11252 1 11253
11253 2 11254 19462
11254 1 11255
11255 4 4315 10312 11256 40636
11256 2 7532 11257
11257 1 11258
11258 2 11259 17384
11259 1 11260
11260 1 11261
11261 3 11262 17268 28371
11262 1 11263
11263 3 9583 11264 13372
11264 2 11265 11508
11265 3 11266 14047 23387
11266 2 11267 12161
11267 1 11268
11268 2 11269 15129
11269 4 11270 24602 40690 41278
11270 1 11271
11271 1 11272
11272 3 10269 11273 40957
11273 3 11274 12963 19283
11274 1 11275
11275 1 11276
11276 1 11277
11277 1 11278
11278 3 11279 20457 48496
11279 3 2789 11280 32393
11280 3 2357 8821 11281
11281 2 11282 36235
11282 1 11283
11283 2 11284 45227
11284 2 11285 29990
11285 4 11286 11354 41315 46935
11286 1 11287
11287 2 2306 11288
11288 1 11289
11289 1 11290
11290 2 11291 16409
11291 4 11292 13547 28159 40373
11292 3 11293 17797 44106
11293 1 11294
11294 1 11295
11295 1 11296
11296 3 11297 19901 33529
11297 1 11298
11298 1 11299
11299 3 468 11300 25248
11300 1 11301
11301 1 11302
11302 1 11303
11303 5 3210 9602 11304 31435 41271
11304 3 11305 25635 43780
11305 3 11306 18882 33362
11306 1 11307
11307 1 11308
11308 3 3915 6715 11309
11309 1 11310
11310 1 11311
11311 1 11312
11312 3 11313 21504 28375
11313 3 1600 11314 43123
11314 1 11315
11315 1 11316
11316 2 6907 11317
11317 2 11318 38355
11318 1 11319
11319 4 7154 11320 26484 38860
11320 3 3603 4937 11321
11321 1 11322
11322 1 11323
11323 1 11324
11324 2 11325 19157
11325 3 11326 12022 42629
11326 1 11327
11327 3 10050 11328 17030
11328 1 11329
11329 2 11330 30494
11330 2 3738 11331
11331 3 11332 15635 47912
11332 3 11333 12328 39705
11333 2 11334 22519
11334 2 11335 19588
11335 3 3142 9801 11336
11336 4 3255 11337 34931 49819
11337 4 11338 14125 47165 48091
11338 2 5135 11339
11339 1 11340
11340 2 11341 14789
11341 2 11342 17603
11342 3 6010 11343 41912
11343 3 11344 29657 41418
11344 2 11345 15047
11345 1 11346
11346 3 11347 21316 45471
11347 2 8972 11348
11348 1 11349
11349 2 11350 17750
11350 2 11351 40306
11351 1 11352
11352 3 11353 19981 40573
11353 2 11354 12300
11354 2 1987 11355
11355 1 11356
11356 3 7792 11357 36599
11357 2 11358 15848
11358 2 11359 21833
11359 1 11360
11360 1 11361
11361 2 11362 33676
11362 1 11363
11363 2 11364 26264
11364 2 113 11365
11365 3 11366 27286 37365
11366 3 3737 11367 13224
11367 1 11368
11368 1 11369
11369 1 11370
11370 3 6013 11371 42404
11371 2 11372 36622
11372 3 11373 24387 36044
11373 3 11374 25007 49025
11374 1 11375
11375 1 11376
11376 2 11377 21799
11377 3 11378 13926 16907
11378 4 1013 11379 26073 26110
11379 2 11380 13837
11380 2 11381 42770
11381 3 11382 34604 42269
11382 1 11383
11383 1 11384
11384 2 11036 11385
11385 5 11386 12926 16098 20560 37703
11386 1 11387
11387 3 9825 11388 30079
11388 2 11389 30924
11389 2 11390 17663
11390 4 11391 18570 25319 42096
11391 1 11392
11392 3 10498 11393 31049
11393 2 11394 38929
11394 2 11395 41071
11395 2 11396 49949
11396 1 11397
11397 1 11398
11398 2 2725 11399
11399 2 11400 49971
11400 4 11401 15746 16175 24961
11401 3 3679 11402 42795
11402 2 11403 30708
11403 3 9080 11404 12698
11404 1 11405
11405 3 3190 11406 43208
11406 3 1116 11407 46454
11407 3 9185 11408 16721
11408 1 11409
11409 1 11410
11410 1 11411
11411 2 11412 25598
11412 3 2972 11413 23193
11413 2 11414 35913
11414 1 11415
11415 4 3344 11416 17328 18809
11416 3 6499 11417 30340
11417 2 11418 33961
11418 2 11419 36437
11419 2 10952 11420
11420 4 11421 16342 22617 35635
11421 2 4724 11422
11422 2 11423 22160
11423 2 7507 11424
11424 3 11425 37426 42557
11425 1 11426
11426 3 11427 16344 41667
11427 4 11428 16645 32579 32947
11428 4 11429 33110 42609 46327
11429 1 11430
11430 3 11431 34310 40011
11431 4 11432 16782 17844 41503
11432 1 11433
11433 1 11434
11434 2 11435 40758
11435 2 11436 18367
11436 1 11437
11437 2 11438 18226
11438 3 7106 11439 12535
11439 2 11440 42558
11440 2 11441 32696
11441 3 11442 21554 39350
11442 1 11443
11443 2 11444 30515
11444 3 2920 8901 11445
11445 1 11446
11446 2 1818 11447
11447 2 11448 15753
11448 1 11449
11449 2 10333 11450
11450 1 11451
11451 2 11452 30452
11452 1 11453
11453 2 11454 34612
11454 3 11455 13999 42010
11455 1 11456
11456 3 1940 11457 26402
11457 2 11458 40832
11458 1 11459
11459 2 11460 49782
11460 1 11461
11461 1 11462
11462 2 11463 49936
11463 2 9553 11464
11464 3 7894 11465 32683
11465 2 11466 19122
11466 3 11467 21958 30954
11467 1 11468
11468 2 11469 47964
11469 1 11470
11470 2 11471 43864
11471 2 11472 13001
11472 2 34 11473
11473 1 11474
11474 2 11475 47200
11475 1 11476
11476 1 11477
11477 2 8198 11478
11478 1 11479
11479 2 11480 31026
11480 1 11481
11481 1 11482
11482 2 3696 11483
11483 2 11484 35173
11484 2 11485 40254
11485 3 1082 11486 25081
11486 1 11487
11487 1 11488
11488 1 11489
11489 1 11490
11490 2 11491 23892
11491 2 3957 11492
11492 1 11493
11493 1 11494
11494 5 1671 5255 11495 12975 35115
11495 1 11496
11496 4 2223 11497 15780 46486
11497 1 11498
11498 1 11499
11499 3 4819 11500 20679
11500 5 11501 25911 26389 30683 38768
11501 3 11502 11755 43992
11502 1 11503
11503 3 11504 17587 43066
11504 2 11505 21629
11505 2 8442 11506
11506 1 11507
11507 2 11508 34831
11508 1 11509
11509 1 11510
11510 2 3564 11511
11511 1 11512
11512 1 11513
11513 2 11514 42104
11514 1 11515
11515 3 6509 11516 14289
11516 2 2183 11517
11517 3 6544 11518 13776
11518 4 11519 16911 19167 28451
11519 1 11520
11520 2 11521 35738
11521 3 7916 11522 17025
11522 3 11523 30455 47023
11523 1 11524
11524 2 11525 14134
11525 2 11114 11526
11526 3 11527 17582 47364
11527 3 7744 11528 44247
11528 4 4013 11529 28070 32446
11529 3 8503 11530 49099
11530 4 11531 22865 33328 36570
11531 4 10833 11532 12103 30489
11532 3 7214 11346 11533
11533 1 11534
11534 2 11535 49359
11535 3 551 11536 49215
11536 2 11537 20687
11537 1 11538
11538 5 4697 11539 26596 46336 47509
11539 3 6920 11540 44498
11540 2 11541 26722
11541 1 11542
11542 3 8877 11543 26938
11543 2 11544 32837
11544 2 11545 20803
11545 1 11546
11546 1 11547
11547 1 11548
11548 2 11549 19575
11549 4 3700 11550 22908 49259
11550 1 11551
11551 2 11552 17691
11552 1 11553
11553 2 11554 44294
11554 2 11555 18137
11555 2 11556 42569
11556 2 11557 28619
11557 2 9119 11558
11558 1 11559
11559 3 11560 13446 14676
11560 1 11561
11561 1 11562
11562 1 11563
11563 1 11564
11564 2 11565 33580
11565 2 11566 27174
11566 1 11567
11567 1 11568
11568 3 1208 3759 11569
11569 2 11570 28365
11570 3 11571 25536 48181
11571 1 11572
11572 2 11573 49994
11573 3 11574 41204 43576
11574 3 394 11575 37211
11575 3 11576 34438 34539
11576 1 11577
11577 3 1974 11578 35997
11578 1 11579
11579 3 11580 27964 37554
11580 1 11581
11581 3 11582 14712 22213
11582 3 11583 17148 32808
11583 1 11584
11584 1 11585
11585 2 11586 43884
11586 3 2832 8983 11587
11587 1 11588
11588 1 11589
11589 3 3765 11590 28159
11590 3 3979 11591 21005
11591 2 11592 34189
11592 2 11593 29712
11593 3 6711 11594 48344
11594 3 11595 19138 36167
11595 2 11596 23999
11596 1 11597
11597 3 11598 13418 24237
11598 2 11599 49773
11599 2 11478 11600
11600 2 11601 20460
11601 2 11602 41564
11602 1 11603
11603 3 11604 24609 25294
11604 1 11605
11605 5 8821 11606 13569 19904 33781
11606 2 11607 24764
11607 1 11608
11608 3 11609 33944 43021
11609 1 11610
11610 4 11611 29180 32711 45276
11611 2 11612 41751
11612 1 11613
11613 2 11614 49026
11614 2 11615 38291
11615 1 11616
11616 2 11617 31846
11617 2 10953 11618
11618 1 11619
11619 1 11620
11620 3 11621 17696 26775
11621 1 11622
11622 3 11623 35919 39874
11623 1 11624
11624 1 11625
11625 2 11626 41180
11626 1 11627
11627 1 11628
11628 2 11629 33430
11629 2 6177 11630
11630 2 8206 11631
11631 1 11632
11632 4 11633 14794 18365 26738
11633 3 3240 6626 11634
11634 3 11635 14553 34891
11635 3 810 11636 34006
11636 2 1982 11637
11637 1 11638
11638 2 11639 13420
11639 2 11640 13429
11640 3 6870 11641 32085
11641 2 11642 44480
11642 3 11643 16323 33029
11643 2 11644 24858
11644 1 11645
11645 1 11646
11646 6 393 11647 19496 22907 40575 42288
11647 1 11648
11648 1 11649
11649 4 2956 4471 11650 15459
11650 1 11651
11651 3 11652 34723 38645
11652 3 11653 44315 44985
11653 1 11654
11654 2 11655 34926
11655 1 11656
11656 3 1545 11657 18909
11657 1 11658
11658 2 11659 19517
11659 2 11660 37119
11660 2 11661 22568
11661 4 11662 37691 44849 44929
11662 2 11663 22126
11663 4 11420 11664 41867 46073
11664 2 11410 11665
11665 2 11666 23306
11666 2 7274 11667
11667 2 11668 47046
11668 2 11669 31161
11669 4 11670 14401 31778 49413
11670 1 11671
11671 1 11672
11672 1 11673
11673 1 11674
11674 2 11675 35766
11675 1 11676
11676 3 11677 17551 35320
11677 3 11678 11754 17073
11678 1 11679
11679 1 11680
11680 2 1903 11681
11681 2 11682 48072
11682 4 7275 11683 17099 24503
11683 2 2695 11684
11684 1 11685
11685 2 11365 11686
11686 3 6635 11687 36573
11687 1 11688
11688 1 11689
11689 2 11690 43460
11690 1 11691
11691 2 11692 19376
11692 3 11693 17057 21440
11693 4 6119 11694 28378 36133
11694 2 11695 35519
11695 2 5163 11696
11696 3 2277 11697 34191
11697 2 11698 45448
11698 1 11699
11699 2 11700 16392
11700 2 11701 38690
11701 2 11702 48718
11702 4 3988 11703 22307 42846
11703 2 11704 27364
11704 1 11705
11705 2 11706 37698
11706 2 11707 25384
11707 4 3063 11499 11708 41430
11708 2 11709 35167
11709 1 11710
11710 4 8810 11711 39474 40184
11711 2 2681 11712
11712 1 11713
11713 2 11714 37447
11714 2 11715 36332
11715 1 11716
11716 1 11717
11717 1 11718
11718 3 6511 11719 16507
11719 4 7598 8827 11720 42698
11720 1 11721
11721 3 11722 21710 24920
11722 1 11723
11723 2 9041 11724
11724 2 2182 11725
11725 1 11726
11726 2 11727 30456
11727 4 1986 11728 15806 49936
11728 2 6290 11729
11729 2 9411 11730
11730 4 11731 32832 36318 48428
11731 1 11732
11732 1 11733
11733 2 11734 23896
11734 1 11735
11735 2 11736 48898
11736 4 4436 11737 22783 48258
11737 1 11738
11738 2 5426 11739
11739 4 153 11740 13541 38411
11740 2 11741 16358
11741 3 11742 32151 35076
11742 5 11743 13482 13878 17658 27356
11743 2 11744 47442
11744 2 11745 22796
11745 1 11746
11746 3 11747 34840 38685
11747 3 11748 20855 49400
11748 2 11749 23801
11749 3 11750 26929 40354
11750 1 11751
11751 1 11752
11752 1 11753
11753 2 11754 38599
11754 1 11755
11755 3 11756 20967 45135
11756 2 11757 49949
11757 4 3917 5057 11758 28245
11758 3 11759 15341 23423
11759 1 11760
11760 2 11761 24846
11761 1 11762
11762 1 11763
11763 3 11764 36025 41680
11764 3 648 11765 35533
11765 1 11766
11766 1 11767
11767 3 11768 20466 35601
11768 1 11769
11769 3 11770 23778 25421
11770 1 11771
11771 2 11772 25778
11772 2 11773 23739
11773 1 11774
11774 1 11775
11775 3 11776 12458 41075
11776 2 11777 22291
11777 3 11778 15743 23262
11778 2 11779 48027
11779 1 11780
11780 1 11781
11781 1 11782
11782 2 11783 19940
11783 2 11784 22091
11784 1 11785
11785 2 3930 11786
11786 3 11787 23143 29755
11787 2 2693 11788
11788 2 11789 28821
11789 1 11790
11790 1 11791
11791 2 11792 34992
11792 1 11793
11793 2 11794 48173
11794 2 11795 27023
11795 2 11796 18194
11796 1 11797
11797 2 11798 49334
11798 2 6618 11799
11799 2 11800 16194
11800 1 11801
11801 2 3828 11802
11802 2 4868 11803
11803 1 11804
11804 1 11805
11805 4 5997 11806 25136 44419
11806 1 11807
11807 1 11808
11808 2 4174 11809
11809 1 11810
11810 2 11811 33403
11811 1 11812
11812 1 11813
11813 1 11814
11814 2 3131 11815
11815 2 11816 47023
11816 3 11817 30184 44155
11817 2 11818 43135
11818 2 11819 33388
11819 1 11820
11820 3 11821 13220 20375
11821 4 11822 14060 22105 34063
11822 5 5981 11823 20100 27907 38148
11823 3 11824 11967 15683
11824 1 11825
11825 1 11826
11826 2 11827 46760
11827 1 11828
11828 2 11829 38676
11829 3 8739 11830 46130
11830 2 11831 20050
11831 1 11832
11832 1 11833
11833 1 11834
11834 1 11835
11835 1 11836
11836 2 11837 17932
11837 2 8126 11838
11838 2 4893 11839
11839 1 11840
11840 3 11841 32321 43212
11841 1 11842
11842 1 11843
11843 2 2136 11844
11844 1 11845
11845 1 11846
11846 2 11847 38083
11847 3 11848 24048 41352
11848 5 7340 11849 17285 20027 30410
11849 1 11850
11850 2 11851 48659
11851 1 11852
11852 3 4192 11853 23427
11853 1 11854
11854 1 11855
11855 1 11856
11856 1 11857
11857 2 2207 11858
11858 2 11282 11859
11859 3 3624 11860 16217
11860 1 11861
11861 3 5418 11862 12358
11862 1 11863
11863 2 11864 44085
11864 1 11865
11865 2 11866 48251
11866 2 7723 11867
11867 1 11868
11868 1 11869
11869 1 11870
11870 1 11871
11871 1 11872
11872 3 11873 26230 40606
11873 1 11874
11874 3 2307 11463 11875
11875 1 11876
11876 4 11877 36430 39150 44130
11877 1 11878
11878 2 4183 11879
11879 3 11880 26041 44422
11880 2 11881 33540
11881 3 11882 18233 48726
11882 2 653 11883
11883 4 2819 8062 11884 36057
11884 1 11885
11885 3 11886 16923 19608
11886 2 11887 48103
11887 1 11888
11888 1 11889
11889 1 11890
11890 2 1838 11891
11891 1 11892
11892 1 11893
11893 2 11894 18120
11894 1 11895
11895 1 11896
11896 2 11897 13995
11897 2 11898 44511
11898 1 11899
11899 3 11900 20288 42881
11900 2 11901 28078
11901 1 11902
11902 1 11903
11903 1 11904
11904 5 2575 11905 21137 25524 43867
11905 1 11906
11906 2 11907 36870
11907 2 11908 30290
11908 2 11909 39536
11909 5 11910 12676 19731 29131 33497
11910 2 8628 11911
11911 2 11912 23208
11912 1 11913
11913 1 11914
11914 2 11915 36091
11915 2 11916 38282
11916 2 11917 47968
11917 1 11918
11918 2 11919 30825
11919 3 5934 11920 17724
11920 2 3138 11921
11921 2 7721 11922
11922 2 11637 11923
11923 1 11924
11924 1 11925
11925 2 11926 37477
11926 1 11927
11927 2 11928 49729
11928 2 2846 11929
11929 2 11930 39275
11930 2 11931 33625
11931 2 11932 31607
11932 2 11933 14405
11933 1 11934
11934 1 11935
11935 3 11936 27592 37616
11936 1 11937
11937 1 11938
11938 2 11939 34233
11939 2 11301 11940
11940 2 11941 27516
11941 1 11942
11942 2 11943 48170
11943 1 11944
11944 1 11945
11945 2 11946 17681
11946 1 11947
11947 3 11948 40345 44626
11948 1 11949
11949 1 11950
11950 2 11951 32064
11951 1 11952
11952 2 11953 16025
11953 1 11954
11954 2 11955 28128
11955 1 11956
11956 2 11957 19831
11957 2 11958 15185
11958 3 11959 15478 27330
11959 3 11960 36761 44309
11960 1 11961
11961 2 11962 39659
11962 1 11963
11963 3 11964 24160 48994
11964 3 11965 29405 49479
11965 2 11966 29069
11966 3 11967 12762 48162
11967 2 7446 11968
11968 2 2768 11969
11969 1 11970
11970 2 11971 42488
11971 4 5846 11972 40601 40883
11972 1 11973
11973 1 11974
11974 2 11975 13086
11975 3 11976 41079 42857
11976 1 11977
11977 1 11978
11978 1 11979
11979 1 11980
11980 2 5930 11981
11981 3 11982 19241 25084
11982 1 11983
11983 2 7866 11984
11984 4 11985 14794 28737 29385
11985 3 10450 11986 12609
11986 2 11987 13773
11987 2 11988 17930
11988 2 11989 18200
11989 1 11990
11990 2 5378 11991
11991 3 8620 8905 11992
11992 2 5710 11993
11993 1 11994
11994 2 11995 19205
11995 1 11996
11996 1 11997
11997 2 3261 11998
11998 1 11999
11999 2 12000 34710
12000 1 12001
12001 1 12002
12002 2 12003 15663
12003 3 12004 36916 49869
12004 1 12005
12005 4 1358 3682 12006 36121
12006 3 12007 27299 45836
12007 1 12008
12008 2 12009 40615
12009 3 12010 23129 41331
12010 1 12011
12011 2 12012 24331
12012 1 12013
12013 2 12014 19098
12014 1 12015
12015 2 10636 12016
12016 4 12017 28091 34426 42640
12017 1 12018
12018 1 12019
12019 6 8695 12020 41073 42915 46202 49673
12020 1 12021
12021 2 12022 19671
12022 1 12023
12023 1 12024
12024 2 12025 46236
12025 2 12026 25605
12026 2 5608 12027
12027 1 12028
12028 1 12029
12029 2 4042 12030
12030 3 11310 12031 23850
12031 2 12032 17875
12032 2 12033 43875
12033 2 12034 19703
12034 2 12035 18045
12035 2 7177 12036
12036 2 12037 41902
12037 2 12038 28422
12038 2 12039 45386
12039 2 12040 46660
12040 2 2160 12041
12041 4 3179 3928 12042 32480
12042 2 12043 47730
12043 3 12044 29709 42850
12044 3 11192 12045 25786
12045 2 12046 32631
12046 4 4942 12047 14331 35384
12047 2 12048 21176
12048 2 12049 24033
12049 2 2824 12050
12050 3 12051 34138 41358
12051 1 12052
12052 2 12053 29362
12053 3 12054 30955 49721
12054 2 12055 38058
12055 5 11830 12056 25334 31189 38319
12056 2 12057 32812
12057 2 12058 29815
12058 2 4636 12059
12059 1 12060
12060 2 12061 42524
12061 1 12062
12062 1 12063
12063 2 12064 17629
12064 1 12065
12065 3 1481 8990 12066
12066 2 12067 36600
12067 4 435 11679 12068 31361
12068 2 12069 37871
12069 2 12070 15718
12070 2 12071 41653
12071 2 12072 22826
12072 1 12073
12073 1 12074
12074 1 12075
12075 1 12076
12076 3 12077 36261 42340
12077 1 12078
12078 2 12079 39799
12079 2 12080 28122
12080 3 12081 13849 18720
12081 3 12082 13242 29633
12082 2 12083 40716
12083 3 11824 12084 37160
12084 3 222 5526 12085
12085 1 12086
12086 1 12087
12087 2 1989 12088
12088 1 12089
12089 2 12090 40775
12090 1 12091
12091 3 11482 12092 36514
12092 4 2840 12093 15240 31433
12093 1 12094
12094 5 12095 22732 23399 32103 36344
12095 3 4991 5856 12096
12096 2 12097 41302
12097 2 12098 20248
12098 1 12099
12099 2 5839 12100
12100 3 12101 29353 32717
12101 2 12102 43492
12102 2 12103 26844
12103 1 12104
12104 2 4563 12105
12105 2 11085 12106
12106 1 12107
12107 1 12108
12108 2 12109 38577
12109 1 12110
12110 3 5386 10195 12111
12111 2 12112 29209
12112 1 12113
12113 1 12114
12114 2 7532 12115
12115 2 12116 27506
12116 2 12117 31141
12117 2 12118 14572
12118 4 12119 23513 33969 38720
12119 2 12120 41156
12120 1 12121
12121 2 9737 12122
12122 1 12123
12123 3 12124 22488 43003
12124 1 12125
12125 2 12126 29004
12126 1 12127
12127 4 12128 23849 25227 42311
12128 3 7280 12129 14604
12129 1 12130
12130 2 12131 37904
12131 4 12132 13152 26326 30205
12132 2 2559 12133
12133 1 12134
12134 1 12135
12135 2 11263 12136
12136 2 12137 20240
12137 2 12138 46437
12138 3 7828 10528 12139
12139 1 12140
12140 2 12141 47793
12141 1 12142
12142 2 2294 12143
12143 2 12144 27652
12144 3 12145 14573 34008
12145 3 12057 12146 48527
12146 1 12147
12147 1 12148
12148 2 10487 12149
12149 2 12150 13764
12150 1 12151
12151 2 1393 12152
12152 2 12153 37149
12153 2 12154 16415
12154 2 12155 36291
12155 2 12156 46334
12156 2 12157 39037
12157 3 12158 17450 41849
12158 2 12159 43140
12159 3 3266 12160 40482
12160 1 12161
12161 1 12162
12162 3 12163 21493 32780
12163 4 7365 12164 31354 41145
12164 5 8288 10496 12165 25018 31842
12165 1 12166
12166 4 6634 7384 12167 18468
12167 2 12168 24677
12168 1 12169
12169 3 1449 9527 12170
12170 3 12171 38180 48068
12171 2 12172 44305
12172 3 12173 42005 43876
12173 2 12174 28652
12174 2 12175 14690
12175 2 12176 44829
12176 2 12177 22191
12177 2 12178 23106
12178 2 12179 24974
12179 3 12180 15292 31929
12180 3 4502 12181 48394
12181 2 3556 12182
12182 2 12183 21112
12183 2 12184 16076
12184 3 12185 33085 36469
12185 2 12186 43643
12186 2 12187 20578
12187 3 12188 29528 49186
12188 1 12189
12189 4 12190 27103 32714 38076
12190 2 12191 47518
12191 1 12192
12192 2 12193 12498
12193 1 12194
12194 2 12195 46294
12195 2 4973 12196
12196 3 5766 12197 33869
12197 1 12198
12198 3 12199 14680 36964
12199 1 12200
12200 1 12201
12201 2 12202 14446
12202 1 12203
12203 2 4152 12204
12204 3 10398 12205 12908
12205 2 12206 33796
12206 1 12207
12207 2 12208 14452
12208 2 12209 39912
12209 1 12210
12210 2 12211 41208
12211 2 12212 38178
12212 2 12213 45869
12213 4 12214 14986 30654 31145
12214 1 12215
12215 2 12216 34317
12216 3 12217 20727 40019
12217 2 12218 26969
12218 2 12219 30225
12219 1 12220
12220 2 12221 16440
12221 1 12222
12222 2 12223 45279
12223 2 12224 27361
12224 3 12103 12225 43978
12225 1 12226
12226 2 12227 29472
12227 1 12228
12228 2 8049 12229
12229 1 12230
12230 1 12231
12231 2 12232 20659
12232 4 6503 12233 36042 43133
12233 4 12234 16313 23560 36202
12234 2 12235 16705
12235 2 12236 34610
12236 3 12237 29964 36199
12237 1 12238
12238 3 12239 21325 32784
12239 3 12240 36974 43454
12240 3 12241 13659 20130
12241 2 12242 45949
12242 2 12243 20887
12243 1 12244
12244 2 9139 12245
12245 1 12246
12246 2 12247 30139
12247 2 11814 12248
12248 2 12249 48154
12249 1 12250
12250 3 12251 29210 46844
12251 1 12252
12252 1 12253
12253 2 12254 46008
12254 1 12255
12255 5 2430 12256 20287 36581 49062
12256 1 12257
12257 4 3674 12258 14519 28088
12258 3 12259 21082 28235
12259 3 12260 18645 39079
12260 1 12261
12261 2 12262 16355
12262 2 12263 47560
12263 3 5683 12264 16923
12264 3 12265 35387 46266
12265 1 12266
12266 2 12267 12428
12267 1 12268
12268 2 12269 28670
12269 2 12270 29455
12270 2 12271 19072
12271 2 12272 37617
12272 3 10390 12273 33067
12273 2 12274 12601
12274 1 12275
12275 1 12276
12276 2 6918 12277
12277 1 12278
12278 1 12279
12279 2 12280 41124
12280 2 12281 27693
12281 1 12282
12282 3 12283 39157 45760
12283 3 12284 19654 22197
12284 2 12285 16194
12285 3 12286 46178 47362
12286 2 12287 20894
12287 2 526 12288
12288 1 12289
12289 3 12290 21260 49488
12290 1 12291
12291 3 12292 21911 39902
12292 2 7480 12293
12293 4 627 10509 12294 32491
12294 1 12295
12295 2 10432 12296
12296 3 3041 12297 21377
12297 2 12298 47805
12298 2 10641 12299
12299 2 12300 13730
12300 1 12301
12301 2 12302 30141
12302 2 12303 46782
12303 4 1491 11704 12304 49466
12304 1 12305
12305 2 12306 12390
12306 2 7141 12307
12307 3 12308 22761 24798
12308 1 12309
12309 1 12310
12310 1 12311
12311 3 12312 15550 19805
12312 2 12313 16986
12313 4 7289 12314 30312 38402
12314 1 12315
12315 1 12316
12316 3 12317 17011 36370
12317 1 12318
12318 5 12319 33115 45823 47843 47877
12319 2 12320 29096
12320 1 12321
12321 1 12322
12322 3 12323 25417 37511
12323 3 12324 33141 45117
12324 3 12325 13600 49003
12325 4 12326 14424 17773 22680
12326 3 4391 12327 39698
12327 1 12328
12328 3 12329 31108 41471
12329 1 12330
12330 2 12331 40852
12331 1 12332
12332 2 276 12333
12333 3 12334 44072 47150
12334 2 12335 40151
12335 3 11385 12336 45699
12336 1 12337
12337 1 12338
12338 1 12339
12339 4 12340 16535 20661 26816
12340 2 12341 41781
12341 1 12342
12342 3 12343 14037 23739
12343 2 11839 12344
12344 1 12345
12345 3 1517 12346 19815
12346 4 9877 12347 27611 40555
12347 1 12348
12348 2 3766 12349
12349 1 12350
12350 2 12351 41625
12351 1 12352
12352 2 12353 23288
12353 2 12354 27474
12354 1 12355
12355 4 7967 10701 12356 44858
12356 2 12357 20528
12357 1 12358
12358 1 12359
12359 3 12360 16711 44596
12360 2 12361 20423
12361 2 12362 31347
12362 2 3804 12363
12363 3 12364 34630 39421
12364 2 10016 12365
12365 1 12366
12366 2 12367 36230
12367 3 6060 12368 14766
12368 2 6326 12369
12369 2 12370 16591
12370 1 12371
12371 3 12372 17400 36593
12372 2 12373 47280
12373 3 9039 9399 12374
12374 1 12375
12375 1 12376
12376 2 2674 12377
12377 2 12378 22910
12378 3 12379 17755 46947
12379 2 12380 24102
12380 2 12381 40627
12381 2 12382 14278
12382 2 6053 12383
12383 1 12384
12384 3 12385 38278 47730
12385 3 12386 35434 38941
12386 1 12387
12387 1 12388
12388 2 12389 45712
12389 1 12390
12390 2 11683 12391
12391 1 12392
12392 2 12393 25836
12393 2 12394 47685
12394 2 12395 32725
12395 4 5739 12396 16662 45230
12396 4 1248 12397 30034 45876
12397 1 12398
12398 1 12399
12399 3 12400 14324 23549
12400 2 12401 32684
12401 2 12402 41496
12402 2 12403 24580
12403 1 12404
12404 3 12405 25665 28506
12405 2 12406 25384
12406 1 12407
12407 3 12408 29798 30650
12408 3 6146 12409 34534
12409 1 12410
12410 3 12411 17737 26777
12411 2 7427 12412
12412 1 12413
12413 1 12414
12414 2 12415 37961
12415 2 12416 39844
12416 2 12417 22735
12417 2 12418 46359
12418 1 12419
12419 1 12420
12420 2 12421 44212
12421 2 12141 12422
12422 2 8310 12423
12423 1 12424
12424 2 12425 46723
12425 1 12426
12426 3 2374 12427 27275
12427 1 12428
12428 4 5113 12429 19345 42150
12429 1 12430
12430 2 12431 16798
12431 2 12432 29419
12432 2 11518 12433
12433 1 12434
12434 3 1258 12435 20426
12435 1 12436
12436 2 12437 18813
12437 2 12438 14974
12438 4 704 12439 18785 22873
12439 4 259 9978 12440 15725
12440 3 12441 30139 42274
12441 4 8984 12442 27004 41065
12442 3 9972 12443 34895
12443 1 12444
12444 1 12445
12445 2 12446 26217
12446 2 12447 40373
12447 3 12448 42942 46208
12448 1 12449
12449 2 12450 35213
12450 2 12451 39077
12451 2 12452 41038
12452 2 425 12453
12453 2 12454 49924
12454 3 3914 12455 37737
12455 2 12456 37866
12456 1 12457
12457 2 12458 15553
12458 2 12459 21268
12459 1 12460
12460 1 12461
12461 1 12462
12462 1 12463
12463 4 7106 12464 32722 46398
12464 3 12465 28968 44417
12465 3 12466 22744 24062
12466 1 12467
12467 2 7477 12468
12468 2 12469 36726
12469 1 12470
12470 1 12471
12471 2 11851 12472
12472 1 12473
12473 1 12474
12474 6 12475 17071 32939 34666 37404 40451
12475 2 12476 32642
12476 2 3812 12477
12477 3 6077 12478 20409
12478 1 12479
12479 2 5549 12480
12480 3 12481 13275 35211
12481 3 12482 19897 41164
12482 2 10638 12483
12483 2 12484 31914
12484 1 12485
12485 2 6268 12486
12486 3 12487 13399 47975
12487 3 12488 27422 35884
12488 2 12489 47530
12489 3 7240 12490 40446
12490 1 12491
12491 3 10230 12492 42475
12492 3 12493 24254 47026
12493 1 12494
12494 1 12495
12495 3 12496 38427 40987
12496 1 12497
12497 1 12498
12498 2 10660 12499
12499 2 12500 33527
12500 2 12501 39062
12501 3 12502 14230 17637
12502 2 12503 46750
12503 2 12504 47495
12504 4 12505 19226 22740 45299
12505 1 12506
12506 2 12507 41166
12507 2 12508 29772
12508 4 8206 12509 31937 43616
12509 2 12510 13944
12510 1 12511
12511 2 12512 15584
12512 2 12513 22812
12513 2 12514 29420
12514 2 9122 12515
12515 1 12516
12516 3 12517 24744 26126
12517 1 12518
12518 1 12519
12519 2 12520 46115
12520 1 12521
12521 2 12522 21344
12522 1 12523
12523 3 12524 14462 26972
12524 2 12525 35508
12525 4 12526 16109 20647 34340
12526 2 12527 44200
12527 2 12528 19614
12528 1 12529
12529 4 12530 19569 23452 49520
12530 1 12531
12531 2 12532 24906
12532 4 2115 12533 25942 38606
12533 2 12534 48027
12534 1 12535
12535 3 12536 16394 33579
12536 3 6769 12537 49854
12537 1 12538
12538 2 3180 12539
12539 1 12540
12540 3 12541 28145 48503
12541 5 1613 6916 9594 12542 30633
12542 2 12543 17624
12543 1 12544
12544 2 12545 21825
12545 2 12546 26919
12546 2 2603 12547
12547 1 12548
12548 1 12549
12549 1 12550
12550 2 7855 12551
12551 1 12552
12552 2 6078 12553
12553 2 12554 25097
12554 3 12555 33939 39706
12555 2 12556 18983
12556 1 12557
12557 4 1860 12558 43041 44143
12558 2 12559 39168
12559 2 12560 37391
12560 1 12561
12561 1 12562
12562 3 7784 12563 26187
12563 3 12564 21690 46691
12564 4 4893 8782 12565 21468
12565 4 12199 12566 17447 46971
12566 1 12567
12567 1 12568
12568 2 12569 35022
12569 4 12570 16860 25588 37790
12570 3 12571 12682 43973
12571 3 12572 13662 49966
12572 2 12573 15832
12573 1 12574
12574 1 12575
12575 1 12576
12576 2 12577 19599
12577 2 12578 28642
12578 2 11028 12579
12579 1 12580
12580 3 12581 37832 48416
12581 2 12582 15491
12582 1 12583
12583 1 12584
12584 3 12585 36142 49489
12585 1 12586
12586 1 12587
12587 2 7102 12588
12588 1 12589
12589 2 12590 36709
12590 3 12591 41468 43103
12591 3 12592 18754 36466
12592 1 12593
12593 3 12594 26815 37116
12594 3 12595 13829 15113
12595 3 8508 12596 22634
12596 1 12597
12597 2 12598 19351
12598 1 12599
12599 3 3152 12600 36246
12600 4 6017 12601 41800 43792
12601 5 8824 12602 27482 45354 46767
12602 2 12603 42735
12603 1 12604
12604 2 12605 32731
12605 1 12606
12606 4 12607 15799 26442 35060
12607 2 11879 12608
12608 2 12609 30573
12609 1 12610
12610 2 12611 29072
12611 2 6460 12612
12612 2 12613 30432
12613 1 12614
12614 4 2924 6728 12615 45523
12615 1 12616
12616 3 3643 12617 21213
12617 2 12618 46467
12618 1 12619
12619 2 7835 12620
12620 4 12621 15065 41288 47035
12621 4 257 12622 18530 25324
12622 3 5151 11294 12623
12623 5 5840 12624 31151 44105 45936
12624 2 12625 35601
12625 1 12626
12626 1 12627
12627 1 12628
12628 2 12629 28811
12629 2 12630 40754
12630 2 4785 12631
12631 1 12632
12632 1 12633
12633 4 5962 12634 16421 32760
12634 3 12635 25025 46562
12635 2 12636 27922
12636 3 8978 12637 21192
12637 4 12638 13165 29086 35115
12638 1 12639
12639 4 3370 5937 12640 24717
12640 1 12641
12641 2 12642 42845
12642 2 12643 46073
12643 2 6918 12644
12644 2 12645 21988
12645 1 12646
12646 1 12647
12647 1 12648
12648 1 12649
12649 2 5455 12650
12650 1 12651
12651 2 12652 13493
12652 3 1271 12653 28610
12653 1 12654
12654 2 12655 30971
12655 1 12656
12656 1 12657
12657 1 12658
12658 1 12659
12659 3 9295 12660 47326
12660 1 12661
12661 1 12662
12662 1 12663
12663 1 12664
12664 3 12665 33086 44898
12665 3 12421 12666 22547
12666 2 12667 14076
12667 2 3759 12668
12668 3 4474 7413 12669
12669 2 12670 27873
12670 1 12671
12671 1 12672
12672 2 12673 14900
12673 1 12674
12674 3 12675 20592 49094
12675 3 11124 12676 28416
12676 1 12677
12677 2 7640 12678
12678 2 12679 23109
12679 3 137 12680 14179
12680 3 6511 12681 40253
12681 2 1405 12682
12682 1 12683
12683 1 12684
12684 1 12685
12685 1 12686
12686 3 12687 14764 31888
12687 1 12688
12688 1 12689
12689 3 12690 30108 41796
12690 1 12691
12691 1 12692
12692 2 4071 12693
12693 2 12694 47749
12694 2 4984 12695
12695 1 12696
12696 3 5645 12697 28925
12697 3 3413 12698 37717
12698 3 12699 45184 47271
12699 1 12700
12700 1 12701
12701 2 12702 22539
12702 2 12703 21808
12703 2 12704 22967
12704 1 12705
12705 1 12706
12706 2 1366 12707
12707 3 12708 26757 34990
12708 2 2112 12709
12709 1 12710
12710 4 12711 16408 17974 26146
12711 2 2207 12712
12712 1 12713
12713 3 4638 12714 49098
12714 2 12715 14088
12715 1 12716
12716 2 12717 15612
12717 1 12718
12718 1 12719
12719 1 12720
12720 1 12721
12721 2 12722 22563
12722 3 2670 12723 27781
12723 1 12724
12724 1 12725
12725 2 12726 40686
12726 1 12727
12727 1 12728
12728 1 12729
12729 1 12730
12730 1 12731
12731 1 12732
12732 1 12733
12733 3 10825 12734 13944
12734 3 12735 44378 46379
12735 3 12736 21183 41779
12736 7 12737 13083 17112 26494 28472 38807 39043
12737 2 12738 43916
12738 1 12739
12739 2 3884 12740
12740 1 12741
12741 4 12742 24163 42803 47098
12742 3 12743 29046 36330
12743 3 12744 34497 41929
12744 2 1005 12745
12745 1 12746
12746 3 12747 20166 32196
12747 2 2705 12748
12748 2 12302 12749
12749 2 12750 17315
12750 1 12751
12751 1 12752
12752 1 12753
12753 3 8878 12754 41433
12754 1 12755
12755 1 12756
12756 2 12757 24807
12757 1 12758
12758 1 12759
12759 2 2841 12760
12760 2 12761 22252
12761 4 609 3179 12762 37032
12762 2 12763 23823
12763 3 12764 40782 49939
12764 1 12765
12765 4 442 12766 17172 42064
12766 4 4275 12767 15348 39400
12767 2 12768 28652
12768 1 12769
12769 2 12770 48372
12770 5 2775 12771 14724 17280 42906
12771 3 12772 15147 38208
12772 2 12773 43786
12773 3 130 12774 16984
12774 2 12775 48916
12775 1 12776
12776 3 12777 19336 26638
12777 1 12778
12778 3 12779 33039 33559
12779 2 12780 42849
12780 2 12781 25394
12781 3 919 12782 37757
12782 2 12783 32457
12783 2 12784 32354
12784 4 12785 18641 23081 31371
12785 2 12786 44132
12786 2 12787 25943
12787 2 12788 46905
12788 2 12789 39604
12789 3 12790 18340 32487
12790 2 12791 30595
12791 2 12792 26568
12792 2 12793 28055
12793 2 12794 29734
12794 2 6407 12795
12795 1 12796
12796 2 3658 12797
12797 2 12798 13656
12798 3 4764 12799 20547
12799 2 12800 34645
12800 3 12801 21213 28505
12801 3 12802 16267 21156
12802 2 12803 43474
12803 1 12804
12804 3 5346 12185 12805
12805 1 12806
12806 1 12807
12807 4 12808 13300 13307 35256
12808 2 9617 12809
12809 1 12810
12810 2 12811 32002
12811 1 12812
12812 2 7177 12813
12813 2 12814 46997
12814 2 12815 18808
12815 1 12816
12816 1 12817
12817 2 12818 43125
12818 1 12819
12819 3 12820 25923 43588
12820 6 623 10089 12698 12821 14001 35161
12821 1 12822
12822 2 12823 28161
12823 3 7092 12824 24739
12824 2 12825 13822
12825 1 12826
12826 2 12827 16128
12827 1 12828
12828 3 12829 36060 38012
12829 3 5591 12830 32350
12830 3 3033 12831 30633
12831 2 12832 45322
12832 2 12833 15437
12833 1 12834
12834 3 12835 46379 48437
12835 2 7120 12836
12836 2 12837 47126
12837 1 12838
12838 3 4220 12839 45916
12839 1 12840
12840 2 12841 31999
12841 5 5319 12842 14409 21202 33594
12842 2 12843 30179
12843 1 12844
12844 4 5586 6572 12845 45575
12845 3 12816 12846 32081
12846 3 12847 38408 46181
12847 2 12848 30809
12848 1 12849
12849 2 12850 15141
12850 2 12851 16688
12851 5 7029 12225 12400 12852 21746
12852 2 12853 16018
12853 2 11295 12854
12854 1 12855
12855 2 12856 30436
12856 1 12857
12857 2 12858 12973
12858 1 12859
12859 1 12860
12860 2 12861 37089
12861 1 12862
12862 3 12863 45162 48547
12863 2 12864 14808
12864 3 9149 10051 12865
12865 2 12866 42968
12866 1 12867
12867 2 7218 12868
12868 3 12869 25002 32964
12869 3 12870 19979 46921
12870 2 12871 36204
12871 1 12872
12872 1 12873
12873 2 12874 16652
12874 5 12875 20763 30894 33213 43227
12875 2 12876 40337
12876 5 7180 12877 38313 45351 48872
12877 2 12878 38132
12878 3 12879 27965 36712
12879 1 12880
12880 3 12881 15766 20464
12881 1 12882
12882 2 12883 47958
12883 2 12884 48955
12884 5 12885 16452 32842 35213 37200
12885 2 12886 15033
12886 5 6287 12887 13775 41254 44169
12887 3 541 12888 45351
12888 3 12889 30416 43700
12889 2 12890 31638
12890 1 12891
12891 2 12892 35762
12892 2 12893 12912
12893 4 7916 12894 16616 45925
12894 5 12895 28307 29190 30063 43769
12895 1 12896
12896 1 12897
12897 1 12898
12898 2 4767 12899
12899 1 12900
12900 2 12901 18664
12901 1 12902
12902 5 5563 12903 40931 43451 48773
12903 1 12904
12904 2 12905 47477
12905 1 12906
12906 2 12907 27318
12907 2 12908 37406
12908 1 12909
12909 4 2981 12910 14791 31870
12910 1 12911
12911 3 1402 3737 12912
12912 2 12913 28002
12913 5 12914 25376 27537 35371 48976
12914 2 12915 15573
12915 1 12916
12916 2 12917 28374
12917 2 12918 26740
12918 1 12919
12919 2 4425 12920
12920 1 12921
12921 1 12922
12922 2 12923 43381
12923 2 11688 12924
12924 1 12925
12925 3 12926 34990 39542
12926 1 12927
12927 1 12928
12928 2 12929 42627
12929 1 12930
12930 1 12931
12931 2 3249 12932
12932 1 12933
12933 2 12934 39062
12934 3 1185 12935 21753
12935 1 12936
12936 3 5554 8631 12937
12937 2 12938 39993
12938 2 7184 12939
12939 1 12940
12940 2 1138 12941
12941 1 12942
12942 2 12943 27493
12943 1 12944
12944 1 12945
12945 2 12946 39422
12946 3 9105 12947 13227
12947 1 12948
12948 2 12540 12949
12949 2 11008 12950
12950 1 12951
12951 1 12952
12952 1 12953
12953 5 7205 10956 12954 18862 40622
12954 1 12955
12955 2 11881 12956
12956 3 12957 14744 36922
12957 1 12958
12958 1 12959
12959 2 12960 23635
12960 3 12961 36072 41984
12961 2 12962 26633
12962 2 12963 39424
12963 2 12964 20057
12964 1 12965
12965 1 12966
12966 1 12967
12967 1 12968
12968 3 4211 12969 36889
12969 1 12970
12970 2 12971 28095
12971 1 12972
12972 1 12973
12973 2 12974 35621
12974 3 12975 21867 35566
12975 1 12976
12976 1 12977
12977 1 12978
12978 1 12979
12979 1 12980
12980 3 12981 16695 23208
12981 2 12982 26607
12982 1 12983
12983 2 12984 32281
12984 1 12985
12985 1 12986
12986 3 12987 41073 49219
12987 2 12988 21426
12988 2 5470 12989
12989 2 12990 35430
12990 3 12991 40612 48996
12991 3 12992 29752 35880
12992 3 12993 32211 33667
12993 2 12994 13536
12994 1 12995
12995 2 12996 28834
12996 2 12997 32309
12997 1 12998
12998 2 12999 41017
12999 1 13000
13000 1 13001
13001 1 13002
13002 1 13003
13003 2 13004 17225
13004 3 13005 15925 35009
13005 1 13006
13006 4 13007 37638 44112 49746
13007 1 13008
13008 1 13009
13009 3 1021 13010 19132
13010 2 13011 13033
13011 1 13012
13012 1 13013
13013 2 13014 21561
13014 1 13015
13015 1 13016
13016 1 13017
13017 2 12805 13018
13018 3 13019 31881 32452
13019 1 13020
13020 2 13021 16616
13021 3 13022 45474 47984
13022 1 13023
13023 2 13024 49324
13024 2 13025 39516
13025 2 13026 39213
13026 1 13027
13027 2 13028 29627
13028 1 13029
13029 1 13030
13030 3 13031 16059 39362
13031 2 13032 26234
13032 3 4135 13033 23026
13033 1 13034
13034 1 13035
13035 3 5518 13036 42594
13036 2 13037 42646
13037 4 9033 13038 36760 42150
13038 2 13039 44219
13039 1 13040
13040 1 13041
13041 2 8925 13042
13042 3 13043 17519 40671
13043 2 10506 13044
13044 1 13045
13045 2 13046 44626
13046 1 13047
13047 3 3963 13048 27643
13048 1 13049
13049 3 250 13050 35460
13050 3 520 13051 15863
13051 2 13052 26525
13052 2 13053 28636
13053 2 13054 18577
13054 3 13055 26612 41202
13055 2 9415 13056
13056 2 11157 13057
13057 1 13058
13058 1 13059
13059 3 13060 17913 19625
13060 4 13061 28935 29512 34951
13061 1 13062
13062 2 13063 19675
13063 4 13064 13867 15243 23743
13064 1 13065
13065 2 6516 13066
13066 4 9748 13067 13519 27733
13067 3 13068 32370 41319
13068 3 12941 13069 33805
13069 3 13070 27342 34080
13070 1 13071
13071 1 13072
13072 3 13073 30874 37901
13073 2 13074 19792
13074 1 13075
13075 2 9294 13076
13076 1 13077
13077 2 1296 13078
13078 2 13079 28250
13079 1 13080
13080 1 13081
13081 2 13082 35333
13082 1 13083
13083 2 13084 26338
13084 3 8037 13085 18220
13085 3 12389 13086 21797
13086 1 13087
13087 1 13088
13088 3 13089 18398 48020
13089 3 13090 23460 38158
13090 1 13091
13091 3 13092 20845 41325
13092 1 13093
13093 4 13094 22844 45071 45700
13094 3 7544 13095 16855
13095 1 13096
13096 2 3370 13097
13097 1 13098
13098 3 13099 34836 48816
13099 3 12048 13100 29042
13100 1 13101
13101 3 1804 3116 13102
13102 1 13103
13103 3 13104 16522 40695
13104 2 13105 32670
13105 1 13106
13106 1 13107
13107 2 13108 38492
13108 2 13109 27648
13109 1 13110
13110 2 13111 35755
13111 3 13112 30265 38273
13112 1 13113
13113 2 13114 45453
13114 3 13115 33088 37648
13115 2 13116 15395
13116 1 13117
13117 6 9232 13118 14639 18088 32801 40776
13118 4 13119 29587 30509 47923
13119 1 13120
13120 1 13121
13121 5 13122 18804 21996 22433 28637
13122 1 13123
13123 1 13124
13124 4 13125 23328 32820 40043
13125 1 13126
13126 2 13127 14220
13127 3 13015 13128 30773
13128 1 13129
13129 1 13130
13130 2 4881 13131
13131 1 13132
13132 2 13133 33447
13133 2 9253 13134
13134 3 13135 16152 38341
13135 1 13136
13136 1 13137
13137 3 13138 33119 47091
13138 3 13139 17231 38737
13139 3 13140 20956 42596
13140 1 13141
13141 1 13142
13142 1 13143
13143 1 13144
13144 2 13145 20918
13145 3 8343 13146 18746
13146 3 3867 9852 13147
13147 1 13148
13148 3 6388 13149 20013
13149 1 13150
13150 3 13151 34952 39995
13151 4 1272 11603 13152 18102
13152 1 13153
13153 1 13154
13154 5 10925 10971 13155 18206 38188
13155 1 13156
13156 2 13157 22407
13157 3 13158 14095 15816
13158 1 13159
13159 2 13160 39918
13160 1 13161
13161 1 13162
13162 1 13163
13163 1 13164
13164 3 9466 13165 49554
13165 1 13166
13166 1 13167
13167 1 13168
13168 1 13169
13169 3 4337 11509 13170
13170 1 13171
13171 1 13172
13172 1 13173
13173 2 13174 40130
13174 2 3867 13175
13175 1 13176
13176 3 13177 28967 30246
13177 2 13178 18959
13178 1 13179
13179 4 11136 13180 19443 42984
13180 1 13181
13181 1 13182
13182 2 13183 22108
13183 3 2641 13184 19967
13184 1 13185
13185 1 13186
13186 3 13187 17259 21194
13187 3 6432 13188 19710
13188 1 13189
13189 1 13190
13190 2 13191 40144
13191 1 13192
13192 1 13193
13193 2 13194 38186
13194 1 13195
13195 2 13196 43507
13196 2 13197 48409
13197 2 13198 46914
13198 1 13199
13199 1 13200
13200 3 13201 36807 44529
13201 1 13202
13202 1 13203
13203 2 13204 38316
13204 2 3435 13205
13205 1 13206
13206 1 13207
13207 6 13208 25562 30917 43075 46942 47449
13208 4 112 13209 43726 45634
13209 3 6166 13210 29330
13210 1 13211
13211 1 13212
13212 2 13213 39615
13213 3 664 11122 13214
13214 1 13215
13215 2 1985 13216
13216 4 13217 27951 32270 49112
13217 2 13218 20384
13218 1 13219
13219 3 11231 13220 30888
13220 1 13221
13221 3 13222 35275 47218
13222 2 13223 27644
13223 3 2659 13224 40314
13224 1 13225
13225 1 13226
13226 2 6130 13227
13227 1 13228
13228 3 4449 13229 42439
13229 1 13230
13230 1 13231
13231 3 12243 13232 34176
13232 2 5522 13233
13233 2 11276 13234
13234 2 13235 25432
13235 3 3398 13236 23613
13236 2 13237 35858
13237 1 13238
13238 2 13239 42147
13239 1 13240
13240 3 13241 20033 48087
13241 1 13242
13242 2 13243 44459
13243 2 8207 13244
13244 3 12601 13245 36706
13245 3 12104 13246 13610
13246 2 13247 44232
13247 1 13248
13248 1 13249
13249 3 13250 35983 47734
13250 1 13251
13251 2 13252 26559
13252 1 13253
13253 1 13254
13254 1 13255
13255 1 13256
13256 4 13257 25304 29881 48064
13257 2 8790 13258
13258 2 13259 47394
13259 2 13260 46589
13260 1 13261
13261 2 13262 39421
13262 2 13263 28354
13263 4 13264 18471 47479 48220
13264 2 13265 44840
13265 1 13266
13266 2 13267 24631
13267 3 10996 13268 49479
13268 4 5975 13269 35112 35850
13269 1 13270
13270 3 13271 25576 29018
13271 1 13272
13272 1 13273
13273 4 1937 13274 21610 49634
13274 1 13275
13275 1 13276
13276 1 13277
13277 1 13278
13278 1 13279
13279 2 13280 21323
13280 1 13281
13281 1 13282
13282 1 13283
13283 2 1982 13284
13284 2 13285 24882
13285 1 13286
13286 2 13287 43074
13287 1 13288
13288 3 13289 40926 42370
13289 2 13290 16207
13290 1 13291
13291 1 13292
13292 2 13293 13552
13293 3 13294 36625 39693
13294 2 13295 15944
13295 1 13296
13296 2 5385 13297
13297 1 13298
13298 3 13299 30118 34200
13299 2 7303 13300
13300 1 13301
13301 2 13302 20658
13302 2 11655 13303
13303 1 13304
13304 3 8347 13305 31632
13305 2 9139 13306
13306 1 13307
13307 2 13308 18364
13308 5 7452 8008 9673 13309 27023
13309 2 13310 21206
13310 1 13311
13311 3 13312 33609 42496
13312 2 13313 20542
13313 1 13314
13314 1 13315
13315 1 13316
13316 1 13317
13317 2 13318 45683
13318 3 2246 4732 13319
13319 2 13320 47766
13320 4 1700 13321 15431 32094
13321 1 13322
13322 2 13323 20649
13323 2 7914 13324
13324 2 13325 40969
13325 2 11251 13326
13326 1 13327
13327 2 13328 26526
13328 2 13329 38102
13329 4 13330 17215 34609 49237
13330 7 12334 12607 13331 13775 19107 22563 23967
13331 3 7044 13332 27215
13332 3 3495 6778 13333
13333 3 13334 19079 30586
13334 2 13335 14168
13335 2 13336 26412
13336 2 13337 22774
13337 3 13338 28643 29134
13338 2 13339 22569
13339 1 13340
13340 3 9949 13341 16210
13341 1 13342
13342 3 13343 34022 47698
13343 1 13344
13344 3 8157 13345 13901
13345 1 13346
13346 2 13347 35468
13347 1 13348
13348 4 13349 17425 22395 39967
13349 1 13350
13350 1 13351
13351 1 13352
13352 2 12987 13353
13353 2 4006 13354
13354 1 13355
13355 1 13356
13356 1 13357
13357 1 13358
13358 1 13359
13359 4 13360 25793 37115 42790
13360 3 13361 46850 47421
13361 1 13362
13362 2 13363 19901
13363 2 3950 13364
13364 1 13365
13365 1 13366
13366 2 13367 44010
13367 2 13368 15034
13368 2 13369 29116
13369 2 13370 44084
13370 2 13371 22617
13371 2 13372 13584
13372 2 9411 13373
13373 1 13374
13374 1 13375
13375 2 13376 49358
13376 1 13377
13377 2 1431 13378
13378 1 13379
13379 1 13380
13380 2 13381 48150
13381 1 13382
13382 2 13383 46029
13383 2 13384 38930
13384 1 13385
13385 2 6864 13386
13386 1 13387
13387 2 8525 13388
13388 2 13389 46300
13389 1 13390
13390 2 13391 37487
13391 2 9890 13392
13392 1 13393
13393 2 7063 13394
13394 1 13395
13395 3 13396 14644 21846
13396 2 13397 24912
13397 2 13398 44846
13398 1 13399
13399 1 13400
13400 2 13401 15822
13401 4 13402 14889 16478 20120
13402 1 13403
13403 3 10869 13404 47659
13404 2 13405 18090
13405 2 13406 46785
13406 2 13407 42192
13407 2 13408 36773
13408 1 13409
13409 3 524 8215 13410
13410 2 2092 13411
13411 3 13412 44762 47795
13412 4 5486 13413 14288 20308
13413 5 13414 18836 32833 37028 48674
13414 2 13415 15800
13415 2 13416 27712
13416 2 10402 13417
13417 1 13418
13418 3 1506 7913 13419
13419 1 13420
13420 4 6340 13421 18087 32353
13421 1 13422
13422 1 13423
13423 2 6113 13424
13424 2 13425 48386
13425 2 13426 27540
13426 4 6096 13427 16787 28900
13427 3 2114 13428 31247
13428 2 1572 13429
13429 2 13430 32569
13430 1 13431
13431 1 13432
13432 1 13433
13433 2 13434 43311
13434 1 13435
13435 3 12018 13436 32732
13436 3 13437 16258 22489
13437 2 12831 13438
13438 1 13439
13439 2 13440 37763
13440 2 13441 31780
13441 3 4933 13442 23017
13442 3 13443 31305 42016
13443 3 10398 13444 16961
13444 3 6537 13445 43053
13445 1 13446
13446 2 13447 22752
13447 4 13448 19807 33803 42204
13448 2 13449 31925
13449 3 13450 16732 49758
13450 3 8889 13184 13451
13451 1 13452
13452 2 13453 21314
13453 1 13454
13454 1 13455
13455 1 13456
13456 1 13457
13457 1 13458
13458 3 13459 19871 41066
13459 3 154 724 13460
13460 1 13461
13461 2 13462 34218
13462 2 13463 41975
13463 1 13464
13464 3 7783 13465 46585
13465 2 13000 13466
13466 1 13467
13467 1 13468
13468 1 13469
13469 3 2361 13470 30051
13470 3 13471 19463 38048
13471 2 9844 13472
13472 2 13473 17733
13473 2 9893 13474
13474 3 13475 30196 42364
13475 3 5385 10279 13476
13476 1 13477
13477 2 13478 35134
13478 4 2822 13479 27654 48089
13479 1 13480
13480 4 7734 12855 13481 21654
13481 4 1881 12785 13482 33394
13482 2 13483 40843
13483 1 13484
13484 1 13485
13485 2 13486 39900
13486 2 13487 16336
13487 2 13488 45981
13488 1 13489
13489 2 13490 34461
13490 3 13491 41766 43095
13491 2 7506 13492
13492 1 13493
13493 1 13494
13494 1 13495
13495 2 13496 14841
13496 2 13497 19716
13497 2 13498 42266
13498 2 4294 13499
13499 3 11056 13500 19418
13500 2 13501 25095
13501 1 13502
13502 2 7917 13503
13503 3 1524 8173 13504
13504 2 12894 13505
13505 2 13506 29125
13506 1 13507
13507 1 13508
13508 3 5306 13509 40170
13509 2 13510 40900
13510 2 4443 13511
13511 3 13512 13672 25791
13512 2 13513 39409
13513 2 13514 47408
13514 2 13515 39434
13515 2 13516 28687
13516 2 13517 19929
13517 2 13518 40813
13518 1 13519
13519 2 13520 45020
13520 1 13521
13521 1 13522
13522 2 112 13523
13523 2 13524 48079
13524 1 13525
13525 3 13526 39381 39732
13526 2 13527 49274
13527 4 6100 12323 13528 13607
13528 2 13529 34075
13529 1 13530
13530 3 13531 13771 35017
13531 5 5634 13532 23807 26505 31389
13532 1 13533
13533 2 13534 45718
13534 3 13535 19385 29435
13535 4 13536 17787 34969 44146
13536 2 13537 15296
13537 2 13538 39727
13538 3 3172 13539 39424
13539 3 13540 39451 46421
13540 3 10765 13541 29945
13541 1 13542
13542 2 13543 22942
13543 1 13544
13544 4 13545 17105 45360 48394
13545 4 13546 37761 38144 43050
13546 1 13547
13547 1 13548
13548 3 6039 11552 13549
13549 2 13550 13611
13550 2 13551 14522
13551 2 824 13552
13552 2 13553 28540
13553 2 13554 33244
13554 2 3527 13555
13555 2 13556 30910
13556 1 13557
13557 1 13558
13558 3 13559 23663 26347
13559 2 13560 38468
13560 3 13561 20647 42117
13561 2 13562 33895
13562 2 12598 13563
13563 2 13564 37321
13564 5 13565 16272 26864 30958 48545
13565 1 13566
13566 4 13567 32198 43552 46380
13567 1 13568
13568 1 13569
13569 2 13570 40898
13570 2 13571 17623
13571 2 13572 24923
13572 1 13573
13573 1 13574
13574 1 13575
13575 3 13576 26882 49794
13576 1 13577
13577 1 13578
13578 1 13579
13579 3 3419 13580 45697
13580 1 13581
13581 1 13582
13582 2 13583 42368
13583 2 13584 33699
13584 1 13585
13585 1 13586
13586 3 6506 13587 43371
13587 1 13588
13588 2 13589 47835
13589 1 13590
13590 3 1191 13591 44021
13591 3 13592 28653 31262
13592 2 13593 16062
13593 2 13594 16878
13594 2 13595 19860
13595 3 2082 2553 13596
13596 2 13597 24207
13597 2 13598 16188
13598 4 6343 13599 36982 39768
13599 3 5080 13600 20190
13600 1 13601
13601 1 13602
13602 5 3957 13603 19459 36403 46955
13603 2 13604 23859
13604 1 13605
13605 2 873 13606
13606 3 13607 41070 47240
13607 3 654 13608 25520
13608 1 13609
13609 2 13610 14468
13610 2 13611 45308
13611 2 13612 25755
13612 5 12451 13613 18760 35267 36277
13613 1 13614
13614 1 13615
13615 4 13616 25401 28631 29039
13616 2 13617 27051
13617 1 13618
13618 2 13619 23146
13619 4 13620 29363 32480 33382
13620 2 13621 15074
13621 1 13622
13622 2 13623 22885
13623 1 13624
13624 1 13625
13625 3 13626 23375 49115
13626 1 13627
13627 2 13628 35863
13628 1 13629
13629 3 13630 14341 32325
13630 1 13631
13631 1 13632
13632 1 13633
13633 1 13634
13634 5 12248 13635 15234 24779 34981
13635 1 13636
13636 2 13637 17890
13637 3 2938 13638 24497
13638 1 13639
13639 1 13640
13640 2 13641 20540
13641 1 13642
13642 2 618 13643
13643 2 13644 32337
13644 1 13645
13645 1 13646
13646 2 10189 13647
13647 2 13648 20941
13648 1 13649
13649 3 13650 19113 41104
13650 4 13371 13651 16243 18501
13651 2 12720 13652
13652 1 13653
13653 1 13654
13654 2 13655 26587
13655 1 13656
13656 1 13657
13657 2 13658 46905
13658 2 12911 13659
13659 2 13660 18222
13660 1 13661
13661 2 4190 13662
13662 2 13663 41126
13663 1 13664
13664 4 7146 13665 18214 41623
13665 4 13666 16310 20718 43403
13666 1 13667
13667 2 1804 13668
13668 2 557 13669
13669 1 13670
13670 2 13361 13671
13671 2 8950 13672
13672 2 13673 37601
13673 1 13674
13674 3 13675 15055 43462
13675 2 13676 37452
13676 1 13677
13677 1 13678
13678 2 13679 15778
13679 2 13680 44688
13680 3 3203 13681 26587
13681 2 13682 20379
13682 4 6572 13683 20708 31598
13683 2 13684 30031
13684 1 13685
13685 2 13686 31880
13686 1 13687
13687 1 13688
13688 1 13689
13689 5 3563 13690 13714 17360 23909
13690 1 13691
13691 2 13692 26461
13692 1 13693
13693 2 13694 44637
13694 2 13695 34528
13695 1 13696
13696 1 13697
13697 2 13698 49097
13698 1 13699
13699 4 13700 23095 32930 42057
13700 2 13701 16303
13701 1 13702
13702 1 13703
13703 2 13704 25117
13704 2 13705 16436
13705 1 13706
13706 2 13707 20021
13707 2 13708 35594
13708 3 13709 43545 49985
13709 2 13710 29245
13710 1 13711
13711 1 13712
13712 2 13713 46876
13713 2 213 13714
13714 1 13715
13715 3 11999 13716 13994
13716 4 13717 31251 34088 37099
13717 2 13718 41053
13718 2 13719 44391
13719 3 13720 25402 26187
13720 1 13721
13721 2 13722 47751
13722 1 13723
13723 1 13724
13724 2 13725 31335
13725 2 13726 34451
13726 1 13727
13727 5 13728 15266 33180 34513 44852
13728 2 8111 13729
13729 2 13730 20778
13730 3 13731 22375 41155
13731 1 13732
13732 3 13733 30710 44254
13733 2 13734 45640
13734 2 13735 35646
13735 1 13736
13736 2 13737 36977
13737 2 13738 42279
13738 3 3233 13739 29453
13739 3 1382 13740 49722
13740 1 13741
13741 1 13742
13742 2 13743 29037
13743 4 13744 19888 33733 44805
13744 2 13745 39808
13745 2 13746 19281
13746 1 13747
13747 3 13748 26890 26944
13748 1 13749
13749 1 13750
13750 2 13751 35602
13751 4 13106 13752 31198 48226
13752 3 6033 13753 34468
13753 2 13754 48925
13754 3 13755 21680 31251
13755 1 13756
13756 1 13757
13757 3 5195 13758 31415
13758 1 13759
13759 2 13760 20415
13760 1 13761
13761 2 11882 13762
13762 2 13763 41651
13763 2 32 13764
13764 5 13634 13765 18421 28929 43335
13765 1 13766
13766 2 13767 16910
13767 1 13768
13768 3 13769 19270 26903
13769 2 2225 13770
13770 1 13771
13771 2 13772 48574
13772 3 13773 29491 36720
13773 5 6493 13774 29386 42292 47105
13774 4 13775 23477 35395 48046
13775 1 13776
13776 3 8764 13777 34255
13777 3 2264 2733 13778
13778 2 13779 47617
13779 1 13780
13780 2 13781 26228
13781 1 13782
13782 2 13783 18673
13783 2 13784 49831
13784 4 7280 13785 32234 38576
13785 2 13786 20407
13786 3 13787 16060 19135
13787 1 13788
13788 2 13789 44731
13789 4 424 3518 9105 13790
13790 4 13791 24267 35722 49658
13791 1 13792
13792 1 13793
13793 3 4757 12876 13794
13794 1 13795
13795 1 13796
13796 1 13797
13797 1 13798
13798 1 13799
13799 1 13800
13800 4 13801 19981 35265 48743
13801 3 678 13802 48857
13802 2 13803 26449
13803 1 13804
13804 1 13805
13805 1 13806
13806 2 13807 43355
13807 2 5773 13808
13808 3 7463 13809 42230
13809 3 2690 13810 39185
13810 2 1041 13811
13811 2 13812 44264
13812 4 8210 13813 14596 24100
13813 2 13814 24430
13814 1 13815
13815 1 13816
13816 2 13817 40365
13817 1 13818
13818 2 13819 27621
13819 4 4266 13820 32943 43770
13820 4 13821 21890 26422 27127
13821 1 13822
13822 2 13823 38334
13823 3 3093 4642 13824
13824 1 13825
13825 2 13826 48086
13826 2 1143 13827
13827 2 13828 35571
13828 1 13829
13829 3 13496 13830 32954
13830 1 13831
13831 1 13832
13832 1 13833
13833 1 13834
13834 2 13835 16171
13835 2 13836 42607
13836 1 13837
13837 1 13838
13838 2 13839 15835
13839 3 12905 13840 18324
13840 1 13841
13841 2 13842 35848
13842 4 1486 13843 19611 30126
13843 1 13844
13844 1 13845
13845 2 13846 40423
13846 1 13847
13847 2 13848 24837
13848 1 13849
13849 1 13850
13850 2 13851 29403
13851 2 10213 13852
13852 1 13853
13853 1 13854
13854 3 4900 7090 13855
13855 3 13856 15534 23390
13856 2 1169 13857
13857 1 13858
13858 3 13859 18265 36571
13859 3 5781 13860 16694
13860 1 13861
13861 2 13862 34743
13862 2 13863 29859
13863 1 13864
13864 1 13865
13865 1 13866
13866 1 13867
13867 2 5592 13868
13868 3 3481 13869 23987
13869 3 12487 13870 41970
13870 4 8677 10167 13871 26997
13871 1 13872
13872 1 13873
13873 2 13874 40529
13874 2 10464 13875
13875 2 7318 13876
13876 3 13877 18077 31003
13877 4 13878 19175 24708 39972
13878 2 13879 42794
13879 1 13880
13880 1 13881
13881 1 13882
13882 3 6242 13883 28928
13883 3 13884 40489 42861
13884 4 11072 13885 28518 44115
13885 2 13886 24427
13886 2 13887 24441
13887 2 13888 47240
13888 1 13889
13889 2 7990 13890
13890 2 13891 42110
13891 1 13892
13892 2 13893 44290
13893 2 13894 45731
13894 2 13895 38179
13895 2 13896 39298
13896 2 13897 23933
13897 3 13898 15705 38991
13898 2 1350 13899
13899 1 13900
13900 3 8779 13901 19173
13901 1 13902
13902 2 9845 13903
13903 2 13904 24009
13904 2 13905 31815
13905 3 9386 13906 38844
13906 2 13907 24711
13907 3 13908 25048 28842
13908 2 13909 37909
13909 2 13910 16158
13910 1 13911
13911 3 13912 24837 41162
13912 1 13913
13913 2 13914 42825
13914 1 13915
13915 3 5947 13916 19342
13916 3 4512 13917 29299
13917 1 13918
13918 2 12307 13919
13919 3 3715 13920 32391
13920 1 13921
13921 1 13922
13922 2 649 13923
13923 1 13924
13924 2 6980 13925
13925 2 13926 15395
13926 2 2551 13927
13927 2 13928 42044
13928 3 11564 13929 42705
13929 3 8196 13930 44643
13930 2 13931 32801
13931 2 13932 14100
13932 2 13933 17194
13933 1 13934
13934 2 13935 25864
13935 3 8716 13936 39165
13936 4 13937 23496 32346 41167
13937 2 13938 34942
13938 2 10674 13939
13939 2 13940 21990
13940 2 12307 13941
13941 3 8215 13942 33664
13942 3 799 13943 18464
13943 2 13944 35091
13944 3 6597 13945 38132
13945 3 8408 13677 13946
13946 3 4402 13947 15446
13947 4 11556 13948 32069 49809
13948 1 13949
13949 1 13950
13950 1 13951
13951 3 5682 13952 43909
13952 1 13953
13953 2 13954 24494
13954 4 3542 13955 25172 47297
13955 1 13956
13956 1 13957
13957 1 13958
13958 3 13959 20064 28312
13959 2 13960 16105
13960 3 13961 28898 44318
13961 1 13962
13962 4 1834 13963 26954 41008
13963 4 5211 11022 13964 24927
13964 1 13965
13965 3 5720 13966 21146
13966 1 13967
13967 4 13968 21779 23768 28184
13968 3 13969 35783 43689
13969 3 13970 22568 23472
13970 1 13971
13971 3 1779 13972 19625
13972 3 13973 32618 44762
13973 2 13974 38874
13974 1 13975
13975 3 9327 13976 46631
13976 1 13977
13977 3 7939 13978 49203
13978 2 13979 15038
13979 4 400 3480 13980 19253
13980 1 13981
13981 1 13982
13982 2 13983 29465
13983 1 13984
13984 2 13985 14673
13985 1 13986
13986 3 13987 36681 37737
13987 4 936 4178 13988 39079
13988 2 13989 15960
13989 2 13990 37219
13990 3 13991 31819 46778
13991 3 3865 13992 27556
13992 2 13993 41550
13993 2 13994 49609
13994 1 13995
13995 2 13996 37148
13996 2 13997 39354
13997 2 13998 34159
13998 1 13999
13999 2 7451 14000
14000 2 322 14001
14001 1 14002
14002 2 14003 17897
14003 1 14004
14004 3 12976 14005 21416
14005 2 7263 14006
14006 2 14007 32715
14007 2 14008 23241
14008 2 14009 41682
14009 3 14010 14111 45200
14010 3 7320 14011 28086
14011 3 6648 14012 27963
14012 1 14013
14013 2 14014 29452
14014 1 14015
14015 1 14016
14016 3 14017 19754 33171
14017 2 14018 36428
14018 2 14019 37405
14019 1 14020
14020 1 14021
14021 1 14022
14022 2 14023 18261
14023 2 4276 14024
14024 2 14025 36605
14025 3 5456 14026 28673
14026 2 4486 14027
14027 1 14028
14028 2 1931 14029
14029 1 14030
14030 1 14031
14031 2 14032 22253
14032 2 14033 29746
14033 2 6516 14034
14034 3 4205 14035 25150
14035 1 14036
14036 4 12451 14037 29765 30150
14037 1 14038
14038 4 8527 14039 14160 30742
14039 1 14040
14040 2 10415 14041
14041 2 14042 23136
14042 3 8183 14043 32224
14043 2 14044 26754
14044 3 3881 14045 27476
14045 1 14046
14046 1 14047
14047 1 14048
14048 1 14049
14049 3 1696 14050 39633
14050 1 14051
14051 2 9213 14052
14052 2 4851 14053
14053 3 14054 32382 34013
14054 2 14055 18883
14055 1 14056
14056 2 14057 38261
14057 1 14058
14058 3 5986 10713 14059
14059 1 14060
14060 1 14061
14061 4 769 13659 14062 20437
14062 1 14063
14063 2 14064 24848
14064 3 14065 18151 21751
14065 3 14066 39025 42065
14066 2 14067 30110
14067 2 14068 33034
14068 2 10682 14069
14069 2 14070 38798
14070 2 4692 14071
14071 2 14072 29697
14072 1 14073
14073 4 14074 14158 18784 19197
14074 2 14075 18057
14075 3 5175 14076 33622
14076 2 99 14077
14077 1 14078
14078 2 14079 19882
14079 1 14080
14080 2 4555 14081
14081 2 8283 14082
14082 2 6234 14083
14083 4 14084 18305 38861 49865
14084 2 14085 39800
14085 4 7581 14086 23755 37756
14086 1 14087
14087 2 14088 30687
14088 2 14089 18145
14089 2 11855 14090
14090 1 14091
14091 1 14092
14092 1 14093
14093 1 14094
14094 1 14095
14095 1 14096
14096 1 14097
14097 3 6825 14098 40590
14098 1 14099
14099 1 14100
14100 1 14101
14101 2 6999 14102
14102 1 14103
14103 3 3637 14104 37876
14104 2 14105 17713
14105 2 14106 26440
14106 2 14107 45094
14107 2 14108 19190
14108 4 14109 29169 32287 36590
14109 3 14110 22968 27381
14110 3 14111 25013 36475
14111 2 14112 45547
14112 2 14113 15764
14113 1 14114
14114 2 14115 42365
14115 2 14116 31089
14116 4 2451 14117 30048 45314
14117 2 14118 36658
14118 1 14119
14119 2 4611 14120
14120 1 14121
14121 1 14122
14122 2 14123 28933
14123 1 14124
14124 1 14125
14125 2 6660 14126
14126 2 3180 14127
14127 1 14128
14128 1 14129
14129 1 14130
14130 1 14131
14131 4 11720 14132 18275 26369
14132 2 872 14133
14133 1 14134
14134 2 1145 14135
14135 1 14136
14136 1 14137
14137 1 14138
14138 2 14139 40711
14139 3 12925 14140 44512
14140 1 14141
14141 1 14142
14142 1 14143
14143 2 9792 14144
14144 3 14145 25073 47641
14145 2 14146 21952
14146 2 14147 26285
14147 3 14148 17763 22774
14148 1 14149
14149 3 8852 14150 40385
14150 3 14151 19805 22879
14151 3 2532 14152 33104
14152 2 894 14153
14153 1 14154
14154 2 14155 47348
14155 2 13727 14156
14156 2 14157 25028
14157 4 591 13543 14158 46132
14158 1 14159
14159 1 14160
14160 2 4066 14161
14161 4 13581 14162 37142 37696
14162 1 14163
14163 3 14164 23474 31898
14164 1 14165
14165 3 14166 34378 37879
14166 1 14167
14167 3 14168 19598 24748
14168 1 14169
14169 1 14170
14170 4 8594 13852 14171 25549
14171 2 14172 36119
14172 1 14173
14173 1 14174
14174 1 14175
14175 2 14176 35152
14176 1 14177
14177 1 14178
14178 2 14179 27489
14179 3 13370 14180 46841
14180 1 14181
14181 1 14182
14182 1 14183
14183 2 752 14184
14184 1 14185
14185 2 12242 14186
14186 1 14187
14187 1 14188
14188 3 14189 38291 38329
14189 1 14190
14190 1 14191
14191 3 9840 14192 43916
14192 3 14193 18227 35612
14193 1 14194
14194 1 14195
14195 1 14196
14196 2 14197 17168
14197 1 14198
14198 1 14199
14199 3 14200 29458 44192
14200 1 14201
14201 2 6848 14202
14202 2 14203 24122
14203 1 14204
14204 1 14205
14205 1 14206
14206 3 14207 25653 43519
14207 1 14208
14208 1 14209
14209 2 14210 41670
14210 2 14211 29014
14211 4 4885 5209 14212 35759
14212 1 14213
14213 1 14214
14214 1 14215
14215 1 14216
14216 2 14217 46067
14217 2 5919 14218
14218 1 14219
14219 6 10543 14220 16441 30838 31997 35305
14220 1 14221
14221 2 9445 14222
14222 1 14223
14223 1 14224
14224 2 2463 14225
14225 5 14226 17606 20895 21090 40411
14226 3 14227 30541 31827
14227 1 14228
14228 2 14229 40050
14229 2 14230 38734
14230 1 14231
14231 1 14232
14232 1 14233
14233 1 14234
14234 2 14235 15959
14235 1 14236
14236 3 14237 17234 45713
14237 3 14238 41956 49552
14238 2 14239 42261
14239 4 14240 20844 27040 45905
14240 1 14241
14241 3 9032 14242 33082
14242 1 14243
14243 2 14244 42443
14244 1 14245
14245 1 14246
14246 2 8433 14247
14247 1 14248
14248 4 14249 29051 30718 48168
14249 1 14250
14250 5 14251 24873 34453 35777 40544
14251 1 14252
14252 2 14253 45011
14253 1 14254
14254 1 14255
14255 1 14256
14256 3 14257 16826 39354
14257 1 14258
14258 2 14259 16736
14259 1 14260
14260 4 14261 20175 26708 32185
14261 2 14262 43055
14262 1 14263
14263 2 13910 14264
14264 3 1775 14265 39518
14265 2 11165 14266
14266 2 14267 36455
14267 3 14268 17763 45053
14268 1 14269
14269 1 14270
14270 2 12996 14271
14271 3 14272 14300 49016
14272 1 14273
14273 2 8127 14274
14274 2 14275 48968
14275 5 5699 11728 14276 31430 36401
14276 2 512 14277
14277 4 3321 14278 30851 32671
14278 3 14279 19525 45027
14279 2 6555 14280
14280 3 14281 14404 45072
14281 4 14282 27655 29024 48101
14282 2 14283 36073
14283 3 14284 18526 18679
14284 3 14285 25767 37475
14285 1 14286
14286 2 12485 14287
14287 3 14288 20926 47125
14288 3 813 11036 14289
14289 1 14290
14290 2 3914 14291
14291 2 13499 14292
14292 1 14293
14293 3 6620 14294 35264
14294 2 14295 21347
14295 2 14296 24728
14296 1 14297
14297 3 12513 14298 25465
14298 1 14299
14299 2 14300 43058
14300 4 14301 24452 31950 46480
14301 2 14302 26944
14302 2 5847 14303
14303 3 9856 14304 16311
14304 1 14305
14305 1 14306
14306 3 14307 18358 39583
14307 1 14308
14308 4 14309 25407 39109 43811
14309 3 7790 14310 44135
14310 2 14311 18834
14311 2 14312 47004
14312 2 11853 14313
14313 1 14314
14314 1 14315
14315 2 14316 17673
14316 2 3316 14317
14317 1 14318
14318 2 14319 19344
14319 1 14320
14320 1 14321
14321 3 14322 27446 34007
14322 2 14323 24074
14323 1 14324
14324 5 3845 8899 14325 28054 48338
14325 2 14326 21328
14326 2 14327 19473
14327 3 5786 14328 30125
14328 1 14329
14329 2 6397 14330
14330 1 14331
14331 4 8374 12583 14332 38759
14332 1 14333
14333 2 14334 18129
14334 1 14335
14335 1 14336
14336 2 14337 40685
14337 2 9978 14338
14338 3 13464 14339 45716
14339 4 10111 14340 31718 48037
14340 1 14341
14341 1 14342
14342 2 14343 40404
14343 3 7154 11645 14344
14344 2 1400 14345
14345 1 14346
14346 1 14347
14347 2 14348 17726
14348 3 10127 14349 27337
14349 2 14350 32206
14350 2 14351 26195
14351 1 14352
14352 3 14353 39068 48194
14353 3 9486 14354 30866
14354 3 14355 16462 44966
14355 2 14356 37888
14356 1 14357
14357 2 14358 43130
14358 3 10263 14359 18791
14359 1 14360
14360 2 1695 14361
14361 1 14362
14362 1 14363
14363 2 14364 24276
14364 3 14365 19948 21712
14365 3 3920 14366 49675
14366 2 7237 14367
14367 1 14368
14368 3 14369 46822 47451
14369 1 14370
14370 1 14371
14371 4 14372 22178 22546 32316
14372 1 14373
14373 2 14374 27182
14374 2 14375 44341
14375 2 14376 44229
14376 3 3911 14377 15461
14377 2 3624 14378
14378 4 14379 20196 40055 48731
14379 1 14380
14380 2 14381 24046
14381 1 14382
14382 1 14383
14383 1 14384
14384 2 13207 14385
14385 1 14386
14386 3 14387 26815 42298
14387 2 14388 16643
14388 2 6249 14389
14389 2 5747 14390
14390 3 14391 29861 30929
14391 3 14392 19541 25068
14392 1 14393
14393 2 114 14394
14394 1 14395
14395 4 12419 14396 37979 45686
14396 1 14397
14397 3 2300 14398 28925
14398 3 14399 25623 43442
14399 1 14400
14400 1 14401
14401 1 14402
14402 1 14403
14403 1 14404
14404 4 14405 20885 41632 45806
14405 2 14406 22029
14406 4 3507 12141 14407 23627
14407 2 14408 25205
14408 2 6287 14409
14409 1 14410
14410 3 4221 14411 39992
14411 1 14412
14412 2 14413 49705
14413 1 14414
14414 2 14415 39386
14415 2 14416 23961
14416 3 14173 14417 33062
14417 1 14418
14418 2 14419 34319
14419 3 14420 23844 27734
14420 2 14421 21610
14421 2 14422 25664
14422 1 14423
14423 3 14424 29719 41405
14424 1 14425
14425 1 14426
14426 3 14427 22235 46684
14427 3 14428 15470 45983
14428 2 14429 17533
14429 2 8158 14430
14430 2 14431 42698
14431 1 14432
14432 4 5576 14433 38042 41195
14433 2 14434 45659
14434 2 4898 14435
14435 1 14436
14436 3 14437 39804 44993
14437 1 14438
14438 4 14439 21584 37657 47651
14439 2 14440 24287
14440 1 14441
14441 3 14442 25503 29300
14442 1 14443
14443 3 2054 14444 39086
14444 3 2572 5904 14445
14445 1 14446
14446 3 7619 14447 27596
14447 1 14448
14448 3 14449 22091 43302
14449 1 14450
14450 1 14451
14451 3 14452 38147 44298
14452 2 1945 14453
14453 1 14454
14454 2 14455 34603
14455 2 14456 20160
14456 1 14457
14457 2 1770 14458
14458 2 2788 14459
14459 2 14460 48511
14460 1 14461
14461 4 2677 14462 18809 48969
14462 3 14463 29748 49789
14463 2 6837 14464
14464 3 13056 14465 46320
14465 2 4761 14466
14466 1 14467
14467 1 14468
14468 3 14469 18524 33005
14469 1 14470
14470 1 14471
14471 2 14472 30222
14472 1 14473
14473 3 4860 14474 15963
14474 2 14475 40330
14475 2 14476 39928
14476 3 14477 22399 32902
14477 2 3033 14478
14478 1 14479
14479 2 14480 19429
14480 2 14481 35147
14481 3 14482 37039 49473
14482 1 14483
14483 4 3736 14484 42609 46038
14484 2 14485 40332
14485 1 14486
14486 3 14487 42705 44364
14487 1 14488
14488 1 14489
14489 3 14490 15342 37986
14490 1 14491
14491 1 14492
14492 2 14493 35202
14493 1 14494
14494 1 14495
14495 2 14496 29020
14496 2 14497 46988
14497 2 14498 16041
14498 3 14499 28090 49828
14499 2 14500 45595
14500 3 9783 14501 17758
14501 1 14502
14502 1 14503
14503 2 9290 14504
14504 1 14505
14505 1 14506
14506 2 14507 25927
14507 4 7611 14508 18577 36670
14508 2 6502 14509
14509 3 14510 16509 45148
14510 2 13135 14511
14511 1 14512
14512 1 14513
14513 2 14514 30869
14514 2 14515 20960
14515 3 14141 14516 45103
14516 1 14517
14517 1 14518
14518 2 14519 39341
14519 1 14520
14520 4 2592 14521 22251 49942
14521 2 10435 14522
14522 1 14523
14523 3 9550 14524 24211
14524 6 9054 12596 14525 20128 26374 46868
14525 1 14526
14526 2 2968 14527
14527 1 14528
14528 2 14529 15196
14529 2 10847 14530
14530 1 14531
14531 2 14532 43927
14532 3 14533 17110 49883
14533 2 5762 14534
14534 2 7706 14535
14535 1 14536
14536 2 14537 46343
14537 1 14538
14538 1 14539
14539 3 3024 14540 33796
14540 2 14502 14541
14541 3 4449 8954 14542
14542 1 14543
14543 1 14544
14544 1 14545
14545 2 14546 40290
14546 3 6128 14547 24158
14547 1 14548
14548 3 12957 14549 43643
14549 1 14550
14550 5 5951 14551 17516 24226 41001
14551 3 14084 14552 44112
14552 2 6351 14553
14553 1 14554
14554 2 3806 14555
14555 2 14556 46886
14556 3 4078 14557 16620
14557 1 14558
14558 1 14559
14559 1 14560
14560 2 14561 15147
14561 1 14562
14562 1 14563
14563 1 14564
14564 3 13969 14565 27419
14565 1 14566
14566 5 14567 17345 24394 32570 37229
14567 3 14568 22586 23418
14568 1 14569
14569 3 6673 14570 35059
14570 2 14571 41662
14571 1 14572
14572 1 14573
14573 1 14574
14574 2 6837 14575
14575 1 14576
14576 1 14577
14577 2 14578 15661
14578 3 14579 24896 49840
14579 1 14580
14580 2 12904 14581
14581 1 14582
14582 2 14583 43238
14583 2 14584 38115
14584 2 14585 33752
14585 1 14586
14586 2 14587 31444
14587 1 14588
14588 1 14589
14589 1 14590
14590 1 14591
14591 1 14592
14592 2 14593 19805
14593 2 14594 28722
14594 1 14595
14595 2 3152 14596
14596 2 14597 40083
14597 3 9223 14598 42378
14598 1 14599
14599 3 14600 38110 40874
14600 1 14601
14601 2 14602 48886
14602 1 14603
14603 1 14604
14604 2 14605 48258
14605 1 14606
14606 3 3363 14607 35118
14607 2 14608 30997
14608 1 14609
14609 3 14610 30863 34888
14610 3 14611 46873 47490
14611 1 14612
14612 3 7480 14613 28118
14613 2 3582 14614
14614 1 14615
14615 4 14616 33890 35527 44720
14616 1 14617
14617 3 10019 14618 17092
14618 2 19 14619
14619 1 14620
14620 1 14621
14621 3 2446 10397 14622
14622 1 14623
14623 4 3877 14624 24318 38885
14624 1 14625
14625 1 14626
14626 1 14627
14627 1 14628
14628 1 14629
14629 1 14630
14630 1 14631
14631 1 14632
14632 3 14633 34505 39945
14633 2 14634 20749
14634 3 14635 48850 48896
14635 2 14636 44592
14636 1 14637
14637 1 14638
14638 3 14639 30143 48629
14639 1 14640
14640 1 14641
14641 1 14642
14642 4 776 14643 15329 16237
14643 2 14644 43589
14644 2 14645 45609
14645 1 14646
14646 1 14647
14647 2 14648 34169
14648 1 14649
14649 1 14650
14650 3 14651 22450 23324
14651 2 14652 21164
14652 1 14653
14653 3 13261 14654 29493
14654 2 9365 14655
14655 1 14656
14656 1 14657
14657 2 14658 22946
14658 1 14659
14659 1 14660
14660 2 14661 14670
14661 1 14662
14662 2 14663 44561
14663 2 14664 32723
14664 2 9792 14665
14665 2 2409 14666
14666 2 14667 17339
14667 1 14668
14668 2 14622 14669
14669 2 14670 47488
14670 4 3614 9309 14663 14671
14671 1 14672
14672 4 14673 18370 21973 38780
14673 2 13267 14674
14674 1 14675
14675 1 14676
14676 1 14677
14677 2 14678 34578
14678 3 14679 27400 29408
14679 3 14680 25564 44072
14680 2 14681 24737
14681 4 14682 15144 36897 45609
14682 1 14683
14683 4 1249 7617 14684 15240
14684 1 14685
14685 2 14686 41516
14686 2 14687 37981
14687 2 14688 35764
14688 3 14689 33861 46568
14689 4 4124 14690 26005 37808
14690 2 14691 33093
14691 4 12519 14692 27376 29338
14692 2 14693 21747
14693 2 14694 32516
14694 1 14695
14695 2 14696 15750
14696 1 14697
14697 3 14698 20636 47656
14698 2 14699 31016
14699 2 14700 26969
14700 1 14701
14701 2 14702 40833
14702 2 3629 14703
14703 2 14704 36968
14704 2 14705 35978
14705 1 14706
14706 2 14707 25498
14707 1 14708
14708 4 6634 14709 21956 39522
14709 3 14710 15155 44949
14710 2 5176 14711
14711 1 14712
14712 4 14713 31688 33523 49282
14713 1 14714
14714 3 14715 27843 46684
14715 4 10624 14716 16023 49376
14716 1 14717
14717 3 14718 33517 45713
14718 1 14719
14719 2 322 14720
14720 1 14721
14721 1 14722
14722 1 14723
14723 1 14724
14724 2 14725 34634
14725 1 14726
14726 3 14727 14802 27100
14727 2 14728 25591
14728 1 14729
14729 4 3903 14730 30058 44576
14730 2 14731 43024
14731 1 14732
14732 1 14733
14733 2 14734 39324
14734 3 12340 14735 16690
14735 2 14736 39884
14736 5 8960 14737 18503 38819 40245
14737 1 14738
14738 2 14739 27381
14739 1 14740
14740 2 14741 27798
14741 1 14742
14742 3 12748 14374 14743
14743 2 14744 40749
14744 2 14745 24133
14745 4 14746 34580 35193 39098
14746 1 14747
14747 3 5324 12425 14748
14748 7 10468 14749 15887 16092 31012 38884 48461
14749 1 14750
14750 2 14751 22371
14751 4 5048 13694 14293 14752
14752 2 7545 14753
14753 2 14754 37170
14754 4 1172 10996 14755 39654
14755 2 14756 21284
14756 2 11056 14757
14757 3 14758 16509 42434
14758 1 14759
14759 2 14760 30182
14760 3 14761 29802 44035
14761 3 14762 29628 46504
14762 2 14763 37386
14763 4 14764 18430 28239 32539
14764 4 2365 8552 14765 39093
14765 2 4024 14766
14766 3 351 5969 14767
14767 2 14348 14768
14768 1 14769
14769 2 14770 34907
14770 2 14771 47030
14771 2 14001 14772
14772 2 14773 26055
14773 1 14774
14774 4 14775 26907 29162 48713
14775 3 14776 24248 34648
14776 4 14777 33579 35579 43610
14777 2 14778 31159
14778 2 14779 32627
14779 2 14780 40393
14780 1 14781
14781 4 14782 24765 41753 49007
14782 2 14783 35860
14783 4 14784 28880 34458 49279
14784 3 14785 31410 47857
14785 1 14786
14786 2 14787 44087
14787 1 14788
14788 2 14789 47262
14789 2 14790 27362
14790 1 14791
14791 2 14792 35033
14792 1 14793
14793 3 14794 16283 46683
14794 3 14795 27203 40378
14795 1 14796
14796 3 14797 19222 41066
14797 4 14798 23480 23712 47841
14798 3 14799 19921 28635
14799 2 14800 41290
14800 3 14801 26082 46146
14801 2 14802 27748
14802 5 14803 36193 39116 47191 49272
14803 1 14804
14804 1 14805
14805 1 14806
14806 2 2439 14807
14807 2 6840 14808
14808 2 13116 14809
14809 2 14810 26720
14810 2 14811 43668
14811 5 7877 12057 14812 27041 35926
14812 2 14813 32658
14813 2 14814 36036
14814 3 4299 6169 14815
14815 3 14816 15500 35729
14816 2 14817 31062
14817 2 14818 30322
14818 4 4177 11964 14819 42902
14819 2 14820 24459
14820 1 14821
14821 2 14505 14822
14822 1 14823
14823 1 14824
14824 4 2760 14825 24747 46812
14825 1 14826
14826 3 14827 31448 42355
14827 2 14828 23950
14828 1 14829
14829 2 4058 14830
14830 4 12370 14831 16501 35756
14831 3 14832 26231 36911
14832 1 14833
14833 2 2661 14834
14834 3 14835 23511 37586
14835 1 14836
14836 2 14837 18868
14837 1 14838
14838 1 14839
14839 3 3685 14217 14840
14840 3 14841 21867 49995
14841 5 14842 16274 17054 23463 49774
14842 1 14843
14843 2 2611 14844
14844 1 14845
14845 1 14846
14846 1 14847
14847 2 4077 14848
14848 1 14849
14849 4 5434 14850 18294 35402
14850 3 14851 22857 44961
14851 1 14852
14852 2 14853 27632
14853 3 14854 21535 47117
14854 1 14855
14855 1 14856
14856 4 14857 16665 26283 33550
14857 2 14858 42028
14858 1 14859
14859 2 14860 39813
14860 1 14861
14861 2 14862 16739
14862 2 7874 14863
14863 2 14864 15009
14864 3 14865 33015 47097
14865 1 14866
14866 1 14867
14867 1 14868
14868 2 14869 26045
14869 4 4155 14870 22353 27447
14870 1 14871
14871 4 8458 8588 14872 40632
14872 4 5316 14873 30598 33688
14873 2 3693 14874
14874 2 14875 35674
14875 1 14876
14876 3 2575 14877 45913
14877 1 14878
14878 1 14879
14879 5 8206 12811 14880 23919 40079
14880 2 5538 14881
14881 1 14882
14882 2 14883 32541
14883 2 14884 27002
14884 3 14885 35620 45000
14885 3 11885 14886 15449
14886 3 14887 35907 43601
14887 1 14888
14888 4 5119 13252 14889 20790
14889 1 14890
14890 1 14891
14891 2 13451 14892
14892 1 14893
14893 2 14894 43826
14894 3 14895 37779 37844
14895 4 9041 14896 15428 25839
14896 2 14897 35469
14897 2 12715 14898
14898 2 6539 14899
14899 1 14900
14900 4 14901 27682 32508 40987
14901 1 14902
14902 1 14903
14903 2 14904 22400
14904 1 14905
14905 1 14906
14906 1 14907
14907 1 14908
14908 2 14909 24655
14909 2 14910 29314
14910 1 14911
14911 4 5975 14912 18325 37233
14912 2 14913 36113
14913 3 14914 24543 33946
14914 6 8067 14915 17606 18747 29746 48079
14915 3 9846 14916 48515
14916 2 14884 14917
14917 5 14918 23332 23601 42730 47836
14918 3 3881 4324 14919
14919 1 14920
14920 3 14921 28316 44166
14921 1 14922
14922 1 14923
14923 1 14924
14924 3 2120 14925 39984
14925 1 14926
14926 2 14927 32667
14927 2 14928 39419
14928 3 14929 29844 35534
14929 1 14930
14930 2 14931 24289
14931 1 14932
14932 1 14933
14933 3 14090 14934 46862
14934 3 1629 14935 18597
14935 1 14936
14936 1 14937
14937 5 7164 14938 25307 47113 49021
14938 3 14939 33485 49369
14939 4 9862 14940 18669 39794
14940 1 14941
14941 4 10767 13641 14942 31747
14942 1 14943
14943 3 9421 14944 42412
14944 2 14945 45692
14945 3 14944 14946 29230
14946 1 14947
14947 1 14948
14948 3 14214 14949 40095
14949 2 14950 21336
14950 1 14951
14951 2 14952 17282
14952 1 14953
14953 1 14954
14954 2 14955 37480
14955 4 10804 14956 38863 42495
14956 3 11457 14957 49238
14957 3 278 14958 19845
14958 2 14959 41024
14959 3 14960 46325 46615
14960 1 14961
14961 2 14962 25681
14962 2 6385 14963
14963 1 14964
14964 2 14965 19257
14965 1 14966
14966 2 14967 49148
14967 1 14968
14968 1 14969
14969 2 14970 44858
14970 1 14971
14971 2 14972 15666
14972 3 14973 45248 47252
14973 1 14974
14974 2 14975 44675
14975 3 14976 26599 40208
14976 3 5859 14977 42314
14977 2 14978 42789
14978 2 6423 14979
14979 3 7523 14980 36093
14980 1 14981
14981 1 14982
14982 1 14983
14983 3 3176 14984 35422
14984 5 1462 12206 14985 15553 49778
14985 1 14986
14986 3 5069 14987 17235
14987 3 14988 31689 41466
14988 1 14989
14989 2 14990 35807
14990 2 14991 27596
14991 2 14992 45946
14992 2 14993 37387
14993 3 14994 24413 48166
14994 1 14995
14995 1 14996
14996 1 14997
14997 3 14998 17787 17864
14998 2 14999 46144
14999 4 15000 19246 22204 39575
15000 2 15001 25503
15001 1 15002
15002 1 15003
15003 1 15004
15004 1 15005
15005 1 15006
15006 2 15007 46110
15007 2 15008 22170
15008 2 15009 26246
15009 1 15010
15010 2 15011 38769
15011 2 15012 35325
15012 1 15013
15013 4 11986 15014 25783 33209
15014 2 15015 36586
15015 1 15016
15016 4 15017 31904 39685 49201
15017 1 15018
15018 2 15019 23175
15019 3 14261 15020 45885
15020 2 15021 23783
15021 3 15022 20694 28305
15022 2 15023 49283
15023 4 5367 15024 18735 19475
15024 3 9407 15025 21572
15025 2 15026 35376
15026 2 15027 28113
15027 2 15028 45235
15028 2 15029 37058
15029 5 1130 1970 15030 15906 24669
15030 2 11851 15031
15031 3 4899 12980 15032
15032 3 9052 15033 29021
15033 3 15034 25464 31076
15034 2 15035 47049
15035 3 15036 35895 48747
15036 3 1887 6649 15037
15037 3 13102 15038 37184
15038 3 1660 15039 20204
15039 2 15040 43656
15040 2 15041 40882
15041 3 15042 19499 28887
15042 4 1060 4817 7756 15043
15043 1 15044
15044 4 15045 20624 39245 46069
15045 2 15046 43944
15046 3 5599 11390 15047
15047 2 15048 31537
15048 2 15049 41608
15049 1 15050
15050 2 15051 15433
15051 1 15052
15052 3 1610 12282 15053
15053 2 15054 43151
15054 2 15055 25580
15055 1 15056
15056 1 15057
15057 1 15058
15058 2 15059 23014
15059 1 15060
15060 1 15061
15061 1 15062
15062 1 15063
15063 2 15064 40410
15064 2 15065 27024
15065 2 15066 19481
15066 2 15067 22535
15067 2 14700 15068
15068 1 15069
15069 3 15070 25842 26117
15070 3 15071 17003 24535
15071 1 15072
15072 1 15073
15073 2 15074 47063
15074 1 15075
15075 2 15076 19878
15076 1 15077
15077 5 15078 20457 22412 45060 46081
15078 3 15079 45588 48390
15079 1 15080
15080 2 11555 15081
15081 1 15082
15082 3 11717 15083 25147
15083 1 15084
15084 1 15085
15085 3 9867 15086 25093
15086 2 7089 15087
15087 1 15088
15088 2 15089 21305
15089 3 10954 15090 21446
15090 2 15091 20248
15091 1 15092
15092 1 15093
15093 4 4919 15094 23000 26491
15094 2 15095 31447
15095 3 9070 15096 38799
15096 3 6890 15097 49125
15097 1 15098
15098 2 15057 15099
15099 1 15100
15100 2 15101 33624
15101 1 15102
15102 1 15103
15103 3 7375 10719 15104
15104 3 15105 37503 43608
15105 4 15106 16728 16957 24419
15106 2 15107 22338
15107 1 15108
15108 1 15109
15109 3 7546 15110 18806
15110 3 15111 17804 45694
15111 5 15112 24753 25632 31499 45136
15112 2 15113 19895
15113 2 15114 30042
15114 3 15115 20770 29735
15115 2 15116 32777
15116 5 10515 13812 15117 17831 43103
15117 1 15118
15118 2 15119 39497
15119 3 15120 29890 48859
15120 1 15121
15121 3 2723 15122 33708
15122 4 987 15123 26756 36971
15123 2 15124 15185
15124 2 1376 15125
15125 2 5308 15126
15126 1 15127
15127 2 7269 15128
15128 2 15129 49969
15129 1 15130
15130 2 2861 15131
15131 2 15132 19208
15132 4 15133 21410 32272 48998
15133 2 7568 15134
15134 1 15135
15135 3 3039 15136 20923
15136 1 15137
15137 1 15138
15138 1 15139
15139 1 15140
15140 4 899 9772 15141 33223
15141 2 622 15142
15142 2 15143 20097
15143 1 15144
15144 1 15145
15145 3 15146 25583 31124
15146 1 15147
15147 1 15148
15148 1 15149
15149 1 15150
15150 1 15151
15151 3 15152 23132 41450
15152 1 15153
15153 1 15154
15154 1 15155
15155 1 15156
15156 1 15157
15157 4 3765 15158 47419 49988
15158 4 14369 15159 27148 35450
15159 2 5585 15160
15160 3 15161 31418 49781
15161 2 15162 18763
15162 2 15163 48125
15163 1 15164
15164 1 15165
15165 1 15166
15166 2 15167 22312
15167 2 1489 15168
15168 2 15169 49578
15169 1 15170
15170 2 6801 15171
15171 3 14754 15172 30665
15172 2 7026 15173
15173 1 15174
15174 1 15175
15175 2 15176 49542
15176 1 15177
15177 1 15178
15178 1 15179
15179 2 15180 44083
15180 2 15181 34636
15181 1 15182
15182 1 15183
15183 4 15184 22881 35062 37464
15184 2 15185 41992
15185 2 5103 15186
15186 4 5582 6908 15187 46665
15187 1 15188
15188 1 15189
15189 1 15190
15190 1 15191
15191 2 15192 17189
15192 1 15193
15193 3 15194 20077 30868
15194 3 15195 34339 37485
15195 1 15196
15196 2 15197 19082
15197 4 4120 9157 10656 15198
15198 1 15199
15199 2 15200 43993
15200 2 6162 15201
15201 2 15202 23598
15202 3 15203 15484 24993
15203 1 15204
15204 3 15205 22240 38030
15205 2 13876 15206
15206 3 15207 29935 32920
15207 1 15208
15208 1 15209
15209 2 15210 25603
15210 1 15211
15211 2 11340 15212
15212 4 15213 20526 23362 33786
15213 2 15214 16488
15214 1 15215
15215 1 15216
15216 2 15217 24328
15217 1 15218
15218 3 15219 29648 34596
15219 1 15220
15220 2 15221 35625
15221 3 5888 15222 47763
15222 2 15223 34000
15223 1 15224
15224 2 13599 15225
15225 3 15226 19581 37431
15226 2 15227 21321
15227 1 15228
15228 1 15229
15229 2 15230 19879
15230 2 15231 22561
15231 3 15232 27737 37597
15232 1 15233
15233 1 15234
15234 1 15235
15235 4 8725 15236 23740 49594
15236 2 15237 43388
15237 2 15238 17506
15238 3 15239 25066 29328
15239 2 15240 28112
15240 1 15241
15241 6 12911 15242 15768 20079 34166 37040
15242 3 32 15243 38982
15243 5 8487 15244 19710 36375 45410
15244 2 15245 41208
15245 2 15246 41941
15246 1 15247
15247 3 5389 15248 28037
15248 2 15249 15820
15249 1 15250
15250 2 15251 45489
15251 1 15252
15252 2 10965 15253
15253 4 15254 29733 34794 49183
15254 1 15255
15255 3 15256 20171 34887
15256 2 15257 34729
15257 3 15258 33208 44704
15258 2 4006 15259
15259 2 15260 31609
15260 2 15261 31321
15261 2 4128 15262
15262 1 15263
15263 3 13081 15264 34647
15264 1 15265
15265 1 15266
15266 3 7401 15267 45495
15267 2 2932 15268
15268 1 15269
15269 1 15270
15270 1 15271
15271 1 15272
15272 2 15273 49362
15273 2 15274 33867
15274 3 7860 15275 24275
15275 1 15276
15276 1 15277
15277 2 2330 15278
15278 1 15279
15279 2 5772 15280
15280 1 15281
15281 1 15282
15282 5 4833 15283 28210 36532 41265
15283 1 15284
15284 1 15285
15285 1 15286
15286 3 4671 15287 43602
15287 2 12632 15288
15288 2 15289 28883
15289 1 15290
15290 2 15291 30572
15291 1 15292
15292 4 1927 8300 15293 43606
15293 1 15294
15294 1 15295
15295 2 15296 46145
15296 2 15297 24253
15297 1 15298
15298 1 15299
15299 2 15300 20174
15300 3 15301 28955 49537
15301 4 15302 16593 26084 34446
15302 2 15303 38722
15303 2 15304 47257
15304 5 7738 8399 13190 15305 43145
15305 3 10780 15306 29323
15306 1 15307
15307 3 3148 15308 29064
15308 1 15309
15309 1 15310
15310 1 15311
15311 2 15312 46102
15312 2 15313 44275
15313 2 2789 15314
15314 1 15315
15315 1 15316
15316 2 15317 28902
15317 3 1231 15318 44154
15318 2 15319 44131
15319 2 15320 44743
15320 2 15321 39731
15321 2 9822 15322
15322 2 15323 45302
15323 3 5425 15324 46077
15324 1 15325
15325 1 15326
15326 2 15327 45489
15327 2 15328 28448
15328 2 15329 41062
15329 2 9956 15330
15330 1 15331
15331 2 5983 15332
15332 1 15333
15333 3 3213 15334 20528
15334 4 15335 23157 24390 48000
15335 2 7380 15336
15336 1 15337
15337 2 15338 37976
15338 2 15339 20997
15339 2 15340 18745
15340 1 15341
15341 4 2709 14000 15342 30318
15342 3 15343 42535 48786
15343 1 15344
15344 3 7602 15345 46424
15345 1 15346
15346 2 15347 47502
15347 4 5281 6635 15348 31192
15348 4 1116 15349 22905 43388
15349 1 15350
15350 2 15351 40907
15351 1 15352
15352 1 15353
15353 1 15354
15354 2 15355 15625
15355 1 15356
15356 3 15357 17172 28999
15357 1 15358
15358 1 15359
15359 2 15360 36077
15360 1 15361
15361 4 5990 15362 19454 24489
15362 2 15363 30562
15363 1 15364
15364 3 15365 28707 28909
15365 1 15366
15366 1 15367
15367 1 15368
15368 1 15369
15369 3 12179 15370 46522
15370 4 1186 15371 25397 49555
15371 2 15372 38736
15372 1 15373
15373 2 15374 20138
15374 3 15375 22620 35984
15375 2 15376 49517
15376 1 15377
15377 3 15378 33599 34390
15378 3 15379 32884 47735
15379 2 15380 41249
15380 2 6685 15381
15381 1 15382
15382 2 12425 15383
15383 2 13100 15384
15384 2 15385 28323
15385 1 15386
15386 2 15387 23702
15387 2 15388 21298
15388 5 14600 15389 32145 41515 41865
15389 3 15390 23393 42666
15390 1 15391
15391 2 15392 22977
15392 1 15393
15393 1 15394
15394 1 15395
15395 2 15396 39301
15396 1 15397
15397 2 15398 22505
15398 1 15399
15399 4 4278 6114 15400 42990
15400 2 10650 15401
15401 1 15402
15402 4 2435 14764 15403 30983
15403 3 15404 20651 33931
15404 1 15405
15405 4 10755 15406 36954 37132
15406 1 15407
15407 1 15408
15408 2 6507 15409
15409 1 15410
15410 2 15411 23346
15411 1 15412
15412 1 15413
15413 2 9543 15414
15414 1 15415
15415 2 8611 15416
15416 3 14107 15417 42926
15417 3 5235 15418 49307
15418 1 15419
15419 2 11680 15420
15420 1 15421
15421 2 15422 47773
15422 3 15423 21400 47599
15423 3 15424 36892 42724
15424 2 15425 44319
15425 2 3172 15426
15426 3 15427 48546 49654
15427 2 15428 48657
15428 3 12733 15429 25279
15429 2 15430 28241
15430 2 15431 18030
15431 3 7839 9778 15432
15432 1 15433
15433 1 15434
15434 2 15435 26587
15435 2 11223 15436
15436 2 15437 23963
15437 1 15438
15438 2 15439 26034
15439 1 15440
15440 4 555 15441 42537 48242
15441 2 15442 33878
15442 1 15443
15443 2 15444 47854
15444 2 15445 35340
15445 2 672 15446
15446 2 15447 27910
15447 2 15448 25025
15448 1 15449
15449 1 15450
15450 2 13302 15451
15451 1 15452
15452 2 15453 35655
15453 6 364 10306 15454 22286 34826 41582
15454 4 3615 15455 19215 39443
15455 3 15456 15922 34640
15456 1 15457
15457 3 2823 10321 15458
15458 1 15459
15459 4 340 4568 15460 47767
15460 2 3732 15461
15461 3 15462 27250 47320
15462 2 15463 48679
15463 2 15464 29790
15464 1 15465
15465 2 15466 18603
15466 2 15467 16120
15467 1 15468
15468 1 15469
15469 1 15470
15470 4 15471 25788 27375 33069
15471 4 7791 15472 25560 44962
15472 2 15473 28177
15473 2 13827 15474
15474 3 15475 27613 33256
15475 4 7911 15476 45493 49927
15476 2 15477 27796
15477 2 15478 40867
15478 2 15479 32391
15479 1 15480
15480 1 15481
15481 2 15482 33108
15482 3 8222 15483 19661
15483 3 7541 15484 35890
15484 1 15485
15485 2 15486 42613
15486 2 15487 36728
15487 2 15488 43156
15488 1 15489
15489 2 15490 40981
15490 1 15491
15491 1 15492
15492 5 1841 15493 24642 34349 41319
15493 2 5611 15494
15494 2 15495 27168
15495 1 15496
15496 1 15497
15497 1 15498
15498 2 15499 34909
15499 1 15500
15500 3 15501 36100 36915
15501 1 15502
15502 2 15503 23528
15503 1 15504
15504 2 15505 29393
15505 1 15506
15506 1 15507
15507 1 15508
15508 2 15509 35998
15509 1 15510
15510 4 6526 15511 17453 20808
15511 3 15512 26669 28867
15512 3 15513 48033 48731
15513 3 572 15514 19478
15514 2 15515 33464
15515 2 15516 35215
15516 1 15517
15517 2 15518 15698
15518 3 15519 42922 49565
15519 4 15520 29920 37996 42300
15520 1 15521
15521 2 7490 15522
15522 1 15523
15523 1 15524
15524 3 15525 18083 48324
15525 1 15526
15526 2 15527 16602
15527 3 409 5101 15528
15528 2 12590 15529
15529 2 15530 46115
15530 2 14199 15531
15531 2 15532 24589
15532 1 15533
15533 2 15534 39525
15534 1 15535
15535 1 15536
15536 1 15537
15537 2 15538 35983
15538 1 15539
15539 2 15540 45050
15540 1 15541
15541 4 7312 15542 28791 31764
15542 3 1631 8678 15543
15543 4 10571 13741 15544 42693
15544 2 15545 17622
15545 3 1157 11486 15546
15546 4 9898 15547 15875 29452
15547 2 15548 47520
15548 1 15549
15549 2 870 15550
15550 2 15551 25757
15551 2 4199 15552
15552 2 3799 15553
15553 3 11009 15554 36157
15554 4 8596 15555 40375 42468
15555 2 7226 15556
15556 2 15557 17332
15557 1 15558
15558 2 15559 49777
15559 1 15560
15560 2 13797 15561
15561 1 15562
15562 1 15563
15563 2 9480 15564
15564 1 15565
15565 3 5364 15566 33549
15566 1 15567
15567 3 15568 18472 40113
15568 4 9889 15569 21004 40329
15569 2 15570 19742
15570 2 15571 31420
15571 3 15572 25490 41418
15572 2 15573 38843
15573 1 15574
15574 2 9303 15575
15575 5 1924 14981 15576 17094 26900
15576 1 15577
15577 2 15578 18553
15578 2 15579 33302
15579 2 15580 23873
15580 3 15581 17774 41979
15581 1 15582
15582 1 15583
15583 3 15584 37972 38121
15584 1 15585
15585 1 15586
15586 3 14774 15587 21174
15587 2 15588 34581
15588 1 15589
15589 2 15590 18498
15590 1 15591
15591 2 15592 44568
15592 2 15593 26868
15593 1 15594
15594 3 15595 31616 47774
15595 1 15596
15596 1 15597
15597 1 15598
15598 2 7994 15599
15599 2 15600 19256
15600 2 15601 29202
15601 1 15602
15602 2 15603 40996
15603 1 15604
15604 3 4870 15605 23563
15605 1 15606
15606 3 3998 15607 29030
15607 4 15608 26427 26482 36365
15608 2 4254 15609
15609 1 15610
15610 3 10336 15611 16613
15611 1 15612
15612 1 15613
15613 1 15614
15614 1 15615
15615 2 8816 15616
15616 2 15617 40167
15617 1 15618
15618 1 15619
15619 2 7917 15620
15620 3 5770 15621 18057
15621 2 13254 15622
15622 1 15623
15623 1 15624
15624 2 15625 49657
15625 2 15626 48756
15626 2 15627 36399
15627 3 4701 15628 46543
15628 2 15629 43903
15629 1 15630
15630 4 2208 15631 29550 43461
15631 3 15632 32410 49648
15632 1 15633
15633 1 15634
15634 1 15635
15635 2 15636 38338
15636 2 15637 37698
15637 1 15638
15638 1 15639
15639 1 15640
15640 1 15641
15641 1 15642
15642 1 15643
15643 2 15644 20881
15644 4 9305 15645 17223 18975
15645 4 15646 29727 42963 48749
15646 3 15647 34009 49849
15647 1 15648
15648 1 15649
15649 1 15650
15650 2 14029 15651
15651 3 12231 15652 33027
15652 3 12249 15653 47432
15653 2 3601 15654
15654 1 15655
15655 1 15656
15656 3 15657 40881 43586
15657 1 15658
15658 4 396 15659 38169 45517
15659 3 8616 15660 32147
15660 2 15661 46710
15661 2 15662 42394
15662 2 15663 42138
15663 1 15664
15664 4 15665 26906 40642 45847
15665 2 15666 15820
15666 1 15667
15667 2 15668 39592
15668 1 15669
15669 1 15670
15670 4 15338 15671 18919 39196
15671 2 2211 15672
15672 1 15673
15673 2 4420 15674
15674 1 15675
15675 2 14606 15676
15676 1 15677
15677 1 15678
15678 2 4248 15679
15679 4 820 861 15680 37511
15680 2 15681 46550
15681 2 15682 30588
15682 5 9830 15683 38844 43794 48305
15683 1 15684
15684 1 15685
15685 1 15686
15686 2 9257 15687
15687 3 15688 24181 41874
15688 2 15689 37784
15689 1 15690
15690 2 15691 42808
15691 3 15692 19688 33511
15692 1 15693
15693 2 15694 25933
15694 3 15695 27622 38822
15695 2 15696 40732
15696 2 13973 15697
15697 2 5735 15698
15698 1 15699
15699 3 15700 24085 26281
15700 3 15701 36563 41989
15701 1 15702
15702 2 15703 23138
15703 2 4519 15704
15704 2 15705 44234
15705 3 15706 39635 44470
15706 3 15707 25789 26537
15707 2 15708 44065
15708 2 15709 25552
15709 3 15710 16403 43636
15710 2 15711 42635
15711 2 15712 26690
15712 1 15713
15713 3 15714 20504 40603
15714 4 15715 41395 42597 49515
15715 1 15716
15716 4 15717 17886 21486 40333
15717 1 15718
15718 2 6359 15719
15719 2 1713 15720
15720 1 15721
15721 3 1522 15722 21974
15722 1 15723
15723 4 675 15724 16815 22299
15724 1 15725
15725 2 15726 26451
15726 2 15727 17793
15727 2 15728 17002
15728 1 15729
15729 1 15730
15730 1 15731
15731 1 15732
15732 2 15733 40994
15733 2 4405 15734
15734 1 15735
15735 1 15736
15736 1 15737
15737 2 15738 48266
15738 2 15739 44390
15739 2 15740 25488
15740 2 15741 27257
15741 2 15742 38679
15742 1 15743
15743 1 15744
15744 2 3662 15745
15745 1 15746
15746 2 15747 47176
15747 3 8439 15748 26768
15748 1 15749
15749 2 3599 15750
15750 3 15751 24120 40912
15751 2 15752 38978
15752 1 15753
15753 2 15754 30954
15754 1 15755
15755 1 15756
15756 4 15757 15892 28247 34103
15757 2 5281 15758
15758 2 15759 32146
15759 2 15760 47520
15760 1 15761
15761 1 15762
15762 2 15763 34909
15763 2 15764 28844
15764 3 8691 15765 18777
15765 1 15766
15766 1 15767
15767 3 15352 15768 22243
15768 4 15769 17678 21545 29702
15769 3 15770 21048 24917
15770 1 15771
15771 2 10002 15772
15772 3 11965 15773 22055
15773 3 15774 29176 37141
15774 1 15775
15775 4 15776 34550 37401 43565
15776 1 15777
15777 1 15778
15778 1 15779
15779 2 15780 17899
15780 3 15781 15870 43132
15781 1 15782
15782 3 15783 18005 30845
15783 1 15784
15784 2 15785 41305
15785 2 15786 35933
15786 3 15787 20812 49299
15787 2 15788 38166
15788 1 15789
15789 1 15790
15790 2 15791 23981
15791 2 14072 15792
15792 1 15793
15793 4 5784 9224 15794 30789
15794 2 15795 49903
15795 2 12791 15796
15796 2 15797 23002
15797 1 15798
15798 4 15799 16246 29227 34748
15799 1 15800
15800 3 15801 31037 41728
15801 3 15802 23528 41344
15802 2 15803 36532
15803 2 2409 15804
15804 3 13101 15805 43653
15805 2 13102 15806
15806 3 15807 40804 47101
15807 2 14435 15808
15808 2 9184 15809
15809 1 15810
15810 2 15811 35226
15811 3 15812 25282 41342
15812 2 15813 42860
15813 1 15814
15814 2 8917 15815
15815 2 15816 36338
15816 3 9544 15817 33526
15817 4 15818 37158 44429 45912
15818 2 13751 15819
15819 2 5666 15820
15820 2 15821 25219
15821 2 15822 22244
15822 3 15823 27474 29158
15823 1 15824
15824 1 15825
15825 1 15826
15826 2 15827 27627
15827 3 2829 15828 41713
15828 2 15829 30177
15829 1 15830
15830 3 8739 15831 17728
15831 1 15832
15832 3 3750 15833 47716
15833 3 15834 32032 48774
15834 1 15835
15835 2 15836 19337
15836 2 15837 40182
15837 1 15838
15838 1 15839
15839 2 15840 43069
15840 1 15841
15841 2 10561 15842
15842 4 15843 26138 43075 47835
15843 1 15844
15844 1 15845
15845 1 15846
15846 1 15847
15847 2 15848 32675
15848 2 15849 49237
15849 2 15850 38443
15850 1 15851
15851 1 15852
15852 2 15853 22557
15853 1 15854
15854 2 15855 17364
15855 1 15856
15856 5 5386 8212 13285 15857 23419
15857 1 15858
15858 2 8332 15859
15859 1 15860
15860 3 8401 9201 15861
15861 2 5807 15862
15862 4 15820 15863 28332 49893
15863 4 10321 12848 15864 39424
15864 2 15865 42359
15865 3 12115 15866 16597
15866 3 9678 15867 32228
15867 1 15868
15868 2 15869 31472
15869 2 15870 16347
15870 1 15871
15871 3 15872 16970 37044
15872 2 15873 44226
15873 1 15874
15874 3 15875 28564 42629
15875 1 15876
15876 1 15877
15877 2 1152 15878
15878 4 13752 15879 17339 45293
15879 3 15880 16168 32034
15880 2 15881 49062
15881 2 15882 48896
15882 1 15883
15883 3 8128 15884 35568
15884 2 15885 29766
15885 3 15886 24154 30857
15886 1 15887
15887 2 15888 26104
15888 2 15889 41192
15889 4 15890 22942 23826 43963
15890 1 15891
15891 2 10242 15892
15892 2 15893 19361
15893 1 15894
15894 2 15895 22637
15895 2 15896 36415
15896 2 15897 48497
15897 2 15898 43445
15898 2 15899 28915
15899 1 15900
15900 1 15901
15901 1 15902
15902 2 15903 44757
15903 3 10407 15904 38991
15904 1 15905
15905 3 9855 15906 37275
15906 2 15907 28914
15907 1 15908
15908 3 15909 25541 32163
15909 2 15910 25124
15910 4 15911 29643 37685 45216
15911 1 15912
15912 3 9994 15913 27544
15913 2 15914 42075
15914 5 15915 22755 27763 41045 44991
15915 2 15916 40759
15916 1 15917
15917 1 15918
15918 1 15919
15919 1 15920
15920 3 15921 28927 30394
15921 2 15922 28799
15922 1 15923
15923 1 15924
15924 3 15925 22084 26011
15925 1 15926
15926 2 15927 19234
15927 1 15928
15928 2 15929 19414
15929 3 893 15930 31682
15930 3 15931 36299 45220
15931 2 13670 15932
15932 2 13296 15933
15933 2 15934 30431
15934 3 11359 15935 29156
15935 3 11357 15936 40720
15936 2 15937 39114
15937 3 15938 22041 47479
15938 2 15939 18474
15939 2 15940 33058
15940 2 15941 20439
15941 3 450 4423 15942
15942 3 15943 22023 34352
15943 3 5150 7660 15944
15944 2 7937 15945
15945 1 15946
15946 2 4815 15947
15947 1 15948
15948 2 4156 15949
15949 2 12446 15950
15950 2 15951 37068
15951 3 13336 15952 43350
15952 2 15953 26005
15953 2 15954 38320
15954 2 15955 24389
15955 1 15956
15956 2 15957 17844
15957 2 12670 15958
15958 1 15959
15959 2 12025 15960
15960 2 15961 17054
15961 2 15962 22047
15962 2 15963 38280
15963 1 15964
15964 1 15965
15965 3 15698 15966 25403
15966 1 15967
15967 1 15968
15968 2 15969 27491
15969 2 15970 32302
15970 1 15971
15971 1 15972
15972 1 15973
15973 5 14469 15974 17709 27782 44596
15974 2 15975 43736
15975 1 15976
15976 1 15977
15977 1 15978
15978 1 15979
15979 2 15980 32899
15980 2 15981 47302
15981 2 6458 15982
15982 4 1721 2424 15861 15983
15983 1 15984
15984 3 15985 40754 45263
15985 2 194 15986
15986 2 15987 26832
15987 2 15988 26700
15988 1 15989
15989 1 15990
15990 1 15991
15991 1 15992
15992 1 15993
15993 1 15994
15994 5 15187 15995 31623 35339 41651
15995 4 11908 14806 15996 42095
15996 1 15997
15997 1 15998
15998 3 583 15999 43941
15999 3 8441 16000 46410
16000 1 16001
16001 4 16002 16222 29316 47341
16002 1 16003
16003 2 16004 26621
16004 5 9639 12077 15109 16005 46855
16005 1 16006
16006 1 16007
16007 2 16008 43952
16008 4 15282 16009 41615 46810
16009 1 16010
16010 1 16011
16011 4 14986 16012 25983 27438
16012 1 16013
16013 2 16014 35329
16014 2 16015 37823
16015 1 16016
16016 2 16017 29812
16017 1 16018
16018 3 16019 26064 37581
16019 2 16020 32507
16020 2 16021 26809
16021 2 16022 46336
16022 2 16023 16071
16023 2 6373 16024
16024 2 16025 45217
16025 2 16026 46907
16026 2 16027 41798
16027 2 16028 39446
16028 1 16029
16029 1 16030
16030 1 16031
16031 1 16032
16032 2 16033 30608
16033 2 3894 16034
16034 2 2042 16035
16035 1 16036
16036 1 16037
16037 1 16038
16038 2 8777 16039
16039 3 10855 16040 41141
16040 1 16041
16041 3 16042 27540 44657
16042 2 16043 43440
16043 2 4222 16044
16044 1 16045
16045 2 16046 17412
16046 1 16047
16047 3 16048 26117 27969
16048 1 16049
16049 2 16050 32615
16050 1 16051
16051 1 16052
16052 3 9311 10616 16053
16053 2 14308 16054
16054 3 16055 22338 40018
16055 4 16056 38753 44011 47625
16056 2 12155 16057
16057 2 16058 40463
16058 3 15940 16059 21450
16059 1 16060
16060 2 16061 47317
16061 1 16062
16062 3 16063 19084 48707
16063 2 697 16064
16064 3 6823 16065 20383
16065 3 16066 23143 30215
16066 2 16067 39226
16067 2 4403 16068
16068 1 16069
16069 2 8803 16070
16070 2 16071 44773
16071 1 16072
16072 2 311 16073
16073 2 16074 32236
16074 1 16075
16075 3 12041 16076 49792
16076 7 8333 16077 19016 23481 25282 28407 36451
16077 3 2069 16078 16081
16078 2 16079 47726
16079 2 16080 43054
16080 2 16081 38601
16081 3 16082 16708 28531
16082 1 16083
16083 5 16084 16821 28142 35431 41504
16084 2 16085 18294
16085 2 16086 32318
16086 1 16087
16087 1 16088
16088 3 16089 37283 39206
16089 2 9055 16090
16090 2 16091 43735
16091 1 16092
16092 3 16093 35420 41937
16093 1 16094
16094 3 16095 36025 40841
16095 4 4329 16096 23594 26053
16096 1 16097
16097 1 16098
16098 2 16099 43189
16099 2 16100 29162
16100 1 16101
16101 2 6275 16102
16102 2 13670 16103
16103 1 16104
16104 1 16105
16105 3 16106 16193 45129
16106 1 16107
16107 2 16108 47781
16108 3 5648 16109 29178
16109 1 16110
16110 4 2684 16111 18480 37236
16111 1 16112
16112 3 8979 16113 20412
16113 2 16114 25078
16114 1 16115
16115 4 12834 16116 31164 39757
16116 1 16117
16117 1 16118
16118 4 13275 16119 22967 46155
16119 4 16120 20082 27603 32661
16120 3 16121 22823 29247
16121 4 9661 9680 16122 16293
16122 1 16123
16123 1 16124
16124 1 16125
16125 4 5020 16126 36777 42091
16126 1 16127
16127 2 16128 45332
16128 1 16129
16129 1 16130
16130 2 3690 16131
16131 1 16132
16132 1 16133
16133 5 3235 4268 16134 44239 45763
16134 1 16135
16135 2 11619 16136
16136 3 16137 16852 26957
16137 1 16138
16138 2 6360 16139
16139 1 16140
16140 1 16141
16141 1 16142
16142 2 16143 42169
16143 1 16144
16144 1 16145
16145 1 16146
16146 4 15461 16147 44807 45910
16147 2 16148 19294
16148 1 16149
16149 2 16150 34878
16150 1 16151
16151 2 16152 39285
16152 2 11489 16153
16153 2 16154 27714
16154 2 16155 39352
16155 1 16156
16156 1 16157
16157 1 16158
16158 3 16159 28373 38751
16159 1 16160
16160 1 16161
16161 1 16162
16162 1 16163
16163 2 16164 21031
16164 2 16165 46339
16165 2 3957 16166
16166 3 4809 16167 38449
16167 4 11059 15711 16168 39737
16168 5 2762 16169 16657 30734 37875
16169 3 2706 16170 22444
16170 1 16171
16171 2 7222 16172
16172 1 16173
16173 2 16174 27023
16174 2 16175 28888
16175 2 16176 39031
16176 3 359 16177 19177
16177 1 16178
16178 2 1752 16179
16179 2 16180 23910
16180 2 16181 28757
16181 2 3131 16182
16182 1 16183
16183 3 593 16184 34490
16184 2 16185 39034
16185 4 3568 16186 18528 23611
16186 1 16187
16187 2 16188 30987
16188 3 16189 28006 37444
16189 3 16190 22013 26536
16190 4 16191 40776 41032 46695
16191 2 16192 18494
16192 1 16193
16193 1 16194
16194 1 16195
16195 1 16196
16196 4 10534 15485 16197 36251
16197 1 16198
16198 2 16199 21959
16199 1 16200
16200 1 16201
16201 3 16202 20012 35196
16202 2 16203 34169
16203 2 16204 42865
16204 3 16205 28359 36838
16205 1 16206
16206 1 16207
16207 2 16208 23180
16208 1 16209
16209 3 16210 28063 31494
16210 2 15613 16211
16211 4 16212 16945 19403 45249
16212 3 10251 16213 40805
16213 2 16214 46509
16214 2 16215 37787
16215 1 16216
16216 4 8610 16217 21158 47699
16217 2 12068 16218
16218 5 6475 16219 20773 32497 42806
16219 1 16220
16220 2 13102 16221
16221 1 16222
16222 1 16223
16223 1 16224
16224 1 16225
16225 2 16226 49282
16226 1 16227
16227 1 16228
16228 1 16229
16229 3 1823 16230 34950
16230 1 16231
16231 4 5129 6538 16232 19772
16232 1 16233
16233 3 16168 16234 45098
16234 2 1208 16235
16235 2 16236 40990
16236 4 9794 16237 29815 49889
16237 3 16238 32733 34757
16238 2 16239 23092
16239 2 16240 30921
16240 1 16241
16241 2 6310 16242
16242 1 16243
16243 2 16244 18498
16244 2 16245 48840
16245 2 7602 16246
16246 2 2263 16247
16247 2 9767 16248
16248 1 16249
16249 1 16250
16250 1 16251
16251 2 8290 16252
16252 1 16253
16253 2 16254 25570
16254 5 2023 15348 16255 40148 40988
16255 4 14497 16256 16944 49975
16256 2 16257 36292
16257 2 3096 16258
16258 2 16259 48321
16259 1 16260
16260 4 13787 16261 28882 37872
16261 1 16262
16262 1 16263
16263 4 5980 16264 29427 34601
16264 2 16265 42136
16265 1 16266
16266 2 308 16267
16267 4 7436 16043 16268 30045
16268 3 16269 21681 43043
16269 3 16270 20088 43120
16270 2 16271 20052
16271 1 16272
16272 1 16273
16273 1 16274
16274 2 8940 16275
16275 4 98 9553 16276 16469
16276 2 16277 25728
16277 4 10799 16278 22802 35276
16278 1 16279
16279 1 16280
16280 2 16281 39528
16281 2 16282 35165
16282 1 16283
16283 2 3871 16284
16284 2 16285 45607
16285 1 16286
16286 1 16287
16287 1 16288
16288 2 16289 42541
16289 1 16290
16290 2 16291 46805
16291 4 16292 33160 38502 42696
16292 2 16293 21113
16293 2 16294 36945
16294 2 16295 18188
16295 3 11114 16296 36988
16296 2 10027 16297
16297 2 16298 19488
16298 2 16299 46989
16299 2 16300 24383
16300 3 10349 16301 32413
16301 2 16302 32350
16302 2 13459 16303
16303 2 16304 22308
16304 5 336 3442 16305 18054 38874
16305 1 16306
16306 2 16307 24783
16307 2 15083 16308
16308 1 16309
16309 3 630 16310 30797
16310 1 16311
16311 2 16312 23151
16312 2 16313 17559
16313 1 16314
16314 3 16315 36071 38819
16315 1 16316
16316 3 2711 16317 42726
16317 1 16318
16318 2 16319 36158
16319 3 6087 16320 40075
16320 4 16321 20753 26972 29335
16321 3 11016 16322 24570
16322 3 9170 16323 47540
16323 2 3718 16324
16324 1 16325
16325 1 16326
16326 3 16327 19809 21451
16327 1 16328
16328 1 16329
16329 1 16330
16330 3 8746 16331 18529
16331 1 16332
16332 1 16333
16333 2 16334 19085
16334 2 16335 18932
16335 1 16336
16336 1 16337
16337 2 12631 16338
16338 1 16339
16339 1 16340
16340 2 16341 24304
16341 3 16342 22684 35480
16342 5 194 3713 4535 16343 32524
16343 2 16344 29963
16344 2 16345 38657
16345 1 16346
16346 2 16347 43766
16347 2 16348 19591
16348 2 16349 26677
16349 1 16350
16350 1 16351
16351 1 16352
16352 3 14215 16353 26431
16353 5 12066 13107 13296 16354 33622
16354 2 10868 16355
16355 3 16356 17921 31362
16356 1 16357
16357 2 13952 16358
16358 2 16359 44806
16359 3 3382 16360 34545
16360 4 16361 16841 26784 38769
16361 1 16362
16362 3 6881 16363 32905
16363 1 16364
16364 1 16365
16365 2 16366 43234
16366 3 16367 23899 33836
16367 2 16368 41906
16368 2 16369 21360
16369 1 16370
16370 2 16371 36782
16371 3 16372 21747 21793
16372 3 1081 16373 46841
16373 2 10100 16374
16374 1 16375
16375 2 16376 28627
16376 2 16377 29324
16377 1 16378
16378 1 16379
16379 1 16380
16380 5 5318 16381 17900 39213 47601
16381 1 16382
16382 2 16383 21071
16383 5 12620 16384 25738 32061 36488
16384 1 16385
16385 2 16386 36696
16386 1 16387
16387 1 16388
16388 2 16389 38646
16389 2 16390 45050
16390 1 16391
16391 1 16392
16392 2 16230 16393
16393 3 16394 35532 39037
16394 1 16395
16395 3 11599 16396 45320
16396 1 16397
16397 1 16398
16398 1 16399
16399 1 16400
16400 2 14447 16401
16401 1 16402
16402 2 15019 16403
16403 2 16404 38590
16404 5 3302 14315 16405 19875 31363
16405 1 16406
16406 1 16407
16407 4 16408 37355 45343 49985
16408 1 16409
16409 1 16410
16410 2 16411 20586
16411 3 2608 12684 16412
16412 1 16413
16413 2 16414 42522
16414 2 14587 16415
16415 1 16416
16416 1 16417
16417 2 16418 27816
16418 1 16419
16419 1 16420
16420 2 16421 48053
16421 1 16422
16422 1 16423
16423 4 14606 16424 16994 29956
16424 4 3088 16425 16733 24332
16425 1 16426
16426 2 10756 16427
16427 2 16428 49979
16428 1 16429
16429 3 16430 28025 35094
16430 1 16431
16431 3 16432 23728 46948
16432 1 16433
16433 2 16434 48496
16434 1 16435
16435 1 16436
16436 1 16437
16437 1 16438
16438 1 16439
16439 1 16440
16440 1 16441
16441 1 16442
16442 3 16443 44387 47414
16443 1 16444
16444 1 16445
16445 3 16446 23273 32986
16446 1 16447
16447 2 16448 33502
16448 3 16449 31239 49199
16449 4 16450 28214 28618 30528
16450 1 16451
16451 2 16452 16460
16452 4 12285 16453 21804 40046
16453 2 16454 38435
16454 3 16455 31203 36523
16455 1 16456
16456 3 7199 16457 26707
16457 2 19 16458
16458 3 16459 19295 34178
16459 4 12641 16460 17023 19455
16460 1 16461
16461 2 5468 16462
16462 3 16463 29392 47534
16463 2 16464 36996
16464 1 16465
16465 1 16466
16466 1 16467
16467 4 16468 20523 33279 44673
16468 1 16469
16469 1 16470
16470 1 16471
16471 1 16472
16472 3 12860 16473 34796
16473 2 16474 21591
16474 3 16475 27582 38289
16475 2 15519 16476
16476 1 16477
16477 1 16478
16478 1 16479
16479 3 16480 21193 44042
16480 1 16481
16481 1 16482
16482 2 16483 30913
16483 2 16484 37157
16484 1 16485
16485 1 16486
16486 3 14309 16487 19100
16487 1 16488
16488 1 16489
16489 5 9990 16490 16968 26956 37755
16490 1 16491
16491 1 16492
16492 3 16493 24583 35359
16493 1 16494
16494 2 16495 39902
16495 2 16496 26884
16496 2 11006 16497
16497 2 9998 16498
16498 2 16499 44357
16499 4 1697 8087 16500 29108
16500 3 16501 20206 47170
16501 1 16502
16502 3 16503 43792 44794
16503 2 16504 49364
16504 1 16505
16505 2 11609 16506
16506 3 5656 16507 33952
16507 2 16508 19438
16508 1 16509
16509 2 16510 29884
16510 2 16511 30643
16511 3 8810 9861 16512
16512 1 16513
16513 3 7157 16514 39444
16514 1 16515
16515 3 10192 16516 32447
16516 3 16517 18604 33122
16517 1 16518
16518 2 16519 21640
16519 1 16520
16520 2 16521 28638
16521 3 16522 23950 47626
16522 2 2658 16523
16523 1 16524
16524 3 15609 16525 17186
16525 2 7699 16526
16526 1 16527
16527 2 8114 16528
16528 1 16529
16529 1 16530
16530 2 16531 44860
16531 1 16532
16532 2 16533 41774
16533 1 16534
16534 3 235 16535 44691
16535 1 16536
16536 2 16537 46510
16537 1 16538
16538 1 16539
16539 3 12966 13227 16540
16540 1 16541
16541 4 14509 16542 33445 41658
16542 1 16543
16543 2 3840 16544
16544 2 3217 16545
16545 2 16546 26541
16546 2 16547 20638
16547 2 16548 20182
16548 2 16549 48109
16549 2 16550 37200
16550 1 16551
16551 2 16552 47432
16552 3 11745 16553 21118
16553 2 16554 41269
16554 2 10289 16555
16555 1 16556
16556 3 3780 15123 16557
16557 1 16558
16558 2 16559 40331
16559 2 8714 16560
16560 1 16561
16561 2 16562 22310
16562 2 9 16563
16563 3 14767 16564 27657
16564 1 16565
16565 2 16566 35308
16566 1 16567
16567 3 4139 16568 49394
16568 1 16569
16569 1 16570
16570 2 15359 16571
16571 1 16572
16572 1 16573
16573 1 16574
16574 1 16575
16575 1 16576
16576 2 16577 35129
16577 3 4017 14226 16578
16578 4 16579 37744 39364 44367
16579 3 16051 16580 40502
16580 3 16581 28308 37399
16581 2 16582 28724
16582 2 16583 49438
16583 4 11528 16584 23920 36770
16584 2 7193 16585
16585 2 4397 16586
16586 1 16587
16587 1 16588
16588 3 6134 7213 16589
16589 1 16590
16590 2 10380 16591
16591 1 16592
16592 3 881 16593 19478
16593 4 14364 16594 19629 37901
16594 3 13359 16595 18081
16595 2 16596 26377
16596 1 16597
16597 1 16598
16598 2 16599 48709
16599 2 16600 26099
16600 1 16601
16601 2 16602 38863
16602 3 13104 16603 46417
16603 2 16604 31992
16604 2 16605 18623
16605 3 10394 16606 21071
16606 2 16607 40907
16607 1 16608
16608 1 16609
16609 1 16610
16610 2 16611 46151
16611 2 16612 35564
16612 3 16613 18071 32959
16613 3 16614 17962 19178
16614 1 16615
16615 2 10789 16616
16616 2 867 16617
16617 2 16618 31931
16618 1 16619
16619 4 9509 11173 16620 17819
16620 4 4468 14190 16621 43958
16621 4 16622 21539 35827 36643
16622 1 16623
16623 1 16624
16624 4 3877 16625 25422 44295
16625 1 16626
16626 1 16627
16627 5 16628 19616 27321 47311 48667
16628 2 9036 16629
16629 1 16630
16630 2 10565 16631
16631 2 3724 16632
16632 1 16633
16633 2 16634 18254
16634 2 16635 29093
16635 1 16636
16636 3 14963 16637 42638
16637 2 16638 36909
16638 1 16639
16639 2 16640 19420
16640 1 16641
16641 3 15058 16642 47221
16642 4 16643 27698 32213 44722
16643 2 16644 31521
16644 1 16645
16645 2 16646 43005
16646 1 16647
16647 2 16648 43809
16648 1 16649
16649 1 16650
16650 2 16651 47227
16651 3 16652 32095 35897
16652 2 3992 16653
16653 1 16654
16654 3 16655 28762 48574
16655 2 16656 28932
16656 2 16657 40970
16657 1 16658
16658 2 16659 47209
16659 4 6173 16660 23580 45375
16660 2 16661 29595
16661 1 16662
16662 1 16663
16663 3 5351 16664 33067
16664 2 16665 43098
16665 1 16666
16666 1 16667
16667 3 4711 16668 33757
16668 3 1365 16669 18206
16669 3 16670 31973 33494
16670 1 16671
16671 3 6619 16672 33180
16672 1 16673
16673 2 12183 16674
16674 1 16675
16675 1 16676
16676 2 16677 29655
16677 1 16678
16678 2 2270 16679
16679 1 16680
16680 3 16681 47864 48494
16681 3 375 16682 17675
16682 3 707 16683 49340
16683 2 16684 33421
16684 3 16685 31405 35526
16685 3 16686 22171 48350
16686 1 16687
16687 2 16688 28281
16688 4 16689 21921 25919 37205
16689 2 1755 16690
16690 2 12924 16691
16691 1 16692
16692 1 16693
16693 2 16694 31424
16694 2 16619 16695
16695 1 16696
16696 3 16697 20535 30836
16697 1 16698
16698 1 16699
16699 3 16700 36939 43436
16700 2 16701 35371
16701 1 16702
16702 4 9492 16703 21687 32491
16703 4 644 1737 16704 34751
16704 1 16705
16705 2 16706 41608
16706 1 16707
16707 5 7208 16708 20448 30916 40271
16708 1 16709
16709 4 11607 12975 16710 42677
16710 3 16711 31778 48949
16711 4 16712 24372 41439 44725
16712 1 16713
16713 2 16224 16714
16714 5 16715 23691 26823 33530 49693
16715 1 16716
16716 1 16717
16717 2 3384 16718
16718 2 1202 16719
16719 1 16720
16720 2 16721 48122
16721 4 16722 23431 31076 37656
16722 1 16723
16723 2 16724 26581
16724 1 16725
16725 2 16268 16726
16726 3 16727 22014 41746
16727 2 16728 21284
16728 3 5704 16729 20880
16729 3 16730 24423 49540
16730 3 16731 32952 44334
16731 2 16732 42508
16732 3 16733 20294 44177
16733 1 16734
16734 1 16735
16735 1 16736
16736 1 16737
16737 1 16738
16738 2 16739 43800
16739 2 16740 16888
16740 2 16741 42040
16741 2 14849 16742
16742 3 16743 23486 49778
16743 2 16744 28182
16744 1 16745
16745 1 16746
16746 4 434 14978 16747 42488
16747 1 16748
16748 1 16749
16749 1 16750
16750 1 16751
16751 1 16752
16752 3 10282 16753 16879
16753 1 16754
16754 2 16755 17090
16755 3 13094 16756 25992
16756 1 16757
16757 3 16758 27787 30957
16758 3 1268 16759 35000
16759 4 2439 5100 16145 16760
16760 3 16761 32677 37350
16761 5 4307 16762 24242 24768 39864
16762 3 4949 7621 16763
16763 2 16764 22138
16764 2 14926 16765
16765 1 16766
16766 2 16767 20996
16767 2 2117 16768
16768 1 16769
16769 1 16770
16770 3 4987 16771 25656
16771 1 16772
16772 2 16773 46031
16773 3 5997 16774 27331
16774 2 16775 20290
16775 3 16776 19329 41927
16776 2 16777 46254
16777 2 16778 23034
16778 2 8373 16779
16779 1 16780
16780 2 4198 16781
16781 2 16782 34542
16782 2 6833 16783
16783 3 16784 25201 26648
16784 1 16785
16785 2 3445 16786
16786 2 16787 27661
16787 1 16788
16788 1 16789
16789 3 16790 31352 47424
16790 1 16791
16791 2 16792 27815
16792 2 16793 42193
16793 2 16794 34563
16794 1 16795
16795 3 15367 16796 31043
16796 1 16797
16797 1 16798
16798 2 34 16799
16799 2 16800 32448
16800 2 16801 19377
16801 4 4234 14940 16802 42713
16802 1 16803
16803 2 1327 16804
16804 1 16805
16805 2 16806 26036
16806 2 16807 40054
16807 2 12074 16808
16808 3 3322 16809 17162
16809 2 16810 25162
16810 1 16811
16811 2 16812 18226
16812 3 16813 28844 33897
16813 3 16814 45350 49558
16814 1 16815
16815 3 5563 16816 23947
16816 1 16817
16817 2 16818 20449
16818 3 16819 17889 43589
16819 2 16820 41753
16820 2 16821 35867
16821 2 16822 17923
16822 2 16823 39349
16823 1 16824
16824 3 11896 14322 16825
16825 3 14074 16826 40200
16826 2 16827 47302
16827 1 16828
16828 2 16829 43393
16829 3 16830 36724 37637
16830 2 1279 16831
16831 3 3139 16832 45076
16832 1 16833
16833 1 16834
16834 1 16835
16835 1 16836
16836 1 16837
16837 3 16838 22857 38243
16838 1 16839
16839 3 3420 16840 32401
16840 1 16841
16841 4 866 16842 39024 39025
16842 3 16843 24528 38466
16843 2 16844 31755
16844 3 7248 16845 41978
16845 1 16846
16846 1 16847
16847 2 10570 16848
16848 1 16849
16849 1 16850
16850 1 16851
16851 2 16852 18764
16852 1 16853
16853 2 6076 16854
16854 1 16855
16855 2 16856 47695
16856 1 16857
16857 3 11024 16858 45884
16858 1 16859
16859 2 16749 16860
16860 1 16861
16861 1 16862
16862 1 16863
16863 2 2108 16864
16864 3 4899 16865 26826
16865 1 16866
16866 1 16867
16867 1 16868
16868 1 16869
16869 2 16870 48390
16870 2 16871 31669
16871 3 16872 20912 45114
16872 2 16873 30203
16873 1 16874
16874 3 16875 17116 21274
16875 3 5245 16876 28079
16876 1 16877
16877 3 4629 16878 34616
16878 2 16879 30546
16879 3 16880 26275 29974
16880 3 15450 16881 44621
16881 2 16882 49101
16882 2 16883 26663
16883 2 16884 27749
16884 3 16885 20022 29326
16885 2 6798 16886
16886 1 16887
16887 3 16888 20398 27455
16888 3 15045 16889 23903
16889 2 16890 18943
16890 3 16891 26916 32689
16891 1 16892
16892 2 9966 16893
16893 1 16894
16894 3 624 16895 44920
16895 2 16896 23531
16896 2 16542 16897
16897 4 13560 16898 24898 28469
16898 3 708 14031 16899
16899 2 16900 17656
16900 3 356 16901 17012
16901 2 10467 16902
16902 2 14332 16903
16903 1 16904
16904 2 5602 16905
16905 2 16906 23097
16906 1 16907
16907 2 7819 16908
16908 2 16909 26321
16909 5 7682 13618 15389 16910 34629
16910 2 16911 38516
16911 2 16912 20905
16912 1 16913
16913 1 16914
16914 2 16915 18946
16915 1 16916
16916 2 16917 17759
16917 1 16918
16918 1 16919
16919 1 16920
16920 3 14803 16921 23361
16921 3 16922 17450 28472
16922 3 16923 26053 43733
16923 1 16924
16924 2 3067 16925
16925 3 2712 16926 49343
16926 2 16927 40142
16927 4 3517 7136 7891 16928
16928 2 16929 29733
16929 2 16930 25782
16930 2 16931 34439
16931 2 565 16932
16932 1 16933
16933 4 6152 16934 42212 48945
16934 1 16935
16935 2 16936 49980
16936 1 16937
16937 1 16938
16938 3 16939 25208 37174
16939 1 16940
16940 4 9027 16941 26954 43609
16941 2 16942 21469
16942 3 7867 16943 40278
16943 3 1991 16944 22224
16944 3 16945 24190 33454
16945 3 2327 16946 46627
16946 1 16947
16947 1 16948
16948 3 16949 30083 35610
16949 1 16950
16950 2 16951 42028
16951 1 16952
16952 3 16953 38576 38896
16953 2 16954 35519
16954 1 16955
16955 1 16956
16956 1 16957
16957 4 16793 16958 17942 20771
16958 4 5639 9534 16959 43459
16959 2 16960 31193
16960 4 13517 16961 21213 38295
16961 1 16962
16962 1 16963
16963 3 10825 16792 16964
16964 2 7853 16965
16965 3 16449 16966 30601
16966 2 16967 33633
16967 1 16968
16968 1 16969
16969 1 16970
16970 2 14323 16971
16971 1 16972
16972 2 16973 34351
16973 1 16974
16974 1 16975
16975 3 16976 42724 46629
16976 2 16977 43870
16977 2 9914 16978
16978 3 15278 16411 16979
16979 1 16980
16980 3 16981 28360 42672
16981 2 16982 35637
16982 4 16983 30813 46851 48608
16983 2 16984 37571
16984 2 7605 16985
16985 4 16986 19695 28001 33734
16986 1 16987
16987 2 8083 16988
16988 2 16989 31243
16989 2 10465 16990
16990 1 16991
16991 2 16992 19566
16992 2 16993 17065
16993 1 16994
16994 1 16995
16995 1 16996
16996 3 16997 23760 33142
16997 2 16998 25177
16998 2 1417 16999
16999 1 17000
17000 1 17001
17001 1 17002
17002 4 7614 17003 25177 29964
17003 1 17004
17004 2 17005 38003
17005 1 17006
17006 1 17007
17007 1 17008
17008 3 13483 17009 48632
17009 3 5070 17010 29978
17010 1 17011
17011 3 7765 17012 28453
17012 1 17013
17013 2 17014 42777
17014 1 17015
17015 1 17016
17016 2 17017 19913
17017 2 17018 40092
17018 2 12191 17019
17019 3 17020 19693 36298
17020 1 17021
17021 2 17022 38477
17022 1 17023
17023 3 17024 21414 34211
17024 2 13007 17025
17025 1 17026
17026 1 17027
17027 1 17028
17028 2 14806 17029
17029 3 4312 17030 26262
17030 2 17031 43012
17031 4 9180 17032 31208 47480
17032 1 17033
17033 2 1561 17034
17034 1 17035
17035 2 17036 33155
17036 1 17037
17037 2 8015 17038
17038 1 17039
17039 1 17040
17040 2 17041 44889
17041 2 17042 29264
17042 2 17043 25226
17043 3 17044 25612 44452
17044 1 17045
17045 1 17046
17046 1 17047
17047 1 17048
17048 2 12354 17049
17049 1 17050
17050 4 13281 17051 41439 44985
17051 2 7689 17052
17052 2 17053 32662
17053 3 17054 22907 40517
17054 4 15437 17055 28524 39235
17055 2 17056 29400
17056 1 17057
17057 1 17058
17058 3 10142 17059 29089
17059 3 17060 19834 33046
17060 2 17061 36745
17061 2 17062 26173
17062 2 14558 17063
17063 3 17064 20122 21920
17064 1 17065
17065 1 17066
17066 3 9553 17067 32788
17067 5 17068 18066 24601 28840 32789
17068 2 17069 25262
17069 1 17070
17070 1 17071
17071 3 368 17072 45889
17072 2 17073 34009
17073 3 7757 17074 46291
17074 1 17075
17075 2 17076 17384
17076 1 17077
17077 4 1760 1846 17078 29175
17078 1 17079
17079 1 17080
17080 4 3594 17081 42746 49052
17081 1 17082
17082 2 17083 23139
17083 2 6201 17084
17084 1 17085
17085 2 17086 27985
17086 3 17087 18100 22698
17087 2 910 17088
17088 1 17089
17089 2 17090 33292
17090 2 17091 34704
17091 2 17092 19265
17092 1 17093
17093 3 564 17094 19582
17094 1 17095
17095 1 17096
17096 1 17097
17097 2 16673 17098
17098 1 17099
17099 3 17100 29536 40371
17100 1 17101
17101 4 14814 17102 32605 39647
17102 1 17103
17103 2 17104 49464
17104 2 13621 17105
17105 3 6132 13105 17106
17106 4 4170 17107 31930 45474
17107 3 17108 27478 33329
17108 2 17109 31991
17109 1 17110
17110 1 17111
17111 2 60 17112
17112 3 17113 22865 28532
17113 1 17114
17114 3 4162 17115 48357
17115 3 9270 17116 19404
17116 3 7629 17117 18659
17117 2 17118 44070
17118 1 17119
17119 2 15943 17120
17120 3 1354 17121 27026
17121 2 17122 31870
17122 1 17123
17123 2 17124 44782
17124 4 6597 13503 17125 32408
17125 2 17126 21607
17126 3 952 12042 17127
17127 1 17128
17128 3 17129 19567 29096
17129 3 17130 25740 31767
17130 2 1857 17131
17131 2 3636 17132
17132 3 16833 17133 41764
17133 2 4197 17134
17134 2 17135 25785
17135 3 17136 31166 48572
17136 3 6623 17137 28808
17137 2 17138 35695
17138 1 17139
17139 1 17140
17140 1 17141
17141 2 15626 17142
17142 2 17143 35227
17143 3 15067 17144 18511
17144 2 17145 28936
17145 4 4820 17146 33771 49029
17146 1 17147
17147 1 17148
17148 2 17149 37328
17149 1 17150
17150 1 17151
17151 2 17152 44280
17152 1 17153
17153 3 17154 42086 49577
17154 3 17155 21061 38924
17155 2 15783 17156
17156 2 17157 30284
17157 2 9753 17158
17158 3 17159 21686 40746
17159 2 17160 29742
17160 3 12121 17161 40452
17161 3 5797 17162 43859
17162 3 4395 17163 35376
17163 1 17164
17164 2 17165 32901
17165 2 17166 40080
17166 1 17167
17167 4 17168 21725 23401 24791
17168 4 17169 21456 35226 49990
17169 4 5659 17170 17850 47972
17170 3 17171 41587 44601
17171 2 17172 17622
17172 1 17173
17173 1 17174
17174 1 17175
17175 3 3623 17176 28042
17176 1 17177
17177 1 17178
17178 1 17179
17179 2 17180 45516
17180 3 17181 36955 45138
17181 4 3076 17182 43533 48155
17182 1 17183
17183 2 17184 40852
17184 1 17185
17185 2 17186 41087
17186 2 17187 34128
17187 1 17188
17188 1 17189
17189 3 2641 17190 39812
17190 1 17191
17191 1 17192
17192 2 13158 17193
17193 2 17194 21647
17194 2 6065 17195
17195 3 17196 38684 39783
17196 3 17197 29149 31104
17197 1 17198
17198 4 3154 17199 40652 49384
17199 2 17200 45927
17200 2 17201 42793
17201 1 17202
17202 3 1880 14958 17203
17203 2 17204 45411
17204 2 17205 40753
17205 1 17206
17206 4 5345 17207 33028 45979
17207 3 2280 13230 17208
17208 2 14286 17209
17209 2 16535 17210
17210 3 9777 17211 45519
17211 1 17212
17212 3 7348 17213 44035
17213 3 17214 19172 20447
17214 1 17215
17215 1 17216
17216 1 17217
17217 2 17218 46011
17218 1 17219
17219 2 17220 42651
17220 3 8817 17221 22774
17221 1 17222
17222 2 17223 19756
17223 3 4160 14355 17224
17224 1 17225
17225 4 2699 17226 27033 35919
17226 1 17227
17227 1 17228
17228 3 5068 11795 17229
17229 2 17230 20502
17230 2 17231 21673
17231 3 7755 17232 22194
17232 1 17233
17233 3 17234 21055 23482
17234 2 17235 32065
17235 1 17236
17236 1 17237
17237 4 9516 17238 23281 23799
17238 2 1716 17239
17239 1 17240
17240 1 17241
17241 1 17242
17242 3 13779 17243 18972
17243 1 17244
17244 2 12507 17245
17245 2 17246 28999
17246 4 11694 17247 21639 37294
17247 3 17248 48563 48652
17248 1 17249
17249 3 17250 26398 46341
17250 2 17251 29135
17251 1 17252
17252 2 17253 35512
17253 1 17254
17254 3 17255 18425 29879
17255 2 17256 24495
17256 1 17257
17257 1 17258
17258 4 15226 17259 26585 29754
17259 2 17260 28498
17260 3 17261 37495 47085
17261 2 3685 17262
17262 3 340 12294 17263
17263 3 9164 17264 48820
17264 1 17265
17265 2 268 17266
17266 2 17267 40674
17267 2 17268 41895
17268 1 17269
17269 1 17270
17270 1 17271
17271 2 17272 33854
17272 1 17273
17273 2 17274 26683
17274 1 17275
17275 2 17276 37463
17276 2 17277 29804
17277 2 17278 26444
17278 1 17279
17279 3 17280 36276 46270
17280 3 17281 39660 43589
17281 1 17282
17282 2 17283 43452
17283 1 17284
17284 1 17285
17285 1 17286
17286 1 17287
17287 2 17288 47319
17288 2 17289 33559
17289 1 17290
17290 3 17291 38993 39447
17291 1 17292
17292 1 17293
17293 1 17294
17294 2 2185 17295
17295 1 17296
17296 1 17297
17297 3 17298 19126 19860
17298 1 17299
17299 2 3928 17300
17300 1 17301
17301 3 17302 19350 21120
17302 2 17303 23532
17303 2 17304 43179
17304 2 17305 43534
17305 1 17306
17306 3 6163 14866 17307
17307 2 15354 17308
17308 2 17309 17695
17309 2 17310 47987
17310 1 17311
17311 2 8155 17312
17312 3 17313 36822 43307
17313 2 15824 17314
17314 3 580 6321 17315
17315 1 17316
17316 1 17317
17317 3 3250 17318 20423
17318 1 17319
17319 1 17320
17320 2 9350 17321
17321 1 17322
17322 2 17323 49963
17323 3 9535 17324 32607
17324 1 17325
17325 3 17326 18446 39388
17326 1 17327
17327 1 17328
17328 4 1706 16253 17329 18406
17329 4 81 17330 36703 38855
17330 1 17331
17331 2 17332 47689
17332 1 17333
17333 4 7279 17334 25376 47508
17334 2 17335 30670
17335 2 8633 17336
17336 2 9448 17337
17337 1 17338
17338 5 5699 15305 17339 43572 47908
17339 2 17196 17340
17340 1 17341
17341 4 6716 17342 32797 36566
17342 1 17343
17343 2 5083 17344
17344 1 17345
17345 1 17346
17346 2 17347 41053
17347 1 17348
17348 2 17349 41223
17349 2 17350 44028
17350 2 17351 24464
17351 1 17352
17352 1 17353
17353 2 2313 17354
17354 1 17355
17355 2 562 17356
17356 1 17357
17357 1 17358
17358 2 17359 26423
17359 2 17360 32383
17360 4 10731 17361 36360 47324
17361 1 17362
17362 2 17363 24637
17363 1 17364
17364 1 17365
17365 2 17366 33721
17366 2 17367 49788
17367 2 1150 17368
17368 2 17369 17666
17369 1 17370
17370 2 17371 46426
17371 3 13123 17372 44671
17372 1 17373
17373 1 17374
17374 1 17375
17375 2 17376 20192
17376 1 17377
17377 2 17378 45172
17378 2 17379 23351
17379 3 4393 17380 48507
17380 2 17381 32221
17381 2 17382 32312
17382 3 7694 17383 19504
17383 2 17384 48943
17384 3 17385 36579 42474
17385 2 17386 36353
17386 1 17387
17387 3 17388 26769 43059
17388 3 17389 21609 34375
17389 4 15343 17390 17508 34396
17390 3 2200 17391 21411
17391 2 10566 17392
17392 1 17393
17393 2 17394 48276
17394 2 17395 41391
17395 1 17396
17396 3 8137 17397 31654
17397 2 17398 39959
17398 2 6044 17399
17399 3 4093 17400 32623
17400 3 8970 17401 38083
17401 2 17402 34512
17402 2 17403 28209
17403 2 17404 24378
17404 2 17405 44678
17405 2 17406 22487
17406 1 17407
17407 1 17408
17408 4 12581 17409 35903 40879
17409 2 10541 17410
17410 2 8207 17411
17411 2 17412 43060
17412 1 17413
17413 1 17414
17414 2 17415 32173
17415 3 17416 31398 38626
17416 1 17417
17417 3 17418 27996 30764
17418 1 17419
17419 2 17420 44533
17420 3 17421 17815 23976
17421 1 17422
17422 4 10656 17423 22859 45191
17423 2 5951 17424
17424 2 17425 17548
17425 1 17426
17426 1 17427
17427 2 17428 33093
17428 4 17429 23373 41835 47116
17429 2 17430 24887
17430 1 17431
17431 2 17432 35726
17432 3 12313 17433 29641
17433 1 17434
17434 1 17435
17435 2 17436 47237
17436 5 2310 3451 17081 17437 32627
17437 3 829 17438 40168
17438 2 17439 25972
17439 4 5312 15220 17440 28393
17440 2 17441 39137
17441 1 17442
17442 2 14437 17443
17443 3 17444 28863 35220
17444 1 17445
17445 1 17446
17446 3 723 17447 19101
17447 1 17448
17448 1 17449
17449 2 5713 17450
17450 2 17451 29999
17451 3 9845 13373 17452
17452 2 17453 46983
17453 2 17454 23922
17454 3 2990 17455 30324
17455 3 4201 7396 17456
17456 1 17457
17457 3 17458 23248 42495
17458 1 17459
17459 1 17460
17460 2 12429 17461
17461 4 17462 28262 29821 49190
17462 1 17463
17463 3 14364 17464 33717
17464 2 17465 23628
17465 2 7942 17466
17466 1 17467
17467 1 17468
17468 4 17286 17469 18760 32351
17469 1 17470
17470 3 8888 17471 22092
17471 2 17472 46576
17472 3 17473 21582 28053
17473 2 17474 30726
17474 1 17475
17475 3 14629 15023 17476
17476 2 17477 18625
17477 2 17478 33643
17478 2 17479 28841
17479 3 15449 16955 17480
17480 2 9033 17481
17481 3 17482 18624 38366
17482 1 17483
17483 4 3252 12946 17484 35096
17484 1 17485
17485 1 17486
17486 1 17487
17487 2 10703 17488
17488 2 9866 17489
17489 2 17490 38705
17490 3 17491 19956 45421
17491 1 17492
17492 3 7518 17493 22886
17493 2 17494 40775
17494 1 17495
17495 2 17496 37740
17496 3 15989 17497 46088
17497 2 17498 44483
17498 2 17499 35647
17499 1 17500
17500 2 17501 20190
17501 1 17502
17502 4 7264 11256 17503 44055
17503 1 17504
17504 2 17505 45719
17505 2 9719 17506
17506 1 17507
17507 1 17508
17508 1 17509
17509 3 17510 19712 48026
17510 1 17511
17511 3 17512 34373 35826
17512 1 17513
17513 1 17514
17514 2 13294 17515
17515 2 17516 41603
17516 2 17517 19325
17517 1 17518
17518 1 17519
17519 4 1382 17170 17520 18666
17520 4 9713 17521 23257 43043
17521 4 572 10487 17522 22960
17522 4 1675 7372 7462 17523
17523 2 17524 41195
17524 3 3424 17525 44524
17525 1 17526
17526 2 656 17527
17527 2 6673 17528
17528 1 17529
17529 2 17530 44117
17530 1 17531
17531 2 17532 44704
17532 2 17533 22099
17533 2 17534 35937
17534 1 17535
17535 4 9815 17536 38099 47120
17536 3 17537 46462 48750
17537 1 17538
17538 3 17539 23061 46094
17539 2 3486 17540
17540 3 17541 18298 31719
17541 2 17542 46206
17542 1 17543
17543 1 17544
17544 2 17545 45388
17545 3 17546 34318 41158
17546 2 17547 49748
17547 3 15878 17548 25717
17548 3 10343 13115 17549
17549 2 10354 17550
17550 2 16913 17551
17551 2 17552 49480
17552 2 16652 17553
17553 2 17554 26112
17554 5 12693 14335 17555 26204 45225
17555 1 17556
17556 3 14100 17557 27495
17557 3 17558 31235 37059
17558 1 17559
17559 3 17560 24160 48149
17560 1 17561
17561 2 17562 18278
17562 2 17563 34338
17563 2 17564 40540
17564 4 4625 17565 29860 39220
17565 2 2927 17566
17566 2 17567 18634
17567 1 17568
17568 2 221 17569
17569 2 1001 17570
17570 1 17571
17571 1 17572
17572 2 17573 37491
17573 2 17574 28553
17574 2 1234 17575
17575 2 11098 17576
17576 1 17577
17577 3 17578 32454 40271
17578 2 13434 17579
17579 3 17580 43590 43821
17580 2 330 17581
17581 3 17300 17582 24392
17582 4 14694 17583 26044 39990
17583 2 7814 17584
17584 1 17585
17585 1 17586
17586 2 17587 38285
17587 1 17588
17588 2 17589 45140
17589 1 17590
17590 1 17591
17591 2 17592 30743
17592 1 17593
17593 3 1227 12000 17594
17594 1 17595
17595 2 17596 48099
17596 1 17597
17597 1 17598
17598 2 17599 37393
17599 2 17600 27249
17600 2 10890 17601
17601 2 17602 42743
17602 1 17603
17603 1 17604
17604 1 17605
17605 2 17606 18162
17606 2 1715 17607
17607 4 17608 20646 30367 47573
17608 1 17609
17609 2 17610 36121
17610 1 17611
17611 1 17612
17612 1 17613
17613 1 17614
17614 3 17615 34288 43811
17615 1 17616
17616 3 17617 29836 30970
17617 2 8124 17618
17618 2 14924 17619
17619 1 17620
17620 3 8676 17118 17621
17621 1 17622
17622 2 9636 17623
17623 4 6961 17624 35684 47725
17624 2 17625 34116
17625 2 17626 47880
17626 2 17627 38160
17627 1 17628
17628 2 17629 46874
17629 1 17630
17630 2 17631 22800
17631 4 17632 26771 41246 44373
17632 2 17633 37729
17633 1 17634
17634 2 1634 17635
17635 3 17636 40574 42966
17636 1 17637
17637 2 17638 21785
17638 4 1721 15370 17639 45926
17639 3 4813 15063 17640
17640 1 17641
17641 1 17642
17642 1 17643
17643 2 17644 42731
17644 1 17645
17645 2 17646 44034
17646 5 9769 10150 17647 22855 39054
17647 1 17648
17648 1 17649
17649 1 17650
17650 1 17651
17651 4 782 7176 17652 39130
17652 1 17653
17653 2 17654 24465
17654 2 17655 37239
17655 2 17656 25830
17656 2 17657 40632
17657 3 17658 23589 34407
17658 1 17659
17659 2 11120 17660
17660 3 17661 27778 39708
17661 2 17662 31916
17662 2 17663 32322
17663 2 17664 22994
17664 3 17665 22293 45308
17665 3 17666 19377 34473
17666 2 3438 17667
17667 2 17668 29236
17668 3 15327 17669 45415
17669 3 11997 17670 26274
17670 3 17671 19856 35019
17671 1 17672
17672 2 13901 17673
17673 3 600 17674 18870
17674 1 17675
17675 2 17676 20384
17676 2 17677 26193
17677 1 17678
17678 1 17679
17679 3 16901 17680 48525
17680 1 17681
17681 1 17682
17682 1 17683
17683 2 5728 17684
17684 2 17685 46604
17685 5 1813 17686 32360 38567 40685
17686 1 17687
17687 1 17688
17688 5 7005 17689 21715 45595 46062
17689 3 16521 17690 28903
17690 1 17691
17691 3 6037 17692 30774
17692 3 3236 17693 32355
17693 4 8954 17694 44383 44787
17694 2 17695 29864
17695 1 17696
17696 1 17697
17697 2 17698 28142
17698 4 2987 5130 17699 24348
17699 1 17700
17700 1 17701
17701 5 1295 3011 17702 22330 44153
17702 2 17703 36393
17703 2 2791 17704
17704 1 17705
17705 5 16345 17706 28208 32696 35202
17706 3 5019 9119 17707
17707 2 10243 17708
17708 4 12971 17709 30287 41823
17709 4 1565 17710 21039 22545
17710 2 11188 17711
17711 4 6809 17712 25770 34056
17712 1 17713
17713 1 17714
17714 1 17715
17715 3 251 17716 19996
17716 3 17717 26419 35724
17717 2 4652 17718
17718 2 17719 25651
17719 1 17720
17720 1 17721
17721 2 11808 17722
17722 2 17723 29493
17723 5 4 9661 11055 17724 18448
17724 4 17725 31380 35708 42443
17725 2 16429 17726
17726 3 17727 19457 38068
17727 4 17728 18688 29073 48373
17728 3 17729 19826 34987
17729 1 17730
17730 1 17731
17731 1 17732
17732 4 5962 7198 17733 20105
17733 1 17734
17734 2 7280 17735
17735 2 17736 29512
17736 2 17737 41251
17737 3 17738 20841 49211
17738 1 17739
17739 2 17740 21301
17740 1 17741
17741 2 17742 45940
17742 2 17743 48851
17743 1 17744
17744 2 17745 33972
17745 2 17746 49740
17746 2 13243 17747
17747 1 17748
17748 2 13497 17749
17749 2 11585 17750
17750 3 17751 25020 30822
17751 3 11002 17752 34617
17752 2 17753 24560
17753 3 2919 17754 19391
17754 2 17755 46457
17755 3 8258 17756 39470
17756 1 17757
17757 2 17758 38834
17758 2 17759 22557
17759 1 17760
17760 3 3917 7725 17761
17761 3 9573 17762 35277
17762 2 17763 39429
17763 3 17764 22784 25378
17764 2 15360 17765
17765 1 17766
17766 2 13176 17767
17767 3 7022 14937 17768
17768 1 17769
17769 2 17770 32775
17770 4 17771 24951 37543 38104
17771 1 17772
17772 2 1533 17773
17773 3 9928 17774 28785
17774 2 17775 43830
17775 4 16716 17776 19761 45951
17776 1 17777
17777 2 17778 47913
17778 3 11126 17779 33464
17779 1 17780
17780 2 17781 39353
17781 2 12931 17782
17782 1 17783
17783 1 17784
17784 1 17785
17785 2 17786 30535
17786 1 17787
17787 1 17788
17788 2 10516 17789
17789 4 10660 16653 17790 37679
17790 1 17791
17791 5 17792 25910 32133 33970 42765
17792 1 17793
17793 1 17794
17794 3 17795 31959 39885
17795 2 17796 44939
17796 3 17797 31001 48862
17797 2 2265 17798
17798 2 17799 48408
17799 4 17800 18013 39944 48948
17800 3 14506 17801 34031
17801 1 17802
17802 1 17803
17803 2 2340 17804
17804 3 4248 17805 18936
17805 3 5574 17806 23328
17806 1 17807
17807 2 13064 17808
17808 3 17809 20680 24615
17809 2 4212 17810
17810 1 17811
17811 2 8944 17812
17812 1 17813
17813 1 17814
17814 2 4020 17815
17815 1 17816
17816 1 17817
17817 3 2611 17818 30637
17818 1 17819
17819 1 17820
17820 2 17821 31517
17821 3 3706 17822 26184
17822 2 13394 17823
17823 3 17824 25106 43936
17824 1 17825
17825 3 17826 26800 30020
17826 1 17827
17827 1 17828
17828 4 6506 17829 22362 33147
17829 6 40 17830 20037 30453 37898 43906
17830 1 17831
17831 1 17832
17832 1 17833
17833 3 2681 17834 34146
17834 2 17835 40746
17835 1 17836
17836 2 17837 45219
17837 1 17838
17838 3 17839 20981 30245
17839 1 17840
17840 1 17841
17841 2 17842 21238
17842 1 17843
17843 1 17844
17844 3 9217 17845 23619
17845 2 17846 27214
17846 2 14933 17847
17847 2 17848 39189
17848 2 17849 42756
17849 4 17850 32352 32449 36641
17850 2 17851 46716
17851 1 17852
17852 1 17853
17853 2 17854 33989
17854 1 17855
17855 1 17856
17856 1 17857
17857 2 17858 39378
17858 2 15473 17859
17859 2 17860 40149
17860 1 17861
17861 2 17862 42432
17862 2 4846 17863
17863 1 17864
17864 3 15130 17865 47986
17865 1 17866
17866 5 433 6153 17867 23934 48420
17867 2 17868 31925
17868 1 17869
17869 1 17870
17870 2 17871 25794
17871 1 17872
17872 4 17873 30590 32519 34055
17873 2 17874 28713
17874 1 17875
17875 4 17876 21445 40540 43032
17876 1 17877
17877 1 17878
17878 4 13233 13805 17879 17920
17879 4 17880 23331 32510 32688
17880 3 4231 5647 17881
17881 2 5710 17882
17882 2 17883 28438
17883 1 17884
17884 1 17885
17885 3 17504 17886 40708
17886 1 17887
17887 1 17888
17888 1 17889
17889 1 17890
17890 2 17891 49769
17891 5 2532 4937 9803 17892 35540
17892 1 17893
17893 3 1068 17894 33686
17894 1 17895
17895 3 5308 15129 17896
17896 2 17897 28542
17897 1 17898
17898 1 17899
17899 1 17900
17900 3 17901 19329 26370
17901 2 17902 18904
17902 1 17903
17903 1 17904
17904 1 17905
17905 2 17906 24153
17906 2 17907 24753
17907 1 17908
17908 2 17909 41333
17909 2 17910 44161
17910 1 17911
17911 2 17912 24625
17912 1 17913
17913 1 17914
17914 2 13597 17915
17915 1 17916
17916 2 17917 44546
17917 2 17915 17918
17918 1 17919
17919 4 6491 10899 17920 37218
17920 2 13629 17921
17921 2 17922 34037
17922 2 17923 37342
17923 2 17924 34695
17924 1 17925
17925 2 15021 17926
17926 1 17927
17927 4 17928 27495 27563 35160
17928 2 17929 19621
17929 2 17908 17930
17930 1 17931
17931 1 17932
17932 2 10776 17933
17933 4 17934 18268 25569 32527
17934 3 17935 19481 40354
17935 2 17936 47932
17936 3 17937 28335 31167
17937 2 17938 24605
17938 1 17939
17939 1 17940
17940 2 17941 44524
17941 1 17942
17942 1 17943
17943 1 17944
17944 2 17945 34748
17945 2 17946 32256
17946 1 17947
17947 2 17948 49472
17948 3 17949 26019 46791
17949 1 17950
17950 1 17951
17951 2 17952 41805
17952 2 3305 17953
17953 1 17954
17954 1 17955
17955 3 3864 17956 21168
17956 2 17957 49788
17957 3 8903 17958 35990
17958 1 17959
17959 1 17960
17960 3 17961 40641 44403
17961 2 17962 23740
17962 2 17963 41034
17963 3 2329 7549 17964
17964 3 5664 7174 17965
17965 3 8184 14547 17966
17966 2 17967 31756
17967 2 17968 49132
17968 1 17969
17969 2 17970 44898
17970 5 17971 21506 35354 39510 42681
17971 2 17972 22168
17972 1 17973
17973 1 17974
17974 1 17975
17975 3 17976 18757 28327
17976 1 17977
17977 3 17978 30657 35762
17978 4 9210 17979 26151 29773
17979 2 17980 27051
17980 1 17981
17981 1 17982
17982 2 17983 26963
17983 4 17984 21584 23343 46643
17984 1 17985
17985 3 6576 17986 31509
17986 4 17412 17987 32043 43916
17987 2 16083 17988
17988 2 17989 41769
17989 4 952 5979 12037 17990
17990 4 10679 17991 34299 34611
17991 4 572 17992 33948 48910
17992 1 17993
17993 1 17994
17994 2 17995 32005
17995 2 17996 33224
17996 1 17997
17997 4 16348 17998 20925 31902
17998 1 17999
17999 1 18000
18000 2 18001 41833
18001 2 18002 38368
18002 1 18003
18003 2 11463 18004
18004 2 9946 18005
18005 1 18006
18006 4 11786 18007 22765 40516
18007 2 18008 40300
18008 2 18009 28297
18009 2 2113 18010
18010 1 18011
18011 3 5600 18012 45238
18012 2 18013 49610
18013 5 2298 18014 34407 41505 42243
18014 1 18015
18015 1 18016
18016 1 18017
18017 1 18018
18018 2 13464 18019
18019 2 18020 44812
18020 1 18021
18021 3 18022 22162 41471
18022 2 5976 18023
18023 2 18024 41350
18024 3 18025 33085 34689
18025 1 18026
18026 1 18027
18027 1 18028
18028 4 9319 18029 29623 38714
18029 1 18030
18030 3 12041 18031 33354
18031 3 13547 18032 33735
18032 3 18033 18749 42214
18033 4 18034 21169 25734 39761
18034 1 18035
18035 1 18036
18036 2 17873 18037
18037 2 15612 18038
18038 2 18039 40713
18039 1 18040
18040 1 18041
18041 1 18042
18042 4 18043 21517 24376 30720
18043 2 18044 38896
18044 3 18045 26502 43864
18045 1 18046
18046 2 15924 18047
18047 2 18048 46800
18048 3 14215 15012 18049
18049 2 9690 18050
18050 2 18051 28620
18051 2 18052 42442
18052 5 672 8712 11055 18053 43532
18053 1 18054
18054 5 18055 19418 38839 44559 45093
18055 3 12273 18056 47365
18056 2 11148 18057
18057 2 18058 18146
18058 1 18059
18059 2 18060 47828
18060 4 18061 31275 41865 43276
18061 1 18062
18062 2 18063 31478
18063 2 17311 18064
18064 2 18065 31874
18065 2 18066 36355
18066 1 18067
18067 1 18068
18068 2 18069 21203
18069 2 18070 21497
18070 2 18071 27158
18071 1 18072
18072 2 18073 37493
18073 1 18074
18074 1 18075
18075 1 18076
18076 1 18077
18077 1 18078
18078 2 18079 27573
18079 2 18080 32901
18080 3 6577 18081 23999
18081 1 18082
18082 3 17523 18083 40889
18083 1 18084
18084 2 18085 47709
18085 3 6903 18086 36336
18086 1 18087
18087 2 640 18088
18088 2 18089 27469
18089 2 18090 37254
18090 1 18091
18091 2 18092 32453
18092 3 968 8651 18093
18093 2 6830 18094
18094 3 18095 29059 34027
18095 4 2022 5317 18096 45039
18096 3 18097 33840 47168
18097 1 18098
18098 1 18099
18099 1 18100
18100 2 15303 18101
18101 1 18102
18102 3 16807 18103 46011
18103 4 6210 10867 18104 30397
18104 2 96 18105
18105 2 18106 34123
18106 3 18107 25741 31576
18107 2 18108 46461
18108 1 18109
18109 1 18110
18110 3 18111 26239 28355
18111 3 11146 13523 18112
18112 2 18113 36225
18113 1 18114
18114 1 18115
18115 3 9007 18116 41934
18116 1 18117
18117 2 2720 18118
18118 3 17062 18119 33662
18119 3 15548 18120 36835
18120 3 18121 20011 23695
18121 1 18122
18122 2 18123 46103
18123 4 1952 18124 18849 35000
18124 2 5948 18125
18125 2 18126 46241
18126 3 18127 30778 44915
18127 1 18128
18128 1 18129
18129 2 18130 43307
18130 2 14132 18131
18131 3 18132 19738 49917
18132 1 18133
18133 3 827 18134 19089
18134 2 18135 43882
18135 2 18136 19965
18136 2 18137 39936
18137 4 6813 11511 18138 22044
18138 2 3507 18139
18139 3 11777 16211 18140
18140 2 607 18141
18141 2 18142 45064
18142 2 12141 18143
18143 2 11446 18144
18144 2 13591 18145
18145 3 18146 31934 39530
18146 1 18147
18147 1 18148
18148 5 9345 18149 35532 46811 46881
18149 2 3064 18150
18150 2 749 18151
18151 2 18152 29510
18152 3 11649 18153 19604
18153 2 18154 24640
18154 3 18155 27736 35539
18155 1 18156
18156 3 18157 44728 44759
18157 1 18158
18158 3 18159 36736 44392
18159 1 18160
18160 3 1611 18161 43147
18161 1 18162
18162 1 18163
18163 3 16409 18164 37964
18164 1 18165
18165 1 18166
18166 1 18167
18167 2 2020 18168
18168 2 18169 49323
18169 3 18170 19861 44088
18170 2 7224 18171
18171 2 14472 18172
18172 4 4287 18173 22229 35321
18173 2 987 18174
18174 4 14135 18175 36325 38172
18175 2 16414 18176
18176 2 18177 29285
18177 1 18178
18178 2 18179 39853
18179 3 10173 10909 18180
18180 2 1639 18181
18181 1 18182
18182 1 18183
18183 4 17039 18184 25206 40820
18184 1 18185
18185 1 18186
18186 1 18187
18187 5 12194 18188 18329 31166 36066
18188 2 3923 18189
18189 2 18190 37260
18190 3 8269 18191 21931
18191 2 14313 18192
18192 4 245 8922 18193 47579
18193 2 18194 44475
18194 1 18195
18195 2 9511 18196
18196 2 18197 18277
18197 1 18198
18198 3 15612 16166 18199
18199 4 14192 18200 34218 45462
18200 1 18201
18201 1 18202
18202 1 18203
18203 2 18204 27856
18204 1 18205
18205 1 18206
18206 2 3125 18207
18207 2 10581 18208
18208 2 13384 18209
18209 3 693 18210 20437
18210 1 18211
18211 2 6651 18212
18212 1 18213
18213 1 18214
18214 2 18215 25786
18215 1 18216
18216 1 18217
18217 2 4181 18218
18218 1 18219
18219 3 18220 30497 33075
18220 2 18221 41759
18221 3 3640 18222 49582
18222 1 18223
18223 3 3317 18224 44867
18224 2 12012 18225
18225 3 18226 25098 35102
18226 2 1515 18227
18227 2 18228 48322
18228 3 4084 4232 18229
18229 1 18230
18230 1 18231
18231 4 4046 18232 25309 38250
18232 3 6438 18233 49156
18233 4 18234 30237 33998 35410
18234 1 18235
18235 1 18236
18236 2 8272 18237
18237 2 18238 33527
18238 1 18239
18239 1 18240
18240 1 18241
18241 2 18242 19974
18242 1 18243
18243 3 18244 19172 39002
18244 3 2357 18245 28502
18245 3 5076 18246 25038
18246 2 18247 34432
18247 1 18248
18248 2 12920 18249
18249 1 18250
18250 1 18251
18251 1 18252
18252 2 18253 29626
18253 3 7001 18254 45258
18254 1 18255
18255 1 18256
18256 2 18257 40662
18257 1 18258
18258 2 5390 18259
18259 2 12375 18260
18260 2 7793 18261
18261 1 18262
18262 2 15342 18263
18263 3 18264 30317 42034
18264 2 8586 18265
18265 1 18266
18266 1 18267
18267 2 17500 18268
18268 3 18269 33298 45492
18269 2 6063 18270
18270 1 18271
18271 1 18272
18272 3 2880 18273 19910
18273 2 18274 21304
18274 1 18275
18275 4 2737 3260 8257 18276
18276 4 3779 18277 19199 46088
18277 3 2041 12222 18278
18278 1 18279
18279 2 10517 18280
18280 2 18281 46401
18281 2 18282 43277
18282 5 14276 18283 20981 22404 25344
18283 1 18284
18284 2 18285 40125
18285 4 16397 17666 18286 18797
18286 1 18287
18287 1 18288
18288 2 18289 45976
18289 3 9122 18290 49037
18290 1 18291
18291 3 10296 18292 48031
18292 1 18293
18293 4 18294 26925 39803 41852
18294 3 2255 18295 24764
18295 1 18296
18296 5 9964 18297 18411 27857 47101
18297 1 18298
18298 4 6246 18299 29192 34234
18299 2 14374 18300
18300 1 18301
18301 3 6918 18302 31851
18302 1 18303
18303 1 18304
18304 1 18305
18305 2 18306 32432
18306 2 18307 46418
18307 3 11947 18308 27361
18308 1 18309
18309 1 18310
18310 1 18311
18311 3 18312 18832 30647
18312 2 9785 18313
18313 1 18314
18314 4 5127 5297 10976 18315
18315 2 7006 18316
18316 1 18317
18317 2 2093 18318
18318 3 18319 26715 29641
18319 2 18320 39281
18320 2 15032 18321
18321 3 18322 21205 35196
18322 1 18323
18323 3 13648 18324 44026
18324 2 18325 35293
18325 3 4711 18326 23661
18326 3 2823 10170 18327
18327 3 18328 25445 34047
18328 3 8577 18329 24152
18329 2 10940 18330
18330 5 6574 17926 18331 29697 35571
18331 4 18332 19130 21318 28268
18332 1 18333
18333 2 18334 41808
18334 2 6308 18335
18335 4 18336 21645 30409 34440
18336 3 18337 45552 49329
18337 1 18338
18338 2 18339 49267
18339 2 18340 35717
18340 2 12164 18341
18341 2 18342 26407
18342 3 18343 35377 48695
18343 1 18344
18344 2 9630 18345
18345 3 18346 29683 38386
18346 1 18347
18347 3 16555 18348 24803
18348 2 18349 41445
18349 2 13391 18350
18350 1 18351
18351 1 18352
18352 2 18353 35903
18353 2 18354 22966
18354 1 18355
18355 2 4346 18356
18356 2 7899 18357
18357 4 1784 18358 45492 48408
18358 3 15788 18359 19938
18359 2 9833 18360
18360 2 18361 38619
18361 1 18362
18362 1 18363
18363 2 18364 37926
18364 1 18365
18365 3 16599 18366 31918
18366 2 2366 18367
18367 1 18368
18368 2 4545 18369
18369 1 18370
18370 1 18371
18371 1 18372
18372 2 16499 18373
18373 1 18374
18374 2 15296 18375
18375 2 18376 23722
18376 2 8406 18377
18377 1 18378
18378 2 10276 18379
18379 4 16747 18380 23564 41277
18380 2 11247 18381
18381 4 13111 18382 34549 46390
18382 1 18383
18383 3 18384 27240 33867
18384 2 18385 47122
18385 1 18386
18386 1 18387
18387 5 50 18388 19699 20451 45854
18388 3 14436 18389 33796
18389 1 18390
18390 2 18391 27430
18391 1 18392
18392 2 18393 45314
18393 1 18394
18394 2 18395 32079
18395 1 18396
18396 5 2097 6321 15834 18397 45207
18397 1 18398
18398 3 18399 29908 41642
18399 2 18400 39658
18400 1 18401
18401 1 18402
18402 2 18403 40726
18403 3 13227 18404 35746
18404 2 9938 18405
18405 1 18406
18406 2 18407 37155
18407 2 18408 41256
18408 4 13215 18409 21759 41659
18409 4 9392 18410 21165 23809
18410 3 18411 19061 41709
18411 2 18412 31658
18412 2 18413 21560
18413 1 18414
18414 1 18415
18415 1 18416
18416 1 18417
18417 2 18418 21578
18418 1 18419
18419 1 18420
18420 1 18421
18421 2 18422 29025
18422 2 2966 18423
18423 1 18424
18424 2 18425 40437
18425 2 14000 18426
18426 3 6239 18427 40420
18427 1 18428
18428 4 9450 18429 18715 20431
18429 2 18430 37860
18430 3 4529 6609 18431
18431 1 18432
18432 2 18433 31423
18433 4 476 18434 19408 27426
18434 4 2525 17219 18435 21148
18435 1 18436
18436 1 18437
18437 2 18438 22459
18438 1 18439
18439 1 18440
18440 3 14307 17473 18441
18441 2 3078 18442
18442 1 18443
18443 3 18444 19260 46834
18444 1 18445
18445 2 2287 18446
18446 2 18447 20566
18447 4 2830 18448 38801 42079
18448 2 18449 25502
18449 2 11325 18450
18450 2 18451 19958
18451 1 18452
18452 2 18453 36979
18453 1 18454
18454 2 18455 28192
18455 1 18456
18456 2 759 18457
18457 3 18458 27306 35464
18458 4 809 17705 18459 18727
18459 4 18460 21629 34910 48693
18460 4 9997 18461 34604 44541
18461 1 18462
18462 1 18463
18463 2 18464 33900
18464 2 18465 34436
18465 3 18076 18466 26317
18466 2 18467 25742
18467 2 18468 29999
18468 4 11624 18469 23471 26716
18469 3 13105 18470 18627
18470 2 16641 18471
18471 1 18472
18472 1 18473
18473 3 16830 18474 46877
18474 2 15486 18475
18475 2 5984 18476
18476 3 18477 25675 44000
18477 3 14752 18478 48663
18478 1 18479
18479 3 16773 18480 24958
18480 1 18481
18481 1 18482
18482 2 14091 18483
18483 3 18484 19448 21163
18484 3 18485 20317 37924
18485 2 17990 18486
18486 3 18487 35137 39545
18487 2 18488 31875
18488 2 18489 27482
18489 1 18490
18490 2 18491 26221
18491 2 18492 43350
18492 2 15760 18493
18493 1 18494
18494 2 18495 20843
18495 2 11487 18496
18496 4 18497 19505 24508 36538
18497 4 11683 18498 18886 28076
18498 1 18499
18499 3 18500 43537 47851
18500 2 18501 38547
18501 2 12697 18502
18502 3 2685 18503 34311
18503 1 18504
18504 2 18505 18738
18505 3 18506 26521 44042
18506 3 3783 18507 30613
18507 1 18508
18508 1 18509
18509 2 18510 47844
18510 2 2235 18511
18511 1 18512
18512 3 2963 18513 18518
18513 2 18514 40694
18514 3 18515 34105 36306
18515 1 18516
18516 1 18517
18517 2 18518 42307
18518 2 14623 18519
18519 4 18520 34840 40737 47469
18520 4 5671 18521 30873 33180
18521 2 18522 23357
18522 1 18523
18523 1 18524
18524 3 287 18525 42370
18525 1 18526
18526 1 18527
18527 3 1648 2646 18528
18528 3 3135 11920 18529
18529 2 18530 28361
18530 2 16783 18531
18531 2 15152 18532
18532 1 18533
18533 1 18534
18534 1 18535
18535 3 3411 18536 39473
18536 2 3289 18537
18537 1 18538
18538 2 8813 18539
18539 4 3500 8052 18540 19788
18540 1 18541
18541 1 18542
18542 1 18543
18543 3 11688 18544 26719
18544 1 18545
18545 4 17803 18546 22547 25884
18546 4 18547 38272 40959 46690
18547 3 13164 15327 18548
18548 2 2099 18549
18549 3 5352 18550 26592
18550 2 15581 18551
18551 4 3620 12230 18552 36148
18552 2 10663 18553
18553 2 18554 46246
18554 3 18555 18613 35529
18555 1 18556
18556 1 18557
18557 3 17424 18558 39255
18558 3 12600 18559 34302
18559 2 11688 18560
18560 1 18561
18561 1 18562
18562 4 18563 19290 19541 44284
18563 2 18564 46632
18564 1 18565
18565 2 14350 18566
18566 1 18567
18567 3 14097 18568 26388
18568 2 18569 22352
18569 2 18570 48815
18570 2 8247 18571
18571 2 18572 24903
18572 1 18573
18573 2 18574 31555
18574 3 12836 12911 18575
18575 4 15083 15124 18576 20004
18576 1 18577
18577 2 18578 40873
18578 1 18579
18579 3 13490 18580 28261
18580 4 7438 18581 49410 49536
18581 2 18582 44352
18582 2 15469 18583
18583 4 14665 18584 20930 31829
18584 2 18585 48007
18585 1 18586
18586 3 18587 40864 49331
18587 3 17021 18588 40953
18588 2 18589 48064
18589 2 18590 32294
18590 2 11840 18591
18591 2 18592 47329
18592 3 18593 19007 28446
18593 1 18594
18594 3 6550 18595 19804
18595 1 18596
18596 2 18597 26940
18597 2 18598 33908
18598 2 18599 42645
18599 1 18600
18600 5 6569 12063 13720 18601 24807
18601 1 18602
18602 4 6892 18603 23605 46641
18603 1 18604
18604 2 17193 18605
18605 1 18606
18606 2 18607 44184
18607 2 14392 18608
18608 2 18609 42655
18609 1 18610
18610 2 918 18611
18611 2 18612 46610
18612 2 6897 18613
18613 3 18614 21701 42389
18614 2 16123 18615
18615 1 18616
18616 3 18617 32380 47901
18617 3 12888 18618 36164
18618 2 2495 18619
18619 2 11358 18620
18620 3 12159 18621 42683
18621 2 18622 22405
18622 2 18623 49780
18623 1 18624
18624 2 18625 48509
18625 2 18626 35727
18626 4 6054 18627 20177 45682
18627 2 18628 23566
18628 2 18629 38250
18629 1 18630
18630 1 18631
18631 1 18632
18632 2 18633 22754
18633 1 18634
18634 1 18635
18635 3 6949 18636 31898
18636 2 18637 31707
18637 2 18638 31736
18638 2 17452 18639
18639 1 18640
18640 1 18641
18641 2 11001 18642
18642 2 4043 18643
18643 1 18644
18644 1 18645
18645 2 18646 26277
18646 1 18647
18647 2 18648 32162
18648 2 18649 31640
18649 1 18650
18650 2 6738 18651
18651 1 18652
18652 2 18653 36375
18653 3 18654 32024 38937
18654 2 18655 18705
18655 2 18656 44038
18656 2 18657 38183
18657 2 18658 20071
18658 4 8158 18659 38325 43435
18659 1 18660
18660 2 18661 47117
18661 2 15445 18662
18662 2 17486 18663
18663 2 18664 19363
18664 1 18665
18665 1 18666
18666 1 18667
18667 1 18668
18668 2 759 18669
18669 1 18670
18670 3 18671 25342 28789
18671 2 18672 37903
18672 2 18673 30046
18673 1 18674
18674 1 18675
18675 1 18676
18676 2 18677 32441
18677 2 18678 19682
18678 1 18679
18679 3 12388 15234 18680
18680 4 16379 18575 18681 38951
18681 2 13330 18682
18682 1 18683
18683 2 1921 18684
18684 2 18685 32983
18685 6 9563 13797 13850 17128 18686 41866
18686 1 18687
18687 2 9543 18688
18688 1 18689
18689 2 12419 18690
18690 2 18691 40760
18691 1 18692
18692 2 18693 24256
18693 2 18694 24464
18694 2 18695 20685
18695 1 18696
18696 4 1354 16064 18697 40377
18697 3 18617 18698 25288
18698 2 18699 28212
18699 2 18700 41318
18700 1 18701
18701 3 18702 19861 36165
18702 2 6470 18703
18703 1 18704
18704 3 18705 25123 37389
18705 2 1416 18706
18706 1 18707
18707 1 18708
18708 1 18709
18709 1 18710
18710 1 18711
18711 3 18306 18712 27522
18712 4 7800 18713 21611 41848
18713 3 18714 33673 43945
18714 3 15805 18715 41158
18715 1 18716
18716 4 9804 18717 48571 49817
18717 1 18718
18718 2 18719 24133
18719 2 18720 34214
18720 3 1119 18721 29393
18721 1 18722
18722 3 18723 43270 43408
18723 2 18724 46867
18724 1 18725
18725 2 18726 31700
18726 1 18727
18727 2 18728 46817
18728 2 12520 18729
18729 3 5728 18730 29799
18730 2 18731 34283
18731 2 18732 46163
18732 2 18733 26110
18733 3 13049 18734 29607
18734 3 16196 18735 40136
18735 1 18736
18736 2 18737 26485
18737 2 18738 25811
18738 1 18739
18739 5 16308 18740 22264 35900 39382
18740 1 18741
18741 2 18742 31584
18742 4 18743 31545 34358 48997
18743 4 18744 30530 39767 44667
18744 2 15923 18745
18745 2 18746 35085
18746 3 2516 18747 26579
18747 4 18748 29769 40738 45431
18748 2 18749 19381
18749 2 18750 49147
18750 3 1696 18751 30238
18751 3 909 18752 49638
18752 2 18753 33300
18753 3 5837 18754 45901
18754 1 18755
18755 1 18756
18756 1 18757
18757 1 18758
18758 2 18759 34521
18759 3 6115 18760 32768
18760 2 4673 18761
18761 1 18762
18762 1 18763
18763 1 18764
18764 2 18765 35615
18765 2 18766 27629
18766 2 18767 20808
18767 2 5692 18768
18768 2 14971 18769
18769 2 18770 23130
18770 3 6008 18771 20355
18771 1 18772
18772 1 18773
18773 2 18774 22074
18774 2 18775 45647
18775 1 18776
18776 1 18777
18777 1 18778
18778 3 9661 18779 23626
18779 2 18780 20194
18780 4 18781 18897 25766 39409
18781 1 18782
18782 2 14517 18783
18783 1 18784
18784 4 18785 18795 29828 31064
18785 3 10198 18786 42225
18786 1 18787
18787 1 18788
18788 2 5959 18789
18789 2 5057 18790
18790 2 18791 43199
18791 1 18792
18792 1 18793
18793 1 18794
18794 2 18795 35225
18795 1 18796
18796 1 18797
18797 1 18798
18798 1 18799
18799 1 18800
18800 2 18801 40857
18801 2 11451 18802
18802 1 18803
18803 2 16275 18804
18804 3 7047 14076 18805
18805 1 18806
18806 1 18807
18807 1 18808
18808 2 18809 40362
18809 3 8560 18810 19049
18810 1 18811
18811 2 17753 18812
18812 1 18813
18813 3 18814 18835 22462
18814 4 1295 17605 18815 44835
18815 2 14432 18816
18816 2 10887 18817
18817 2 13588 18818
18818 2 18819 27142
18819 2 18104 18820
18820 3 15301 18821 23650
18821 4 8190 10328 18822 22531
18822 1 18823
18823 5 8804 9828 18824 31957 37292
18824 5 5992 18825 20284 24075 36443
18825 1 18826
18826 2 18827 22082
18827 2 5285 18828
18828 1 18829
18829 3 9434 18830 43920
18830 2 18831 45776
18831 3 18832 19982 34327
18832 1 18833
18833 1 18834
18834 2 18835 42134
18835 2 1497 18836
18836 1 18837
18837 2 17358 18838
18838 1 18839
18839 1 18840
18840 2 18841 45399
18841 1 18842
18842 2 18843 37872
18843 3 10606 18844 29333
18844 1 18845
18845 2 18846 43225
18846 3 18847 26656 30438
18847 2 18848 41055
18848 2 4362 18849
18849 4 8536 13978 18850 42343
18850 1 18851
18851 2 7127 18852
18852 2 9156 18853
18853 1 18854
18854 2 18855 38377
18855 2 5792 18856
18856 2 18857 40236
18857 1 18858
18858 5 821 12092 18859 19254 20358
18859 1 18860
18860 1 18861
18861 4 11142 18862 19600 20378
18862 3 3836 11573 18863
18863 2 8022 18864
18864 1 18865
18865 1 18866
18866 1 18867
18867 1 18868
18868 2 18869 30621
18869 2 6109 18870
18870 4 6475 16722 18871 36062
18871 3 18872 21918 48672
18872 1 18873
18873 1 18874
18874 1 18875
18875 2 16791 18876
18876 4 17851 18877 37306 47292
18877 1 18878
18878 1 18879
18879 2 18880 44213
18880 2 5158 18881
18881 1 18882
18882 2 18883 39228
18883 3 18884 31671 39282
18884 1 18885
18885 2 18886 19196
18886 2 16255 18887
18887 1 18888
18888 1 18889
18889 3 14200 18890 46393
18890 3 5787 18891 27175
18891 1 18892
18892 1 18893
18893 3 18894 37031 49823
18894 1 18895
18895 1 18896
18896 4 18897 29651 33941 38149
18897 1 18898
18898 1 18899
18899 2 4699 18900
18900 1 18901
18901 2 2072 18902
18902 2 18903 23094
18903 2 18904 49580
18904 1 18905
18905 1 18906
18906 1 18907
18907 2 18908 37394
18908 1 18909
18909 1 18910
18910 4 12080 18911 28643 34533
18911 2 18912 34995
18912 1 18913
18913 3 13510 18914 39063
18914 2 4601 18915
18915 3 18916 26672 36539
18916 1 18917
18917 1 18918
18918 1 18919
18919 2 18920 24126
18920 3 1908 18921 48307
18921 2 11166 18922
18922 2 18923 21931
18923 1 18924
18924 2 7317 18925
18925 4 4932 12603 18926 25940
18926 1 18927
18927 1 18928
18928 4 18929 20722 21277 24652
18929 1 18930
18930 2 18931 24160
18931 4 16874 17415 18932 22522
18932 1 18933
18933 1 18934
18934 1 18935
18935 3 6997 13914 18936
18936 1 18937
18937 1 18938
18938 2 18939 26740
18939 2 8296 18940
18940 2 16032 18941
18941 1 18942
18942 2 18943 30702
18943 2 18944 49158
18944 3 14543 18945 31663
18945 1 18946
18946 1 18947
18947 2 18948 24294
18948 3 12621 13769 18949
18949 2 18950 25961
18950 4 6470 18951 28994 40744
18951 2 18952 38608
18952 4 10394 10881 18953 35181
18953 2 780 18954
18954 1 18955
18955 3 18956 20693 27852
18956 1 18957
18957 1 18958
18958 1 18959
18959 2 18960 25424
18960 2 18961 49808
18961 1 18962
18962 1 18963
18963 1 18964
18964 1 18965
18965 2 18966 19233
18966 1 18967
18967 2 18968 49037
18968 1 18969
18969 1 18970
18970 2 3683 18971
18971 2 18972 45672
18972 1 18973
18973 2 3878 18974
18974 2 18975 23851
18975 2 10912 18976
18976 3 5889 18977 35844
18977 1 18978
18978 3 432 18979 26478
18979 2 18980 32614
18980 1 18981
18981 4 18982 19921 20066 27888
18982 1 18983
18983 2 18984 48217
18984 2 15655 18985
18985 2 18986 39957
18986 1 18987
18987 2 18988 33266
18988 3 17646 18989 36694
18989 2 191 18990
18990 2 12476 18991
18991 1 18992
18992 1 18993
18993 3 2181 18994 27856
18994 2 18995 44255
18995 1 18996
18996 1 18997
18997 1 18998
18998 2 18999 26910
18999 2 19000 47533
19000 2 19001 36546
19001 2 7548 19002
19002 1 19003
19003 3 6735 19004 47352
19004 2 14639 19005
19005 2 6450 19006
19006 2 19007 43673
19007 3 11588 19008 33277
19008 2 19009 42799
19009 3 14552 19010 31631
19010 1 19011
19011 2 14518 19012
19012 2 10215 19013
19013 1 19014
19014 3 16480 19015 43423
19015 2 19016 20302
19016 1 19017
19017 2 19018 26478
19018 4 19019 30649 38189 43050
19019 1 19020
19020 1 19021
19021 1 19022
19022 4 863 2247 19023 30947
19023 3 6993 19024 26847
19024 2 19025 36281
19025 2 19026 36011
19026 1 19027
19027 4 8446 15379 19028 37755
19028 1 19029
19029 1 19030
19030 2 12128 19031
19031 2 19032 33514
19032 2 10819 19033
19033 3 14757 19034 37261
19034 1 19035
19035 3 9980 17042 19036
19036 1 19037
19037 2 12009 19038
19038 1 19039
19039 3 19040 22331 34921
19040 1 19041
19041 1 19042
19042 1 19043
19043 3 19044 42338 47968
19044 1 19045
19045 2 19046 32186
19046 2 18388 19047
19047 2 19048 46358
19048 2 7743 19049
19049 2 19050 30436
19050 1 19051
19051 2 2975 19052
19052 2 19053 26145
19053 2 12488 19054
19054 1 19055
19055 2 2105 19056
19056 2 19057 47383
19057 1 19058
19058 2 1997 19059
19059 3 5066 19060 43143
19060 1 19061
19061 1 19062
19062 2 19063 34792
19063 2 12433 19064
19064 3 14460 19065 21701
19065 2 19066 28865
19066 2 11123 19067
19067 3 19068 27916 30924
19068 3 10641 18528 19069
19069 3 19070 27518 45580
19070 2 19071 42304
19071 2 19072 37715
19072 2 1163 19073
19073 5 35 2250 19074 26611 49076
19074 2 19075 23219
19075 4 10345 10789 19076 38581
19076 2 19077 32284
19077 2 19078 49758
19078 1 19079
19079 2 12527 19080
19080 2 19081 24909
19081 1 19082
19082 2 13738 19083
19083 2 12326 19084
19084 2 9310 19085
19085 1 19086
19086 2 19087 20766
19087 4 10320 10753 19088 36869
19088 1 19089
19089 1 19090
19090 1 19091
19091 1 19092
19092 1 19093
19093 2 19094 26632
19094 2 5400 19095
19095 1 19096
19096 2 2381 19097
19097 4 367 13824 19098 42953
19098 1 19099
19099 1 19100
19100 3 19101 22061 24076
19101 1 19102
19102 3 17888 19103 38662
19103 3 14029 19104 45845
19104 1 19105
19105 3 13440 19106 24468
19106 1 19107
19107 2 14815 19108
19108 1 19109
19109 2 19110 36342
19110 1 19111
19111 2 19112 21010
19112 2 19113 34262
19113 2 19114 37563
19114 2 13786 19115
19115 2 8571 19116
19116 1 19117
19117 2 9181 19118
19118 3 9284 19119 44836
19119 2 19120 33219
19120 3 16105 19121 33501
19121 3 19032 19122 35898
19122 1 19123
19123 3 9569 19124 38747
19124 1 19125
19125 3 19126 31589 44642
19126 2 19127 37797
19127 1 19128
19128 3 19129 21806 40010
19129 2 19130 31383
19130 1 19131
19131 2 18184 19132
19132 1 19133
19133 1 19134
19134 1 19135
19135 1 19136
19136 4 8949 14023 19137 25728
19137 1 19138
19138 2 9328 19139
19139 2 11060 19140
19140 1 19141
19141 1 19142
19142 4 12985 19143 41283 46691
19143 4 4503 12403 19144 44888
19144 1 19145
19145 2 19146 40417
19146 4 2381 19147 21951 41562
19147 1 19148
19148 2 19149 32202
19149 4 9847 19150 19316 48059
19150 3 19151 33536 44540
19151 3 17092 19152 21525
19152 3 19153 22541 32382
19153 1 19154
19154 2 19155 33948
19155 1 19156
19156 4 631 19157 24688 45270
19157 1 19158
19158 5 6192 17255 19159 25713 32681
19159 1 19160
19160 2 911 19161
19161 2 12164 19162
19162 1 19163
19163 1 19164
19164 3 19165 25103 34860
19165 2 19166 42392
19166 1 19167
19167 2 8198 19168
19168 2 19169 21168
19169 1 19170
19170 2 19171 22412
19171 2 19172 34084
19172 1 19173
19173 3 19174 34633 43957
19174 4 15285 19175 30798 42198
19175 5 5659 19176 26474 27767 44355
19176 2 19177 31103
19177 1 19178
19178 1 19179
19179 2 19180 20917
19180 3 19181 22029 29007
19181 1 19182
19182 2 2513 19183
19183 3 19184 22876 43617
19184 2 6845 19185
19185 1 19186
19186 2 7333 19187
19187 1 19188
19188 3 18460 19189 28900
19189 1 19190
19190 1 19191
19191 1 19192
19192 2 10359 19193
19193 2 19194 29956
19194 1 19195
19195 1 19196
19196 1 19197
19197 3 19198 19685 25748
19198 1 19199
19199 1 19200
19200 2 19201 42301
19201 1 19202
19202 1 19203
19203 3 15010 19204 30333
19204 1 19205
19205 2 7779 19206
19206 4 19207 24894 33408 44949
19207 2 19208 22291
19208 2 19209 48993
19209 2 19210 36181
19210 1 19211
19211 3 16615 19212 24034
19212 1 19213
19213 2 19214 45996
19214 2 14390 19215
19215 3 19216 23799 26130
19216 1 19217
19217 1 19218
19218 3 2584 19219 21220
19219 2 19220 28723
19220 2 19221 25068
19221 2 19222 33203
19222 2 19223 23302
19223 2 19224 19616
19224 1 19225
19225 3 19226 24770 38914
19226 1 19227
19227 5 1975 6513 19228 22398 31291
19228 3 15053 17043 19229
19229 1 19230
19230 1 19231
19231 3 691 9174 19232
19232 2 10979 19233
19233 4 19234 35243 44128 46628
19234 1 19235
19235 1 19236
19236 1 19237
19237 3 476 19238 40545
19238 1 19239
19239 5 4614 19240 31482 36394 48497
19240 1 19241
19241 2 19242 20659
19242 1 19243
19243 2 19244 26182
19244 4 1918 10325 19245 48479
19245 1 19246
19246 2 19247 43135
19247 3 19248 24998 30129
19248 2 19249 36434
19249 1 19250
19250 2 19251 45533
19251 1 19252
19252 1 19253
19253 3 6520 19254 35748
19254 2 19190 19255
19255 1 19256
19256 2 19257 41807
19257 1 19258
19258 3 1550 2828 19259
19259 1 19260
19260 2 11188 19261
19261 3 6604 9030 19262
19262 1 19263
19263 2 3330 19264
19264 2 19265 27268
19265 2 19266 47301
19266 3 19267 29475 31305
19267 1 19268
19268 1 19269
19269 1 19270
19270 1 19271
19271 1 19272
19272 2 19273 37751
19273 2 19274 38069
19274 1 19275
19275 1 19276
19276 3 13909 19277 43812
19277 1 19278
19278 5 5761 19279 24823 30254 43499
19279 1 19280
19280 3 19281 29813 40171
19281 1 19282
19282 1 19283
19283 3 19284 24542 33216
19284 2 19285 31685
19285 3 19286 25668 27516
19286 2 19287 45822
19287 1 19288
19288 2 2165 19289
19289 1 19290
19290 2 16054 19291
19291 1 19292
19292 1 19293
19293 2 5232 19294
19294 4 9504 19295 26662 46344
19295 1 19296
19296 1 19297
19297 1 19298
19298 2 9828 19299
19299 1 19300
19300 2 8281 19301
19301 2 19302 25940
19302 1 19303
19303 4 3391 13781 19304 29332
19304 2 19305 30586
19305 3 19306 28698 34959
19306 2 787 19307
19307 2 19308 41074
19308 1 19309
19309 2 19310 24939
19310 2 19311 21975
19311 1 19312
19312 2 14783 19313
19313 2 9910 19314
19314 4 19315 33658 45461 47789
19315 3 8729 19316 39260
19316 2 19317 29266
19317 1 19318
19318 1 19319
19319 2 18902 19320
19320 2 19321 24794
19321 4 2230 19322 32442 37904
19322 2 13920 19323
19323 4 19324 28201 42611 46945
19324 3 12786 19325 22078
19325 1 19326
19326 2 19327 37540
19327 3 19328 41362 46728
19328 1 19329
19329 1 19330
19330 3 19331 28683 31773
19331 2 19332 36088
19332 1 19333
19333 2 19334 35012
19334 1 19335
19335 1 19336
19336 1 19337
19337 3 19338 21926 24310
19338 3 10980 19339 37218
19339 3 19340 24349 44039
19340 1 19341
19341 3 19342 29841 33318
19342 2 19343 40427
19343 1 19344
19344 3 19345 22959 48655
19345 1 19346
19346 1 19347
19347 2 19348 37858
19348 2 19349 43642
19349 1 19350
19350 3 19351 37802 49724
19351 1 19352
19352 2 19353 49287
19353 1 19354
19354 1 19355
19355 3 6131 19356 25813
19356 2 19357 38570
19357 3 6682 19358 27941
19358 3 19359 23542 44774
19359 2 19360 25496
19360 1 19361
19361 3 14328 19362 38734
19362 2 12865 19363
19363 3 12584 19364 42170
19364 1 19365
19365 2 19366 26708
19366 2 19367 31482
19367 1 19368
19368 5 9231 19369 26479 28041 49487
19369 2 19370 39031
19370 2 19371 36104
19371 3 11152 19372 46226
19372 3 4502 8200 19373
19373 1 19374
19374 3 19375 33830 36202
19375 2 19376 30403
19376 1 19377
19377 4 611 19378 32613 44544
19378 4 2139 11049 11071 19379
19379 1 19380
19380 3 1057 19381 26515
19381 1 19382
19382 2 19383 49197
19383 1 19384
19384 3 19385 22872 37946
19385 1 19386
19386 2 19387 27497
19387 2 19388 49312
19388 2 19389 37099
19389 1 19390
19390 3 12985 19391 42462
19391 2 2073 19392
19392 2 19393 35403
19393 2 19394 41319
19394 2 11794 19395
19395 4 9034 18005 19396 31319
19396 1 19397
19397 2 1528 19398
19398 2 4760 19399
19399 2 19400 37379
19400 2 19401 27021
19401 3 18466 19402 42270
19402 2 5850 19403
19403 2 19404 46217
19404 2 19405 35115
19405 3 19406 26606 39098
19406 3 19407 33333 34479
19407 1 19408
19408 2 19409 43926
19409 1 19410
19410 1 19411
19411 1 19412
19412 2 13329 19413
19413 1 19414
19414 3 8749 15186 19415
19415 1 19416
19416 2 19417 23064
19417 2 16683 19418
19418 1 19419
19419 4 7225 15795 19420 42562
19420 2 12744 19421
19421 1 19422
19422 1 19423
19423 1 19424
19424 1 19425
19425 3 19426 22709 45314
19426 1 19427
19427 1 19428
19428 2 17124 19429
19429 1 19430
19430 2 3596 19431
19431 1 19432
19432 2 19433 44834
19433 1 19434
19434 2 19435 19773
19435 2 19436 46745
19436 2 19437 47812
19437 2 8068 19438
19438 1 19439
19439 2 19440 43725
19440 2 16541 19441
19441 2 19442 49692
19442 2 19443 49713
19443 1 19444
19444 3 398 19445 39087
19445 2 19446 25513
19446 2 11550 19447
19447 4 12095 19448 31971 48809
19448 1 19449
19449 3 19450 36129 41706
19450 2 17898 19451
19451 4 18887 19452 20272 40588
19452 2 19083 19453
19453 2 19454 34371
19454 2 19455 49440
19455 4 19456 27161 38624 47828
19456 1 19457
19457 3 19458 36915 42261
19458 1 19459
19459 1 19460
19460 1 19461
19461 2 14974 19462
19462 1 19463
19463 1 19464
19464 3 2825 6084 19465
19465 3 9495 14002 19466
19466 2 17205 19467
19467 1 19468
19468 1 19469
19469 1 19470
19470 1 19471
19471 1 19472
19472 3 8433 19473 24141
19473 2 19474 44191
19474 3 2175 19475 25015
19475 2 19476 23933
19476 2 19477 46381
19477 1 19478
19478 2 19479 44209
19479 1 19480
19480 1 19481
19481 1 19482
19482 2 14853 19483
19483 2 19484 40221
19484 1 19485
19485 2 7298 19486
19486 1 19487
19487 2 10403 19488
19488 2 15924 19489
19489 1 19490
19490 3 1473 19491 37617
19491 3 2348 4179 19492
19492 1 19493
19493 2 19494 19624
19494 2 19495 30276
19495 2 19496 22866
19496 2 14034 19497
19497 1 19498
19498 1 19499
19499 1 19500
19500 2 1645 19501
19501 4 4170 12553 19502 30633
19502 5 15934 19503 27796 33632 33911
19503 2 19504 33705
19504 3 12359 19505 38136
19505 1 19506
19506 2 19507 25432
19507 1 19508
19508 1 19509
19509 2 19510 39850
19510 2 3123 19511
19511 2 1902 19512
19512 2 2097 19513
19513 2 19514 35476
19514 3 19515 22985 44278
19515 4 16436 19516 25503 33677
19516 3 4318 11647 19517
19517 2 19518 49269
19518 1 19519
19519 2 19520 47158
19520 1 19521
19521 1 19522
19522 3 13619 19523 28437
19523 1 19524
19524 2 19525 38191
19525 2 19526 48660
19526 3 8449 19527 25958
19527 2 19528 47940
19528 2 19529 26753
19529 2 19530 30727
19530 2 11023 19531
19531 2 16172 19532
19532 3 2355 19533 35580
19533 1 19534
19534 2 19535 46593
19535 3 5112 16762 19536
19536 2 19537 20961
19537 4 6774 9808 19538 23970
19538 4 19539 27452 41021 42825
19539 2 9217 19540
19540 4 19541 21938 43914 48374
19541 4 12417 19542 28966 43771
19542 3 19543 21057 27038
19543 2 19544 28096
19544 1 19545
19545 1 19546
19546 2 3237 19547
19547 2 19548 28397
19548 4 19549 24186 26848 36558
19549 3 19550 32512 42444
19550 1 19551
19551 3 4221 10076 19552
19552 1 19553
19553 5 261 1481 19554 22214 36186
19554 1 19555
19555 3 283 5355 19556
19556 1 19557
19557 4 4808 5108 15351 19558
19558 1 19559
19559 3 19560 19566 43180
19560 3 19561 21128 33327
19561 1 19562
19562 1 19563
19563 3 2704 19564 43263
19564 1 19565
19565 3 19566 26234 33108
19566 4 3601 19567 37344 48474
19567 1 19568
19568 1 19569
19569 2 19570 41000
19570 3 3673 19571 28369
19571 1 19572
19572 3 11608 19573 33996
19573 4 6436 7435 19574 49887
19574 2 19575 20784
19575 2 19576 45734
19576 2 19577 46833
19577 1 19578
19578 2 19579 42377
19579 2 19580 46396
19580 1 19581
19581 5 4871 6767 19582 45451 48875
19582 2 13216 19583
19583 1 19584
19584 2 19585 49636
19585 2 19586 36281
19586 2 19587 30191
19587 1 19588
19588 3 19589 40469 46576
19589 1 19590
19590 3 19591 40527 49597
19591 1 19592
19592 2 19593 22598
19593 1 19594
19594 2 19595 31245
19595 1 19596
19596 1 19597
19597 2 19598 46605
19598 1 19599
19599 1 19600
19600 1 19601
19601 3 19602 39024 44924
19602 2 14155 19603
19603 1 19604
19604 1 19605
19605 2 19606 40753
19606 3 19607 28907 45652
19607 1 19608
19608 3 19609 22345 27874
19609 3 3359 8321 19610
19610 2 19611 45392
19611 1 19612
19612 1 19613
19613 1 19614
19614 2 19615 25444
19615 1 19616
19616 1 19617
19617 3 95 19618 19861
19618 2 19619 49641
19619 3 19620 41380 45966
19620 2 11361 19621
19621 1 19622
19622 2 19623 26807
19623 2 19624 39557
19624 1 19625
19625 2 19626 49359
19626 1 19627
19627 4 5448 7469 19628 47857
19628 2 19629 43425
19629 1 19630
19630 1 19631
19631 2 8865 19632
19632 1 19633
19633 1 19634
19634 1 19635
19635 2 13464 19636
19636 2 19637 46312
19637 1 19638
19638 1 19639
19639 4 6187 19640 27191 31770
19640 3 8658 19641 41542
19641 2 19642 37324
19642 4 10688 12398 14844 19643
19643 3 17686 19644 45194
19644 3 9481 19645 22822
19645 3 4125 19646 48952
19646 3 19647 24667 45351
19647 2 19648 45158
19648 1 19649
19649 2 19650 19869
19650 1 19651
19651 2 19652 25332
19652 2 19653 40440
19653 2 19654 45136
19654 3 3695 19655 35151
19655 2 19656 44212
19656 2 19657 31901
19657 1 19658
19658 2 6826 19659
19659 1 19660
19660 2 1415 19661
19661 3 10774 18030 19662
19662 1 19663
19663 1 19664
19664 3 4026 19665 25664
19665 3 19666 22940 37678
19666 1 19667
19667 3 19668 31230 33191
19668 2 19669 49000
19669 2 18965 19670
19670 1 19671
19671 2 19358 19672
19672 2 15541 19673
19673 3 3454 19674 20062
19674 4 7091 19675 24363 48764
19675 2 19097 19676
19676 2 19677 38503
19677 3 6423 19678 40253
19678 1 19679
19679 2 16101 19680
19680 1 19681
19681 1 19682
19682 2 19683 46790
19683 2 19684 43457
19684 2 19685 30309
19685 3 19686 21715 28761
19686 1 19687
19687 3 19688 41067 45725
19688 3 19689 20808 41815
19689 4 4156 19690 27437 46425
19690 3 10339 19691 35258
19691 1 19692
19692 3 10286 19693 28953
19693 3 947 19694 35526
19694 2 19695 23725
19695 3 17382 19696 49507
19696 3 19463 19697 45938
19697 1 19698
19698 1 19699
19699 2 19700 41145
19700 2 18426 19701
19701 2 19702 35858
19702 4 17587 19322 19703 41955
19703 2 15973 19704
19704 3 3715 19390 19705
19705 1 19706
19706 1 19707
19707 2 19708 41801
19708 2 19709 32297
19709 1 19710
19710 3 13732 19711 20518
19711 3 19712 39468 44365
19712 1 19713
19713 2 19714 31886
19714 3 14966 19715 31480
19715 4 16001 19716 20854 45543
19716 1 19717
19717 6 5275 14825 17901 18906 19718 48878
19718 2 19719 26657
19719 2 19720 38796
19720 3 6015 7980 19721
19721 1 19722
19722 2 18957 19723
19723 3 424 17703 19724
19724 2 7846 19725
19725 1 19726
19726 3 18811 19727 32593
19727 3 2269 19728 43096
19728 2 19729 25230
19729 1 19730
19730 2 1254 19731
19731 2 19732 20961
19732 1 19733
19733 3 12305 19734 35830
19734 2 19735 21818
19735 2 19736 20110
19736 1 19737
19737 1 19738
19738 3 10170 19739 39399
19739 1 19740
19740 3 7730 19741 32620
19741 3 18366 19742 28607
19742 3 7527 19743 22716
19743 2 19744 41011
19744 5 13879 19745 25458 31896 38832
19745 2 13155 19746
19746 1 19747
19747 2 19748 31108
19748 2 19749 39524
19749 2 19750 24317
19750 1 19751
19751 2 19752 22526
19752 1 19753
19753 1 19754
19754 2 6229 19755
19755 1 19756
19756 3 3377 19757 28372
19757 2 19758 30877
19758 2 8946 19759
19759 1 19760
19760 1 19761
19761 1 19762
19762 3 19763 21243 48910
19763 2 19764 30389
19764 2 19765 23199
19765 2 19766 24647
19766 2 19767 39101
19767 3 6790 14714 19768
19768 1 19769
19769 3 15011 19770 22962
19770 3 19771 42103 46034
19771 3 12734 19772 24543
19772 2 19773 48566
19773 2 7381 19774
19774 2 19775 32127
19775 2 19776 31668
19776 2 19777 23974
19777 1 19778
19778 4 12774 13211 19779 31759
19779 2 16788 19780
19780 2 19781 28432
19781 4 19782 20320 26811 29124
19782 3 19783 21440 28842
19783 1 19784
19784 2 9653 19785
19785 2 13492 19786
19786 3 19787 23968 27129
19787 3 19788 22348 35424
19788 1 19789
19789 2 19790 37443
19790 2 19791 37872
19791 3 19792 36814 42279
19792 2 19793 35938
19793 2 19794 49418
19794 1 19795
19795 1 19796
19796 2 12248 19797
19797 2 19798 36919
19798 4 19799 22087 26854 37983
19799 2 19800 30034
19800 1 19801
19801 1 19802
19802 1 19803
19803 2 19804 47213
19804 1 19805
19805 2 19806 32080
19806 3 15294 19807 42931
19807 2 17956 19808
19808 2 14141 19809
19809 1 19810
19810 2 19811 41735
19811 2 19812 41374
19812 1 19813
19813 4 3532 14712 19814 38785
19814 2 19815 31527
19815 1 19816
19816 2 9395 19817
19817 1 19818
19818 3 4859 19819 43058
19819 3 19820 32904 42255
19820 2 19821 34202
19821 1 19822
19822 2 19823 47844
19823 4 1614 10476 19824 46743
19824 2 19825 41001
19825 1 19826
19826 2 19827 29247
19827 3 19828 40048 41015
19828 1 19829
19829 1 19830
19830 1 19831
19831 1 19832
19832 1 19833
19833 3 9844 19834 41113
19834 3 5139 19835 20285
19835 2 19836 30777
19836 1 19837
19837 1 19838
19838 2 19839 28660
19839 1 19840
19840 3 1417 19841 36959
19841 1 19842
19842 1 19843
19843 3 8535 19844 38699
19844 1 19845
19845 3 8970 19846 38891
19846 2 13350 19847
19847 3 14071 19848 30092
19848 1 19849
19849 2 19850 27463
19850 3 19851 21424 27213
19851 2 19852 30192
19852 2 19853 39821
19853 1 19854
19854 2 19855 26617
19855 3 6210 16004 19856
19856 2 19857 34875
19857 2 16067 19858
19858 2 19859 25626
19859 1 19860
19860 2 7778 19861
19861 2 19862 20979
19862 3 19863 19952 20515
19863 2 19864 40217
19864 6 52 5065 19865 21185 43350 45292
19865 2 8051 19866
19866 1 19867
19867 3 1639 19868 33626
19868 2 19869 32288
19869 2 19870 45325
19870 1 19871
19871 1 19872
19872 3 19873 23866 26217
19873 1 19874
19874 2 19875 44581
19875 4 16500 19876 30700 41731
19876 1 19877
19877 3 4206 19878 36469
19878 3 1187 11081 19879
19879 2 19880 41558
19880 2 11600 19881
19881 2 19882 39325
19882 2 19883 24762
19883 1 19884
19884 3 17723 19885 32656
19885 1 19886
19886 1 19887
19887 1 19888
19888 2 19889 26952
19889 2 19890 33936
19890 1 19891
19891 3 19217 19892 38964
19892 2 13544 19893
19893 1 19894
19894 5 4090 17206 19895 21502 35908
19895 2 19896 33325
19896 2 19897 32924
19897 3 19898 33003 35707
19898 1 19899
19899 2 1302 19900
19900 2 19901 31837
19901 3 5149 14502 19902
19902 2 19903 24371
19903 2 19904 36385
19904 2 19905 34068
19905 1 19906
19906 2 9415 19907
19907 2 19908 37415
19908 2 19909 35327
19909 1 19910
19910 1 19911
19911 1 19912
19912 1 19913
19913 1 19914
19914 1 19915
19915 2 19916 42254
19916 1 19917
19917 1 19918
19918 2 19919 37387
19919 1 19920
19920 3 11117 19921 41524
19921 2 19922 25589
19922 2 19923 35226
19923 2 7573 19924
19924 1 19925
19925 3 14732 19926 41737
19926 3 19927 22586 38795
19927 2 19928 29627
19928 1 19929
19929 2 19930 42225
19930 3 871 9264 19931
19931 1 19932
19932 2 19933 35294
19933 1 19934
19934 2 19935 37860
19935 1 19936
19936 3 19937 26499 33601
19937 2 19938 33729
19938 4 11469 19117 19939 28533
19939 1 19940
19940 1 19941
19941 1 19942
19942 2 19943 40160
19943 1 19944
19944 2 5711 19945
19945 2 11900 19946
19946 3 19947 23213 24729
19947 1 19948
19948 3 1688 19949 49136
19949 1 19950
19950 2 16258 19951
19951 3 15284 19952 29363
19952 1 19953
19953 3 18846 19954 32621
19954 1 19955
19955 2 3671 19956
19956 3 11573 14371 19957
19957 2 19958 22515
19958 2 9502 19959
19959 2 2487 19960
19960 1 19961
19961 3 719 17926 19962
19962 2 12677 19963
19963 3 9346 13163 19964
19964 1 19965
19965 1 19966
19966 1 19967
19967 2 19968 36355
19968 1 19969
19969 3 1588 19970 33376
19970 2 1275 19971
19971 3 19972 36241 41599
19972 1 19973
19973 1 19974
19974 1 19975
19975 1 19976
19976 3 17813 18284 19977
19977 2 6109 19978
19978 2 1573 19979
19979 4 8539 19980 27766 42487
19980 2 19981 45198
19981 1 19982
19982 3 12158 14579 19983
19983 1 19984
19984 1 19985
19985 3 8973 19986 34849
19986 1 19987
19987 3 11999 19988 49070
19988 1 19989
19989 3 18418 19990 48174
19990 4 1652 13875 19991 33212
19991 2 4310 19992
19992 2 19993 42285
19993 1 19994
19994 3 14051 19995 46481
19995 1 19996
19996 2 19997 21613
19997 3 12315 19998 33733
19998 2 4680 19999
19999 2 20000 45431
20000 2 20001 30059
20001 1 20002
20002 1 20003
20003 2 20004 41710
20004 2 20005 35596
20005 2 20006 20886
20006 1 20007
20007 3 9068 9829 20008
20008 3 20009 35656 42856
20009 2 17289 20010
20010 1 20011
20011 3 18613 20012 44005
20012 4 1116 20013 27509 47123
20013 2 20014 27807
20014 1 20015
20015 2 18267 20016
20016 3 15499 20017 48358
20017 4 7317 20018 21605 33744
20018 3 20019 35626 45887
20019 2 20020 25731
20020 4 14929 17265 20021 30124
20021 1 20022
20022 2 20023 46457
20023 2 2863 20024
20024 1 20025
20025 2 20026 49624
20026 1 20027
20027 1 20028
20028 1 20029
20029 3 4006 7659 20030
20030 2 9924 20031
20031 1 20032
20032 1 20033
20033 3 20034 34521 36977
20034 3 2914 11880 20035
20035 2 5454 20036
20036 3 20037 35581 37873
20037 2 8245 20038
20038 1 20039
20039 1 20040
20040 3 5926 14583 20041
20041 1 20042
20042 2 20043 36077
20043 2 1548 20044
20044 1 20045
20045 1 20046
20046 3 4917 20047 42636
20047 4 4172 12578 20048 25133
20048 2 20049 23737
20049 2 20050 33984
20050 3 3452 20051 34195
20051 1 20052
20052 1 20053
20053 2 20054 33129
20054 1 20055
20055 1 20056
20056 2 20057 27107
20057 1 20058
20058 1 20059
20059 3 5709 20060 48711
20060 1 20061
20061 2 20062 36089
20062 2 12285 20063
20063 1 20064
20064 2 20065 48459
20065 1 20066
20066 2 9823 20067
20067 1 20068
20068 3 44 15622 20069
20069 2 20070 44767
20070 1 20071
20071 2 18499 20072
20072 3 16772 20073 41728
20073 2 20074 48360
20074 1 20075
20075 1 20076
20076 2 9191 20077
20077 2 20078 49664
20078 1 20079
20079 4 20080 33225 38306 46112
20080 3 20081 27395 42983
20081 2 20082 39684
20082 2 20083 28745
20083 2 20084 41565
20084 3 1886 20085 32256
20085 2 12835 20086
20086 1 20087
20087 1 20088
20088 2 3329 20089
20089 3 15570 20090 37737
20090 1 20091
20091 2 3626 20092
20092 3 20093 32537 35884
20093 1 20094
20094 1 20095
20095 2 20096 48038
20096 3 7859 20097 25349
20097 2 20098 28154
20098 1 20099
20099 2 20100 43578
20100 1 20101
20101 1 20102
20102 2 9084 20103
20103 2 11044 20104
20104 2 9015 20105
20105 3 19753 20106 29132
20106 3 20107 39555 49252
20107 1 20108
20108 2 18162 20109
20109 1 20110
20110 5 13930 20111 26954 38817 40172
20111 2 10022 20112
20112 2 13039 20113
20113 2 1748 20114
20114 2 18855 20115
20115 3 20116 46287 48209
20116 1 20117
20117 1 20118
20118 1 20119
20119 1 20120
20120 2 20121 44305
20121 3 14942 20122 41057
20122 1 20123
20123 2 20124 27175
20124 3 20125 20647 35011
20125 2 9819 20126
20126 2 19651 20127
20127 2 20128 41928
20128 3 16279 20129 44420
20129 2 4820 20130
20130 3 20131 21184 47592
20131 1 20132
20132 2 5350 20133
20133 1 20134
20134 1 20135
20135 2 16509 20136
20136 2 20137 29264
20137 2 20138 41493
20138 1 20139
20139 5 13504 20140 27247 32031 37617
20140 2 10288 20141
20141 2 20142 36130
20142 4 10340 20143 26798 39321
20143 2 6370 20144
20144 3 10442 20145 22689
20145 1 20146
20146 2 20147 38548
20147 1 20148
20148 1 20149
20149 2 8050 20150
20150 2 3005 20151
20151 1 20152
20152 2 20153 25510
20153 2 20154 47594
20154 1 20155
20155 1 20156
20156 2 20157 30901
20157 2 20158 43613
20158 1 20159
20159 2 20160 48347
20160 2 1721 20161
20161 2 20162 31202
20162 2 20163 20202
20163 2 20164 39012
20164 2 20165 22889
20165 3 20166 27788 37115
20166 2 20167 31669
20167 1 20168
20168 1 20169
20169 3 20170 26143 49163
20170 2 20171 40413
20171 2 20172 44689
20172 2 20173 25571
20173 2 20174 31473
20174 3 13651 20175 31092
20175 2 2934 20176
20176 2 18738 20177
20177 1 20178
20178 2 20179 27854
20179 1 20180
20180 3 6724 19680 20181
20181 4 7568 12289 20182 31247
20182 2 20183 40131
20183 2 20184 26108
20184 1 20185
20185 2 14237 20186
20186 5 18532 20187 22492 34503 45551
20187 3 1914 3928 20188
20188 1 20189
20189 3 15488 20190 36124
20190 2 6010 20191
20191 1 20192
20192 3 20193 41396 41976
20193 2 20194 26779
20194 1 20195
20195 2 9505 20196
20196 2 10617 20197
20197 1 20198
20198 3 14100 20199 43565
20199 1 20200
20200 2 20201 45948
20201 1 20202
20202 2 20203 29655
20203 3 4108 19518 20204
20204 2 20205 41300
20205 1 20206
20206 2 9928 20207
20207 1 20208
20208 4 9132 14031 20209 22501
20209 2 20210 28114
20210 1 20211
20211 2 20212 38567
20212 2 20213 32158
20213 3 4588 20214 27678
20214 1 20215
20215 2 4316 20216
20216 2 20217 46550
20217 4 20218 26088 40836 49557
20218 1 20219
20219 3 6629 20220 37517
20220 2 9946 20221
20221 1 20222
20222 3 8615 20223 48354
20223 1 20224
20224 1 20225
20225 2 20226 31262
20226 1 20227
20227 2 3146 20228
20228 1 20229
20229 4 9177 12724 20230 32517
20230 1 20231
20231 1 20232
20232 1 20233
20233 2 17361 20234
20234 1 20235
20235 2 6222 20236
20236 1 20237
20237 1 20238
20238 2 20239 28513
20239 1 20240
20240 3 20241 39740 44063
20241 1 20242
20242 2 13704 20243
20243 1 20244
20244 2 20245 24573
20245 1 20246
20246 2 1837 20247
20247 2 20248 23203
20248 1 20249
20249 2 20250 27275
20250 2 20251 41155
20251 4 20252 27060 27742 38184
20252 4 5445 9312 20253 45114
20253 2 20254 34203
20254 3 20255 32071 38122
20255 2 20256 37179
20256 2 13384 20257
20257 1 20258
20258 3 20259 29330 47985
20259 3 5046 20260 22379
20260 5 7488 16844 20261 22469 26006
20261 3 17046 18247 20262
20262 3 20263 41348 46273
20263 3 1355 20264 45094
20264 1 20265
20265 1 20266
20266 1 20267
20267 1 20268
20268 1 20269
20269 2 20270 35338
20270 1 20271
20271 1 20272
20272 2 20273 48129
20273 1 20274
20274 1 20275
20275 2 981 20276
20276 1 20277
20277 4 74 20278 30271 33249
20278 3 17827 20279 48134
20279 2 20280 26496
20280 3 12699 20281 30077
20281 3 20282 29383 37765
20282 3 276 8683 20283
20283 1 20284
20284 1 20285
20285 1 20286
20286 1 20287
20287 1 20288
20288 4 16271 20289 40804 47501
20289 1 20290
20290 2 20291 36588
20291 2 20292 35666
20292 1 20293
20293 1 20294
20294 3 20295 23764 27258
20295 2 9671 20296
20296 1 20297
20297 2 20298 47090
20298 1 20299
20299 2 20300 24471
20300 3 14841 20301 40374
20301 5 9057 16106 20302 41821 44712
20302 3 20303 39996 48659
20303 2 20304 40155
20304 1 20305
20305 2 20306 30089
20306 2 20307 40359
20307 3 20308 21982 33072
20308 1 20309
20309 2 20310 32071
20310 1 20311
20311 2 20312 27702
20312 3 12202 20313 47175
20313 2 20314 48144
20314 3 20315 25823 49598
20315 3 7279 20316 42287
20316 1 20317
20317 3 2900 20318 48477
20318 1 20319
20319 1 20320
20320 1 20321
20321 2 14756 20322
20322 1 20323
20323 3 8037 20324 37711
20324 2 3158 20325
20325 1 20326
20326 1 20327
20327 1 20328
20328 1 20329
20329 3 20330 33836 36434
20330 1 20331
20331 2 20332 41214
20332 1 20333
20333 3 2301 20334 30802
20334 3 4073 15246 20335
20335 2 20336 36809
20336 1 20337
20337 2 4051 20338
20338 1 20339
20339 1 20340
20340 4 1057 1398 20341 47250
20341 3 13692 20342 42029
20342 3 2480 8173 20343
20343 4 651 18884 20344 26789
20344 2 7587 20345
20345 4 3786 18344 20346 28072
20346 2 14678 20347
20347 1 20348
20348 3 18364 20349 23169
20349 4 8508 20350 39417 46040
20350 3 20351 24801 41077
20351 4 1680 20352 32112 43908
20352 2 20353 34827
20353 1 20354
20354 2 20355 36009
20355 2 20356 37352
20356 2 20357 35389
20357 2 20358 31396
20358 2 6619 20359
20359 2 16420 20360
20360 3 20361 29982 36398
20361 3 17422 20362 47265
20362 1 20363
20363 3 15803 20364 43905
20364 3 293 13233 20365
20365 2 20366 39254
20366 4 16912 20367 27348 36524
20367 1 20368
20368 2 1047 20369
20369 2 20370 40830
20370 1 20371
20371 3 20372 22665 36209
20372 3 13784 20373 43754
20373 2 3957 20374
20374 2 20375 36432
20375 2 20376 28021
20376 2 8078 20377
20377 3 12471 18201 20378
20378 2 20379 38430
20379 3 1259 20380 27198
20380 2 9124 20381
20381 4 1931 7730 20382 40701
20382 3 20383 26134 28945
20383 4 20384 22249 35539 37886
20384 2 20385 47865
20385 3 2887 11107 20386
20386 1 20387
20387 2 8267 20388
20388 1 20389
20389 1 20390
20390 2 20391 26224
20391 1 20392
20392 1 20393
20393 2 20394 23580
20394 3 18530 20395 40855
20395 2 12953 20396
20396 1 20397
20397 1 20398
20398 1 20399
20399 2 20400 37565
20400 2 20401 47449
20401 3 20402 40714 45875
20402 2 14566 20403
20403 2 2691 20404
20404 4 18414 20405 30411 35159
20405 1 20406
20406 1 20407
20407 1 20408
20408 2 7950 20409
20409 1 20410
20410 2 20411 24266
20411 2 20412 21134
20412 2 20413 42702
20413 2 1679 20414
20414 1 20415
20415 4 11310 20416 40614 45035
20416 1 20417
20417 3 20418 30447 36609
20418 3 5400 20419 27049
20419 2 15542 20420
20420 3 20421 27607 32150
20421 1 20422
20422 1 20423
20423 1 20424
20424 1 20425
20425 1 20426
20426 1 20427
20427 3 12379 20428 43673
20428 2 20429 45016
20429 2 4747 20430
20430 1 20431
20431 3 20432 30268 34767
20432 2 20433 29878
20433 1 20434
20434 1 20435
20435 2 12361 20436
20436 1 20437
20437 1 20438
20438 2 4174 20439
20439 3 19180 20440 45893
20440 2 20441 24354
20441 3 20442 26605 28252
20442 2 15864 20443
20443 4 19782 20444 36731 37485
20444 1 20445
20445 3 18441 20446 28547
20446 2 20447 41595
20447 2 20448 34547
20448 1 20449
20449 1 20450
20450 1 20451
20451 2 20452 28562
20452 4 17106 20453 34310 37432
20453 1 20454
20454 2 8656 20455
20455 3 5845 20456 21292
20456 3 20457 37533 38330
20457 2 17510 20458
20458 1 20459
20459 3 20460 30388 35437
20460 3 3067 17559 20461
20461 1 20462
20462 2 20463 26415
20463 1 20464
20464 3 15377 20465 48260
20465 1 20466
20466 2 20467 28436
20467 4 10560 20468 20679 34311
20468 4 18108 20469 43216 49398
20469 2 20470 30522
20470 1 20471
20471 3 20472 25392 28165
20472 1 20473
20473 2 20474 46693
20474 2 10925 20475
20475 3 20476 32197 35724
20476 3 20477 42687 45886
20477 3 20478 21408 47393
20478 1 20479
20479 1 20480
20480 2 20481 49826
20481 2 20482 42524
20482 2 7924 20483
20483 1 20484
20484 2 20485 31048
20485 4 20486 30587 32675 33081
20486 1 20487
20487 2 20488 45033
20488 3 11274 20489 23877
20489 2 5876 20490
20490 2 20491 44716
20491 1 20492
20492 2 20493 43397
20493 2 20494 21032
20494 2 20495 39004
20495 2 13070 20496
20496 2 20497 23658
20497 1 20498
20498 2 20499 41301
20499 1 20500
20500 2 20501 26099
20501 2 7664 20502
20502 3 12788 20503 42242
20503 2 13073 20504
20504 1 20505
20505 2 880 20506
20506 2 20507 32045
20507 2 4366 20508
20508 2 18908 20509
20509 2 9930 20510
20510 3 20511 26023 46057
20511 2 20512 39619
20512 1 20513
20513 1 20514
20514 1 20515
20515 3 12000 20516 43141
20516 2 20517 26796
20517 1 20518
20518 2 20519 21161
20519 5 6802 12984 20520 22258 47304
20520 1 20521
20521 1 20522
20522 1 20523
20523 2 20524 45743
20524 2 20525 47746
20525 2 20526 35864
20526 2 20527 33352
20527 2 20528 39213
20528 2 15680 20529
20529 3 20530 20883 28727
20530 1 20531
20531 3 20532 24258 32843
20532 1 20533
20533 2 19093 20534
20534 3 13156 20535 32583
20535 3 18863 20536 38874
20536 1 20537
20537 3 14035 20538 24710
20538 3 4030 11512 20539
20539 2 5536 20540
20540 2 18281 20541
20541 1 20542
20542 2 20543 25034
20543 2 20544 45377
20544 3 4116 20545 21633
20545 1 20546
20546 2 20547 45576
20547 3 20548 27257 41865
20548 3 20549 39566 47294
20549 1 20550
20550 4 1346 11386 14380 20551
20551 3 13075 20552 39528
20552 2 15897 20553
20553 2 20554 22349
20554 2 5226 20555
20555 2 16160 20556
20556 2 20557 37879
20557 2 19822 20558
20558 1 20559
20559 2 20560 49607
20560 2 20561 37662
20561 2 20562 21520
20562 1 20563
20563 2 10257 20564
20564 4 4186 15705 20565 42672
20565 2 20566 44231
20566 3 19052 20567 34830
20567 1 20568
20568 3 19168 19372 20569
20569 2 20570 22274
20570 1 20571
20571 6 9129 16630 16876 19898 20572 45870
20572 1 20573
20573 2 20574 32464
20574 4 20575 41691 45323 46980
20575 1 20576
20576 2 20577 27389
20577 3 5084 20578 38049
20578 2 11290 20579
20579 1 20580
20580 2 15897 20581
20581 6 1197 6216 15147 20582 27794 46369
20582 3 9542 16481 20583
20583 1 20584
20584 1 20585
20585 2 20586 43909
20586 1 20587
20587 1 20588
20588 1 20589
20589 1 20590
20590 1 20591
20591 1 20592
20592 1 20593
20593 2 5069 20594
20594 2 20595 49155
20595 2 20596 44548
20596 2 14735 20597
20597 4 18732 20598 30985 43740
20598 2 702 20599
20599 3 5519 20600 33928
20600 1 20601
20601 2 16239 20602
20602 2 396 20603
20603 1 20604
20604 3 19585 20605 34542
20605 1 20606
20606 2 14655 20607
20607 2 20608 36312
20608 1 20609
20609 4 20498 20610 27795 48984
20610 5 6828 12960 20611 23840 29201
20611 3 20612 39735 47424
20612 1 20613
20613 2 7545 20614
20614 1 20615
20615 3 19434 20616 26821
20616 2 20617 32574
20617 2 12886 20618
20618 3 13570 16393 20619
20619 3 14795 20620 36124
20620 4 17672 20621 33287 44553
20621 3 20622 26774 28253
20622 1 20623
20623 2 20624 42512
20624 1 20625
20625 3 20626 24711 31835
20626 2 15043 20627
20627 2 1111 20628
20628 2 20629 26750
20629 2 7256 20630
20630 2 20631 43923
20631 2 20632 43325
20632 2 1017 20633
20633 3 20634 42487 47536
20634 2 13967 20635
20635 1 20636
20636 1 20637
20637 2 20638 31890
20638 1 20639
20639 1 20640
20640 2 20641 25138
20641 3 20642 22254 42651
20642 2 20643 26591
20643 1 20644
20644 2 20645 46772
20645 2 20646 37709
20646 3 20647 38154 43805
20647 2 10930 20648
20648 2 20649 44945
20649 2 20650 43768
20650 3 4397 5845 20651
20651 3 550 20652 42971
20652 1 20653
20653 3 20654 37659 42153
20654 2 20655 36237
20655 3 5107 20656 45371
20656 1 20657
20657 2 20658 33471
20658 3 19505 20659 23826
20659 2 19755 20660
20660 3 6466 20661 49523
20661 1 20662
20662 2 13226 20663
20663 5 2028 20664 27286 32773 36252
20664 3 18937 20665 40080
20665 1 20666
20666 2 20380 20667
20667 1 20668
20668 1 20669
20669 4 2116 20670 26951 29664
20670 1 20671
20671 1 20672
20672 2 6037 20673
20673 2 4818 20674
20674 2 20675 31647
20675 3 370 20676 38670
20676 3 3411 16457 20677
20677 1 20678
20678 3 20679 43572 44221
20679 2 20680 38745
20680 1 20681
20681 2 20682 32492
20682 2 20683 21088
20683 1 20684
20684 1 20685
20685 2 555 20686
20686 2 20687 22733
20687 1 20688
20688 2 782 20689
20689 1 20690
20690 2 20691 39132
20691 3 20692 27053 32805
20692 1 20693
20693 1 20694
20694 1 20695
20695 3 1688 20696 25841
20696 1 20697
20697 1 20698
20698 5 19491 20699 22645 29857 29892
20699 1 20700
20700 3 2264 12742 20701
20701 1 20702
20702 2 20703 31412
20703 1 20704
20704 2 10866 20705
20705 3 11228 14647 20706
20706 1 20707
20707 2 20708 44796
20708 1 20709
20709 1 20710
20710 2 17697 20711
20711 2 20712 38552
20712 3 20713 31408 34170
20713 2 20714 29890
20714 2 20715 25141
20715 2 20716 43128
20716 1 20717
20717 2 19408 20718
20718 2 10130 20719
20719 2 20720 39936
20720 1 20721
20721 1 20722
20722 1 20723
20723 1 20724
20724 3 20725 32399 32623
20725 4 10748 20726 40868 40932
20726 2 20727 31789
20727 1 20728
20728 1 20729
20729 2 20730 41986
20730 2 20731 28837
20731 1 20732
20732 3 20733 32011 33949
20733 1 20734
20734 2 20735 47654
20735 2 9420 20736
20736 3 8258 20737 28644
20737 1 20738
20738 3 19051 20739 29913
20739 2 20740 26378
20740 1 20741
20741 3 20742 21425 43790
20742 2 9998 20743
20743 3 20744 34064 36759
20744 2 20745 36877
20745 2 20746 27977
20746 2 20747 47558
20747 4 1417 20748 33577 49775
20748 2 20749 42552
20749 2 7159 20750
20750 1 20751
20751 5 9754 20752 29988 45522 47255
20752 1 20753
20753 3 20754 40152 44411
20754 1 20755
20755 3 20756 22504 44675
20756 4 7691 20757 26508 36842
20757 1 20758
20758 1 20759
20759 1 20760
20760 1 20761
20761 3 20762 31710 47729
20762 3 4091 20763 25736
20763 1 20764
20764 2 13287 20765
20765 2 20766 44815
20766 2 20068 20767
20767 1 20768
20768 1 20769
20769 1 20770
20770 3 20301 20771 40284
20771 4 11255 20772 25393 31507
20772 1 20773
20773 5 11292 12205 13985 20774 40109
20774 2 9213 20775
20775 3 19083 20776 23118
20776 2 20777 42775
20777 3 4133 4271 20778
20778 1 20779
20779 1 20780
20780 4 15498 20781 28335 48199
20781 4 3785 20782 29446 37902
20782 1 20783
20783 2 20784 28381
20784 2 20785 20863
20785 3 14339 20786 47115
20786 3 20787 36794 38862
20787 1 20788
20788 1 20789
20789 3 20790 23841 48052
20790 3 12418 14534 20791
20791 1 20792
20792 3 18346 20793 36370
20793 1 20794
20794 2 20795 21930
20795 1 20796
20796 1 20797
20797 1 20798
20798 2 8696 20799
20799 1 20800
20800 1 20801
20801 4 15098 15178 20802 44988
20802 1 20803
20803 1 20804
20804 1 20805
20805 1 20806
20806 3 12749 20807 48677
20807 1 20808
20808 3 8774 20809 40149
20809 2 6849 20810
20810 2 20811 30334
20811 1 20812
20812 1 20813
20813 3 7354 20519 20814
20814 2 20815 23396
20815 2 11454 20816
20816 2 20817 22523
20817 3 9314 20818 42816
20818 1 20819
20819 2 20820 40551
20820 2 20821 32166
20821 1 20822
20822 1 20823
20823 1 20824
20824 2 20825 46779
20825 2 18047 20826
20826 1 20827
20827 2 15850 20828
20828 1 20829
20829 1 20830
20830 2 4189 20831
20831 1 20832
20832 2 20833 25944
20833 1 20834
20834 2 20835 32983
20835 1 20836
20836 3 1655 20837 43132
20837 1 20838
20838 1 20839
20839 1 20840
20840 1 20841
20841 1 20842
20842 3 5801 20843 47062
20843 3 3247 18245 20844
20844 2 20845 26647
20845 2 17331 20846
20846 1 20847
20847 1 20848
20848 3 20849 30927 40264
20849 2 20850 21292
20850 1 20851
20851 3 7616 15022 20852
20852 2 20853 26597
20853 2 12565 20854
20854 4 8467 20855 36979 43220
20855 2 11814 20856
20856 1 20857
20857 2 8439 20858
20858 1 20859
20859 1 20860
20860 1 20861
20861 1 20862
20862 2 12437 20863
20863 2 11723 20864
20864 1 20865
20865 2 2231 20866
20866 1 20867
20867 2 20868 34555
20868 2 20869 46822
20869 5 20870 24183 39657 41110 47256
20870 4 20871 26215 34360 44327
20871 2 20872 48498
20872 3 20873 21345 42497
20873 1 20874
20874 2 20875 23237
20875 2 20876 39176
20876 1 20877
20877 1 20878
20878 3 7172 10510 20879
20879 5 18777 20880 21769 28947 47696
20880 1 20881
20881 1 20882
20882 2 14675 20883
20883 2 8938 20884
20884 3 6405 20885 39000
20885 2 20886 46739
20886 3 20887 22538 42397
20887 2 8666 20888
20888 2 20889 27419
20889 1 20890
20890 1 20891
20891 2 20892 41957
20892 2 14623 20893
20893 1 20894
20894 1 20895
20895 1 20896
20896 4 9420 11888 20897 23487
20897 2 20024 20898
20898 2 20899 36655
20899 2 20900 22442
20900 1 20901
20901 3 18346 20902 24602
20902 2 20903 39304
20903 1 20904
20904 3 14813 20905 26141
20905 3 20906 21098 47066
20906 2 20907 28438
20907 3 13169 20908 24933
20908 2 16020 20909
20909 3 20910 25327 30844
20910 1 20911
20911 1 20912
20912 2 20913 42041
20913 2 20914 49626
20914 3 1191 20915 43091
20915 1 20916
20916 3 20917 25107 46604
20917 2 17302 20918
20918 2 14096 20919
20919 1 20920
20920 4 20921 25644 33484 45307
20921 1 20922
20922 1 20923
20923 1 20924
20924 3 3016 9626 20925
20925 1 20926
20926 4 9447 10064 20927 34651
20927 2 20928 41101
20928 2 20929 40957
20929 2 20930 31130
20930 2 11533 20931
20931 1 20932
20932 2 19209 20933
20933 1 20934
20934 1 20935
20935 1 20936
20936 2 15381 20937
20937 2 20938 39448
20938 4 4875 8774 20939 39403
20939 2 15691 20940
20940 2 20941 25067
20941 3 6851 20942 27500
20942 3 20943 23830 30942
20943 1 20944
20944 2 18197 20945
20945 1 20946
20946 4 6695 20947 25938 30412
20947 3 20683 20948 32854
20948 2 11892 20949
20949 2 12237 20950
20950 4 20951 20969 29755 38540
20951 2 11174 20952
20952 4 13583 17830 20953 48102
20953 1 20954
20954 3 754 20955 26019
20955 3 3302 16547 20956
20956 1 20957
20957 3 20958 36297 38590
20958 4 9212 10849 10920 20959
20959 2 20960 45085
20960 1 20961
20961 1 20962
20962 2 20963 22771
20963 1 20964
20964 1 20965
20965 2 7291 20966
20966 2 20967 44602
20967 3 20968 34228 44916
20968 1 20969
20969 2 20970 41337
20970 3 2142 10686 20971
20971 3 20972 31709 46365
20972 1 20973
20973 2 8149 20974
20974 2 20975 23664
20975 2 20366 20976
20976 1 20977
20977 2 20978 44896
20978 2 8179 20979
20979 3 12495 20980 33763
20980 2 20981 31585
20981 2 20982 40951
20982 2 20983 38042
20983 1 20984
20984 1 20985
20985 3 18141 20986 25460
20986 1 20987
20987 3 9831 20988 31931
20988 3 17039 20989 30740
20989 3 20990 34702 38143
20990 1 20991
20991 2 20992 43044
20992 1 20993
20993 2 5658 20994
20994 2 2710 20995
20995 2 20996 44900
20996 2 12916 20997
20997 3 20998 23289 26070
20998 4 7205 20999 30568 33665
20999 3 21000 39618 44576
21000 2 21001 39054
21001 3 21002 22768 45131
21002 2 21003 40045
21003 4 21004 23482 48269 48294
21004 1 21005
21005 4 8815 20830 21006 26231
21006 2 5209 21007
21007 2 19837 21008
21008 1 21009
21009 1 21010
21010 1 21011
21011 2 17573 21012
21012 2 21013 49280
21013 2 21014 36502
21014 2 19309 21015
21015 2 21016 31446
21016 1 21017
21017 5 13313 21018 27681 32176 45281
21018 2 21019 38911
21019 1 21020
21020 2 960 21021
21021 2 19433 21022
21022 1 21023
21023 2 15298 21024
21024 1 21025
21025 2 21026 45707
21026 3 14158 21027 30700
21027 3 7507 21028 37978
21028 3 2381 21029 22605
21029 1 21030
21030 3 9989 14063 21031
21031 2 21032 44330
21032 1 21033
21033 1 21034
21034 1 21035
21035 2 21036 38958
21036 4 21037 27180 27508 35277
21037 4 7473 21038 21733 43386
21038 1 21039
21039 1 21040
21040 2 21041 34388
21041 2 21042 33281
21042 4 7531 13666 21043 38574
21043 1 21044
21044 2 15127 21045
21045 3 21046 33712 49866
21046 1 21047
21047 1 21048
21048 2 21049 49616
21049 2 21050 27891
21050 2 21051 26785
21051 1 21052
21052 1 21053
21053 4 19363 21054 38274 43538
21054 1 21055
21055 1 21056
21056 2 21057 47364
21057 1 21058
21058 1 21059
21059 2 4471 21060
21060 2 21061 43576
21061 2 21062 48773
21062 3 2378 21063 27470
21063 3 10677 21064 45689
21064 2 2137 21065
21065 1 21066
21066 2 8332 21067
21067 1 21068
21068 3 790 21069 49723
21069 1 21070
21070 2 15835 21071
21071 2 8425 21072
21072 3 2415 9442 21073
21073 3 16906 21074 48173
21074 3 16408 21075 36839
21075 4 1385 10514 21076 45758
21076 1 21077
21077 2 21078 31671
21078 4 21079 25314 35391 39921
21079 3 15657 21080 36642
21080 1 21081
21081 3 15085 21082 34373
21082 4 13343 21083 43043 48423
21083 2 21084 37605
21084 1 21085
21085 1 21086
21086 3 21087 29377 33125
21087 1 21088
21088 2 5559 21089
21089 1 21090
21090 1 21091
21091 2 21092 33782
21092 2 3685 21093
21093 2 21094 25665
21094 1 21095
21095 2 21096 47562
21096 1 21097
21097 1 21098
21098 1 21099
21099 1 21100
21100 1 21101
21101 3 1379 16242 21102
21102 1 21103
21103 2 5557 21104
21104 1 21105
21105 2 21106 44738
21106 1 21107
21107 1 21108
21108 1 21109
21109 2 21110 35645
21110 1 21111
21111 1 21112
21112 2 21113 32050
21113 2 20160 21114
21114 2 21115 49635
21115 4 21116 32289 37334 48946
21116 2 21117 39965
21117 1 21118
21118 1 21119
21119 2 13768 21120
21120 1 21121
21121 3 5142 21122 47475
21122 2 2622 21123
21123 2 20190 21124
21124 2 21125 47434
21125 1 21126
21126 2 21127 47190
21127 1 21128
21128 2 18344 21129
21129 2 20658 21130
21130 3 20992 21131 38851
21131 2 21132 47092
21132 1 21133
21133 3 21134 39508 40001
21134 2 21135 24383
21135 2 21136 42834
21136 1 21137
21137 2 21138 37116
21138 2 21139 30193
21139 1 21140
21140 2 21141 48223
21141 1 21142
21142 2 21143 31866
21143 3 11165 21144 40793
21144 1 21145
21145 2 1115 21146
21146 1 21147
21147 1 21148
21148 2 14601 21149
21149 3 21150 31637 40447
21150 4 21151 28717 34250 37943
21151 1 21152
21152 4 11023 16071 17213 21153
21153 1 21154
21154 2 21155 40982
21155 1 21156
21156 3 13658 21157 35617
21157 2 21158 31034
21158 3 14446 21159 31925
21159 1 21160
21160 4 701 12395 21161 39098
21161 1 21162
21162 2 17189 21163
21163 2 8307 21164
21164 2 21165 41198
21165 1 21166
21166 3 6089 21167 46715
21167 2 14769 21168
21168 3 5996 20529 21169
21169 2 5364 21170
21170 1 21171
21171 2 17613 21172
21172 1 21173
21173 2 21174 23635
21174 2 21175 28547
21175 1 21176
21176 1 21177
21177 3 21178 21181 35563
21178 5 913 5031 14571 21179 46208
21179 1 21180
21180 2 21181 48064
21181 3 21182 29040 48898
21182 3 1408 16231 21183
21183 3 18993 21184 44774
21184 2 3110 21185
21185 1 21186
21186 2 21187 38683
21187 1 21188
21188 1 21189
21189 2 18513 21190
21190 3 3292 21191 44330
21191 1 21192
21192 3 2690 21193 25996
21193 2 21194 30613
21194 3 9009 11470 21195
21195 1 21196
21196 2 19819 21197
21197 4 21198 25200 39488 47991
21198 2 17401 21199
21199 3 21200 28186 30332
21200 3 4273 21201 24166
21201 2 21202 40972
21202 1 21203
21203 1 21204
21204 3 5851 21205 30147
21205 1 21206
21206 2 21207 30573
21207 3 39 21208 32998
21208 2 21209 30630
21209 2 21210 33370
21210 1 21211
21211 2 16090 21212
21212 3 17117 21213 33372
21213 2 21214 29740
21214 1 21215
21215 3 1506 16537 21216
21216 1 21217
21217 1 21218
21218 2 21219 21499
21219 4 21220 22133 34237 36296
21220 2 21221 49794
21221 1 21222
21222 2 21223 43538
21223 3 15894 21224 40095
21224 2 21225 31384
21225 1 21226
21226 1 21227
21227 2 6152 21228
21228 2 17153 21229
21229 3 12477 17805 21230
21230 3 17845 19341 21231
21231 1 21232
21232 3 2623 12266 21233
21233 2 21234 29662
21234 2 3276 21235
21235 1 21236
21236 2 15713 21237
21237 2 21238 31040
21238 2 4662 21239
21239 2 21240 27670
21240 1 21241
21241 4 4575 17406 21242 30625
21242 2 9525 21243
21243 1 21244
21244 2 15530 21245
21245 4 17720 21246 31156 40289
21246 3 2808 21247 49665
21247 2 21248 44157
21248 3 21249 35814 35952
21249 3 3180 19420 21250
21250 3 14918 17326 21251
21251 3 12202 21252 32785
21252 1 21253
21253 2 672 21254
21254 2 21255 42592
21255 4 19069 21256 21582 27692
21256 4 6079 21257 25118 40148
21257 1 21258
21258 2 275 21259
21259 2 21260 33337
21260 1 21261
21261 3 3357 21262 31370
21262 2 13494 21263
21263 1 21264
21264 1 21265
21265 1 21266
21266 3 12746 21267 29569
21267 2 21268 36508
21268 1 21269
21269 1 21270
21270 3 19412 21271 41924
21271 1 21272
21272 1 21273
21273 1 21274
21274 4 4741 4956 20087 21275
21275 3 21276 43238 44173
21276 1 21277
21277 2 21278 26199
21278 5 2438 21279 31365 32090 35522
21279 2 6640 21280
21280 2 8756 21281
21281 1 21282
21282 3 16099 21283 37452
21283 2 21284 26067
21284 2 21285 22332
21285 1 21286
21286 1 21287
21287 1 21288
21288 1 21289
21289 3 4571 13809 21290
21290 1 21291
21291 1 21292
21292 1 21293
21293 2 21294 46634
21294 1 21295
21295 4 4393 21296 25261 35296
21296 1 21297
21297 1 21298
21298 3 4690 21299 25506
21299 3 6746 21300 31452
21300 2 17131 21301
21301 2 21302 24536
21302 1 21303
21303 2 7249 21304
21304 2 21305 46434
21305 1 21306
21306 1 21307
21307 5 1466 21308 28731 38818 43443
21308 1 21309
21309 3 21310 29347 37933
21310 1 21311
21311 2 21312 35772
21312 4 2251 16252 21313 38061
21313 2 9826 21314
21314 2 21315 39771
21315 1 21316
21316 1 21317
21317 3 21318 25469 47111
21318 2 20422 21319
21319 2 21320 37252
21320 3 11048 21321 38603
21321 2 21322 39912
21322 3 4540 5559 21323
21323 4 12542 21324 24013 32573
21324 3 3222 15847 21325
21325 4 13482 21326 31208 38407
21326 3 5403 21327 37005
21327 1 21328
21328 1 21329
21329 1 21330
21330 3 21331 21693 38110
21331 2 21332 40301
21332 1 21333
21333 2 21334 36192
21334 2 3995 21335
21335 1 21336
21336 1 21337
21337 3 21338 39069 44348
21338 1 21339
21339 1 21340
21340 1 21341
21341 1 21342
21342 1 21343
21343 2 21344 35664
21344 1 21345
21345 1 21346
21346 3 1696 21347 39645
21347 3 8444 15445 21348
21348 4 11046 21349 27114 36293
21349 1 21350
21350 1 21351
21351 1 21352
21352 3 13588 17679 21353
21353 2 21354 26221
21354 3 7546 21355 41186
21355 2 7865 21356
21356 1 21357
21357 3 21358 33878 38682
21358 3 9105 21359 22217
21359 1 21360
21360 3 17905 21361 27657
21361 1 21362
21362 4 1943 21363 40042 49497
21363 2 21364 39243
21364 4 21140 21365 26810 40633
21365 1 21366
21366 4 2073 21367 33424 37697
21367 1 21368
21368 1 21369
21369 1 21370
21370 1 21371
21371 2 2141 21372
21372 3 17966 21373 46055
21373 3 1314 21374 21779
21374 2 21375 38341
21375 1 21376
21376 3 6580 21377 49374
21377 1 21378
21378 1 21379
21379 1 21380
21380 3 1803 21381 37141
21381 2 21382 42184
21382 2 21383 24445
21383 3 21384 23146 31106
21384 1 21385
21385 3 9360 19761 21386
21386 1 21387
21387 2 21388 35570
21388 2 13065 21389
21389 2 21390 42834
21390 3 14942 21391 36497
21391 1 21392
21392 1 21393
21393 2 19951 21394
21394 2 21395 44293
21395 3 6651 21396 45350
21396 1 21397
21397 1 21398
21398 2 21399 29444
21399 1 21400
21400 1 21401
21401 1 21402
21402 4 6992 21403 32305 49242
21403 1 21404
21404 3 3311 21405 36624
21405 1 21406
21406 2 21287 21407
21407 1 21408
21408 1 21409
21409 1 21410
21410 2 21411 34084
21411 2 12037 21412
21412 3 21413 36688 46195
21413 4 2549 21180 21414 27817
21414 2 21415 38533
21415 2 18358 21416
21416 3 21417 21743 31268
21417 4 7392 11175 21418 28438
21418 3 21419 23151 47671
21419 1 21420
21420 4 8975 21421 29686 43852
21421 2 21422 38181
21422 3 21423 23316 37759
21423 2 21424 29489
21424 3 21425 40200 43668
21425 3 21426 37472 44901
21426 2 21427 34373
21427 1 21428
21428 3 21429 31809 49404
21429 3 20381 21430 49471
21430 1 21431
21431 1 21432
21432 1 21433
21433 1 21434
21434 2 14008 21435
21435 2 21436 49418
21436 5 6186 7274 15574 21437 42628
21437 1 21438
21438 2 17742 21439
21439 2 21440 43181
21440 1 21441
21441 3 5001 21442 23981
21442 1 21443
21443 3 21444 42851 44222
21444 3 13844 18138 21445
21445 1 21446
21446 2 21447 39728
21447 1 21448
21448 1 21449
21449 3 21450 39632 43618
21450 2 21451 25024
21451 4 10106 21452 24573 31584
21452 3 173 21453 23215
21453 3 6371 21454 28915
21454 4 4214 12255 14773 21455
21455 2 2131 21456
21456 1 21457
21457 1 21458
21458 4 15859 21459 39690 49058
21459 2 21460 34329
21460 3 21461 27168 37640
21461 2 21462 48176
21462 3 10242 21463 32238
21463 2 9083 21464
21464 1 21465
21465 3 1925 9952 21466
21466 2 21467 33455
21467 1 21468
21468 3 13260 17168 21469
21469 3 20717 21470 29510
21470 1 21471
21471 1 21472
21472 2 7924 21473
21473 1 21474
21474 2 6859 21475
21475 1 21476
21476 2 21477 35075
21477 2 21478 26902
21478 1 21479
21479 1 21480
21480 4 10269 18776 21481 32331
21481 2 7114 21482
21482 1 21483
21483 1 21484
21484 1 21485
21485 2 21486 41842
21486 3 12110 21487 40134
21487 4 2285 8424 21488 28463
21488 3 18305 21489 34644
21489 3 10920 21490 36403
21490 3 1742 18713 21491
21491 2 11356 21492
21492 1 21493
21493 1 21494
21494 3 5476 21495 26718
21495 3 1212 12841 21496
21496 2 21235 21497
21497 2 21498 45398
21498 3 21499 24120 30611
21499 5 2231 21500 27027 35506 43968
21500 2 14447 21501
21501 1 21502
21502 2 3881 21503
21503 2 5538 21504
21504 1 21505
21505 1 21506
21506 1 21507
21507 2 13867 21508
21508 2 15874 21509
21509 4 236 16761 21510 40469
21510 3 19720 21511 31997
21511 3 2549 21512 26504
21512 2 8187 21513
21513 1 21514
21514 3 2041 17860 21515
21515 2 21516 49825
21516 2 8823 21517
21517 2 21518 26846
21518 1 21519
21519 2 21520 24598
21520 1 21521
21521 2 21522 25555
21522 3 5600 16984 21523
21523 1 21524
21524 2 21525 40006
21525 2 21526 30709
21526 2 21527 23735
21527 1 21528
21528 2 21529 49337
21529 3 21530 42717 45311
21530 3 21531 25998 39688
21531 1 21532
21532 2 7673 21533
21533 3 13228 21534 43318
21534 1 21535
21535 2 21536 38928
21536 3 14741 21537 45031
21537 4 8683 21538 26235 39112
21538 3 4218 19668 21539
21539 1 21540
21540 3 13880 21541 35925
21541 2 21542 40527
21542 3 12076 21543 45833
21543 3 10585 21544 30579
21544 2 15 21545
21545 2 21546 49876
21546 1 21547
21547 2 17170 21548
21548 2 21549 21850
21549 2 21550 32486
21550 2 11793 21551
21551 4 17056 21552 44854 47542
21552 1 21553
21553 3 5830 6787 21554
21554 1 21555
21555 1 21556
21556 2 21557 43370
21557 4 20547 21558 42154 43248
21558 2 21559 40691
21559 4 2118 3702 21560 46630
21560 2 14994 21561
21561 1 21562
21562 1 21563
21563 1 21564
21564 2 7087 21565
21565 2 21566 46171
21566 3 2326 21567 21589
21567 2 17462 21568
21568 1 21569
21569 1 21570
21570 1 21571
21571 1 21572
21572 2 21573 44366
21573 1 21574
21574 1 21575
21575 1 21576
21576 1 21577
21577 2 290 21578
21578 1 21579
21579 1 21580
21580 1 21581
21581 1 21582
21582 3 15997 21583 34631
21583 1 21584
21584 1 21585
21585 4 819 17854 21586 36314
21586 3 21587 22462 43127
21587 3 1078 14971 21588
21588 1 21589
21589 1 21590
21590 1 21591
21591 3 5164 21592 40535
21592 4 4939 13341 19678 21593
21593 1 21594
21594 1 21595
21595 1 21596
21596 3 21597 31941 48141
21597 3 21598 32172 40340
21598 1 21599
21599 5 3685 14669 21600 30796 35409
21600 2 21601 49079
21601 2 21602 48628
21602 3 1119 2869 21603
21603 1 21604
21604 1 21605
21605 2 21606 44259
21606 4 19179 21607 33664 36671
21607 3 6307 21608 36832
21608 2 13825 21609
21609 3 14446 20918 21610
21610 2 21611 23783
21611 3 21612 28492 33365
21612 2 21613 27138
21613 3 21614 37775 41386
21614 2 21615 34466
21615 1 21616
21616 2 10468 21617
21617 2 16306 21618
21618 1 21619
21619 2 4849 21620
21620 2 17876 21621
21621 3 15894 17151 21622
21622 2 2305 21623
21623 1 21624
21624 4 21625 24080 35629 35791
21625 2 8402 21626
21626 2 21627 35944
21627 2 18891 21628
21628 2 20259 21629
21629 4 21630 22938 29060 37922
21630 4 21631 30749 42282 42930
21631 3 11301 21632 44739
21632 1 21633
21633 1 21634
21634 2 21635 35115
21635 2 21636 47608
21636 2 7209 21637
21637 2 21638 24916
21638 2 21639 23946
21639 1 21640
21640 1 21641
21641 2 6661 21642
21642 3 21643 39764 40359
21643 1 21644
21644 1 21645
21645 1 21646
21646 1 21647
21647 2 6194 21648
21648 3 15609 21649 33488
21649 1 21650
21650 1 21651
21651 1 21652
21652 3 21653 26818 46991
21653 1 21654
21654 2 21655 29996
21655 2 21656 46440
21656 1 21657
21657 4 8636 15352 21658 31635
21658 3 21659 26453 32768
21659 1 21660
21660 3 11903 14479 21661
21661 4 10307 19823 21662 43496
21662 2 9881 21663
21663 2 21664 41669
21664 1 21665
21665 2 21666 49299
21666 1 21667
21667 1 21668
21668 2 21669 27568
21669 4 12717 21670 33955 42779
21670 1 21671
21671 2 7989 21672
21672 3 5395 17878 21673
21673 5 3523 21674 26353 35739 42926
21674 1 21675
21675 1 21676
21676 1 21677
21677 3 21678 24425 33196
21678 2 21679 30033
21679 1 21680
21680 4 21681 30033 36213 47911
21681 1 21682
21682 1 21683
21683 1 21684
21684 2 21685 43428
21685 2 2134 21686
21686 1 21687
21687 3 5266 21688 42708
21688 1 21689
21689 2 16549 21690
21690 2 21691 37096
21691 4 21692 25026 38195 40427
21692 1 21693
21693 6 1573 4003 5940 21694 28663 34244
21694 2 21070 21695
21695 2 21696 24089
21696 1 21697
21697 1 21698
21698 1 21699
21699 2 21700 32215
21700 4 11334 21279 21701 22970
21701 2 11953 21702
21702 2 21703 25279
21703 3 7713 21704 49312
21704 4 5933 15049 21705 34344
21705 2 21706 34997
21706 3 5357 10204 21707
21707 1 21708
21708 3 9534 15275 21709
21709 4 19020 21710 33446 39388
21710 4 9747 21711 24497 41334
21711 4 10849 21712 42674 47936
21712 3 241 5079 21713
21713 3 13371 21714 43926
21714 2 21715 35953
21715 3 11971 14033 21716
21716 2 21717 45346
21717 4 16030 21008 21718 23841
21718 2 21719 47894
21719 1 21720
21720 2 21721 36325
21721 4 6169 21722 22969 33268
21722 4 10017 21723 29956 33635
21723 2 21724 23426
21724 6 2788 21725 26375 27962 40313 43486
21725 1 21726
21726 3 15732 21727 42916
21727 2 15774 21728
21728 2 17173 21729
21729 2 11842 21730
21730 3 5840 21731 41348
21731 2 21732 48861
21732 1 21733
21733 1 21734
21734 1 21735
21735 3 21736 28913 36396
21736 2 19896 21737
21737 1 21738
21738 2 21739 25380
21739 3 21740 24736 39864
21740 1 21741
21741 3 2326 21742 29975
21742 2 21743 31791
21743 3 20899 21744 36752
21744 4 8072 9203 21745 47014
21745 5 6601 13047 14481 21746 48274
21746 1 21747
21747 1 21748
21748 3 21157 21749 42590
21749 3 21750 27121 32189
21750 1 21751
21751 3 17991 21752 49276
21752 2 21753 39932
21753 4 18540 19385 21754 44306
21754 3 14576 21755 37310
21755 2 7115 21756
21756 1 21757
21757 1 21758
21758 2 21759 42406
21759 1 21760
21760 2 21761 42117
21761 4 2759 13901 21762 40821
21762 1 21763
21763 1 21764
21764 2 21765 29493
21765 1 21766
21766 1 21767
21767 3 10518 21768 48155
21768 1 21769
21769 1 21770
21770 1 21771
21771 4 21772 32906 32954 44054
21772 2 21773 39327
21773 2 21774 29844
21774 2 21775 31273
21775 2 19078 21776
21776 1 21777
21777 2 21778 35894
21778 2 21779 44312
21779 2 21780 33418
21780 3 16455 17631 21781
21781 2 21782 47850
21782 3 21783 22904 38545
21783 1 21784
21784 1 21785
21785 1 21786
21786 3 21787 28553 41288
21787 2 6740 21788
21788 1 21789
21789 2 3453 21790
21790 2 170 21791
21791 2 3425 21792
21792 2 5844 21793
21793 1 21794
21794 1 21795
21795 1 21796
21796 3 11838 21797 35111
21797 2 21798 27293
21798 4 1371 21799 22633 47827
21799 2 21800 32063
21800 2 21801 37589
21801 2 21802 46213
21802 2 4446 21803
21803 1 21804
21804 3 3992 9501 21805
21805 2 21806 26490
21806 3 21807 45898 46402
21807 2 7475 21808
21808 1 21809
21809 2 10017 21810
21810 3 1317 21811 30090
21811 1 21812
21812 2 18905 21813
21813 1 21814
21814 2 4768 21815
21815 1 21816
21816 1 21817
21817 1 21818
21818 1 21819
21819 4 4206 21820 30185 40851
21820 1 21821
21821 3 3704 21822 38495
21822 2 2432 21823
21823 2 21824 40890
21824 2 21825 22159
21825 1 21826
21826 2 21827 49119
21827 3 21828 26451 38564
21828 2 21829 34686
21829 1 21830
21830 3 20252 21831 48924
21831 5 15340 20214 21832 42502 43991
21832 2 21833 34385
21833 4 10843 21834 28682 29831
21834 1 21835
21835 1 21836
21836 2 21837 25015
21837 3 14399 21838 30393
21838 1 21839
21839 1 21840
21840 4 8299 21841 23571 35162
21841 3 18043 21842 30694
21842 1 21843
21843 4 19864 21844 23286 36066
21844 4 21845 21878 28677 48356
21845 2 21846 25540
21846 2 4786 21847
21847 1 21848
21848 3 21849 27095 27592
21849 1 21850
21850 3 21851 33022 39888
21851 2 14592 21852
21852 4 7342 21853 27076 44637
21853 1 21854
21854 3 9608 21855 39551
21855 2 20666 21856
21856 1 21857
21857 1 21858
21858 1 21859
21859 1 21860
21860 3 8316 21861 35052
21861 3 14410 21862 38311
21862 1 21863
21863 2 21853 21864
21864 2 19539 21865
21865 1 21866
21866 1 21867
21867 2 21868 44344
21868 1 21869
21869 3 18174 21870 26336
21870 2 21871 37816
21871 2 21872 49551
21872 1 21873
21873 2 7473 21874
21874 4 14432 21875 25600 40133
21875 1 21876
21876 2 21877 44327
21877 3 19306 21878 26215
21878 2 21879 45065
21879 4 6581 12260 21880 27046
21880 2 3142 21881
21881 3 7589 21882 47664
21882 3 21883 44082 49067
21883 2 21884 29035
21884 2 21885 36257
21885 2 3696 21886
21886 3 4434 21887 39498
21887 1 21888
21888 1 21889
21889 2 18239 21890
21890 1 21891
21891 3 7666 17408 21892
21892 1 21893
21893 1 21894
21894 3 2809 21895 41890
21895 2 21896 36823
21896 1 21897
21897 4 2807 21898 43907 46432
21898 3 13620 21899 22331
21899 1 21900
21900 2 21901 23214
21901 2 21902 47536
21902 2 21903 45932
21903 3 8264 17154 21904
21904 1 21905
21905 1 21906
21906 1 21907
21907 1 21908
21908 2 20406 21909
21909 1 21910
21910 3 10131 21911 35335
21911 2 21912 26605
21912 3 9996 21913 48806
21913 1 21914
21914 3 4251 4449 21915
21915 1 21916
21916 2 788 21917
21917 1 21918
21918 2 15316 21919
21919 1 21920
21920 2 21921 38470
21921 2 21922 22982
21922 1 21923
21923 3 4289 21924 44102
21924 2 21925 38423
21925 3 19715 21926 34497
21926 1 21927
21927 1 21928
21928 2 21929 37421
21929 5 437 11949 20739 21821 21930
21930 1 21931
21931 2 21932 38797
21932 2 21933 35426
21933 2 21934 22232
21934 3 21935 36154 39359
21935 2 21936 49708
21936 2 16966 21937
21937 3 489 13769 21938
21938 1 21939
21939 3 3560 11385 21940
21940 1 21941
21941 4 21468 21942 22545 37427
21942 1 21943
21943 2 21944 45816
21944 1 21945
21945 2 21946 49475
21946 1 21947
21947 2 427 21948
21948 1 21949
21949 1 21950
21950 2 21233 21951
21951 3 19394 21952 27692
21952 2 21953 27721
21953 3 21954 30095 39349
21954 1 21955
21955 2 21956 32789
21956 4 5623 21957 43737 47829
21957 4 9360 12885 21958 34824
21958 1 21959
21959 1 21960
21960 2 10417 21961
21961 1 21962
21962 1 21963
21963 1 21964
21964 2 21965 34408
21965 1 21966
21966 2 21967 43535
21967 1 21968
21968 4 17822 21969 24321 38111
21969 3 11634 20891 21970
21970 3 21971 33691 37501
21971 1 21972
21972 2 5784 21973
21973 2 14061 21974
21974 1 21975
21975 1 21976
21976 1 21977
21977 2 21978 36661
21978 3 21979 31402 38239
21979 1 21980
21980 1 21981
21981 2 8958 21982
21982 3 3633 3899 21983
21983 2 21984 31922
21984 3 21985 31585 44121
21985 3 9797 21986 41099
21986 3 8911 21987 48935
21987 3 21988 35947 48095
21988 4 16548 21989 32648 33885
21989 2 17950 21990
21990 2 10248 21991
21991 1 21992
21992 2 12870 21993
21993 2 2546 21994
21994 1 21995
21995 2 21996 42996
21996 2 6347 21997
21997 1 21998
21998 1 21999
21999 4 12618 22000 37188 45388
22000 1 22001
22001 1 22002
22002 2 2594 22003
22003 2 5748 22004
22004 2 22005 43157
22005 2 22006 29902
22006 2 22007 39078
22007 2 22008 38267
22008 3 18003 22009 22011
22009 2 14511 22010
22010 1 22011
22011 1 22012
22012 1 22013
22013 4 5231 22014 26090 47497
22014 2 22015 29921
22015 1 22016
22016 4 15220 22017 30487 32112
22017 1 22018
22018 3 8393 22019 34574
22019 4 22020 32675 36271 39333
22020 2 16869 22021
22021 3 732 22022 46759
22022 2 637 22023
22023 2 22024 22558
22024 2 22025 39231
22025 3 22026 22713 34151
22026 3 22027 37890 49705
22027 2 22028 30269
22028 1 22029
22029 3 19026 22030 34189
22030 1 22031
22031 2 309 22032
22032 2 21264 22033
22033 4 6196 22034 22971 27019
22034 2 22035 35177
22035 2 22036 35677
22036 1 22037
22037 1 22038
22038 3 22039 23695 46769
22039 2 22040 24924
22040 1 22041
22041 3 7836 22042 23589
22042 2 22043 40211
22043 3 22044 29205 35459
22044 1 22045
22045 2 22046 43012
22046 2 8986 22047
22047 2 11773 22048
22048 1 22049
22049 1 22050
22050 3 22051 42044 43127
22051 3 17367 22052 26987
22052 2 10783 22053
22053 1 22054
22054 1 22055
22055 3 22056 39090 43712
22056 1 22057
22057 1 22058
22058 1 22059
22059 2 22060 45940
22060 1 22061
22061 4 6129 18553 22062 41342
22062 4 3459 17254 21375 22063
22063 2 8871 22064
22064 3 11510 22065 31592
22065 3 11143 22066 44591
22066 2 22067 35299
22067 1 22068
22068 1 22069
22069 3 1213 22070 39469
22070 2 22071 48853
22071 2 6547 22072
22072 2 22073 22593
22073 2 21538 22074
22074 1 22075
22075 1 22076
22076 2 22077 36216
22077 2 16034 22078
22078 2 22079 39463
22079 2 20359 22080
22080 2 20606 22081
22081 1 22082
22082 2 22083 31114
22083 2 22084 36771
22084 1 22085
22085 3 22086 36843 41541
22086 1 22087
22087 1 22088
22088 1 22089
22089 2 22090 39525
22090 2 14629 22091
22091 1 22092
22092 3 14780 21800 22093
22093 2 22094 48490
22094 2 18135 22095
22095 1 22096
22096 1 22097
22097 3 3013 22098 24863
22098 3 16103 22099 40117
22099 3 22100 27519 42616
22100 2 17442 22101
22101 2 1932 22102
22102 2 21958 22103
22103 1 22104
22104 1 22105
22105 3 16902 22106 43144
22106 3 22107 24291 36098
22107 3 22108 25232 31727
22108 2 22109 30683
22109 2 2502 22110
22110 1 22111
22111 1 22112
22112 2 22113 35327
22113 2 17903 22114
22114 1 22115
22115 2 22116 42199
22116 3 18457 22117 49941
22117 3 5208 18616 22118
22118 1 22119
22119 1 22120
22120 1 22121
22121 2 6369 22122
22122 1 22123
22123 3 1732 9829 22124
22124 1 22125
22125 2 9559 22126
22126 4 10847 22127 32037 40630
22127 1 22128
22128 2 22129 32251
22129 1 22130
22130 1 22131
22131 2 22132 29045
22132 4 14570 22133 24105 24294
22133 5 22134 26376 27923 30493 38930
22134 1 22135
22135 1 22136
22136 3 6682 22137 40527
22137 3 1776 22138 33664
22138 1 22139
22139 3 20711 22140 42814
22140 2 22141 43762
22141 1 22142
22142 2 22143 26487
22143 3 8190 20960 22144
22144 2 3333 22145
22145 3 22146 22168 29738
22146 1 22147
22147 3 22148 23386 24149
22148 2 22149 25869
22149 1 22150
22150 2 14862 22151
22151 1 22152
22152 1 22153
22153 2 12965 22154
22154 1 22155
22155 1 22156
22156 1 22157
22157 1 22158
22158 1 22159
22159 2 17134 22160
22160 2 22161 23618
22161 2 22162 22900
22162 3 12714 15871 22163
22163 2 8967 22164
22164 1 22165
22165 1 22166
22166 3 2139 17388 22167
22167 2 22168 46578
22168 2 4800 22169
22169 4 22039 22170 35451 37514
22170 1 22171
22171 2 22172 32744
22172 3 13163 19294 22173
22173 2 3850 22174
22174 3 18330 22175 23738
22175 2 7661 22176
22176 2 22177 29729
22177 3 11142 22178 33311
22178 2 22179 36397
22179 3 16069 22180 23315
22180 2 8758 22181
22181 4 3815 10266 12667 22182
22182 3 8229 22183 44625
22183 3 25 22184 28935
22184 2 20036 22185
22185 2 8789 22186
22186 2 22187 41620
22187 1 22188
22188 3 2623 22189 48438
22189 2 18980 22190
22190 3 22191 30106 47671
22191 3 3007 22192 34200
22192 3 22193 43783 46022
22193 1 22194
22194 2 15366 22195
22195 2 22196 30036
22196 1 22197
22197 2 22198 28294
22198 1 22199
22199 2 22200 27412
22200 2 22201 22636
22201 1 22202
22202 1 22203
22203 3 19928 22204 25730
22204 1 22205
22205 2 22206 37207
22206 2 868 22207
22207 1 22208
22208 3 1827 15370 22209
22209 4 8477 22210 37630 41523
22210 1 22211
22211 3 13359 14169 22212
22212 1 22213
22213 1 22214
22214 1 22215
22215 1 22216
22216 2 22217 43361
22217 1 22218
22218 3 15374 22219 28781
22219 2 22163 22220
22220 3 15819 20398 22221
22221 2 22222 45064
22222 4 289 18332 22223 46637
22223 2 22224 34664
22224 4 7032 17803 22225 42609
22225 1 22226
22226 1 22227
22227 2 20030 22228
22228 3 22229 26886 47460
22229 1 22230
22230 2 9466 22231
22231 5 30 1543 13042 22232 35348
22232 1 22233
22233 2 22234 37173
22234 1 22235
22235 1 22236
22236 2 22237 42929
22237 3 3194 22238 44187
22238 2 13484 22239
22239 1 22240
22240 2 22241 27846
22241 1 22242
22242 1 22243
22243 2 22244 48489
22244 1 22245
22245 4 22246 33001 34642 43563
22246 4 14328 22247 39258 41998
22247 2 22248 34251
22248 1 22249
22249 1 22250
22250 2 22251 40674
22251 3 22252 31817 34362
22252 1 22253
22253 3 9555 10925 22254
22254 2 13875 22255
22255 1 22256
22256 1 22257
22257 1 22258
22258 2 979 22259
22259 1 22260
22260 1 22261
22261 4 5236 20240 22262 40632
22262 2 2500 22263
22263 1 22264
22264 2 20751 22265
22265 3 8512 22266 27941
22266 2 17069 22267
22267 1 22268
22268 1 22269
22269 3 12595 22270 45346
22270 2 22271 28194
22271 1 22272
22272 1 22273
22273 3 1808 22274 36817
22274 6 6621 21992 22275 25954 43764 45846
22275 2 22276 45368
22276 3 22277 36831 43796
22277 1 22278
22278 1 22279
22279 1 22280
22280 4 14358 20461 22281 42896
22281 1 22282
22282 1 22283
22283 1 22284
22284 1 22285
22285 4 12365 22286 31159 44965
22286 2 22287 35424
22287 1 22288
22288 1 22289
22289 3 20672 22290 36699
22290 3 987 19898 22291
22291 1 22292
22292 2 13149 22293
22293 2 22294 43401
22294 1 22295
22295 3 10884 22296 46777
22296 3 5235 9235 22297
22297 1 22298
22298 1 22299
22299 1 22300
22300 1 22301
22301 1 22302
22302 2 22303 37700
22303 2 22304 27227
22304 2 22305 44946
22305 2 22306 39876
22306 3 9890 22307 22419
22307 3 22308 29757 48745
22308 3 332 22309 45881
22309 1 22310
22310 1 22311
22311 1 22312
22312 1 22313
22313 5 18943 20738 22314 32542 39452
22314 1 22315
22315 2 4999 22316
22316 3 22317 23592 40073
22317 3 3376 22318 49943
22318 3 10820 22319 48400
22319 2 11710 22320
22320 1 22321
22321 2 22322 32599
22322 1 22323
22323 2 1613 22324
22324 3 22325 39258 46776
22325 3 5172 22326 35328
22326 1 22327
22327 1 22328
22328 3 14425 22329 33295
22329 1 22330
22330 1 22331
22331 1 22332
22332 2 239 22333
22333 2 22334 34966
22334 2 8989 22335
22335 2 2249 22336
22336 1 22337
22337 3 2166 22338 34525
22338 1 22339
22339 1 22340
22340 1 22341
22341 3 17341 19562 22342
22342 2 22343 40066
22343 1 22344
22344 2 1690 22345
22345 3 9357 22346 26580
22346 2 22347 35765
22347 1 22348
22348 1 22349
22349 2 22350 43089
22350 1 22351
22351 3 12663 22352 42292
22352 2 22353 48256
22353 4 22354 35672 47223 47522
22354 2 10815 22355
22355 3 2094 22356 27492
22356 3 2706 16310 22357
22357 2 22358 39167
22358 3 9869 22359 29822
22359 1 22360
22360 2 9671 22361
22361 2 22362 46208
22362 2 7847 22363
22363 2 18494 22364
22364 3 13917 21275 22365
22365 2 6167 22366
22366 1 22367
22367 3 10538 22368 33480
22368 1 22369
22369 1 22370
22370 1 22371
22371 1 22372
22372 1 22373
22373 4 3483 22374 47704 49263
22374 2 13350 22375
22375 3 14914 15061 22376
22376 2 22377 23946
22377 2 8074 22378
22378 1 22379
22379 3 22380 25092 41638
22380 1 22381
22381 5 16592 22382 23199 25590 46876
22382 2 8349 22383
22383 1 22384
22384 1 22385
22385 1 22386
22386 1 22387
22387 1 22388
22388 3 6364 22389 24007
22389 2 22390 23420
22390 1 22391
22391 2 6721 22392
22392 3 8881 21032 22393
22393 3 15266 22394 43979
22394 2 22395 27597
22395 1 22396
22396 1 22397
22397 1 22398
22398 2 9762 22399
22399 2 14354 22400
22400 2 5302 22401
22401 3 2546 22402 40845
22402 2 22403 47523
22403 2 19089 22404
22404 2 22405 39006
22405 1 22406
22406 2 22407 27940
22407 4 2418 22408 34358 46652
22408 1 22409
22409 2 2283 22410
22410 2 22411 48098
22411 1 22412
22412 1 22413
22413 1 22414
22414 1 22415
22415 1 22416
22416 2 22417 41735
22417 3 16526 22418 37481
22418 1 22419
22419 2 1385 22420
22420 2 22421 34607
22421 3 22422 43976 44333
22422 5 22423 25013 33105 39546 39552
22423 4 4498 8828 22424 41346
22424 4 13227 22425 44644 45503
22425 1 22426
22426 3 22427 27562 28184
22427 1 22428
22428 2 22429 27119
22429 1 22430
22430 1 22431
22431 1 22432
22432 2 22433 25947
22433 8 692 801 902 2028 2788 20833 22434 40388
22434 2 2108 22435
22435 2 22436 26717
22436 1 22437
22437 1 22438
22438 2 22439 33839
22439 2 22440 23890
22440 1 22441
22441 1 22442
22442 1 22443
22443 2 22444 47252
22444 3 19497 22445 35311
22445 3 10665 22446 41157
22446 2 21096 22447
22447 3 680 22448 28526
22448 2 10553 22449
22449 1 22450
22450 3 22451 26763 40437
22451 5 1247 21202 22452 43340 44495
22452 2 22453 26781
22453 1 22454
22454 1 22455
22455 3 1881 22456 32005
22456 2 21956 22457
22457 2 22458 47842
22458 1 22459
22459 3 10159 22460 42617
22460 1 22461
22461 1 22462
22462 1 22463
22463 2 22464 26454
22464 2 22465 41846
22465 1 22466
22466 1 22467
22467 2 5484 22468
22468 3 2832 11172 22469
22469 2 22470 28024
22470 5 7059 17961 22471 31684 42323
22471 4 16876 20775 22472 35486
22472 2 22473 25667
22473 3 1305 3834 22474
22474 2 22475 35892
22475 4 11450 22476 41760 48898
22476 4 1281 14409 22477 49861
22477 1 22478
22478 2 9713 22479
22479 2 22480 26519
22480 1 22481
22481 1 22482
22482 2 20663 22483
22483 1 22484
22484 3 16573 22485 26538
22485 3 4046 16613 22486
22486 2 22487 31969
22487 2 22488 33528
22488 3 13498 18815 22489
22489 4 13773 22490 35876 48538
22490 2 16556 22491
22491 1 22492
22492 1 22493
22493 1 22494
22494 2 12826 22495
22495 2 22496 39411
22496 2 20480 22497
22497 3 22498 28419 35094
22498 1 22499
22499 2 388 22500
22500 3 11231 22501 33699
22501 1 22502
22502 1 22503
22503 1 22504
22504 1 22505
22505 4 9291 22506 22988 36485
22506 2 2752 22507
22507 1 22508
22508 2 22509 28041
22509 2 22510 46464
22510 1 22511
22511 4 9833 18268 22512 32513
22512 2 22513 43360
22513 1 22514
22514 3 10844 22515 31754
22515 2 22516 48817
22516 1 22517
22517 3 22518 27535 35571
22518 2 22519 27578
22519 1 22520
22520 2 22521 26872
22521 2 14464 22522
22522 3 22523 33904 44997
22523 1 22524
22524 1 22525
22525 3 22526 31091 48382
22526 3 21972 22527 30518
22527 1 22528
22528 2 22529 36569
22529 1 22530
22530 2 22531 25435
22531 1 22532
22532 2 22533 33787
22533 1 22534
22534 2 22535 47854
22535 2 2897 22536
22536 2 22537 36004
22537 4 22538 33460 39211 46263
22538 2 22539 34436
22539 1 22540
22540 2 18393 22541
22541 1 22542
22542 1 22543
22543 3 22544 22781 30230
22544 2 22545 30171
22545 2 9196 22546
22546 2 18176 22547
22547 1 22548
22548 1 22549
22549 1 22550
22550 1 22551
22551 3 8233 9532 22552
22552 3 22553 30234 37025
22553 2 22554 23537
22554 1 22555
22555 2 11295 22556
22556 1 22557
22557 2 22558 38983
22558 2 18800 22559
22559 1 22560
22560 2 22561 35247
22561 3 22562 37771 47089
22562 1 22563
22563 2 22564 27473
22564 3 22565 25544 32573
22565 3 17162 17510 22566
22566 2 22567 48627
22567 2 22568 23620
22568 2 22569 35743
22569 2 22570 37038
22570 2 9296 22571
22571 1 22572
22572 4 1741 22573 33562 44486
22573 2 22574 23268
22574 4 9885 14896 22575 47427
22575 3 22576 26267 46786
22576 4 5545 10885 22577 39067
22577 2 22578 33211
22578 1 22579
22579 2 22580 25912
22580 2 22581 41561
22581 3 10876 22582 49074
22582 1 22583
22583 2 21248 22584
22584 1 22585
22585 2 7839 22586
22586 1 22587
22587 1 22588
22588 2 22589 32112
22589 3 10887 22590 27092
22590 1 22591
22591 4 14638 14863 22592 36475
22592 3 22593 37491 41423
22593 5 7554 11305 22594 30265 47730
22594 2 22595 39401
22595 1 22596
22596 1 22597
22597 4 22598 26743 34178 47860
22598 2 4587 22599
22599 1 22600
22600 1 22601
22601 2 2011 22602
22602 2 20974 22603
22603 4 163 22604 26316 39984
22604 2 438 22605
22605 1 22606
22606 1 22607
22607 1 22608
22608 1 22609
22609 1 22610
22610 1 22611
22611 2 22612 30404
22612 4 875 22613 28169 32242
22613 1 22614
22614 2 17673 22615
22615 1 22616
22616 1 22617
22617 2 11740 22618
22618 2 16436 22619
22619 3 7062 22620 38995
22620 1 22621
22621 2 3221 22622
22622 1 22623
22623 1 22624
22624 1 22625
22625 1 22626
22626 2 18622 22627
22627 2 22628 34986
22628 2 10341 22629
22629 1 22630
22630 1 22631
22631 2 14753 22632
22632 3 2067 22633 27488
22633 3 11882 13158 22634
22634 2 8930 22635
22635 1 22636
22636 3 2588 22637 28331
22637 1 22638
22638 2 22639 32197
22639 2 19446 22640
22640 3 20741 22641 34737
22641 1 22642
22642 2 13083 22643
22643 1 22644
22644 2 18123 22645
22645 2 22646 35464
22646 1 22647
22647 1 22648
22648 1 22649
22649 1 22650
22650 2 22651 30124
22651 1 22652
22652 2 9703 22653
22653 4 11574 12986 22654 34808
22654 2 12363 22655
22655 2 13070 22656
22656 3 22657 37623 45272
22657 2 20239 22658
22658 3 22659 24542 30361
22659 2 22660 43701
22660 3 13574 22661 23094
22661 2 15487 22662
22662 2 22663 42304
22663 3 20392 22244 22664
22664 3 2991 22665 30968
22665 2 880 22666
22666 1 22667
22667 2 11516 22668
22668 1 22669
22669 2 15598 22670
22670 4 22671 36527 39403 49271
22671 2 21848 22672
22672 3 17697 22673 48540
22673 1 22674
22674 3 22675 23741 49776
22675 4 21932 22676 40302 46093
22676 2 6555 22677
22677 2 4631 22678
22678 4 18058 22679 37229 37280
22679 1 22680
22680 1 22681
22681 3 9876 22682 35887
22682 1 22683
22683 3 15022 22684 22715
22684 2 22685 44415
22685 1 22686
22686 1 22687
22687 3 2854 22688 44498
22688 4 9258 22689 30455 42984
22689 1 22690
22690 3 16686 22691 36092
22691 1 22692
22692 3 6513 22693 33171
22693 3 22694 29268 44014
22694 4 22695 28054 29479 48311
22695 1 22696
22696 1 22697
22697 1 22698
22698 2 7922 22699
22699 1 22700
22700 2 1067 22701
22701 2 22702 34336
22702 4 21876 22703 33774 49750
22703 2 22704 49625
22704 1 22705
22705 2 12821 22706
22706 3 22347 22707 39948
22707 3 22708 30262 41090
22708 1 22709
22709 1 22710
22710 1 22711
22711 3 22712 30957 43866
22712 2 22713 24282
22713 3 11896 22714 39064
22714 1 22715
22715 1 22716
22716 1 22717
22717 2 4856 22718
22718 4 1284 6733 16107 22719
22719 2 18131 22720
22720 2 22721 32711
22721 1 22722
22722 4 20216 22414 22723 23983
22723 2 6354 22724
22724 2 12730 22725
22725 1 22726
22726 2 22727 35292
22727 2 22728 28645
22728 3 5978 22729 35931
22729 2 22730 31392
22730 2 8786 22731
22731 2 20561 22732
22732 1 22733
22733 2 22734 28532
22734 3 20593 22735 34336
22735 1 22736
22736 3 10078 19204 22737
22737 2 22738 38633
22738 5 9467 16230 22739 45494 48835
22739 2 13700 22740
22740 2 22741 31762
22741 2 22742 32647
22742 3 1776 20623 22743
22743 2 19696 22744
22744 3 22745 23342 26034
22745 3 1676 15691 22746
22746 2 8618 22747
22747 1 22748
22748 4 258 22749 27005 48717
22749 2 19311 22750
22750 4 567 5669 13934 22751
22751 3 11327 22752 42812
22752 3 22753 27865 32144
22753 1 22754
22754 2 22755 37449
22755 4 16126 21780 22756 35336
22756 5 7053 7877 9703 19088 22757
22757 3 13654 22758 47526
22758 8 4150 9933 17301 22759 32646 42411 44342 44892
22759 2 22760 44155
22760 2 22761 26961
22761 3 2042 22762 25427
22762 2 16466 22763
22763 3 6121 9322 22764
22764 5 6730 7059 22765 24147 45628
22765 2 14603 22766
22766 1 22767
22767 1 22768
22768 1 22769
22769 1 22770
22770 1 22771
22771 2 10920 22772
22772 2 22773 28623
22773 1 22774
22774 2 22775 42393
22775 2 22776 32094
22776 1 22777
22777 2 585 22778
22778 1 22779
22779 3 13223 22780 43920
22780 2 17918 22781
22781 3 22782 29249 38702
22782 3 22783 32396 32743
22783 3 4395 22784 25749
22784 5 10779 10856 22785 24810 34394
22785 1 22786
22786 1 22787
22787 1 22788
22788 1 22789
22789 1 22790
22790 2 17198 22791
22791 1 22792
22792 1 22793
22793 2 22794 23555
22794 1 22795
22795 1 22796
22796 1 22797
22797 3 405 22798 38855
22798 3 18042 22799 24884
22799 2 16167 22800
22800 3 6124 22801 41689
22801 3 3 22802 42186
22802 2 22803 44132
22803 1 22804
22804 5 8574 15856 20036 22805 29399
22805 1 22806
22806 1 22807
22807 2 22808 23759
22808 2 22809 40831
22809 1 22810
22810 4 8317 20866 22811 40031
22811 2 22812 29959
22812 5 4160 22813 30275 35177 43511
22813 3 7499 22814 41554
22814 1 22815
22815 3 1828 22816 24839
22816 4 11334 22817 35643 36032
22817 3 22818 24588 42588
22818 1 22819
22819 1 22820
22820 2 22821 46918
22821 4 1120 4714 13263 22822
22822 4 4526 10563 19704 22823
22823 3 3170 16842 22824
22824 1 22825
22825 1 22826
22826 1 22827
22827 4 15225 22828 30859 49663
22828 3 22829 25648 38346
22829 3 22830 24518 29000
22830 4 20342 22831 31239 37353
22831 1 22832
22832 2 3486 22833
22833 2 21491 22834
22834 5 7183 17205 22835 30085 41032
22835 2 22836 35545
22836 2 434 22837
22837 1 22838
22838 2 22839 32452
22839 1 22840
22840 3 15258 20528 22841
22841 2 8684 22842
22842 1 22843
22843 2 22844 39408
22844 4 22845 34110 35457 49635
22845 1 22846
22846 2 22847 23830
22847 2 22848 42349
22848 2 22849 35838
22849 1 22850
22850 1 22851
22851 1 22852
22852 1 22853
22853 1 22854
22854 2 7928 22855
22855 1 22856
22856 1 22857
22857 2 9735 22858
22858 3 22859 29993 46396
22859 1 22860
22860 1 22861
22861 4 6867 13364 17206 22862
22862 1 22863
22863 1 22864
22864 1 22865
22865 2 22866 29005
22866 1 22867
22867 2 10665 22868
22868 3 16308 21466 22869
22869 2 3741 22870
22870 2 22871 42378
22871 5 13203 16868 22872 29015 42725
22872 2 22873 30066
22873 1 22874
22874 3 22875 44367 48727
22875 4 15219 18214 22876 24851
22876 2 1033 22877
22877 4 2678 4295 22878 36717
22878 2 3723 22879
22879 2 22880 29948
22880 2 10286 22881
22881 1 22882
22882 2 7761 22883
22883 2 18439 22884
22884 2 363 22885
22885 1 22886
22886 1 22887
22887 3 1138 21210 22888
22888 3 743 22889 41105
22889 2 3655 22890
22890 1 22891
22891 3 18042 22892 22899
22892 3 10028 22893 31001
22893 2 4865 22894
22894 3 22550 22895 29889
22895 2 22896 37009
22896 1 22897
22897 1 22898
22898 4 6231 8422 22899 47091
22899 2 15088 22900
22900 2 75 22901
22901 2 18151 22902
22902 1 22903
22903 1 22904
22904 5 7266 22905 31394 32819 38847
22905 1 22906
22906 1 22907
22907 1 22908
22908 1 22909
22909 1 22910
22910 3 22911 23109 44315
22911 1 22912
22912 2 22913 25454
22913 2 21876 22914
22914 1 22915
22915 3 16622 22916 40482
22916 2 22917 36197
22917 2 22918 28369
22918 2 22919 48242
22919 2 22920 39412
22920 4 10395 16180 22921 24046
22921 4 9113 17211 19160 22922
22922 1 22923
22923 1 22924
22924 1 22925
22925 2 22926 28607
22926 1 22927
22927 1 22928
22928 3 22929 28001 45821
22929 3 15026 17119 22930
22930 2 6421 22931
22931 1 22932
22932 2 22933 40375
22933 1 22934
22934 1 22935
22935 3 22936 34947 45001
22936 2 20473 22937
22937 1 22938
22938 3 4965 22939 25016
22939 2 8630 22940
22940 1 22941
22941 1 22942
22942 1 22943
22943 1 22944
22944 2 22945 46272
22945 2 22946 25954
22946 3 13759 22776 22947
22947 2 3303 22948
22948 3 1587 3833 22949
22949 2 22950 26565
22950 1 22951
22951 1 22952
22952 3 16016 22953 45445
22953 1 22954
22954 1 22955
22955 3 5343 7642 22956
22956 1 22957
22957 1 22958
22958 1 22959
22959 2 8506 22960
22960 1 22961
22961 2 10969 22962
22962 3 1710 6830 22963
22963 4 6359 22964 26394 41238
22964 2 17476 22965
22965 3 6461 13508 22966
22966 1 22967
22967 3 22968 43197 43902
22968 1 22969
22969 3 6270 22970 24546
22970 2 22971 27368
22971 3 17871 22972 47765
22972 4 3361 22973 40095 47927
22973 1 22974
22974 2 14451 22975
22975 1 22976
22976 1 22977
22977 1 22978
22978 1 22979
22979 1 22980
22980 3 22981 36011 39123
22981 4 615 9273 22982 48654
22982 2 22983 42144
22983 1 22984
22984 3 22985 45345 45728
22985 2 22986 29749
22986 3 14225 22987 30599
22987 1 22988
22988 4 6796 22989 23210 23586
22989 1 22990
22990 2 22991 35660
22991 3 4955 6881 22992
22992 1 22993
22993 1 22994
22994 1 22995
22995 1 22996
22996 3 22997 28503 40920
22997 1 22998
22998 2 22999 42221
22999 1 23000
23000 2 23001 41541
23001 3 8097 20295 23002
23002 1 23003
23003 2 1043 23004
23004 4 9667 23005 30287 38583
23005 2 14658 23006
23006 4 1555 19215 23007 26932
23007 2 23008 46864
23008 2 23009 39378
23009 2 12341 23010
23010 3 3676 23011 24721
23011 1 23012
23012 1 23013
23013 3 10694 21078 23014
23014 1 23015
23015 3 23016 32385 36798
23016 1 23017
23017 2 23018 44756
23018 2 10684 23019
23019 3 20425 23020 30857
23020 2 14271 23021
23021 2 3906 23022
23022 3 23023 29728 45289
23023 1 23024
23024 1 23025
23025 3 11788 23026 27895
23026 1 23027
23027 1 23028
23028 2 23029 46412
23029 3 23030 30284 40875
23030 4 17831 23031 37540 42988
23031 1 23032
23032 3 12980 21534 23033
23033 4 12259 23034 31094 46203
23034 1 23035
23035 1 23036
23036 2 23037 44935
23037 2 19939 23038
23038 2 23039 38800
23039 1 23040
23040 3 23041 32049 36503
23041 2 23042 49020
23042 1 23043
23043 3 4338 23044 43475
23044 1 23045
23045 2 1154 23046
23046 1 23047
23047 2 23048 27838
23048 2 4111 23049
23049 2 23050 37525
23050 3 23051 45724 49958
23051 3 3054 23052 45986
23052 2 10284 23053
23053 2 14308 23054
23054 1 23055
23055 5 10309 15732 15815 23056 36099
23056 1 23057
23057 1 23058
23058 3 1597 15355 23059
23059 1 23060
23060 1 23061
23061 1 23062
23062 3 11044 17069 23063
23063 2 11114 23064
23064 1 23065
23065 3 23066 33225 35851
23066 2 2794 23067
23067 1 23068
23068 2 17028 23069
23069 1 23070
23070 7 13638 15765 23071 29189 34225 44113 49738
23071 2 23072 23897
23072 1 23073
23073 1 23074
23074 2 18654 23075
23075 2 12287 23076
23076 3 17714 23077 25504
23077 1 23078
23078 2 23079 26663
23079 1 23080
23080 2 23081 36437
23081 2 23082 45640
23082 2 13636 23083
23083 2 12995 23084
23084 2 1207 23085
23085 2 23086 25600
23086 4 16384 19499 23087 40554
23087 1 23088
23088 1 23089
23089 2 23090 41861
23090 3 23091 24140 45473
23091 1 23092
23092 1 23093
23093 1 23094
23094 3 23095 29898 38143
23095 2 10442 23096
23096 2 23097 47284
23097 1 23098
23098 2 23099 34540
23099 3 17103 23100 25824
23100 2 23101 33630
23101 4 10737 16403 23102 34855
23102 3 2082 2789 23103
23103 2 23104 42873
23104 1 23105
23105 1 23106
23106 1 23107
23107 4 15255 22397 23108 37173
23108 2 23109 49993
23109 1 23110
23110 2 21848 23111
23111 3 23112 27431 36495
23112 4 8701 23113 30496 36847
23113 2 19657 23114
23114 3 23115 41198 47274
23115 1 23116
23116 3 9647 23117 24672
23117 2 17052 23118
23118 1 23119
23119 1 23120
23120 3 7097 23121 36950
23121 3 8522 23122 28874
23122 2 23123 34717
23123 3 4266 19447 23124
23124 2 231 23125
23125 2 12554 23126
23126 2 23127 44568
23127 2 23128 49149
23128 1 23129
23129 1 23130
23130 2 23131 43629
23131 2 23132 26547
23132 3 15221 23133 45259
23133 2 6861 23134
23134 1 23135
23135 3 7572 23136 25090
23136 1 23137
23137 2 23138 28581
23138 2 23139 24478
23139 3 23140 42668 45170
23140 1 23141
23141 1 23142
23142 2 23143 31629
23143 1 23144
23144 2 13654 23145
23145 2 9568 23146
23146 1 23147
23147 2 23148 47967
23148 2 18350 23149
23149 1 23150
23150 1 23151
23151 1 23152
23152 2 23153 26368
23153 2 23154 24744
23154 1 23155
23155 1 23156
23156 1 23157
23157 3 9810 23158 43761
23158 2 2665 23159
23159 4 4793 7062 23160 23557
23160 2 2453 23161
23161 4 23162 25387 36478 40252
23162 4 16969 23163 23965 32213
23163 3 16536 23164 31783
23164 1 23165
23165 2 23166 28759
23166 2 23167 39618
23167 1 23168
23168 3 8141 14242 23169
23169 3 5759 23170 34929
23170 3 23171 24649 49262
23171 2 8248 23172
23172 2 23173 43905
23173 2 23174 32411
23174 1 23175
23175 4 4779 18002 23176 34915
23176 1 23177
23177 3 20018 23178 41827
23178 2 15680 23179
23179 3 1382 23180 43144
23180 2 23181 23299
23181 3 15616 23182 36156
23182 5 9706 16105 23183 25834 42056
23183 1 23184
23184 2 18574 23185
23185 1 23186
23186 2 23187 42662
23187 4 20684 23188 31688 35571
23188 1 23189
23189 1 23190
23190 1 23191
23191 2 17482 23192
23192 2 21122 23193
23193 2 23194 38919
23194 1 23195
23195 2 23196 49591
23196 2 23197 46202
23197 3 9214 23198 30326
23198 3 1050 23199 31850
23199 3 1372 3143 23200
23200 1 23201
23201 2 23202 48347
23202 2 6655 23203
23203 2 23204 35456
23204 3 14326 23205 42821
23205 1 23206
23206 1 23207
23207 2 19538 23208
23208 3 3135 22721 23209
23209 1 23210
23210 1 23211
23211 1 23212
23212 2 537 23213
23213 2 19508 23214
23214 2 23215 29049
23215 2 3247 23216
23216 2 19307 23217
23217 3 13972 20837 23218
23218 1 23219
23219 3 16398 23220 33668
23220 2 23221 25070
23221 2 23222 36809
23222 2 23223 36102
23223 2 22763 23224
23224 2 54 23225
23225 1 23226
23226 2 23227 31924
23227 1 23228
23228 1 23229
23229 5 23230 28603 29175 30439 41719
23230 2 16344 23231
23231 2 14458 23232
23232 3 22458 23233 30416
23233 3 23234 29736 33930
23234 1 23235
23235 3 5368 20561 23236
23236 2 23237 49558
23237 1 23238
23238 2 19428 23239
23239 1 23240
23240 4 23241 42053 42931 47962
23241 1 23242
23242 2 23243 34377
23243 1 23244
23244 1 23245
23245 3 2745 19119 23246
23246 1 23247
23247 5 11951 21250 22159 23248 33920
23248 3 18193 23249 35965
23249 2 23250 39425
23250 2 21948 23251
23251 1 23252
23252 3 23253 41269 44389
23253 2 12334 23254
23254 2 12447 23255
23255 2 20392 23256
23256 1 23257
23257 3 9162 19967 23258
23258 1 23259
23259 2 16347 23260
23260 2 23261 24113
23261 4 10148 10533 23262 37724
23262 1 23263
23263 2 14044 23264
23264 2 16042 23265
23265 2 19667 23266
23266 1 23267
23267 2 6770 23268
23268 1 23269
23269 3 4632 23270 32507
23270 1 23271
23271 3 3998 23272 40686
23272 1 23273
23273 3 628 23274 24698
23274 1 23275
23275 2 23276 30414
23276 3 17331 23277 43564
23277 2 1264 23278
23278 3 23279 30471 35517
23279 4 15884 17112 23280 38486
23280 2 23281 45814
23281 3 6896 21769 23282
23282 3 23283 35283 43057
23283 3 5661 23284 36603
23284 2 23285 28171
23285 3 6146 23286 39470
23286 3 11077 23287 32206
23287 1 23288
23288 2 23289 48160
23289 1 23290
23290 4 10748 19053 23291 28037
23291 2 23292 23356
23292 2 23293 31857
23293 3 23294 47460 49139
23294 2 23295 46840
23295 3 22954 23296 41931
23296 1 23297
23297 1 23298
23298 1 23299
23299 1 23300
23300 2 23301 33548
23301 1 23302
23302 4 4644 8080 23303 26422
23303 2 11371 23304
23304 1 23305
23305 2 19738 23306
23306 2 9053 23307
23307 1 23308
23308 2 23309 23788
23309 2 4750 23310
23310 1 23311
23311 3 23312 25877 34843
23312 2 23313 34349
23313 2 23314 49356
23314 3 2989 23315 33407
23315 1 23316
23316 2 2446 23317
23317 1 23318
23318 1 23319
23319 3 8032 23320 24989
23320 3 23321 41514 42129
23321 3 646 22270 23322
23322 1 23323
23323 2 11650 23324
23324 2 23325 47036
23325 3 12899 23326 46417
23326 2 23327 38863
23327 2 3261 23328
23328 1 23329
23329 1 23330
23330 5 4796 23331 25166 27219 38934
23331 4 22361 23332 47281 47779
23332 2 23333 34503
23333 2 23334 29086
23334 2 23335 33414
23335 3 22012 23336 45430
23336 2 23337 30684
23337 2 23123 23338
23338 3 5840 9567 23339
23339 2 23340 25414
23340 3 1263 15979 23341
23341 1 23342
23342 3 18371 23343 38108
23343 2 23344 40993
23344 1 23345
23345 2 23346 30008
23346 4 1561 23347 27103 30676
23347 1 23348
23348 1 23349
23349 1 23350
23350 3 23351 30043 30072
23351 3 23352 30925 49397
23352 1 23353
23353 1 23354
23354 3 23355 34127 34750
23355 4 299 7762 15745 23356
23356 1 23357
23357 4 9657 9908 16710 23358
23358 1 23359
23359 1 23360
23360 3 8776 9691 23361
23361 1 23362
23362 2 23363 43081
23363 2 23364 27674
23364 1 23365
23365 1 23366
23366 1 23367
23367 1 23368
23368 1 23369
23369 2 7941 23370
23370 2 3451 23371
23371 2 23372 29895
23372 2 21047 23373
23373 3 20134 23374 32570
23374 2 23375 30825
23375 4 16093 23376 38205 38553
23376 1 23377
23377 2 14461 23378
23378 2 23379 26114
23379 3 5250 23380 38962
23380 3 10100 23381 36120
23381 1 23382
23382 1 23383
23383 1 23384
23384 1 23385
23385 3 19131 23386 28433
23386 1 23387
23387 1 23388
23388 2 21755 23389
23389 4 23390 30894 47728 48729
23390 1 23391
23391 1 23392
23392 3 23393 44147 46550
23393 1 23394
23394 1 23395
23395 2 23396 25302
23396 3 10446 23397 23658
23397 2 9559 23398
23398 3 13386 23399 23887
23399 3 23400 25396 34574
23400 2 23401 30068
23401 2 23402 49545
23402 1 23403
23403 2 17846 23404
23404 3 23330 23405 30897
23405 1 23406
23406 1 23407
23407 2 4090 23408
23408 2 23409 39016
23409 3 2012 12963 23410
23410 2 23411 29649
23411 2 23412 40695
23412 2 10273 23413
23413 1 23414
23414 2 4064 23415
23415 1 23416
23416 4 23417 24044 34516 42495
23417 2 23418 44573
23418 3 23419 26680 44100
23419 2 23420 36710
23420 5 12211 14436 23421 24845 30557
23421 1 23422
23422 3 9909 23423 27410
23423 1 23424
23424 4 13426 23425 25118 38615
23425 1 23426
23426 3 23427 41318 41990
23427 1 23428
23428 4 10933 23044 23429 45921
23429 1 23430
23430 2 2592 23431
23431 2 2514 23432
23432 2 23433 28017
23433 2 15053 23434
23434 3 4996 6875 23435
23435 1 23436
23436 1 23437
23437 1 23438
23438 2 23439 31815
23439 1 23440
23440 1 23441
23441 1 23442
23442 2 13962 23443
23443 1 23444
23444 3 438 23445 33118
23445 1 23446
23446 2 3459 23447
23447 1 23448
23448 2 11789 23449
23449 1 23450
23450 1 23451
23451 2 23452 47549
23452 1 23453
23453 2 23454 44415
23454 1 23455
23455 1 23456
23456 2 23457 49753
23457 1 23458
23458 2 23459 42167
23459 3 905 23460 30623
23460 2 8201 23461
23461 3 11207 23462 36181
23462 2 23463 42911
23463 4 12352 18085 23464 42753
23464 1 23465
23465 2 23466 42805
23466 2 23467 28092
23467 1 23468
23468 1 23469
23469 1 23470
23470 1 23471
23471 1 23472
23472 3 23473 29946 48351
23473 1 23474
23474 3 15481 23475 38301
23475 2 5481 23476
23476 1 23477
23477 3 23478 44206 48760
23478 1 23479
23479 2 23480 41685
23480 2 19922 23481
23481 2 14732 23482
23482 2 6188 23483
23483 1 23484
23484 2 23485 43954
23485 2 23486 27353
23486 1 23487
23487 1 23488
23488 2 23489 31523
23489 1 23490
23490 4 23491 30641 34401 41023
23491 3 19756 23492 27772
23492 2 23493 39485
23493 2 14359 23494
23494 2 23495 36268
23495 1 23496
23496 3 7503 23497 49650
23497 2 23498 27773
23498 2 23499 37055
23499 1 23500
23500 3 12278 23501 27054
23501 4 23502 25510 39518 47496
23502 1 23503
23503 3 23504 41800 43837
23504 3 23505 26076 39911
23505 2 1179 23506
23506 1 23507
23507 5 11051 19270 23508 25638 41070
23508 3 1721 10016 23509
23509 2 23510 24500
23510 4 1419 23511 36481 42947
23511 2 10440 23512
23512 1 23513
23513 2 9027 23514
23514 2 23362 23515
23515 1 23516
23516 2 2939 23517
23517 3 14218 23518 26752
23518 1 23519
23519 1 23520
23520 1 23521
23521 1 23522
23522 1 23523
23523 2 1880 23524
23524 1 23525
23525 2 5942 23526
23526 1 23527
23527 2 16106 23528
23528 2 18277 23529
23529 2 23530 35561
23530 1 23531
23531 3 4523 23532 25038
23532 4 6434 16396 23533 26286
23533 2 5685 23534
23534 2 23170 23535
23535 1 23536
23536 1 23537
23537 1 23538
23538 1 23539
23539 1 23540
23540 2 23541 37633
23541 3 23542 27969 37927
23542 1 23543
23543 1 23544
23544 1 23545
23545 1 23546
23546 3 23547 30233 31279
23547 2 803 23548
23548 3 14244 23549 37486
23549 1 23550
23550 2 23551 30814
23551 1 23552
23552 2 13839 23553
23553 2 23554 27655
23554 1 23555
23555 3 23556 41475 48107
23556 2 17508 23557
23557 1 23558
23558 2 1317 23559
23559 1 23560
23560 3 13784 23561 27548
23561 1 23562
23562 2 23563 30147
23563 1 23564
23564 1 23565
23565 3 1576 23566 34478
23566 1 23567
23567 2 12471 23568
23568 1 23569
23569 2 23570 46618
23570 3 2719 23571 45437
23571 3 6787 23572 37152
23572 2 23573 35915
23573 1 23574
23574 3 23575 31633 46965
23575 2 19033 23576
23576 1 23577
23577 1 23578
23578 2 12211 23579
23579 3 23580 34543 40311
23580 1 23581
23581 1 23582
23582 2 17292 23583
23583 2 18268 23584
23584 1 23585
23585 1 23586
23586 1 23587
23587 3 23588 27040 30995
23588 3 1629 23589 29134
23589 2 23590 25420
23590 2 5366 23591
23591 2 1057 23592
23592 2 18977 23593
23593 2 7135 23594
23594 3 23570 23595 25211
23595 4 5004 5355 22164 23596
23596 1 23597
23597 2 6162 23598
23598 1 23599
23599 1 23600
23600 2 453 23601
23601 1 23602
23602 1 23603
23603 1 23604
23604 2 18672 23605
23605 1 23606
23606 3 6011 23607 47672
23607 3 8005 23608 33548
23608 2 22628 23609
23609 2 3397 23610
23610 1 23611
23611 1 23612
23612 3 4120 5883 23613
23613 2 23614 49084
23614 2 18920 23615
23615 2 23616 44466
23616 2 23617 34771
23617 2 17648 23618
23618 1 23619
23619 4 3332 17435 23620 36772
23620 1 23621
23621 1 23622
23622 2 23623 40082
23623 2 16200 23624
23624 1 23625
23625 3 22427 23626 35447
23626 1 23627
23627 2 23628 49918
23628 2 9545 23629
23629 1 23630
23630 1 23631
23631 3 4126 23632 26649
23632 1 23633
23633 2 10467 23634
23634 2 2994 23635
23635 2 15111 23636
23636 3 23637 46997 47240
23637 2 23525 23638
23638 1 23639
23639 2 23640 29950
23640 4 1376 2712 23641 24202
23641 2 1502 23642
23642 2 23643 29400
23643 1 23644
23644 3 4834 23645 27472
23645 2 23646 47675
23646 1 23647
23647 3 23648 37584 38871
23648 2 23649 44691
23649 1 23650
23650 1 23651
23651 3 23652 30662 34857
23652 2 5925 23653
23653 2 22175 23654
23654 1 23655
23655 4 17050 23656 27773 29615
23656 3 8671 16419 23657
23657 2 11245 23658
23658 1 23659
23659 3 5952 23660 30459
23660 4 11426 16384 23661 34666
23661 2 3403 23662
23662 1 23663
23663 1 23664
23664 3 16484 20696 23665
23665 1 23666
23666 3 8152 23667 43187
23667 2 23668 45738
23668 2 23669 38559
23669 2 23670 42827
23670 2 23671 49142
23671 2 23672 37880
23672 2 23673 44737
23673 1 23674
23674 2 4101 23675
23675 1 23676
23676 2 23677 36858
23677 1 23678
23678 2 23679 24638
23679 2 20838 23680
23680 2 23681 43004
23681 2 3898 23682
23682 2 16873 23683
23683 1 23684
23684 5 12618 23685 26061 28600 49037
23685 1 23686
23686 2 2227 23687
23687 2 23688 27013
23688 2 23689 31058
23689 1 23690
23690 1 23691
23691 1 23692
23692 1 23693
23693 2 23694 41578
23694 2 23695 47199
23695 1 23696
23696 2 23697 41923
23697 2 5195 23698
23698 1 23699
23699 2 11267 23700
23700 3 11290 23701 30300
23701 1 23702
23702 3 6218 15120 23703
23703 1 23704
23704 2 23705 25265
23705 1 23706
23706 3 23707 46948 49263
23707 3 23708 30051 34128
23708 1 23709
23709 3 3568 18459 23710
23710 2 18255 23711
23711 4 13673 23712 32897 39108
23712 1 23713
23713 1 23714
23714 3 23715 27999 43766
23715 1 23716
23716 2 23717 38179
23717 1 23718
23718 1 23719
23719 3 23720 29395 42965
23720 2 23721 24894
23721 1 23722
23722 2 23723 29235
23723 1 23724
23724 4 17576 23404 23725 39008
23725 1 23726
23726 1 23727
23727 1 23728
23728 2 12704 23729
23729 1 23730
23730 1 23731
23731 1 23732
23732 1 23733
23733 3 23734 43404 47787
23734 1 23735
23735 2 23736 31767
23736 1 23737
23737 2 23738 44498
23738 2 23739 39635
23739 1 23740
23740 2 23741 34428
23741 2 23742 32482
23742 2 23743 33711
23743 3 9094 23560 23744
23744 2 23745 37907
23745 5 2586 23746 30778 35143 39382
23746 4 4816 23747 41107 46548
23747 1 23748
23748 1 23749
23749 2 14211 23750
23750 1 23751
23751 2 23752 27173
23752 3 3087 8853 23753
23753 1 23754
23754 2 23755 45724
23755 1 23756
23756 3 3535 19542 23757
23757 3 19031 23758 24927
23758 2 23759 42056
23759 2 20131 23760
23760 4 4842 12546 23761 35097
23761 1 23762
23762 3 11852 23763 49061
23763 3 23764 33025 44421
23764 3 23765 35106 37417
23765 1 23766
23766 5 15437 23767 28001 29101 48848
23767 4 19008 23768 35880 48931
23768 3 9567 23769 42217
23769 4 6761 19437 23770 28915
23770 2 23771 41309
23771 1 23772
23772 3 6724 13838 23773
23773 1 23774
23774 4 23775 28140 40058 42664
23775 1 23776
23776 2 22548 23777
23777 3 965 23778 34600
23778 4 17323 21554 23779 32628
23779 2 23780 38479
23780 2 2800 23781
23781 3 2509 14082 23782
23782 1 23783
23783 1 23784
23784 1 23785
23785 4 15342 23786 32544 36765
23786 2 23787 26051
23787 1 23788
23788 2 23789 25042
23789 2 10937 23790
23790 3 23791 31537 35456
23791 1 23792
23792 2 19746 23793
23793 1 23794
23794 3 2235 14201 23795
23795 1 23796
23796 3 23797 35717 47697
23797 4 11080 13483 23798 47058
23798 3 12168 23799 48885
23799 3 15316 23800 34759
23800 2 17496 23801
23801 3 7418 23802 32427
23802 5 20578 23803 29711 34441 38921
23803 2 10918 23804
23804 1 23805
23805 2 11657 23806
23806 2 23807 25609
23807 2 23808 25804
23808 2 18731 23809
23809 1 23810
23810 4 8923 23811 27666 34040
23811 2 23812 49625
23812 2 23813 28446
23813 2 23814 32559
23814 1 23815
23815 2 9222 23816
23816 2 23817 35340
23817 2 23818 30758
23818 1 23819
23819 1 23820
23820 4 12490 23821 24794 41903
23821 1 23822
23822 2 23823 38428
23823 2 6288 23824
23824 1 23825
23825 2 23826 33762
23826 2 23827 26104
23827 2 23828 24234
23828 1 23829
23829 1 23830
23830 1 23831
23831 3 8853 23832 42059
23832 3 21653 23833 29114
23833 1 23834
23834 1 23835
23835 1 23836
23836 1 23837
23837 2 23838 28242
23838 2 23839 33000
23839 2 9979 23840
23840 4 12808 23841 29692 40460
23841 2 6902 23842
23842 2 18311 23843
23843 3 18291 23844 30168
23844 1 23845
23845 2 23846 43061
23846 3 23847 37812 44205
23847 1 23848
23848 1 23849
23849 1 23850
23850 2 23851 27549
23851 2 16441 23852
23852 1 23853
23853 3 23854 30648 47104
23854 3 14119 23855 42187
23855 1 23856
23856 2 23857 38133
23857 2 23858 46494
23858 2 23859 40454
23859 2 23860 44295
23860 3 23861 24427 33071
23861 4 6169 8894 23862 29680
23862 2 21306 23863
23863 3 463 6788 23864
23864 1 23865
23865 3 23866 37590 38194
23866 2 23867 33089
23867 3 23868 33965 41024
23868 2 19130 23869
23869 1 23870
23870 1 23871
23871 1 23872
23872 1 23873
23873 1 23874
23874 3 13633 23875 45711
23875 3 4219 5063 23876
23876 3 23877 44156 46890
23877 2 23878 38638
23878 1 23879
23879 3 23880 38034 46775
23880 3 23881 39088 40180
23881 2 10887 23882
23882 3 15788 23883 30472
23883 3 23884 39679 47458
23884 3 8221 23885 36375
23885 6 931 5808 23886 24879 34819 36560
23886 4 12647 23887 48609 49296
23887 1 23888
23888 3 22531 23889 39904
23889 1 23890
23890 3 10867 10884 23891
23891 1 23892
23892 1 23893
23893 2 20242 23894
23894 2 14084 23895
23895 2 5767 23896
23896 2 15020 23897
23897 1 23898
23898 1 23899
23899 1 23900
23900 2 23901 47252
23901 2 17363 23902
23902 2 5886 23903
23903 3 118 8598 23904
23904 2 9799 23905
23905 2 23906 31377
23906 3 20276 22836 23907
23907 1 23908
23908 1 23909
23909 2 23910 43381
23910 1 23911
23911 3 6257 14518 23912
23912 1 23913
23913 2 23524 23914
23914 1 23915
23915 2 23916 44924
23916 3 3183 23917 27827
23917 2 23918 28144
23918 2 23919 49573
23919 2 23920 33995
23920 3 21675 23921 31780
23921 3 23922 32921 44640
23922 1 23923
23923 2 7577 23924
23924 1 23925
23925 2 386 23926
23926 4 719 23927 28956 33964
23927 2 3956 23928
23928 3 4687 23929 36912
23929 4 15264 23930 27018 33823
23930 1 23931
23931 2 23932 45051
23932 4 12283 14184 23933 45460
23933 6 14002 21418 23934 35059 48608 49927
23934 2 23935 24291
23935 5 12324 19077 22967 23936 43982
23936 1 23937
23937 2 23938 38708
23938 1 23939
23939 2 13810 23940
23940 3 13456 23941 38246
23941 3 23942 37773 41381
23942 3 12367 15740 23943
23943 2 23944 45049
23944 3 2255 17048 23945
23945 2 2439 23946
23946 1 23947
23947 1 23948
23948 3 17014 23949 39275
23949 4 23950 25874 38035 49486
23950 1 23951
23951 2 23952 31268
23952 2 23953 48423
23953 3 11418 23954 32691
23954 1 23955
23955 4 7031 8768 23956 41085
23956 4 20855 21058 23957 45306
23957 1 23958
23958 1 23959
23959 3 4935 23960 45735
23960 3 23961 33346 48541
23961 3 1312 16024 23962
23962 1 23963
23963 2 23964 39132
23964 3 11921 23965 32544
23965 2 23966 25557
23966 2 23967 33720
23967 2 23968 28797
23968 1 23969
23969 2 13463 23970
23970 1 23971
23971 2 23972 32652
23972 1 23973
23973 1 23974
23974 4 7674 18048 23975 43032
23975 1 23976
23976 3 529 4883 23977
23977 4 4465 18784 23978 42779
23978 1 23979
23979 3 11407 23980 48915
23980 3 9730 23981 34254
23981 1 23982
23982 1 23983
23983 4 149 23984 35742 41758
23984 1 23985
23985 4 14494 23986 33426 46723
23986 1 23987
23987 1 23988
23988 1 23989
23989 3 23990 35807 42968
23990 1 23991
23991 3 4142 23992 27321
23992 2 6076 23993
23993 3 11564 16167 23994
23994 3 23995 24387 28999
23995 1 23996
23996 4 12308 21767 23997 35356
23997 1 23998
23998 4 5211 23999 32503 45969
23999 1 24000
24000 2 21463 24001
24001 4 20132 24002 42880 46552
24002 3 2434 7391 24003
24003 2 24004 34083
24004 2 6564 24005
24005 1 24006
24006 3 8181 24007 39360
24007 1 24008
24008 1 24009
24009 1 24010
24010 1 24011
24011 1 24012
24012 3 24013 25424 47036
24013 1 24014
24014 3 24015 24168 25083
24015 1 24016
24016 2 24017 43546
24017 2 10565 24018
24018 2 24019 33188
24019 3 16538 24020 43023
24020 1 24021
24021 3 8905 24022 26560
24022 3 24023 27328 47160
24023 1 24024
24024 3 11738 23033 24025
24025 3 24026 38417 49574
24026 1 24027
24027 3 24028 32502 48480
24028 1 24029
24029 3 21994 24030 24536
24030 1 24031
24031 1 24032
24032 1 24033
24033 1 24034
24034 1 24035
24035 1 24036
24036 1 24037
24037 3 13436 24038 48170
24038 3 3564 24039 41020
24039 1 24040
24040 2 14135 24041
24041 3 22037 24042 48763
24042 3 15562 17724 24043
24043 1 24044
24044 3 24045 28405 34389
24045 2 24046 34387
24046 3 7711 24047 26813
24047 1 24048
24048 1 24049
24049 1 24050
24050 1 24051
24051 1 24052
24052 1 24053
24053 1 24054
24054 1 24055
24055 3 6050 24056 43068
24056 1 24057
24057 3 8958 24058 30488
24058 2 24059 33354
24059 2 12118 24060
24060 1 24061
24061 3 24062 45691 47636
24062 3 24063 33932 35627
24063 1 24064
24064 2 24065 33950
24065 2 24066 44820
24066 2 7457 24067
24067 3 6252 24068 29312
24068 3 1379 19450 24069
24069 1 24070
24070 3 24071 30977 45892
24071 1 24072
24072 3 1461 22039 24073
24073 2 12980 24074
24074 1 24075
24075 2 24076 46205
24076 2 24077 46455
24077 2 11320 24078
24078 3 24079 29067 42122
24079 1 24080
24080 1 24081
24081 2 24082 35822
24082 1 24083
24083 1 24084
24084 3 4991 24085 46262
24085 1 24086
24086 1 24087
24087 2 18137 24088
24088 3 9091 24089 25522
24089 3 3389 24090 32774
24090 1 24091
24091 2 6041 24092
24092 3 14291 24093 25512
24093 2 12008 24094
24094 4 24095 30282 45558 48852
24095 1 24096
24096 4 11085 24097 28152 43694
24097 2 15398 24098
24098 3 3458 24099 41266
24099 3 24100 29525 31996
24100 2 24101 43184
24101 2 6606 24102
24102 3 24103 27832 47078
24103 1 24104
24104 3 1189 13451 24105
24105 1 24106
24106 2 1456 24107
24107 2 24108 25043
24108 3 6805 24109 37195
24109 3 9709 15486 24110
24110 1 24111
24111 3 6896 24112 28264
24112 3 854 24113 48191
24113 2 7271 24114
24114 1 24115
24115 1 24116
24116 2 5957 24117
24117 2 21778 24118
24118 2 24119 47880
24119 2 24120 24668
24120 1 24121
24121 3 4185 24122 44475
24122 4 24123 28864 29072 49522
24123 3 14547 24124 31008
24124 3 24125 28612 44489
24125 2 14975 24126
24126 2 24127 31504
24127 3 24128 25412 40879
24128 2 23703 24129
24129 3 3992 24130 31412
24130 2 24131 48035
24131 4 14800 24132 29220 49412
24132 6 8156 10193 14355 24133 28805 47104
24133 1 24134
24134 2 7078 24135
24135 5 16682 22482 24136 29686 36552
24136 1 24137
24137 1 24138
24138 4 8401 9463 20224 24139
24139 2 24140 40220
24140 2 24141 31045
24141 2 7144 24142
24142 2 24143 47819
24143 2 24144 37639
24144 1 24145
24145 2 24146 38509
24146 2 24147 36513
24147 1 24148
24148 2 24149 24613
24149 2 24150 39576
24150 4 21445 23640 24151 48991
24151 2 24152 27910
24152 1 24153
24153 3 7829 19421 24154
24154 4 15953 22440 24008 24155
24155 1 24156
24156 2 24157 48524
24157 2 24158 28170
24158 2 11443 24159
24159 2 24160 41718
24160 2 24161 32466
24161 1 24162
24162 3 12632 18418 24163
24163 2 24164 33197
24164 2 19227 24165
24165 2 2010 24166
24166 2 15184 24167
24167 1 24168
24168 4 1221 2264 22433 24169
24169 5 15189 19605 24170 37166 38299
24170 3 5305 24171 42084
24171 2 15666 24172
24172 2 20198 24173
24173 4 4347 24174 28449 29149
24174 2 24175 27540
24175 1 24176
24176 3 11101 20045 24177
24177 2 10197 24178
24178 5 18986 24179 25360 27585 29415
24179 2 4638 24180
24180 1 24181
24181 1 24182
24182 2 9501 24183
24183 2 948 24184
24184 1 24185
24185 2 4302 24186
24186 2 24187 42911
24187 3 16052 18458 24188
24188 3 23933 24189 46602
24189 1 24190
24190 2 7733 24191
24191 3 13352 24192 43491
24192 2 24193 43857
24193 1 24194
24194 1 24195
24195 3 2271 9987 24196
24196 1 24197
24197 1 24198
24198 2 19080 24199
24199 2 24200 27131
24200 2 16754 24201
24201 1 24202
24202 1 24203
24203 2 24204 26988
24204 2 24205 32766
24205 1 24206
24206 1 24207
24207 2 24208 43293
24208 1 24209
24209 1 24210
24210 4 17127 18827 24211 47863
24211 1 24212
24212 3 14720 24213 37394
24213 2 24214 42338
24214 4 5345 24215 34388 48255
24215 3 24216 25717 26617
24216 2 24217 42049
24217 3 3449 19827 24218
24218 3 819 19519 24219
24219 1 24220
24220 2 19201 24221
24221 4 2462 24222 27363 48839
24222 1 24223
24223 2 24224 41531
24224 1 24225
24225 2 8901 24226
24226 4 11294 22028 24227 33419
24227 2 24228 41054
24228 2 18753 24229
24229 1 24230
24230 3 21459 24231 44305
24231 1 24232
24232 2 667 24233
24233 1 24234
24234 1 24235
24235 2 1835 24236
24236 2 24237 29784
24237 3 24238 27301 48042
24238 1 24239
24239 4 11707 24240 29459 38005
24240 2 517 24241
24241 1 24242
24242 2 14747 24243
24243 2 4964 24244
24244 1 24245
24245 1 24246
24246 3 2711 15277 24247
24247 2 24005 24248
24248 2 24249 35231
24249 1 24250
24250 3 9976 18297 24251
24251 2 16891 24252
24252 1 24253
24253 1 24254
24254 2 24255 26402
24255 1 24256
24256 2 24257 29804
24257 3 24258 28027 47938
24258 3 8866 24259 47087
24259 3 10310 24260 39657
24260 4 10527 23744 24261 28347
24261 1 24262
24262 3 24118 24263 40541
24263 2 24264 37230
24264 2 24265 37844
24265 2 24266 43151
24266 1 24267
24267 1 24268
24268 1 24269
24269 2 10694 24270
24270 2 24271 48093
24271 4 3572 6112 24272 31559
24272 1 24273
24273 1 24274
24274 2 24275 48749
24275 1 24276
24276 1 24277
24277 3 20873 24278 28612
24278 2 23837 24279
24279 2 20459 24280
24280 3 4376 24281 34215
24281 2 824 24282
24282 2 9789 24283
24283 1 24284
24284 2 24131 24285
24285 2 20273 24286
24286 2 14847 24287
24287 2 24288 36853
24288 2 2408 24289
24289 2 24290 40346
24290 3 24291 43738 44630
24291 1 24292
24292 3 24293 36397 41215
24293 1 24294
24294 1 24295
24295 1 24296
24296 2 24297 35650
24297 2 7745 24298
24298 2 24299 37777
24299 1 24300
24300 5 15852 24301 24713 25396 45296
24301 2 24302 24398
24302 4 4930 20474 24303 38049
24303 1 24304
24304 4 23715 24305 28636 33589
24305 1 24306
24306 2 24307 38276
24307 2 24308 45140
24308 3 6864 24309 42512
24309 4 24310 24532 25959 49842
24310 3 21356 24311 34953
24311 2 24312 35563
24312 2 20183 24313
24313 1 24314
24314 2 24315 35058
24315 2 2884 24316
24316 1 24317
24317 1 24318
24318 1 24319
24319 1 24320
24320 2 21933 24321
24321 2 24322 43247
24322 2 24323 38640
24323 2 16282 24324
24324 1 24325
24325 4 8432 10503 24326 35745
24326 1 24327
24327 1 24328
24328 1 24329
24329 2 24330 35462
24330 2 9783 24331
24331 3 1353 24332 29594
24332 3 301 24333 25745
24333 3 18149 21616 24334
24334 1 24335
24335 1 24336
24336 2 24337 43733
24337 4 24003 24224 24338 34224
24338 2 1842 24339
24339 1 24340
24340 1 24341
24341 2 24342 42778
24342 2 24343 29605
24343 3 24344 31656 34565
24344 1 24345
24345 2 24346 42610
24346 1 24347
24347 2 12047 24348
24348 2 24349 49853
24349 1 24350
24350 2 1009 24351
24351 1 24352
24352 1 24353
24353 1 24354
24354 3 1824 24355 31466
24355 2 24356 30886
24356 2 24357 47152
24357 1 24358
24358 3 24359 40457 47423
24359 1 24360
24360 1 24361
24361 3 24362 39673 46884
24362 2 24363 43809
24363 2 24364 33347
24364 3 24365 34933 38179
24365 1 24366
24366 1 24367
24367 3 6801 24368 41115
24368 1 24369
24369 5 883 24370 25247 38300 42528
24370 2 24371 43449
24371 4 13685 24372 36693 45107
24372 3 24373 28788 34336
24373 1 24374
24374 1 24375
24375 2 24376 43612
24376 1 24377
24377 3 264 13019 24378
24378 3 5936 24379 38908
24379 3 24380 37506 46432
24380 1 24381
24381 1 24382
24382 2 13478 24383
24383 1 24384
24384 2 24385 27150
24385 2 5100 24386
24386 1 24387
24387 2 18533 24388
24388 1 24389
24389 3 1177 24390 31923
24390 3 8791 16188 24391
24391 1 24392
24392 1 24393
24393 1 24394
24394 3 10456 24395 37820
24395 1 24396
24396 1 24397
24397 2 24398 25398
24398 1 24399
24399 3 11950 24400 42805
24400 2 23104 24401
24401 2 24402 32932
24402 3 22899 24403 32973
24403 1 24404
24404 1 24405
24405 1 24406
24406 2 24407 34565
24407 2 3094 24408
24408 1 24409
24409 2 24410 29340
24410 1 24411
24411 3 13703 24412 40706
24412 1 24413
24413 4 4476 12194 23968 24414
24414 1 24415
24415 1 24416
24416 1 24417
24417 3 24418 35613 43862
24418 1 24419
24419 3 24420 32058 37828
24420 3 13386 16883 24421
24421 3 24422 30722 35786
24422 2 7194 24423
24423 1 24424
24424 3 8851 21666 24425
24425 1 24426
24426 1 24427
24427 2 24428 38918
24428 3 24429 30267 33371
24429 2 9278 24430
24430 4 14988 15569 24431 39018
24431 1 24432
24432 4 14997 23805 24362 24433
24433 2 24434 29135
24434 1 24435
24435 1 24436
24436 1 24437
24437 1 24438
24438 1 24439
24439 3 7202 24440 27321
24440 1 24441
24441 1 24442
24442 3 15910 24443 37722
24443 2 14891 24444
24444 1 24445
24445 4 1652 6086 24446 49842
24446 2 24447 30997
24447 1 24448
24448 5 4819 14525 20371 24449 46849
24449 1 24450
24450 1 24451
24451 1 24452
24452 2 24453 40707
24453 1 24454
24454 1 24455
24455 2 19343 24456
24456 2 20395 24457
24457 2 18003 24458
24458 3 5644 17200 24459
24459 2 24460 43266
24460 3 14610 20058 24461
24461 2 19176 24462
24462 2 24463 47565
24463 3 1425 10835 24464
24464 2 10637 24465
24465 2 4803 24466
24466 3 24467 45582 47927
24467 1 24468
24468 1 24469
24469 2 24470 48384
24470 1 24471
24471 1 24472
24472 2 24473 38864
24473 5 6529 11929 24474 32514 46403
24474 3 10459 24475 47351
24475 1 24476
24476 2 24477 27042
24477 5 6132 7723 24478 43811 48295
24478 3 23597 24479 41982
24479 1 24480
24480 4 942 24481 33913 49969
24481 1 24482
24482 3 24483 36396 42182
24483 2 21147 24484
24484 2 22738 24485
24485 2 919 24486
24486 1 24487
24487 2 24488 29743
24488 2 20718 24489
24489 2 22012 24490
24490 2 24491 37264
24491 3 19757 22018 24492
24492 2 10129 24493
24493 1 24494
24494 1 24495
24495 1 24496
24496 2 24075 24497
24497 3 19362 24498 24925
24498 2 15901 24499
24499 1 24500
24500 3 9073 24501 43990
24501 2 24502 38574
24502 4 24503 38405 43516 48030
24503 1 24504
24504 2 24505 47694
24505 4 24506 26986 40733 48888
24506 2 13164 24507
24507 1 24508
24508 5 3783 13111 24509 24678 39047
24509 2 1202 24510
24510 3 5096 24511 46000
24511 4 8155 24512 25702 41520
24512 1 24513
24513 3 24514 32474 46264
24514 1 24515
24515 1 24516
24516 2 24517 44131
24517 2 24518 35398
24518 1 24519
24519 2 24520 38587
24520 2 11915 24521
24521 2 14079 24522
24522 1 24523
24523 2 24524 31661
24524 1 24525
24525 2 18437 24526
24526 1 24527
24527 1 24528
24528 4 24529 26379 39097 39364
24529 1 24530
24530 1 24531
24531 1 24532
24532 2 1170 24533
24533 1 24534
24534 1 24535
24535 3 24536 30477 34536
24536 1 24537
24537 2 13079 24538
24538 1 24539
24539 1 24540
24540 3 11704 24541 30554
24541 2 13940 24542
24542 1 24543
24543 1 24544
24544 1 24545
24545 3 12350 24546 26538
24546 1 24547
24547 1 24548
24548 1 24549
24549 5 10552 13707 14434 15168 24550
24550 1 24551
24551 4 3065 24552 40986 46642
24552 3 3802 24553 34191
24553 3 3411 10722 24554
24554 3 24555 25523 35718
24555 2 24556 25633
24556 1 24557
24557 1 24558
24558 1 24559
24559 3 734 11964 24560
24560 2 17684 24561
24561 1 24562
24562 1 24563
24563 2 7040 24564
24564 1 24565
24565 1 24566
24566 2 19068 24567
24567 3 24568 39762 47446
24568 4 24569 33221 37323 46100
24569 2 18882 24570
24570 1 24571
24571 2 24572 30013
24572 1 24573
24573 4 22875 24574 29830 49262
24574 2 4321 24575
24575 1 24576
24576 1 24577
24577 2 24578 37563
24578 1 24579
24579 1 24580
24580 1 24581
24581 4 20220 21304 24582 32886
24582 1 24583
24583 2 24584 42534
24584 4 21569 24585 35875 40733
24585 1 24586
24586 3 956 24587 47916
24587 2 24588 47537
24588 3 6086 24589 37225
24589 2 20585 24590
24590 2 14196 24591
24591 3 24592 39008 48122
24592 1 24593
24593 4 16455 24594 27844 31058
24594 1 24595
24595 1 24596
24596 3 15643 24597 39164
24597 3 5260 24598 40072
24598 2 3451 24599
24599 4 3359 11101 13970 24600
24600 4 8351 8970 24140 24601
24601 1 24602
24602 2 24603 42143
24603 1 24604
24604 1 24605
24605 3 5109 9377 24606
24606 2 20665 24607
24607 1 24608
24608 1 24609
24609 1 24610
24610 2 6528 24611
24611 1 24612
24612 2 15933 24613
24613 3 24614 41916 43554
24614 3 19743 24615 46879
24615 1 24616
24616 2 24617 40598
24617 1 24618
24618 4 23034 24619 27499 49388
24619 3 24620 33875 48091
24620 2 8212 24621
24621 3 24622 40120 48640
24622 1 24623
24623 4 4829 24624 42009 49122
24624 1 24625
24625 4 6943 24626 46577 48096
24626 2 24627 46804
24627 1 24628
24628 1 24629
24629 3 4069 24630 25209
24630 1 24631
24631 3 4886 24632 30511
24632 1 24633
24633 1 24634
24634 1 24635
24635 1 24636
24636 2 24637 28491
24637 2 15629 24638
24638 2 5334 24639
24639 3 22447 24640 32235
24640 1 24641
24641 2 3338 24642
24642 1 24643
24643 2 24644 25002
24644 3 1185 8842 24645
24645 1 24646
24646 1 24647
24647 1 24648
24648 3 3889 8702 24649
24649 1 24650
24650 1 24651
24651 1 24652
24652 2 20353 24653
24653 1 24654
24654 1 24655
24655 2 7111 24656
24656 1 24657
24657 1 24658
24658 1 24659
24659 3 21402 22181 24660
24660 1 24661
24661 2 17862 24662
24662 1 24663
24663 2 24664 26353
24664 3 15107 24665 47923
24665 1 24666
24666 2 24667 36106
24667 1 24668
24668 2 19890 24669
24669 2 16570 24670
24670 1 24671
24671 1 24672
24672 2 24673 44639
24673 4 14448 17871 21610 24674
24674 1 24675
24675 2 24676 34255
24676 1 24677
24677 3 1895 19300 24678
24678 1 24679
24679 1 24680
24680 2 24681 45558
24681 2 24682 43225
24682 2 24683 41554
24683 1 24684
24684 1 24685
24685 3 875 24686 38577
24686 4 10416 16673 24687 42531
24687 3 24688 33328 49969
24688 2 10924 24689
24689 2 16327 24690
24690 1 24691
24691 5 16497 17405 24692 32989 37715
24692 2 24693 30718
24693 1 24694
24694 2 24695 41725
24695 2 24696 46619
24696 2 23044 24697
24697 1 24698
24698 3 4068 24699 45806
24699 2 18040 24700
24700 2 1368 24701
24701 1 24702
24702 2 20273 24703
24703 3 21072 24704 42289
24704 2 22172 24705
24705 3 7583 24706 40462
24706 2 24707 47414
24707 3 5024 24708 40965
24708 3 15018 24709 37407
24709 1 24710
24710 2 11851 24711
24711 2 24712 28727
24712 1 24713
24713 2 24714 41330
24714 1 24715
24715 2 11952 24716
24716 1 24717
24717 2 23805 24718
24718 2 17118 24719
24719 1 24720
24720 1 24721
24721 2 24722 30714
24722 2 9885 24723
24723 1 24724
24724 1 24725
24725 2 18861 24726
24726 1 24727
24727 1 24728
24728 3 3654 18986 24729
24729 1 24730
24730 3 24731 45172 49796
24731 1 24732
24732 2 24733 41804
24733 1 24734
24734 3 13044 23345 24735
24735 1 24736
24736 4 17301 24737 26369 47613
24737 3 4870 17063 24738
24738 1 24739
24739 1 24740
24740 2 11887 24741
24741 3 486 24742 35649
24742 2 24743 28686
24743 1 24744
24744 2 24745 40134
24745 2 3178 24746
24746 1 24747
24747 3 24748 25152 29013
24748 4 13652 20398 24749 26883
24749 2 22008 24750
24750 2 24751 49542
24751 3 6676 24752 27916
24752 2 6570 24753
24753 5 701 12971 24754 43254 44281
24754 1 24755
24755 2 24756 44324
24756 2 6625 24757
24757 3 20250 24758 27850
24758 3 1852 24759 48357
24759 2 24760 33668
24760 1 24761
24761 1 24762
24762 2 15914 24763
24763 3 4578 24764 35362
24764 2 7535 24765
24765 1 24766
24766 3 24767 31743 45747
24767 2 24768 32532
24768 2 1284 24769
24769 1 24770
24770 2 24771 36752
24771 1 24772
24772 1 24773
24773 3 8070 24774 40727
24774 2 10528 24775
24775 2 22357 24776
24776 1 24777
24777 3 12584 20311 24778
24778 1 24779
24779 2 24780 49015
24780 2 13115 24781
24781 2 5025 24782
24782 2 19694 24783
24783 1 24784
24784 2 24785 39266
24785 1 24786
24786 1 24787
24787 6 5311 15986 17047 24155 24788 34971
24788 1 24789
24789 1 24790
24790 4 911 24791 35007 35822
24791 1 24792
24792 4 24793 31322 35312 42336
24793 1 24794
24794 2 2092 24795
24795 1 24796
24796 2 1025 24797
24797 1 24798
24798 1 24799
24799 1 24800
24800 1 24801
24801 3 14496 24802 47036
24802 3 9007 20261 24803
24803 2 24804 45107
24804 1 24805
24805 3 24398 24806 35678
24806 2 6589 24807
24807 2 24808 35700
24808 2 24809 30804
24809 2 21885 24810
24810 3 24811 30205 42253
24811 2 24812 37256
24812 1 24813
24813 2 24814 33061
24814 1 24815
24815 2 8474 24816
24816 1 24817
24817 2 24818 32073
24818 1 24819
24819 2 9401 24820
24820 3 1653 24821 42754
24821 5 417 13721 16584 24357 24822
24822 2 6324 24823
24823 2 2150 24824
24824 1 24825
24825 2 24826 34411
24826 2 24827 35679
24827 4 532 24828 30276 36393
24828 1 24829
24829 2 462 24830
24830 2 24831 34123
24831 2 24450 24832
24832 2 12192 24833
24833 2 24834 29288
24834 2 6869 24835
24835 2 24836 33094
24836 2 24837 43513
24837 1 24838
24838 1 24839
24839 1 24840
24840 2 17993 24841
24841 2 17246 24842
24842 4 24843 32091 38667 40407
24843 4 4573 12953 24844 49525
24844 2 24845 26706
24845 3 9996 20981 24846
24846 1 24847
24847 1 24848
24848 1 24849
24849 1 24850
24850 2 24851 29275
24851 1 24852
24852 2 24853 36487
24853 1 24854
24854 2 22327 24855
24855 1 24856
24856 2 22326 24857
24857 4 24858 29159 30622 47736
24858 3 24859 31858 43268
24859 2 23022 24860
24860 1 24861
24861 1 24862
24862 3 644 24863 39046
24863 2 23020 24864
24864 2 24865 46435
24865 1 24866
24866 2 14485 24867
24867 2 14592 24868
24868 3 8025 24869 39137
24869 1 24870
24870 1 24871
24871 2 2368 24872
24872 3 4405 19246 24873
24873 1 24874
24874 1 24875
24875 4 12147 24876 44568 49319
24876 5 1331 24877 40483 44244 48007
24877 3 3980 7963 24878
24878 2 24879 27847
24879 3 24880 26702 44826
24880 1 24881
24881 2 8869 24882
24882 2 3072 24883
24883 3 11656 24884 40379
24884 2 18090 24885
24885 2 24886 38230
24886 3 12121 24418 24887
24887 3 13270 19792 24888
24888 3 3601 24889 36996
24889 3 8196 24890 29206
24890 1 24891
24891 2 18853 24892
24892 2 24893 39251
24893 1 24894
24894 2 24022 24895
24895 2 24896 42898
24896 3 1537 4346 24897
24897 2 24898 25513
24898 3 10960 24899 28683
24899 3 10619 19679 24900
24900 1 24901
24901 3 8781 10562 24902
24902 3 24903 26299 43456
24903 2 24904 33354
24904 1 24905
24905 1 24906
24906 2 8538 24907
24907 2 24908 38029
24908 2 20780 24909
24909 2 11546 24910
24910 1 24911
24911 1 24912
24912 4 7298 8334 13498 24913
24913 3 24914 30188 39703
24914 3 16313 24915 44250
24915 1 24916
24916 2 24917 40391
24917 1 24918
24918 3 7241 24919 48202
24919 1 24920
24920 1 24921
24921 2 22773 24922
24922 2 23159 24923
24923 2 23255 24924
24924 1 24925
24925 1 24926
24926 1 24927
24927 1 24928
24928 2 9673 24929
24929 2 17485 24930
24930 4 10361 10842 24931 25246
24931 1 24932
24932 1 24933
24933 1 24934
24934 2 24935 35337
24935 1 24936
24936 2 20320 24937
24937 4 14690 24938 35776 38783
24938 4 16271 24939 28960 49511
24939 2 4719 24940
24940 1 24941
24941 3 24942 28766 40246
24942 2 8565 24943
24943 1 24944
24944 1 24945
24945 2 14000 24946
24946 2 24947 31386
24947 1 24948
24948 2 24949 44486
24949 2 24950 37741
24950 3 24951 33047 36486
24951 2 24952 33885
24952 3 13236 24953 45607
24953 3 2990 18361 24954
24954 2 6741 24955
24955 1 24956
24956 3 20025 24957 25402
24957 3 8866 10685 24958
24958 1 24959
24959 3 24960 33075 35104
24960 3 24961 28400 31516
24961 3 4833 8370 24962
24962 1 24963
24963 3 7156 24964 39792
24964 1 24965
24965 1 24966
24966 3 20634 24967 41064
24967 1 24968
24968 2 2762 24969
24969 3 24970 30957 41759
24970 2 9239 24971
24971 3 6960 24972 26406
24972 2 20419 24973
24973 2 2346 24974
24974 1 24975
24975 4 22082 24976 41945 49507
24976 1 24977
24977 3 24978 44408 46943
24978 3 10835 14176 24979
24979 2 24980 49211
24980 1 24981
24981 2 24982 48457
24982 1 24983
24983 3 24984 37083 43518
24984 2 3149 24985
24985 1 24986
24986 2 6460 24987
24987 4 2855 18566 24988 37958
24988 1 24989
24989 2 2153 24990
24990 1 24991
24991 2 14445 24992
24992 1 24993
24993 2 24994 29494
24994 1 24995
24995 1 24996
24996 3 24639 24997 37614
24997 1 24998
24998 2 24999 43468
24999 2 25000 26091
25000 3 16241 25001 46289
25001 5 9611 25002 29519 43105 45356
25002 2 2712 25003
25003 1 25004
25004 1 25005
25005 2 25006 45352
25006 2 6229 25007
25007 1 25008
25008 3 18111 25009 41753
25009 3 25010 36803 43715
25010 3 17332 25011 40630
25011 3 25012 32253 44990
25012 2 21146 25013
25013 1 25014
25014 1 25015
25015 1 25016
25016 2 25017 36083
25017 2 25018 49602
25018 3 1270 21334 25019
25019 2 25020 39172
25020 1 25021
25021 1 25022
25022 3 25023 37684 44877
25023 4 15947 25024 28847 49025
25024 1 25025
25025 1 25026
25026 1 25027
25027 3 25028 33940 43997
25028 3 8138 18589 25029
25029 1 25030
25030 1 25031
25031 2 25032 36333
25032 2 25033 32285
25033 2 13655 25034
25034 1 25035
25035 3 22394 25036 29084
25036 1 25037
25037 3 25038 28467 32016
25038 2 14329 25039
25039 2 25040 45009
25040 1 25041
25041 2 25042 29923
25042 2 15968 25043
25043 2 186 25044
25044 1 25045
25045 2 25046 36694
25046 2 669 25047
25047 3 5378 25048 36791
25048 2 17354 25049
25049 4 22147 25050 29689 40433
25050 2 19095 25051
25051 2 25052 31921
25052 1 25053
25053 3 25054 31442 35294
25054 6 1341 15235 25055 25495 28064 47091
25055 1 25056
25056 1 25057
25057 3 10441 25058 47803
25058 3 9883 22431 25059
25059 1 25060
25060 2 15038 25061
25061 1 25062
25062 1 25063
25063 1 25064
25064 2 18099 25065
25065 1 25066
25066 3 14055 20797 25067
25067 2 25068 35102
25068 2 24088 25069
25069 3 19316 25070 28242
25070 1 25071
25071 2 25072 37596
25072 4 4302 7518 10360 25073
25073 2 6987 25074
25074 1 25075
25075 2 7856 25076
25076 2 10856 25077
25077 1 25078
25078 3 25079 35841 48621
25079 2 3739 25080
25080 2 1692 25081
25081 2 25082 36026
25082 3 2551 21773 25083
25083 1 25084
25084 2 7566 25085
25085 2 18523 25086
25086 3 2321 23551 25087
25087 1 25088
25088 3 5692 20588 25089
25089 2 7497 25090
25090 1 25091
25091 3 9893 23326 25092
25092 5 2343 12106 14688 25093 29033
25093 2 25094 42294
25094 3 14029 15256 25095
25095 2 5644 25096
25096 1 25097
25097 2 24860 25098
25098 2 25099 28180
25099 2 5006 25100
25100 1 25101
25101 3 9510 25102 48248
25102 2 2055 25103
25103 1 25104
25104 1 25105
25105 1 25106
25106 2 25107 33455
25107 4 5051 25108 28058 28856
25108 3 17096 25109 45893
25109 4 2337 25110 25394 37394
25110 1 25111
25111 2 4212 25112
25112 2 14897 25113
25113 1 25114
25114 3 25115 28271 34223
25115 1 25116
25116 2 25117 48241
25117 4 12449 25118 38509 41683
25118 5 4423 5180 13273 25119 29780
25119 1 25120
25120 1 25121
25121 2 8461 25122
25122 4 19705 25123 29303 32192
25123 1 25124
25124 2 1540 25125
25125 3 25126 39507 42837
25126 1 25127
25127 3 1244 14276 25128
25128 4 9943 22001 25129 45420
25129 2 20968 25130
25130 2 25131 32848
25131 2 25132 43343
25132 2 1346 25133
25133 3 4292 25134 34048
25134 1 25135
25135 1 25136
25136 2 25137 43722
25137 3 11453 25138 29133
25138 2 25139 40513
25139 2 11334 25140
25140 2 25141 40014
25141 4 2062 7475 25142 49022
25142 1 25143
25143 1 25144
25144 1 25145
25145 1 25146
25146 1 25147
25147 1 25148
25148 3 13275 25149 47489
25149 1 25150
25150 2 25151 29905
25151 2 12880 25152
25152 3 1212 25153 32661
25153 4 91 23111 25154 26705
25154 1 25155
25155 6 3322 7139 25156 28883 32082 35045
25156 1 25157
25157 1 25158
25158 2 25159 34777
25159 2 25160 32666
25160 2 25161 28007
25161 2 25162 29999
25162 2 4721 25163
25163 2 14997 25164
25164 3 17670 25165 27701
25165 2 25166 42552
25166 3 25167 42608 43651
25167 2 13435 25168
25168 1 25169
25169 1 25170
25170 1 25171
25171 2 19351 25172
25172 1 25173
25173 2 15797 25174
25174 1 25175
25175 4 736 18677 20062 25176
25176 1 25177
25177 1 25178
25178 1 25179
25179 1 25180
25180 1 25181
25181 2 25182 28747
25182 1 25183
25183 2 25184 47858
25184 3 2116 25185 36627
25185 2 6341 25186
25186 1 25187
25187 2 25188 29633
25188 2 22503 25189
25189 2 25190 30229
25190 2 25191 27563
25191 2 24311 25192
25192 2 8540 25193
25193 1 25194
25194 4 25195 39549 41724 42616
25195 2 16382 25196
25196 3 25197 32434 43248
25197 1 25198
25198 2 9619 25199
25199 4 24291 25200 28197 32786
25200 2 25201 37213
25201 1 25202
25202 3 603 23603 25203
25203 2 25204 38438
25204 2 14899 25205
25205 2 1766 25206
25206 1 25207
25207 5 20976 24387 25208 26327 44536
25208 1 25209
25209 1 25210
25210 3 25211 28263 49969
25211 3 13937 23854 25212
25212 2 4364 25213
25213 3 14282 25214 26977
25214 1 25215
25215 1 25216
25216 3 2016 25217 39911
25217 2 6535 25218
25218 3 25219 29955 38922
25219 1 25220
25220 1 25221
25221 5 41 25222 30423 32826 40094
25222 2 17850 25223
25223 1 25224
25224 1 25225
25225 1 25226
25226 3 3903 17479 25227
25227 4 2410 25228 39854 41777
25228 1 25229
25229 2 16677 25230
25230 3 53 9895 25231
25231 1 25232
25232 3 25233 29629 35126
25233 2 10598 25234
25234 3 11303 25235 49259
25235 3 6964 14930 25236
25236 2 25237 45205
25237 3 25238 47045 49658
25238 2 4290 25239
25239 1 25240
25240 1 25241
25241 1 25242
25242 1 25243
25243 2 24342 25244
25244 1 25245
25245 1 25246
25246 3 25247 42232 45045
25247 4 25248 27904 44324 46790
25248 1 25249
25249 3 4912 6059 25250
25250 3 12082 19431 25251
25251 2 25252 49580
25252 2 25253 35981
25253 1 25254
25254 2 694 25255
25255 1 25256
25256 1 25257
25257 1 25258
25258 2 19707 25259
25259 1 25260
25260 3 25261 31573 39104
25261 3 21927 25262 39228
25262 2 25263 32706
25263 2 25264 49743
25264 1 25265
25265 2 25266 38491
25266 3 25267 31721 46348
25267 2 25268 26736
25268 3 2866 23933 25269
25269 3 20162 25270 27890
25270 2 25271 30597
25271 2 25272 40375
25272 1 25273
25273 1 25274
25274 1 25275
25275 1 25276
25276 3 25277 26613 26914
25277 1 25278
25278 1 25279
25279 2 25280 38247
25280 2 25281 30969
25281 3 9783 25282 27317
25282 2 25283 45701
25283 1 25284
25284 3 23353 25285 25337
25285 3 12491 25286 30992
25286 3 9965 18029 25287
25287 1 25288
25288 3 5348 25289 42724
25289 2 25290 40774
25290 2 25291 31208
25291 1 25292
25292 3 3744 25293 49674
25293 1 25294
25294 1 25295
25295 1 25296
25296 1 25297
25297 3 25298 28947 38642
25298 1 25299
25299 1 25300
25300 2 25301 28861
25301 1 25302
25302 2 22998 25303
25303 1 25304
25304 3 1710 25305 33194
25305 1 25306
25306 4 25307 36914 37607 48201
25307 2 25308 45184
25308 1 25309
25309 2 25310 35211
25310 2 25311 27457
25311 1 25312
25312 3 22766 25313 49555
25313 2 12096 25314
25314 1 25315
25315 1 25316
25316 3 25317 29838 39860
25317 3 15752 25318 42466
25318 2 7444 25319
25319 1 25320
25320 2 14890 25321
25321 3 23511 25322 41883
25322 3 6005 9987 25323
25323 2 16479 25324
25324 1 25325
25325 1 25326
25326 2 11678 25327
25327 1 25328
25328 2 18339 25329
25329 2 6217 25330
25330 1 25331
25331 2 25332 40268
25332 3 25333 27573 42195
25333 3 3264 15880 25334
25334 3 2459 25335 39386
25335 2 10203 25336
25336 2 15007 25337
25337 1 25338
25338 2 11941 25339
25339 1 25340
25340 2 3843 25341
25341 2 7768 25342
25342 2 20635 25343
25343 1 25344
25344 1 25345
25345 2 25346 27645
25346 1 25347
25347 3 22629 25348 48846
25348 4 25349 27333 34242 36741
25349 2 25130 25350
25350 2 15677 25351
25351 4 7647 25352 39866 43410
25352 2 18589 25353
25353 2 6094 25354
25354 2 2054 25355
25355 2 25243 25356
25356 1 25357
25357 3 25358 27951 45938
25358 1 25359
25359 4 2836 6194 17671 25360
25360 1 25361
25361 2 21753 25362
25362 1 25363
25363 3 15888 23353 25364
25364 3 1246 24379 25365
25365 1 25366
25366 2 2103 25367
25367 3 8473 25368 42454
25368 2 25369 29350
25369 4 3105 17580 25370 28352
25370 1 25371
25371 3 19910 22789 25372
25372 2 14654 25373
25373 3 25374 38018 49054
25374 2 10412 25375
25375 2 1094 25376
25376 1 25377
25377 1 25378
25378 4 8586 25379 32226 46902
25379 1 25380
25380 2 25381 37335
25381 1 25382
25382 1 25383
25383 1 25384
25384 1 25385
25385 1 25386
25386 2 25387 42971
25387 1 25388
25388 1 25389
25389 1 25390
25390 1 25391
25391 2 17751 25392
25392 3 12398 13678 25393
25393 2 25394 39173
25394 4 22850 25395 41999 46589
25395 1 25396
25396 2 25397 40466
25397 2 19650 25398
25398 2 8830 25399
25399 1 25400
25400 2 25401 44570
25401 2 21093 25402
25402 2 4469 25403
25403 2 25404 29415
25404 1 25405
25405 3 25406 30588 43955
25406 1 25407
25407 1 25408
25408 2 14945 25409
25409 3 25410 35414 47949
25410 3 25411 39825 43005
25411 1 25412
25412 4 7544 21670 25413 32711
25413 2 25414 28929
25414 2 25415 48558
25415 1 25416
25416 1 25417
25417 1 25418
25418 2 11475 25419
25419 2 25420 45656
25420 3 3211 25421 35517
25421 1 25422
25422 2 25423 39637
25423 1 25424
25424 2 25425 45113
25425 2 25426 49103
25426 5 8537 17201 17561 25427 26510
25427 1 25428
25428 2 9715 25429
25429 2 25430 37844
25430 1 25431
25431 1 25432
25432 1 25433
25433 3 24790 25434 37835
25434 1 25435
25435 5 5207 12249 23228 25436 31799
25436 2 25091 25437
25437 2 5633 25438
25438 1 25439
25439 4 22564 25440 35331 48156
25440 1 25441
25441 5 23503 25442 38751 41466 46328
25442 3 8442 23228 25443
25443 4 12011 12713 25444 31592
25444 2 25445 26967
25445 2 25446 37407
25446 2 25447 33091
25447 2 17636 25448
25448 1 25449
25449 1 25450
25450 2 25451 28985
25451 3 1836 23257 25452
25452 3 25453 38482 44210
25453 1 25454
25454 3 25406 25455 26580
25455 2 21832 25456
25456 1 25457
25457 1 25458
25458 4 7276 25459 30056 40838
25459 1 25460
25460 3 25461 39033 45823
25461 2 25462 31044
25462 2 22480 25463
25463 2 25464 47520
25464 2 25465 49538
25465 2 25466 35231
25466 2 8395 25467
25467 1 25468
25468 1 25469
25469 1 25470
25470 2 19918 25471
25471 1 25472
25472 1 25473
25473 1 25474
25474 1 25475
25475 3 10350 25476 47552
25476 2 25477 47798
25477 1 25478
25478 1 25479
25479 4 25480 27172 29081 48066
25480 2 734 25481
25481 2 17321 25482
25482 3 25483 33367 47999
25483 1 25484
25484 1 25485
25485 3 8727 25486 42600
25486 1 25487
25487 2 18674 25488
25488 1 25489
25489 1 25490
25490 2 20864 25491
25491 1 25492
25492 1 25493
25493 3 25494 30918 38145
25494 2 8471 25495
25495 1 25496
25496 1 25497
25497 1 25498
25498 2 25499 49887
25499 1 25500
25500 1 25501
25501 2 12009 25502
25502 2 9797 25503
25503 2 25504 35396
25504 2 20156 25505
25505 3 24218 25506 33146
25506 1 25507
25507 2 16852 25508
25508 5 2602 22635 25509 31915 46419
25509 2 25510 42393
25510 2 22622 25511
25511 2 25512 36621
25512 1 25513
25513 3 4241 25514 33169
25514 1 25515
25515 3 17237 25516 47179
25516 1 25517
25517 2 4476 25518
25518 2 25519 28201
25519 1 25520
25520 2 14363 25521
25521 3 4612 25522 40092
25522 2 22592 25523
25523 2 25524 33258
25524 3 16539 21903 25525
25525 1 25526
25526 1 25527
25527 3 23463 25528 49576
25528 1 25529
25529 3 17623 22468 25530
25530 1 25531
25531 2 25532 30001
25532 1 25533
25533 1 25534
25534 3 5087 25535 29632
25535 1 25536
25536 1 25537
25537 3 25538 29483 32577
25538 2 19843 25539
25539 2 5434 25540
25540 1 25541
25541 3 9660 25542 36274
25542 2 11662 25543
25543 1 25544
25544 3 22839 25545 49198
25545 2 18413 25546
25546 2 25547 29519
25547 2 25548 27905
25548 3 6306 25492 25549
25549 2 5684 25550
25550 3 3259 22506 25551
25551 2 25552 35583
25552 4 12584 20006 22071 25553
25553 3 9952 25554 32709
25554 2 427 25555
25555 2 25556 36296
25556 3 11464 25557 49895
25557 1 25558
25558 2 25559 47620
25559 3 25560 34843 47607
25560 2 25561 35098
25561 4 379 9228 10181 25562
25562 2 25563 40706
25563 2 25564 46646
25564 4 18593 25565 35155 44773
25565 3 13742 24973 25566
25566 3 7422 22380 25567
25567 1 25568
25568 2 24012 25569
25569 2 25570 36829
25570 2 25571 38086
25571 3 17143 25572 32976
25572 3 15273 25573 31369
25573 2 15171 25574
25574 1 25575
25575 3 22006 25576 33435
25576 3 25577 39403 43832
25577 1 25578
25578 3 1543 21201 25579
25579 3 25580 27308 32019
25580 2 25581 29264
25581 1 25582
25582 5 12435 17745 20976 22203 25583
25583 2 25584 35244
25584 1 25585
25585 2 9465 25586
25586 1 25587
25587 1 25588
25588 4 16726 25589 30371 32090
25589 1 25590
25590 3 18882 25591 43329
25591 3 11129 25592 46787
25592 1 25593
25593 1 25594
25594 1 25595
25595 1 25596
25596 2 16012 25597
25597 2 5250 25598
25598 2 25599 42636
25599 1 25600
25600 1 25601
25601 1 25602
25602 3 12327 25603 40278
25603 1 25604
25604 3 25605 33850 49712
25605 2 25606 45718
25606 2 11975 25607
25607 2 1967 25608
25608 4 3786 11126 25609 35219
25609 1 25610
25610 2 25611 26612
25611 3 11130 25612 46654
25612 1 25613
25613 1 25614
25614 2 25615 34190
25615 2 10413 25616
25616 2 24094 25617
25617 1 25618
25618 3 21273 24594 25619
25619 6 24122 25620 27086 37726 39049 40499
25620 2 14742 25621
25621 2 25622 33362
25622 1 25623
25623 1 25624
25624 2 22387 25625
25625 1 25626
25626 1 25627
25627 2 23750 25628
25628 2 2547 25629
25629 1 25630
25630 1 25631
25631 1 25632
25632 2 20276 25633
25633 3 611 20013 25634
25634 2 25635 27154
25635 5 489 5737 24425 25636 31479
25636 3 9987 25637 46253
25637 1 25638
25638 3 9230 25639 31898
25639 2 25640 25796
25640 1 25641
25641 3 6030 25642 47039
25642 1 25643
25643 2 1798 25644
25644 3 25645 27999 40499
25645 1 25646
25646 2 14567 25647
25647 3 3559 25648 40542
25648 3 25649 27758 37094
25649 2 25650 41461
25650 2 5837 25651
25651 3 21121 25652 32194
25652 1 25653
25653 2 24195 25654
25654 1 25655
25655 1 25656
25656 1 25657
25657 3 4988 16080 25658
25658 2 9534 25659
25659 2 25660 31858
25660 2 19546 25661
25661 2 25662 27104
25662 3 16152 25663 29209
25663 1 25664
25664 1 25665
25665 1 25666
25666 2 25667 48685
25667 2 10378 25668
25668 3 14470 25669 28406
25669 1 25670
25670 3 18425 21025 25671
25671 4 5336 24692 25672 27478
25672 3 9605 25673 49029
25673 2 3779 25674
25674 1 25675
25675 3 10706 25676 41570
25676 1 25677
25677 2 25678 48555
25678 1 25679
25679 2 25680 28344
25680 3 22818 25681 32458
25681 1 25682
25682 5 13192 15621 22280 25683 35516
25683 2 16146 25684
25684 3 6834 25685 48989
25685 2 23759 25686
25686 3 4512 7867 25687
25687 1 25688
25688 2 7824 25689
25689 2 25690 34674
25690 2 25691 46425
25691 3 18966 25692 38641
25692 2 557 25693
25693 2 3396 25694
25694 1 25695
25695 1 25696
25696 1 25697
25697 1 25698
25698 2 7727 25699
25699 3 13667 25700 36144
25700 1 25701
25701 1 25702
25702 2 13801 25703
25703 1 25704
25704 1 25705
25705 1 25706
25706 1 25707
25707 1 25708
25708 1 25709
25709 1 25710
25710 3 14747 25711 34222
25711 1 25712
25712 2 14230 25713
25713 1 25714
25714 3 8025 8190 25715
25715 4 25716 28466 36810 49478
25716 1 25717
25717 2 25718 45444
25718 3 25719 31969 34714
25719 3 16443 24962 25720
25720 2 23425 25721
25721 1 25722
25722 4 10715 15947 25723 35185
25723 1 25724
25724 1 25725
25725 1 25726
25726 2 10929 25727
25727 1 25728
25728 1 25729
25729 1 25730
25730 1 25731
25731 2 25732 28867
25732 2 611 25733
25733 1 25734
25734 2 1083 25735
25735 3 8425 11893 25736
25736 2 25737 48951
25737 1 25738
25738 5 1120 1653 25028 25739 49702
25739 3 2500 25740 46616
25740 1 25741
25741 5 25742 35919 39794 41880 46818
25742 2 4930 25743
25743 3 1392 25744 47384
25744 2 25745 27144
25745 2 522 25746
25746 2 25747 45985
25747 2 12106 25748
25748 2 25749 29299
25749 1 25750
25750 1 25751
25751 4 23178 25752 35965 47824
25752 1 25753
25753 2 10461 25754
25754 2 25755 38668
25755 3 25756 31944 39107
25756 1 25757
25757 3 17960 22700 25758
25758 3 25759 28606 49105
25759 3 12556 25760 29200
25760 4 14766 19320 25761 26871
25761 1 25762
25762 2 25763 47583
25763 1 25764
25764 2 19792 25765
25765 1 25766
25766 3 16309 18237 25767
25767 3 10864 15641 25768
25768 1 25769
25769 1 25770
25770 2 5835 25771
25771 1 25772
25772 3 18439 25773 48739
25773 2 2162 25774
25774 1 25775
25775 2 19713 25776
25776 1 25777
25777 3 16934 25778 43610
25778 2 526 25779
25779 4 25780 27213 31328 35798
25780 1 25781
25781 2 11031 25782
25782 2 4422 25783
25783 2 25784 27672
25784 3 25785 26069 38084
25785 1 25786
25786 1 25787
25787 1 25788
25788 1 25789
25789 2 21433 25790
25790 1 25791
25791 1 25792
25792 1 25793
25793 2 16496 25794
25794 2 25795 43396
25795 1 25796
25796 2 12440 25797
25797 2 969 25798
25798 2 8894 25799
25799 4 16706 25800 43861 49050
25800 1 25801
25801 1 25802
25802 1 25803
25803 4 14865 25804 28896 29697
25804 3 20786 21855 25805
25805 1 25806
25806 1 25807
25807 3 9903 25808 42538
25808 2 19544 25809
25809 1 25810
25810 1 25811
25811 3 25812 38133 48780
25812 2 2034 25813
25813 1 25814
25814 3 21367 25815 38140
25815 2 25816 29512
25816 2 25817 28650
25817 2 24371 25818
25818 4 22541 23692 25819 39116
25819 2 25820 48093
25820 2 25821 38265
25821 1 25822
25822 1 25823
25823 3 11416 25824 33274
25824 3 6339 14560 25825
25825 1 25826
25826 1 25827
25827 1 25828
25828 1 25829
25829 2 25830 40078
25830 5 17931 25831 45942 47498 47573
25831 1 25832
25832 1 25833
25833 2 474 25834
25834 2 18521 25835
25835 3 9726 25836 36369
25836 2 22184 25837
25837 1 25838
25838 2 22035 25839
25839 1 25840
25840 1 25841
25841 2 21256 25842
25842 3 9497 18997 25843
25843 2 11449 25844
25844 1 25845
25845 1 25846
25846 2 18529 25847
25847 1 25848
25848 2 25849 40409
25849 2 1984 25850
25850 2 17138 25851
25851 3 22090 23601 25852
25852 1 25853
25853 2 25854 29901
25854 3 899 15990 25855
25855 1 25856
25856 1 25857
25857 2 21044 25858
25858 2 23544 25859
25859 3 5165 25860 41507
25860 1 25861
25861 2 23216 25862
25862 2 25863 44496
25863 2 25864 47011
25864 3 16321 25865 33466
25865 2 23283 25866
25866 2 17443 25867
25867 1 25868
25868 2 22421 25869
25869 2 25870 39671
25870 2 19417 25871
25871 1 25872
25872 2 22993 25873
25873 1 25874
25874 2 25875 40191
25875 2 20410 25876
25876 1 25877
25877 1 25878
25878 2 25879 27903
25879 1 25880
25880 4 1676 25881 36372 48875
25881 2 14542 25882
25882 3 2078 25883 38860
25883 1 25884
25884 1 25885
25885 1 25886
25886 1 25887
25887 4 24371 24962 25888 49174
25888 1 25889
25889 2 25890 47270
25890 2 25891 44826
25891 2 24779 25892
25892 1 25893
25893 1 25894
25894 2 25895 26286
25895 2 25896 26315
25896 2 7896 25897
25897 1 25898
25898 1 25899
25899 3 23717 25900 26602
25900 3 25901 38998 48906
25901 4 25902 34552 38572 39287
25902 3 21980 25903 32806
25903 2 25904 47058
25904 3 3711 25905 49757
25905 3 5104 25906 33992
25906 2 16577 25907
25907 4 13281 24704 25908 49459
25908 3 21614 25909 38589
25909 2 7460 25910
25910 2 9457 25911
25911 3 20188 25912 26154
25912 1 25913
25913 3 9664 25914 39598
25914 2 16667 25915
25915 4 18022 23045 25916 27073
25916 2 19964 25917
25917 1 25918
25918 1 25919
25919 1 25920
25920 2 25921 41562
25921 1 25922
25922 4 5756 25923 35152 43460
25923 2 8696 25924
25924 3 17202 24112 25925
25925 2 6884 25926
25926 2 25927 34105
25927 2 24526 25928
25928 2 4429 25929
25929 1 25930
25930 1 25931
25931 2 19904 25932
25932 3 25933 30945 38822
25933 2 11066 25934
25934 4 9442 17598 25935 39088
25935 2 25936 37754
25936 1 25937
25937 2 5137 25938
25938 1 25939
25939 2 16221 25940
25940 2 25941 28591
25941 2 25942 39304
25942 1 25943
25943 1 25944
25944 2 12739 25945
25945 2 705 25946
25946 2 23270 25947
25947 2 21468 25948
25948 1 25949
25949 3 10508 25950 31541
25950 3 7465 25951 33107
25951 1 25952
25952 1 25953
25953 1 25954
25954 3 5391 13065 25955
25955 1 25956
25956 2 25957 38714
25957 3 10559 25589 25958
25958 2 25959 44958
25959 2 25960 34678
25960 3 14759 24768 25961
25961 2 7496 25962
25962 2 8731 25963
25963 3 4029 23074 25964
25964 2 25263 25965
25965 1 25966
25966 1 25967
25967 2 25968 32613
25968 1 25969
25969 2 18496 25970
25970 3 11571 20388 25971
25971 3 20767 25972 29231
25972 3 21525 25973 48474
25973 2 10590 25974
25974 2 15509 25975
25975 1 25976
25976 1 25977
25977 1 25978
25978 3 6459 25979 29005
25979 3 1794 22954 25980
25980 3 25981 27306 42659
25981 1 25982
25982 2 1643 25983
25983 1 25984
25984 1 25985
25985 2 10298 25986
25986 2 20772 25987
25987 1 25988
25988 1 25989
25989 1 25990
25990 2 2927 25991
25991 2 25992 47413
25992 1 25993
25993 2 25994 35076
25994 2 25995 38277
25995 2 25996 28806
25996 3 8353 25997 40527
25997 2 10630 25998
25998 3 5019 25999 37811
25999 1 26000
26000 2 15819 26001
26001 1 26002
26002 1 26003
26003 3 14161 26004 37713
26004 1 26005
26005 1 26006
26006 3 13156 26007 28228
26007 3 10209 16056 26008
26008 4 26009 41142 43922 48636
26009 2 26010 31091
26010 2 612 26011
26011 2 2900 26012
26012 5 5960 9945 14056 24926 26013
26013 2 26014 32079
26014 3 26015 35737 41866
26015 1 26016
26016 2 12400 26017
26017 1 26018
26018 1 26019
26019 3 25667 26020 34656
26020 2 26021 29190
26021 2 26022 41909
26022 1 26023
26023 2 26024 30501
26024 2 26025 47312
26025 1 26026
26026 1 26027
26027 1 26028
26028 2 26029 36536
26029 3 26030 31986 41577
26030 3 1259 14530 26031
26031 1 26032
26032 1 26033
26033 1 26034
26034 1 26035
26035 2 26036 37081
26036 3 258 26037 34096
26037 1 26038
26038 2 4839 26039
26039 1 26040
26040 2 26041 49230
26041 2 26042 44792
26042 3 26043 41830 46177
26043 3 26044 31012 33218
26044 3 10266 11214 26045
26045 3 26046 36110 45686
26046 1 26047
26047 2 5261 26048
26048 2 5753 26049
26049 1 26050
26050 3 25454 26051 26605
26051 2 26052 35773
26052 2 6031 26053
26053 1 26054
26054 2 26055 31150
26055 2 4214 26056
26056 1 26057
26057 4 3574 19123 26058 46938
26058 1 26059
26059 2 26060 29222
26060 2 13820 26061
26061 1 26062
26062 1 26063
26063 1 26064
26064 2 26065 27251
26065 3 9123 26066 39195
26066 2 20899 26067
26067 1 26068
26068 2 26069 41612
26069 3 13392 26070 40475
26070 1 26071
26071 1 26072
26072 4 2847 7943 26073 45785
26073 3 12556 16221 26074
26074 1 26075
26075 1 26076
26076 1 26077
26077 1 26078
26078 3 14921 26079 48822
26079 2 26080 49306
26080 3 7956 18040 26081
26081 3 23057 26082 31870
26082 1 26083
26083 2 26084 42359
26084 2 26085 39913
26085 3 8387 8784 26086
26086 3 1953 14383 26087
26087 2 26088 43775
26088 3 712 8992 26089
26089 2 26090 48136
26090 2 26091 44303
26091 2 19505 26092
26092 2 11841 26093
26093 4 13626 15165 26094 30300
26094 1 26095
26095 4 10699 26096 34702 43529
26096 2 1744 26097
26097 2 18979 26098
26098 3 695 14464 26099
26099 2 26100 30381
26100 3 15223 26101 38345
26101 2 26102 27514
26102 2 7642 26103
26103 1 26104
26104 2 26105 27418
26105 1 26106
26106 2 17047 26107
26107 3 3894 26108 30111
26108 1 26109
26109 1 26110
26110 1 26111
26111 1 26112
26112 1 26113
26113 3 9917 14997 26114
26114 1 26115
26115 2 8728 26116
26116 3 26117 26964 47292
26117 1 26118
26118 3 14049 15627 26119
26119 3 24442 26120 33271
26120 1 26121
26121 1 26122
26122 1 26123
26123 3 26124 44025 47394
26124 1 26125
26125 2 26126 38333
26126 5 5213 6084 25722 26127 46228
26127 2 21785 26128
26128 2 26129 35286
26129 2 12677 26130
26130 2 26131 26679
26131 2 26005 26132
26132 3 9865 26133 49289
26133 1 26134
26134 2 25477 26135
26135 2 26136 32483
26136 2 17487 26137
26137 1 26138
26138 1 26139
26139 5 16105 24822 25677 26140 31680
26140 3 9589 26141 42495
26141 1 26142
26142 2 26143 36807
26143 3 26144 45734 49404
26144 2 26145 49452
26145 2 26146 37631
26146 4 9242 12244 26147 48329
26147 1 26148
26148 1 26149
26149 2 8337 26150
26150 1 26151
26151 1 26152
26152 1 26153
26153 1 26154
26154 3 24798 26155 42776
26155 2 7647 26156
26156 4 26157 38774 43789 44947
26157 2 17778 26158
26158 2 13086 26159
26159 3 2621 12690 26160
26160 2 26161 30472
26161 1 26162
26162 1 26163
26163 1 26164
26164 2 24846 26165
26165 1 26166
26166 3 26167 33072 45767
26167 2 26168 40223
26168 2 12721 26169
26169 2 6938 26170
26170 1 26171
26171 3 9145 26172 26715
26172 1 26173
26173 1 26174
26174 1 26175
26175 2 26176 29950
26176 2 22255 26177
26177 2 26178 34701
26178 3 26179 39241 39729
26179 3 4618 26180 39315
26180 3 26181 34855 45583
26181 2 19699 26182
26182 2 26183 28017
26183 2 16904 26184
26184 2 13553 26185
26185 1 26186
26186 2 26187 45258
26187 4 7980 26188 34907 36860
26188 1 26189
26189 4 4508 17704 26190 43422
26190 1 26191
26191 3 1586 12979 26192
26192 1 26193
26193 3 19658 26194 43986
26194 3 9809 26195 27365
26195 2 26196 38943
26196 3 5723 15260 26197
26197 1 26198
26198 2 22193 26199
26199 3 13189 26200 47804
26200 4 15406 26201 29901 34061
26201 1 26202
26202 3 15911 26203 32042
26203 3 7705 26204 44225
26204 2 26205 38828
26205 2 26206 35430
26206 2 2526 26207
26207 1 26208
26208 2 26209 38918
26209 2 26210 47373
26210 2 26211 45532
26211 1 26212
26212 1 26213
26213 3 23418 26214 49537
26214 2 3702 26215
26215 3 5830 16477 26216
26216 1 26217
26217 2 11169 26218
26218 3 26219 38136 49154
26219 2 12895 26220
26220 1 26221
26221 1 26222
26222 1 26223
26223 3 5752 21637 26224
26224 1 26225
26225 2 26226 29805
26226 2 2117 26227
26227 1 26228
26228 2 4840 26229
26229 2 23689 26230
26230 1 26231
26231 1 26232
26232 3 55 26233 40218
26233 2 6670 26234
26234 2 26235 49158
26235 2 2003 26236
26236 2 26237 30374
26237 3 8673 26238 28023
26238 2 13008 26239
26239 1 26240
26240 3 24622 26241 48230
26241 3 26242 26619 30063
26242 3 7030 26243 35675
26243 2 6010 26244
26244 1 26245
26245 4 3799 5694 26109 26246
26246 3 4096 26247 38747
26247 1 26248
26248 1 26249
26249 2 7896 26250
26250 1 26251
26251 2 24621 26252
26252 2 16915 26253
26253 1 26254
26254 3 11574 26255 41913
26255 1 26256
26256 1 26257
26257 4 2147 26258 26963 39965
26258 3 26259 32410 47029
26259 3 21805 26260 35155
26260 1 26261
26261 1 26262
26262 3 5516 13989 26263
26263 2 12488 26264
26264 1 26265
26265 2 26266 43616
26266 2 7588 26267
26267 2 26268 30612
26268 1 26269
26269 1 26270
26270 2 26271 34034
26271 2 16915 26272
26272 3 15512 26273 47774
26273 2 3214 26274
26274 1 26275
26275 2 16862 26276
26276 1 26277
26277 2 26278 34849
26278 3 2556 17598 26279
26279 2 26280 29999
26280 2 9755 26281
26281 2 16454 26282
26282 2 26283 30597
26283 1 26284
26284 2 13222 26285
26285 1 26286
26286 1 26287
26287 3 540 26288 40932
26288 1 26289
26289 1 26290
26290 3 11842 26291 27539
26291 3 1224 6298 26292
26292 1 26293
26293 4 1846 5704 18402 26294
26294 3 10174 20201 26295
26295 1 26296
26296 4 1919 13427 17719 26297
26297 2 9619 26298
26298 2 26299 26467
26299 2 14025 26300
26300 2 26301 34214
26301 2 26302 26403
26302 1 26303
26303 3 13844 14344 26304
26304 4 106 23069 26305 43036
26305 1 26306
26306 1 26307
26307 1 26308
26308 2 26309 46064
26309 2 11241 26310
26310 1 26311
26311 5 17220 19983 26312 32108 43506
26312 2 13842 26313
26313 3 11528 25928 26314
26314 2 6184 26315
26315 2 19553 26316
26316 3 26317 37616 39346
26317 2 1298 26318
26318 2 26319 41171
26319 2 26320 31473
26320 1 26321
26321 1 26322
26322 5 19005 26323 29095 43103 47793
26323 3 13569 26324 48055
26324 2 26325 30956
26325 2 26326 41953
26326 2 8657 26327
26327 3 26328 35744 44405
26328 1 26329
26329 1 26330
26330 3 6334 15978 26331
26331 1 26332
26332 3 26333 41243 48303
26333 1 26334
26334 1 26335
26335 3 3177 14123 26336
26336 4 8141 22409 26337 29010
26337 3 2346 26338 40970
26338 2 26339 31212
26339 4 4708 17992 26340 32766
26340 1 26341
26341 1 26342
26342 2 26343 28992
26343 3 17274 26344 26912
26344 1 26345
26345 2 23139 26346
26346 1 26347
26347 2 26348 30990
26348 2 22719 26349
26349 1 26350
26350 2 20411 26351
26351 3 11082 26352 32505
26352 1 26353
26353 3 19144 26354 48618
26354 3 3049 26355 28918
26355 2 15679 26356
26356 3 15923 26357 43758
26357 2 25818 26358
26358 2 6021 26359
26359 2 2961 26360
26360 1 26361
26361 2 26362 45744
26362 2 26363 28944
26363 2 5380 26364
26364 2 26365 41772
26365 1 26366
26366 3 593 5612 26367
26367 3 10565 10809 26368
26368 1 26369
26369 1 26370
26370 3 26371 26796 29298
26371 1 26372
26372 2 26373 40271
26373 3 21818 26374 42274
26374 2 12815 26375
26375 2 9768 26376
26376 2 3895 26377
26377 2 5269 26378
26378 1 26379
26379 2 20477 26380
26380 2 26381 34545
26381 1 26382
26382 2 13804 26383
26383 2 26384 44012
26384 2 6964 26385
26385 2 26386 40148
26386 1 26387
26387 2 8280 26388
26388 1 26389
26389 2 25538 26390
26390 3 26391 26583 42856
26391 1 26392
26392 1 26393
26393 3 20952 22533 26394
26394 2 26395 48593
26395 1 26396
26396 2 26397 39581
26397 2 26398 38412
26398 2 10657 26399
26399 5 7796 26400 35839 42253 49333
26400 4 26332 26401 27011 35567
26401 2 21492 26402
26402 3 26403 31068 45602
26403 4 23033 26404 42943 45137
26404 2 26405 47912
26405 4 5830 23373 26406 28706
26406 1 26407
26407 1 26408
26408 4 26409 27126 37541 42385
26409 1 26410
26410 1 26411
26411 1 26412
26412 1 26413
26413 5 3170 8676 22103 26414 44422
26414 3 16848 26415 34305
26415 1 26416
26416 3 26417 33024 47888
26417 1 26418
26418 2 26419 31033
26419 2 26420 32861
26420 1 26421
26421 3 20370 21102 26422
26422 4 26423 35392 41694 47433
26423 1 26424
26424 1 26425
26425 1 26426
26426 2 13472 26427
26427 6 680 13576 16430 26428 40282 43613
26428 1 26429
26429 3 6309 26430 31158
26430 2 26431 42319
26431 3 1278 7835 26432
26432 1 26433
26433 2 26434 40951
26434 2 26435 44348
26435 1 26436
26436 3 16454 26437 37530
26437 4 7034 25017 26438 39359
26438 1 26439
26439 1 26440
26440 1 26441
26441 1 26442
26442 2 9127 26443
26443 2 21753 26444
26444 1 26445
26445 4 561 26446 45627 48401
26446 3 7716 26447 36775
26447 2 26448 49629
26448 1 26449
26449 2 26450 43223
26450 3 26451 47786 47918
26451 1 26452
26452 2 26453 44618
26453 1 26454
26454 3 5990 13694 26455
26455 2 26456 35497
26456 2 26373 26457
26457 2 19905 26458
26458 2 23167 26459
26459 2 16989 26460
26460 1 26461
26461 1 26462
26462 3 12763 26463 31030
26463 1 26464
26464 2 26465 45884
26465 1 26466
26466 1 26467
26467 2 26468 46399
26468 1 26469
26469 1 26470
26470 3 26471 37548 42615
26471 1 26472
26472 2 26473 38450
26473 1 26474
26474 1 26475
26475 2 17546 26476
26476 3 3662 26477 33417
26477 5 20120 21240 25311 26478 27990
26478 1 26479
26479 1 26480
26480 1 26481
26481 1 26482
26482 2 26483 32590
26483 2 26450 26484
26484 1 26485
26485 3 26486 28756 30596
26486 1 26487
26487 2 15437 26488
26488 2 23876 26489
26489 1 26490
26490 3 7320 26491 44724
26491 2 26492 31011
26492 4 2917 10768 26493 42711
26493 2 18473 26494
26494 2 3336 26495
26495 2 26496 41099
26496 3 607 2917 26497
26497 4 14288 20854 26498 33891
26498 2 17210 26499
26499 1 26500
26500 1 26501
26501 2 7998 26502
26502 4 6439 21265 26503 34919
26503 2 5980 26504
26504 1 26505
26505 2 19461 26506
26506 1 26507
26507 4 734 4451 26508 48323
26508 3 6627 13208 26509
26509 1 26510
26510 3 3972 26511 45194
26511 2 24192 26512
26512 1 26513
26513 1 26514
26514 1 26515
26515 3 13558 26516 41011
26516 1 26517
26517 3 907 3935 26518
26518 3 1187 26519 38829
26519 4 1543 26520 27294 44094
26520 2 24205 26521
26521 1 26522
26522 4 13008 26523 28106 43637
26523 4 16135 26524 31752 46935
26524 3 25319 26525 36803
26525 1 26526
26526 2 26527 39342
26527 2 12823 26528
26528 2 156 26529
26529 1 26530
26530 3 4159 20153 26531
26531 2 21206 26532
26532 2 22612 26533
26533 2 20264 26534
26534 1 26535
26535 3 26536 27312 47526
26536 2 4099 26537
26537 1 26538
26538 3 26539 45874 46512
26539 3 26540 30565 49755
26540 1 26541
26541 2 26542 27202
26542 4 19986 21194 26543 34520
26543 2 24559 26544
26544 1 26545
26545 2 20127 26546
26546 2 6127 26547
26547 2 26548 45037
26548 2 26549 34028
26549 2 26550 33579
26550 2 7204 26551
26551 2 26552 27356
26552 1 26553
26553 2 614 26554
26554 1 26555
26555 1 26556
26556 1 26557
26557 1 26558
26558 4 67 3309 26559 47793
26559 3 23653 26560 26992
26560 2 26561 46599
26561 2 8971 26562
26562 2 26148 26563
26563 2 13832 26564
26564 3 11356 17582 26565
26565 4 1177 26566 36851 46232
26566 2 22632 26567
26567 1 26568
26568 3 21694 26569 39581
26569 2 23967 26570
26570 3 20074 26571 43023
26571 1 26572
26572 3 9379 26573 27079
26573 2 14385 26574
26574 1 26575
26575 2 25017 26576
26576 3 26577 33733 42842
26577 3 12192 22803 26578
26578 3 5003 23896 26579
26579 3 10839 20327 26580
26580 5 14919 26581 27896 29682 36938
26581 3 6299 24664 26582
26582 2 2223 26583
26583 1 26584
26584 1 26585
26585 2 26586 42562
26586 1 26587
26587 3 4909 18624 26588
26588 1 26589
26589 6 3349 26590 27819 36832 43607 48396
26590 3 7962 8995 26591
26591 1 26592
26592 1 26593
26593 1 26594
26594 1 26595
26595 1 26596
26596 3 5216 26597 37485
26597 1 26598
26598 2 26599 32951
26599 1 26600
26600 1 26601
26601 5 15873 16727 18464 25604 26602
26602 2 21118 26603
26603 1 26604
26604 3 484 26605 27356
26605 2 26606 46815
26606 2 11253 26607
26607 1 26608
26608 3 19026 23467 26609
26609 1 26610
26610 1 26611
26611 2 21294 26612
26612 3 21360 26613 36445
26613 2 3608 26614
26614 3 24060 26615 47446
26615 1 26616
26616 1 26617
26617 2 18946 26618
26618 2 17 26619
26619 1 26620
26620 1 26621
26621 1 26622
26622 2 3230 26623
26623 1 26624
26624 1 26625
26625 1 26626
26626 1 26627
26627 1 26628
26628 1 26629
26629 3 6315 26630 47095
26630 2 10203 26631
26631 1 26632
26632 2 26633 27618
26633 3 7195 26634 43429
26634 1 26635
26635 4 26636 30944 33465 35196
26636 2 5559 26637
26637 1 26638
26638 2 12586 26639
26639 3 26640 35139 37016
26640 2 17996 26641
26641 3 26642 27426 41476
26642 1 26643
26643 3 4293 26644 49890
26644 3 14263 26645 29741
26645 4 22879 26646 45283 46761
26646 2 9022 26647
26647 2 19261 26648
26648 2 13947 26649
26649 1 26650
26650 4 26651 31849 37041 48253
26651 2 19966 26652
26652 2 26653 49344
26653 2 26654 36608
26654 2 26655 30070
26655 1 26656
26656 1 26657
26657 2 1881 26658
26658 1 26659
26659 2 10586 26660
26660 3 5876 26661 27085
26661 2 26662 31560
26662 1 26663
26663 2 21699 26664
26664 2 26665 29647
26665 1 26666
26666 4 22564 26667 29170 32635
26667 3 7041 19302 26668
26668 1 26669
26669 2 14536 26670
26670 3 18348 23619 26671
26671 1 26672
26672 1 26673
26673 5 17610 19396 26674 39227 48807
26674 2 26675 33754
26675 3 10668 18274 26676
26676 2 18258 26677
26677 1 26678
26678 2 13379 26679
26679 1 26680
26680 2 26681 35771
26681 3 26682 27236 38575
26682 2 4215 26683
26683 2 7192 26684
26684 1 26685
26685 3 15075 26686 49512
26686 2 26687 26772
26687 2 26688 45826
26688 1 26689
26689 2 364 26690
26690 2 19488 26691
26691 1 26692
26692 1 26693
26693 3 25179 26694 37000
26694 3 5806 26695 38820
26695 4 5947 16396 16647 26696
26696 1 26697
26697 1 26698
26698 3 26699 31417 33497
26699 1 26700
26700 1 26701
26701 3 19688 26702 36607
26702 1 26703
26703 4 17005 25328 26704 28536
26704 3 18204 26705 35128
26705 2 21052 26706
26706 2 20398 26707
26707 1 26708
26708 1 26709
26709 2 11058 26710
26710 1 26711
26711 1 26712
26712 3 1067 24167 26713
26713 3 24625 26714 28644
26714 3 21110 26715 47920
26715 2 19939 26716
26716 3 13471 26717 28044
26717 2 16242 26718
26718 2 22664 26719
26719 1 26720
26720 1 26721
26721 2 11400 26722
26722 1 26723
26723 1 26724
26724 3 25449 26725 44664
26725 3 26726 33287 46593
26726 1 26727
26727 2 26653 26728
26728 1 26729
26729 2 26730 31835
26730 2 26731 36194
26731 2 26732 44446
26732 2 26733 38683
26733 1 26734
26734 1 26735
26735 2 26736 29607
26736 3 26737 35214 44771
26737 2 4881 26738
26738 1 26739
26739 1 26740
26740 3 14279 26741 43551
26741 1 26742
26742 1 26743
26743 2 26744 49124
26744 1 26745
26745 2 26746 47563
26746 2 13596 26747
26747 3 2013 25622 26748
26748 1 26749
26749 2 8420 26750
26750 1 26751
26751 3 22358 26752 33397
26752 2 12144 26753
26753 2 26754 48117
26754 5 12980 16051 26755 35330 36146
26755 2 26756 35548
26756 1 26757
26757 2 12386 26758
26758 1 26759
26759 3 6009 26760 32241
26760 1 26761
26761 1 26762
26762 1 26763
26763 5 11236 26764 39146 40390 40890
26764 1 26765
26765 2 26766 43421
26766 1 26767
26767 2 26768 43916
26768 2 26769 44233
26769 3 17197 26770 36993
26770 1 26771
26771 1 26772
26772 2 26773 31884
26773 3 706 26774 40318
26774 1 26775
26775 2 26776 34429
26776 2 24692 26777
26777 2 26778 31919
26778 1 26779
26779 2 26780 30836
26780 2 26781 43117
26781 2 26782 49054
26782 2 9480 26783
26783 2 26784 27685
26784 1 26785
26785 3 15374 26786 36189
26786 2 7575 26787
26787 1 26788
26788 2 26789 39001
26789 2 6579 26790
26790 3 26791 27307 36461
26791 5 9579 14779 15012 26792 40374
26792 1 26793
26793 1 26794
26794 3 26795 27162 34901
26795 2 25122 26796
26796 1 26797
26797 2 26798 46393
26798 2 25757 26799
26799 2 8324 26800
26800 1 26801
26801 2 6913 26802
26802 2 8168 26803
26803 2 26804 37634
26804 3 20283 26805 37194
26805 1 26806
26806 3 26807 34909 45433
26807 1 26808
26808 4 7843 26809 44548 46732
26809 1 26810
26810 1 26811
26811 2 26812 43197
26812 1 26813
26813 2 26814 26956
26814 2 19806 26815
26815 2 14510 26816
26816 1 26817
26817 2 8874 26818
26818 1 26819
26819 3 126 26820 31063
26820 2 17069 26821
26821 3 17240 26822 37368
26822 1 26823
26823 1 26824
26824 1 26825
26825 3 22098 26826 33413
26826 2 24888 26827
26827 3 18450 26828 47001
26828 3 13382 26829 40724
26829 1 26830
26830 4 2136 26831 38687 45900
26831 3 1880 9300 26832
26832 1 26833
26833 2 15759 26834
26834 2 10702 26835
26835 1 26836
26836 3 1728 26837 45506
26837 2 21031 26838
26838 1 26839
26839 1 26840
26840 2 7658 26841
26841 1 26842
26842 2 26843 46766
26843 1 26844
26844 1 26845
26845 3 26846 27595 44336
26846 1 26847
26847 2 25150 26848
26848 2 26849 47392
26849 1 26850
26850 1 26851
26851 2 2312 26852
26852 2 26853 35029
26853 1 26854
26854 1 26855
26855 1 26856
26856 2 26857 35640
26857 2 25200 26858
26858 3 15055 26859 47354
26859 4 19285 26860 31523 48635
26860 1 26861
26861 4 4680 13698 26862 46732
26862 2 25132 26863
26863 1 26864
26864 1 26865
26865 3 603 26866 45017
26866 2 16773 26867
26867 1 26868
26868 1 26869
26869 3 26171 26870 40672
26870 2 26871 33234
26871 4 17926 22423 26872 43232
26872 3 26873 32125 38607
26873 2 26874 29589
26874 2 26875 28793
26875 2 26876 30223
26876 3 25384 26877 47053
26877 1 26878
26878 3 25679 26879 42391
26879 2 26880 34315
26880 1 26881
26881 1 26882
26882 2 26883 35758
26883 4 376 26884 33430 35313
26884 1 26885
26885 2 26886 27901
26886 2 26887 31959
26887 1 26888
26888 1 26889
26889 1 26890
26890 2 13895 26891
26891 2 26892 35373
26892 3 20699 26893 44824
26893 2 6797 26894
26894 2 26895 45472
26895 1 26896
26896 2 26897 33692
26897 1 26898
26898 2 26899 45188
26899 3 18998 24720 26900
26900 2 1269 26901
26901 3 11424 26902 48628
26902 3 23153 23586 26903
26903 2 26904 44091
26904 3 11200 26905 46649
26905 2 26906 29349
26906 3 13273 26907 29752
26907 3 26908 41328 45666
26908 3 7327 8471 26909
26909 4 13264 26910 43185 44122
26910 1 26911
26911 3 16314 26912 34911
26912 3 2257 3892 26913
26913 2 26914 48657
26914 2 26915 48912
26915 2 22917 26916
26916 3 12312 21618 26917
26917 1 26918
26918 2 17333 26919
26919 2 10567 26920
26920 1 26921
26921 1 26922
26922 1 26923
26923 1 26924
26924 2 26925 31608
26925 1 26926
26926 2 8093 26927
26927 1 26928
26928 2 16927 26929
26929 1 26930
26930 1 26931
26931 3 24031 26932 39368
26932 3 978 22122 26933
26933 2 5209 26934
26934 4 5954 11784 21292 26935
26935 1 26936
26936 1 26937
26937 4 4194 26938 38920 47472
26938 1 26939
26939 2 12631 26940
26940 3 10082 23991 26941
26941 1 26942
26942 2 513 26943
26943 4 403 14906 26591 26944
26944 2 26945 33589
26945 1 26946
26946 2 26947 38638
26947 3 10792 26274 26948
26948 1 26949
26949 3 26950 37389 46185
26950 1 26951
26951 2 17953 26952
26952 2 20552 26953
26953 2 26954 49943
26954 2 11730 26955
26955 1 26956
26956 2 26957 37427
26957 1 26958
26958 1 26959
26959 3 1243 26960 42482
26960 1 26961
26961 1 26962
26962 2 15621 26963
26963 2 26964 43641
26964 2 26965 27708
26965 2 15944 26966
26966 2 26967 39547
26967 2 5755 26968
26968 1 26969
26969 2 26970 36299
26970 2 26971 27728
26971 2 18217 26972
26972 3 26973 34195 46462
26973 3 23119 26974 30375
26974 1 26975
26975 1 26976
26976 2 15461 26977
26977 2 12515 26978
26978 1 26979
26979 1 26980
26980 2 808 26981
26981 2 21614 26982
26982 2 26983 48335
26983 1 26984
26984 1 26985
26985 2 20923 26986
26986 1 26987
26987 2 24478 26988
26988 1 26989
26989 4 18326 20442 26990 28696
26990 2 26991 45205
26991 2 11938 26992
26992 1 26993
26993 3 26994 32417 33004
26994 2 21623 26995
26995 2 26996 49332
26996 2 22005 26997
26997 1 26998
26998 2 26999 32467
26999 2 27000 29658
27000 1 27001
27001 1 27002
27002 2 27003 44156
27003 5 2786 20463 27004 27093 39482
27004 1 27005
27005 1 27006
27006 1 27007
27007 1 27008
27008 2 27009 30026
27009 3 12530 27010 28419
27010 1 27011
27011 3 6326 12868 27012
27012 3 11024 27013 48483
27013 1 27014
27014 2 22686 27015
27015 1 27016
27016 2 14092 27017
27017 2 24811 27018
27018 1 27019
27019 2 20699 27020
27020 1 27021
27021 1 27022
27022 3 26810 27023 33045
27023 3 16330 27024 30910
27024 2 9445 27025
27025 3 2777 27026 33092
27026 4 17108 26020 27027 27151
27027 1 27028
27028 2 27029 36581
27029 1 27030
27030 1 27031
27031 1 27032
27032 2 27033 42878
27033 2 27034 43659
27034 2 2207 27035
27035 1 27036
27036 2 27037 49113
27037 2 27038 45072
27038 1 27039
27039 4 12976 21309 27040 36987
27040 1 27041
27041 2 17592 27042
27042 1 27043
27043 2 27044 36053
27044 1 27045
27045 2 23502 27046
27046 2 26391 27047
27047 2 2523 27048
27048 1 27049
27049 2 7651 27050
27050 2 27051 48827
27051 2 27052 43890
27052 4 13426 25221 27053 33065
27053 1 27054
27054 1 27055
27055 4 20270 27056 34089 34837
27056 1 27057
27057 1 27058
27058 3 27059 31055 41461
27059 2 27060 47946
27060 3 27061 33214 33479
27061 3 89 27062 34342
27062 2 27063 29080
27063 2 16607 27064
27064 2 1958 27065
27065 2 21984 27066
27066 2 27067 34472
27067 1 27068
27068 2 9718 27069
27069 2 719 27070
27070 1 27071
27071 3 12852 27072 45181
27072 2 21159 27073
27073 2 27074 49209
27074 3 8787 12903 27075
27075 1 27076
27076 6 9203 13675 27077 38386 38824 42433
27077 2 27078 34487
27078 2 5055 27079
27079 2 27080 31136
27080 1 27081
27081 1 27082
27082 1 27083
27083 1 27084
27084 2 1498 27085
27085 1 27086
27086 3 9280 27087 34827
27087 2 27088 27687
27088 2 23473 27089
27089 3 4649 27090 38142
27090 3 25045 27091 28905
27091 1 27092
27092 1 27093
27093 3 26769 27094 38054
27094 2 22635 27095
27095 2 5217 27096
27096 1 27097
27097 1 27098
27098 1 27099
27099 1 27100
27100 1 27101
27101 3 23135 27102 46706
27102 4 1273 22677 27103 46554
27103 4 663 12175 27104 43314
27104 3 10189 27105 45162
27105 3 10397 14724 27106
27106 1 27107
27107 5 6961 14129 27108 37156 43420
27108 2 23866 27109
27109 3 4375 27110 41241
27110 2 6884 27111
27111 3 12695 26341 27112
27112 3 7694 27113 28268
27113 2 26088 27114
27114 1 27115
27115 1 27116
27116 2 23629 27117
27117 1 27118
27118 1 27119
27119 4 4416 27120 37708 46192
27120 4 27121 30624 49249 49398
27121 2 977 27122
27122 3 4922 27123 39700
27123 6 6435 20165 22346 27124 47065 47503
27124 3 19493 27125 42021
27125 1 27126
27126 4 6832 25439 27127 41110
27127 2 27128 30921
27128 2 27129 40503
27129 2 10338 27130
27130 2 2933 27131
27131 2 11935 27132
27132 1 27133
27133 1 27134
27134 3 3319 27135 34573
27135 2 136 27136
27136 1 27137
27137 4 296 9078 27138 34424
27138 3 27139 36411 47203
27139 3 5974 27140 39523
27140 1 27141
27141 1 27142
27142 2 27086 27143
27143 2 8929 27144
27144 4 7398 10250 27145 31862
27145 2 12833 27146
27146 1 27147
27147 2 26840 27148
27148 1 27149
27149 3 27150 38468 43590
27150 2 27151 48855
27151 2 27152 49638
27152 2 27153 44252
27153 3 2649 27154 41834
27154 1 27155
27155 1 27156
27156 1 27157
27157 2 27158 46947
27158 3 19653 27159 42389
27159 2 27160 30431
27160 3 12905 27161 40823
27161 2 17348 27162
27162 1 27163
27163 1 27164
27164 2 6950 27165
27165 3 12371 27166 49009
27166 2 16971 27167
27167 2 10665 27168
27168 1 27169
27169 1 27170
27170 3 22334 27171 43383
27171 3 1796 10297 27172
27172 2 27173 49982
27173 3 2943 25666 27174
27174 3 24066 27175 35420
27175 4 14671 17093 27176 44849
27176 1 27177
27177 3 9077 27178 29650
27178 2 27179 39637
27179 3 27180 35527 39361
27180 1 27181
27181 2 22784 27182
27182 1 27183
27183 1 27184
27184 4 14749 27185 27419 29262
27185 1 27186
27186 2 27187 28754
27187 1 27188
27188 1 27189
27189 2 23482 27190
27190 1 27191
27191 2 27192 27233
27192 2 19076 27193
27193 1 27194
27194 3 13648 27195 29887
27195 2 7213 27196
27196 2 4781 27197
27197 2 27198 43359
27198 2 27199 42633
27199 3 22914 27200 35409
27200 1 27201
27201 3 12639 27202 38450
27202 3 27203 42815 43019
27203 2 1243 27204
27204 2 27205 36159
27205 1 27206
27206 2 27207 35333
27207 1 27208
27208 2 23668 27209
27209 2 25419 27210
27210 3 13242 14121 27211
27211 2 18697 27212
27212 1 27213
27213 1 27214
27214 3 27215 28990 43959
27215 2 14248 27216
27216 1 27217
27217 2 19440 27218
27218 1 27219
27219 3 1735 27220 49075
27220 1 27221
27221 5 2577 27222 30345 40142 45040
27222 3 27223 33419 38570
27223 1 27224
27224 3 21131 24393 27225
27225 2 27226 38162
27226 3 27227 31004 47126
27227 2 9299 27228
27228 2 1052 27229
27229 2 23422 27230
27230 5 20733 27231 27255 44884 48266
27231 2 27232 45147
27232 1 27233
27233 2 27234 29717
27234 1 27235
27235 2 20511 27236
27236 4 3834 5622 27237 27468
27237 1 27238
27238 2 16768 27239
27239 1 27240
27240 1 27241
27241 3 127 23515 27242
27242 2 5897 27243
27243 1 27244
27244 2 27245 33926
27245 3 3690 6124 27246
27246 2 27247 46785
27247 3 14766 27248 30441
27248 3 27249 29430 44962
27249 4 10492 19399 27250 49762
27250 1 27251
27251 2 21438 27252
27252 3 14961 27253 37949
27253 4 7608 17971 19926 27254
27254 2 7648 27255
27255 3 17664 26012 27256
27256 1 27257
27257 1 27258
27258 2 19955 27259
27259 3 27260 33607 41887
27260 4 9613 14791 27261 35448
27261 8 5936 24786 26698 27262 32054 35314 45933 48782
27262 2 20605 27263
27263 1 27264
27264 4 10049 12728 27265 46673
27265 3 7571 27266 29371
27266 3 5552 27267 29554
27267 3 5875 16766 27268
27268 3 27269 30910 32148
27269 1 27270
27270 1 27271
27271 1 27272
27272 3 8988 13532 27273
27273 3 3088 27274 37671
27274 2 1174 27275
27275 4 12271 21861 27276 38327
27276 2 26436 27277
27277 2 27278 35633
27278 2 27279 30291
27279 2 27280 34821
27280 3 13088 20089 27281
27281 3 18396 27282 41226
27282 2 27283 38996
27283 2 27284 45306
27284 1 27285
27285 2 27286 49045
27286 2 27287 40725
27287 2 1582 27288
27288 1 27289
27289 2 15611 27290
27290 1 27291
27291 3 16303 27292 48257
27292 2 59 27293
27293 3 12310 27294 41150
27294 2 27295 32044
27295 2 27296 43471
27296 3 5866 18280 27297
27297 4 5345 23680 27298 40918
27298 2 17371 27299
27299 1 27300
27300 2 13206 27301
27301 2 27302 29029
27302 2 27303 31549
27303 1 27304
27304 1 27305
27305 2 27306 35525
27306 2 17373 27307
27307 1 27308
27308 1 27309
27309 4 13567 21033 27310 34522
27310 2 17831 27311
27311 2 27312 44189
27312 1 27313
27313 3 22950 27314 48644
27314 2 2924 27315
27315 1 27316
27316 2 10163 27317
27317 3 11184 23360 27318
27318 2 27319 37356
27319 2 27320 32841
27320 2 18437 27321
27321 3 12846 27322 43866
27322 4 25747 27323 28888 40470
27323 2 27324 28282
27324 1 27325
27325 5 17179 27326 36629 42455 44465
27326 3 19433 26642 27327
27327 3 7327 27328 43911
27328 2 27329 41827
27329 4 1202 27330 39988 42884
27330 2 27331 30126
27331 1 27332
27332 2 24139 27333
27333 2 7814 27334
27334 1 27335
27335 2 27336 37670
27336 3 12871 24490 27337
27337 2 26941 27338
27338 3 23675 27339 31500
27339 3 270 27340 30712
27340 1 27341
27341 2 16703 27342
27342 1 27343
27343 1 27344
27344 1 27345
27345 2 13972 27346
27346 2 2125 27347
27347 1 27348
27348 2 27349 27944
27349 3 27350 27818 34352
27350 2 27351 48133
27351 2 17645 27352
27352 4 4206 27353 43782 46701
27353 2 16380 27354
27354 1 27355
27355 2 12238 27356
27356 3 27357 36169 38546
27357 2 27358 30618
27358 3 1209 27359 27512
27359 1 27360
27360 2 27361 36080
27361 3 1449 27362 45027
27362 4 297 2728 22581 27363
27363 2 24352 27364
27364 2 19840 27365
27365 2 3788 27366
27366 1 27367
27367 1 27368
27368 3 9607 27369 38455
27369 1 27370
27370 2 4588 27371
27371 3 230 24759 27372
27372 2 19327 27373
27373 1 27374
27374 2 27345 27375
27375 1 27376
27376 1 27377
27377 1 27378
27378 1 27379
27379 3 10377 27380 49298
27380 3 27381 45247 46507
27381 1 27382
27382 2 27383 31874
27383 3 7669 27384 27623
27384 2 27385 28335
27385 1 27386
27386 1 27387
27387 1 27388
27388 1 27389
27389 1 27390
27390 2 380 27391
27391 4 5529 21915 27392 33137
27392 2 27393 35485
27393 3 27394 34744 38921
27394 3 24980 27395 39858
27395 3 27396 39059 41698
27396 3 38 27397 39574
27397 1 27398
27398 4 12546 14469 19073 27399
27399 4 726 10586 27400 47298
27400 2 27401 42976
27401 4 27265 27402 46007 49261
27402 2 7914 27403
27403 1 27404
27404 1 27405
27405 2 27406 32737
27406 5 1088 2669 27407 33988 34279
27407 2 22138 27408
27408 1 27409
27409 3 11517 27410 34706
27410 3 27411 33593 46752
27411 3 23791 27412 47382
27412 1 27413
27413 2 13110 27414
27414 1 27415
27415 1 27416
27416 3 24657 27417 32013
27417 2 27418 44102
27418 2 27419 40150
27419 1 27420
27420 2 5306 27421
27421 1 27422
27422 2 19795 27423
27423 1 27424
27424 1 27425
27425 1 27426
27426 1 27427
27427 1 27428
27428 1 27429
27429 1 27430
27430 3 13974 27431 34041
27431 4 16451 24647 27432 45925
27432 2 27433 29157
27433 2 23189 27434
27434 2 10660 27435
27435 2 27436 36641
27436 1 27437
27437 1 27438
27438 1 27439
27439 2 27440 38738
27440 2 13643 27441
27441 1 27442
27442 2 3501 27443
27443 3 2629 27444 29581
27444 2 23038 27445
27445 1 27446
27446 1 27447
27447 3 24863 27448 35805
27448 1 27449
27449 2 27450 27551
27450 3 27451 35704 46527
27451 2 27452 46839
27452 2 27453 40798
27453 3 27454 34089 35540
27454 1 27455
27455 1 27456
27456 2 7661 27457
27457 1 27458
27458 3 12276 27459 30481
27459 3 3553 19848 27460
27460 3 15264 27461 39384
27461 4 1554 5169 17408 27462
27462 3 26337 27463 32848
27463 1 27464
27464 3 878 6583 27465
27465 2 27466 33116
27466 4 17747 27467 46582 48955
27467 1 27468
27468 2 27469 37906
27469 3 14771 27470 29899
27470 4 12493 27471 35300 36559
27471 5 4176 27472 41524 48046 48332
27472 2 7972 27473
27473 1 27474
27474 2 14591 27475
27475 4 2872 27476 31796 31903
27476 2 11922 27477
27477 1 27478
27478 3 97 27479 31077
27479 1 27480
27480 3 6856 27481 44129
27481 5 7472 27482 34402 37551 43301
27482 2 13426 27483
27483 2 24921 27484
27484 2 17666 27485
27485 1 27486
27486 2 10760 27487
27487 1 27488
27488 3 11005 27489 44471
27489 3 11754 27490 43272
27490 6 924 4096 20296 27491 30276 33002
27491 1 27492
27492 4 6517 27493 30134 44333
27493 3 27494 31815 41391
27494 2 18983 27495
27495 4 2948 19328 27496 47961
27496 1 27497
27497 3 16351 24973 27498
27498 2 18074 27499
27499 2 2348 27500
27500 3 13101 27501 43836
27501 3 24783 27502 45400
27502 1 27503
27503 2 26188 27504
27504 2 522 27505
27505 1 27506
27506 1 27507
27507 1 27508
27508 1 27509
27509 1 27510
27510 2 946 27511
27511 2 8978 27512
27512 2 27513 28371
27513 1 27514
27514 1 27515
27515 2 19104 27516
27516 1 27517
27517 2 24469 27518
27518 2 27519 34041
27519 2 27520 30883
27520 1 27521
27521 2 27522 40541
27522 1 27523
27523 3 15360 27524 29754
27524 2 27497 27525
27525 3 9148 23582 27526
27526 1 27527
27527 1 27528
27528 3 21431 27529 30175
27529 2 21401 27530
27530 1 27531
27531 3 10116 27532 45252
27532 2 27533 49316
27533 1 27534
27534 3 21840 27535 33721
27535 3 6371 15754 27536
27536 2 18122 27537
27537 2 27538 30779
27538 2 27539 37066
27539 1 27540
27540 1 27541
27541 1 27542
27542 2 27543 30399
27543 1 27544
27544 1 27545
27545 1 27546
27546 3 27547 31904 46726
27547 1 27548
27548 3 17252 27549 38438
27549 3 1400 27550 43024
27550 1 27551
27551 5 1033 6213 15487 26145 27552
27552 7 4815 15404 21749 27553 30458 37049 45322
27553 2 16310 27554
27554 1 27555
27555 2 2592 27556
27556 2 7826 27557
27557 2 24671 27558
27558 2 8322 27559
27559 1 27560
27560 3 27561 46785 47957
27561 1 27562
27562 2 27563 45861
27563 1 27564
27564 2 25245 27565
27565 1 27566
27566 1 27567
27567 1 27568
27568 3 27569 45026 47096
27569 2 24159 27570
27570 3 10497 14594 27571
27571 5 11224 24748 26578 27572 34312
27572 2 27573 31433
27573 2 27574 31817
27574 3 11560 23833 27575
27575 7 8716 12749 24841 24980 27576 41574 42909
27576 2 11360 27577
27577 1 27578
27578 1 27579
27579 2 26500 27580
27580 1 27581
27581 1 27582
27582 2 8105 27583
27583 2 27584 39320
27584 2 27585 40643
27585 3 27231 27586 45102
27586 1 27587
27587 1 27588
27588 3 27589 29780 35270
27589 2 27590 28532
27590 2 27591 32203
27591 3 27592 39011 48122
27592 3 26694 27593 39048
27593 2 27594 34015
27594 1 27595
27595 1 27596
27596 3 14324 27597 40368
27597 1 27598
27598 2 9295 27599
27599 2 9806 27600
27600 3 27601 35947 48999
27601 4 7894 17919 27602 42798
27602 1 27603
27603 1 27604
27604 2 2152 27605
27605 2 1842 27606
27606 3 8744 10726 27607
27607 1 27608
27608 4 1518 5090 19595 27609
27609 4 10377 24409 27610 49242
27610 1 27611
27611 4 12543 16783 17703 27612
27612 6 19712 22315 22855 27613 47458 49071
27613 1 27614
27614 2 27615 43690
27615 4 12551 18053 27616 34609
27616 2 27617 34691
27617 1 27618
27618 1 27619
27619 3 27620 43523 47704
27620 3 27621 29751 34963
27621 2 18518 27622
27622 2 26958 27623
27623 1 27624
27624 3 19203 22580 27625
27625 1 27626
27626 2 27627 44037
27627 2 27628 31273
27628 2 20717 27629
27629 1 27630
27630 2 27631 30327
27631 2 17980 27632
27632 3 8805 17470 27633
27633 2 22409 27634
27634 3 23359 27635 45191
27635 1 27636
27636 3 10014 27637 31432
27637 2 27638 35833
27638 2 27639 43224
27639 1 27640
27640 2 27408 27641
27641 2 9174 27642
27642 2 11038 27643
27643 2 27644 34048
27644 3 20083 27645 48031
27645 3 27646 39952 42137
27646 4 6885 10145 27647 34018
27647 1 27648
27648 1 27649
27649 2 27650 44606
27650 2 18569 27651
27651 1 27652
27652 1 27653
27653 1 27654
27654 2 27655 48757
27655 1 27656
27656 2 594 27657
27657 3 28 27658 30719
27658 2 27659 41353
27659 1 27660
27660 1 27661
27661 2 17509 27662
27662 3 27663 37831 48035
27663 2 18600 27664
27664 4 13359 27665 38256 47342
27665 5 22524 26555 27666 44588 46384
27666 2 27667 47110
27667 1 27668
27668 1 27669
27669 1 27670
27670 1 27671
27671 2 19418 27672
27672 1 27673
27673 2 27674 35078
27674 1 27675
27675 1 27676
27676 3 3023 27677 31377
27677 1 27678
27678 2 27679 45785
27679 1 27680
27680 1 27681
27681 1 27682
27682 2 27683 29801
27683 4 7872 20660 27684 46719
27684 2 27685 40458
27685 4 22209 27686 32972 34254
27686 2 24382 27687
27687 1 27688
27688 1 27689
27689 4 5560 27690 27997 47880
27690 2 27691 29531
27691 3 8050 27692 37852
27692 1 27693
27693 1 27694
27694 1 27695
27695 2 27696 40502
27696 1 27697
27697 1 27698
27698 2 13149 27699
27699 1 27700
27700 2 27701 47254
27701 1 27702
27702 1 27703
27703 2 27704 39732
27704 5 13943 23116 24776 27705 40212
27705 1 27706
27706 4 6358 27707 35150 45026
27707 1 27708
27708 2 17189 27709
27709 1 27710
27710 2 3008 27711
27711 4 1986 12874 15718 27712
27712 1 27713
27713 1 27714
27714 1 27715
27715 3 27716 44152 47475
27716 2 27149 27717
27717 1 27718
27718 1 27719
27719 2 21420 27720
27720 2 27416 27721
27721 2 27722 43898
27722 1 27723
27723 2 797 27724
27724 1 27725
27725 2 27726 36267
27726 1 27727
27727 3 7689 16800 27728
27728 1 27729
27729 2 27730 34337
27730 4 1689 14304 15970 27731
27731 4 11700 27732 30928 43065
27732 3 8602 27733 30840
27733 1 27734
27734 2 27735 40663
27735 2 17088 27736
27736 2 27737 31661
27737 1 27738
27738 1 27739
27739 1 27740
27740 1 27741
27741 1 27742
27742 1 27743
27743 3 27744 36511 39047
27744 3 19541 27745 42022
27745 2 15301 27746
27746 2 15799 27747
27747 2 4822 27748
27748 1 27749
27749 3 8553 18488 27750
27750 2 27751 29285
27751 1 27752
27752 2 27753 34296
27753 2 23627 27754
27754 2 20052 27755
27755 3 27756 40554 42294
27756 1 27757
27757 1 27758
27758 1 27759
27759 1 27760
27760 2 27761 30410
27761 1 27762
27762 1 27763
27763 1 27764
27764 2 7744 27765
27765 1 27766
27766 2 22784 27767
27767 2 24520 27768
27768 1 27769
27769 2 21419 27770
27770 2 27771 38128
27771 1 27772
27772 1 27773
27773 1 27774
27774 3 27775 44720 48547
27775 1 27776
27776 2 12167 27777
27777 1 27778
27778 2 27779 46448
27779 3 18904 27780 48590
27780 2 27781 28885
27781 2 13080 27782
27782 2 27783 47672
27783 2 21246 27784
27784 1 27785
27785 2 27786 47973
27786 2 27787 44210
27787 2 7950 27788
27788 2 8461 27789
27789 2 27790 39021
27790 1 27791
27791 1 27792
27792 2 11588 27793
27793 1 27794
27794 2 383 27795
27795 1 27796
27796 2 7474 27797
27797 3 1806 27798 48353
27798 2 27799 35750
27799 1 27800
27800 3 7341 14259 27801
27801 4 11687 19074 27802 46931
27802 2 9194 27803
27803 1 27804
27804 1 27805
27805 2 27806 35798
27806 2 12356 27807
27807 2 27808 37992
27808 2 24066 27809
27809 3 1877 27810 41477
27810 4 3879 5291 27811 29786
27811 2 27812 39356
27812 1 27813
27813 3 25347 27814 39007
27814 4 11374 27815 31556 32550
27815 1 27816
27816 1 27817
27817 1 27818
27818 2 27812 27819
27819 1 27820
27820 2 4212 27821
27821 2 21479 27822
27822 1 27823
27823 1 27824
27824 2 27825 49976
27825 2 27826 43533
27826 2 9889 27827
27827 1 27828
27828 1 27829
27829 2 7798 27830
27830 2 27831 43922
27831 2 8555 27832
27832 2 27833 28431
27833 2 27834 32323
27834 1 27835
27835 2 24617 27836
27836 1 27837
27837 2 12377 27838
27838 3 11446 19898 27839
27839 1 27840
27840 2 19472 27841
27841 3 27842 46429 48898
27842 2 27843 29667
27843 2 18924 27844
27844 4 9404 27845 29155 44016
27845 3 21019 27846 33622
27846 1 27847
27847 1 27848
27848 2 27849 28613
27849 1 27850
27850 5 5658 9515 16484 27851 41887
27851 5 365 7854 27852 34700 45492
27852 1 27853
27853 4 3962 5676 18009 27854
27854 2 21707 27855
27855 2 15901 27856
27856 1 27857
27857 3 11092 27858 32700
27858 2 16894 27859
27859 1 27860
27860 3 13912 27861 39990
27861 2 27862 32698
27862 3 19103 27863 43220
27863 1 27864
27864 4 13700 26220 27865 41912
27865 3 8744 27866 34328
27866 4 402 4579 27867 34188
27867 3 27868 32837 48933
27868 2 27869 48814
27869 2 59 27870
27870 1 27871
27871 2 27872 31681
27872 1 27873
27873 1 27874
27874 4 404 2817 21646 27875
27875 2 27876 46170
27876 3 5795 27877 44103
27877 1 27878
27878 2 14460 27879
27879 2 27880 45329
27880 1 27881
27881 3 1470 11725 27882
27882 4 9659 15782 27883 41707
27883 1 27884
27884 1 27885
27885 1 27886
27886 2 7423 27887
27887 2 27888 30849
27888 1 27889
27889 1 27890
27890 1 27891
27891 3 10826 27892 35074
27892 2 23069 27893
27893 1 27894
27894 2 27895 28777
27895 2 27896 47353
27896 1 27897
27897 1 27898
27898 2 20869 27899
27899 1 27900
27900 1 27901
27901 2 12083 27902
27902 1 27903
27903 2 19319 27904
27904 1 27905
27905 1 27906
27906 2 27907 35831
27907 2 1553 27908
27908 2 9172 27909
27909 3 7926 27910 48540
27910 1 27911
27911 1 27912
27912 3 11432 27913 45900
27913 2 23813 27914
27914 3 27915 30016 47339
27915 1 27916
27916 2 27917 39021
27917 4 13203 27918 35014 45863
27918 2 18574 27919
27919 2 5862 27920
27920 1 27921
27921 4 6973 27922 42309 47556
27922 2 27923 45205
27923 2 20341 27924
27924 1 27925
27925 2 25225 27926
27926 1 27927
27927 1 27928
27928 2 26688 27929
27929 2 24253 27930
27930 1 27931
27931 2 27932 43104
27932 3 27933 30361 44044
27933 3 27934 33809 37430
27934 4 27935 29426 38624 45415
27935 1 27936
27936 3 22244 27937 38414
27937 2 27938 49719
27938 2 26431 27939
27939 4 1777 9261 27940 28135
27940 2 27941 34113
27941 2 18788 27942
27942 2 27943 34481
27943 1 27944
27944 1 27945
27945 1 27946
27946 2 27947 48494
27947 2 27948 32447
27948 2 27949 33346
27949 3 7765 21683 27950
27950 2 22232 27951
27951 3 22394 27952 47366
27952 1 27953
27953 1 27954
27954 1 27955
27955 1 27956
27956 3 14543 27957 36544
27957 1 27958
27958 4 5567 17971 27959 33339
27959 1 27960
27960 1 27961
27961 1 27962
27962 1 27963
27963 1 27964
27964 1 27965
27965 1 27966
27966 2 13465 27967
27967 2 27968 44105
27968 2 27969 32001
27969 2 549 27970
27970 1 27971
27971 1 27972
27972 4 27671 27973 44098 46527
27973 2 27974 30382
27974 1 27975
27975 3 17387 27976 41506
27976 2 27977 42520
27977 3 298 780 27978
27978 2 9360 27979
27979 2 18726 27980
27980 2 27981 29900
27981 2 27982 46322
27982 2 27450 27983
27983 2 27984 45071
27984 2 20737 27985
27985 3 14015 20310 27986
27986 4 6824 16606 26616 27987
27987 1 27988
27988 2 27989 44785
27989 4 14433 25190 27990 45807
27990 2 27991 33103
27991 2 20705 27992
27992 1 27993
27993 2 13061 27994
27994 4 9483 27995 28582 49411
27995 3 10664 23649 27996
27996 3 4705 6685 27997
27997 1 27998
27998 1 27999
27999 3 18261 28000 44132
28000 3 28001 36990 41177
28001 2 19426 28002
28002 1 28003
28003 3 996 19939 28004
28004 2 28005 42619
28005 1 28006
28006 1 28007
28007 3 2619 28008 28488
28008 2 28009 41459
28009 1 28010
28010 2 28011 30993
28011 3 11748 27358 28012
28012 2 28013 30069
28013 5 24877 28014 37206 41471 46069
28014 3 10536 28015 32293
28015 1 28016
28016 2 28017 36357
28017 3 15064 28018 38252
28018 2 28019 31225
28019 1 28020
28020 1 28021
28021 1 28022
28022 2 28023 40112
28023 1 28024
28024 3 28025 41346 43385
28025 2 8519 28026
28026 2 20313 28027
28027 3 4609 28028 44209
28028 1 28029
28029 2 10836 28030
28030 3 17580 28031 41440
28031 3 28032 47478 49844
28032 4 8095 26107 28033 43806
28033 1 28034
28034 2 21174 28035
28035 3 11208 28036 49085
28036 1 28037
28037 1 28038
28038 3 612 20544 28039
28039 2 25360 28040
28040 2 28041 42944
28041 1 28042
28042 1 28043
28043 1 28044
28044 1 28045
28045 1 28046
28046 4 15223 28047 42494 43190
28047 2 20111 28048
28048 3 21940 27528 28049
28049 4 2020 27658 28050 47710
28050 1 28051
28051 3 28052 29329 47330
28052 3 26936 28053 35500
28053 1 28054
28054 1 28055
28055 2 15094 28056
28056 2 28057 28764
28057 4 14437 18706 28058 49977
28058 1 28059
28059 4 24222 28060 32115 45334
28060 3 13806 21733 28061
28061 3 499 12065 28062
28062 2 28063 35065
28063 1 28064
28064 4 13395 26121 28065 45974
28065 3 28066 43886 46881
28066 3 8521 28067 34569
28067 2 6428 28068
28068 1 28069
28069 1 28070
28070 1 28071
28071 1 28072
28072 3 28073 43280 49518
28073 4 28074 31554 37663 46648
28074 1 28075
28075 3 10296 28076 45075
28076 2 3974 28077
28077 1 28078
28078 2 27896 28079
28079 2 28080 44090
28080 1 28081
28081 2 28082 43406
28082 3 28083 31863 37901
28083 2 28084 37131
28084 2 14600 28085
28085 4 10152 28086 36655 48584
28086 1 28087
28087 2 28088 29993
28088 2 28089 37746
28089 1 28090
28090 2 28091 40353
28091 1 28092
28092 4 6390 28093 39043 40969
28093 2 28094 34767
28094 3 13676 23812 28095
28095 3 26466 28096 42696
28096 3 3841 28097 47607
28097 1 28098
28098 2 28099 34072
28099 4 24390 28100 32743 33893
28100 5 931 28101 29969 31557 42056
28101 2 28102 46057
28102 3 28103 32454 48872
28103 1 28104
28104 3 23194 28105 37823
28105 2 26648 28106
28106 1 28107
28107 2 8320 28108
28108 1 28109
28109 3 25186 28110 42032
28110 4 4089 9928 28111 31740
28111 3 9367 28112 40619
28112 2 28113 46286
28113 2 26743 28114
28114 1 28115
28115 1 28116
28116 2 13033 28117
28117 2 28118 48795
28118 2 28119 39863
28119 2 3338 28120
28120 1 28121
28121 1 28122
28122 1 28123
28123 3 979 3943 28124
28124 2 25028 28125
28125 1 28126
28126 2 28127 49263
28127 2 25653 28128
28128 4 22039 28129 39662 44107
28129 1 28130
28130 3 14060 25627 28131
28131 1 28132
28132 2 28133 34926
28133 3 15398 17244 28134
28134 3 23831 28135 40072
28135 3 28136 35028 38104
28136 1 28137
28137 2 7624 28138
28138 2 4280 28139
28139 1 28140
28140 3 22814 28141 39577
28141 1 28142
28142 1 28143
28143 2 27599 28144
28144 1 28145
28145 2 28146 44434
28146 3 8743 19671 28147
28147 1 28148
28148 2 25922 28149
28149 1 28150
28150 1 28151
28151 2 19844 28152
28152 1 28153
28153 1 28154
28154 1 28155
28155 2 19911 28156
28156 1 28157
28157 4 7218 8394 28158 32710
28158 1 28159
28159 3 9659 28160 44081
28160 2 16623 28161
28161 1 28162
28162 2 9982 28163
28163 3 3147 3332 28164
28164 2 11863 28165
28165 3 25520 28166 36048
28166 1 28167
28167 1 28168
28168 1 28169
28169 2 4688 28170
28170 1 28171
28171 1 28172
28172 1 28173
28173 3 1343 28174 43677
28174 1 28175
28175 3 1723 9671 28176
28176 1 28177
28177 1 28178
28178 3 27504 28179 33537
28179 1 28180
28180 1 28181
28181 1 28182
28182 1 28183
28183 2 4631 28184
28184 3 18663 24383 28185
28185 2 28186 39257
28186 2 1525 28187
28187 1 28188
28188 3 18145 28189 45118
28189 2 28190 39400
28190 1 28191
28191 2 18415 28192
28192 3 17358 28193 39311
28193 1 28194
28194 3 1928 28195 43526
28195 2 15524 28196
28196 2 17723 28197
28197 1 28198
28198 1 28199
28199 1 28200
28200 2 28201 43656
28201 1 28202
28202 1 28203
28203 2 28204 45509
28204 2 28205 37701
28205 1 28206
28206 2 15574 28207
28207 2 28208 28568
28208 1 28209
28209 1 28210
28210 2 12759 28211
28211 2 28212 39841
28212 2 4809 28213
28213 1 28214
28214 2 28215 38695
28215 5 16078 21812 28216 41770 49138
28216 1 28217
28217 3 3191 14020 28218
28218 1 28219
28219 2 8685 28220
28220 1 28221
28221 3 28222 38041 43649
28222 2 375 28223
28223 2 11789 28224
28224 1 28225
28225 2 28226 44907
28226 1 28227
28227 1 28228
28228 1 28229
28229 2 28230 45875
28230 2 8769 28231
28231 1 28232
28232 1 28233
28233 2 2918 28234
28234 3 4109 28235 35918
28235 2 13093 28236
28236 2 28237 35190
28237 1 28238
28238 2 1643 28239
28239 3 9124 15854 28240
28240 2 19805 28241
28241 2 7667 28242
28242 1 28243
28243 3 8090 21021 28244
28244 1 28245
28245 3 28246 33255 41726
28246 2 27993 28247
28247 1 28248
28248 2 27069 28249
28249 3 7693 15462 28250
28250 3 28251 29665 37785
28251 2 28252 37772
28252 3 23968 28253 47552
28253 2 28254 47582
28254 3 8156 20037 28255
28255 3 9851 16331 28256
28256 2 3629 28257
28257 4 18721 22487 28258 48501
28258 2 14338 28259
28259 1 28260
28260 1 28261
28261 1 28262
28262 3 5140 23121 28263
28263 2 28264 49536
28264 1 28265
28265 1 28266
28266 1 28267
28267 3 12638 28268 40459
28268 2 19298 28269
28269 2 18488 28270
28270 1 28271
28271 2 28272 44045
28272 3 2149 10335 28273
28273 3 16397 28274 43565
28274 2 28275 37375
28275 2 5286 28276
28276 2 6123 28277
28277 1 28278
28278 2 23125 28279
28279 1 28280
28280 3 10645 25514 28281
28281 3 11955 15254 28282
28282 1 28283
28283 1 28284
28284 2 27445 28285
28285 1 28286
28286 1 28287
28287 4 28032 28288 32904 46918
28288 1 28289
28289 3 21650 26925 28290
28290 1 28291
28291 2 10179 28292
28292 3 26156 28293 46510
28293 2 16575 28294
28294 2 28295 32558
28295 2 16343 28296
28296 3 28297 29906 47827
28297 5 1681 23404 28298 29433 41799
28298 3 28299 32965 34446
28299 2 16262 28300
28300 1 28301
28301 1 28302
28302 3 28303 45202 47275
28303 1 28304
28304 2 2460 28305
28305 2 28306 32534
28306 1 28307
28307 2 28308 49142
28308 2 14802 28309
28309 1 28310
28310 3 928 28311 35937
28311 3 14081 28312 29899
28312 4 8005 18098 28313 33487
28313 3 22305 28314 44605
28314 2 25329 28315
28315 1 28316
28316 2 11809 28317
28317 2 19771 28318
28318 1 28319
28319 2 28320 47551
28320 6 20378 21489 26404 28321 34789 34956
28321 1 28322
28322 2 28323 47592
28323 2 28324 39654
28324 2 28325 49647
28325 1 28326
28326 2 23521 28327
28327 1 28328
28328 3 22408 28329 47390
28329 1 28330
28330 3 28331 30488 33056
28331 1 28332
28332 2 28333 44134
28333 3 7271 14081 28334
28334 2 669 28335
28335 2 23120 28336
28336 1 28337
28337 3 15175 19518 28338
28338 2 28339 29420
28339 1 28340
28340 4 17333 27185 28341 44529
28341 3 2353 28342 30343
28342 1 28343
28343 1 28344
28344 2 20193 28345
28345 4 1795 12819 24105 28346
28346 3 28347 35576 41759
28347 1 28348
28348 2 6532 28349
28349 5 5962 9920 13818 18396 28350
28350 3 20284 28351 31746
28351 4 3451 28352 37000 43953
28352 1 28353
28353 1 28354
28354 4 19791 28355 40960 46991
28355 1 28356
28356 1 28357
28357 2 12682 28358
28358 2 562 28359
28359 2 26746 28360
28360 1 28361
28361 3 27337 28362 44466
28362 2 28363 36862
28363 4 11856 28364 36736 48629
28364 1 28365
28365 3 28366 37960 41923
28366 1 28367
28367 3 15980 28368 36081
28368 1 28369
28369 2 28370 45192
28370 1 28371
28371 2 28372 35316
28372 1 28373
28373 2 28374 36630
28374 1 28375
28375 4 24908 28376 30494 35571
28376 1 28377
28377 1 28378
28378 2 5708 28379
28379 2 597 28380
28380 1 28381
28381 1 28382
28382 3 28383 32880 37150
28383 2 6631 28384
28384 3 6112 12225 28385
28385 1 28386
28386 3 14762 28387 38258
28387 2 28388 33183
28388 1 28389
28389 2 6875 28390
28390 1 28391
28391 3 220 28392 30412
28392 2 28393 46287
28393 3 28394 41105 42068
28394 1 28395
28395 1 28396
28396 1 28397
28397 2 17834 28398
28398 3 11214 28399 43043
28399 2 12953 28400
28400 4 9412 14154 18681 28401
28401 1 28402
28402 4 7698 19341 28403 41994
28403 1 28404
28404 2 6846 28405
28405 4 1311 3212 7609 28406
28406 6 9817 15605 21124 26267 28407 30808
28407 1 28408
28408 2 12637 28409
28409 2 23113 28410
28410 3 25200 28411 33072
28411 2 28412 31994
28412 2 19615 28413
28413 2 28414 47032
28414 1 28415
28415 2 28416 36955
28416 4 7957 8094 21337 28417
28417 3 14307 22823 28418
28418 2 25963 28419
28419 1 28420
28420 1 28421
28421 1 28422
28422 2 27892 28423
28423 1 28424
28424 1 28425
28425 1 28426
28426 3 28427 38753 49718
28427 3 28428 39868 45730
28428 1 28429
28429 1 28430
28430 2 28431 34248
28431 3 12412 18935 28432
28432 2 28433 37858
28433 2 19127 28434
28434 2 14347 28435
28435 1 28436
28436 1 28437
28437 3 28438 31399 43775
28438 2 28406 28439
28439 2 7500 28440
28440 1 28441
28441 1 28442
28442 4 27487 28443 33279 42804
28443 1 28444
28444 1 28445
28445 1 28446
28446 1 28447
28447 1 28448
28448 2 25472 28449
28449 2 28450 31364
28450 1 28451
28451 3 22997 28452 41703
28452 1 28453
28453 2 9590 28454
28454 1 28455
28455 3 657 28456 44260
28456 4 26149 28457 37015 49876
28457 2 5014 28458
28458 1 28459
28459 5 7670 28460 33648 47230 48768
28460 2 6379 28461
28461 1 28462
28462 1 28463
28463 1 28464
28464 2 28465 44064
28465 1 28466
28466 1 28467
28467 1 28468
28468 1 28469
28469 1 28470
28470 3 10724 17174 28471
28471 1 28472
28472 2 18169 28473
28473 2 11424 28474
28474 1 28475
28475 2 20083 28476
28476 2 13706 28477
28477 2 28478 31236
28478 3 28046 28479 32879
28479 1 28480
28480 3 16178 18190 28481
28481 2 28482 34504
28482 1 28483
28483 2 28484 34022
28484 3 10455 28435 28485
28485 2 18746 28486
28486 1 28487
28487 2 28488 29684
28488 3 2201 10890 28489
28489 1 28490
28490 2 21021 28491
28491 2 23999 28492
28492 4 5350 26745 28493 47550
28493 4 28249 28494 33875 43683
28494 1 28495
28495 2 28496 38836
28496 4 2750 18725 28497 41752
28497 2 24957 28498
28498 2 74 28499
28499 1 28500
28500 1 28501
28501 1 28502
28502 2 21177 28503
28503 1 28504
28504 2 13339 28505
28505 1 28506
28506 1 28507
28507 2 28508 35388
28508 3 7124 28509 48669
28509 2 28510 47543
28510 2 28511 48114
28511 4 6024 8655 28512 48550
28512 1 28513
28513 3 13854 28514 38903
28514 1 28515
28515 3 19734 28296 28516
28516 4 4155 28517 31461 36526
28517 1 28518
28518 1 28519
28519 2 21104 28520
28520 1 28521
28521 1 28522
28522 2 23559 28523
28523 1 28524
28524 4 10567 28525 31930 41620
28525 1 28526
28526 2 14191 28527
28527 1 28528
28528 2 26165 28529
28529 2 28530 49527
28530 2 28531 32512
28531 1 28532
28532 2 27086 28533
28533 1 28534
28534 1 28535
28535 3 6165 13425 28536
28536 3 28537 32407 41615
28537 3 18390 24228 28538
28538 3 9539 26749 28539
28539 1 28540
28540 1 28541
28541 1 28542
28542 4 16051 28543 40897 42369
28543 4 3840 18550 28544 40185
28544 1 28545
28545 4 13558 28546 30038 41523
28546 1 28547
28547 2 28548 29772
28548 1 28549
28549 2 5538 28550
28550 1 28551
28551 2 13913 28552
28552 2 25970 28553
28553 2 9148 28554
28554 3 1469 5599 28555
28555 4 16801 28556 31302 48766
28556 1 28557
28557 2 21440 28558
28558 3 8998 15707 28559
28559 3 12904 28560 34622
28560 1 28561
28561 1 28562
28562 1 28563
28563 1 28564
28564 2 28565 40321
28565 1 28566
28566 2 22 28567
28567 1 28568
28568 2 16210 28569
28569 3 4753 8137 28570
28570 3 6008 28571 31664
28571 1 28572
28572 4 12511 28573 33174 39289
28573 1 28574
28574 1 28575
28575 2 12949 28576
28576 3 10290 28577 45183
28577 2 16880 28578
28578 2 13677 28579
28579 2 28580 49165
28580 3 28581 38498 44599
28581 3 11810 14738 28582
28582 1 28583
28583 2 28584 41720
28584 4 109 11334 21507 28585
28585 2 701 28586
28586 1 28587
28587 2 26692 28588
28588 1 28589
28589 1 28590
28590 2 11205 28591
28591 4 8180 16294 21326 28592
28592 2 24408 28593
28593 1 28594
28594 3 24324 28448 28595
28595 4 28596 29462 37269 49329
28596 3 28597 34800 43163
28597 1 28598
28598 3 28126 28599 38415
28599 2 28600 49986
28600 3 23209 28601 39165
28601 3 28602 35614 40782
28602 1 28603
28603 4 8263 28604 44810 49364
28604 3 1515 15553 28605
28605 2 28606 44675
28606 1 28607
28607 2 1724 28608
28608 2 28609 40898
28609 2 28610 31557
28610 1 28611
28611 1 28612
28612 3 20444 28613 40098
28613 1 28614
28614 1 28615
28615 1 28616
28616 1 28617
28617 3 10544 28618 44741
28618 2 28619 41005
28619 2 17948 28620
28620 2 3302 28621
28621 2 28622 47391
28622 1 28623
28623 3 28624 30278 30835
28624 1 28625
28625 1 28626
28626 2 28627 28746
28627 2 24468 28628
28628 4 5736 28629 30961 39781
28629 4 11753 19654 28630 32662
28630 1 28631
28631 2 8734 28632
28632 1 28633
28633 1 28634
28634 2 23770 28635
28635 2 5657 28636
28636 3 8480 28637 41779
28637 2 22837 28638
28638 3 8260 28639 29952
28639 1 28640
28640 1 28641
28641 2 28642 44151
28642 2 20466 28643
28643 2 12529 28644
28644 1 28645
28645 1 28646
28646 1 28647
28647 1 28648
28648 3 5153 28649 30463
28649 1 28650
28650 3 11477 24520 28651
28651 1 28652
28652 3 4286 11832 28653
28653 2 28654 38318
28654 2 28655 36626
28655 2 28656 39811
28656 4 22481 24550 28657 46613
28657 1 28658
28658 3 1134 28659 45395
28659 1 28660
28660 2 28661 49828
28661 2 20215 28662
28662 2 28663 49847
28663 4 9505 19506 26282 28664
28664 3 28665 31344 33351
28665 1 28666
28666 3 7695 16002 28667
28667 2 26840 28668
28668 1 28669
28669 4 14233 22685 28465 28670
28670 4 8717 28671 30476 30684
28671 3 28672 32800 36942
28672 2 28673 37513
28673 2 28674 42045
28674 1 28675
28675 2 28676 42063
28676 2 11894 28677
28677 2 1401 28678
28678 2 28679 48309
28679 3 24956 28680 45658
28680 1 28681
28681 1 28682
28682 3 18903 28683 43112
28683 2 28684 31080
28684 3 15805 28685 46473
28685 2 28686 45767
28686 2 17212 28687
28687 2 28688 46445
28688 1 28689
28689 3 923 990 28690
28690 1 28691
28691 3 28692 41895 42522
28692 2 11648 28693
28693 1 28694
28694 3 28695 29908 41565
28695 4 14752 28696 41318 47746
28696 2 28697 46364
28697 4 2090 11094 12249 28698
28698 3 2189 2592 28699
28699 2 10068 28700
28700 2 21588 28701
28701 1 28702
28702 2 28703 42558
28703 2 10351 28704
28704 2 28705 29865
28705 1 28706
28706 2 28707 48768
28707 1 28708
28708 2 22478 28709
28709 1 28710
28710 2 28711 44521
28711 3 25073 28712 34131
28712 3 4159 28713 49971
28713 2 24635 28714
28714 2 14186 28715
28715 2 19388 28716
28716 3 21654 24878 28717
28717 3 8371 24443 28718
28718 1 28719
28719 3 18367 28720 31853
28720 2 7572 28721
28721 2 28722 40300
28722 1 28723
28723 2 28724 33448
28724 1 28725
28725 3 3026 28726 35489
28726 1 28727
28727 4 2811 28728 29454 41881
28728 3 5373 8964 28729
28729 1 28730
28730 1 28731
28731 2 25513 28732
28732 1 28733
28733 1 28734
28734 2 23630 28735
28735 2 10837 28736
28736 1 28737
28737 2 14437 28738
28738 3 28739 41740 44390
28739 3 15209 28740 46185
28740 2 6262 28741
28741 2 524 28742
28742 2 28743 35355
28743 2 546 28744
28744 2 27551 28745
28745 3 1903 28746 46716
28746 1 28747
28747 3 19801 28748 42559
28748 1 28749
28749 1 28750
28750 1 28751
28751 3 2398 28752 35655
28752 2 9958 28753
28753 3 9992 28754 37403
28754 3 28755 31788 34206
28755 1 28756
28756 3 15089 15462 28757
28757 2 28758 38352
28758 1 28759
28759 2 18297 28760
28760 2 28761 32964
28761 1 28762
28762 2 28763 33746
28763 3 26813 28764 48353
28764 1 28765
28765 3 9727 12880 28766
28766 1 28767
28767 3 13299 23912 28768
28768 1 28769
28769 6 2560 7327 21722 28770 37124 42480
28770 2 28771 32224
28771 1 28772
28772 3 4650 28773 31965
28773 1 28774
28774 1 28775
28775 1 28776
28776 2 13541 28777
28777 2 28109 28778
28778 2 28779 48620
28779 2 28780 44168
28780 1 28781
28781 4 28782 28955 35363 40790
28782 2 25383 28783
28783 1 28784
28784 1 28785
28785 2 28786 46882
28786 1 28787
28787 1 28788
28788 2 27148 28789
28789 1 28790
28790 3 4206 28791 38869
28791 1 28792
28792 2 19504 28793
28793 2 3627 28794
28794 3 14216 27432 28795
28795 1 28796
28796 1 28797
28797 2 10474 28798
28798 1 28799
28799 1 28800
28800 2 28801 34509
28801 2 54 28802
28802 1 28803
28803 2 28804 37380
28804 3 15117 28805 39041
28805 3 18962 21595 28806
28806 1 28807
28807 1 28808
28808 1 28809
28809 1 28810
28810 3 14464 17916 28811
28811 3 9710 28812 47079
28812 3 17497 28813 49668
28813 1 28814
28814 2 28815 46038
28815 1 28816
28816 4 28817 29612 33526 37081
28817 2 28818 34695
28818 3 21195 28819 31829
28819 2 28820 37239
28820 1 28821
28821 2 28822 45408
28822 1 28823
28823 1 28824
28824 1 28825
28825 6 4414 4417 13509 28826 37381 46930
28826 1 28827
28827 2 28828 31122
28828 3 25594 28829 44945
28829 3 3828 8654 28830
28830 3 3092 26151 28831
28831 4 5511 15991 17494 28832
28832 1 28833
28833 2 19909 28834
28834 3 581 17275 28835
28835 3 5837 22498 28836
28836 1 28837
28837 1 28838
28838 3 1957 23098 28839
28839 2 28840 31893
28840 1 28841
28841 2 28842 46025
28842 1 28843
28843 3 4929 9374 28844
28844 1 28845
28845 1 28846
28846 3 1862 28847 48844
28847 3 4000 11810 28848
28848 2 28849 44625
28849 1 28850
28850 2 26245 28851
28851 2 138 28852
28852 2 22151 28853
28853 1 28854
28854 2 28855 41375
28855 2 20132 28856
28856 2 28857 41708
28857 1 28858
28858 1 28859
28859 2 28860 40279
28860 2 28861 38928
28861 3 7939 28862 42163
28862 2 26421 28863
28863 1 28864
28864 2 28865 45259
28865 1 28866
28866 2 5610 28867
28867 3 23539 28868 35504
28868 3 17984 28869 39297
28869 1 28870
28870 1 28871
28871 1 28872
28872 1 28873
28873 3 24133 28874 37774
28874 1 28875
28875 2 28876 36055
28876 1 28877
28877 5 16442 18127 28878 30808 41721
28878 2 28879 41948
28879 3 13998 18618 28880
28880 3 9467 28881 31986
28881 4 2111 6235 28882 34713
28882 4 9135 16985 17797 28883
28883 1 28884
28884 1 28885
28885 1 28886
28886 2 26120 28887
28887 1 28888
28888 3 11474 28889 39439
28889 2 24525 28890
28890 4 16537 28891 31489 37265
28891 3 5450 18882 28892
28892 2 22269 28893
28893 2 23594 28894
28894 1 28895
28895 2 28896 30694
28896 2 28897 39012
28897 1 28898
28898 3 8232 24551 28899
28899 1 28900
28900 2 28901 29768
28901 1 28902
28902 3 7354 28903 33275
28903 2 15011 28904
28904 5 166 3174 6572 28905 34823
28905 1 28906
28906 7 1926 2921 5252 5736 5939 22736 28907
28907 1 28908
28908 3 11482 22727 28909
28909 1 28910
28910 1 28911
28911 2 394 28912
28912 2 25683 28913
28913 3 26329 28914 30283
28914 2 28915 44773
28915 4 13142 18169 28916 37006
28916 3 19370 28917 31535
28917 1 28918
28918 2 28919 40588
28919 1 28920
28920 2 23429 28921
28921 2 28922 44494
28922 1 28923
28923 3 26049 28924 41184
28924 2 28925 36081
28925 3 28926 35946 41078
28926 2 28927 31724
28927 1 28928
28928 3 25483 28929 47358
28929 4 6097 8787 25082 28930
28930 1 28931
28931 2 28932 43389
28932 3 11223 28933 48876
28933 1 28934
28934 1 28935
28935 1 28936
28936 3 28937 34655 42251
28937 3 14114 16501 28938
28938 1 28939
28939 2 28940 38081
28940 1 28941
28941 1 28942
28942 3 3594 28943 45469
28943 3 4193 8670 28944
28944 4 28945 32160 36903 48869
28945 1 28946
28946 2 28947 43939
28947 4 7494 28948 37240 41393
28948 2 6506 28949
28949 1 28950
28950 2 28951 31730
28951 3 9580 28952 35330
28952 1 28953
28953 2 6577 28954
28954 1 28955
28955 2 16272 28956
28956 1 28957
28957 2 28958 36597
28958 2 5506 28959
28959 3 28960 29335 48748
28960 1 28961
28961 1 28962
28962 1 28963
28963 1 28964
28964 1 28965
28965 2 28966 36977
28966 1 28967
28967 1 28968
28968 1 28969
28969 2 8532 28970
28970 1 28971
28971 1 28972
28972 3 3267 28973 46463
28973 4 2760 27921 28974 30131
28974 1 28975
28975 2 28976 29519
28976 2 28069 28977
28977 1 28978
28978 2 28979 32006
28979 3 19198 28980 49078
28980 2 28981 39025
28981 1 28982
28982 2 28983 45331
28983 2 9016 28984
28984 2 6172 28985
28985 2 28986 29476
28986 2 28987 48602
28987 5 4057 20965 28988 39468 40630
28988 1 28989
28989 2 28990 39152
28990 1 28991
28991 3 14690 28992 34449
28992 5 11409 19406 26458 28848 28993
28993 2 1979 28994
28994 1 28995
28995 1 28996
28996 2 28997 48579
28997 3 8093 28998 43645
28998 5 3291 23042 24574 28999 48351
28999 3 24251 29000 36330
29000 2 29001 31867
29001 1 29002
29002 1 29003
29003 1 29004
29004 4 744 3259 14976 29005
29005 1 29006
29006 1 29007
29007 3 10626 11142 29008
29008 1 29009
29009 1 29010
29010 1 29011
29011 1 29012
29012 1 29013
29013 3 9974 29014 44818
29014 3 18685 29015 31147
29015 3 1471 25871 29016
29016 4 1808 3958 9347 29017
29017 1 29018
29018 3 29019 36507 43688
29019 1 29020
29020 2 29021 47968
29021 4 15109 29022 35328 45423
29022 1 29023
29023 3 7047 14368 29024
29024 3 27035 29025 33411
29025 1 29026
29026 2 29027 49396
29027 1 29028
29028 2 29029 37152
29029 2 29030 33173
29030 2 23672 29031
29031 2 3281 29032
29032 2 29033 47500
29033 1 29034
29034 4 10865 16871 26168 29035
29035 2 29036 38095
29036 2 1515 29037
29037 2 398 29038
29038 2 29039 46427
29039 2 3125 29040
29040 2 7847 29041
29041 2 28315 29042
29042 5 6555 23189 25885 29043 39635
29043 2 29044 34468
29044 1 29045
29045 3 19969 29046 36029
29046 1 29047
29047 3 10410 22256 29048
29048 4 17782 29049 40544 40928
29049 2 29050 37763
29050 1 29051
29051 1 29052
29052 2 24231 29053
29053 1 29054
29054 4 21923 29055 35041 41433
29055 2 8743 29056
29056 1 29057
29057 2 25802 29058
29058 3 21819 29059 47157
29059 4 2419 7557 29060 48499
29060 3 8992 29061 37659
29061 2 24439 29062
29062 1 29063
29063 3 4760 25440 29064
29064 4 1567 3791 4343 29065
29065 1 29066
29066 1 29067
29067 5 9205 29068 44504 46733 47665
29068 2 21030 29069
29069 1 29070
29070 2 29071 32093
29071 4 1601 29072 32263 43589
29072 1 29073
29073 2 5929 29074
29074 4 8467 10240 18333 29075
29075 2 10524 29076
29076 1 29077
29077 1 29078
29078 1 29079
29079 2 3925 29080
29080 1 29081
29081 1 29082
29082 1 29083
29083 1 29084
29084 1 29085
29085 4 29086 34833 40268 43862
29086 3 13087 29087 49163
29087 2 7287 29088
29088 1 29089
29089 1 29090
29090 3 19683 29091 37330
29091 2 29092 36248
29092 2 11106 29093
29093 1 29094
29094 1 29095
29095 2 29096 45798
29096 2 5649 29097
29097 3 20015 29098 43827
29098 1 29099
29099 1 29100
29100 3 5289 29101 39107
29101 1 29102
29102 1 29103
29103 1 29104
29104 1 29105
29105 2 1345 29106
29106 1 29107
29107 2 3348 29108
29108 1 29109
29109 3 12517 20011 29110
29110 3 4091 24020 29111
29111 2 18672 29112
29112 4 5332 14660 20111 29113
29113 1 29114
29114 2 29105 29115
29115 5 8006 8395 29116 46535 49447
29116 1 29117
29117 2 29118 46298
29118 3 27907 29119 29518
29119 3 2001 29120 45038
29120 2 513 29121
29121 3 11075 29122 37751
29122 3 22418 29123 34092
29123 2 29124 42170
29124 2 5999 29125
29125 1 29126
29126 2 29127 40559
29127 1 29128
29128 1 29129
29129 2 1164 29130
29130 2 29131 33153
29131 3 16209 25649 29132
29132 3 20432 29133 45053
29133 3 11059 29134 32168
29134 1 29135
29135 1 29136
29136 1 29137
29137 1 29138
29138 1 29139
29139 2 9747 29140
29140 1 29141
29141 3 9293 29142 38930
29142 3 8736 15722 29143
29143 2 20993 29144
29144 3 7017 13712 29145
29145 4 2786 29146 34025 37155
29146 1 29147
29147 2 14785 29148
29148 2 29149 39519
29149 2 29150 36118
29150 1 29151
29151 1 29152
29152 1 29153
29153 1 29154
29154 4 6967 29155 29930 32502
29155 5 6914 27755 28688 29156 30695
29156 1 29157
29157 2 29158 42073
29158 2 29159 32328
29159 1 29160
29160 1 29161
29161 2 5357 29162
29162 2 10591 29163
29163 1 29164
29164 2 1095 29165
29165 2 29166 44856
29166 2 29167 42845
29167 1 29168
29168 3 2128 29169 38465
29169 4 18527 21274 24196 29170
29170 2 28941 29171
29171 3 2937 7798 29172
29172 1 29173
29173 1 29174
29174 4 909 20708 29175 44073
29175 1 29176
29176 2 29177 31266
29177 1 29178
29178 2 29179 41118
29179 1 29180
29180 3 14625 25625 29181
29181 3 29182 40693 47676
29182 1 29183
29183 1 29184
29184 2 11980 29185
29185 2 20714 29186
29186 3 2611 29187 41749
29187 1 29188
29188 2 29189 32528
29189 2 21794 29190
29190 2 23656 29191
29191 2 264 29192
29192 1 29193
29193 1 29194
29194 1 29195
29195 1 29196
29196 1 29197
29197 1 29198
29198 2 29199 31364
29199 3 5145 29200 39337
29200 3 29201 29461 42435
29201 1 29202
29202 2 29203 31169
29203 3 14091 14149 29204
29204 1 29205
29205 2 18792 29206
29206 2 25821 29207
29207 1 29208
29208 1 29209
29209 1 29210
29210 1 29211
29211 1 29212
29212 3 12031 29213 40541
29213 1 29214
29214 3 25333 29215 39894
29215 1 29216
29216 1 29217
29217 1 29218
29218 2 7157 29219
29219 2 367 29220
29220 3 29221 29849 44484
29221 1 29222
29222 2 29223 30196
29223 2 29224 40706
29224 4 3924 20899 25948 29225
29225 1 29226
29226 2 29227 35319
29227 2 29228 46182
29228 1 29229
29229 2 29230 43132
29230 3 3379 29231 48188
29231 2 15266 29232
29232 3 23805 29233 44042
29233 2 16257 29234
29234 4 4200 4244 29235 46631
29235 2 29236 32343
29236 3 5159 19127 29237
29237 1 29238
29238 1 29239
29239 2 29240 29868
29240 2 1676 29241
29241 1 29242
29242 2 7850 29243
29243 2 26687 29244
29244 3 29245 34554 48807
29245 2 29246 29442
29246 4 22836 29247 38563 45515
29247 1 29248
29248 2 23708 29249
29249 1 29250
29250 4 29072 29251 35284 36897
29251 1 29252
29252 2 5559 29253
29253 2 29254 36832
29254 3 29255 34792 45937
29255 2 28566 29256
29256 2 11521 29257
29257 1 29258
29258 4 6692 12985 29259 46953
29259 1 29260
29260 1 29261
29261 3 29262 37371 41428
29262 1 29263
29263 3 1311 14239 29264
29264 1 29265
29265 2 13929 29266
29266 2 23980 29267
29267 1 29268
29268 2 5201 29269
29269 3 29270 34026 46385
29270 1 29271
29271 2 29272 37812
29272 2 4441 29273
29273 3 13895 29274 48779
29274 2 9980 29275
29275 1 29276
29276 2 343 29277
29277 1 29278
29278 1 29279
29279 1 29280
29280 2 29281 43258
29281 1 29282
29282 5 13290 22217 29283 40152 48930
29283 2 29284 48360
29284 1 29285
29285 1 29286
29286 2 15227 29287
29287 3 9582 17287 29288
29288 2 9244 29289
29289 4 26978 29290 33338 34353
29290 1 29291
29291 3 27399 29292 42893
29292 1 29293
29293 2 18453 29294
29294 2 29295 48188
29295 3 14180 29296 48045
29296 2 6407 29297
29297 3 2318 17296 29298
29298 1 29299
29299 1 29300
29300 2 29301 43229
29301 1 29302
29302 2 7024 29303
29303 3 3209 29304 33077
29304 3 6189 29305 33648
29305 1 29306
29306 1 29307
29307 1 29308
29308 4 1234 29309 37766 40289
29309 1 29310
29310 3 29311 41461 42698
29311 1 29312
29312 1 29313
29313 2 29314 44493
29314 2 8901 29315
29315 2 29316 32744
29316 1 29317
29317 4 8661 23275 29318 41864
29318 2 23531 29319
29319 2 27243 29320
29320 2 29321 47619
29321 1 29322
29322 1 29323
29323 2 29117 29324
29324 3 13802 21201 29325
29325 1 29326
29326 3 348 29327 44642
29327 2 27486 29328
29328 2 29329 33419
29329 1 29330
29330 1 29331
29331 2 8572 29332
29332 2 20352 29333
29333 1 29334
29334 2 7171 29335
29335 1 29336
29336 2 29337 31531
29337 2 904 29338
29338 2 15252 29339
29339 1 29340
29340 1 29341
29341 2 29342 32243
29342 3 16813 29343 32018
29343 1 29344
29344 1 29345
29345 2 29346 45004
29346 1 29347
29347 2 16557 29348
29348 1 29349
29349 2 24585 29350
29350 4 2185 7535 29351 29698
29351 1 29352
29352 2 137 29353
29353 2 28900 29354
29354 3 5158 6499 29355
29355 3 29356 35256 37188
29356 2 29357 46089
29357 2 29358 41439
29358 3 313 29359 35726
29359 2 16568 29360
29360 1 29361
29361 3 29362 39786 46906
29362 1 29363
29363 2 29364 45797
29364 1 29365
29365 5 5523 20615 29366 42286 44124
29366 2 14810 29367
29367 2 29368 46749
29368 3 23577 29369 36840
29369 1 29370
29370 2 29371 49368
29371 2 23503 29372
29372 1 29373
29373 2 15008 29374
29374 1 29375
29375 2 25953 29376
29376 2 17373 29377
29377 2 28765 29378
29378 1 29379
29379 3 29380 32025 43301
29380 2 5413 29381
29381 2 18171 29382
29382 2 1515 29383
29383 2 6128 29384
29384 5 1896 16492 19136 29385 39008
29385 3 6944 29386 38354
29386 2 29387 48497
29387 4 9666 22690 29388 35209
29388 2 29389 41395
29389 1 29390
29390 1 29391
29391 1 29392
29392 1 29393
29393 2 29394 35703
29394 4 9967 12453 29395 29826
29395 3 5148 29396 49319
29396 2 29397 41973
29397 2 2760 29398
29398 3 29399 29942 47001
29399 3 29400 33598 41109
29400 2 29401 41547
29401 1 29402
29402 1 29403
29403 2 29404 37430
29404 1 29405
29405 1 29406
29406 2 19835 29407
29407 3 7834 29408 30092
29408 1 29409
29409 1 29410
29410 1 29411
29411 2 29412 34140
29412 1 29413
29413 1 29414
29414 1 29415
29415 1 29416
29416 1 29417
29417 1 29418
29418 1 29419
29419 1 29420
29420 3 2419 19006 29421
29421 2 29422 47465
29422 1 29423
29423 2 21497 29424
29424 1 29425
29425 3 13909 28497 29426
29426 1 29427
29427 2 6055 29428
29428 1 29429
29429 3 29430 34032 42712
29430 1 29431
29431 1 29432
29432 2 13360 29433
29433 2 16660 29434
29434 1 29435
29435 2 29436 45454
29436 3 23510 29437 39716
29437 1 29438
29438 3 1724 29439 30088
29439 1 29440
29440 1 29441
29441 2 4789 29442
29442 2 29443 48990
29443 1 29444
29444 1 29445
29445 1 29446
29446 3 29447 30936 46160
29447 1 29448
29448 1 29449
29449 3 20083 29450 34728
29450 2 26696 29451
29451 1 29452
29452 1 29453
29453 3 11086 20586 29454
29454 2 29455 38477
29455 1 29456
29456 1 29457
29457 1 29458
29458 1 29459
29459 3 10347 29460 36690
29460 1 29461
29461 1 29462
29462 3 17853 29463 32060
29463 3 24388 29464 40745
29464 2 27703 29465
29465 2 18654 29466
29466 3 5950 25638 29467
29467 1 29468
29468 1 29469
29469 3 18245 21686 29470
29470 2 4541 29471
29471 2 8691 29472
29472 1 29473
29473 2 4157 29474
29474 4 15956 21176 29475 40954
29475 1 29476
29476 1 29477
29477 2 28947 29478
29478 5 2271 4245 29479 33859 48924
29479 2 29480 36548
29480 1 29481
29481 2 2146 29482
29482 2 29483 46026
29483 2 29484 36749
29484 2 29485 33617
29485 2 29486 45081
29486 3 3449 27645 29487
29487 1 29488
29488 2 25732 29489
29489 2 13625 29490
29490 2 17245 29491
29491 2 19710 29492
29492 2 29493 37479
29493 4 4231 7517 17604 29494
29494 4 6032 29495 40112 48851
29495 1 29496
29496 1 29497
29497 3 25756 29498 49522
29498 3 5544 22774 29499
29499 1 29500
29500 1 29501
29501 1 29502
29502 1 29503
29503 3 19576 23773 29504
29504 1 29505
29505 1 29506
29506 3 6254 25435 29507
29507 1 29508
29508 2 17526 29509
29509 1 29510
29510 2 29511 42738
29511 6 8493 11667 23980 29512 33100 36119
29512 2 3424 29513
29513 3 3694 29514 29824
29514 1 29515
29515 2 29516 33648
29516 3 15675 29517 32138
29517 1 29518
29518 2 9333 29519
29519 1 29520
29520 2 29521 33725
29521 1 29522
29522 3 20727 29523 38938
29523 1 29524
29524 1 29525
29525 1 29526
29526 2 29527 48879
29527 1 29528
29528 2 1005 29529
29529 2 29530 38988
29530 2 29531 33268
29531 2 14348 29532
29532 2 29533 36190
29533 2 28035 29534
29534 1 29535
29535 1 29536
29536 2 12162 29537
29537 2 3795 29538
29538 2 19063 29539
29539 3 16354 29540 34247
29540 3 22873 29541 49671
29541 3 7256 29542 34833
29542 2 28996 29543
29543 2 4144 29544
29544 1 29545
29545 3 2486 20851 29546
29546 3 3634 20748 29547
29547 1 29548
29548 2 507 29549
29549 2 29550 43710
29550 1 29551
29551 2 29552 43184
29552 1 29553
29553 1 29554
29554 2 23983 29555
29555 2 29556 33222
29556 1 29557
29557 4 6042 29558 31664 32705
29558 4 7750 29559 31831 40251
29559 3 4617 29560 44363
29560 2 23245 29561
29561 3 29562 44603 48049
29562 3 2782 29563 41132
29563 3 14569 29564 41737
29564 2 16742 29565
29565 3 24371 29566 48150
29566 1 29567
29567 1 29568
29568 1 29569
29569 2 15801 29570
29570 1 29571
29571 1 29572
29572 1 29573
29573 1 29574
29574 2 8222 29575
29575 1 29576
29576 1 29577
29577 1 29578
29578 2 14033 29579
29579 4 8999 29580 30228 38288
29580 2 29029 29581
29581 3 29582 30263 46121
29582 3 11123 27465 29583
29583 4 10855 29584 38940 47220
29584 4 10247 19859 29585 37659
29585 2 29586 40424
29586 3 911 16889 29587
29587 3 29588 44254 46628
29588 2 29589 35557
29589 1 29590
29590 2 14031 29591
29591 2 18820 29592
29592 2 29593 31144
29593 3 2226 29594 47864
29594 1 29595
29595 2 29596 44344
29596 1 29597
29597 2 13172 29598
29598 2 28135 29599
29599 3 17803 29600 30823
29600 1 29601
29601 1 29602
29602 2 29603 49328
29603 1 29604
29604 3 18084 29605 30785
29605 3 7033 11641 29606
29606 2 13437 29607
29607 2 29608 39453
29608 3 29609 36141 49184
29609 3 3889 16225 29610
29610 3 20360 29611 42087
29611 2 29612 38340
29612 2 29613 39566
29613 2 1774 29614
29614 3 12155 29615 48205
29615 1 29616
29616 2 29617 44025
29617 1 29618
29618 2 19256 29619
29619 1 29620
29620 1 29621
29621 1 29622
29622 2 12132 29623
29623 1 29624
29624 4 1404 14715 29625 37951
29625 2 4641 29626
29626 1 29627
29627 2 15822 29628
29628 3 29629 40738 47445
29629 4 29003 29630 38243 43424
29630 2 29631 43921
29631 2 29632 39149
29632 1 29633
29633 2 21611 29634
29634 3 4445 23105 29635
29635 1 29636
29636 3 20928 28148 29637
29637 1 29638
29638 3 9570 14575 29639
29639 1 29640
29640 3 392 5066 29641
29641 2 7739 29642
29642 3 2325 15365 29643
29643 2 8227 29644
29644 4 6147 7432 29645 33122
29645 4 22728 27998 29646 30925
29646 3 10568 24108 29647
29647 1 29648
29648 1 29649
29649 1 29650
29650 2 28463 29651
29651 2 29652 33627
29652 1 29653
29653 3 29654 41408 42669
29654 2 29655 46637
29655 3 15168 29656 33846
29656 2 27955 29657
29657 2 16508 29658
29658 1 29659
29659 1 29660
29660 1 29661
29661 1 29662
29662 3 24631 29663 44060
29663 2 29664 43046
29664 2 5330 29665
29665 4 29666 35051 38753 43020
29666 1 29667
29667 1 29668
29668 2 10388 29669
29669 1 29670
29670 2 29671 43928
29671 2 2687 29672
29672 2 25279 29673
29673 1 29674
29674 2 29675 38589
29675 3 10706 29676 35784
29676 1 29677
29677 2 2796 29678
29678 3 942 27639 29679
29679 2 29680 32666
29680 1 29681
29681 2 29682 31116
29682 1 29683
29683 1 29684
29684 4 29685 37632 43087 49250
29685 3 3511 4276 29686
29686 2 15752 29687
29687 1 29688
29688 3 9608 29689 39477
29689 4 3050 3292 20894 29690
29690 2 16479 29691
29691 1 29692
29692 1 29693
29693 1 29694
29694 2 29695 43863
29695 1 29696
29696 1 29697
29697 4 2320 9733 29698 38300
29698 4 756 7601 16724 29699
29699 2 29700 39341
29700 2 29701 30614
29701 2 5742 29702
29702 2 29703 48601
29703 2 26871 29704
29704 1 29705
29705 1 29706
29706 4 17507 27934 28741 29707
29707 2 2372 29708
29708 2 29709 47352
29709 2 20372 29710
29710 4 18268 21167 29711 47402
29711 2 3851 29712
29712 1 29713
29713 3 6021 25225 29714
29714 3 29715 32824 43177
29715 1 29716
29716 3 29717 31159 43891
29717 1 29718
29718 1 29719
29719 3 29720 33247 44011
29720 2 29721 38757
29721 1 29722
29722 3 2179 7350 29723
29723 1 29724
29724 3 23687 29725 37485
29725 2 23220 29726
29726 2 16039 29727
29727 1 29728
29728 1 29729
29729 2 29730 48079
29730 2 16481 29731
29731 2 29732 32538
29732 1 29733
29733 4 6825 9477 29734 39509
29734 5 2611 4919 18163 29735 30829
29735 1 29736
29736 2 29737 30003
29737 2 10373 29738
29738 2 724 29739
29739 2 11757 29740
29740 2 29741 35135
29741 1 29742
29742 1 29743
29743 2 8097 29744
29744 2 29745 49503
29745 2 9268 29746
29746 3 29747 33793 37853
29747 4 2067 10449 24475 29748
29748 1 29749
29749 4 190 9229 29750 45017
29750 1 29751
29751 2 2416 29752
29752 3 22854 29753 33091
29753 3 9912 17656 29754
29754 1 29755
29755 3 4366 26171 29756
29756 1 29757
29757 1 29758
29758 1 29759
29759 2 29760 42428
29760 1 29761
29761 2 29762 34809
29762 1 29763
29763 2 29764 38268
29764 1 29765
29765 1 29766
29766 3 998 29767 39365
29767 1 29768
29768 2 18107 29769
29769 2 29017 29770
29770 1 29771
29771 2 10815 29772
29772 1 29773
29773 1 29774
29774 1 29775
29775 2 28221 29776
29776 5 12535 13460 14855 29777 40235
29777 3 4230 13729 29778
29778 1 29779
29779 3 17537 29780 36567
29780 1 29781
29781 1 29782
29782 3 18704 27105 29783
29783 3 244 29784 32101
29784 4 28698 29785 31610 31696
29785 2 13638 29786
29786 1 29787
29787 3 11445 29788 31583
29788 2 21493 29789
29789 3 19213 29790 40399
29790 2 29136 29791
29791 3 26890 29792 32746
29792 2 29793 38740
29793 1 29794
29794 1 29795
29795 1 29796
29796 2 29797 45971
29797 2 26463 29798
29798 2 23442 29799
29799 3 1870 13011 29800
29800 4 18801 29801 32415 33404
29801 3 259 29802 36371
29802 2 29803 45769
29803 1 29804
29804 3 16522 29805 39493
29805 3 4522 23251 29806
29806 2 15467 29807
29807 3 26696 29808 42720
29808 4 9442 9718 29809 39167
29809 3 16118 17104 29810
29810 1 29811
29811 2 29812 39550
29812 2 19024 29813
29813 2 21360 29814
29814 3 4053 25313 29815
29815 1 29816
29816 1 29817
29817 1 29818
29818 1 29819
29819 3 24338 24602 29820
29820 2 29821 35433
29821 2 14648 29822
29822 2 29823 32385
29823 1 29824
29824 1 29825
29825 3 15234 29826 31484
29826 2 29827 34148
29827 1 29828
29828 2 29829 47937
29829 1 29830
29830 1 29831
29831 2 29832 44862
29832 2 29833 47853
29833 3 29496 29834 48946
29834 2 1079 29835
29835 2 29836 41169
29836 1 29837
29837 2 23847 29838
29838 3 28569 29839 48434
29839 1 29840
29840 2 20377 29841
29841 2 29842 35699
29842 2 29843 42532
29843 1 29844
29844 4 10347 29845 38993 44215
29845 1 29846
29846 3 11523 28904 29847
29847 2 29848 35415
29848 1 29849
29849 2 28719 29850
29850 1 29851
29851 1 29852
29852 3 2224 29853 43371
29853 2 6817 29854
29854 1 29855
29855 4 10388 28407 29856 31788
29856 4 29857 44858 46765 47520
29857 3 7047 25787 29858
29858 2 29859 44961
29859 3 9501 23360 29860
29860 2 29861 43331
29861 3 8370 14712 29862
29862 1 29863
29863 2 10164 29864
29864 1 29865
29865 2 29866 48684
29866 3 15183 29867 30786
29867 2 29868 38071
29868 2 29869 40311
29869 3 19228 27773 29870
29870 1 29871
29871 2 25519 29872
29872 2 9115 29873
29873 1 29874
29874 1 29875
29875 1 29876
29876 2 24780 29877
29877 4 27848 29878 35736 37542
29878 2 29879 39113
29879 2 21843 29880
29880 4 1459 29881 33131 39359
29881 1 29882
29882 1 29883
29883 2 22763 29884
29884 2 8640 29885
29885 4 10799 28329 29886 40249
29886 2 29887 44598
29887 1 29888
29888 1 29889
29889 2 17779 29890
29890 1 29891
29891 3 11502 19239 29892
29892 4 21732 29893 43868 47127
29893 1 29894
29894 2 29589 29895
29895 2 5724 29896
29896 2 29897 36165
29897 1 29898
29898 2 22573 29899
29899 2 1786 29900
29900 2 29901 42259
29901 1 29902
29902 2 17444 29903
29903 2 16845 29904
29904 2 7532 29905
29905 7 909 4720 29906 30368 40346 41719 48314
29906 1 29907
29907 1 29908
29908 1 29909
29909 1 29910
29910 1 29911
29911 1 29912
29912 2 29913 36088
29913 2 29914 44210
29914 4 29915 41103 49514 49724
29915 2 20884 29916
29916 1 29917
29917 1 29918
29918 2 8833 29919
29919 2 29920 47806
29920 2 20391 29921
29921 3 16722 29922 44260
29922 3 12918 29923 44188
29923 3 11365 29924 39362
29924 3 9396 11210 29925
29925 1 29926
29926 1 29927
29927 3 13173 18127 29928
29928 1 29929
29929 2 2134 29930
29930 4 29069 29931 40397 48759
29931 2 29932 32501
29932 1 29933
29933 1 29934
29934 1 29935
29935 3 500 13486 29936
29936 1 29937
29937 3 29938 34977 43640
29938 1 29939
29939 1 29940
29940 2 23728 29941
29941 2 29942 41017
29942 2 1057 29943
29943 1 29944
29944 1 29945
29945 3 9532 22474 29946
29946 3 23686 29947 30224
29947 4 24383 25035 29948 45791
29948 1 29949
29949 2 29950 31683
29950 2 24549 29951
29951 1 29952
29952 3 22431 29953 35297
29953 2 11855 29954
29954 1 29955
29955 1 29956
29956 1 29957
29957 1 29958
29958 2 2278 29959
29959 1 29960
29960 2 29961 49852
29961 1 29962
29962 3 29963 34906 48449
29963 2 19542 29964
29964 3 23179 29965 39249
29965 2 29966 42794
29966 2 29967 48519
29967 3 13853 29968 41174
29968 2 14058 29969
29969 3 29970 37781 40351
29970 1 29971
29971 2 407 29972
29972 1 29973
29973 1 29974
29974 3 12220 19081 29975
29975 2 29976 38660
29976 2 29977 33076
29977 1 29978
29978 2 23196 29979
29979 2 828 29980
29980 1 29981
29981 2 18469 29982
29982 2 10647 29983
29983 2 29984 38809
29984 1 29985
29985 2 14591 29986
29986 1 29987
29987 2 29988 40222
29988 2 29989 49017
29989 2 29990 41997
29990 1 29991
29991 2 17461 29992
29992 1 29993
29993 1 29994
29994 3 8201 29995 38683
29995 2 29996 41018
29996 3 20120 23077 29997
29997 3 27650 29998 34140
29998 1 29999
29999 3 30000 41203 45295
30000 3 17593 30001 38923
30001 1 30002
30002 2 30003 37453
30003 1 30004
30004 2 30005 41612
30005 1 30006
30006 3 25772 30007 46764
30007 2 30008 42168
30008 1 30009
30009 4 14243 30010 31719 38835
30010 1 30011
30011 1 30012
30012 3 3408 16860 30013
30013 4 5305 27550 30014 48549
30014 2 26144 30015
30015 3 18479 30016 47432
30016 1 30017
30017 2 30018 42002
30018 1 30019
30019 2 9933 30020
30020 2 25668 30021
30021 4 793 6247 13983 30022
30022 2 22546 30023
30023 2 30024 35981
30024 1 30025
30025 1 30026
30026 3 30027 34932 36093
30027 2 18640 30028
30028 3 30029 41517 49138
30029 2 7664 30030
30030 1 30031
30031 2 17634 30032
30032 2 30033 46169
30033 2 30034 40726
30034 3 28547 30035 37373
30035 2 28327 30036
30036 2 11404 30037
30037 3 13181 29017 30038
30038 3 9171 30039 32553
30039 2 29190 30040
30040 2 19193 30041
30041 1 30042
30042 4 6459 28854 30043 43263
30043 4 8702 30044 34587 35083
30044 1 30045
30045 1 30046
30046 2 30047 30995
30047 3 5619 30048 31699
30048 1 30049
30049 2 6434 30050
30050 2 30051 49457
30051 1 30052
30052 3 517 6904 30053
30053 3 30054 31720 42286
30054 2 30055 47693
30055 2 27406 30056
30056 3 15657 30057 42362
30057 2 22675 30058
30058 1 30059
30059 3 12779 15164 30060
30060 2 23599 30061
30061 1 30062
30062 3 7793 10242 30063
30063 4 1006 9054 20799 30064
30064 4 14223 14620 24401 30065
30065 3 3479 30066 47757
30066 1 30067
30067 1 30068
30068 3 10587 19405 30069
30069 2 21856 30070
30070 2 12795 30071
30071 2 1229 30072
30072 3 5601 29817 30073
30073 1 30074
30074 2 21704 30075
30075 2 17566 30076
30076 2 15040 30077
30077 1 30078
30078 3 1577 30079 39886
30079 3 30080 35313 47096
30080 1 30081
30081 3 30082 37353 43861
30082 3 7714 11273 30083
30083 1 30084
30084 1 30085
30085 1 30086
30086 1 30087
30087 2 30088 43229
30088 1 30089
30089 1 30090
30090 1 30091
30091 1 30092
30092 4 6239 30093 32123 40783
30093 2 29125 30094
30094 1 30095
30095 2 28349 30096
30096 1 30097
30097 1 30098
30098 2 11397 30099
30099 2 23108 30100
30100 2 18094 30101
30101 1 30102
30102 1 30103
30103 1 30104
30104 1 30105
30105 1 30106
30106 1 30107
30107 2 30108 43826
30108 3 20273 25309 30109
30109 2 30110 40899
30110 2 29017 30111
30111 1 30112
30112 1 30113
30113 3 30114 37020 48608
30114 4 2951 6277 9602 30115
30115 2 30116 34929
30116 4 7850 24522 30117 38464
30117 4 9404 10442 17207 30118
30118 1 30119
30119 2 3004 30120
30120 3 8985 30121 48731
30121 2 13261 30122
30122 2 30123 43039
30123 2 14067 30124
30124 2 28822 30125
30125 3 22654 30126 38226
30126 1 30127
30127 5 23914 24542 30128 39250 49149
30128 2 30129 36625
30129 1 30130
30130 2 24656 30131
30131 1 30132
30132 1 30133
30133 1 30134
30134 3 30135 34325 36344
30135 2 6939 30136
30136 1 30137
30137 2 30138 35961
30138 1 30139
30139 3 4280 16534 30140
30140 2 9497 30141
30141 1 30142
30142 2 28321 30143
30143 2 26840 30144
30144 2 28633 30145
30145 1 30146
30146 1 30147
30147 2 22487 30148
30148 1 30149
30149 1 30150
30150 2 17983 30151
30151 2 30152 41881
30152 1 30153
30153 3 23571 27565 30154
30154 1 30155
30155 1 30156
30156 2 10697 30157
30157 1 30158
30158 2 24042 30159
30159 1 30160
30160 4 19139 24075 25813 30161
30161 1 30162
30162 1 30163
30163 1 30164
30164 1 30165
30165 1 30166
30166 2 22873 30167
30167 2 16668 30168
30168 4 14056 29503 30169 33115
30169 2 10213 30170
30170 1 30171
30171 3 15199 30172 34907
30172 3 30173 40132 40687
30173 2 30174 33336
30174 2 19880 30175
30175 2 3872 30176
30176 1 30177
30177 4 6254 23361 30178 45239
30178 1 30179
30179 1 30180
30180 1 30181
30181 2 30182 39704
30182 2 30183 34833
30183 2 9520 30184
30184 2 28239 30185
30185 2 2017 30186
30186 2 30167 30187
30187 1 30188
30188 1 30189
30189 4 1714 8243 27178 30190
30190 2 7969 30191
30191 2 29156 30192
30192 3 30193 34858 39337
30193 2 30194 48206
30194 1 30195
30195 2 21150 30196
30196 7 20959 22125 29494 30197 37570 47442 49924
30197 2 30198 34166
30198 2 30199 40856
30199 2 26801 30200
30200 2 2952 30201
30201 1 30202
30202 2 13278 30203
30203 1 30204
30204 5 11460 12459 23309 29283 30205
30205 4 875 22864 30206 38135
30206 1 30207
30207 1 30208
30208 4 10124 10297 18318 30209
30209 2 23160 30210
30210 3 238 2003 30211
30211 2 20517 30212
30212 1 30213
30213 2 30214 48973
30214 2 30215 30876
30215 1 30216
30216 2 8133 30217
30217 1 30218
30218 2 2937 30219
30219 3 30220 32944 33348
30220 3 6162 26167 30221
30221 1 30222
30222 2 28386 30223
30223 1 30224
30224 1 30225
30225 2 30226 45482
30226 1 30227
30227 2 9005 30228
30228 2 13187 30229
30229 2 30230 48115
30230 1 30231
30231 3 30232 31342 36994
30232 1 30233
30233 2 30234 39638
30234 3 2669 30235 47531
30235 2 30236 34420
30236 1 30237
30237 2 17570 30238
30238 1 30239
30239 2 29517 30240
30240 3 3579 30241 33460
30241 1 30242
30242 2 30243 38440
30243 4 11426 25574 30244 36526
30244 1 30245
30245 3 26099 30246 46581
30246 4 5429 30247 44428 46755
30247 1 30248
30248 1 30249
30249 1 30250
30250 1 30251
30251 2 8053 30252
30252 2 24940 30253
30253 1 30254
30254 1 30255
30255 2 30256 43758
30256 1 30257
30257 2 30258 30662
30258 1 30259
30259 3 22247 30260 38829
30260 4 23901 30261 48250 48720
30261 5 1351 27227 30262 31507 34394
30262 2 30263 41103
30263 2 1190 30264
30264 3 660 30265 31077
30265 2 12679 30266
30266 2 19795 30267
30267 2 11234 30268
30268 1 30269
30269 2 17737 30270
30270 1 30271
30271 2 29810 30272
30272 2 22606 30273
30273 2 5194 30274
30274 2 28071 30275
30275 4 1931 12043 19462 30276
30276 1 30277
30277 4 25304 30278 37329 37536
30278 1 30279
30279 2 12225 30280
30280 3 28597 30281 43316
30281 4 10318 16895 30282 35940
30282 2 28707 30283
30283 2 19277 30284
30284 1 30285
30285 1 30286
30286 2 22129 30287
30287 1 30288
30288 2 21665 30289
30289 4 12315 26193 30290 41922
30290 2 30291 48188
30291 2 24265 30292
30292 1 30293
30293 1 30294
30294 2 30295 35842
30295 1 30296
30296 2 15304 30297
30297 2 30298 46023
30298 3 4495 30299 44952
30299 3 14362 25611 30300
30300 2 26588 30301
30301 2 30302 47117
30302 2 30303 35873
30303 2 8597 30304
30304 1 30305
30305 1 30306
30306 1 30307
30307 2 3179 30308
30308 2 17478 30309
30309 2 30310 39024
30310 1 30311
30311 3 18308 30312 46826
30312 1 30313
30313 2 25672 30314
30314 4 22928 30315 33695 44157
30315 3 3269 30316 38672
30316 1 30317
30317 2 30318 38200
30318 1 30319
30319 2 13476 30320
30320 1 30321
30321 1 30322
30322 1 30323
30323 1 30324
30324 1 30325
30325 2 1052 30326
30326 2 30327 49704
30327 2 30328 49603
30328 1 30329
30329 5 5058 5961 14152 30330 45984
30330 2 6433 30331
30331 3 30332 34414 39803
30332 2 30333 39922
30333 3 2938 28128 30334
30334 1 30335
30335 2 30336 46410
30336 2 30337 45959
30337 1 30338
30338 3 30339 34323 43139
30339 1 30340
30340 2 30341 40030
30341 2 30342 37061
30342 1 30343
30343 2 27397 30344
30344 2 30345 48103
30345 2 30346 42423
30346 1 30347
30347 2 30348 38059
30348 1 30349
30349 1 30350
30350 4 2685 30351 33535 40395
30351 4 27099 30352 36953 49131
30352 2 30144 30353
30353 3 12198 30354 40105
30354 1 30355
30355 1 30356
30356 2 30357 35832
30357 1 30358
30358 2 9393 30359
30359 3 7935 25500 30360
30360 2 5896 30361
30361 3 18085 22024 30362
30362 2 20392 30363
30363 2 8750 30364
30364 1 30365
30365 2 13287 30366
30366 1 30367
30367 2 27568 30368
30368 1 30369
30369 2 10207 30370
30370 3 25278 30371 32501
30371 2 25838 30372
30372 3 21500 30373 46386
30373 1 30374
30374 2 26480 30375
30375 2 6444 30376
30376 4 14645 19691 30377 43141
30377 3 1013 30378 33413
30378 3 30379 38579 46683
30379 2 5958 30380
30380 1 30381
30381 2 23219 30382
30382 3 26632 30383 43206
30383 2 18069 30384
30384 2 30385 43922
30385 2 24916 30386
30386 1 30387
30387 3 8862 26455 30388
30388 1 30389
30389 2 30390 37796
30390 1 30391
30391 1 30392
30392 3 4521 30393 32584
30393 4 20442 30394 34298 47358
30394 1 30395
30395 1 30396
30396 1 30397
30397 5 21910 26829 30398 42297 43188
30398 1 30399
30399 3 24159 30400 34769
30400 3 4714 12754 30401
30401 2 30402 44632
30402 2 15182 30403
30403 2 30404 47278
30404 4 7192 30405 31586 41276
30405 5 24451 30406 40281 44342 47249
30406 1 30407
30407 3 30408 34876 46890
30408 3 21732 30409 32241
30409 2 9481 30410
30410 1 30411
30411 2 30412 41119
30412 1 30413
30413 1 30414
30414 2 14456 30415
30415 2 25251 30416
30416 1 30417
30417 3 18508 29802 30418
30418 1 30419
30419 3 13258 30420 41540
30420 1 30421
30421 2 30422 46063
30422 2 30423 32698
30423 2 12885 30424
30424 1 30425
30425 4 21625 30426 41739 44233
30426 4 4323 19952 27610 30427
30427 1 30428
30428 2 3857 30429
30429 2 15265 30430
30430 3 30431 36186 47181
30431 3 3372 26307 30432
30432 2 8149 30433
30433 2 28633 30434
30434 1 30435
30435 2 26025 30436
30436 1 30437
30437 2 30438 34210
30438 3 12514 17048 30439
30439 2 10089 30440
30440 4 19095 30441 40046 43265
30441 1 30442
30442 2 30443 49908
30443 3 30444 31096 40208
30444 4 30445 32395 48830 49897
30445 1 30446
30446 2 2785 30447
30447 1 30448
30448 2 30449 34153
30449 2 7781 30450
30450 3 5681 24482 30451
30451 2 17369 30452
30452 2 27676 30453
30453 4 8748 17469 22312 30454
30454 2 30455 31271
30455 2 30456 31402
30456 3 30457 34496 42114
30457 1 30458
30458 1 30459
30459 1 30460
30460 2 30461 35335
30461 3 14341 30462 39963
30462 3 8561 27885 30463
30463 2 14822 30464
30464 3 6630 29099 30465
30465 2 30466 37382
30466 1 30467
30467 2 8017 30468
30468 1 30469
30469 1 30470
30470 2 28255 30471
30471 1 30472
30472 1 30473
30473 2 30474 49372
30474 2 574 30475
30475 1 30476
30476 4 12838 17941 30477 44997
30477 1 30478
30478 1 30479
30479 3 22452 30480 46927
30480 3 30481 45885 48059
30481 3 1072 30482 39536
30482 2 6777 30483
30483 3 1076 30484 49977
30484 1 30485
30485 1 30486
30486 2 8999 30487
30487 1 30488
30488 2 18858 30489
30489 3 12528 30490 48162
30490 1 30491
30491 4 26100 26399 30492 48257
30492 1 30493
30493 2 243 30494
30494 3 25850 27814 30495
30495 3 9833 30496 31233
30496 4 15574 25028 30497 34338
30497 2 30498 40259
30498 4 19505 21062 30499 38097
30499 3 22672 30500 39865
30500 2 30501 37624
30501 3 5136 30502 46550
30502 1 30503
30503 2 10893 30504
30504 3 30505 35338 41763
30505 2 20753 30506
30506 2 30507 47338
30507 1 30508
30508 1 30509
30509 3 30510 31245 31826
30510 3 29845 30511 39780
30511 1 30512
30512 4 10383 15111 30513 49295
30513 2 3400 30514
30514 3 14138 30515 44931
30515 2 7324 30516
30516 1 30517
30517 1 30518
30518 2 7286 30519
30519 2 16095 30520
30520 1 30521
30521 3 21387 30522 39126
30522 1 30523
30523 1 30524
30524 4 10310 17925 30525 44876
30525 2 18826 30526
30526 3 10820 30527 30889
30527 3 30528 31852 40517
30528 2 990 30529
30529 4 8647 10375 11072 30530
30530 2 30531 31665
30531 5 30532 33138 33952 43921 45854
30532 1 30533
30533 1 30534
30534 2 9292 30535
30535 1 30536
30536 3 14209 30537 36990
30537 1 30538
30538 2 30240 30539
30539 2 30540 40839
30540 1 30541
30541 4 8998 14386 23761 30542
30542 1 30543
30543 4 22600 24912 30544 41278
30544 3 16379 30545 44138
30545 4 71 30546 34416 44166
30546 1 30547
30547 1 30548
30548 1 30549
30549 1 30550
30550 2 30551 35701
30551 2 30552 49753
30552 3 9336 30553 31883
30553 1 30554
30554 2 11272 30555
30555 4 10833 16289 30556 33998
30556 2 4096 30557
30557 4 11062 25395 30558 34192
30558 3 30559 30748 38501
30559 3 19723 22758 30560
30560 5 7195 30022 30561 37051 43627
30561 1 30562
30562 2 8382 30563
30563 2 15083 30564
30564 1 30565
30565 3 18247 30566 35537
30566 1 30567
30567 2 104 30568
30568 1 30569
30569 1 30570
30570 2 30571 46498
30571 1 30572
30572 1 30573
30573 3 6675 30574 46166
30574 2 3703 30575
30575 1 30576
30576 2 30577 34774
30577 1 30578
30578 1 30579
30579 2 6645 30580
30580 2 13055 30581
30581 1 30582
30582 2 19919 30583
30583 4 19042 23538 30584 30993
30584 1 30585
30585 1 30586
30586 1 30587
30587 3 16714 30588 47043
30588 1 30589
30589 2 18394 30590
30590 1 30591
30591 3 10 22521 30592
30592 2 7817 30593
30593 2 14739 30594
30594 2 30595 33599
30595 3 5125 30596 49757
30596 2 26428 30597
30597 2 18925 30598
30598 2 24063 30599
30599 2 30600 37139
30600 3 9899 18927 30601
30601 2 9485 30602
30602 1 30603
30603 3 13751 20930 30604
30604 2 28878 30605
30605 2 786 30606
30606 1 30607
30607 5 3302 9646 16689 30608 42074
30608 3 28596 30609 42366
30609 1 30610
30610 3 25270 30611 48356
30611 1 30612
30612 3 1815 20811 30613
30613 4 28515 30614 31235 41099
30614 3 30615 36921 47578
30615 2 11906 30616
30616 3 11118 30617 32144
30617 2 17559 30618
30618 2 30619 39705
30619 1 30620
30620 1 30621
30621 3 2557 30622 39982
30622 1 30623
30623 2 30624 36902
30624 2 19522 30625
30625 2 29104 30626
30626 2 17061 30627
30627 2 24803 30628
30628 1 30629
30629 3 11220 30630 33262
30630 3 22126 30631 48021
30631 1 30632
30632 2 27331 30633
30633 2 4759 30634
30634 2 30635 48168
30635 2 30636 33384
30636 2 25195 30637
30637 3 28105 30638 45583
30638 4 1450 30639 35398 37879
30639 3 20145 23652 30640
30640 2 30641 36524
30641 1 30642
30642 1 30643
30643 2 30644 43783
30644 5 12403 20699 29721 30645 40789
30645 2 30646 42778
30646 2 20683 30647
30647 1 30648
30648 5 25704 30649 41695 42388 47375
30649 2 19078 30650
30650 2 26605 30651
30651 3 15845 17490 30652
30652 1 30653
30653 3 27100 29413 30654
30654 2 30655 32918
30655 2 90 30656
30656 5 4258 27842 30657 33938 34393
30657 2 30658 32026
30658 1 30659
30659 2 6535 30660
30660 3 20 12115 30661
30661 2 30662 40606
30662 2 30663 45913
30663 2 10398 30664
30664 1 30665
30665 1 30666
30666 2 30667 37348
30667 1 30668
30668 3 30669 36000 46789
30669 1 30670
30670 3 7007 30671 36010
30671 1 30672
30672 3 30489 30673 49295
30673 1 30674
30674 1 30675
30675 1 30676
30676 2 30677 33069
30677 1 30678
30678 1 30679
30679 1 30680
30680 2 21807 30681
30681 4 20051 30682 37298 47277
30682 3 10280 30683 40817
30683 1 30684
30684 2 24375 30685
30685 1 30686
30686 1 30687
30687 1 30688
30688 1 30689
30689 5 15167 30690 33416 44969 49966
30690 3 30691 37197 45060
30691 4 16565 20435 30692 31106
30692 1 30693
30693 1 30694
30694 2 30695 44818
30695 2 23403 30696
30696 4 2191 23158 30697 46235
30697 2 11349 30698
30698 1 30699
30699 2 10326 30700
30700 3 30701 38903 39633
30701 3 11799 30702 40609
30702 2 30703 34313
30703 3 2909 22976 30704
30704 1 30705
30705 1 30706
30706 2 30707 42861
30707 1 30708
30708 1 30709
30709 1 30710
30710 1 30711
30711 3 30712 37301 48569
30712 2 30713 33283
30713 1 30714
30714 1 30715
30715 1 30716
30716 1 30717
30717 4 4601 10133 30718 47425
30718 2 24473 30719
30719 1 30720
30720 3 18186 26404 30721
30721 2 19630 30722
30722 2 28803 30723
30723 2 2225 30724
30724 2 18260 30725
30725 4 28814 30726 41432 45579
30726 2 30727 41426
30727 4 17701 22044 30728 39330
30728 2 18655 30729
30729 4 286 14771 27720 30730
30730 1 30731
30731 3 8113 14236 30732
30732 1 30733
30733 1 30734
30734 2 30735 33458
30735 1 30736
30736 1 30737
30737 1 30738
30738 4 13331 18120 22631 30739
30739 2 9971 30740
30740 1 30741
30741 2 17332 30742
30742 1 30743
30743 1 30744
30744 4 4030 9397 10250 30745
30745 2 11173 30746
30746 1 30747
30747 4 16044 27948 30748 37658
30748 2 20180 30749
30749 2 30750 41714
30750 2 17238 30751
30751 1 30752
30752 1 30753
30753 2 8543 30754
30754 1 30755
30755 3 22073 27112 30756
30756 1 30757
30757 3 30758 34786 46679
30758 2 20086 30759
30759 2 20531 30760
30760 2 18513 30761
30761 1 30762
30762 2 30763 46678
30763 3 29553 30764 48176
30764 3 30765 31784 47280
30765 4 8071 25911 30766 45556
30766 1 30767
30767 2 1668 30768
30768 5 4896 11359 16702 19445 30769
30769 3 13098 14163 30770
30770 4 19465 30771 38393 46341
30771 4 12292 19517 30772 44899
30772 2 29755 30773
30773 2 28871 30774
30774 2 27265 30775
30775 3 14856 30776 38909
30776 2 30777 49639
30777 3 18073 19278 30778
30778 3 4169 21254 30779
30779 2 30780 35760
30780 1 30781
30781 2 30782 48416
30782 4 16244 27327 30783 32762
30783 3 2667 30784 32159
30784 4 9755 30785 33425 49645
30785 1 30786
30786 2 7993 30787
30787 1 30788
30788 2 25079 30789
30789 3 30790 31502 37610
30790 2 30791 47222
30791 2 3267 30792
30792 3 23129 30793 36870
30793 1 30794
30794 2 30795 44867
30795 4 21146 29492 30796 42312
30796 2 1492 30797
30797 2 8304 30798
30798 3 30799 37683 45093
30799 1 30800
30800 3 30801 34788 37478
30801 1 30802
30802 2 6982 30803
30803 2 30804 41461
30804 1 30805
30805 1 30806
30806 1 30807
30807 1 30808
30808 1 30809
30809 3 15294 26519 30810
30810 1 30811
30811 3 1000 20576 30812
30812 2 11754 30813
30813 2 657 30814
30814 2 18838 30815
30815 1 30816
30816 1 30817
30817 2 30818 39022
30818 3 21955 30819 40886
30819 2 16986 30820
30820 4 12375 30821 31307 33888
30821 3 30822 39391 46461
30822 1 30823
30823 2 30824 41196
30824 1 30825
30825 3 8682 30826 43787
30826 2 3959 30827
30827 2 13398 30828
30828 2 11099 30829
30829 1 30830
30830 4 18014 30831 31635 49667
30831 1 30832
30832 3 4315 8689 30833
30833 1 30834
30834 1 30835
30835 1 30836
30836 3 24938 30837 43045
30837 2 10732 30838
30838 2 30839 49839
30839 2 7681 30840
30840 3 17021 30841 45708
30841 3 23260 30842 49174
30842 2 22094 30843
30843 2 30844 42581
30844 2 30845 39639
30845 2 11710 30846
30846 2 18954 30847
30847 1 30848
30848 3 8740 17859 30849
30849 3 21526 30850 34624
30850 2 25656 30851
30851 1 30852
30852 1 30853
30853 2 30854 42057
30854 2 7596 30855
30855 1 30856
30856 2 30857 49612
30857 1 30858
30858 1 30859
30859 1 30860
30860 2 8916 30861
30861 3 21636 25893 30862
30862 1 30863
30863 1 30864
30864 5 21091 30865 34799 36217 37419
30865 5 6409 30165 30866 34930 38076
30866 1 30867
30867 1 30868
30868 2 6569 30869
30869 1 30870
30870 2 30871 34589
30871 3 17693 30872 33795
30872 1 30873
30873 1 30874
30874 1 30875
30875 1 30876
30876 1 30877
30877 2 30878 37496
30878 3 23502 30879 48179
30879 5 4643 28308 30880 35265 35527
30880 2 3189 30881
30881 3 11648 30882 47648
30882 5 11462 23593 30252 30883 41278
30883 2 30884 49633
30884 4 9944 13970 30885 49675
30885 1 30886
30886 3 18788 30887 38162
30887 1 30888
30888 2 2406 30889
30889 2 30890 47925
30890 3 5979 22858 30891
30891 1 30892
30892 1 30893
30893 3 3421 9006 30894
30894 1 30895
30895 1 30896
30896 3 222 26101 30897
30897 2 30898 42994
30898 2 30899 32292
30899 2 30900 37463
30900 2 30901 41524
30901 3 22786 27775 30902
30902 1 30903
30903 3 26478 30904 36377
30904 1 30905
30905 3 5827 22868 30906
30906 1 30907
30907 1 30908
30908 1 30909
30909 1 30910
30910 1 30911
30911 1 30912
30912 1 30913
30913 3 13270 29598 30914
30914 2 19077 30915
30915 2 30916 44699
30916 2 30917 48390
30917 2 2592 30918
30918 3 8968 24389 30919
30919 2 17267 30920
30920 3 14333 16481 30921
30921 2 30922 45941
30922 2 1010 30923
30923 2 29650 30924
30924 1 30925
30925 4 2472 20413 30926 47385
30926 1 30927
30927 1 30928
30928 2 19762 30929
30929 2 21565 30930
30930 2 23303 30931
30931 1 30932
30932 1 30933
30933 2 30934 44511
30934 1 30935
30935 1 30936
30936 4 6538 30937 34361 39840
30937 4 7532 28973 30938 42665
30938 2 30939 42640
30939 2 4834 30940
30940 3 13003 30941 42786
30941 2 30942 39782
30942 2 28298 30943
30943 1 30944
30944 2 30945 46042
30945 2 30946 43307
30946 3 10676 30947 35323
30947 3 30948 32077 48779
30948 2 30949 47249
30949 4 8891 9851 30950 32661
30950 1 30951
30951 1 30952
30952 3 30953 38396 42839
30953 1 30954
30954 3 12319 24493 30955
30955 2 812 30956
30956 1 30957
30957 1 30958
30958 3 30959 48167 49926
30959 2 30960 38468
30960 1 30961
30961 3 17641 30962 41881
30962 4 14892 20179 30963 48558
30963 2 14028 30964
30964 3 30965 36696 43353
30965 2 20706 30966
30966 4 3271 7788 26606 30967
30967 2 30968 39566
30968 2 3918 30969
30969 2 30970 40024
30970 2 30971 37445
30971 5 2976 14997 30972 38661 47495
30972 1 30973
30973 2 30974 34685
30974 2 18442 30975
30975 3 5506 25309 30976
30976 1 30977
30977 1 30978
30978 4 16158 30679 30979 33563
30979 1 30980
30980 4 118 7476 30981 47091
30981 3 30982 35937 38431
30982 1 30983
30983 4 93 1488 21392 30984
30984 3 8123 21447 30985
30985 2 28803 30986
30986 1 30987
30987 1 30988
30988 1 30989
30989 3 6516 23334 30990
30990 1 30991
30991 1 30992
30992 2 29300 30993
30993 1 30994
30994 3 23582 30995 37156
30995 2 6164 30996
30996 3 2774 30997 36632
30997 2 30998 33607
30998 2 19282 30999
30999 2 13681 31000
31000 2 31001 41160
31001 1 31002
31002 2 31003 46410
31003 1 31004
31004 1 31005
31005 2 31006 47325
31006 3 30328 31007 33338
31007 1 31008
31008 2 4799 31009
31009 3 20892 31010 33627
31010 2 31011 43092
31011 1 31012
31012 1 31013
31013 2 31014 46472
31014 2 29986 31015
31015 1 31016
31016 3 3213 23670 31017
31017 2 3710 31018
31018 1 31019
31019 3 4294 17044 31020
31020 2 11270 31021
31021 1 31022
31022 5 30969 31023 31167 43026 46908
31023 2 31024 46149
31024 1 31025
31025 1 31026
31026 1 31027
31027 2 7808 31028
31028 2 29738 31029
31029 2 28322 31030
31030 2 29172 31031
31031 1 31032
31032 1 31033
31033 1 31034
31034 2 509 31035
31035 1 31036
31036 2 9417 31037
31037 1 31038
31038 1 31039
31039 3 360 28891 31040
31040 1 31041
31041 1 31042
31042 2 8848 31043
31043 1 31044
31044 1 31045
31045 1 31046
31046 2 12183 31047
31047 2 18938 31048
31048 4 29511 31049 33402 45597
31049 1 31050
31050 3 10509 31051 43003
31051 3 3033 31052 42827
31052 2 31053 38667
31053 3 5445 31054 49723
31054 2 9685 31055
31055 2 20431 31056
31056 2 18102 31057
31057 1 31058
31058 2 8457 31059
31059 2 31060 34489
31060 3 21139 30081 31061
31061 3 14144 23620 31062
31062 4 19600 30831 31063 35262
31063 1 31064
31064 1 31065
31065 1 31066
31066 2 31067 42642
31067 2 29434 31068
31068 1 31069
31069 2 31070 41261
31070 4 12807 25090 27594 31071
31071 2 20109 31072
31072 3 25608 31073 43073
31073 4 8847 17531 31074 43281
31074 5 8876 19146 23208 31075 35506
31075 2 31076 45065
31076 1 31077
31077 2 31078 34505
31078 2 31079 46509
31079 1 31080
31080 2 2640 31081
31081 1 31082
31082 2 28161 31083
31083 2 31084 39130
31084 1 31085
31085 2 31086 48280
31086 1 31087
31087 2 15414 31088
31088 1 31089
31089 1 31090
31090 3 7756 21237 31091
31091 3 10104 13465 31092
31092 1 31093
31093 2 31094 48566
31094 1 31095
31095 3 6196 31096 44918
31096 3 29915 31097 40750
31097 3 4504 31098 31653
31098 1 31099
31099 1 31100
31100 2 30908 31101
31101 2 16044 31102
31102 2 6229 31103
31103 2 31104 31317
31104 3 31105 40901 48766
31105 2 4692 31106
31106 1 31107
31107 1 31108
31108 2 18013 31109
31109 2 28955 31110
31110 1 31111
31111 3 21824 31112 34845
31112 3 10111 22147 31113
31113 4 25118 31114 33274 41221
31114 5 1813 10385 14776 29546 31115
31115 1 31116
31116 2 20603 31117
31117 2 12743 31118
31118 1 31119
31119 4 43 12683 17350 31120
31120 2 31121 47678
31121 2 30073 31122
31122 2 6607 31123
31123 2 31124 39682
31124 2 31125 32009
31125 1 31126
31126 2 31127 49165
31127 1 31128
31128 1 31129
31129 1 31130
31130 3 31131 33041 48173
31131 1 31132
31132 3 964 7921 31133
31133 1 31134
31134 3 26672 28121 31135
31135 1 31136
31136 4 87 29079 31137 33750
31137 1 31138
31138 1 31139
31139 1 31140
31140 1 31141
31141 3 3169 31142 40723
31142 1 31143
31143 2 31144 48840
31144 1 31145
31145 3 31146 45653 47780
31146 2 31147 38913
31147 1 31148
31148 3 22641 24715 31149
31149 3 31150 32335 45057
31150 2 25153 31151
31151 2 3984 31152
31152 2 2994 31153
31153 3 29563 31154 39422
31154 3 115 27609 31155
31155 2 31156 41436
31156 1 31157
31157 2 31158 42338
31158 1 31159
31159 2 13391 31160
31160 1 31161
31161 2 31162 40779
31162 2 28964 31163
31163 2 2737 31164
31164 1 31165
31165 1 31166
31166 3 31167 38443 43133
31167 1 31168
31168 2 31169 39413
31169 2 31170 44388
31170 1 31171
31171 1 31172
31172 1 31173
31173 2 29015 31174
31174 2 31175 47217
31175 2 31176 49877
31176 2 19237 31177
31177 2 31178 40724
31178 2 31179 47473
31179 2 19637 31180
31180 1 31181
31181 2 12265 31182
31182 1 31183
31183 3 12252 31184 34225
31184 3 7020 31185 46657
31185 1 31186
31186 1 31187
31187 2 29896 31188
31188 3 478 31189 34285
31189 3 4126 31190 47118
31190 2 31191 39678
31191 1 31192
31192 2 31193 34576
31193 1 31194
31194 2 31195 48243
31195 1 31196
31196 2 29378 31197
31197 4 7175 14124 30083 31198
31198 4 2049 22391 31199 31831
31199 2 31200 45880
31200 2 945 31201
31201 3 31202 45230 48741
31202 3 10241 31203 36052
31203 1 31204
31204 2 31205 46463
31205 1 31206
31206 1 31207
31207 2 16998 31208
31208 4 4065 26014 31209 45548
31209 2 29305 31210
31210 4 25931 27113 31211 31303
31211 4 1194 5485 21489 31212
31212 3 12017 31213 33733
31213 1 31214
31214 3 21471 31215 37982
31215 2 6609 31216
31216 2 29472 31217
31217 1 31218
31218 1 31219
31219 2 31220 42809
31220 3 9678 31221 36253
31221 2 13931 31222
31222 2 31223 40292
31223 4 1081 3439 28511 31224
31224 3 9293 31225 40514
31225 3 16480 31226 49730
31226 1 31227
31227 1 31228
31228 2 31229 47929
31229 4 5640 15109 30380 31230
31230 2 8078 31231
31231 1 31232
31232 2 22223 31233
31233 1 31234
31234 2 19597 31235
31235 1 31236
31236 2 5763 31237
31237 1 31238
31238 1 31239
31239 2 23449 31240
31240 4 2360 27712 29243 31241
31241 1 31242
31242 4 6547 14857 31243 33109
31243 2 13944 31244
31244 1 31245
31245 3 202 31246 49289
31246 2 31247 40190
31247 1 31248
31248 6 16965 23538 26952 29595 31249 33644
31249 2 3473 31250
31250 2 19499 31251
31251 4 21543 23028 31252 33543
31252 2 31253 43485
31253 2 28617 31254
31254 3 16284 31255 46619
31255 1 31256
31256 1 31257
31257 4 14269 24581 29111 31258
31258 2 9265 31259
31259 5 6126 24243 28781 31260 46148
31260 2 22912 31261
31261 2 31262 47041
31262 2 29208 31263
31263 4 31264 35707 45647 46348
31264 2 31265 33537
31265 2 25461 31266
31266 2 31267 46587
31267 1 31268
31268 1 31269
31269 1 31270
31270 2 31271 40183
31271 2 31272 32466
31272 4 26742 31273 37780 38214
31273 3 23 31274 46703
31274 1 31275
31275 3 12799 31276 33938
31276 4 14977 31277 31994 32750
31277 1 31278
31278 4 5994 13757 19387 31279
31279 1 31280
31280 2 31281 43516
31281 1 31282
31282 3 18364 31283 40198
31283 1 31284
31284 2 31285 43545
31285 2 5738 31286
31286 3 26160 28034 31287
31287 1 31288
31288 3 31289 34494 40003
31289 5 3322 31290 35957 40261 43877
31290 2 25861 31291
31291 3 5898 31292 49951
31292 3 2939 8664 31293
31293 2 5627 31294
31294 2 1389 31295
31295 1 31296
31296 2 13564 31297
31297 1 31298
31298 3 31299 32417 48615
31299 3 19011 31300 37371
31300 2 6341 31301
31301 3 8210 31302 48721
31302 1 31303
31303 2 12582 31304
31304 2 24775 31305
31305 2 22751 31306
31306 3 3833 31307 45782
31307 1 31308
31308 1 31309
31309 1 31310
31310 3 1392 31311 34268
31311 3 9533 14728 31312
31312 2 31313 49651
31313 4 5942 31314 46544 48100
31314 1 31315
31315 1 31316
31316 2 11689 31317
31317 2 31318 45050
31318 1 31319
31319 1 31320
31320 2 2648 31321
31321 2 31322 49458
31322 1 31323
31323 1 31324
31324 3 9804 31325 48638
31325 1 31326
31326 2 731 31327
31327 1 31328
31328 3 19487 31329 47497
31329 2 10037 31330
31330 1 31331
31331 2 31332 40585
31332 1 31333
31333 2 5543 31334
31334 2 31335 43678
31335 4 18219 19246 31336 42878
31336 1 31337
31337 2 27646 31338
31338 2 31339 36977
31339 2 30933 31340
31340 1 31341
31341 3 29812 31342 38187
31342 2 31343 33983
31343 2 4857 31344
31344 1 31345
31345 4 237 11217 31346 43360
31346 1 31347
31347 2 6326 31348
31348 4 8865 23391 29429 31349
31349 2 566 31350
31350 2 87 31351
31351 2 31352 31782
31352 2 29407 31353
31353 2 10191 31354
31354 2 31355 38468
31355 4 3377 7915 31356 32496
31356 2 14526 31357
31357 1 31358
31358 3 19999 26350 31359
31359 1 31360
31360 2 7148 31361
31361 1 31362
31362 2 10056 31363
31363 2 14313 31364
31364 1 31365
31365 1 31366
31366 2 31167 31367
31367 3 28708 31368 35747
31368 1 31369
31369 1 31370
31370 3 7356 16692 31371
31371 3 31372 40905 44832
31372 2 10207 31373
31373 1 31374
31374 3 10711 22469 31375
31375 4 5193 15851 31376 44905
31376 3 18677 31377 49833
31377 1 31378
31378 1 31379
31379 1 31380
31380 2 9923 31381
31381 4 14926 23365 27987 31382
31382 1 31383
31383 2 31384 40724
31384 1 31385
31385 1 31386
31386 2 25549 31387
31387 2 22000 31388
31388 2 12427 31389
31389 2 11103 31390
31390 2 31252 31391
31391 1 31392
31392 1 31393
31393 4 3740 24442 31394 38495
31394 1 31395
31395 1 31396
31396 2 31397 43440
31397 1 31398
31398 3 16881 31399 46506
31399 3 10296 29383 31400
31400 4 28407 31401 37738 49082
31401 1 31402
31402 1 31403
31403 2 18098 31404
31404 3 27355 31405 48534
31405 3 3457 26692 31406
31406 1 31407
31407 3 3377 31408 40513
31408 2 11710 31409
31409 3 7853 31410 44087
31410 4 16557 30326 31411 44473
31411 2 28505 31412
31412 1 31413
31413 1 31414
31414 1 31415
31415 2 31416 44364
31416 2 2576 31417
31417 4 30118 31418 42955 45171
31418 1 31419
31419 2 24169 31420
31420 1 31421
31421 4 14664 29896 31422 45644
31422 1 31423
31423 2 31424 34745
31424 1 31425
31425 2 2523 31426
31426 1 31427
31427 2 15853 31428
31428 2 31429 31664
31429 2 31430 42300
31430 3 10364 15255 31431
31431 1 31432
31432 2 6751 31433
31433 1 31434
31434 3 26929 31435 47926
31435 1 31436
31436 2 30255 31437
31437 1 31438
31438 2 27758 31439
31439 1 31440
31440 3 22805 31441 37494
31441 2 1400 31442
31442 2 10505 31443
31443 1 31444
31444 3 31445 42995 43966
31445 2 4308 31446
31446 3 4784 31447 37514
31447 1 31448
31448 5 6425 23376 31449 32759 42058
31449 3 1685 27348 31450
31450 2 31451 39442
31451 3 2320 22033 31452
31452 2 31453 40929
31453 3 6840 31454 37001
31454 1 31455
31455 2 31456 35055
31456 1 31457
31457 1 31458
31458 1 31459
31459 1 31460
31460 1 31461
31461 2 20918 31462
31462 2 11840 31463
31463 3 9407 22556 31464
31464 2 31465 42965
31465 2 31466 43506
31466 3 14538 20924 31467
31467 1 31468
31468 3 9963 31469 37522
31469 3 31470 36056 39619
31470 3 14941 31471 35545
31471 2 31472 49113
31472 3 20842 31473 41306
31473 3 29118 30230 31474
31474 2 11742 31475
31475 1 31476
31476 1 31477
31477 1 31478
31478 4 6645 31479 39214 45226
31479 1 31480
31480 3 2920 31481 49233
31481 2 31482 36390
31482 4 2875 31483 40913 49375
31483 1 31484
31484 1 31485
31485 3 8761 30788 31486
31486 2 3741 31487
31487 4 26028 28056 31488 49989
31488 1 31489
31489 2 31490 46746
31490 2 13349 31491
31491 1 31492
31492 2 31493 48995
31493 2 31494 46053
31494 2 27740 31495
31495 2 5558 31496
31496 2 24187 31497
31497 2 26058 31498
31498 2 13827 31499
31499 2 27177 31500
31500 2 3254 31501
31501 2 14378 31502
31502 1 31503
31503 3 24583 31504 35253
31504 3 5539 5925 31505
31505 1 31506
31506 1 31507
31507 3 15320 17355 31508
31508 3 18182 27157 31509
31509 2 31510 48083
31510 1 31511
31511 2 7532 31512
31512 2 6773 31513
31513 2 31514 34028
31514 1 31515
31515 1 31516
31516 1 31517
31517 1 31518
31518 3 31519 39918 47312
31519 2 11633 31520
31520 2 31521 40550
31521 2 31522 45522
31522 1 31523
31523 4 14163 16932 31524 42444
31524 1 31525
31525 2 16482 31526
31526 2 31527 45726
31527 1 31528
31528 1 31529
31529 2 16182 31530
31530 1 31531
31531 3 31532 33600 43448
31532 1 31533
31533 5 2252 13713 20503 25917 31534
31534 1 31535
31535 2 9137 31536
31536 1 31537
31537 3 4329 18177 31538
31538 2 31069 31539
31539 1 31540
31540 1 31541
31541 1 31542
31542 2 23452 31543
31543 1 31544
31544 3 16811 31545 43909
31545 4 1250 31546 39145 49390
31546 2 12413 31547
31547 3 31548 32299 36847
31548 1 31549
31549 1 31550
31550 2 31551 48184
31551 1 31552
31552 1 31553
31553 1 31554
31554 3 19009 21687 31555
31555 1 31556
31556 3 31557 33994 46211
31557 2 26698 31558
31558 3 31559 38032 44385
31559 3 31560 41458 43897
31560 3 8103 22513 31561
31561 1 31562
31562 1 31563
31563 3 21037 31564 36669
31564 2 31565 49990
31565 1 31566
31566 1 31567
31567 2 29119 31568
31568 1 31569
31569 1 31570
31570 1 31571
31571 1 31572
31572 1 31573
31573 1 31574
31574 3 17216 31575 37610
31575 2 10102 31576
31576 1 31577
31577 2 31578 31612
31578 2 31579 49512
31579 1 31580
31580 1 31581
31581 3 26516 28074 31582
31582 2 3004 31583
31583 4 24183 25091 31584 46513
31584 3 25559 31585 47026
31585 2 1275 31586
31586 2 24838 31587
31587 3 27737 31588 39087
31588 2 5221 31589
31589 2 15071 31590
31590 3 5950 26374 31591
31591 2 17610 31592
31592 1 31593
31593 2 27650 31594
31594 3 7273 31595 49516
31595 1 31596
31596 1 31597
31597 2 31598 49025
31598 3 31551 31599 38907
31599 3 31077 31600 43482
31600 1 31601
31601 2 31602 46406
31602 2 5134 31603
31603 1 31604
31604 1 31605
31605 2 3942 31606
31606 1 31607
31607 1 31608
31608 1 31609
31609 1 31610
31610 1 31611
31611 2 16989 31612
31612 3 7083 26859 31613
31613 1 31614
31614 1 31615
31615 2 18731 31616
31616 1 31617
31617 2 17736 31618
31618 2 8475 31619
31619 2 31620 34100
31620 1 31621
31621 1 31622
31622 2 31623 34884
31623 1 31624
31624 3 7312 31625 35301
31625 2 31626 37642
31626 1 31627
31627 3 2852 5238 31628
31628 1 31629
31629 2 27163 31630
31630 2 7292 31631
31631 2 31632 36585
31632 1 31633
31633 1 31634
31634 2 29554 31635
31635 2 31636 42875
31636 3 15359 31637 47500
31637 1 31638
31638 3 2733 31639 41568
31639 1 31640
31640 2 19788 31641
31641 1 31642
31642 2 31643 33348
31643 3 11580 13079 31644
31644 1 31645
31645 1 31646
31646 3 11340 31647 49892
31647 3 1496 30009 31648
31648 1 31649
31649 2 375 31650
31650 1 31651
31651 1 31652
31652 4 4442 31653 31725 34857
31653 3 12970 14377 31654
31654 2 11112 31655
31655 1 31656
31656 2 18765 31657
31657 3 8181 13848 31658
31658 3 31659 31669 33018
31659 1 31660
31660 2 6769 31661
31661 1 31662
31662 2 17255 31663
31663 1 31664
31664 1 31665
31665 2 31666 44028
31666 1 31667
31667 3 3323 17580 31668
31668 1 31669
31669 2 31670 48176
31670 1 31671
31671 2 31672 41977
31672 3 30920 31673 45782
31673 2 9424 31674
31674 1 31675
31675 1 31676
31676 2 13618 31677
31677 1 31678
31678 2 31679 39921
31679 1 31680
31680 4 7129 31681 33422 48310
31681 2 21290 31682
31682 1 31683
31683 2 27173 31684
31684 2 3509 31685
31685 1 31686
31686 2 16309 31687
31687 2 31688 43640
31688 2 31689 39818
31689 1 31690
31690 2 21729 31691
31691 1 31692
31692 2 22000 31693
31693 2 16302 31694
31694 1 31695
31695 3 9861 31696 40419
31696 3 31697 38449 49910
31697 2 12656 31698
31698 3 2439 31699 42830
31699 1 31700
31700 1 31701
31701 2 31702 45848
31702 2 31703 45697
31703 1 31704
31704 2 31705 45507
31705 4 7773 8620 31706 45056
31706 1 31707
31707 1 31708
31708 1 31709
31709 3 5532 30022 31710
31710 2 31059 31711
31711 2 7881 31712
31712 1 31713
31713 1 31714
31714 1 31715
31715 3 7045 31693 31716
31716 2 7594 31717
31717 2 25110 31718
31718 2 5225 31719
31719 2 31720 31961
31720 2 15058 31721
31721 1 31722
31722 3 10138 17771 31723
31723 2 31724 33575
31724 2 3808 31725
31725 2 31726 38668
31726 2 17501 31727
31727 1 31728
31728 3 28299 31729 33482
31729 3 15866 31730 36974
31730 1 31731
31731 1 31732
31732 2 13183 31733
31733 2 1958 31734
31734 2 31735 39185
31735 2 24135 31736
31736 1 31737
31737 1 31738
31738 2 16195 31739
31739 1 31740
31740 3 16461 31741 36388
31741 1 31742
31742 6 7683 22464 28079 31743 35140 48020
31743 2 23152 31744
31744 1 31745
31745 1 31746
31746 2 5053 31747
31747 5 18388 20773 21792 31748 34823
31748 1 31749
31749 1 31750
31750 2 11989 31751
31751 3 191 27074 31752
31752 2 21717 31753
31753 2 9601 31754
31754 2 13502 31755
31755 1 31756
31756 3 15057 31757 32600
31757 2 31758 35809
31758 3 699 31759 39650
31759 2 31760 45124
31760 1 31761
31761 3 31762 33008 36013
31762 4 19839 20276 28143 31763
31763 2 12699 31764
31764 2 17559 31765
31765 1 31766
31766 2 31767 33110
31767 2 31768 36043
31768 3 19125 31221 31769
31769 1 31770
31770 1 31771
31771 2 16071 31772
31772 1 31773
31773 2 31774 41612
31774 1 31775
31775 3 1223 21394 31776
31776 1 31777
31777 1 31778
31778 2 17608 31779
31779 2 5613 31780
31780 1 31781
31781 2 31782 42986
31782 5 5676 9324 18174 31783 34455
31783 2 14781 31784
31784 3 1535 27328 31785
31785 3 7498 31786 37828
31786 5 2194 2854 3684 10280 31787
31787 1 31788
31788 3 1120 31789 38608
31789 2 5672 31790
31790 1 31791
31791 6 1440 4849 19635 31792 47253 49115
31792 4 1972 28899 31793 43118
31793 1 31794
31794 3 2390 23575 31795
31795 3 6259 21423 31796
31796 1 31797
31797 3 31798 31934 49079
31798 2 31799 46971
31799 1 31800
31800 1 31801
31801 1 31802
31802 1 31803
31803 1 31804
31804 2 20309 31805
31805 2 11153 31806
31806 1 31807
31807 2 31808 49810
31808 1 31809
31809 1 31810
31810 2 14650 31811
31811 1 31812
31812 3 23341 31813 34260
31813 3 28864 31814 49485
31814 3 12893 21888 31815
31815 2 26668 31816
31816 3 5269 16756 31817
31817 1 31818
31818 2 11001 31819
31819 1 31820
31820 2 26167 31821
31821 2 22711 31822
31822 4 25927 31823 33110 46109
31823 2 13695 31824
31824 1 31825
31825 3 31826 42042 43285
31826 1 31827
31827 3 4536 31828 47715
31828 2 31692 31829
31829 1 31830
31830 4 4662 4773 20661 31831
31831 2 31832 44755
31832 1 31833
31833 1 31834
31834 2 24331 31835
31835 1 31836
31836 2 21268 31837
31837 2 31838 34693
31838 2 25504 31839
31839 3 465 25850 31840
31840 1 31841
31841 3 12393 21095 31842
31842 2 15545 31843
31843 1 31844
31844 3 13938 31845 47590
31845 2 12867 31846
31846 4 12882 17067 31847 33986
31847 1 31848
31848 1 31849
31849 2 16597 31850
31850 3 31851 32084 44565
31851 3 12100 18228 31852
31852 1 31853
31853 2 30746 31854
31854 1 31855
31855 1 31856
31856 2 5145 31857
31857 2 3816 31858
31858 1 31859
31859 1 31860
31860 2 31861 42591
31861 1 31862
31862 1 31863
31863 3 14431 31864 47834
31864 1 31865
31865 2 26348 31866
31866 4 3974 21872 31867 38131
31867 2 31868 32389
31868 3 25140 30950 31869
31869 2 12079 31870
31870 2 31871 33840
31871 3 19739 31872 40685
31872 3 23042 29580 31873
31873 2 31874 34330
31874 2 31875 44256
31875 1 31876
31876 2 31183 31877
31877 3 2441 21965 31878
31878 1 31879
31879 3 3292 14926 31880
31880 3 8630 31881 47404
31881 4 6682 31452 31882 48812
31882 1 31883
31883 2 11057 31884
31884 1 31885
31885 2 6292 31886
31886 2 11669 31887
31887 2 31888 44608
31888 2 21410 31889
31889 4 8119 12511 31890 34933
31890 2 26703 31891
31891 2 31892 32352
31892 1 31893
31893 1 31894
31894 1 31895
31895 3 18745 31896 47689
31896 4 61 11454 16488 31897
31897 1 31898
31898 3 31899 41432 46351
31899 1 31900
31900 1 31901
31901 1 31902
31902 1 31903
31903 1 31904
31904 2 31905 32329
31905 2 17773 31906
31906 2 5966 31907
31907 1 31908
31908 3 11837 22054 31909
31909 2 31910 36657
31910 1 31911
31911 1 31912
31912 3 31913 34162 38402
31913 3 13569 15755 31914
31914 3 13413 31915 44471
31915 1 31916
31916 1 31917
31917 1 31918
31918 1 31919
31919 1 31920
31920 1 31921
31921 2 7760 31922
31922 2 17383 31923
31923 1 31924
31924 2 31925 45267
31925 1 31926
31926 1 31927
31927 2 12865 31928
31928 2 8444 31929
31929 1 31930
31930 3 31063 31931 48007
31931 1 31932
31932 2 22692 31933
31933 2 26947 31934
31934 2 27024 31935
31935 1 31936
31936 3 7699 12497 31937
31937 2 31938 49009
31938 4 12339 24008 25020 31939
31939 2 24709 31940
31940 2 7376 31941
31941 5 2112 14682 22567 31731 31942
31942 2 31943 39793
31943 1 31944
31944 2 31945 34992
31945 2 22996 31946
31946 3 22073 31947 37375
31947 2 3495 31948
31948 1 31949
31949 1 31950
31950 1 31951
31951 4 280 26242 31952 35977
31952 1 31953
31953 3 8470 31954 47727
31954 1 31955
31955 2 23096 31956
31956 4 3593 26097 31957 37382
31957 1 31958
31958 2 5833 31959
31959 2 10144 31960
31960 2 22769 31961
31961 3 13347 31962 46789
31962 1 31963
31963 2 31964 48633
31964 1 31965
31965 1 31966
31966 1 31967
31967 2 690 31968
31968 2 23764 31969
31969 2 31970 45765
31970 1 31971
31971 3 2685 26745 31972
31972 3 23721 31973 42955
31973 1 31974
31974 2 1795 31975
31975 1 31976
31976 3 10663 20206 31977
31977 2 9399 31978
31978 1 31979
31979 1 31980
31980 3 18332 28559 31981
31981 2 11576 31982
31982 1 31983
31983 1 31984
31984 2 31985 46397
31985 3 31644 31986 36615
31986 3 14702 31987 47810
31987 2 31988 32510
31988 1 31989
31989 1 31990
31990 2 15034 31991
31991 2 14067 31992
31992 2 31993 35969
31993 1 31994
31994 2 31995 45664
31995 2 27173 31996
31996 3 10500 17906 31997
31997 1 31998
31998 3 4189 22160 31999
31999 1 32000
32000 4 4555 21590 32001 44165
32001 2 24735 32002
32002 1 32003
32003 1 32004
32004 2 32005 45117
32005 1 32006
32006 3 12628 32007 36320
32007 1 32008
32008 3 2174 32009 44255
32009 1 32010
32010 3 24308 28632 32011
32011 3 17264 32012 40044
32012 2 14036 32013
32013 2 27994 32014
32014 3 3601 32015 43955
32015 1 32016
32016 1 32017
32017 3 31841 32018 41597
32018 1 32019
32019 2 4138 32020
32020 3 18953 19312 32021
32021 3 24597 32022 33649
32022 3 6236 18350 32023
32023 1 32024
32024 1 32025
32025 3 4178 4570 32026
32026 3 18417 32027 32898
32027 3 11186 32028 32469
32028 2 32029 36035
32029 2 25589 32030
32030 1 32031
32031 1 32032
32032 6 4215 8576 10168 28241 32033 49789
32033 1 32034
32034 2 32035 33168
32035 3 9870 26837 32036
32036 3 24850 32037 42638
32037 1 32038
32038 1 32039
32039 1 32040
32040 1 32041
32041 2 19632 32042
32042 3 1960 28634 32043
32043 2 10062 32044
32044 2 32045 43129
32045 1 32046
32046 3 472 30358 32047
32047 2 32048 47688
32048 2 32049 44705
32049 1 32050
32050 1 32051
32051 2 32052 35254
32052 2 32053 45062
32053 1 32054
32054 2 15046 32055
32055 2 28835 32056
32056 2 11229 32057
32057 2 973 32058
32058 1 32059
32059 1 32060
32060 1 32061
32061 2 10953 32062
32062 3 4520 10747 32063
32063 2 28868 32064
32064 3 10298 22679 32065
32065 2 28444 32066
32066 3 162 27780 32067
32067 1 32068
32068 4 23022 26179 32069 41328
32069 1 32070
32070 1 32071
32071 1 32072
32072 2 16184 32073
32073 3 5183 30641 32074
32074 2 16287 32075
32075 2 6439 32076
32076 1 32077
32077 2 32078 35918
32078 1 32079
32079 1 32080
32080 1 32081
32081 1 32082
32082 2 6061 32083
32083 3 15096 21771 32084
32084 2 5143 32085
32085 3 8728 21774 32086
32086 1 32087
32087 1 32088
32088 2 32089 40041
32089 1 32090
32090 2 32091 47957
32091 3 10465 17942 32092
32092 1 32093
32093 1 32094
32094 2 13961 32095
32095 3 8498 32096 45387
32096 3 6750 22381 32097
32097 2 24067 32098
32098 2 4579 32099
32099 2 32100 34227
32100 1 32101
32101 4 340 1515 32102 35210
32102 3 23171 32103 40482
32103 1 32104
32104 3 639 32105 43651
32105 3 32106 44056 45416
32106 1 32107
32107 2 32108 33061
32108 2 2830 32109
32109 1 32110
32110 1 32111
32111 3 278 21469 32112
32112 2 32113 32442
32113 1 32114
32114 3 3841 32115 37593
32115 1 32116
32116 1 32117
32117 1 32118
32118 2 22755 32119
32119 2 32120 42594
32120 2 32112 32121
32121 1 32122
32122 1 32123
32123 2 4875 32124
32124 2 31548 32125
32125 1 32126
32126 1 32127
32127 3 32128 34701 45723
32128 2 32129 45972
32129 2 1583 32130
32130 1 32131
32131 1 32132
32132 2 13205 32133
32133 1 32134
32134 1 32135
32135 1 32136
32136 2 15378 32137
32137 1 32138
32138 3 916 32139 48184
32139 3 1240 32140 38182
32140 1 32141
32141 1 32142
32142 1 32143
32143 2 32144 34706
32144 1 32145
32145 1 32146
32146 2 12750 32147
32147 2 143 32148
32148 3 7564 18790 32149
32149 1 32150
32150 3 5316 31225 32151
32151 1 32152
32152 2 32153 39996
32153 1 32154
32154 3 21788 32155 45647
32155 1 32156
32156 2 32157 48970
32157 5 1102 5810 19882 32158 40810
32158 2 18792 32159
32159 1 32160
32160 2 11595 32161
32161 1 32162
32162 4 2957 32163 33744 34037
32163 1 32164
32164 3 29390 32165 41677
32165 1 32166
32166 2 12670 32167
32167 1 32168
32168 5 5907 15103 20826 28331 32169
32169 2 32170 36877
32170 2 32171 49051
32171 3 2038 20675 32172
32172 2 9251 32173
32173 1 32174
32174 1 32175
32175 1 32176
32176 2 32177 36909
32177 1 32178
32178 1 32179
32179 2 16690 32180
32180 1 32181
32181 3 18293 30475 32182
32182 2 26332 32183
32183 2 27912 32184
32184 4 5464 30501 32185 38698
32185 2 32186 38318
32186 2 32187 42346
32187 4 31327 32188 41170 46285
32188 2 32189 43632
32189 1 32190
32190 1 32191
32191 2 17535 32192
32192 1 32193
32193 7 8345 24611 28013 29564 32194 41504 42255
32194 1 32195
32195 5 16776 32196 41913 42604 48946
32196 2 3451 32197
32197 1 32198
32198 1 32199
32199 2 32200 39183
32200 1 32201
32201 4 10467 32202 46976 48346
32202 3 26279 32203 49525
32203 2 32204 47228
32204 1 32205
32205 2 26399 32206
32206 1 32207
32207 3 10816 27204 32208
32208 3 12243 32209 48681
32209 1 32210
32210 1 32211
32211 2 32212 44017
32212 2 25003 32213
32213 3 29191 32214 32219
32214 1 32215
32215 1 32216
32216 3 29221 32217 33711
32217 1 32218
32218 2 32219 49021
32219 4 17493 22607 32220 49322
32220 2 19747 32221
32221 2 30904 32222
32222 4 9711 11056 32223 37226
32223 1 32224
32224 1 32225
32225 3 27073 32226 46598
32226 2 32227 44659
32227 3 4452 32228 49139
32228 2 29909 32229
32229 3 28646 32230 37144
32230 2 5258 32231
32231 1 32232
32232 2 32233 37000
32233 1 32234
32234 1 32235
32235 2 32236 49438
32236 4 10743 20285 23192 32237
32237 3 24300 30229 32238
32238 1 32239
32239 2 26962 32240
32240 1 32241
32241 2 32242 44957
32242 1 32243
32243 1 32244
32244 1 32245
32245 4 9601 10984 32246 41990
32246 2 32247 32903
32247 2 7375 32248
32248 1 32249
32249 1 32250
32250 2 32251 34712
32251 1 32252
32252 3 3488 12550 32253
32253 1 32254
32254 1 32255
32255 1 32256
32256 2 28491 32257
32257 1 32258
32258 4 11369 12645 19167 32259
32259 3 1035 23690 32260
32260 3 747 14845 32261
32261 2 32262 45969
32262 3 5798 32263 40735
32263 2 17460 32264
32264 2 1764 32265
32265 2 3370 32266
32266 2 28976 32267
32267 1 32268
32268 1 32269
32269 2 28299 32270
32270 3 32271 35252 41763
32271 1 32272
32272 1 32273
32273 1 32274
32274 2 23356 32275
32275 3 29882 32276 36008
32276 3 25147 25732 32277
32277 1 32278
32278 1 32279
32279 3 8798 32280 48203
32280 2 32281 42757
32281 1 32282
32282 2 11433 32283
32283 3 16892 32284 32680
32284 2 14233 32285
32285 1 32286
32286 1 32287
32287 2 32288 49333
32288 2 32289 40194
32289 1 32290
32290 2 32291 47566
32291 3 12392 14954 32292
32292 2 18620 32293
32293 3 5714 11552 32294
32294 2 28120 32295
32295 2 17007 32296
32296 2 32297 39363
32297 2 32298 36495
32298 1 32299
32299 1 32300
32300 3 32301 33165 48543
32301 4 11813 20870 32302 32896
32302 1 32303
32303 2 17818 32304
32304 2 32305 45421
32305 2 16 32306
32306 2 32307 38155
32307 2 31158 32308
32308 3 25116 32309 48485
32309 2 32310 32581
32310 1 32311
32311 2 13715 32312
32312 1 32313
32313 4 21927 22518 32314 48257
32314 2 14392 32315
32315 1 32316
32316 3 13881 30545 32317
32317 3 31338 32318 36144
32318 2 15463 32319
32319 2 32320 37848
32320 5 494 28672 32321 33515 36459
32321 2 29011 32322
32322 1 32323
32323 2 16502 32324
32324 1 32325
32325 3 25476 32326 39350
32326 3 29502 32327 38638
32327 3 28295 32328 33204
32328 3 5724 32067 32329
32329 2 12745 32330
32330 1 32331
32331 3 14870 32332 33709
32332 2 21151 32333
32333 1 32334
32334 1 32335
32335 1 32336
32336 1 32337
32337 3 1108 20964 32338
32338 2 29866 32339
32339 3 8274 16664 32340
32340 3 16587 32341 42981
32341 2 26436 32342
32342 3 7993 18841 32343
32343 4 5676 14528 28692 32344
32344 2 7476 32345
32345 1 32346
32346 2 32347 45900
32347 1 32348
32348 1 32349
32349 1 32350
32350 2 7614 32351
32351 4 6079 32352 36726 40827
32352 1 32353
32353 2 25054 32354
32354 1 32355
32355 3 12130 31814 32356
32356 3 3452 30229 32357
32357 1 32358
32358 3 31567 32359 48312
32359 4 16784 31910 32360 40274
32360 1 32361
32361 2 548 32362
32362 3 2622 22541 32363
32363 2 32364 40007
32364 1 32365
32365 5 3468 32366 40093 48240 49558
32366 2 10680 32367
32367 2 29089 32368
32368 1 32369
32369 4 6286 18176 32370 33259
32370 1 32371
32371 4 19897 32372 41319 41579
32372 1 32373
32373 2 32374 44918
32374 2 32375 45148
32375 1 32376
32376 1 32377
32377 1 32378
32378 2 28592 32379
32379 1 32380
32380 2 3753 32381
32381 1 32382
32382 4 10870 15839 19839 32383
32383 2 22419 32384
32384 3 10118 25901 32385
32385 3 12003 32386 35942
32386 3 14345 32387 40937
32387 2 31152 32388
32388 3 29113 32389 40141
32389 1 32390
32390 1 32391
32391 1 32392
32392 2 32393 46604
32393 2 25281 32394
32394 2 19924 32395
32395 2 29924 32396
32396 3 15459 19152 32397
32397 2 10167 32398
32398 3 8135 18575 32399
32399 2 5961 32400
32400 3 769 32401 33478
32401 2 17917 32402
32402 1 32403
32403 1 32404
32404 3 29595 32405 40872
32405 1 32406
32406 3 13692 20426 32407
32407 2 32408 33898
32408 3 23459 32409 49918
32409 1 32410
32410 2 21989 32411
32411 3 30488 32412 41317
32412 3 1326 32413 45720
32413 4 19714 30941 32414 43024
32414 2 32415 35390
32415 2 9143 32416
32416 2 32417 38544
32417 3 8950 32418 47314
32418 1 32419
32419 2 32420 43947
32420 1 32421
32421 2 32422 39083
32422 3 4451 12549 32423
32423 4 12575 30545 32424 37954
32424 2 32425 34543
32425 1 32426
32426 1 32427
32427 1 32428
32428 4 5354 14532 32429 41945
32429 4 22562 32430 43638 44461
32430 1 32431
32431 2 30529 32432
32432 1 32433
32433 1 32434
32434 2 32435 41679
32435 2 32436 44625
32436 3 26982 32437 39881
32437 2 32438 36222
32438 2 14144 32439
32439 2 26133 32440
32440 1 32441
32441 3 7399 32442 33840
32442 3 20349 26698 32443
32443 2 25695 32444
32444 1 32445
32445 2 14329 32446
32446 1 32447
32447 2 32448 38612
32448 3 10700 26187 32449
32449 2 17718 32450
32450 2 26068 32451
32451 1 32452
32452 2 242 32453
32453 2 223 32454
32454 1 32455
32455 2 32456 37733
32456 2 28410 32457
32457 3 10417 27920 32458
32458 1 32459
32459 1 32460
32460 3 11006 32461 44498
32461 4 19926 24834 32462 37590
32462 5 4889 5764 8863 26351 32463
32463 2 32464 41172
32464 3 27282 27293 32465
32465 2 18795 32466
32466 1 32467
32467 1 32468
32468 1 32469
32469 2 12752 32470
32470 1 32471
32471 4 12238 32010 32472 46285
32472 2 12806 32473
32473 2 6880 32474
32474 1 32475
32475 1 32476
32476 2 5422 32477
32477 2 17095 32478
32478 1 32479
32479 1 32480
32480 1 32481
32481 2 4034 32482
32482 2 5424 32483
32483 3 25837 32484 42448
32484 3 32485 32660 43197
32485 4 12532 14470 32486 38787
32486 1 32487
32487 2 32393 32488
32488 3 10114 32489 42798
32489 1 32490
32490 4 9151 32491 44709 49313
32491 2 32492 33865
32492 3 7617 32493 36281
32493 2 32494 42580
32494 1 32495
32495 2 9698 32496
32496 1 32497
32497 3 23954 24236 32498
32498 2 29780 32499
32499 1 32500
32500 2 27027 32501
32501 1 32502
32502 1 32503
32503 2 32504 32826
32504 3 21522 32505 33580
32505 2 32506 48810
32506 1 32507
32507 1 32508
32508 2 32509 47403
32509 2 31458 32510
32510 1 32511
32511 4 12936 20447 29901 32512
32512 1 32513
32513 2 17082 32514
32514 1 32515
32515 1 32516
32516 1 32517
32517 4 9361 10031 32518 46657
32518 3 32519 33046 41355
32519 3 2526 27884 32520
32520 2 32521 48514
32521 2 25427 32522
32522 2 26076 32523
32523 3 422 12780 32524
32524 2 32525 46717
32525 2 32526 45585
32526 2 23925 32527
32527 1 32528
32528 2 6608 32529
32529 1 32530
32530 3 7594 31340 32531
32531 2 28478 32532
32532 5 3343 7198 30598 32533 47175
32533 3 32534 42858 47793
32534 3 32535 34281 45637
32535 1 32536
32536 2 21919 32537
32537 2 14550 32538
32538 3 12108 32539 44590
32539 1 32540
32540 1 32541
32541 1 32542
32542 1 32543
32543 1 32544
32544 2 16021 32545
32545 3 14385 32546 44670
32546 3 12188 32547 49753
32547 4 9544 10712 30641 32548
32548 2 31392 32549
32549 2 3588 32550
32550 2 32551 44511
32551 2 8244 32552
32552 1 32553
32553 1 32554
32554 2 32555 40350
32555 1 32556
32556 1 32557
32557 2 32558 40625
32558 5 22189 31400 32559 32576 39899
32559 5 5221 6148 20602 28993 32560
32560 3 14282 23222 32561
32561 1 32562
32562 1 32563
32563 4 51 24950 32564 45188
32564 1 32565
32565 2 15829 32566
32566 1 32567
32567 2 32568 38319
32568 2 11565 32569
32569 3 32570 39823 43699
32570 3 20585 32571 36267
32571 3 12856 32572 46874
32572 3 25546 32573 43987
32573 1 32574
32574 1 32575
32575 4 12575 14523 24578 32576
32576 2 24515 32577
32577 1 32578
32578 1 32579
32579 2 32580 33623
32580 1 32581
32581 3 11288 13748 32582
32582 2 1688 32583
32583 2 16528 32584
32584 2 32585 38844
32585 2 32586 38527
32586 1 32587
32587 3 3589 32588 38578
32588 1 32589
32589 3 20131 32590 42273
32590 2 25039 32591
32591 4 7952 32592 37346 44617
32592 3 32593 39856 44724
32593 4 11076 26510 32594 49375
32594 2 32595 42886
32595 1 32596
32596 2 17245 32597
32597 2 32598 43312
32598 2 6448 32599
32599 1 32600
32600 1 32601
32601 1 32602
32602 2 32603 45801
32603 2 8736 32604
32604 1 32605
32605 1 32606
32606 2 23763 32607
32607 5 10188 27644 32608 37792 42249
32608 1 32609
32609 2 12441 32610
32610 1 32611
32611 2 32612 45369
32612 2 32613 48003
32613 3 30280 32614 43434
32614 3 22923 32615 41005
32615 2 9139 32616
32616 3 32617 37955 42278
32617 4 9158 26045 26479 32618
32618 2 24389 32619
32619 2 30282 32620
32620 3 10015 15878 32621
32621 3 2322 9491 32622
32622 3 22731 24666 32623
32623 2 32127 32624
32624 2 6165 32625
32625 2 32626 41761
32626 3 32627 36949 43235
32627 1 32628
32628 5 20526 27689 32629 39636 48083
32629 1 32630
32630 2 25201 32631
32631 1 32632
32632 1 32633
32633 1 32634
32634 1 32635
32635 4 11628 15829 32636 34379
32636 4 2792 32637 37512 42665
32637 3 22662 32638 44394
32638 1 32639
32639 1 32640
32640 3 23358 27543 32641
32641 2 32642 35466
32642 1 32643
32643 1 32644
32644 1 32645
32645 1 32646
32646 4 7749 32647 41000 45449
32647 3 811 16048 32648
32648 2 1281 32649
32649 3 4350 23630 32650
32650 2 17426 32651
32651 3 20480 28794 32652
32652 2 32653 47454
32653 3 23235 32654 36337
32654 2 32655 37204
32655 1 32656
32656 1 32657
32657 2 27346 32658
32658 1 32659
32659 3 10068 16496 32660
32660 1 32661
32661 1 32662
32662 1 32663
32663 1 32664
32664 2 13879 32665
32665 2 32666 37842
32666 4 7735 21977 32667 49682
32667 2 23345 32668
32668 4 322 11734 15345 32669
32669 2 32670 44658
32670 2 6547 32671
32671 1 32672
32672 2 32673 33978
32673 2 32674 32981
32674 1 32675
32675 3 30898 32676 47730
32676 2 32677 49169
32677 3 6086 22182 32678
32678 3 32618 32679 44431
32679 2 32680 44523
32680 1 32681
32681 1 32682
32682 2 27533 32683
32683 1 32684
32684 2 29130 32685
32685 1 32686
32686 3 4731 15616 32687
32687 1 32688
32688 1 32689
32689 1 32690
32690 2 32691 44784
32691 2 21478 32692
32692 1 32693
32693 1 32694
32694 1 32695
32695 3 10257 29349 32696
32696 1 32697
32697 2 32698 39771
32698 3 2799 32699 41249
32699 1 32700
32700 2 12741 32701
32701 2 27536 32702
32702 2 7359 32703
32703 2 25897 32704
32704 2 28458 32705
32705 1 32706
32706 1 32707
32707 1 32708
32708 3 22852 32709 43853
32709 1 32710
32710 1 32711
32711 4 2461 32712 40153 49362
32712 1 32713
32713 2 23511 32714
32714 4 4618 12745 32715 44933
32715 2 31833 32716
32716 1 32717
32717 2 32718 45758
32718 2 22756 32719
32719 1 32720
32720 1 32721
32721 1 32722
32722 2 25598 32723
32723 1 32724
32724 2 16829 32725
32725 3 11706 30888 32726
32726 1 32727
32727 1 32728
32728 4 32729 34957 37444 40145
32729 1 32730
32730 3 16176 32731 42692
32731 2 24727 32732
32732 3 4303 14717 32733
32733 2 29839 32734
32734 1 32735
32735 2 28312 32736
32736 1 32737
32737 1 32738
32738 2 9384 32739
32739 1 32740
32740 2 7189 32741
32741 3 32742 35582 36528
32742 3 8716 32743 38568
32743 2 1747 32744
32744 3 32745 33743 36309
32745 1 32746
32746 2 22464 32747
32747 1 32748
32748 1 32749
32749 2 32750 35739
32750 2 32751 42546
32751 1 32752
32752 2 20839 32753
32753 3 20248 32754 35628
32754 2 32755 39854
32755 1 32756
32756 2 29198 32757
32757 2 7298 32758
32758 1 32759
32759 1 32760
32760 1 32761
32761 2 7355 32762
32762 2 3539 32763
32763 2 21193 32764
32764 1 32765
32765 1 32766
32766 3 14626 32767 38695
32767 2 32768 36734
32768 2 17515 32769
32769 2 15934 32770
32770 1 32771
32771 3 1433 30551 32772
32772 1 32773
32773 3 15105 17645 32774
32774 1 32775
32775 1 32776
32776 3 30224 32777 47163
32777 1 32778
32778 2 6731 32779
32779 2 9683 32780
32780 3 3478 7861 32781
32781 1 32782
32782 3 3638 7721 32783
32783 2 10252 32784
32784 2 32785 43296
32785 2 32786 45509
32786 1 32787
32787 3 18058 32788 44980
32788 2 11249 32789
32789 2 16083 32790
32790 3 3883 32791 48676
32791 1 32792
32792 2 32793 41461
32793 2 8085 32794
32794 2 24545 32795
32795 2 21754 32796
32796 2 10917 32797
32797 3 32798 46610 47283
32798 4 11756 18945 31202 32799
32799 2 32800 36265
32800 1 32801
32801 4 14186 29422 32802 49472
32802 4 12558 25333 32794 32803
32803 1 32804
32804 2 32805 46768
32805 1 32806
32806 1 32807
32807 2 11235 32808
32808 2 32809 45951
32809 1 32810
32810 1 32811
32811 3 17580 32812 34869
32812 2 7471 32813
32813 1 32814
32814 2 32672 32815
32815 2 32816 37123
32816 1 32817
32817 3 12622 24740 32818
32818 2 2992 32819
32819 2 32820 49572
32820 3 20191 30305 32821
32821 3 7158 25301 32822
32822 4 13596 29767 32396 32823
32823 2 22175 32824
32824 2 32825 45028
32825 2 24043 32826
32826 3 5312 19715 32827
32827 1 32828
32828 2 32829 34983
32829 2 7404 32830
32830 2 4196 32831
32831 3 14332 30019 32832
32832 2 12274 32833
32833 2 943 32834
32834 3 1336 27751 32835
32835 3 2756 26144 32836
32836 1 32837
32837 1 32838
32838 1 32839
32839 3 2073 28025 32840
32840 2 11322 32841
32841 1 32842
32842 2 32843 34227
32843 1 32844
32844 1 32845
32845 1 32846
32846 5 8786 13029 22820 32847 36363
32847 1 32848
32848 1 32849
32849 1 32850
32850 3 13633 26390 32851
32851 1 32852
32852 2 19692 32853
32853 3 14883 32854 33619
32854 5 7940 32855 42707 47803 48807
32855 4 8079 25654 32856 39753
32856 2 8508 32857
32857 1 32858
32858 3 12667 32859 45615
32859 1 32860
32860 4 4118 31663 32861 39130
32861 2 6848 32862
32862 1 32863
32863 1 32864
32864 3 3044 3501 32865
32865 4 9416 13066 16043 32866
32866 2 119 32867
32867 3 20782 31181 32868
32868 2 6170 32869
32869 1 32870
32870 2 32871 39268
32871 2 27934 32872
32872 7 17801 18603 28424 29494 32873 37093 42120
32873 1 32874
32874 4 4260 32875 33925 44951
32875 1 32876
32876 2 1306 32877
32877 2 32878 46860
32878 1 32879
32879 2 26612 32880
32880 1 32881
32881 1 32882
32882 3 21368 32883 49986
32883 1 32884
32884 4 1301 6620 32885 41557
32885 2 7706 32886
32886 1 32887
32887 1 32888
32888 1 32889
32889 2 20321 32890
32890 4 18744 21939 32891 49169
32891 2 17453 32892
32892 2 3672 32893
32893 3 13411 24977 32894
32894 2 32895 46113
32895 2 32896 49616
32896 5 903 6688 32897 33322 43898
32897 2 32898 49899
32898 1 32899
32899 3 2524 32900 44401
32900 1 32901
32901 1 32902
32902 2 26160 32903
32903 3 19241 20072 32904
32904 1 32905
32905 1 32906
32906 1 32907
32907 2 12491 32908
32908 2 21177 32909
32909 1 32910
32910 1 32911
32911 3 32912 40999 47097
32912 1 32913
32913 4 6604 32914 39036 44887
32914 2 32915 38158
32915 1 32916
32916 2 22761 32917
32917 1 32918
32918 2 14021 32919
32919 1 32920
32920 2 30719 32921
32921 4 12205 29379 32922 34101
32922 2 15850 32923
32923 1 32924
32924 2 32925 44886
32925 3 28798 30718 32926
32926 1 32927
32927 3 32928 34452 37927
32928 1 32929
32929 2 19045 32930
32930 3 14641 23623 32931
32931 2 32932 36648
32932 1 32933
32933 1 32934
32934 1 32935
32935 1 32936
32936 4 1073 32937 33022 34559
32937 3 32938 44880 45753
32938 1 32939
32939 1 32940
32940 1 32941
32941 2 32942 38280
32942 1 32943
32943 1 32944
32944 3 5936 29133 32945
32945 3 23310 32946 37024
32946 3 8832 17160 32947
32947 3 15121 32948 33682
32948 2 32949 49059
32949 4 28245 32950 40158 44319
32950 3 16199 32951 43989
32951 1 32952
32952 3 32953 42698 45687
32953 2 971 32954
32954 5 16086 20782 28807 32955 49276
32955 4 12594 18257 20764 32956
32956 2 32957 44586
32957 1 32958
32958 3 11873 28473 32959
32959 2 6332 32960
32960 1 32961
32961 1 32962
32962 3 30118 32963 33045
32963 1 32964
32964 2 16863 32965
32965 3 19201 25185 32966
32966 2 17186 32967
32967 1 32968
32968 2 2823 32969
32969 2 4520 32970
32970 1 32971
32971 2 32972 46041
32972 2 26259 32973
32973 1 32974
32974 3 916 18737 32975
32975 1 32976
32976 1 32977
32977 2 12954 32978
32978 2 32979 44528
32979 1 32980
32980 2 32981 49853
32981 2 8431 32982
32982 3 20367 22558 32983
32983 2 10656 32984
32984 1 32985
32985 2 24949 32986
32986 1 32987
32987 3 32988 33197 41396
32988 2 3857 32989
32989 3 31483 32990 49037
32990 3 32991 41835 44227
32991 2 1110 32992
32992 2 22834 32993
32993 3 4356 32994 35343
32994 3 8402 30434 32995
32995 2 32996 45567
32996 3 21357 32997 44182
32997 3 7832 9991 32998
32998 1 32999
32999 3 33000 43144 46821
33000 2 33001 34648
33001 4 951 17837 25709 33002
33002 2 14895 33003
33003 1 33004
33004 1 33005
33005 2 10762 33006
33006 2 21240 33007
33007 2 322 33008
33008 4 11707 20057 33009 46339
33009 2 33010 36010
33010 1 33011
33011 2 33012 38686
33012 3 20590 33013 41664
33013 2 11490 33014
33014 1 33015
33015 3 33016 44870 49616
33016 3 1255 29216 33017
33017 2 12032 33018
33018 2 33019 35829
33019 3 11154 33020 38144
33020 2 25379 33021
33021 1 33022
33022 3 885 12139 33023
33023 1 33024
33024 2 2643 33025
33025 2 33026 49838
33026 2 32195 33027
33027 1 33028
33028 1 33029
33029 1 33030
33030 2 33031 44841
33031 2 33032 46057
33032 3 19330 33033 38792
33033 2 27982 33034
33034 1 33035
33035 2 11311 33036
33036 4 251 3033 28017 33037
33037 1 33038
33038 1 33039
33039 1 33040
33040 1 33041
33041 3 5110 33042 48539
33042 1 33043
33043 1 33044
33044 1 33045
33045 1 33046
33046 3 15627 28539 33047
33047 2 33048 42185
33048 1 33049
33049 2 20540 33050
33050 2 24683 33051
33051 1 33052
33052 3 31139 33053 33120
33053 2 33054 40983
33054 2 33055 44777
33055 1 33056
33056 3 27193 33057 48926
33057 1 33058
33058 4 1053 1286 22932 33059
33059 1 33060
33060 2 33061 46371
33061 1 33062
33062 2 33063 38730
33063 1 33064
33064 1 33065
33065 3 16578 33066 44729
33066 5 33067 33589 33616 46225 46890
33067 4 10384 10507 31666 33068
33068 4 10599 17413 21094 33069
33069 2 33070 47037
33070 2 22427 33071
33071 2 33072 40864
33072 1 33073
33073 1 33074
33074 1 33075
33075 2 31865 33076
33076 3 2201 33077 34355
33077 1 33078
33078 2 33079 43575
33079 3 26535 33080 38339
33080 2 15937 33081
33081 3 111 17498 33082
33082 2 33083 44348
33083 2 33084 43054
33084 2 33085 39182
33085 1 33086
33086 3 2118 33087 48871
33087 1 33088
33088 2 31775 33089
33089 2 33090 34293
33090 3 33091 41954 48003
33091 2 33092 33266
33092 2 22978 33093
33093 3 33094 34669 37367
33094 3 33095 47128 48219
33095 3 5766 28076 33096
33096 1 33097
33097 2 16482 33098
33098 2 33099 45952
33099 2 5731 33100
33100 1 33101
33101 4 18977 26041 27696 33102
33102 1 33103
33103 1 33104
33104 2 14661 33105
33105 1 33106
33106 3 24692 33107 39074
33107 1 33108
33108 2 25845 33109
33109 1 33110
33110 2 14657 33111
33111 4 6458 26335 33112 47923
33112 1 33113
33113 3 8707 13211 33114
33114 2 33115 35975
33115 4 486 8691 33116 40615
33116 2 787 33117
33117 2 21869 33118
33118 2 32667 33119
33119 2 11804 33120
33120 2 30332 33121
33121 2 4212 33122
33122 3 15192 32012 33123
33123 1 33124
33124 2 15434 33125
33125 2 13327 33126
33126 1 33127
33127 1 33128
33128 1 33129
33129 1 33130
33130 2 31064 33131
33131 2 16376 33132
33132 2 12917 33133
33133 1 33134
33134 2 33135 35552
33135 1 33136
33136 2 8118 33137
33137 4 33138 35122 43213 49482
33138 1 33139
33139 2 17733 33140
33140 1 33141
33141 1 33142
33142 2 27294 33143
33143 1 33144
33144 2 25675 33145
33145 1 33146
33146 1 33147
33147 3 15600 33148 46117
33148 5 33149 37590 43243 43422 45420
33149 1 33150
33150 1 33151
33151 5 7828 33152 36016 36660 39933
33152 2 1868 33153
33153 2 18105 33154
33154 2 33155 34275
33155 2 30554 33156
33156 3 4247 6265 33157
33157 2 19808 33158
33158 1 33159
33159 1 33160
33160 1 33161
33161 2 3959 33162
33162 3 5529 7641 33163
33163 1 33164
33164 1 33165
33165 3 22189 25375 33166
33166 2 10618 33167
33167 1 33168
33168 1 33169
33169 2 18787 33170
33170 2 19933 33171
33171 1 33172
33172 3 32349 33173 46135
33173 3 33174 41945 48395
33174 2 33175 34256
33175 1 33176
33176 1 33177
33177 1 33178
33178 1 33179
33179 2 33180 34511
33180 1 33181
33181 2 33182 44298
33182 1 33183
33183 2 33184 44452
33184 4 33185 36850 40351 45456
33185 1 33186
33186 3 33187 35368 39457
33187 2 26111 33188
33188 3 29863 33189 45644
33189 1 33190
33190 1 33191
33191 2 27745 33192
33192 4 8373 18264 33193 34918
33193 3 33194 45483 46405
33194 1 33195
33195 4 27064 33196 41627 49441
33196 2 33197 44849
33197 1 33198
33198 2 33199 37136
33199 1 33200
33200 1 33201
33201 2 33202 43058
33202 2 33203 36823
33203 2 33204 43961
33204 2 12201 33205
33205 3 11304 33206 44884
33206 3 9393 22919 33207
33207 2 31218 33208
33208 1 33209
33209 1 33210
33210 1 33211
33211 3 19835 28396 33212
33212 3 10584 33213 48286
33213 2 33214 49297
33214 2 20934 33215
33215 1 33216
33216 1 33217
33217 3 9702 33218 35414
33218 2 12999 33219
33219 2 33220 49201
33220 2 5021 33221
33221 4 14682 16259 17068 33222
33222 1 33223
33223 1 33224
33224 2 33225 45753
33225 1 33226
33226 3 24050 33227 46483
33227 1 33228
33228 3 7777 14237 33229
33229 2 8776 33230
33230 3 28271 30467 33231
33231 1 33232
33232 1 33233
33233 2 33234 42247
33234 1 33235
33235 1 33236
33236 1 33237
33237 5 33074 33238 35527 42299 43778
33238 1 33239
33239 3 11526 25978 33240
33240 2 600 33241
33241 2 26406 33242
33242 4 6099 17861 33243 46939
33243 2 33244 47369
33244 3 997 33245 39470
33245 1 33246
33246 3 22024 33247 46947
33247 1 33248
33248 2 8114 33249
33249 1 33250
33250 2 32234 33251
33251 2 6210 33252
33252 2 18178 33253
33253 1 33254
33254 3 19887 33255 43717
33255 3 5751 26468 33256
33256 1 33257
33257 2 7956 33258
33258 3 22255 31725 33259
33259 1 33260
33260 1 33261
33261 1 33262
33262 3 4301 33263 48121
33263 2 3137 33264
33264 2 18214 33265
33265 2 23039 33266
33266 3 18498 33267 41938
33267 2 17473 33268
33268 3 7329 19904 33269
33269 3 14432 30044 33270
33270 3 10075 22762 33271
33271 2 33272 37042
33272 2 29024 33273
33273 2 33274 42278
33274 2 10975 33275
33275 3 5966 7586 33276
33276 1 33277
33277 2 19050 33278
33278 1 33279
33279 4 8069 14115 27583 33280
33280 2 27847 33281
33281 3 5585 33282 46480
33282 1 33283
33283 1 33284
33284 1 33285
33285 3 7786 23661 33286
33286 1 33287
33287 2 26985 33288
33288 2 33289 48096
33289 2 27888 33290
33290 1 33291
33291 3 18542 20266 33292
33292 1 33293
33293 6 14092 15081 15268 33294 48851 49453
33294 2 33295 42409
33295 1 33296
33296 1 33297
33297 2 33298 34707
33298 1 33299
33299 1 33300
33300 2 1789 33301
33301 3 31678 33302 46435
33302 2 33303 36188
33303 3 5454 33077 33304
33304 5 7991 12936 21139 30638 33305
33305 2 7796 33306
33306 3 17037 24358 33307
33307 2 19561 33308
33308 5 10702 17435 26388 32884 33309
33309 2 1642 33310
33310 2 33311 38835
33311 2 33312 43063
33312 2 23320 33313
33313 3 19845 21510 33314
33314 1 33315
33315 1 33316
33316 1 33317
33317 2 33318 44874
33318 3 2898 22701 33319
33319 1 33320
33320 4 18677 33321 37280 41485
33321 3 33322 46645 47007
33322 4 23176 25514 33323 44842
33323 1 33324
33324 1 33325
33325 2 21384 33326
33326 5 7924 18534 27728 33327 48961
33327 2 33328 48293
33328 1 33329
33329 3 7369 13688 33330
33330 1 33331
33331 2 9101 33332
33332 3 17564 18632 33333
33333 2 33334 41300
33334 2 4658 33335
33335 3 5767 8308 33336
33336 2 33337 46514
33337 1 33338
33338 1 33339
33339 2 15039 33340
33340 2 33341 42495
33341 4 362 2457 9100 33342
33342 2 31949 33343
33343 1 33344
33344 1 33345
33345 1 33346
33346 1 33347
33347 2 3090 33348
33348 2 10817 33349
33349 2 33350 34108
33350 1 33351
33351 2 8152 33352
33352 2 14388 33353
33353 3 23460 25262 33354
33354 1 33355
33355 3 8702 33356 38197
33356 3 21076 21177 33357
33357 2 33358 43120
33358 1 33359
33359 2 33360 33676
33360 1 33361
33361 1 33362
33362 1 33363
33363 2 32021 33364
33364 2 13884 33365
33365 2 9898 33366
33366 4 3132 27927 33367 38082
33367 1 33368
33368 2 16722 33369
33369 4 11903 26375 30611 33370
33370 1 33371
33371 1 33372
33372 1 33373
33373 1 33374
33374 1 33375
33375 2 33376 47093
33376 1 33377
33377 2 32787 33378
33378 2 7953 33379
33379 1 33380
33380 1 33381
33381 2 27494 33382
33382 1 33383
33383 3 7177 33384 36403
33384 1 33385
33385 2 27209 33386
33386 1 33387
33387 2 20371 33388
33388 1 33389
33389 1 33390
33390 2 5694 33391
33391 3 4897 33392 36104
33392 2 33393 39497
33393 4 10706 17032 33394 40758
33394 2 6538 33395
33395 3 8416 32032 33396
33396 3 7325 33397 45192
33397 3 17423 26229 33398
33398 1 33399
33399 2 33400 33966
33400 3 33401 34026 35382
33401 2 33402 40018
33402 2 27066 33403
33403 2 22146 33404
33404 2 7965 33405
33405 1 33406
33406 2 33407 40122
33407 2 33408 38097
33408 2 33409 34578
33409 2 3771 33410
33410 1 33411
33411 2 18330 33412
33412 1 33413
33413 4 17154 25552 33414 41795
33414 2 4321 33415
33415 1 33416
33416 1 33417
33417 1 33418
33418 1 33419
33419 1 33420
33420 3 14613 27704 33421
33421 3 18444 33422 44781
33422 1 33423
33423 2 33424 47039
33424 2 19144 33425
33425 4 4707 9531 33426 40199
33426 2 28505 33427
33427 1 33428
33428 3 2668 21608 33429
33429 3 33430 49444 49982
33430 1 33431
33431 3 22865 26196 33432
33432 1 33433
33433 2 9311 33434
33434 2 13087 33435
33435 1 33436
33436 2 33437 43703
33437 2 32672 33438
33438 2 19016 33439
33439 2 23166 33440
33440 3 33441 40327 47276
33441 3 22648 33442 40692
33442 3 19488 21671 33443
33443 4 1386 2884 23344 33444
33444 1 33445
33445 1 33446
33446 1 33447
33447 2 22864 33448
33448 1 33449
33449 3 25385 33450 45197
33450 3 2214 6494 33451
33451 3 2337 33452 43422
33452 2 33453 41028
33453 1 33454
33454 3 33455 34327 39595
33455 1 33456
33456 1 33457
33457 2 12818 33458
33458 1 33459
33459 1 33460
33460 1 33461
33461 3 4134 33462 43401
33462 2 14556 33463
33463 2 5159 33464
33464 2 28491 33465
33465 2 16097 33466
33466 2 33467 35906
33467 2 27954 33468
33468 1 33469
33469 3 21581 26091 33470
33470 2 26328 33471
33471 1 33472
33472 4 8468 31096 33473 42493
33473 2 31903 33474
33474 1 33475
33475 2 33476 40641
33476 2 14808 33477
33477 2 244 33478
33478 4 6906 25061 33479 48622
33479 2 33480 33845
33480 2 19093 33481
33481 2 20064 33482
33482 2 33483 37117
33483 1 33484
33484 2 33485 44962
33485 3 33486 35337 49528
33486 3 14166 21089 33487
33487 1 33488
33488 1 33489
33489 1 33490
33490 1 33491
33491 3 30017 33492 43520
33492 1 33493
33493 3 20378 33494 35687
33494 1 33495
33495 4 11565 33496 34274 35137
33496 2 11166 33497
33497 5 61 21687 33498 35085 49881
33498 1 33499
33499 1 33500
33500 1 33501
33501 3 12838 33502 33851
33502 4 33503 39887 41021 43728
33503 3 12563 29244 33504
33504 3 25421 33505 44712
33505 3 8671 15564 33506
33506 1 33507
33507 3 1731 8249 33508
33508 1 33509
33509 1 33510
33510 3 33511 45825 47782
33511 2 7557 33512
33512 1 33513
33513 3 16330 25770 33514
33514 4 27602 30740 33515 42492
33515 2 33516 49872
33516 2 33517 47586
33517 2 10513 33518
33518 1 33519
33519 1 33520
33520 1 33521
33521 2 33522 34166
33522 1 33523
33523 1 33524
33524 3 21313 33525 34390
33525 1 33526
33526 2 2305 33527
33527 3 18404 31556 33528
33528 2 2410 33529
33529 2 33530 47278
33530 2 17249 33531
33531 1 33532
33532 4 4174 33533 35487 38878
33533 1 33534
33534 1 33535
33535 2 31588 33536
33536 1 33537
33537 1 33538
33538 1 33539
33539 1 33540
33540 2 27833 33541
33541 3 5098 17101 33542
33542 2 33543 35698
33543 1 33544
33544 2 33545 37489
33545 2 4645 33546
33546 1 33547
33547 1 33548
33548 2 17023 33549
33549 2 22198 33550
33550 1 33551
33551 1 33552
33552 3 30125 33553 38914
33553 1 33554
33554 2 33555 37729
33555 4 8807 33556 33649 41006
33556 1 33557
33557 2 13628 33558
33558 1 33559
33559 1 33560
33560 1 33561
33561 2 33562 40926
33562 1 33563
33563 1 33564
33564 1 33565
33565 3 33566 47344 47718
33566 1 33567
33567 1 33568
33568 3 33569 36005 39725
33569 2 33570 36758
33570 2 7416 33571
33571 1 33572
33572 2 6600 33573
33573 1 33574
33574 4 3346 5363 33575 46345
33575 3 31380 33576 44774
33576 3 28818 33577 41847
33577 2 33578 36684
33578 1 33579
33579 4 22897 26709 33580 35815
33580 2 33581 45085
33581 2 8880 33582
33582 2 29 33583
33583 1 33584
33584 4 7449 22661 28906 33585
33585 2 33586 42621
33586 2 30760 33587
33587 1 33588
33588 1 33589
33589 2 7893 33590
33590 4 14899 27050 33591 39744
33591 1 33592
33592 4 23563 25255 28228 33593
33593 2 8219 33594
33594 2 33595 48965
33595 1 33596
33596 2 18204 33597
33597 1 33598
33598 2 33599 43467
33599 1 33600
33600 2 8181 33601
33601 1 33602
33602 1 33603
33603 1 33604
33604 3 579 28516 33605
33605 2 33606 37709
33606 1 33607
33607 2 33608 36578
33608 1 33609
33609 1 33610
33610 3 18170 33611 40745
33611 2 7135 33612
33612 1 33613
33613 1 33614
33614 2 33615 47367
33615 1 33616
33616 1 33617
33617 2 27475 33618
33618 2 33619 39163
33619 2 13294 33620
33620 2 9275 33621
33621 4 31611 33622 42436 44567
33622 1 33623
33623 2 33624 34582
33624 1 33625
33625 1 33626
33626 3 13003 15409 33627
33627 1 33628
33628 1 33629
33629 2 11809 33630
33630 2 33631 40118
33631 3 5144 33632 43099
33632 2 7071 33633
33633 2 12007 33634
33634 1 33635
33635 1 33636
33636 2 1566 33637
33637 4 14737 17081 33638 44159
33638 2 15096 33639
33639 2 33161 33640
33640 1 33641
33641 1 33642
33642 2 13471 33643
33643 3 18491 33644 42819
33644 1 33645
33645 2 27258 33646
33646 1 33647
33647 4 27773 33648 36375 49674
33648 1 33649
33649 1 33650
33650 2 20770 33651
33651 3 14773 33652 48080
33652 1 33653
33653 2 23066 33654
33654 4 24989 32100 33655 35595
33655 5 8649 17722 32451 33656 43462
33656 1 33657
33657 3 18294 33658 47359
33658 2 5485 33659
33659 1 33660
33660 2 33661 46803
33661 2 3487 33662
33662 2 28346 33663
33663 3 5927 33664 41224
33664 1 33665
33665 1 33666
33666 2 18976 33667
33667 2 24394 33668
33668 1 33669
33669 3 33670 41057 49063
33670 1 33671
33671 2 21042 33672
33672 2 33673 46017
33673 3 33674 40898 46364
33674 1 33675
33675 1 33676
33676 1 33677
33677 2 33678 41635
33678 2 2286 33679
33679 3 2862 13368 33680
33680 4 33681 37189 44047 45099
33681 1 33682
33682 1 33683
33683 1 33684
33684 2 33685 37840
33685 1 33686
33686 1 33687
33687 2 30494 33688
33688 2 14643 33689
33689 2 2953 33690
33690 1 33691
33691 3 33692 36176 36706
33692 2 24327 33693
33693 2 28283 33694
33694 3 33695 34339 48138
33695 4 800 3978 6148 33696
33696 3 14571 33697 41000
33697 1 33698
33698 3 1551 15103 33699
33699 2 23037 33700
33700 2 13904 33701
33701 2 33702 45484
33702 2 33703 47580
33703 3 11114 20119 33704
33704 3 5844 33705 45017
33705 1 33706
33706 1 33707
33707 2 33708 36566
33708 4 24225 24937 33709 41456
33709 3 2788 27953 33710
33710 1 33711
33711 1 33712
33712 4 8357 18963 28206 33713
33713 1 33714
33714 3 33715 34133 34691
33715 2 33344 33716
33716 2 33717 48881
33717 3 33718 37316 44209
33718 1 33719
33719 1 33720
33720 1 33721
33721 2 12144 33722
33722 2 13937 33723
33723 2 23173 33724
33724 1 33725
33725 3 9169 31580 33726
33726 3 5694 33727 40743
33727 1 33728
33728 1 33729
33729 3 13260 33730 38797
33730 2 27402 33731
33731 2 5489 33732
33732 1 33733
33733 4 3031 11990 20853 33734
33734 2 33735 42454
33735 3 26166 29523 33736
33736 3 15338 18164 33737
33737 3 33738 34927 46828
33738 2 16036 33739
33739 1 33740
33740 1 33741
33741 1 33742
33742 3 10762 22448 33743
33743 1 33744
33744 2 33745 39496
33745 2 2569 33746
33746 3 12384 17630 33747
33747 2 33748 48966
33748 1 33749
33749 2 19773 33750
33750 1 33751
33751 3 33752 36278 38246
33752 2 29724 33753
33753 3 20304 33754 37124
33754 3 1105 33755 38598
33755 3 4753 17814 33756
33756 3 33757 35704 40655
33757 1 33758
33758 1 33759
33759 2 1203 33760
33760 2 33761 38417
33761 2 30759 33762
33762 1 33763
33763 2 9798 33764
33764 2 32618 33765
33765 1 33766
33766 2 7482 33767
33767 2 29065 33768
33768 2 33769 49965
33769 2 14921 33770
33770 3 33771 39686 44993
33771 3 26541 33772 37578
33772 2 33009 33773
33773 2 6838 33774
33774 1 33775
33775 2 33776 37944
33776 2 6842 33777
33777 1 33778
33778 2 3262 33779
33779 2 471 33780
33780 2 1862 33781
33781 1 33782
33782 2 29229 33783
33783 1 33784
33784 3 18681 23619 33785
33785 1 33786
33786 3 18477 27276 33787
33787 2 24167 33788
33788 3 22376 33789 38973
33789 1 33790
33790 1 33791
33791 2 17957 33792
33792 1 33793
33793 3 33794 35187 46405
33794 3 12038 24543 33795
33795 1 33796
33796 2 13857 33797
33797 2 28831 33798
33798 1 33799
33799 2 2910 33800
33800 2 12968 33801
33801 2 26137 33802
33802 2 23182 33803
33803 3 922 33804 37243
33804 2 25608 33805
33805 2 29579 33806
33806 3 33807 43594 47313
33807 3 796 33808 38502
33808 1 33809
33809 3 11326 22532 33810
33810 1 33811
33811 1 33812
33812 2 7298 33813
33813 2 33814 41241
33814 1 33815
33815 1 33816
33816 1 33817
33817 4 3748 23466 33818 37062
33818 2 33819 41446
33819 3 230 12894 33820
33820 1 33821
33821 2 33822 47332
33822 1 33823
33823 3 21454 31013 33824
33824 2 33825 33970
33825 3 16406 24417 33826
33826 2 26628 33827
33827 1 33828
33828 2 21314 33829
33829 1 33830
33830 1 33831
33831 1 33832
33832 1 33833
33833 2 33834 44111
33834 1 33835
33835 2 14868 33836
33836 2 20587 33837
33837 3 3696 4073 33838
33838 3 6065 11958 33839
33839 2 13519 33840
33840 3 5667 33841 46803
33841 4 9532 33842 42269 43454
33842 1 33843
33843 3 9015 29172 33844
33844 1 33845
33845 1 33846
33846 1 33847
33847 1 33848
33848 1 33849
33849 4 9112 15761 28103 33850
33850 1 33851
33851 1 33852
33852 2 33853 42178
33853 3 30546 33854 37582
33854 3 8828 33855 40110
33855 2 33856 48415
33856 4 16118 33857 46953 49899
33857 2 21768 33858
33858 1 33859
33859 3 17335 29047 33860
33860 1 33861
33861 2 8235 33862
33862 3 4545 6646 33863
33863 3 21215 31045 33864
33864 2 26491 33865
33865 3 9070 33866 45351
33866 2 5668 33867
33867 3 8162 9455 33868
33868 1 33869
33869 2 33870 38650
33870 1 33871
33871 1 33872
33872 2 19166 33873
33873 2 6512 33874
33874 2 9707 33875
33875 1 33876
33876 3 11076 30864 33877
33877 1 33878
33878 3 12114 33879 34399
33879 3 10580 33426 33880
33880 1 33881
33881 5 10601 31648 33882 36859 48885
33882 1 33883
33883 2 25065 33884
33884 2 2583 33885
33885 2 29270 33886
33886 2 26038 33887
33887 2 33888 39077
33888 2 14455 33889
33889 1 33890
33890 1 33891
33891 2 27836 33892
33892 1 33893
33893 3 16158 23245 33894
33894 2 33895 37610
33895 2 33896 43353
33896 2 10079 33897
33897 3 22978 33898 42127
33898 4 24838 33371 33899 34266
33899 1 33900
33900 1 33901
33901 2 4524 33902
33902 5 7978 21787 33903 41713 47254
33903 2 33904 34746
33904 2 22801 33905
33905 1 33906
33906 2 6514 33907
33907 1 33908
33908 4 7458 14467 33909 35283
33909 3 12429 33910 44978
33910 3 33911 36417 48639
33911 2 26814 33912
33912 2 33913 36667
33913 2 20462 33914
33914 2 13436 33915
33915 3 5481 29710 33916
33916 2 33917 47744
33917 1 33918
33918 3 33919 35590 37509
33919 2 3525 33920
33920 1 33921
33921 1 33922
33922 3 27117 33923 48823
33923 1 33924
33924 2 9707 33925
33925 2 33926 40360
33926 2 33927 44056
33927 4 4158 18564 33928 37282
33928 1 33929
33929 3 26681 33930 45942
33930 1 33931
33931 1 33932
33932 1 33933
33933 2 5302 33934
33934 3 14200 33935 34780
33935 1 33936
33936 2 28233 33937
33937 4 17435 22521 32714 33938
33938 2 28332 33939
33939 2 33940 40368
33940 1 33941
33941 2 11427 33942
33942 4 22028 26252 27135 33943
33943 2 33944 37466
33944 3 18192 22836 33945
33945 1 33946
33946 2 33947 45783
33947 1 33948
33948 4 509 3909 18372 33949
33949 1 33950
33950 2 16327 33951
33951 4 15567 33952 36793 49687
33952 1 33953
33953 4 16630 16995 23873 33954
33954 1 33955
33955 1 33956
33956 1 33957
33957 2 33958 48631
33958 3 27622 33959 38527
33959 3 22268 33960 45334
33960 1 33961
33961 2 9593 33962
33962 2 16593 33963
33963 2 21585 33964
33964 1 33965
33965 2 5892 33966
33966 1 33967
33967 2 2073 33968
33968 2 33969 39222
33969 2 3231 33970
33970 3 13639 28092 33971
33971 5 4244 22229 26865 33972 48828
33972 1 33973
33973 1 33974
33974 1 33975
33975 3 4411 22530 33976
33976 3 16929 33977 41928
33977 2 33978 43602
33978 1 33979
33979 1 33980
33980 4 24348 26358 27741 33981
33981 1 33982
33982 2 33983 38030
33983 2 5058 33984
33984 1 33985
33985 1 33986
33986 3 236 33987 35806
33987 1 33988
33988 1 33989
33989 1 33990
33990 3 23200 33991 34166
33991 3 33992 48786 49610
33992 2 15200 33993
33993 2 27168 33994
33994 2 33995 44522
33995 2 33996 43024
33996 2 28177 33997
33997 2 15503 33998
33998 3 26256 33999 45905
33999 4 2549 6756 34000 37629
34000 1 34001
34001 2 14013 34002
34002 2 4028 34003
34003 2 13232 34004
34004 3 15988 29444 34005
34005 4 16337 19424 22621 34006
34006 4 7400 34007 48638 48640
34007 3 28925 34008 38083
34008 3 28571 29161 34009
34009 2 7005 34010
34010 1 34011
34011 1 34012
34012 4 6511 27245 34013 39603
34013 2 4180 34014
34014 1 34015
34015 2 11767 34016
34016 1 34017
34017 2 34018 39169
34018 1 34019
34019 2 18954 34020
34020 1 34021
34021 2 34022 34049
34022 2 33027 34023
34023 1 34024
34024 1 34025
34025 2 34026 42848
34026 2 34027 47454
34027 1 34028
34028 1 34029
34029 2 34030 35603
34030 1 34031
34031 3 6546 13889 34032
34032 1 34033
34033 1 34034
34034 4 7169 28266 34035 49309
34035 2 15034 34036
34036 2 27941 34037
34037 3 23126 34038 34792
34038 4 22202 34039 40328 41966
34039 1 34040
34040 3 5492 34041 49957
34041 1 34042
34042 2 16656 34043
34043 5 27878 34044 35532 40595 45644
34044 4 12854 18923 32848 34045
34045 2 12398 34046
34046 1 34047
34047 1 34048
34048 3 34049 35170 36995
34049 3 2831 15129 34050
34050 5 3227 5458 31304 34051 41451
34051 2 34052 37028
34052 1 34053
34053 1 34054
34054 1 34055
34055 2 34056 35306
34056 2 10033 34057
34057 4 8092 30156 33586 34058
34058 1 34059
34059 3 17881 34060 48570
34060 1 34061
34061 2 27864 34062
34062 1 34063
34063 1 34064
34064 4 1915 9473 30518 34065
34065 3 14024 34066 44483
34066 1 34067
34067 2 32328 34068
34068 2 5220 34069
34069 1 34070
34070 5 7146 13091 21135 34071 40498
34071 2 9183 34072
34072 1 34073
34073 1 34074
34074 3 21774 34075 44889
34075 3 11646 18440 34076
34076 2 34077 48327
34077 1 34078
34078 3 27063 27259 34079
34079 4 23280 23693 25862 34080
34080 1 34081
34081 1 34082
34082 2 18744 34083
34083 3 6114 20022 34084
34084 3 8955 28927 34085
34085 1 34086
34086 2 30284 34087
34087 2 29606 34088
34088 4 8194 22044 31535 34089
34089 3 23445 29565 34090
34090 5 1584 15902 22139 33102 34091
34091 3 22089 34092 45158
34092 2 168 34093
34093 1 34094
34094 2 17630 34095
34095 1 34096
34096 2 10968 34097
34097 2 34098 43222
34098 2 22784 34099
34099 2 16451 34100
34100 2 4539 34101
34101 1 34102
34102 1 34103
34103 1 34104
34104 4 523 2825 26021 34105
34105 1 34106
34106 3 4233 34107 47418
34107 2 17341 34108
34108 3 34109 39823 46192
34109 1 34110
34110 1 34111
34111 1 34112
34112 2 34113 42887
34113 1 34114
34114 2 15262 34115
34115 3 33245 34116 42759
34116 4 3258 16893 18188 34117
34117 4 3486 34118 36463 44468
34118 3 242 3021 34119
34119 3 27262 33042 34120
34120 5 3210 16736 22553 28164 34121
34121 1 34122
34122 2 34123 46106
34123 1 34124
34124 2 14629 34125
34125 3 33260 34126 42590
34126 1 34127
34127 5 15265 21058 29052 34128 46194
34128 1 34129
34129 4 16544 20305 34130 37948
34130 4 4203 16606 34131 39557
34131 2 8673 34132
34132 1 34133
34133 3 34134 48069 48748
34134 1 34135
34135 1 34136
34136 1 34137
34137 3 19616 20479 34138
34138 2 28597 34139
34139 3 14563 34140 47502
34140 2 34141 49295
34141 3 4862 34142 48592
34142 2 18666 34143
34143 1 34144
34144 1 34145
34145 1 34146
34146 1 34147
34147 2 27900 34148
34148 2 21129 34149
34149 2 22853 34150
34150 1 34151
34151 1 34152
34152 1 34153
34153 3 22946 27032 34154
34154 1 34155
34155 1 34156
34156 2 6289 34157
34157 2 34158 48595
34158 1 34159
34159 2 2396 34160
34160 3 10137 34161 36883
34161 4 8738 26817 34162 35668
34162 2 27425 34163
34163 6 18398 23620 27433 28392 34164 42066
34164 2 34165 40723
34165 4 9785 28441 30673 34166
34166 2 7185 34167
34167 4 5879 13367 19664 34168
34168 2 12000 34169
34169 1 34170
34170 4 1087 15360 31884 34171
34171 2 13534 34172
34172 1 34173
34173 1 34174
34174 3 10846 34175 34178
34175 1 34176
34176 1 34177
34177 2 2194 34178
34178 2 16731 34179
34179 1 34180
34180 1 34181
34181 3 6110 18051 34182
34182 2 20540 34183
34183 2 2607 34184
34184 3 11163 31135 34185
34185 1 34186
34186 1 34187
34187 6 5328 9782 10841 11684 13883 34188
34188 1 34189
34189 3 10190 34190 44192
34190 2 34191 39452
34191 1 34192
34192 3 5211 34193 35027
34193 1 34194
34194 2 2919 34195
34195 2 13049 34196
34196 3 3529 29373 34197
34197 1 34198
34198 2 32486 34199
34199 2 23698 34200
34200 1 34201
34201 2 19379 34202
34202 1 34203
34203 2 34204 35403
34204 2 15568 34205
34205 2 26047 34206
34206 1 34207
34207 2 6850 34208
34208 1 34209
34209 1 34210
34210 2 34211 44045
34211 1 34212
34212 2 27395 34213
34213 2 34214 43486
34214 3 34215 35671 46020
34215 2 14006 34216
34216 4 7060 21698 34217 45299
34217 2 10999 34218
34218 2 34219 49748
34219 4 5659 6334 34220 34442
34220 2 17655 34221
34221 2 34222 41191
34222 1 34223
34223 2 8668 34224
34224 1 34225
34225 1 34226
34226 1 34227
34227 6 2171 20627 31586 32008 34228 44780
34228 1 34229
34229 3 2830 34230 39508
34230 2 22105 34231
34231 2 34232 45822
34232 2 24103 34233
34233 2 34234 48408
34234 2 23018 34235
34235 2 22514 34236
34236 2 18749 34237
34237 4 17897 31919 34238 40788
34238 2 32518 34239
34239 2 28237 34240
34240 5 19584 29347 34241 36381 42521
34241 2 20459 34242
34242 2 25746 34243
34243 2 34244 45340
34244 2 29056 34245
34245 3 28208 34246 47304
34246 1 34247
34247 2 34248 42993
34248 1 34249
34249 2 29632 34250
34250 1 34251
34251 1 34252
34252 1 34253
34253 3 6435 12508 34254
34254 2 13336 34255
34255 2 20933 34256
34256 1 34257
34257 2 4023 34258
34258 2 34259 34530
34259 3 8989 24359 34260
34260 1 34261
34261 2 18896 34262
34262 2 22541 34263
34263 1 34264
34264 3 9122 34265 41140
34265 1 34266
34266 2 21643 34267
34267 1 34268
34268 3 7622 24493 34269
34269 2 33667 34270
34270 2 11558 34271
34271 3 28514 30236 34272
34272 2 22911 34273
34273 2 34274 36916
34274 3 9828 34275 40938
34275 3 22642 34276 39795
34276 1 34277
34277 4 8336 13588 33006 34278
34278 1 34279
34279 2 34280 37584
34280 3 17284 34281 34525
34281 3 9605 34282 40503
34282 1 34283
34283 1 34284
34284 2 31545 34285
34285 3 8870 34286 38986
34286 3 16139 34287 41970
34287 1 34288
34288 1 34289
34289 2 34290 38619
34290 4 830 15757 34291 34923
34291 2 15327 34292
34292 2 34113 34293
34293 1 34294
34294 2 7779 34295
34295 3 34296 35400 49927
34296 4 19173 23813 31721 34297
34297 2 3124 34298
34298 2 34299 41750
34299 1 34300
34300 1 34301
34301 1 34302
34302 5 4608 16272 34303 39635 41355
34303 1 34304
34304 2 24703 34305
34305 2 21712 34306
34306 2 34307 41807
34307 2 34308 35208
34308 1 34309
34309 1 34310
34310 2 24220 34311
34311 2 15041 34312
34312 1 34313
34313 2 9545 34314
34314 1 34315
34315 4 20815 20973 23978 34316
34316 2 34317 34371
34317 1 34318
34318 2 34319 45606
34319 1 34320
34320 2 16813 34321
34321 3 23889 34322 36514
34322 2 34323 48431
34323 2 34324 38326
34324 1 34325
34325 1 34326
34326 3 12149 34327 38662
34327 1 34328
34328 3 8014 30897 34329
34329 3 390 21911 34330
34330 1 34331
34331 2 34332 42622
34332 2 8437 34333
34333 1 34334
34334 1 34335
34335 1 34336
34336 2 34337 43764
34337 3 2023 12955 34338
34338 1 34339
34339 1 34340
34340 4 5907 13794 31540 34341
34341 1 34342
34342 1 34343
34343 2 34344 39628
34344 2 11463 34345
34345 2 20060 34346
34346 1 34347
34347 1 34348
34348 2 21896 34349
34349 2 3323 34350
34350 1 34351
34351 1 34352
34352 2 22460 34353
34353 2 11457 34354
34354 1 34355
34355 2 34356 44172
34356 4 29970 34357 42539 49802
34357 2 28524 34358
34358 2 27298 34359
34359 3 3162 34360 42275
34360 1 34361
34361 3 8349 34362 45193
34362 3 13645 25069 34363
34363 2 23032 34364
34364 2 2383 34365
34365 1 34366
34366 2 11443 34367
34367 3 11377 21616 34368
34368 2 1246 34369
34369 2 13904 34370
34370 3 32782 34371 37159
34371 2 667 34372
34372 1 34373
34373 1 34374
34374 2 14405 34375
34375 3 11072 16624 34376
34376 2 4205 34377
34377 3 9169 34378 45263
34378 2 24757 34379
34379 4 19675 26199 31200 34380
34380 3 1222 24776 34381
34381 2 27874 34382
34382 1 34383
34383 3 34384 36661 41045
34384 1 34385
34385 2 34386 48898
34386 3 10309 34387 37328
34387 4 2269 34388 38048 39213
34388 2 20909 34389
34389 4 1951 23857 34390 39009
34390 1 34391
34391 1 34392
34392 1 34393
34393 1 34394
34394 3 10633 34395 47623
34395 3 2886 34396 37771
34396 1 34397
34397 1 34398
34398 2 14879 34399
34399 2 3382 34400
34400 1 34401
34401 2 34402 35745
34402 1 34403
34403 2 501 34404
34404 1 34405
34405 2 14780 34406
34406 4 9010 22641 34407 38574
34407 1 34408
34408 1 34409
34409 2 34410 38624
34410 2 5440 34411
34411 2 11743 34412
34412 2 9041 34413
34413 3 3164 22542 34414
34414 1 34415
34415 1 34416
34416 1 34417
34417 3 23215 34418 40141
34418 1 34419
34419 2 17163 34420
34420 1 34421
34421 1 34422
34422 2 34423 39530
34423 1 34424
34424 1 34425
34425 3 22750 34426 39470
34426 2 186 34427
34427 2 17395 34428
34428 4 15841 34429 41096 44523
34429 1 34430
34430 2 23999 34431
34431 1 34432
34432 1 34433
34433 2 3361 34434
34434 1 34435
34435 2 13347 34436
34436 2 34437 40088
34437 3 21528 34438 35529
34438 2 32975 34439
34439 3 24360 34440 42565
34440 3 11563 15351 34441
34441 1 34442
34442 2 17281 34443
34443 3 18284 34444 48229
34444 1 34445
34445 2 11385 34446
34446 2 20694 34447
34447 2 27294 34448
34448 1 34449
34449 1 34450
34450 1 34451
34451 2 34452 44693
34452 3 34453 35719 40544
34453 3 14020 34454 36166
34454 1 34455
34455 1 34456
34456 3 34457 40788 48069
34457 3 13439 27766 34458
34458 2 21474 34459
34459 2 27873 34460
34460 1 34461
34461 1 34462
34462 2 24297 34463
34463 1 34464
34464 2 8412 34465
34465 3 34466 41541 49799
34466 1 34467
34467 2 34468 42828
34468 1 34469
34469 1 34470
34470 1 34471
34471 2 3843 34472
34472 2 16074 34473
34473 1 34474
34474 3 29480 34294 34475
34475 4 5928 30407 34476 44775
34476 2 14626 34477
34477 1 34478
34478 1 34479
34479 3 28597 34480 37787
34480 1 34481
34481 3 2079 34482 42971
34482 3 3802 15228 34483
34483 1 34484
34484 4 13967 14213 20602 34485
34485 2 5735 34486
34486 5 13188 22447 23176 34487 45603
34487 1 34488
34488 2 13882 34489
34489 1 34490
34490 2 7491 34491
34491 2 34492 41219
34492 3 4716 17499 34493
34493 4 34494 35572 36116 40271
34494 3 29620 34495 34692
34495 2 4488 34496
34496 2 31808 34497
34497 1 34498
34498 2 31608 34499
34499 1 34500
34500 1 34501
34501 3 28424 34502 42816
34502 2 19293 34503
34503 2 31708 34504
34504 2 27044 34505
34505 2 34506 49168
34506 1 34507
34507 1 34508
34508 2 34509 35398
34509 2 22285 34510
34510 1 34511
34511 2 1860 34512
34512 2 34513 39692
34513 3 34514 35986 41549
34514 3 7796 20137 34515
34515 1 34516
34516 2 23996 34517
34517 1 34518
34518 2 32281 34519
34519 5 17635 22158 28952 34520 36828
34520 3 14650 34521 38821
34521 2 34522 48473
34522 1 34523
34523 1 34524
34524 2 24417 34525
34525 2 28505 34526
34526 4 6800 34527 38101 41848
34527 2 15196 34528
34528 2 34529 42544
34529 1 34530
34530 2 16622 34531
34531 1 34532
34532 2 34533 38471
34533 1 34534
34534 1 34535
34535 1 34536
34536 2 34537 45802
34537 1 34538
34538 4 4016 16195 26541 34539
34539 1 34540
34540 2 34541 41844
34541 1 34542
34542 1 34543
34543 3 1073 34544 36799
34544 2 23315 34545
34545 2 23013 34546
34546 3 2645 34547 40958
34547 2 34548 45071
34548 2 28294 34549
34549 3 34550 36601 40533
34550 2 12631 34551
34551 2 33283 34552
34552 1 34553
34553 3 2798 18734 34554
34554 2 34555 39089
34555 4 17353 23740 34556 48963
34556 3 26033 29405 34557
34557 2 3799 34558
34558 1 34559
34559 2 19801 34560
34560 1 34561
34561 1 34562
34562 2 6496 34563
34563 2 34564 37095
34564 2 11900 34565
34565 2 34566 39724
34566 1 34567
34567 3 3073 3908 34568
34568 1 34569
34569 2 23306 34570
34570 1 34571
34571 1 34572
34572 2 34573 41938
34573 2 23741 34574
34574 4 15872 33773 34575 45073
34575 2 31819 34576
34576 2 25644 34577
34577 3 22677 34578 42691
34578 1 34579
34579 3 15629 18825 34580
34580 3 23917 32438 34581
34581 3 1688 14019 34582
34582 3 5735 34583 40407
34583 3 6019 34584 35706
34584 2 25240 34585
34585 3 19381 34586 44803
34586 1 34587
34587 1 34588
34588 1 34589
34589 1 34590
34590 1 34591
34591 1 34592
34592 1 34593
34593 2 34594 37722
34594 2 34595 48207
34595 1 34596
34596 1 34597
34597 3 15299 34598 44736
34598 1 34599
34599 2 34600 39440
34600 2 3569 34601
34601 2 31427 34602
34602 1 34603
34603 2 23002 34604
34604 1 34605
34605 2 10738 34606
34606 1 34607
34607 4 3434 19087 28902 34608
34608 2 29905 34609
34609 1 34610
34610 2 24903 34611
34611 1 34612
34612 1 34613
34613 3 15557 18334 34614
34614 2 34615 44072
34615 1 34616
34616 1 34617
34617 4 402 4054 15855 34618
34618 1 34619
34619 4 20797 31843 34620 36523
34620 3 13158 17493 34621
34621 2 14141 34622
34622 2 26067 34623
34623 2 7094 34624
34624 5 3146 4509 11241 12320 34625
34625 1 34626
34626 1 34627
34627 2 15096 34628
34628 1 34629
34629 2 34630 47269
34630 1 34631
34631 2 34632 38921
34632 2 34633 44749
34633 3 33874 34634 36456
34634 5 7086 28143 33588 34635 45743
34635 1 34636
34636 2 9039 34637
34637 3 31389 34638 36969
34638 2 12554 34639
34639 1 34640
34640 4 14465 22194 25131 34641
34641 2 34642 43420
34642 1 34643
34643 2 8486 34644
34644 1 34645
34645 1 34646
34646 2 34647 42678
34647 1 34648
34648 5 13632 32509 34649 36268 42536
34649 3 34650 36218 40525
34650 1 34651
34651 2 34652 45423
34652 2 3634 34653
34653 2 4129 34654
34654 2 13111 34655
34655 3 10229 20075 34656
34656 2 24993 34657
34657 1 34658
34658 2 14911 34659
34659 3 3044 24447 34660
34660 2 34661 47034
34661 3 17621 34662 39582
34662 2 24336 34663
34663 1 34664
34664 1 34665
34665 1 34666
34666 1 34667
34667 3 12750 23997 34668
34668 2 34669 47304
34669 2 34670 39551
34670 2 31902 34671
34671 3 19510 24644 34672
34672 3 14178 34673 39259
34673 1 34674
34674 1 34675
34675 2 1521 34676
34676 2 14249 34677
34677 1 34678
34678 1 34679
34679 1 34680
34680 2 29662 34681
34681 4 5048 11207 34682 49044
34682 2 15259 34683
34683 1 34684
34684 2 16149 34685
34685 2 29405 34686
34686 2 31234 34687
34687 1 34688
34688 2 34689 40197
34689 1 34690
34690 1 34691
34691 2 14996 34692
34692 2 34693 38821
34693 1 34694
34694 1 34695
34695 3 31694 34696 42874
34696 3 8541 34697 38583
34697 2 27231 34698
34698 2 180 34699
34699 1 34700
34700 2 34701 46764
34701 1 34702
34702 1 34703
34703 3 34704 35706 42296
34704 3 8432 34705 42731
34705 1 34706
34706 1 34707
34707 1 34708
34708 1 34709
34709 2 14931 34710
34710 2 34711 49332
34711 1 34712
34712 3 11931 26753 34713
34713 1 34714
34714 1 34715
34715 1 34716
34716 1 34717
34717 3 9434 34718 43789
34718 3 31421 34719 45253
34719 2 13944 34720
34720 1 34721
34721 2 21413 34722
34722 1 34723
34723 1 34724
34724 2 21968 34725
34725 1 34726
34726 2 13592 34727
34727 2 10255 34728
34728 2 34729 39188
34729 1 34730
34730 2 26889 34731
34731 1 34732
34732 2 13873 34733
34733 2 12314 34734
34734 3 22925 34735 49319
34735 3 12072 23049 34736
34736 1 34737
34737 2 26422 34738
34738 1 34739
34739 2 32539 34740
34740 1 34741
34741 1 34742
34742 2 17016 34743
34743 3 10547 34744 38462
34744 3 7825 9623 34745
34745 2 34746 42550
34746 1 34747
34747 1 34748
34748 1 34749
34749 2 20450 34750
34750 2 14209 34751
34751 1 34752
34752 1 34753
34753 2 34754 45988
34754 1 34755
34755 1 34756
34756 2 27622 34757
34757 1 34758
34758 2 34759 43564
34759 1 34760
34760 1 34761
34761 3 534 34037 34762
34762 1 34763
34763 1 34764
34764 2 15010 34765
34765 2 1129 34766
34766 2 26622 34767
34767 3 34267 34768 49092
34768 4 715 34769 35899 37662
34769 1 34770
34770 1 34771
34771 2 2113 34772
34772 1 34773
34773 3 11595 26106 34774
34774 4 2290 12469 34775 44850
34775 2 32772 34776
34776 2 26338 34777
34777 5 28551 34778 37690 46325 49746
34778 2 15426 34779
34779 1 34780
34780 1 34781
34781 2 21200 34782
34782 2 4588 34783
34783 3 9512 28557 34784
34784 2 26610 34785
34785 2 3225 34786
34786 2 12248 34787
34787 1 34788
34788 3 3831 34789 39176
34789 1 34790
34790 1 34791
34791 1 34792
34792 2 34793 42301
34793 2 43 34794
34794 2 34795 36525
34795 2 32101 34796
34796 2 30602 34797
34797 3 24368 34798 42459
34798 4 9021 22613 34799 48018
34799 2 34800 36435
34800 2 14569 34801
34801 2 5529 34802
34802 2 17360 34803
34803 3 25667 26105 34804
34804 2 25975 34805
34805 1 34806
34806 2 20824 34807
34807 5 14018 15264 34808 46144 46150
34808 4 11360 29545 34809 38922
34809 2 9218 34810
34810 1 34811
34811 2 6495 34812
34812 1 34813
34813 1 34814
34814 1 34815
34815 2 25922 34816
34816 2 12490 34817
34817 1 34818
34818 1 34819
34819 1 34820
34820 1 34821
34821 1 34822
34822 2 10537 34823
34823 3 27407 34824 39042
34824 2 23677 34825
34825 1 34826
34826 2 26426 34827
34827 1 34828
34828 2 34829 44479
34829 2 34830 42760
34830 1 34831
34831 2 29390 34832
34832 1 34833
34833 4 12279 27045 34834 41100
34834 2 34835 37455
34835 2 24702 34836
34836 3 7581 34837 36864
34837 3 957 34838 44900
34838 5 7999 28139 30873 34839 44841
34839 3 3557 34840 41603
34840 3 23224 34841 35579
34841 1 34842
34842 2 4935 34843
34843 1 34844
34844 2 10506 34845
34845 2 32091 34846
34846 1 34847
34847 1 34848
34848 3 26210 28298 34849
34849 2 23395 34850
34850 1 34851
34851 3 10473 26943 34852
34852 3 17882 33341 34853
34853 1 34854
34854 2 22885 34855
34855 2 19178 34856
34856 1 34857
34857 1 34858
34858 2 34859 42170
34859 2 13991 34860
34860 2 16485 34861
34861 1 34862
34862 1 34863
34863 1 34864
34864 2 29966 34865
34865 1 34866
34866 3 605 1784 34867
34867 1 34868
34868 2 33040 34869
34869 2 20661 34870
34870 1 34871
34871 1 34872
34872 4 10742 17748 34873 41966
34873 5 991 27441 31797 34874 42078
34874 1 34875
34875 1 34876
34876 1 34877
34877 1 34878
34878 3 6468 10488 34879
34879 2 26259 34880
34880 2 34881 49603
34881 2 31209 34882
34882 2 5216 34883
34883 2 34884 49418
34884 5 32539 32895 34885 35596 45218
34885 1 34886
34886 3 8792 33132 34887
34887 4 6908 19741 23482 34888
34888 1 34889
34889 2 15679 34890
34890 2 3537 34891
34891 3 27912 33203 34892
34892 1 34893
34893 2 34894 49547
34894 2 32295 34895
34895 1 34896
34896 1 34897
34897 2 31241 34898
34898 2 5620 34899
34899 3 10323 19197 34900
34900 3 931 9303 34901
34901 1 34902
34902 2 27566 34903
34903 3 2665 28036 34904
34904 2 34905 49621
34905 1 34906
34906 1 34907
34907 1 34908
34908 1 34909
34909 2 23014 34910
34910 1 34911
34911 2 34912 49284
34912 4 7194 34913 42039 43614
34913 2 7541 34914
34914 4 4408 8807 15735 34915
34915 2 9545 34916
34916 3 17373 34917 47415
34917 1 34918
34918 3 18925 34919 48543
34919 3 3403 20859 34920
34920 2 31465 34921
34921 1 34922
34922 1 34923
34923 4 4380 9886 34924 41695
34924 5 399 2469 19451 27009 34925
34925 2 30429 34926
34926 3 16984 18174 34927
34927 4 34928 36813 40878 41790
34928 2 1779 34929
34929 1 34930
34930 1 34931
34931 3 14559 27510 34932
34932 2 15549 34933
34933 2 16465 34934
34934 3 1204 3422 34935
34935 3 19706 27364 34936
34936 1 34937
34937 2 34938 40685
34938 2 20267 34939
34939 3 2829 34940 48437
34940 2 19405 34941
34941 2 34775 34942
34942 3 7400 11442 34943
34943 3 3094 34944 47498
34944 4 27993 31286 34945 36748
34945 4 7273 26945 29047 34946
34946 2 8841 34947
34947 1 34948
34948 2 34949 49793
34949 4 24516 34950 41504 43142
34950 2 34951 46165
34951 2 34952 41548
34952 1 34953
34953 1 34954
34954 2 22576 34955
34955 1 34956
34956 2 23772 34957
34957 2 6121 34958
34958 2 7021 34959
34959 1 34960
34960 2 34961 37875
34961 2 9046 34962
34962 1 34963
34963 1 34964
34964 2 34965 41532
34965 1 34966
34966 3 19699 30750 34967
34967 1 34968
34968 1 34969
34969 1 34970
34970 1 34971
34971 2 33408 34972
34972 1 34973
34973 2 8319 34974
34974 2 34975 48045
34975 2 34976 35632
34976 1 34977
34977 4 10088 34978 39768 41806
34978 2 17699 34979
34979 2 24244 34980
34980 2 13245 34981
34981 2 31035 34982
34982 2 27169 34983
34983 1 34984
34984 1 34985
34985 1 34986
34986 1 34987
34987 2 1151 34988
34988 2 4389 34989
34989 1 34990
34990 1 34991
34991 2 25883 34992
34992 3 10451 30909 34993
34993 2 16513 34994
34994 3 28475 30930 34995
34995 1 34996
34996 1 34997
34997 2 34998 38720
34998 1 34999
34999 2 17442 35000
35000 2 13197 35001
35001 1 35002
35002 1 35003
35003 1 35004
35004 2 32760 35005
35005 4 27883 35006 40221 45040
35006 1 35007
35007 2 35008 41214
35008 4 14657 35009 36022 42679
35009 3 6095 34948 35010
35010 2 35011 41956
35011 2 35012 38475
35012 1 35013
35013 2 13177 35014
35014 1 35015
35015 2 23939 35016
35016 3 5253 35017 40316
35017 1 35018
35018 3 28292 35019 36231
35019 4 6712 24385 35020 35074
35020 1 35021
35021 1 35022
35022 4 1972 9686 33362 35023
35023 1 35024
35024 1 35025
35025 2 35026 44443
35026 1 35027
35027 1 35028
35028 1 35029
35029 2 29094 35030
35030 1 35031
35031 1 35032
35032 1 35033
35033 4 2114 14254 25312 35034
35034 4 18610 28748 35035 49933
35035 3 4017 35036 38837
35036 2 12511 35037
35037 1 35038
35038 1 35039
35039 1 35040
35040 2 32561 35041
35041 2 24324 35042
35042 1 35043
35043 2 5127 35044
35044 2 22440 35045
35045 4 5479 18999 35046 46633
35046 1 35047
35047 4 10015 14690 35048 41981
35048 2 35049 49108
35049 2 31193 35050
35050 1 35051
35051 1 35052
35052 2 134 35053
35053 1 35054
35054 1 35055
35055 1 35056
35056 2 31459 35057
35057 2 35058 46228
35058 1 35059
35059 2 26360 35060
35060 1 35061
35061 1 35062
35062 1 35063
35063 2 35064 46147
35064 3 5013 31521 35065
35065 2 27413 35066
35066 3 35067 36185 37126
35067 4 1503 3031 11218 35068
35068 1 35069
35069 2 7910 35070
35070 5 5209 22517 35071 39937 49009
35071 3 10404 31670 35072
35072 2 1111 35073
35073 1 35074
35074 4 14572 16297 35075 36416
35075 1 35076
35076 2 3763 35077
35077 2 20687 35078
35078 2 9894 35079
35079 2 35080 37923
35080 1 35081
35081 1 35082
35082 2 1891 35083
35083 1 35084
35084 2 35085 44910
35085 1 35086
35086 2 28128 35087
35087 2 31607 35088
35088 1 35089
35089 2 35090 48386
35090 2 35091 49675
35091 1 35092
35092 2 35093 38072
35093 1 35094
35094 2 35095 46825
35095 4 7399 18927 23578 35096
35096 2 190 35097
35097 1 35098
35098 2 34455 35099
35099 4 22826 35100 37458 44636
35100 1 35101
35101 4 26508 27541 35102 48717
35102 3 18099 35103 48237
35103 2 17267 35104
35104 1 35105
35105 1 35106
35106 1 35107
35107 3 28751 35108 40448
35108 4 2438 14004 18751 35109
35109 1 35110
35110 2 12580 35111
35111 2 35112 43747
35112 1 35113
35113 1 35114
35114 3 26157 29041 35115
35115 3 10134 19775 35116
35116 1 35117
35117 1 35118
35118 3 15186 35119 44053
35119 1 35120
35120 3 12751 25440 35121
35121 1 35122
35122 2 35123 40034
35123 1 35124
35124 3 5428 35125 41771
35125 2 9157 35126
35126 1 35127
35127 2 35128 49792
35128 2 10748 35129
35129 2 35130 42377
35130 2 35131 48453
35131 1 35132
35132 2 1917 35133
35133 3 11509 35134 38031
35134 1 35135
35135 2 35136 39109
35136 2 34123 35137
35137 4 3725 31461 35138 45866
35138 1 35139
35139 1 35140
35140 1 35141
35141 2 3839 35142
35142 2 35143 36685
35143 3 4479 35144 42708
35144 4 23281 26165 35145 35487
35145 2 30631 35146
35146 2 2494 35147
35147 3 25744 29917 35148
35148 3 1693 33719 35149
35149 3 16217 35150 39256
35150 1 35151
35151 2 3029 35152
35152 2 29373 35153
35153 2 4347 35154
35154 2 31374 35155
35155 2 23426 35156
35156 2 35157 44919
35157 1 35158
35158 1 35159
35159 2 34962 35160
35160 2 29991 35161
35161 1 35162
35162 2 35163 37074
35163 2 2100 35164
35164 3 7528 33541 35165
35165 1 35166
35166 2 23262 35167
35167 1 35168
35168 2 35169 41671
35169 2 18617 35170
35170 2 35171 41714
35171 4 1162 35172 36509 38663
35172 3 11885 35173 46182
35173 2 20084 35174
35174 1 35175
35175 2 25004 35176
35176 1 35177
35177 2 16122 35178
35178 2 13101 35179
35179 2 19298 35180
35180 2 16945 35181
35181 1 35182
35182 3 21005 35183 48097
35183 3 12472 35184 37563
35184 3 26969 35185 49481
35185 3 13592 20734 35186
35186 2 15792 35187
35187 2 19790 35188
35188 1 35189
35189 3 24257 34561 35190
35190 3 2721 18826 35191
35191 1 35192
35192 3 21583 35193 38489
35193 2 5344 35194
35194 2 7947 35195
35195 3 25006 35196 38827
35196 1 35197
35197 2 35198 40367
35198 4 28603 32555 35199 38477
35199 2 35200 46175
35200 2 35201 47365
35201 1 35202
35202 3 1052 35203 39193
35203 1 35204
35204 2 2549 35205
35205 3 2518 21477 35206
35206 3 14309 29618 35207
35207 2 35208 43143
35208 1 35209
35209 2 12191 35210
35210 2 27326 35211
35211 1 35212
35212 3 22614 31347 35213
35213 2 3547 35214
35214 4 23736 25965 26406 35215
35215 3 12517 24269 35216
35216 1 35217
35217 3 695 22622 35218
35218 1 35219
35219 2 35220 45536
35220 2 35221 43199
35221 1 35222
35222 1 35223
35223 2 31548 35224
35224 1 35225
35225 2 17699 35226
35226 1 35227
35227 4 866 12400 20818 35228
35228 2 35229 47701
35229 1 35230
35230 2 10359 35231
35231 1 35232
35232 3 16794 20508 35233
35233 1 35234
35234 2 35235 48380
35235 2 35066 35236
35236 2 19730 35237
35237 3 34216 35238 41696
35238 2 35239 35510
35239 2 35240 48282
35240 1 35241
35241 3 2789 35242 48175
35242 1 35243
35243 4 35244 35251 38514 45856
35244 1 35245
35245 1 35246
35246 3 35247 45029 48352
35247 2 33513 35248
35248 1 35249
35249 1 35250
35250 4 12244 35251 39100 45542
35251 1 35252
35252 3 35253 37125 40655
35253 1 35254
35254 3 18552 35255 38836
35255 2 35256 35516
35256 2 6991 35257
35257 5 15889 28668 35258 44040 45510
35258 1 35259
35259 4 3901 4352 4564 35260
35260 2 35261 47999
35261 2 35262 38584
35262 1 35263
35263 2 5094 35264
35264 1 35265
35265 1 35266
35266 1 35267
35267 4 30446 34237 35268 38064
35268 1 35269
35269 1 35270
35270 2 19296 35271
35271 1 35272
35272 2 30206 35273
35273 1 35274
35274 3 33923 35275 35577
35275 3 2137 33307 35276
35276 2 35277 37085
35277 1 35278
35278 2 3459 35279
35279 3 728 11556 35280
35280 2 35281 43594
35281 2 35282 45292
35282 4 27359 33351 33667 35283
35283 1 35284
35284 3 10037 22643 35285
35285 3 2015 33013 35286
35286 1 35287
35287 1 35288
35288 2 35289 40642
35289 2 14946 35290
35290 4 3966 9438 30644 35291
35291 3 888 35292 42028
35292 2 35293 36390
35293 2 35294 46077
35294 2 35295 44306
35295 1 35296
35296 1 35297
35297 2 31361 35298
35298 2 25090 35299
35299 2 8236 35300
35300 2 8117 35301
35301 2 5961 35302
35302 4 20779 35303 39203 42284
35303 2 2820 35304
35304 1 35305
35305 2 26691 35306
35306 2 35307 45408
35307 2 31183 35308
35308 2 17172 35309
35309 2 12520 35310
35310 1 35311
35311 1 35312
35312 2 18008 35313
35313 2 35314 44045
35314 2 27506 35315
35315 1 35316
35316 2 9016 35317
35317 1 35318
35318 1 35319
35319 1 35320
35320 2 12206 35321
35321 2 35322 41101
35322 2 2270 35323
35323 3 589 15247 35324
35324 2 35325 49347
35325 2 15439 35326
35326 4 18291 35327 44896 46741
35327 3 6127 28078 35328
35328 1 35329
35329 1 35330
35330 3 6696 17743 35331
35331 3 35332 43906 47806
35332 1 35333
35333 4 24630 35334 40967 44411
35334 1 35335
35335 1 35336
35336 2 30834 35337
35337 2 29300 35338
35338 1 35339
35339 1 35340
35340 1 35341
35341 5 4333 6029 31951 35342 41394
35342 1 35343
35343 3 12140 35344 46106
35344 1 35345
35345 2 15922 35346
35346 1 35347
35347 2 18786 35348
35348 3 917 31237 35349
35349 2 10279 35350
35350 2 35351 39138
35351 3 14773 34779 35352
35352 2 33466 35353
35353 3 21146 35354 42897
35354 1 35355
35355 4 8512 29834 35356 43742
35356 4 1354 17303 33243 35357
35357 2 33802 35358
35358 1 35359
35359 3 16462 28098 35360
35360 2 14157 35361
35361 2 19347 35362
35362 2 9521 35363
35363 3 35364 37382 39466
35364 2 808 35365
35365 1 35366
35366 3 24349 35367 46530
35367 1 35368
35368 3 14314 35369 35456
35369 2 4275 35370
35370 1 35371
35371 1 35372
35372 3 2630 25401 35373
35373 3 5151 35374 37750
35374 1 35375
35375 2 20167 35376
35376 1 35377
35377 1 35378
35378 3 7580 26162 35379
35379 5 10815 18487 19094 35380 37961
35380 2 24178 35381
35381 1 35382
35382 1 35383
35383 2 23862 35384
35384 3 8074 35385 38556
35385 2 22259 35386
35386 1 35387
35387 2 33889 35388
35388 1 35389
35389 1 35390
35390 1 35391
35391 1 35392
35392 2 34271 35393
35393 1 35394
35394 1 35395
35395 2 15915 35396
35396 3 28518 31272 35397
35397 1 35398
35398 1 35399
35399 2 35400 41133
35400 2 29434 35401
35401 2 16445 35402
35402 3 28047 35403 42985
35403 1 35404
35404 1 35405
35405 3 15959 35406 49248
35406 2 15074 35407
35407 1 35408
35408 1 35409
35409 1 35410
35410 1 35411
35411 2 12508 35412
35412 2 28251 35413
35413 1 35414
35414 2 13673 35415
35415 2 5020 35416
35416 1 35417
35417 2 9601 35418
35418 3 377 12477 35419
35419 1 35420
35420 2 7965 35421
35421 3 14354 35422 49295
35422 1 35423
35423 1 35424
35424 1 35425
35425 2 5292 35426
35426 3 18578 35427 35799
35427 3 21041 34272 35428
35428 2 22789 35429
35429 3 14477 35430 37206
35430 1 35431
35431 2 33486 35432
35432 3 23741 27249 35433
35433 1 35434
35434 2 29250 35435
35435 4 13417 35436 37620 42756
35436 1 35437
35437 4 2391 24218 28233 35438
35438 2 21945 35439
35439 4 10349 17431 35440 46984
35440 2 25118 35441
35441 3 29276 35442 45558
35442 3 4159 35443 36545
35443 2 9656 35444
35444 2 3408 35445
35445 3 145 9363 35446
35446 1 35447
35447 2 35448 42560
35448 1 35449
35449 3 19111 28086 35450
35450 1 35451
35451 4 1276 4547 35452 39334
35452 1 35453
35453 2 6834 35454
35454 4 9505 23345 26052 35455
35455 1 35456
35456 1 35457
35457 2 15019 35458
35458 1 35459
35459 1 35460
35460 2 1756 35461
35461 2 25819 35462
35462 2 10635 35463
35463 2 35464 44527
35464 1 35465
35465 1 35466
35466 2 23786 35467
35467 2 35468 42603
35468 1 35469
35469 2 26730 35470
35470 3 2850 31969 35471
35471 2 9063 35472
35472 3 26323 35473 49287
35473 3 9358 27557 35474
35474 2 9725 35475
35475 1 35476
35476 1 35477
35477 3 9032 13614 35478
35478 3 49 35479 49698
35479 1 35480
35480 1 35481
35481 1 35482
35482 3 8614 11385 35483
35483 1 35484
35484 2 30817 35485
35485 3 24461 28174 35486
35486 1 35487
35487 1 35488
35488 2 34299 35489
35489 2 1180 35490
35490 4 19464 30046 35322 35491
35491 4 21696 24456 32899 35492
35492 3 35493 40976 44069
35493 2 22025 35494
35494 1 35495
35495 2 35496 48962
35496 1 35497
35497 2 35498 43518
35498 1 35499
35499 3 35500 35700 45561
35500 1 35501
35501 1 35502
35502 1 35503
35503 1 35504
35504 1 35505
35505 3 35506 40462 45448
35506 2 984 35507
35507 2 29439 35508
35508 1 35509
35509 1 35510
35510 1 35511
35511 2 30262 35512
35512 1 35513
35513 2 4917 35514
35514 2 12244 35515
35515 2 141 35516
35516 3 23284 35517 43041
35517 1 35518
35518 1 35519
35519 4 33046 35520 46193 47404
35520 3 38 2689 35521
35521 2 15099 35522
35522 1 35523
35523 1 35524
35524 1 35525
35525 2 27223 35526
35526 3 20536 29507 35527
35527 3 9327 31810 35528
35528 1 35529
35529 2 15631 35530
35530 3 2728 18009 35531
35531 3 33534 35532 49440
35532 2 27590 35533
35533 2 24741 35534
35534 3 34293 35535 49700
35535 2 208 35536
35536 2 35457 35537
35537 3 4745 35538 46940
35538 3 3784 4839 35539
35539 3 1906 35540 38688
35540 2 35541 44583
35541 1 35542
35542 2 13363 35543
35543 2 31714 35544
35544 1 35545
35545 1 35546
35546 2 35547 43196
35547 1 35548
35548 1 35549
35549 1 35550
35550 3 25429 35551 43113
35551 1 35552
35552 1 35553
35553 2 2525 35554
35554 4 6834 10512 24918 35555
35555 2 35556 44894
35556 2 35557 41906
35557 2 21884 35558
35558 1 35559
35559 1 35560
35560 1 35561
35561 1 35562
35562 3 6664 17445 35563
35563 4 7971 26664 35564 42539
35564 3 7666 35565 38723
35565 2 33310 35566
35566 1 35567
35567 2 23595 35568
35568 1 35569
35569 3 2534 32178 35570
35570 2 33334 35571
35571 2 35572 45123
35572 2 35573 44174
35573 1 35574
35574 3 22040 26181 35575
35575 1 35576
35576 2 18973 35577
35577 1 35578
35578 4 26498 35579 41548 48975
35579 2 6484 35580
35580 2 35581 45132
35581 2 29880 35582
35582 3 14296 35583 39203
35583 3 33970 35584 38265
35584 2 35585 42964
35585 1 35586
35586 2 35587 45593
35587 2 34924 35588
35588 2 23699 35589
35589 2 18349 35590
35590 2 35591 39731
35591 1 35592
35592 1 35593
35593 2 3733 35594
35594 1 35595
35595 1 35596
35596 1 35597
35597 4 9572 17253 30728 35598
35598 2 4913 35599
35599 1 35600
35600 3 23663 33799 35601
35601 3 11845 35602 41702
35602 2 20665 35603
35603 1 35604
35604 2 35605 39148
35605 3 24169 24614 35606
35606 2 35607 43842
35607 2 35608 47779
35608 1 35609
35609 2 12482 35610
35610 1 35611
35611 1 35612
35612 1 35613
35613 2 8495 35614
35614 3 7982 14288 35615
35615 4 6936 14626 26877 35616
35616 1 35617
35617 1 35618
35618 3 3204 29773 35619
35619 3 3174 23261 35620
35620 1 35621
35621 4 18873 35622 35941 49112
35622 3 29303 35623 42880
35623 1 35624
35624 3 7796 19223 35625
35625 1 35626
35626 1 35627
35627 3 10624 35628 41684
35628 1 35629
35629 1 35630
35630 2 35631 38032
35631 2 23585 35632
35632 1 35633
35633 2 23601 35634
35634 2 12337 35635
35635 2 23115 35636
35636 3 13214 14885 35637
35637 2 7675 35638
35638 2 13026 35639
35639 1 35640
35640 1 35641
35641 1 35642
35642 1 35643
35643 2 28649 35644
35644 3 4743 35645 49091
35645 2 15155 35646
35646 3 19788 35647 48466
35647 3 16583 34272 35648
35648 3 4545 22181 35649
35649 1 35650
35650 3 19313 29420 35651
35651 2 35110 35652
35652 4 156 20644 26615 35653
35653 2 14913 35654
35654 2 19090 35655
35655 4 10172 16579 35656 35707
35656 4 13819 35657 40216 47094
35657 3 17822 35658 45763
35658 2 35659 41550
35659 1 35660
35660 2 12399 35661
35661 2 20112 35662
35662 2 19535 35663
35663 3 34307 34557 35664
35664 2 18717 35665
35665 1 35666
35666 2 35667 40719
35667 4 2255 12990 35668 41721
35668 2 15100 35669
35669 2 35670 42881
35670 1 35671
35671 2 31268 35672
35672 4 35673 38100 41478 45280
35673 4 34253 35674 37440 44393
35674 1 35675
35675 4 232 5749 35676 37420
35676 5 19179 23467 27729 28005 35677
35677 2 8015 35678
35678 3 4494 23777 35679
35679 1 35680
35680 1 35681
35681 2 8759 35682
35682 1 35683
35683 1 35684
35684 2 14949 35685
35685 2 28316 35686
35686 2 17104 35687
35687 4 25589 34212 35688 38187
35688 3 6086 20834 35689
35689 2 14209 35690
35690 3 4798 27221 35691
35691 2 35692 41348
35692 2 448 35693
35693 2 2485 35694
35694 2 35695 47543
35695 3 11782 23491 35696
35696 1 35697
35697 2 14750 35698
35698 3 34664 35699 47176
35699 1 35700
35700 1 35701
35701 1 35702
35702 4 2760 31473 33485 35703
35703 1 35704
35704 2 24840 35705
35705 5 1362 2642 17497 32767 35706
35706 1 35707
35707 1 35708
35708 1 35709
35709 1 35710
35710 2 35711 36629
35711 2 31077 35712
35712 1 35713
35713 1 35714
35714 3 4106 35715 42137
35715 2 18251 35716
35716 1 35717
35717 2 35718 45394
35718 2 13292 35719
35719 1 35720
35720 2 7588 35721
35721 4 16467 17953 20216 35722
35722 2 20163 35723
35723 2 35724 40770
35724 2 35725 37596
35725 2 2215 35726
35726 1 35727
35727 1 35728
35728 4 8391 10848 33630 35729
35729 3 14858 18278 35730
35730 2 35731 47865
35731 1 35732
35732 2 28222 35733
35733 1 35734
35734 2 35071 35735
35735 2 28214 35736
35736 1 35737
35737 1 35738
35738 3 24112 35739 38311
35739 2 18647 35740
35740 2 35741 41360
35741 1 35742
35742 3 35743 36529 42277
35743 5 6649 19433 21774 35744 36118
35744 1 35745
35745 2 18928 35746
35746 3 8106 11561 35747
35747 2 7735 35748
35748 3 2511 23038 35749
35749 3 22843 35750 42221
35750 1 35751
35751 3 2189 32057 35752
35752 2 35753 39739
35753 1 35754
35754 1 35755
35755 3 2104 29181 35756
35756 1 35757
35757 2 10724 35758
35758 1 35759
35759 4 4007 14476 28751 35760
35760 3 3708 27803 35761
35761 3 5790 22606 35762
35762 1 35763
35763 3 5173 30439 35764
35764 4 5991 35765 38377 40064
35765 1 35766
35766 3 3387 35767 48596
35767 4 7817 9871 25903 35768
35768 1 35769
35769 4 2332 18162 24320 35770
35770 4 9626 17218 20732 35771
35771 3 33687 35732 35772
35772 1 35773
35773 1 35774
35774 3 23311 31788 35775
35775 1 35776
35776 1 35777
35777 1 35778
35778 3 9457 35779 41197
35779 3 23788 33192 35780
35780 3 15927 35781 47540
35781 1 35782
35782 1 35783
35783 4 144 7975 34831 35784
35784 1 35785
35785 1 35786
35786 2 1068 35787
35787 1 35788
35788 1 35789
35789 1 35790
35790 3 7592 33218 35791
35791 1 35792
35792 1 35793
35793 2 34569 35794
35794 3 2061 35795 49908
35795 3 21971 35796 40270
35796 3 18630 35797 43385
35797 2 32818 35798
35798 5 4374 29691 34971 35799 45235
35799 3 34943 35800 41055
35800 2 11369 35801
35801 3 614 35802 39497
35802 3 23214 31897 35803
35803 3 35804 37293 46782
35804 3 15991 35805 48649
35805 1 35806
35806 2 29423 35807
35807 1 35808
35808 1 35809
35809 3 15239 35810 45394
35810 2 35811 43906
35811 2 436 35812
35812 3 35813 39415 49480
35813 2 35814 40785
35814 2 35815 42104
35815 3 6481 35816 44514
35816 1 35817
35817 1 35818
35818 1 35819
35819 2 7406 35820
35820 2 31298 35821
35821 1 35822
35822 2 32749 35823
35823 2 6227 35824
35824 2 17588 35825
35825 2 28804 35826
35826 1 35827
35827 1 35828
35828 1 35829
35829 5 1417 18480 35830 42710 42948
35830 2 30616 35831
35831 2 33504 35832
35832 2 1099 35833
35833 1 35834
35834 1 35835
35835 4 3967 30042 34915 35836
35836 2 31078 35837
35837 1 35838
35838 3 5633 12388 35839
35839 3 17214 18847 35840
35840 1 35841
35841 4 5869 10442 35842 45786
35842 5 18178 21674 30757 34012 35843
35843 1 35844
35844 3 26512 35845 46830
35845 1 35846
35846 1 35847
35847 2 20945 35848
35848 1 35849
35849 2 27702 35850
35850 2 17434 35851
35851 3 35852 42562 49125
35852 3 21250 22423 35853
35853 1 35854
35854 5 1420 35110 35855 40369 42049
35855 2 31668 35856
35856 2 1802 35857
35857 1 35858
35858 1 35859
35859 3 11481 29869 35860
35860 1 35861
35861 2 31865 35862
35862 2 5887 35863
35863 1 35864
35864 1 35865
35865 1 35866
35866 2 35867 47751
35867 2 32806 35868
35868 1 35869
35869 2 35870 43551
35870 2 13574 35871
35871 3 1309 35872 48752
35872 2 35273 35873
35873 1 35874
35874 4 6407 22511 35875 48340
35875 2 504 35876
35876 1 35877
35877 1 35878
35878 1 35879
35879 2 14031 35880
35880 1 35881
35881 3 27650 35882 43352
35882 2 20599 35883
35883 1 35884
35884 2 35278 35885
35885 2 35886 41071
35886 1 35887
35887 2 35888 37953
35888 4 2080 12996 16835 35889
35889 1 35890
35890 2 14273 35891
35891 2 35892 45369
35892 2 15719 35893
35893 2 35894 36751
35894 1 35895
35895 2 33769 35896
35896 3 31038 35839 35897
35897 2 23365 35898
35898 2 35899 39707
35899 2 20000 35900
35900 2 4061 35901
35901 1 35902
35902 3 31890 35903 36658
35903 2 35904 47003
35904 2 29532 35905
35905 2 12746 35906
35906 1 35907
35907 1 35908
35908 4 28700 35909 40757 42478
35909 1 35910
35910 1 35911
35911 1 35912
35912 1 35913
35913 1 35914
35914 1 35915
35915 2 32657 35916
35916 3 27447 35917 44774
35917 1 35918
35918 4 24104 34113 35919 37957
35919 3 7017 35920 39856
35920 2 24533 35921
35921 2 35922 46909
35922 2 974 35923
35923 1 35924
35924 1 35925
35925 3 17377 24550 35926
35926 3 22107 35927 47383
35927 2 21940 35928
35928 1 35929
35929 3 24732 35349 35930
35930 3 4690 33165 35931
35931 2 25454 35932
35932 2 34893 35933
35933 4 10674 24590 35934 46207
35934 2 35935 47870
35935 2 31944 35936
35936 2 5203 35937
35937 2 17354 35938
35938 1 35939
35939 2 16078 35940
35940 1 35941
35941 1 35942
35942 2 35943 49731
35943 5 62 6171 34024 35944 43643
35944 1 35945
35945 4 7124 9901 35946 40199
35946 3 9283 35329 35947
35947 1 35948
35948 4 24108 30176 35060 35949
35949 3 1168 35950 43306
35950 2 16886 35951
35951 1 35952
35952 2 35154 35953
35953 2 24928 35954
35954 3 14296 30417 35955
35955 3 9784 14199 35956
35956 2 35957 43366
35957 1 35958
35958 2 30004 35959
35959 3 13739 35960 37754
35960 1 35961
35961 1 35962
35962 1 35963
35963 1 35964
35964 2 33124 35965
35965 2 28238 35966
35966 2 35628 35967
35967 1 35968
35968 2 26406 35969
35969 2 5534 35970
35970 2 28172 35971
35971 3 27067 33111 35972
35972 2 18721 35973
35973 2 30907 35974
35974 2 8518 35975
35975 3 5795 30053 35976
35976 4 2752 12738 16969 35977
35977 5 369 21182 33677 35978 42197
35978 2 35979 49121
35979 2 9761 35980
35980 1 35981
35981 1 35982
35982 2 5885 35983
35983 1 35984
35984 5 2090 13282 25220 31626 35985
35985 2 14319 35986
35986 3 5526 34147 35987
35987 2 7649 35988
35988 2 6791 35989
35989 2 35990 37296
35990 2 7727 35991
35991 1 35992
35992 1 35993
35993 2 14383 35994
35994 1 35995
35995 1 35996
35996 2 29132 35997
35997 2 35998 49516
35998 2 35999 45698
35999 3 129 1304 36000
36000 2 13893 36001
36001 2 4109 36002
36002 2 30249 36003
36003 2 8709 36004
36004 2 25303 36005
36005 3 35039 36006 40781
36006 3 26761 36007 49273
36007 3 31112 36008 40191
36008 2 36009 45237
36009 3 10362 15295 36010
36010 1 36011
36011 3 32021 33783 36012
36012 5 10120 22937 36013 42679 47394
36013 2 36014 49585
36014 1 36015
36015 2 18449 36016
36016 1 36017
36017 2 20948 36018
36018 3 10403 24372 36019
36019 2 7854 36020
36020 1 36021
36021 4 5503 15860 21788 36022
36022 2 36023 49953
36023 2 239 36024
36024 3 19929 25631 36025
36025 2 10908 36026
36026 6 3450 18743 19643 29804 36027 38862
36027 3 13600 36028 47955
36028 3 36029 38381 48279
36029 3 2209 25834 36030
36030 3 11936 36031 41857
36031 4 1269 11411 32411 36032
36032 3 13750 21068 36033
36033 2 36034 47620
36034 1 36035
36035 1 36036
36036 3 25128 25480 36037
36037 2 12114 36038
36038 3 473 18062 36039
36039 1 36040
36040 2 10901 36041
36041 2 23245 36042
36042 1 36043
36043 3 36044 39407 49694
36044 1 36045
36045 3 33744 36046 44774
36046 2 36047 45074
36047 1 36048
36048 1 36049
36049 2 36050 37230
36050 3 17778 36051 43446
36051 2 36052 36878
36052 2 2933 36053
36053 1 36054
36054 2 13996 36055
36055 3 25299 36056 40615
36056 1 36057
36057 4 23084 31989 33404 36058
36058 1 36059
36059 2 1271 36060
36060 1 36061
36061 2 20850 36062
36062 1 36063
36063 2 30867 36064
36064 2 36065 36709
36065 1 36066
36066 1 36067
36067 1 36068
36068 1 36069
36069 1 36070
36070 1 36071
36071 1 36072
36072 2 36073 43547
36073 2 4998 36074
36074 2 36035 36075
36075 1 36076
36076 3 6132 28082 36077
36077 1 36078
36078 1 36079
36079 1 36080
36080 3 1583 27699 36081
36081 1 36082
36082 3 35131 36083 40038
36083 2 32624 36084
36084 1 36085
36085 2 36086 47619
36086 2 36087 47917
36087 2 27912 36088
36088 2 21565 36089
36089 1 36090
36090 2 33959 36091
36091 2 7971 36092
36092 1 36093
36093 2 36094 41619
36094 1 36095
36095 1 36096
36096 4 7144 28394 36097 46763
36097 2 20091 36098
36098 1 36099
36099 1 36100
36100 3 21581 36101 38169
36101 2 4312 36102
36102 1 36103
36103 1 36104
36104 1 36105
36105 4 1502 8458 36106 47573
36106 2 6884 36107
36107 4 1702 27326 36108 42408
36108 1 36109
36109 1 36110
36110 2 31007 36111
36111 3 1793 32867 36112
36112 3 35276 36113 41706
36113 2 1403 36114
36114 2 16024 36115
36115 2 7399 36116
36116 1 36117
36117 3 4631 6518 36118
36118 3 3647 36119 48340
36119 1 36120
36120 2 31125 36121
36121 1 36122
36122 2 5116 36123
36123 1 36124
36124 1 36125
36125 2 17869 36126
36126 2 19483 36127
36127 1 36128
36128 4 17397 28623 36129 41131
36129 2 13475 36130
36130 1 36131
36131 1 36132
36132 5 16957 21193 30640 36133 38592
36133 1 36134
36134 4 23929 25938 29176 36135
36135 1 36136
36136 3 14787 20536 36137
36137 2 36138 39005
36138 1 36139
36139 2 35767 36140
36140 3 4221 9058 36141
36141 3 13692 35405 36142
36142 2 8032 36143
36143 4 9301 24981 36144 49688
36144 3 13143 29857 36145
36145 3 4259 36146 45727
36146 2 17624 36147
36147 2 26372 36148
36148 1 36149
36149 1 36150
36150 3 32393 36151 46585
36151 2 36152 45086
36152 1 36153
36153 2 2948 36154
36154 1 36155
36155 1 36156
36156 1 36157
36157 3 12662 36158 45667
36158 2 36159 47185
36159 2 12102 36160
36160 1 36161
36161 2 7230 36162
36162 2 24046 36163
36163 1 36164
36164 3 5843 19468 36165
36165 2 25307 36166
36166 2 362 36167
36167 4 23942 24096 24838 36168
36168 2 1739 36169
36169 4 10102 14424 34115 36170
36170 2 6236 36171
36171 1 36172
36172 3 36173 36655 42032
36173 1 36174
36174 1 36175
36175 2 6385 36176
36176 2 23933 36177
36177 2 31167 36178
36178 2 36179 43459
36179 6 9862 29820 32029 36180 36488 37893
36180 2 3868 36181
36181 4 12506 28207 36182 44533
36182 1 36183
36183 2 36184 48699
36184 1 36185
36185 3 25299 36186 39506
36186 2 36187 48918
36187 2 10303 36188
36188 1 36189
36189 1 36190
36190 3 30626 36191 48255
36191 2 357 36192
36192 7 21325 21361 22198 30019 36193 39675 42729
36193 3 25883 26921 36194
36194 2 27018 36195
36195 1 36196
36196 1 36197
36197 1 36198
36198 2 29113 36199
36199 1 36200
36200 1 36201
36201 1 36202
36202 1 36203
36203 2 5916 36204
36204 3 36205 42755 44013
36205 2 13454 36206
36206 1 36207
36207 1 36208
36208 1 36209
36209 3 20930 36210 41796
36210 2 6143 36211
36211 1 36212
36212 1 36213
36213 2 27405 36214
36214 2 30674 36215
36215 2 20074 36216
36216 1 36217
36217 2 20949 36218
36218 1 36219
36219 3 7465 21899 36220
36220 3 13675 36221 40789
36221 2 22836 36222
36222 1 36223
36223 2 20066 36224
36224 2 36225 39506
36225 4 5174 28025 36226 44620
36226 3 594 22231 36227
36227 2 36228 45457
36228 2 8631 36229
36229 2 8216 36230
36230 1 36231
36231 2 36232 48810
36232 1 36233
36233 3 36234 42740 47921
36234 1 36235
36235 2 549 36236
36236 2 9404 36237
36237 4 10721 11389 23040 36238
36238 3 4762 17847 36239
36239 1 36240
36240 2 36241 42969
36241 1 36242
36242 2 1565 36243
36243 1 36244
36244 2 10440 36245
36245 2 22396 36246
36246 1 36247
36247 2 28317 36248
36248 1 36249
36249 2 36250 41912
36250 5 688 17850 36251 44173 46207
36251 2 36252 44080
36252 1 36253
36253 2 18267 36254
36254 3 2713 36255 39334
36255 1 36256
36256 2 20540 36257
36257 1 36258
36258 1 36259
36259 2 36260 44350
36260 1 36261
36261 2 13733 36262
36262 2 29811 36263
36263 4 9637 13836 21883 36264
36264 2 26771 36265
36265 1 36266
36266 1 36267
36267 1 36268
36268 3 5565 36269 42957
36269 2 19898 36270
36270 3 28124 36271 43504
36271 1 36272
36272 3 26149 32805 36273
36273 1 36274
36274 3 2215 7882 36275
36275 1 36276
36276 1 36277
36277 1 36278
36278 3 36279 44214 46926
36279 3 7676 36280 39964
36280 2 36281 48767
36281 1 36282
36282 2 22547 36283
36283 4 17709 23448 36284 40339
36284 2 7828 36285
36285 5 1045 6053 29274 33588 36286
36286 1 36287
36287 3 13517 26368 36288
36288 1 36289
36289 4 11994 26604 36290 49666
36290 1 36291
36291 3 13467 15428 36292
36292 1 36293
36293 2 36294 46431
36294 2 8956 36295
36295 3 9611 30436 36296
36296 2 16542 36297
36297 1 36298
36298 1 36299
36299 2 21317 36300
36300 1 36301
36301 2 8990 36302
36302 1 36303
36303 2 22038 36304
36304 1 36305
36305 3 5854 36306 42167
36306 1 36307
36307 2 13534 36308
36308 2 36087 36309
36309 4 17100 30550 36310 36368
36310 2 36311 49778
36311 1 36312
36312 1 36313
36313 2 25080 36314
36314 3 2581 5936 36315
36315 2 36316 42396
36316 2 36317 41928
36317 1 36318
36318 1 36319
36319 4 36320 39609 46282 47075
36320 1 36321
36321 4 758 10578 36322 41796
36322 2 25846 36323
36323 2 36324 41924
36324 1 36325
36325 4 17094 32818 36326 46548
36326 1 36327
36327 1 36328
36328 4 7593 18959 28748 36329
36329 1 36330
36330 2 36331 47315
36331 4 34228 36332 37848 39023
36332 1 36333
36333 2 11663 36334
36334 2 1161 36335
36335 2 30295 36336
36336 1 36337
36337 4 5396 9093 36338 41804
36338 1 36339
36339 1 36340
36340 1 36341
36341 1 36342
36342 2 14113 36343
36343 3 22378 36344 39894
36344 1 36345
36345 1 36346
36346 2 36347 48442
36347 1 36348
36348 1 36349
36349 3 6520 36350 47064
36350 2 33160 36351
36351 2 19110 36352
36352 2 23880 36353
36353 1 36354
36354 2 21705 36355
36355 3 30406 33909 36356
36356 4 7759 19346 36357 47651
36357 2 32515 36358
36358 3 33489 33499 36359
36359 3 31732 36360 36955
36360 3 6261 20322 36361
36361 2 4830 36362
36362 3 5674 35131 36363
36363 1 36364
36364 4 6277 15578 36365 42770
36365 3 4838 19270 36366
36366 2 36367 41416
36367 2 36368 37937
36368 2 7771 36369
36369 1 36370
36370 1 36371
36371 2 30528 36372
36372 2 17147 36373
36373 1 36374
36374 2 36375 39570
36375 5 17908 20656 23122 34993 36376
36376 2 34630 36377
36377 4 2568 17284 26958 36378
36378 1 36379
36379 1 36380
36380 2 3834 36381
36381 1 36382
36382 2 2515 36383
36383 1 36384
36384 2 13320 36385
36385 2 18982 36386
36386 1 36387
36387 2 36388 42288
36388 2 11937 36389
36389 1 36390
36390 3 8343 36391 47648
36391 1 36392
36392 2 36393 44910
36393 2 30095 36394
36394 1 36395
36395 4 3820 13286 36396 38955
36396 1 36397
36397 2 24400 36398
36398 1 36399
36399 4 214 12046 30554 36400
36400 1 36401
36401 1 36402
36402 2 13159 36403
36403 1 36404
36404 1 36405
36405 2 26859 36406
36406 2 36407 44616
36407 2 36408 46710
36408 2 32689 36409
36409 3 684 24118 36410
36410 2 29235 36411
36411 2 14105 36412
36412 1 36413
36413 2 26340 36414
36414 1 36415
36415 3 13110 36416 39973
36416 4 16068 26789 32691 36417
36417 2 27644 36418
36418 3 1956 21572 36419
36419 1 36420
36420 2 14268 36421
36421 2 12193 36422
36422 3 20802 36301 36423
36423 1 36424
36424 3 18847 26152 36425
36425 3 6442 36426 46722
36426 3 34773 36427 45150
36427 2 33686 36428
36428 2 36429 37523
36429 2 28399 36430
36430 2 36431 36642
36431 1 36432
36432 1 36433
36433 1 36434
36434 4 1274 36435 38342 47133
36435 1 36436
36436 1 36437
36437 2 11077 36438
36438 2 17767 36439
36439 2 36440 37039
36440 1 36441
36441 1 36442
36442 3 28402 36443 49595
36443 2 36444 41368
36444 2 28915 36445
36445 3 11958 36405 36446
36446 2 6123 36447
36447 4 9458 31314 36448 45793
36448 2 25381 36449
36449 2 36450 37142
36450 1 36451
36451 2 6861 36452
36452 1 36453
36453 2 14558 36454
36454 3 36455 41959 45137
36455 3 9839 26019 36456
36456 2 36457 42332
36457 2 35757 36458
36458 2 9189 36459
36459 3 8653 22854 36460
36460 1 36461
36461 1 36462
36462 1 36463
36463 1 36464
36464 2 5322 36465
36465 2 36466 38587
36466 3 3409 17216 36467
36467 2 36468 36851
36468 2 36469 39909
36469 1 36470
36470 2 11442 36471
36471 1 36472
36472 2 2157 36473
36473 2 36474 37966
36474 2 27169 36475
36475 3 33791 36476 43614
36476 2 32345 36477
36477 2 28014 36478
36478 3 6479 32813 36479
36479 4 1237 17429 20772 36480
36480 1 36481
36481 2 35977 36482
36482 3 27047 36483 49599
36483 4 25573 36484 38952 42120
36484 2 22686 36485
36485 1 36486
36486 2 25554 36487
36487 2 28966 36488
36488 2 1800 36489
36489 3 25607 36490 44269
36490 1 36491
36491 1 36492
36492 1 36493
36493 3 10065 15258 36494
36494 1 36495
36495 3 21346 34908 36496
36496 1 36497
36497 1 36498
36498 3 1399 7128 36499
36499 1 36500
36500 2 36501 47934
36501 2 5295 36502
36502 1 36503
36503 2 36504 47016
36504 1 36505
36505 1 36506
36506 3 9346 10011 36507
36507 2 653 36508
36508 3 466 36509 46140
36509 3 10902 28684 36510
36510 2 18210 36511
36511 2 36512 40568
36512 3 27792 36513 39176
36513 3 12063 36514 40483
36514 2 22027 36515
36515 2 27113 36516
36516 1 36517
36517 1 36518
36518 2 119 36519
36519 2 34369 36520
36520 2 9296 36521
36521 2 13589 36522
36522 4 32296 36523 37244 40958
36523 3 10914 35051 36524
36524 1 36525
36525 1 36526
36526 2 17440 36527
36527 4 869 36348 36528 38112
36528 1 36529
36529 3 24372 28585 36530
36530 2 21686 36531
36531 1 36532
36532 2 8118 36533
36533 1 36534
36534 6 3544 36535 38418 39865 40611 41437
36535 2 18405 36536
36536 1 36537
36537 1 36538
36538 1 36539
36539 2 29574 36540
36540 1 36541
36541 2 17959 36542
36542 3 5119 36543 42348
36543 1 36544
36544 2 13159 36545
36545 4 6737 12105 18316 36546
36546 1 36547
36547 3 5575 30969 36548
36548 1 36549
36549 1 36550
36550 2 12431 36551
36551 2 36552 43685
36552 2 10498 36553
36553 3 7679 21739 36554
36554 3 5676 21434 36555
36555 1 36556
36556 2 24876 36557
36557 4 16628 36264 36558 40681
36558 1 36559
36559 2 1054 36560
36560 3 19996 36561 49340
36561 2 36562 39211
36562 2 29678 36563
36563 4 1354 12662 20518 36564
36564 2 23694 36565
36565 1 36566
36566 3 36567 38467 47596
36567 3 4949 36568 45377
36568 1 36569
36569 2 14305 36570
36570 1 36571
36571 1 36572
36572 3 4810 35809 36573
36573 3 10335 35686 36574
36574 1 36575
36575 1 36576
36576 2 29137 36577
36577 1 36578
36578 1 36579
36579 1 36580
36580 3 8320 12034 36581
36581 2 22282 36582
36582 2 31177 36583
36583 2 2268 36584
36584 1 36585
36585 3 8990 16940 36586
36586 1 36587
36587 2 16480 36588
36588 1 36589
36589 1 36590
36590 2 8425 36591
36591 2 36592 49900
36592 2 28056 36593
36593 1 36594
36594 2 15452 36595
36595 2 27943 36596
36596 2 36597 45259
36597 2 6905 36598
36598 2 36599 41679
36599 2 27721 36600
36600 3 1772 20104 36601
36601 1 36602
36602 1 36603
36603 2 36604 37744
36604 2 11678 36605
36605 1 36606
36606 4 25890 36607 43157 49849
36607 3 6434 36608 45726
36608 1 36609
36609 1 36610
36610 1 36611
36611 1 36612
36612 3 15011 36613 41224
36613 1 36614
36614 3 11304 27477 36615
36615 1 36616
36616 3 23872 36617 39451
36617 1 36618
36618 2 17651 36619
36619 1 36620
36620 1 36621
36621 1 36622
36622 1 36623
36623 2 36334 36624
36624 4 4853 20573 36625 44125
36625 1 36626
36626 1 36627
36627 3 947 14998 36628
36628 2 36629 47359
36629 3 15169 31843 36630
36630 1 36631
36631 5 1966 14446 15391 36632 40488
36632 1 36633
36633 5 9627 16539 34915 36634 36892
36634 1 36635
36635 3 19396 36636 48781
36636 2 26637 36637
36637 3 285 29147 36638
36638 2 36639 40559
36639 1 36640
36640 1 36641
36641 1 36642
36642 2 28316 36643
36643 1 36644
36644 3 36645 40223 48765
36645 1 36646
36646 3 36647 40179 40961
36647 2 36648 39338
36648 1 36649
36649 2 18137 36650
36650 2 29769 36651
36651 1 36652
36652 3 19392 26706 36653
36653 2 8140 36654
36654 1 36655
36655 2 36656 43058
36656 2 7801 36657
36657 4 3954 24094 36658 37761
36658 1 36659
36659 3 34418 36660 45790
36660 1 36661
36661 4 19239 34924 36662 41050
36662 3 26655 36663 42289
36663 1 36664
36664 2 35148 36665
36665 1 36666
36666 2 27203 36667
36667 1 36668
36668 2 115 36669
36669 2 36670 37405
36670 3 22779 36671 46440
36671 2 10782 36672
36672 2 36673 39789
36673 1 36674
36674 2 19450 36675
36675 1 36676
36676 3 985 13363 36677
36677 2 25122 36678
36678 3 18432 36679 47613
36679 3 31010 31135 36680
36680 2 19912 36681
36681 4 4654 24008 32441 36682
36682 1 36683
36683 3 2372 36684 48624
36684 2 17142 36685
36685 2 8166 36686
36686 1 36687
36687 3 25274 36688 39508
36688 2 36689 49460
36689 1 36690
36690 3 11352 36691 44749
36691 1 36692
36692 1 36693
36693 3 12749 36694 41089
36694 1 36695
36695 1 36696
36696 1 36697
36697 1 36698
36698 4 1409 25270 32995 36699
36699 1 36700
36700 2 36701 47320
36701 2 25436 36702
36702 1 36703
36703 2 1130 36704
36704 2 5481 36705
36705 2 8358 36706
36706 2 36707 40747
36707 5 7242 10106 32244 36708 39377
36708 3 34269 36709 47476
36709 2 7547 36710
36710 1 36711
36711 2 36712 43743
36712 2 36713 43858
36713 1 36714
36714 1 36715
36715 1 36716
36716 1 36717
36717 3 335 15440 36718
36718 4 18519 28487 30142 36719
36719 1 36720
36720 1 36721
36721 3 2744 10811 36722
36722 2 32107 36723
36723 1 36724
36724 1 36725
36725 2 36726 44696
36726 3 36727 43130 43892
36727 1 36728
36728 3 13137 36729 38227
36729 3 11147 20887 36730
36730 2 29388 36731
36731 3 12588 23212 36732
36732 4 12700 36733 43854 47693
36733 1 36734
36734 2 31987 36735
36735 2 9052 36736
36736 3 16134 34495 36737
36737 2 33573 36738
36738 2 36739 49897
36739 1 36740
36740 3 22377 27516 36741
36741 1 36742
36742 1 36743
36743 2 14921 36744
36744 2 36745 49402
36745 2 22754 36746
36746 2 36747 43049
36747 1 36748
36748 1 36749
36749 3 340 18571 36750
36750 1 36751
36751 2 18849 36752
36752 1 36753
36753 5 5918 12642 33413 36754 39747
36754 3 27292 33156 36755
36755 2 36756 42482
36756 2 35857 36757
36757 3 17131 36758 49609
36758 2 36759 45354
36759 4 10500 14841 29055 36760
36760 4 2685 8814 34561 36761
36761 1 36762
36762 1 36763
36763 2 25929 36764
36764 1 36765
36765 1 36766
36766 3 3797 34620 36767
36767 3 6408 36768 38296
36768 1 36769
36769 3 2709 23603 36770
36770 5 8272 36771 43114 43981 44438
36771 3 20134 34195 36772
36772 1 36773
36773 2 35639 36774
36774 1 36775
36775 2 24345 36776
36776 1 36777
36777 1 36778
36778 2 36779 42354
36779 1 36780
36780 2 27759 36781
36781 2 11395 36782
36782 1 36783
36783 2 30572 36784
36784 1 36785
36785 2 36786 48037
36786 3 14608 36787 43031
36787 3 14221 36788 42228
36788 1 36789
36789 1 36790
36790 1 36791
36791 1 36792
36792 5 11289 13390 18883 21460 36793
36793 1 36794
36794 2 31735 36795
36795 1 36796
36796 3 7602 23204 36797
36797 4 4041 30062 36798 45091
36798 3 19967 20072 36799
36799 1 36800
36800 3 155 36801 36992
36801 1 36802
36802 2 5289 36803
36803 4 24055 33889 36804 49134
36804 2 1669 36805
36805 1 36806
36806 2 24712 36807
36807 1 36808
36808 1 36809
36809 2 12121 36810
36810 4 13278 17550 30254 36811
36811 3 4844 11068 36812
36812 2 1199 36813
36813 1 36814
36814 2 19587 36815
36815 2 36816 38477
36816 1 36817
36817 1 36818
36818 2 20692 36819
36819 3 9825 26423 36820
36820 2 7299 36821
36821 2 8268 36822
36822 1 36823
36823 2 36824 42886
36824 1 36825
36825 1 36826
36826 2 16857 36827
36827 1 36828
36828 4 22427 31656 36829 49737
36829 1 36830
36830 2 18145 36831
36831 2 8751 36832
36832 3 23922 36833 39314
36833 1 36834
36834 2 32884 36835
36835 3 6846 36836 39372
36836 2 16411 36837
36837 1 36838
36838 1 36839
36839 2 23670 36840
36840 1 36841
36841 5 17048 24276 36528 36842 45005
36842 2 36843 48564
36843 2 21353 36844
36844 1 36845
36845 3 2632 21176 36846
36846 3 16902 18861 36847
36847 1 36848
36848 3 4176 28108 36849
36849 2 29826 36850
36850 3 24990 36851 41463
36851 1 36852
36852 3 23310 33097 36853
36853 2 36854 49141
36854 1 36855
36855 3 21239 34761 36856
36856 1 36857
36857 2 36858 37435
36858 2 36859 49043
36859 2 23119 36860
36860 3 20205 21481 36861
36861 3 14281 14875 36862
36862 3 11081 13556 36863
36863 1 36864
36864 4 9862 12346 36865 39760
36865 3 780 19611 36866
36866 1 36867
36867 2 6450 36868
36868 3 11174 30283 36869
36869 1 36870
36870 1 36871
36871 3 12840 33217 36872
36872 1 36873
36873 2 17214 36874
36874 2 1120 36875
36875 1 36876
36876 3 265 36877 39381
36877 1 36878
36878 1 36879
36879 2 36532 36880
36880 2 7236 36881
36881 2 9885 36882
36882 1 36883
36883 1 36884
36884 1 36885
36885 4 3619 17099 36886 38971
36886 3 35293 36887 48320
36887 2 1778 36888
36888 2 36889 44899
36889 1 36890
36890 2 20553 36891
36891 2 25414 36892
36892 2 36893 38182
36893 1 36894
36894 2 36895 40023
36895 1 36896
36896 2 12433 36897
36897 2 36898 40842
36898 3 4601 36899 38512
36899 2 32359 36900
36900 2 16314 36901
36901 2 3142 36902
36902 3 13873 36903 40229
36903 3 1105 22544 36904
36904 3 14837 36905 38989
36905 1 36906
36906 1 36907
36907 3 32756 33209 36908
36908 2 33966 36909
36909 2 28953 36910
36910 2 17519 36911
36911 3 4811 27697 36912
36912 1 36913
36913 3 6597 24305 36914
36914 2 9842 36915
36915 1 36916
36916 1 36917
36917 7 20816 21086 22288 32936 36918 43560 48468
36918 2 13299 36919
36919 2 36920 44734
36920 2 34020 36921
36921 2 36922 42156
36922 1 36923
36923 2 23470 36924
36924 2 7584 36925
36925 1 36926
36926 3 1710 11162 36927
36927 1 36928
36928 2 22597 36929
36929 2 19121 36930
36930 1 36931
36931 1 36932
36932 1 36933
36933 2 32658 36934
36934 1 36935
36935 2 30187 36936
36936 4 29041 32740 36937 39921
36937 2 36938 42309
36938 1 36939
36939 2 36940 48152
36940 4 25151 28531 31459 36941
36941 2 16630 36942
36942 1 36943
36943 2 28060 36944
36944 1 36945
36945 1 36946
36946 4 2964 36947 48092 48135
36947 1 36948
36948 2 36949 44443
36949 1 36950
36950 1 36951
36951 1 36952
36952 2 22440 36953
36953 3 1667 30300 36954
36954 3 1208 36955 43116
36955 2 36956 41175
36956 1 36957
36957 4 14157 32458 36958 44921
36958 1 36959
36959 3 2592 25108 36960
36960 1 36961
36961 2 36962 39528
36962 1 36963
36963 1 36964
36964 1 36965
36965 2 36966 44300
36966 2 20475 36967
36967 2 3681 36968
36968 1 36969
36969 2 9098 36970
36970 1 36971
36971 1 36972
36972 1 36973
36973 3 11143 14053 36974
36974 3 8308 36975 38901
36975 4 20808 21281 22775 36976
36976 2 19189 36977
36977 2 20468 36978
36978 1 36979
36979 3 2420 36980 45224
36980 1 36981
36981 2 36982 47931
36982 2 6907 36983
36983 2 10731 36984
36984 3 7047 36985 48786
36985 3 7675 36986 46633
36986 1 36987
36987 2 21808 36988
36988 1 36989
36989 3 12314 14039 36990
36990 3 16445 36381 36991
36991 2 24590 36992
36992 3 15322 30123 36993
36993 2 9115 36994
36994 5 5321 12968 24602 36995 49858
36995 2 13273 36996
36996 2 36997 49670
36997 4 4243 5865 30722 36998
36998 2 395 36999
36999 1 37000
37000 2 37001 39526
37001 2 19593 37002
37002 6 954 5216 30641 30643 36314 37003
37003 2 8485 37004
37004 3 4097 20737 37005
37005 3 4913 20736 37006
37006 4 772 28985 37007 38277
37007 2 30316 37008
37008 1 37009
37009 3 15697 33093 37010
37010 3 621 31986 37011
37011 2 10955 37012
37012 2 2588 37013
37013 2 13357 37014
37014 2 32258 37015
37015 2 28330 37016
37016 1 37017
37017 2 37018 41945
37018 2 16443 37019
37019 5 2259 8781 25146 37020 43657
37020 2 31870 37021
37021 3 36293 37022 37852
37022 1 37023
37023 2 9873 37024
37024 3 7747 37025 45270
37025 2 18927 37026
37026 4 21691 31263 32150 37027
37027 2 37028 41751
37028 4 226 14379 37029 41623
37029 2 37030 42016
37030 3 37031 39628 43444
37031 1 37032
37032 1 37033
37033 1 37034
37034 1 37035
37035 1 37036
37036 2 37037 46510
37037 3 18932 37038 46825
37038 3 23277 37039 47351
37039 1 37040
37040 2 7271 37041
37041 3 7703 37042 41023
37042 2 27124 37043
37043 2 4800 37044
37044 4 27806 29331 37045 43939
37045 1 37046
37046 1 37047
37047 1 37048
37048 1 37049
37049 3 29492 37050 46155
37050 4 16704 33267 37051 42522
37051 4 23553 37052 46093 47318
37052 2 12512 37053
37053 3 3246 31774 37054
37054 2 32365 37055
37055 3 14933 19013 37056
37056 2 31020 37057
37057 1 37058
37058 3 37059 41940 42347
37059 1 37060
37060 1 37061
37061 2 20570 37062
37062 1 37063
37063 2 19415 37064
37064 2 17438 37065
37065 1 37066
37066 2 37067 40508
37067 2 2756 37068
37068 2 23380 37069
37069 1 37070
37070 3 16157 37071 42772
37071 2 32553 37072
37072 1 37073
37073 4 2455 25238 37074 44278
37074 2 28148 37075
37075 2 37076 44803
37076 1 37077
37077 3 1315 10591 37078
37078 4 6571 7784 28968 37079
37079 1 37080
37080 2 13520 37081
37081 1 37082
37082 4 32711 37083 46387 47122
37083 3 14824 37084 45488
37084 1 37085
37085 1 37086
37086 5 20519 25276 37087 45496 49577
37087 3 3980 14394 37088
37088 2 23342 37089
37089 1 37090
37090 3 2864 37091 47030
37091 1 37092
37092 2 25670 37093
37093 1 37094
37094 3 9133 37095 41842
37095 1 37096
37096 2 37097 41184
37097 2 37098 43141
37098 3 28650 37099 47998
37099 3 37100 40435 44534
37100 1 37101
37101 2 16544 37102
37102 3 26230 37103 48674
37103 2 5149 37104
37104 4 4538 26899 37105 42527
37105 3 6340 37106 38208
37106 3 25541 31469 37107
37107 1 37108
37108 2 37109 40726
37109 1 37110
37110 1 37111
37111 2 23635 37112
37112 2 25990 37113
37113 1 37114
37114 2 14771 37115
37115 4 19377 28975 37116 46682
37116 2 6232 37117
37117 2 36210 37118
37118 1 37119
37119 1 37120
37120 2 16005 37121
37121 2 31248 37122
37122 2 26202 37123
37123 1 37124
37124 1 37125
37125 2 15769 37126
37126 4 16457 37127 42753 49727
37127 2 31203 37128
37128 1 37129
37129 1 37130
37130 3 13460 32999 37131
37131 2 12377 37132
37132 1 37133
37133 2 31150 37134
37134 2 5895 37135
37135 2 27647 37136
37136 1 37137
37137 4 3036 23118 24729 37138
37138 2 19074 37139
37139 1 37140
37140 3 23826 37141 46330
37141 2 21750 37142
37142 2 37143 45461
37143 4 5043 5071 34585 37144
37144 1 37145
37145 2 11345 37146
37146 3 10042 25967 37147
37147 1 37148
37148 3 179 12039 37149
37149 3 6826 37150 49429
37150 1 37151
37151 1 37152
37152 2 19320 37153
37153 2 32926 37154
37154 3 31208 37155 40497
37155 2 37156 44547
37156 1 37157
37157 2 37158 42762
37158 2 14232 37159
37159 2 23202 37160
37160 1 37161
37161 2 37162 49160
37162 1 37163
37163 2 37164 41019
37164 1 37165
37165 1 37166
37166 2 37167 48332
37167 2 3335 37168
37168 1 37169
37169 1 37170
37170 2 27038 37171
37171 1 37172
37172 2 25325 37173
37173 1 37174
37174 1 37175
37175 2 5521 37176
37176 3 28962 32081 37177
37177 1 37178
37178 2 15820 37179
37179 1 37180
37180 1 37181
37181 1 37182
37182 1 37183
37183 4 1148 9633 27317 37184
37184 1 37185
37185 2 11300 37186
37186 1 37187
37187 1 37188
37188 1 37189
37189 3 14961 18843 37190
37190 3 18587 32245 37191
37191 3 10017 37192 42949
37192 1 37193
37193 2 25156 37194
37194 1 37195
37195 2 37196 46295
37196 3 2750 9564 37197
37197 3 36790 37198 41609
37198 2 16702 37199
37199 1 37200
37200 4 4935 17456 37201 38644
37201 2 5610 37202
37202 1 37203
37203 3 23301 37204 47423
37204 3 868 37205 46925
37205 5 23219 23611 37206 37718 48420
37206 2 36663 37207
37207 1 37208
37208 4 13137 17393 37209 44156
37209 2 3581 37210
37210 1 37211
37211 2 37212 43756
37212 4 18954 30069 37213 44470
37213 2 36119 37214
37214 2 31380 37215
37215 5 17765 17786 20541 37216 40565
37216 2 10298 37217
37217 2 1848 37218
37218 1 37219
37219 1 37220
37220 2 28010 37221
37221 3 3681 37222 44180
37222 2 37223 43002
37223 1 37224
37224 2 4616 37225
37225 2 28089 37226
37226 1 37227
37227 2 13477 37228
37228 1 37229
37229 1 37230
37230 2 37231 38756
37231 2 20411 37232
37232 1 37233
37233 2 33369 37234
37234 2 19832 37235
37235 1 37236
37236 1 37237
37237 2 14118 37238
37238 3 12937 17721 37239
37239 2 8323 37240
37240 2 35331 37241
37241 3 32429 35608 37242
37242 2 10873 37243
37243 1 37244
37244 3 21890 37245 49678
37245 2 13960 37246
37246 2 13472 37247
37247 2 26706 37248
37248 1 37249
37249 2 8671 37250
37250 2 37251 45297
37251 2 8565 37252
37252 3 12189 14273 37253
37253 3 37254 38537 44198
37254 1 37255
37255 3 6791 30914 37256
37256 3 5473 35293 37257
37257 1 37258
37258 2 25470 37259
37259 2 9563 37260
37260 2 7701 37261
37261 1 37262
37262 2 37263 41284
37263 1 37264
37264 1 37265
37265 3 12460 15890 37266
37266 3 16031 37267 41912
37267 1 37268
37268 4 20268 34548 37269 47450
37269 1 37270
37270 4 22092 28820 31726 37271
37271 3 1504 27019 37272
37272 2 14462 37273
37273 1 37274
37274 1 37275
37275 2 37276 43100
37276 2 7739 37277
37277 1 37278
37278 2 37279 47317
37279 1 37280
37280 1 37281
37281 2 37282 45247
37282 2 13696 37283
37283 4 16618 19639 37284 42983
37284 1 37285
37285 2 11945 37286
37286 3 28725 37104 37287
37287 2 36260 37288
37288 2 37289 49758
37289 1 37290
37290 2 15418 37291
37291 1 37292
37292 1 37293
37293 2 37294 41871
37294 3 19994 37295 43601
37295 1 37296
37296 3 8720 20946 37297
37297 2 19515 37298
37298 3 1525 7882 37299
37299 3 1079 24652 37300
37300 2 1877 37301
37301 1 37302
37302 1 37303
37303 4 11905 22061 28994 37304
37304 1 37305
37305 5 1684 7030 33808 37306 45657
37306 1 37307
37307 1 37308
37308 1 37309
37309 2 25831 37310
37310 2 25805 37311
37311 1 37312
37312 1 37313
37313 1 37314
37314 2 5671 37315
37315 2 37316 47791
37316 1 37317
37317 2 33835 37318
37318 1 37319
37319 4 7788 8758 18649 37320
37320 1 37321
37321 2 37322 41713
37322 2 35653 37323
37323 1 37324
37324 3 29108 37325 39873
37325 4 10896 31891 34732 37326
37326 3 9028 13064 37327
37327 2 37328 41873
37328 1 37329
37329 1 37330
37330 1 37331
37331 1 37332
37332 1 37333
37333 1 37334
37334 1 37335
37335 1 37336
37336 1 37337
37337 1 37338
37338 1 37339
37339 1 37340
37340 1 37341
37341 3 17164 18946 37342
37342 2 22756 37343
37343 5 11076 30803 36984 37344 41093
37344 2 33339 37345
37345 3 33604 37175 37346
37346 2 34428 37347
37347 1 37348
37348 1 37349
37349 2 12087 37350
37350 4 24854 30337 37351 47736
37351 3 10144 11982 37352
37352 1 37353
37353 1 37354
37354 2 37355 46181
37355 2 14438 37356
37356 1 37357
37357 1 37358
37358 5 14918 31715 32702 37359 46809
37359 2 2133 37360
37360 2 31398 37361
37361 1 37362
37362 4 27304 30058 37363 43764
37363 5 26627 29959 37364 41853 43016
37364 3 3600 33085 37365
37365 1 37366
37366 2 4628 37367
37367 1 37368
37368 1 37369
37369 2 17092 37370
37370 1 37371
37371 2 22383 37372
37372 1 37373
37373 3 12425 22032 37374
37374 2 15094 37375
37375 1 37376
37376 4 19311 37377 42145 47130
37377 3 30799 37378 43745
37378 1 37379
37379 1 37380
37380 2 37381 43767
37381 1 37382
37382 1 37383
37383 3 37384 41358 42878
37384 1 37385
37385 1 37386
37386 1 37387
37387 2 4260 37388
37388 1 37389
37389 3 5949 24783 37390
37390 1 37391
37391 2 31639 37392
37392 1 37393
37393 1 37394
37394 1 37395
37395 2 8865 37396
37396 2 13565 37397
37397 2 23207 37398
37398 1 37399
37399 1 37400
37400 3 37401 41584 44459
37401 2 22004 37402
37402 3 23033 28291 37403
37403 1 37404
37404 3 10414 37405 44134
37405 1 37406
37406 1 37407
37407 1 37408
37408 2 27825 37409
37409 2 34418 37410
37410 2 6420 37411
37411 2 24703 37412
37412 2 30042 37413
37413 3 17011 29486 37414
37414 1 37415
37415 1 37416
37416 1 37417
37417 1 37418
37418 2 36657 37419
37419 1 37420
37420 3 37421 41580 44624
37421 2 29125 37422
37422 3 3225 5532 37423
37423 1 37424
37424 1 37425
37425 1 37426
37426 2 15135 37427
37427 2 37428 39613
37428 5 16461 26672 36081 37429 46749
37429 2 6899 37430
37430 1 37431
37431 2 6479 37432
37432 2 16563 37433
37433 2 11208 37434
37434 1 37435
37435 1 37436
37436 1 37437
37437 2 18070 37438
37438 2 4215 37439
37439 1 37440
37440 2 21075 37441
37441 1 37442
37442 2 37443 37532
37443 4 5951 22274 27500 37444
37444 3 24232 37445 46759
37445 2 13625 37446
37446 2 20149 37447
37447 1 37448
37448 1 37449
37449 1 37450
37450 1 37451
37451 2 12208 37452
37452 1 37453
37453 2 37454 45920
37454 2 37455 44721
37455 2 16794 37456
37456 3 13949 32808 37457
37457 2 11196 37458
37458 1 37459
37459 4 11008 23398 30684 37460
37460 2 14115 37461
37461 1 37462
37462 2 17279 37463
37463 1 37464
37464 1 37465
37465 4 1231 5837 31816 37466
37466 2 5846 37467
37467 2 13975 37468
37468 3 29877 37469 41256
37469 1 37470
37470 3 8503 37471 40607
37471 3 19974 34785 37472
37472 1 37473
37473 2 23474 37474
37474 1 37475
37475 1 37476
37476 2 33169 37477
37477 3 23548 35444 37478
37478 3 37031 37479 43964
37479 1 37480
37480 5 11321 13525 37481 38798 42955
37481 2 26331 37482
37482 2 166 37483
37483 3 11438 33436 37484
37484 3 32337 37485 44286
37485 2 27366 37486
37486 2 2064 37487
37487 4 16790 37488 44934 47128
37488 1 37489
37489 1 37490
37490 2 18621 37491
37491 1 37492
37492 2 21836 37493
37493 2 22647 37494
37494 5 8068 19062 28917 37495 39125
37495 1 37496
37496 1 37497
37497 2 36326 37498
37498 4 16127 17350 37499 42470
37499 1 37500
37500 2 24371 37501
37501 1 37502
37502 1 37503
37503 2 28267 37504
37504 2 27780 37505
37505 1 37506
37506 3 22293 37507 39159
37507 1 37508
37508 1 37509
37509 1 37510
37510 1 37511
37511 1 37512
37512 1 37513
37513 2 37514 47360
37514 3 29919 37515 39440
37515 4 8779 9308 30944 37516
37516 2 88 37517
37517 4 12761 16715 25997 37518
37518 3 7807 33245 37519
37519 1 37520
37520 3 12494 37521 41893
37521 1 37522
37522 1 37523
37523 1 37524
37524 2 23064 37525
37525 1 37526
37526 2 28440 37527
37527 2 36127 37528
37528 2 23938 37529
37529 1 37530
37530 3 30693 34822 37531
37531 4 13964 14819 24246 37532
37532 2 23551 37533
37533 3 9036 17193 37534
37534 1 37535
37535 2 37536 39632
37536 4 19415 19736 28069 37537
37537 1 37538
37538 2 19245 37539
37539 1 37540
37540 2 12384 37541
37541 3 16725 26773 37542
37542 1 37543
37543 2 33332 37544
37544 4 16162 19032 34438 37545
37545 3 21058 24918 37546
37546 2 37547 42719
37547 1 37548
37548 3 23194 37549 38167
37549 2 36373 37550
37550 1 37551
37551 2 32456 37552
37552 3 12338 19163 37553
37553 2 4799 37554
37554 2 2225 37555
37555 2 15493 37556
37556 1 37557
37557 1 37558
37558 3 7915 37559 40845
37559 3 12965 15768 37560
37560 2 11400 37561
37561 3 13309 31223 37562
37562 1 37563
37563 3 14423 31819 37564
37564 3 3771 26021 37565
37565 3 17645 36483 37566
37566 1 37567
37567 3 12684 26770 37568
37568 1 37569
37569 2 2414 37570
37570 1 37571
37571 1 37572
37572 2 23018 37573
37573 1 37574
37574 2 37575 48342
37575 1 37576
37576 1 37577
37577 1 37578
37578 4 36130 37074 37200 37579
37579 1 37580
37580 3 37581 39501 44336
37581 4 321 27811 37582 39059
37582 2 37583 43214
37583 2 37584 47520
37584 2 15413 37585
37585 2 37586 47405
37586 1 37587
37587 1 37588
37588 2 37589 40383
37589 3 15121 36076 37590
37590 4 1662 13750 34261 37591
37591 1 37592
37592 2 37593 42499
37593 1 37594
37594 2 26331 37595
37595 1 37596
37596 2 4487 37597
37597 3 32294 36466 37598
37598 1 37599
37599 4 12235 13262 22920 37600
37600 3 198 32798 37601
37601 2 37602 43520
37602 2 16150 37603
37603 1 37604
37604 2 10485 37605
37605 2 24299 37606
37606 2 27161 37607
37607 1 37608
37608 1 37609
37609 4 17146 27495 33824 37610
37610 3 3814 10851 37611
37611 1 37612
37612 2 23843 37613
37613 1 37614
37614 3 4556 13055 37615
37615 2 34629 37616
37616 2 30287 37617
37617 2 7968 37618
37618 1 37619
37619 1 37620
37620 2 36440 37621
37621 1 37622
37622 3 16525 31132 37623
37623 3 10619 12794 37624
37624 1 37625
37625 1 37626
37626 1 37627
37627 2 37628 42890
37628 2 27300 37629
37629 1 37630
37630 1 37631
37631 1 37632
37632 1 37633
37633 1 37634
37634 3 37635 39404 49540
37635 2 32871 37636
37636 2 37637 47215
37637 3 34610 37638 38970
37638 2 28853 37639
37639 4 16585 32275 37120 37640
37640 3 20852 27571 37641
37641 2 12738 37642
37642 3 7323 34940 37643
37643 1 37644
37644 1 37645
37645 3 335 32797 37646
37646 2 37647 45478
37647 1 37648
37648 2 6516 37649
37649 3 9766 37650 47285
37650 1 37651
37651 1 37652
37652 1 37653
37653 1 37654
37654 2 37655 49859
37655 3 9804 37656 48068
37656 2 37657 48308
37657 2 19569 37658
37658 3 13313 25700 37659
37659 4 1778 27668 31973 37660
37660 1 37661
37661 1 37662
37662 2 37663 47879
37663 2 6301 37664
37664 3 2218 8323 37665
37665 1 37666
37666 2 25762 37667
37667 1 37668
37668 1 37669
37669 1 37670
37670 1 37671
37671 3 14651 30874 37672
37672 3 3202 37673 42390
37673 2 37674 39378
37674 1 37675
37675 1 37676
37676 1 37677
37677 2 37678 48516
37678 2 19113 37679
37679 3 14515 22065 37680
37680 2 33257 37681
37681 3 8221 37682 48698
37682 2 5941 37683
37683 3 11521 37684 44381
37684 2 34037 37685
37685 1 37686
37686 1 37687
37687 2 22329 37688
37688 2 25348 37689
37689 4 1051 6799 37690 44208
37690 3 37691 41519 43433
37691 1 37692
37692 2 37693 38333
37693 2 37694 47927
37694 1 37695
37695 1 37696
37696 5 2375 3502 9560 19291 37697
37697 2 15953 37698
37698 2 22489 37699
37699 1 37700
37700 2 11678 37701
37701 1 37702
37702 2 2432 37703
37703 2 5073 37704
37704 3 19265 28363 37705
37705 1 37706
37706 3 15097 35470 37707
37707 1 37708
37708 4 2056 13291 23165 37709
37709 2 11590 37710
37710 2 10796 37711
37711 1 37712
37712 1 37713
37713 2 37714 43360
37714 1 37715
37715 4 17815 32194 37716 46501
37716 1 37717
37717 2 1237 37718
37718 3 6863 28319 37719
37719 2 27601 37720
37720 2 26399 37721
37721 3 26698 37722 47801
37722 2 5882 37723
37723 5 2680 8166 22072 37724 45731
37724 2 37725 49177
37725 1 37726
37726 2 11616 37727
37727 2 37728 47170
37728 1 37729
37729 1 37730
37730 1 37731
37731 1 37732
37732 4 7045 37733 46328 48677
37733 3 4993 25328 37734
37734 4 18228 37735 39452 41258
37735 2 17441 37736
37736 2 21338 37737
37737 2 37738 41395
37738 2 3617 37739
37739 1 37740
37740 1 37741
37741 2 14382 37742
37742 3 26447 34121 37743
37743 2 13460 37744
37744 3 20014 37745 41746
37745 1 37746
37746 2 2787 37747
37747 1 37748
37748 1 37749
37749 1 37750
37750 1 37751
37751 4 28457 35086 35305 37752
37752 1 37753
37753 2 2800 37754
37754 3 33485 37755 39137
37755 2 37756 49068
37756 3 385 30706 37757
37757 2 28117 37758
37758 2 15025 37759
37759 2 31842 37760
37760 1 37761
37761 3 6055 37762 47250
37762 1 37763
37763 2 9869 37764
37764 1 37765
37765 3 13527 37766 38880
37766 1 37767
37767 1 37768
37768 1 37769
37769 1 37770
37770 2 10329 37771
37771 1 37772
37772 2 24915 37773
37773 1 37774
37774 1 37775
37775 3 21369 22724 37776
37776 1 37777
37777 1 37778
37778 1 37779
37779 4 274 1991 22801 37780
37780 2 37340 37781
37781 4 16481 17062 28371 37782
37782 2 28758 37783
37783 2 343 37784
37784 3 31425 36612 37785
37785 3 17320 17681 37786
37786 3 23451 34147 37787
37787 1 37788
37788 2 5728 37789
37789 2 19146 37790
37790 1 37791
37791 2 37792 46675
37792 1 37793
37793 2 34344 37794
37794 5 1687 17266 33526 37795 39209
37795 2 12979 37796
37796 1 37797
37797 2 31900 37798
37798 1 37799
37799 1 37800
37800 2 34216 37801
37801 2 17174 37802
37802 3 10442 10532 37803
37803 3 22415 25842 37804
37804 4 10453 33498 37805 48362
37805 1 37806
37806 3 13947 30517 37807
37807 2 37808 39371
37808 2 37809 45469
37809 1 37810
37810 2 27549 37811
37811 1 37812
37812 1 37813
37813 2 37814 44295
37814 1 37815
37815 1 37816
37816 3 4075 5339 37817
37817 4 16117 18973 23128 37818
37818 1 37819
37819 3 37820 44673 47647
37820 2 30905 37821
37821 1 37822
37822 3 24075 37823 43365
37823 2 32437 37824
37824 2 37825 41443
37825 3 21136 37826 44075
37826 1 37827
37827 2 9515 37828
37828 2 22807 37829
37829 2 30095 37830
37830 2 37831 43019
37831 2 37832 39853
37832 2 36574 37833
37833 1 37834
37834 1 37835
37835 3 29637 37836 42956
37836 3 37837 41422 48498
37837 2 37838 40579
37838 4 938 19994 34980 37839
37839 1 37840
37840 1 37841
37841 2 298 37842
37842 3 1261 31072 37843
37843 3 2897 37844 37898
37844 3 11915 30422 37845
37845 2 15819 37846
37846 3 25138 31324 37847
37847 2 15500 37848
37848 2 37849 39877
37849 4 28219 35708 37850 49972
37850 2 12422 37851
37851 1 37852
37852 1 37853
37853 1 37854
37854 3 15368 21335 37855
37855 2 37856 38387
37856 1 37857
37857 1 37858
37858 2 28841 37859
37859 2 37860 40200
37860 3 8614 27774 37861
37861 1 37862
37862 1 37863
37863 2 37864 46205
37864 3 9632 19067 37865
37865 1 37866
37866 3 1952 30160 37867
37867 2 34787 37868
37868 1 37869
37869 2 13295 37870
37870 1 37871
37871 2 23920 37872
37872 4 9834 24765 37873 41569
37873 2 2948 37874
37874 1 37875
37875 1 37876
37876 1 37877
37877 1 37878
37878 3 1683 32426 37879
37879 1 37880
37880 3 3215 20452 37881
37881 2 37882 38247
37882 2 10335 37883
37883 3 15597 23225 37884
37884 2 28083 37885
37885 1 37886
37886 1 37887
37887 1 37888
37888 2 37889 49630
37889 2 18877 37890
37890 1 37891
37891 3 8332 37892 46293
37892 2 5897 37893
37893 1 37894
37894 2 14121 37895
37895 3 25176 37896 41367
37896 2 4590 37897
37897 2 31302 37898
37898 2 37899 43476
37899 1 37900
37900 4 8675 21177 32838 37901
37901 3 37902 38849 43391
37902 2 37903 39922
37903 1 37904
37904 3 22934 37905 46799
37905 2 5484 37906
37906 2 27967 37907
37907 1 37908
37908 1 37909
37909 2 6364 37910
37910 3 459 12860 37911
37911 1 37912
37912 2 37913 40485
37913 3 22861 36243 37914
37914 3 24091 37915 41136
37915 4 3364 15338 37916 46663
37916 3 35404 37917 43672
37917 1 37918
37918 4 3106 27165 37919 46293
37919 2 25753 37920
37920 5 65 31878 37921 38469 43490
37921 1 37922
37922 1 37923
37923 3 824 26398 37924
37924 3 2398 3993 37925
37925 2 26752 37926
37926 1 37927
37927 5 10957 30679 37928 42950 48276
37928 1 37929
37929 1 37930
37930 1 37931
37931 2 7945 37932
37932 2 34209 37933
37933 1 37934
37934 1 37935
37935 3 14159 37936 49330
37936 1 37937
37937 1 37938
37938 2 24140 37939
37939 5 25959 37940 43546 46383 49711
37940 2 36701 37941
37941 2 37942 45121
37942 3 9607 37943 47451
37943 1 37944
37944 1 37945
37945 1 37946
37946 3 18072 35524 37947
37947 3 27128 37948 40138
37948 3 11722 22365 37949
37949 3 4484 9064 37950
37950 4 998 15128 21847 37951
37951 1 37952
37952 1 37953
37953 2 8363 37954
37954 2 22787 37955
37955 2 27058 37956
37956 6 6269 14522 16839 36041 37957 41143
37957 2 17513 37958
37958 2 1316 37959
37959 2 19203 37960
37960 2 20074 37961
37961 1 37962
37962 2 37963 39034
37963 3 20811 27047 37964
37964 2 14081 37965
37965 2 37966 40830
37966 2 37967 49524
37967 1 37968
37968 1 37969
37969 1 37970
37970 5 4714 35191 36522 37971 42981
37971 1 37972
37972 2 10812 37973
37973 3 36598 37974 45041
37974 2 34375 37975
37975 2 17023 37976
37976 2 18263 37977
37977 1 37978
37978 1 37979
37979 1 37980
37980 1 37981
37981 2 37085 37982
37982 1 37983
37983 2 34961 37984
37984 1 37985
37985 2 22918 37986
37986 1 37987
37987 3 23679 35535 37988
37988 3 7742 17175 37989
37989 3 27318 37990 39818
37990 2 24093 37991
37991 3 31616 37992 43004
37992 1 37993
37993 3 23986 34015 37994
37994 2 33385 37995
37995 2 3194 37996
37996 3 34567 35501 37997
37997 1 37998
37998 3 401 5776 37999
37999 2 37171 38000
38000 1 38001
38001 2 38002 43868
38002 1 38003
38003 2 5075 38004
38004 2 7159 38005
38005 3 12847 15728 38006
38006 2 24710 38007
38007 1 38008
38008 3 21138 26982 38009
38009 1 38010
38010 1 38011
38011 2 12426 38012
38012 2 26995 38013
38013 2 7674 38014
38014 3 3839 38015 44594
38015 1 38016
38016 1 38017
38017 2 25848 38018
38018 2 17449 38019
38019 2 2279 38020
38020 3 1115 17730 38021
38021 3 128 4462 38022
38022 3 10720 17361 38023
38023 2 37034 38024
38024 1 38025
38025 2 15377 38026
38026 3 23280 38027 46585
38027 1 38028
38028 3 10042 38029 43142
38029 2 29761 38030
38030 3 7820 18164 38031
38031 1 38032
38032 2 6741 38033
38033 2 11733 38034
38034 2 38035 41615
38035 1 38036
38036 2 18772 38037
38037 1 38038
38038 3 12408 25294 38039
38039 1 38040
38040 1 38041
38041 1 38042
38042 1 38043
38043 4 24756 30029 38044 47480
38044 2 18315 38045
38045 3 14045 28295 38046
38046 2 37005 38047
38047 2 24582 38048
38048 3 1450 28775 38049
38049 2 23799 38050
38050 2 12080 38051
38051 1 38052
38052 3 9678 13073 38053
38053 1 38054
38054 1 38055
38055 3 12925 38056 38905
38056 2 38057 47927
38057 3 19499 38058 42605
38058 2 16142 38059
38059 2 2982 38060
38060 1 38061
38061 1 38062
38062 3 21957 32785 38063
38063 2 35216 38064
38064 3 92 26590 38065
38065 2 38066 44069
38066 2 38067 42464
38067 1 38068
38068 2 17853 38069
38069 1 38070
38070 2 12745 38071
38071 2 5570 38072
38072 2 38073 40522
38073 1 38074
38074 2 6276 38075
38075 1 38076
38076 3 2785 38077 49311
38077 2 32922 38078
38078 3 17353 38079 41606
38079 2 38080 42056
38080 1 38081
38081 1 38082
38082 2 38083 38093
38083 2 31088 38084
38084 2 37104 38085
38085 2 3792 38086
38086 1 38087
38087 2 29506 38088
38088 1 38089
38089 1 38090
38090 3 26778 32431 38091
38091 1 38092
38092 1 38093
38093 2 15760 38094
38094 1 38095
38095 3 11233 38096 48593
38096 3 17613 38097 45009
38097 1 38098
38098 1 38099
38099 3 880 11092 38100
38100 1 38101
38101 2 9332 38102
38102 1 38103
38103 2 33997 38104
38104 3 25547 31486 38105
38105 3 24831 38106 49579
38106 3 31591 38107 47390
38107 2 30956 38108
38108 2 27121 38109
38109 3 28316 33978 38110
38110 3 38111 42457 43926
38111 3 19567 22938 38112
38112 1 38113
38113 1 38114
38114 1 38115
38115 2 34631 38116
38116 4 16215 18435 38117 40835
38117 3 17980 23772 38118
38118 1 38119
38119 2 9645 38120
38120 1 38121
38121 3 28797 29465 38122
38122 2 19269 38123
38123 2 23860 38124
38124 2 38125 40585
38125 3 2737 38126 42111
38126 4 6503 14618 38127 42906
38127 2 5870 38128
38128 1 38129
38129 3 30191 38130 46340
38130 2 19433 38131
38131 2 11344 38132
38132 1 38133
38133 2 35892 38134
38134 2 22597 38135
38135 3 18625 21647 38136
38136 2 37194 38137
38137 2 27932 38138
38138 2 8250 38139
38139 3 19416 32706 38140
38140 5 6390 17164 38141 39132 40981
38141 1 38142
38142 2 38143 40001
38143 3 35819 37466 38144
38144 1 38145
38145 2 38146 43394
38146 3 11337 38147 45289
38147 2 38148 42230
38148 2 10012 38149
38149 2 1185 38150
38150 1 38151
38151 2 18014 38152
38152 2 24841 38153
38153 2 20961 38154
38154 2 36496 38155
38155 3 34021 38156 49674
38156 4 4459 17463 38157 45317
38157 1 38158
38158 2 2067 38159
38159 3 18957 38160 47511
38160 2 38161 40972
38161 1 38162
38162 4 8152 31611 38163 48965
38163 3 6855 38164 44964
38164 2 8023 38165
38165 3 31853 38166 45328
38166 3 5434 30586 38167
38167 1 38168
38168 2 30021 38169
38169 2 20767 38170
38170 2 18377 38171
38171 7 11076 17035 17611 26997 36630 38172 40295
38172 2 38173 45308
38173 2 27390 38174
38174 2 23255 38175
38175 2 16246 38176
38176 2 38177 45811
38177 3 3256 6430 38178
38178 2 27111 38179
38179 1 38180
38180 1 38181
38181 2 5597 38182
38182 1 38183
38183 1 38184
38184 3 4730 33485 38185
38185 2 26135 38186
38186 1 38187
38187 3 3224 14267 38188
38188 1 38189
38189 1 38190
38190 2 28848 38191
38191 1 38192
38192 1 38193
38193 3 3143 15571 38194
38194 4 11030 24833 36366 38195
38195 2 11623 38196
38196 1 38197
38197 1 38198
38198 1 38199
38199 2 24046 38200
38200 4 12158 12654 38201 47942
38201 2 38202 39715
38202 4 362 3876 38203 46307
38203 2 22920 38204
38204 1 38205
38205 1 38206
38206 3 24859 38207 38809
38207 1 38208
38208 1 38209
38209 1 38210
38210 2 10352 38211
38211 2 38212 42072
38212 1 38213
38213 5 4066 10311 30219 38214 39655
38214 2 38215 39345
38215 1 38216
38216 3 2003 13251 38217
38217 2 6536 38218
38218 1 38219
38219 2 38220 49650
38220 1 38221
38221 1 38222
38222 1 38223
38223 1 38224
38224 2 19737 38225
38225 2 15515 38226
38226 2 37288 38227
38227 2 6176 38228
38228 3 23211 34985 38229
38229 2 7570 38230
38230 3 4592 35707 38231
38231 2 17240 38232
38232 4 4077 12763 38233 44104
38233 3 38234 45758 46105
38234 1 38235
38235 1 38236
38236 1 38237
38237 2 38238 48434
38238 3 1981 13910 38239
38239 2 33758 38240
38240 2 20662 38241
38241 1 38242
38242 3 6382 38243 49669
38243 4 15586 29730 35712 38244
38244 2 11680 38245
38245 2 38246 48490
38246 2 3331 38247
38247 4 1261 25368 38248 49703
38248 1 38249
38249 3 9506 26299 38250
38250 2 35594 38251
38251 1 38252
38252 1 38253
38253 4 1081 36852 38254 38497
38254 4 580 18404 38255 40815
38255 1 38256
38256 1 38257
38257 1 38258
38258 3 24282 36870 38259
38259 2 14675 38260
38260 1 38261
38261 2 18149 38262
38262 2 37645 38263
38263 2 38264 42578
38264 1 38265
38265 2 31662 38266
38266 3 14208 38267 46907
38267 1 38268
38268 1 38269
38269 1 38270
38270 3 7849 38271 45478
38271 3 7441 38272 44805
38272 2 38273 44746
38273 3 38274 38423 45682
38274 3 6609 24689 38275
38275 3 2568 7300 38276
38276 1 38277
38277 3 10853 16725 38278
38278 3 9052 38279 43248
38279 2 10992 38280
38280 3 32666 37345 38281
38281 1 38282
38282 1 38283
38283 1 38284
38284 4 4092 12836 20643 38285
38285 2 28601 38286
38286 1 38287
38287 1 38288
38288 2 38289 43015
38289 2 26526 38290
38290 3 26722 38291 45752
38291 1 38292
38292 3 38293 44268 45308
38293 1 38294
38294 1 38295
38295 2 33870 38296
38296 3 3666 7977 38297
38297 2 2868 38298
38298 3 32122 37948 38299
38299 1 38300
38300 1 38301
38301 3 7230 9480 38302
38302 2 202 38303
38303 1 38304
38304 2 38305 48189
38305 1 38306
38306 2 12262 38307
38307 3 38308 44406 49087
38308 4 13938 35304 38309 47108
38309 1 38310
38310 1 38311
38311 1 38312
38312 1 38313
38313 2 2204 38314
38314 1 38315
38315 1 38316
38316 1 38317
38317 3 5577 36764 38318
38318 1 38319
38319 4 22561 30558 38320 43429
38320 3 16203 37016 38321
38321 3 1869 20648 38322
38322 1 38323
38323 2 3656 38324
38324 1 38325
38325 4 8150 25065 35344 38326
38326 2 7316 38327
38327 2 25427 38328
38328 1 38329
38329 1 38330
38330 2 38331 38433
38331 1 38332
38332 2 30629 38333
38333 2 388 38334
38334 2 4079 38335
38335 1 38336
38336 1 38337
38337 2 30950 38338
38338 1 38339
38339 1 38340
38340 3 25595 30311 38341
38341 2 38342 49802
38342 1 38343
38343 2 2516 38344
38344 3 5212 19112 38345
38345 3 11211 29483 38346
38346 1 38347
38347 2 24599 38348
38348 1 38349
38349 1 38350
38350 4 19539 27238 27813 38351
38351 2 11291 38352
38352 1 38353
38353 2 38354 45411
38354 1 38355
38355 1 38356
38356 2 31248 38357
38357 3 11603 25462 38358
38358 2 33840 38359
38359 1 38360
38360 3 2406 38361 49411
38361 1 38362
38362 2 38363 44966
38363 2 38364 44529
38364 1 38365
38365 2 38366 48725
38366 3 29465 32768 38367
38367 3 5272 34711 38368
38368 1 38369
38369 2 38370 44796
38370 3 14372 38371 43602
38371 2 414 38372
38372 1 38373
38373 2 593 38374
38374 3 276 38375 38860
38375 1 38376
38376 4 13861 38377 38382 43009
38377 1 38378
38378 4 24532 37671 38379 44880
38379 1 38380
38380 2 10803 38381
38381 2 32515 38382
38382 2 33243 38383
38383 3 9715 33708 38384
38384 1 38385
38385 2 22648 38386
38386 1 38387
38387 2 2408 38388
38388 2 22639 38389
38389 1 38390
38390 4 4345 20144 38391 47594
38391 3 542 37163 38392
38392 4 684 28096 35639 38393
38393 2 17798 38394
38394 1 38395
38395 3 38396 39938 45638
38396 1 38397
38397 4 939 5795 14293 38398
38398 2 29540 38399
38399 1 38400
38400 2 24165 38401
38401 1 38402
38402 3 33582 38403 45451
38403 3 4261 32269 38404
38404 2 38405 43813
38405 2 15179 38406
38406 2 26396 38407
38407 2 9766 38408
38408 1 38409
38409 1 38410
38410 2 15685 38411
38411 1 38412
38412 2 33207 38413
38413 2 5328 38414
38414 2 24004 38415
38415 1 38416
38416 1 38417
38417 1 38418
38418 3 18350 35319 38419
38419 2 34970 38420
38420 1 38421
38421 2 1011 38422
38422 2 34138 38423
38423 3 17350 36903 38424
38424 2 29430 38425
38425 2 38426 42552
38426 2 11896 38427
38427 3 23348 32077 38428
38428 2 14206 38429
38429 1 38430
38430 3 3134 12832 38431
38431 1 38432
38432 2 38136 38433
38433 1 38434
38434 1 38435
38435 2 13748 38436
38436 2 31943 38437
38437 2 10388 38438
38438 5 23335 38039 38439 43279 47444
38439 3 23615 38440 48427
38440 2 38441 41373
38441 2 10608 38442
38442 1 38443
38443 2 24906 38444
38444 1 38445
38445 1 38446
38446 1 38447
38447 1 38448
38448 2 11826 38449
38449 1 38450
38450 2 18311 38451
38451 2 38452 39672
38452 1 38453
38453 3 9441 38454 49872
38454 2 23132 38455
38455 3 21027 37783 38456
38456 1 38457
38457 1 38458
38458 1 38459
38459 2 38210 38460
38460 4 26210 30030 38461 45737
38461 4 3763 7337 17523 38462
38462 3 21631 30733 38463
38463 3 13023 36155 38464
38464 1 38465
38465 4 810 6276 38466 42162
38466 2 38297 38467
38467 1 38468
38468 2 3106 38469
38469 3 26624 38470 47481
38470 2 38471 46802
38471 1 38472
38472 2 17549 38473
38473 1 38474
38474 1 38475
38475 2 31245 38476
38476 1 38477
38477 2 27718 38478
38478 1 38479
38479 3 25581 38480 45770
38480 3 22712 31224 38481
38481 2 38482 39331
38482 2 16773 38483
38483 2 3908 38484
38484 2 38485 38592
38485 2 38486 41586
38486 2 38487 39946
38487 4 14356 19411 38023 38488
38488 2 33762 38489
38489 1 38490
38490 1 38491
38491 1 38492
38492 1 38493
38493 2 38494 47668
38494 1 38495
38495 3 36533 38496 48598
38496 1 38497
38497 1 38498
38498 2 27588 38499
38499 1 38500
38500 4 7864 21152 38501 40816
38501 2 38502 49924
38502 2 38503 47796
38503 2 24103 38504
38504 1 38505
38505 2 23591 38506
38506 2 5271 38507
38507 2 38322 38508
38508 2 13464 38509
38509 3 5734 22430 38510
38510 5 29110 33801 36239 38511 40900
38511 2 38512 44503
38512 4 8084 12308 15100 38513
38513 4 4358 32114 38514 43291
38514 2 4878 38515
38515 1 38516
38516 1 38517
38517 2 14789 38518
38518 3 22817 38519 42687
38519 3 16988 38336 38520
38520 1 38521
38521 3 6603 10730 38522
38522 1 38523
38523 6 3685 12105 12661 19297 38524 40403
38524 2 38525 46774
38525 5 246 21941 29511 38526 41239
38526 1 38527
38527 2 3637 38528
38528 2 22676 38529
38529 1 38530
38530 1 38531
38531 1 38532
38532 2 17804 38533
38533 3 8228 29628 38534
38534 1 38535
38535 1 38536
38536 2 24465 38537
38537 2 27574 38538
38538 4 11204 12094 34567 38539
38539 3 38540 44461 46179
38540 1 38541
38541 4 2903 30105 37652 38542
38542 3 2521 38543 41705
38543 2 20671 38544
38544 1 38545
38545 3 10606 38546 43276
38546 1 38547
38547 2 29973 38548
38548 1 38549
38549 1 38550
38550 3 28361 32035 38551
38551 3 19959 38552 40401
38552 3 13345 19446 38553
38553 3 25934 38554 42977
38554 2 1332 38555
38555 4 6833 29318 38556 46056
38556 2 33627 38557
38557 3 19561 33461 38558
38558 3 7538 17338 38559
38559 1 38560
38560 1 38561
38561 1 38562
38562 5 16903 19575 25055 26705 38563
38563 1 38564
38564 2 38565 40814
38565 2 38204 38566
38566 1 38567
38567 3 9058 38568 42486
38568 3 33124 36605 38569
38569 1 38570
38570 2 2923 38571
38571 2 11706 38572
38572 2 16451 38573
38573 1 38574
38574 2 31105 38575
38575 2 38576 45712
38576 2 30206 38577
38577 3 15792 38578 45971
38578 3 38579 41687 44308
38579 1 38580
38580 3 20322 38581 49657
38581 3 7785 12704 38582
38582 1 38583
38583 3 14116 38584 43132
38584 1 38585
38585 3 7545 35239 38586
38586 1 38587
38587 1 38588
38588 3 31530 33598 38589
38589 2 36805 38590
38590 2 38591 40789
38591 2 25574 38592
38592 1 38593
38593 1 38594
38594 3 4862 17060 38595
38595 3 10680 38596 40361
38596 2 38597 48326
38597 2 31859 38598
38598 3 12731 30798 38599
38599 2 38600 39863
38600 4 768 3055 38601 47950
38601 1 38602
38602 2 7698 38603
38603 1 38604
38604 2 14262 38605
38605 4 35409 38589 38606 42262
38606 1 38607
38607 2 38465 38608
38608 2 12568 38609
38609 3 9249 34917 38610
38610 1 38611
38611 1 38612
38612 5 13101 19541 28426 30498 38613
38613 2 33928 38614
38614 2 23296 38615
38615 3 2411 36687 38616
38616 2 38617 49299
38617 1 38618
38618 2 33676 38619
38619 3 38620 40000 40966
38620 1 38621
38621 3 7466 23633 38622
38622 3 23738 38623 40968
38623 2 38624 40722
38624 3 25677 37821 38625
38625 3 25211 38626 42949
38626 1 38627
38627 1 38628
38628 1 38629
38629 1 38630
38630 2 14370 38631
38631 1 38632
38632 1 38633
38633 1 38634
38634 1 38635
38635 1 38636
38636 1 38637
38637 2 12406 38638
38638 1 38639
38639 2 38640 44673
38640 3 8816 38641 40927
38641 2 30004 38642
38642 3 6453 38643 49740
38643 1 38644
38644 1 38645
38645 5 16004 32749 38646 46934 49853
38646 1 38647
38647 1 38648
38648 1 38649
38649 2 38650 41925
38650 1 38651
38651 2 2230 38652
38652 3 16292 38653 41064
38653 2 38654 44229
38654 2 38655 47487
38655 1 38656
38656 2 35717 38657
38657 2 1686 38658
38658 1 38659
38659 4 26642 33296 38660 42027
38660 1 38661
38661 2 38662 39697
38662 1 38663
38663 1 38664
38664 1 38665
38665 3 32262 38666 42187
38666 2 38667 49729
38667 4 11660 19512 27114 38668
38668 1 38669
38669 3 33632 38670 41637
38670 2 38671 44727
38671 3 27842 30299 38672
38672 1 38673
38673 1 38674
38674 1 38675
38675 2 8306 38676
38676 2 13646 38677
38677 4 13964 15216 19482 38678
38678 1 38679
38679 2 11267 38680
38680 4 6860 38681 39722 42744
38681 1 38682
38682 3 37432 38683 47341
38683 2 18685 38684
38684 1 38685
38685 2 38686 48995
38686 2 2663 38687
38687 1 38688
38688 4 6384 24077 38689 45370
38689 1 38690
38690 2 8189 38691
38691 4 3318 8429 32598 38692
38692 2 38693 45026
38693 1 38694
38694 1 38695
38695 2 1472 38696
38696 2 2558 38697
38697 1 38698
38698 2 38699 48926
38699 2 719 38700
38700 3 1303 38701 41433
38701 1 38702
38702 1 38703
38703 1 38704
38704 1 38705
38705 3 4558 18442 38706
38706 2 38707 45498
38707 3 32990 33370 38708
38708 2 18865 38709
38709 3 28832 31960 38710
38710 3 598 5458 38711
38711 1 38712
38712 2 33363 38713
38713 3 2503 30034 38714
38714 3 31526 38715 43252
38715 1 38716
38716 1 38717
38717 2 2357 38718
38718 3 11804 38719 44914
38719 2 16642 38720
38720 1 38721
38721 2 34640 38722
38722 3 38723 41096 45562
38723 2 31786 38724
38724 2 27894 38725
38725 1 38726
38726 4 1455 19555 22295 38727
38727 5 235 6354 34804 38728 47561
38728 1 38729
38729 1 38730
38730 2 7915 38731
38731 1 38732
38732 1 38733
38733 1 38734
38734 2 32534 38735
38735 1 38736
38736 2 34179 38737
38737 3 13228 22756 38738
38738 2 38739 45201
38739 1 38740
38740 1 38741
38741 2 23360 38742
38742 3 13591 38743 48615
38743 1 38744
38744 2 36421 38745
38745 1 38746
38746 4 19577 31462 38747 42239
38747 3 3808 29945 38748
38748 2 5199 38749
38749 2 23976 38750
38750 4 4601 13898 32048 38751
38751 2 23979 38752
38752 2 27751 38753
38753 2 36800 38754
38754 4 776 27856 38755 47731
38755 4 20715 20810 23863 38756
38756 2 38757 40204
38757 3 26441 27912 38758
38758 1 38759
38759 2 25786 38760
38760 3 26773 34004 38761
38761 3 15944 17434 38762
38762 3 21246 38763 47413
38763 1 38764
38764 1 38765
38765 4 8186 33594 38766 39248
38766 4 331 22397 38275 38767
38767 2 2140 38768
38768 2 21854 38769
38769 1 38770
38770 2 23601 38771
38771 1 38772
38772 4 2389 5372 14844 38773
38773 4 16691 38373 38774 49730
38774 2 38368 38775
38775 1 38776
38776 2 14822 38777
38777 1 38778
38778 4 18878 25825 35676 38779
38779 1 38780
38780 5 3186 19905 30431 31896 38781
38781 3 22406 35342 38782
38782 2 38783 40302
38783 4 5280 27781 38784 42554
38784 1 38785
38785 2 38786 41638
38786 2 13141 38787
38787 1 38788
38788 2 8881 38789
38789 3 4606 9712 38790
38790 1 38791
38791 2 34038 38792
38792 1 38793
38793 3 10369 31744 38794
38794 1 38795
38795 2 31578 38796
38796 2 24415 38797
38797 2 187 38798
38798 1 38799
38799 3 19059 37567 38800
38800 2 38515 38801
38801 3 1685 38802 49215
38802 3 23398 27525 38803
38803 1 38804
38804 2 3579 38805
38805 2 5545 38806
38806 1 38807
38807 1 38808
38808 2 38809 46917
38809 2 20405 38810
38810 2 2082 38811
38811 3 38812 40293 45212
38812 1 38813
38813 2 18613 38814
38814 2 38815 49543
38815 1 38816
38816 3 757 38817 39021
38817 3 2924 12479 38818
38818 1 38819
38819 1 38820
38820 2 20834 38821
38821 2 18852 38822
38822 1 38823
38823 2 15582 38824
38824 3 29405 35157 38825
38825 1 38826
38826 3 16850 38827 48733
38827 2 38828 46263
38828 5 19366 19768 24385 37613 38829
38829 1 38830
38830 1 38831
38831 1 38832
38832 2 38833 39716
38833 1 38834
38834 2 25759 38835
38835 2 25924 38836
38836 1 38837
38837 2 38838 40818
38838 1 38839
38839 2 997 38840
38840 2 15459 38841
38841 1 38842
38842 2 13623 38843
38843 2 20150 38844
38844 4 8536 38845 44349 49546
38845 4 3496 24413 38846 41367
38846 1 38847
38847 2 26452 38848
38848 2 35156 38849
38849 3 38850 41179 43291
38850 1 38851
38851 3 7113 38852 38881
38852 2 23781 38853
38853 1 38854
38854 2 38855 47049
38855 2 19708 38856
38856 2 19523 38857
38857 1 38858
38858 2 38859 46501
38859 5 18082 20575 22290 38860 43859
38860 4 14946 25250 29809 38861
38861 3 33421 38862 42992
38862 2 38863 40696
38863 1 38864
38864 2 38865 49517
38865 3 38866 43552 45966
38866 1 38867
38867 3 7612 25429 38868
38868 1 38869
38869 2 15862 38870
38870 2 31756 38871
38871 2 27192 38872
38872 1 38873
38873 3 14060 32070 38874
38874 2 14543 38875
38875 4 3064 10496 38876 39175
38876 2 37935 38877
38877 1 38878
38878 2 17812 38879
38879 3 4833 30542 38880
38880 1 38881
38881 2 28623 38882
38882 2 408 38883
38883 3 7508 33223 38884
38884 3 30036 37509 38885
38885 3 6259 6837 38886
38886 3 17606 34848 38887
38887 2 16531 38888
38888 1 38889
38889 2 38890 39798
38890 2 38891 43785
38891 1 38892
38892 5 408 22800 30564 38893 39677
38893 3 13099 38894 43756
38894 2 38895 39226
38895 1 38896
38896 1 38897
38897 2 20524 38898
38898 3 8362 22053 38899
38899 1 38900
38900 2 20993 38901
38901 1 38902
38902 2 38903 39788
38903 1 38904
38904 1 38905
38905 3 1399 25779 38906
38906 1 38907
38907 1 38908
38908 3 19793 38909 43624
38909 5 11457 28043 33605 34494 38910
38910 2 2490 38911
38911 1 38912
38912 3 17386 31585 38913
38913 1 38914
38914 3 5246 16537 38915
38915 1 38916
38916 2 9092 38917
38917 1 38918
38918 2 38919 42424
38919 1 38920
38920 1 38921
38921 1 38922
38922 1 38923
38923 2 22436 38924
38924 1 38925
38925 1 38926
38926 2 13854 38927
38927 2 29782 38928
38928 2 10156 38929
38929 4 14915 38930 45200 47850
38930 3 27687 38931 43583
38931 2 12677 38932
38932 4 22906 38933 44640 49184
38933 2 37409 38934
38934 5 14903 16123 23987 34420 38935
38935 3 5597 20598 38936
38936 1 38937
38937 2 20646 38938
38938 1 38939
38939 3 2300 15430 38940
38940 1 38941
38941 1 38942
38942 1 38943
38943 3 9524 38944 40815
38944 1 38945
38945 4 26751 29141 36424 38946
38946 2 38425 38947
38947 1 38948
38948 2 5879 38949
38949 2 20620 38950
38950 1 38951
38951 4 6242 28584 38952 44445
38952 3 7698 10413 38953
38953 1 38954
38954 2 31966 38955
38955 1 38956
38956 1 38957
38957 3 24185 38958 46531
38958 2 11370 38959
38959 2 14687 38960
38960 1 38961
38961 1 38962
38962 2 26518 38963
38963 4 15048 34782 38945 38964
38964 1 38965
38965 2 38966 42935
38966 1 38967
38967 2 11351 38968
38968 3 4834 14293 38969
38969 2 27954 38970
38970 2 19224 38971
38971 2 5844 38972
38972 3 2585 37387 38973
38973 2 32826 38974
38974 3 11550 27488 38975
38975 2 38976 44098
38976 4 8760 23722 32616 38977
38977 1 38978
38978 4 5810 24069 38979 39375
38979 2 28577 38980
38980 1 38981
38981 2 26679 38982
38982 1 38983
38983 2 38984 46918
38984 2 32736 38985
38985 1 38986
38986 2 22312 38987
38987 1 38988
38988 2 18282 38989
38989 2 38990 49449
38990 3 15351 29482 38991
38991 1 38992
38992 1 38993
38993 2 368 38994
38994 1 38995
38995 3 38996 42975 46433
38996 5 21245 29473 38997 42827 49670
38997 3 28967 31843 38998
38998 1 38999
38999 2 36546 39000
39000 2 36397 39001
39001 3 10318 31548 39002
39002 4 25764 39003 41872 42847
39003 2 39004 46771
39004 1 39005
39005 1 39006
39006 2 37335 39007
39007 1 39008
39008 1 39009
39009 2 23778 39010
39010 3 33677 39011 42501
39011 4 4537 10894 20870 39012
39012 2 32001 39013
39013 1 39014
39014 1 39015
39015 3 31203 38928 39016
39016 2 12493 39017
39017 2 30614 39018
39018 3 39019 39228 45097
39019 2 10530 39020
39020 2 39021 40777
39021 2 19421 39022
39022 2 8483 39023
39023 3 10382 18802 39024
39024 3 19753 32731 39025
39025 1 39026
39026 1 39027
39027 4 8036 23371 24112 39028
39028 2 17603 39029
39029 1 39030
39030 2 32468 39031
39031 1 39032
39032 1 39033
39033 1 39034
39034 2 2522 39035
39035 2 39036 43575
39036 2 39037 40832
39037 1 39038
39038 3 3236 34841 39039
39039 2 11966 39040
39040 1 39041
39041 1 39042
39042 1 39043
39043 2 24751 39044
39044 3 29662 37061 39045
39045 2 11240 39046
39046 1 39047
39047 2 39048 44842
39048 2 13888 39049
39049 4 1861 15290 39050 44558
39050 3 12142 18424 39051
39051 3 1155 39052 44605
39052 1 39053
39053 1 39054
39054 3 17458 27314 39055
39055 4 5994 38725 39056 47509
39056 1 39057
39057 1 39058
39058 2 34839 39059
39059 3 8142 16029 39060
39060 2 34020 39061
39061 2 39062 45576
39062 2 35135 39063
39063 2 39064 42287
39064 2 39065 40772
39065 1 39066
39066 2 31690 39067
39067 3 39068 41570 45551
39068 2 19564 39069
39069 1 39070
39070 1 39071
39071 2 34363 39072
39072 1 39073
39073 3 12978 39074 42383
39074 2 33077 39075
39075 3 11416 26365 39076
39076 6 5824 27629 36319 39077 44721 49176
39077 1 39078
39078 1 39079
39079 2 34484 39080
39080 1 39081
39081 2 7795 39082
39082 1 39083
39083 2 33387 39084
39084 3 20126 30195 39085
39085 1 39086
39086 3 24470 34882 39087
39087 2 33547 39088
39088 3 16141 39089 40184
39089 1 39090
39090 2 5421 39091
39091 4 11194 35232 39092 48844
39092 3 14515 39093 41676
39093 4 21 38068 39094 43540
39094 1 39095
39095 1 39096
39096 2 39097 48262
39097 1 39098
39098 2 39099 49205
39099 4 14497 25294 33849 39100
39100 4 4380 27293 39101 46774
39101 1 39102
39102 4 638 6432 25745 39103
39103 2 23136 39104
39104 2 39105 48061
39105 2 38477 39106
39106 3 39107 39129 40493
39107 3 13566 36208 39108
39108 1 39109
39109 2 36757 39110
39110 2 25901 39111
39111 2 101 39112
39112 2 16889 39113
39113 4 15591 25368 37445 39114
39114 1 39115
39115 1 39116
39116 2 20094 39117
39117 2 19752 39118
39118 1 39119
39119 2 7013 39120
39120 2 39121 40027
39121 3 11454 34067 39122
39122 1 39123
39123 2 2246 39124
39124 1 39125
39125 2 8517 39126
39126 4 23943 23983 33109 39127
39127 3 17704 23616 39128
39128 4 7015 39129 46288 48436
39129 2 6223 39130
39130 1 39131
39131 2 31229 39132
39132 1 39133
39133 2 31735 39134
39134 2 11379 39135
39135 1 39136
39136 1 39137
39137 3 2847 5945 39138
39138 2 10474 39139
39139 1 39140
39140 3 4031 39141 41619
39141 2 4011 39142
39142 1 39143
39143 1 39144
39144 1 39145
39145 3 472 3458 39146
39146 1 39147
39147 2 30101 39148
39148 1 39149
39149 3 6867 27295 39150
39150 1 39151
39151 2 15553 39152
39152 1 39153
39153 3 11121 24136 39154
39154 1 39155
39155 2 2460 39156
39156 2 2722 39157
39157 1 39158
39158 1 39159
39159 3 14987 21322 39160
39160 1 39161
39161 2 6014 39162
39162 2 4978 39163
39163 2 11632 39164
39164 2 10370 39165
39165 1 39166
39166 3 31745 39167 43608
39167 1 39168
39168 3 30306 31393 39169
39169 1 39170
39170 2 33413 39171
39171 3 7033 25311 39172
39172 3 30330 39173 40411
39173 1 39174
39174 2 9195 39175
39175 2 15160 39176
39176 2 28970 39177
39177 1 39178
39178 3 31252 39179 47569
39179 4 7016 36418 37079 39180
39180 2 39181 42112
39181 2 32709 39182
39182 1 39183
39183 3 24219 31784 39184
39184 2 11101 39185
39185 3 3710 8609 39186
39186 2 21179 39187
39187 3 18791 39188 43653
39188 2 35570 39189
39189 2 25219 39190
39190 2 7222 39191
39191 1 39192
39192 1 39193
39193 3 17646 39194 43016
39194 4 6395 8517 39195 41018
39195 1 39196
39196 2 7030 39197
39197 3 29726 37462 39198
39198 3 6242 22480 39199
39199 1 39200
39200 2 2674 39201
39201 3 21820 28022 39202
39202 2 18536 39203
39203 1 39204
39204 2 34595 39205
39205 1 39206
39206 2 35285 39207
39207 3 8374 14602 39208
39208 1 39209
39209 2 35438 39210
39210 1 39211
39211 4 2623 5360 10311 39212
39212 1 39213
39213 4 2625 29274 39214 41968
39214 3 23956 35342 39215
39215 1 39216
39216 1 39217
39217 4 9755 20971 39218 42460
39218 3 21545 35808 39219
39219 2 762 39220
39220 2 31621 39221
39221 1 39222
39222 1 39223
39223 3 18159 18356 39224
39224 1 39225
39225 1 39226
39226 1 39227
39227 1 39228
39228 1 39229
39229 1 39230
39230 6 2350 6921 15536 22568 36511 39231
39231 1 39232
39232 2 39233 42171
39233 3 24245 25988 39234
39234 1 39235
39235 2 11705 39236
39236 2 15161 39237
39237 3 23559 29981 39238
39238 1 39239
39239 1 39240
39240 2 20745 39241
39241 1 39242
39242 2 6262 39243
39243 2 3051 39244
39244 3 39245 39657 40238
39245 1 39246
39246 1 39247
39247 3 19017 39248 48496
39248 2 2805 39249
39249 2 8077 39250
39250 4 454 26109 39251 49593
39251 2 30437 39252
39252 3 19349 29343 39253
39253 2 20129 39254
39254 1 39255
39255 3 8764 35602 39256
39256 2 38952 39257
39257 5 2056 8451 17692 39258 43383
39258 2 15270 39259
39259 2 3463 39260
39260 1 39261
39261 1 39262
39262 2 38328 39263
39263 3 2791 11103 39264
39264 2 33688 39265
39265 2 28125 39266
39266 3 18740 22477 39267
39267 1 39268
39268 3 5540 10988 39269
39269 2 3405 39270
39270 1 39271
39271 2 12448 39272
39272 2 39273 41638
39273 1 39274
39274 1 39275
39275 3 21623 23545 39276
39276 2 21355 39277
39277 4 30505 38337 39278 44079
39278 2 16349 39279
39279 1 39280
39280 3 16968 39281 44988
39281 1 39282
39282 2 31195 39283
39283 2 32887 39284
39284 2 38643 39285
39285 2 35659 39286
39286 2 39287 42850
39287 1 39288
39288 3 144 39289 46432
39289 2 30734 39290
39290 2 20811 39291
39291 1 39292
39292 4 39293 44044 45561 48049
39293 2 39247 39294
39294 1 39295
39295 1 39296
39296 1 39297
39297 1 39298
39298 2 39299 44829
39299 3 16038 34126 39300
39300 2 1861 39301
39301 4 12277 38910 39302 47618
39302 2 39303 42964
39303 3 2486 24651 39304
39304 2 23549 39305
39305 3 8775 39306 48159
39306 4 18196 36609 39307 46788
39307 2 25709 39308
39308 4 33413 34345 38391 39309
39309 1 39310
39310 1 39311
39311 4 26404 32856 39312 46338
39312 2 39313 40434
39313 1 39314
39314 4 11078 39315 42940 47081
39315 1 39316
39316 4 1823 31101 39317 46279
39317 2 38400 39318
39318 2 39319 47193
39319 2 3929 39320
39320 3 4209 27229 39321
39321 1 39322
39322 1 39323
39323 2 4472 39324
39324 1 39325
39325 3 17282 39326 41974
39326 2 39327 42367
39327 1 39328
39328 3 13015 39329 44271
39329 2 38716 39330
39330 2 37653 39331
39331 2 39332 43821
39332 1 39333
39333 1 39334
39334 2 39335 45979
39335 1 39336
39336 1 39337
39337 1 39338
39338 1 39339
39339 2 13629 39340
39340 1 39341
39341 2 13523 39342
39342 1 39343
39343 1 39344
39344 1 39345
39345 1 39346
39346 1 39347
39347 2 8323 39348
39348 2 9865 39349
39349 2 39350 45612
39350 2 30319 39351
39351 1 39352
39352 2 34344 39353
39353 1 39354
39354 2 8038 39355
39355 1 39356
39356 2 2288 39357
39357 1 39358
39358 5 605 4855 19158 32959 39359
39359 3 13489 29037 39360
39360 1 39361
39361 2 129 39362
39362 4 4281 18854 37164 39363
39363 3 22197 39364 39461
39364 1 39365
39365 1 39366
39366 3 26586 39367 42954
39367 3 33163 35029 39368
39368 2 34338 39369
39369 1 39370
39370 1 39371
39371 3 21541 24490 39372
39372 5 12286 13133 17652 39373 40660
39373 5 11324 13388 18436 20427 39374
39374 2 39375 42702
39375 3 23771 39376 44082
39376 3 5714 30316 39377
39377 4 6013 39378 41454 46599
39378 3 24491 37242 39379
39379 1 39380
39380 2 9592 39381
39381 1 39382
39382 1 39383
39383 2 3359 39384
39384 1 39385
39385 2 7372 39386
39386 2 30552 39387
39387 2 12576 39388
39388 3 16483 39389 48383
39389 1 39390
39390 2 39391 41636
39391 1 39392
39392 4 3097 13303 39393 48931
39393 2 39056 39394
39394 3 29725 39395 47491
39395 2 39396 41812
39396 1 39397
39397 1 39398
39398 1 39399
39399 2 39400 40229
39400 1 39401
39401 1 39402
39402 2 15368 39403
39403 2 39404 45265
39404 2 11502 39405
39405 2 31720 39406
39406 1 39407
39407 1 39408
39408 1 39409
39409 2 39327 39410
39410 2 7754 39411
39411 3 7566 19309 39412
39412 1 39413
39413 3 27515 39414 44008
39414 2 31237 39415
39415 1 39416
39416 2 936 39417
39417 1 39418
39418 2 12847 39419
39419 1 39420
39420 2 36523 39421
39421 1 39422
39422 1 39423
39423 1 39424
39424 1 39425
39425 4 5657 13610 13919 39426
39426 2 39427 43719
39427 1 39428
39428 1 39429
39429 2 6717 39430
39430 3 4549 10258 39431
39431 2 21941 39432
39432 1 39433
39433 1 39434
39434 3 2678 5310 39435
39435 3 463 14477 39436
39436 1 39437
39437 3 20651 27216 39438
39438 3 12185 12750 39439
39439 2 7104 39440
39440 1 39441
39441 1 39442
39442 1 39443
39443 1 39444
39444 1 39445
39445 3 37775 39446 43646
39446 3 39447 39577 43833
39447 3 31879 39234 39448
39448 2 39449 49632
39449 1 39450
39450 1 39451
39451 2 27067 39452
39452 2 4980 39453
39453 3 1570 18047 39454
39454 1 39455
39455 2 28831 39456
39456 1 39457
39457 3 9191 39458 42697
39458 1 39459
39459 2 39460 47249
39460 1 39461
39461 2 25175 39462
39462 2 35685 39463
39463 2 39128 39464
39464 5 14712 29713 32518 39465 46511
39465 1 39466
39466 1 39467
39467 1 39468
39468 1 39469
39469 5 19254 20367 24053 25078 39470
39470 2 7724 39471
39471 1 39472
39472 2 35616 39473
39473 3 15919 39474 46187
39474 1 39475
39475 2 7693 39476
39476 1 39477
39477 1 39478
39478 2 37564 39479
39479 3 39480 41372 48009
39480 2 39481 47959
39481 1 39482
39482 3 12343 37403 39483
39483 2 1850 39484
39484 1 39485
39485 5 9689 11713 12791 39486 49777
39486 2 39487 47775
39487 1 39488
39488 2 37842 39489
39489 1 39490
39490 2 34658 39491
39491 1 39492
39492 2 6791 39493
39493 1 39494
39494 2 18963 39495
39495 3 3734 7549 39496
39496 2 39497 42331
39497 2 18837 39498
39498 3 29688 39499 48539
39499 1 39500
39500 3 9459 39501 46429
39501 1 39502
39502 2 29291 39503
39503 2 27654 39504
39504 1 39505
39505 2 6764 39506
39506 2 34722 39507
39507 3 13348 24511 39508
39508 1 39509
39509 1 39510
39510 1 39511
39511 2 8410 39512
39512 4 39513 41591 47438 49481
39513 1 39514
39514 1 39515
39515 1 39516
39516 3 18207 31881 39517
39517 2 38653 39518
39518 3 15148 16815 39519
39519 1 39520
39520 1 39521
39521 2 39522 46848
39522 1 39523
39523 2 39524 40320
39524 3 1370 5570 39525
39525 2 8360 39526
39526 2 33469 39527
39527 1 39528
39528 2 17410 39529
39529 1 39530
39530 2 29823 39531
39531 2 17514 39532
39532 2 21644 39533
39533 1 39534
39534 4 16946 39535 47196 47521
39535 2 39536 46338
39536 3 26943 27994 39537
39537 3 11988 36322 39538
39538 2 11515 39539
39539 3 7955 39540 46478
39540 2 24284 39541
39541 4 10711 15859 23945 39542
39542 4 20901 21994 39543 45197
39543 2 8515 39544
39544 1 39545
39545 2 18456 39546
39546 1 39547
39547 1 39548
39548 1 39549
39549 1 39550
39550 3 8566 26125 39551
39551 2 2292 39552
39552 1 39553
39553 3 487 15967 39554
39554 2 5330 39555
39555 2 39556 47242
39556 2 5313 39557
39557 2 8438 39558
39558 2 39559 40867
39559 1 39560
39560 2 22539 39561
39561 3 7092 18679 39562
39562 2 28385 39563
39563 2 27355 39564
39564 4 525 15623 38075 39565
39565 3 11908 20309 39566
39566 2 23100 39567
39567 3 21713 39568 47985
39568 2 31502 39569
39569 1 39570
39570 1 39571
39571 3 19246 33884 39572
39572 2 23736 39573
39573 3 9387 39574 48773
39574 1 39575
39575 5 4722 25997 39576 45155 46812
39576 2 5585 39577
39577 1 39578
39578 2 17279 39579
39579 3 11620 34708 39580
39580 2 18121 39581
39581 3 8973 21872 39582
39582 2 39583 41954
39583 3 3138 20945 39584
39584 3 16045 21076 39585
39585 2 35255 39586
39586 2 2956 39587
39587 3 2390 2614 39588
39588 2 39589 44918
39589 1 39590
39590 2 34407 39591
39591 2 39592 46795
39592 1 39593
39593 3 8796 39212 39594
39594 1 39595
39595 1 39596
39596 2 25243 39597
39597 2 4992 39598
39598 2 8030 39599
39599 1 39600
39600 1 39601
39601 4 10422 33944 39602 40002
39602 2 11321 39603
39603 3 20737 33433 39604
39604 2 36589 39605
39605 3 11082 21562 39606
39606 2 35697 39607
39607 1 39608
39608 2 7872 39609
39609 1 39610
39610 2 10517 39611
39611 4 2201 4302 39612 48601
39612 1 39613
39613 1 39614
39614 3 16449 32612 39615
39615 2 39616 41601
39616 2 29486 39617
39617 1 39618
39618 1 39619
39619 4 13636 20992 39620 49236
39620 1 39621
39621 4 10405 11502 39622 47019
39622 2 32006 39623
39623 1 39624
39624 1 39625
39625 1 39626
39626 2 21256 39627
39627 3 14156 39628 46515
39628 2 10030 39629
39629 1 39630
39630 4 14212 16272 39631 43021
39631 1 39632
39632 4 7358 15367 36074 39633
39633 1 39634
39634 1 39635
39635 1 39636
39636 3 33403 36622 39637
39637 2 2372 39638
39638 1 39639
39639 1 39640
39640 2 36633 39641
39641 4 33142 36656 39642 41025
39642 1 39643
39643 3 8762 15913 39644
39644 1 39645
39645 1 39646
39646 2 13281 39647
39647 3 29524 38820 39648
39648 2 39552 39649
39649 2 6864 39650
39650 2 16035 39651
39651 1 39652
39652 2 24355 39653
39653 3 39654 45614 47146
39654 3 39655 44456 48961
39655 2 7290 39656
39656 1 39657
39657 3 26472 31656 39658
39658 2 32483 39659
39659 1 39660
39660 1 39661
39661 1 39662
39662 1 39663
39663 1 39664
39664 1 39665
39665 1 39666
39666 2 17466 39667
39667 2 34163 39668
39668 2 17031 39669
39669 1 39670
39670 5 12412 20867 22065 24820 39671
39671 1 39672
39672 3 317 39673 49443
39673 1 39674
39674 2 31208 39675
39675 2 24363 39676
39676 2 17519 39677
39677 2 13800 39678
39678 5 2366 2973 17944 39679 46689
39679 3 4099 39680 42786
39680 3 18790 24414 39681
39681 1 39682
39682 3 10771 39683 46263
39683 1 39684
39684 1 39685
39685 3 7249 38368 39686
39686 6 15532 22881 23247 33899 39687 43404
39687 3 26413 33984 39688
39688 2 19596 39689
39689 2 39690 49546
39690 1 39691
39691 1 39692
39692 2 39693 46723
39693 4 1484 16674 39694 41041
39694 2 15166 39695
39695 3 19771 20651 39696
39696 2 39697 40971
39697 2 573 39698
39698 1 39699
39699 5 9688 21029 23847 39090 39700
39700 1 39701
39701 2 24271 39702
39702 2 36137 39703
39703 1 39704
39704 3 39524 39705 42760
39705 2 31136 39706
39706 3 30557 39707 47729
39707 1 39708
39708 2 39709 48340
39709 2 39710 42793
39710 1 39711
39711 2 18171 39712
39712 3 25435 35229 39713
39713 2 16925 39714
39714 3 15967 17685 39715
39715 2 33757 39716
39716 3 11910 36129 39717
39717 2 16597 39718
39718 4 21616 33356 39719 41559
39719 3 8480 27594 39720
39720 3 16798 38171 39721
39721 1 39722
39722 3 5360 11850 39723
39723 5 8173 8795 24019 35359 39724
39724 1 39725
39725 1 39726
39726 3 11631 14741 39727
39727 1 39728
39728 2 22257 39729
39729 3 1689 39730 40846
39730 1 39731
39731 1 39732
39732 2 26152 39733
39733 2 19248 39734
39734 3 12401 23526 39735
39735 1 39736
39736 2 18726 39737
39737 1 39738
39738 1 39739
39739 2 39740 41413
39740 2 16028 39741
39741 1 39742
39742 2 39743 39827
39743 2 24351 39744
39744 2 28527 39745
39745 1 39746
39746 4 20084 31000 33758 39747
39747 2 7871 39748
39748 1 39749
39749 3 25139 27558 39750
39750 2 35446 39751
39751 1 39752
39752 2 14974 39753
39753 2 39200 39754
39754 1 39755
39755 1 39756
39756 3 3358 37884 39757
39757 2 27648 39758
39758 2 33757 39759
39759 3 4456 35680 39760
39760 3 19541 24585 39761
39761 3 17545 18329 39762
39762 4 9760 10810 30212 39763
39763 1 39764
39764 2 13629 39765
39765 1 39766
39766 1 39767
39767 2 39768 43500
39768 1 39769
39769 2 18409 39770
39770 2 35951 39771
39771 3 39772 43269 49442
39772 1 39773
39773 1 39774
39774 4 6898 26965 39775 45149
39775 3 12055 25711 39776
39776 2 24137 39777
39777 4 11028 26266 32144 39778
39778 1 39779
39779 3 27125 39780 46340
39780 3 30232 39250 39781
39781 2 20198 39782
39782 3 33207 39783 41231
39783 1 39784
39784 2 4646 39785
39785 2 39786 47887
39786 2 39787 44698
39787 1 39788
39788 2 5216 39789
39789 2 14022 39790
39790 3 28535 35697 39791
39791 1 39792
39792 3 26348 31150 39793
39793 2 39794 48160
39794 4 28085 39795 41681 45393
39795 2 9906 39796
39796 1 39797
39797 1 39798
39798 2 36161 39799
39799 1 39800
39800 2 28014 39801
39801 3 39802 41279 44044
39802 2 39803 49991
39803 1 39804
39804 3 29138 39805 47772
39805 1 39806
39806 1 39807
39807 2 39808 49325
39808 2 33173 39809
39809 4 25124 39588 39810 45098
39810 2 25480 39811
39811 2 32552 39812
39812 1 39813
39813 2 16012 39814
39814 2 12376 39815
39815 2 39816 44276
39816 1 39817
39817 1 39818
39818 2 39819 40243
39819 2 39820 41553
39820 2 32774 39821
39821 1 39822
39822 1 39823
39823 3 29995 39824 47232
39824 2 8508 39825
39825 4 13889 19236 34324 39826
39826 2 34263 39827
39827 1 39828
39828 2 20206 39829
39829 1 39830
39830 1 39831
39831 2 37309 39832
39832 2 39833 42644
39833 1 39834
39834 1 39835
39835 1 39836
39836 1 39837
39837 3 8486 17937 39838
39838 3 32560 39839 42276
39839 2 39840 46502
39840 1 39841
39841 2 39842 45583
39842 1 39843
39843 3 17973 23203 39844
39844 2 12045 39845
39845 1 39846
39846 3 25107 25732 39847
39847 2 39848 41439
39848 2 39849 44600
39849 3 21087 37966 39850
39850 1 39851
39851 2 17983 39852
39852 1 39853
39853 1 39854
39854 2 16698 39855
39855 2 24628 39856
39856 2 39857 40563
39857 3 10677 28519 39858
39858 2 29708 39859
39859 2 24202 39860
39860 1 39861
39861 2 13439 39862
39862 1 39863
39863 2 31153 39864
39864 1 39865
39865 2 39866 41398
39866 2 35882 39867
39867 3 17581 28839 39868
39868 1 39869
39869 2 39870 49033
39870 2 39871 46979
39871 3 11949 39872 41433
39872 1 39873
39873 2 38232 39874
39874 4 14745 30336 39875 42041
39875 1 39876
39876 1 39877
39877 3 20906 36851 39878
39878 1 39879
39879 1 39880
39880 2 1511 39881
39881 1 39882
39882 2 38998 39883
39883 1 39884
39884 1 39885
39885 1 39886
39886 3 5848 25304 39887
39887 1 39888
39888 2 39889 48660
39889 2 39890 43226
39890 1 39891
39891 2 39892 43207
39892 3 13666 39893 42379
39893 1 39894
39894 1 39895
39895 1 39896
39896 2 37284 39897
39897 3 15862 29754 39898
39898 2 20678 39899
39899 4 5817 20083 39900 41424
39900 2 14720 39901
39901 3 31859 39902 43800
39902 1 39903
39903 4 23535 33478 37213 39904
39904 1 39905
39905 2 19061 39906
39906 2 23851 39907
39907 3 22462 23268 39908
39908 3 17570 39909 48658
39909 1 39910
39910 2 32823 39911
39911 4 28977 35080 39912 49519
39912 1 39913
39913 2 5074 39914
39914 1 39915
39915 3 5986 26242 39916
39916 1 39917
39917 2 23245 39918
39918 2 38541 39919
39919 2 20307 39920
39920 2 39921 42335
39921 2 39922 42386
39922 3 15508 19186 39923
39923 2 39924 46556
39924 2 2117 39925
39925 2 2530 39926
39926 3 4529 6967 39927
39927 2 33264 39928
39928 3 26462 39929 46032
39929 1 39930
39930 4 14799 39931 48523 49091
39931 1 39932
39932 1 39933
39933 3 18296 39934 41767
39934 2 29366 39935
39935 2 23910 39936
39936 2 11557 39937
39937 1 39938
39938 2 2219 39939
39939 1 39940
39940 1 39941
39941 2 24418 39942
39942 2 6735 39943
39943 3 39944 44443 45321
39944 4 24123 39945 41501 48025
39945 2 38913 39946
39946 2 39947 43051
39947 1 39948
39948 1 39949
39949 4 7324 39950 42303 45385
39950 3 39951 44099 44263
39951 3 8470 11115 39952
39952 3 12099 39953 40336
39953 2 152 39954
39954 1 39955
39955 1 39956
39956 2 4686 39957
39957 3 23123 37572 39958
39958 2 3683 39959
39959 2 17100 39960
39960 3 21625 27118 39961
39961 4 9960 19235 32240 39962
39962 1 39963
39963 2 39964 44407
39964 6 13560 17973 18491 18610 29328 39965
39965 1 39966
39966 1 39967
39967 2 39968 43695
39968 2 22008 39969
39969 3 15871 32769 39970
39970 1 39971
39971 1 39972
39972 2 39973 40879
39973 3 33199 39974 41797
39974 2 38047 39975
39975 1 39976
39976 1 39977
39977 1 39978
39978 2 24428 39979
39979 1 39980
39980 1 39981
39981 1 39982
39982 1 39983
39983 1 39984
39984 2 13120 39985
39985 2 34007 39986
39986 1 39987
39987 2 20119 39988
39988 5 6363 14186 15323 35821 39989
39989 1 39990
39990 2 3056 39991
39991 3 4667 14874 39992
39992 1 39993
39993 1 39994
39994 2 6943 39995
39995 3 32558 39996 46761
39996 3 8683 39997 43420
39997 1 39998
39998 1 39999
39999 7 10387 12885 21631 33656 36674 39930 40000
40000 1 40001
40001 4 8564 19005 31227 40002
40002 1 40003
40003 2 40004 44189
40004 2 28467 40005
40005 2 40006 44343
40006 2 27991 40007
40007 1 40008
40008 1 40009
40009 2 27648 40010
40010 3 28233 39107 40011
40011 3 40012 44620 48322
40012 3 38145 40013 40887
40013 2 20151 40014
40014 2 39000 40015
40015 4 8133 15244 23547 40016
40016 1 40017
40017 3 31535 40018 47456
40018 2 18481 40019
40019 3 21059 40020 48407
40020 3 1646 29775 40021
40021 2 23217 40022
40022 3 5900 27543 40023
40023 4 17672 40024 42640 48802
40024 2 40025 46782
40025 1 40026
40026 4 5140 35833 40027 45096
40027 2 40028 44755
40028 2 39196 40029
40029 1 40030
40030 5 6298 40031 40885 47271 47663
40031 1 40032
40032 2 10688 40033
40033 1 40034
40034 2 30674 40035
40035 1 40036
40036 2 20093 40037
40037 3 37607 40038 46202
40038 2 29488 40039
40039 4 14621 14855 29754 40040
40040 1 40041
40041 2 40042 47534
40042 2 18323 40043
40043 3 43 9798 40044
40044 2 23188 40045
40045 3 15630 40046 41022
40046 1 40047
40047 1 40048
40048 3 7223 40049 42568
40049 5 25000 40050 43069 44400 46602
40050 1 40051
40051 1 40052
40052 3 572 28322 40053
40053 2 16100 40054
40054 2 40055 49504
40055 2 40056 45694
40056 3 14649 30167 40057
40057 3 10922 17663 40058
40058 1 40059
40059 1 40060
40060 2 1751 40061
40061 1 40062
40062 3 2547 6486 40063
40063 2 40064 43853
40064 3 3635 9665 40065
40065 2 20786 40066
40066 2 40067 48164
40067 2 24589 40068
40068 2 40069 41108
40069 3 3103 40070 48024
40070 3 10755 22669 40071
40071 1 40072
40072 2 29314 40073
40073 3 24900 30543 40074
40074 2 9127 40075
40075 1 40076
40076 2 40077 44188
40077 4 3437 19130 32424 40078
40078 2 387 40079
40079 2 30710 40080
40080 2 8825 40081
40081 1 40082
40082 1 40083
40083 2 1385 40084
40084 1 40085
40085 2 14164 40086
40086 2 17643 40087
40087 3 10886 15946 40088
40088 1 40089
40089 2 18827 40090
40090 1 40091
40091 4 1573 6788 40092 47009
40092 6 9091 9635 18783 23397 40093 49104
40093 4 3795 15537 30742 40094
40094 2 1020 40095
40095 2 24429 40096
40096 1 40097
40097 2 17698 40098
40098 3 9969 10749 40099
40099 1 40100
40100 3 40101 43254 49534
40101 4 7030 38530 40102 44592
40102 4 7139 33929 40103 48445
40103 2 38830 40104
40104 3 13371 16081 40105
40105 1 40106
40106 3 18955 40107 48772
40107 5 1252 8172 9349 18070 40108
40108 2 40109 41222
40109 3 11446 40110 41226
40110 2 23773 40111
40111 4 4234 30923 34696 40112
40112 3 18778 40113 43876
40113 1 40114
40114 3 7181 40115 48672
40115 2 16674 40116
40116 2 15611 40117
40117 4 13370 25631 33280 40118
40118 2 3156 40119
40119 3 13684 40120 49773
40120 1 40121
40121 1 40122
40122 2 17783 40123
40123 1 40124
40124 2 31417 40125
40125 3 21951 32995 40126
40126 2 5853 40127
40127 2 2118 40128
40128 3 27528 32686 40129
40129 3 13978 40130 43678
40130 1 40131
40131 1 40132
40132 3 17275 24186 40133
40133 2 36423 40134
40134 1 40135
40135 1 40136
40136 1 40137
40137 3 908 22627 40138
40138 1 40139
40139 2 15071 40140
40140 1 40141
40141 4 15297 35428 40142 40507
40142 2 21918 40143
40143 2 33806 40144
40144 2 23315 40145
40145 1 40146
40146 1 40147
40147 1 40148
40148 2 31450 40149
40149 1 40150
40150 1 40151
40151 2 8996 40152
40152 2 34164 40153
40153 1 40154
40154 1 40155
40155 1 40156
40156 2 38554 40157
40157 1 40158
40158 3 40159 42597 46438
40159 2 2200 40160
40160 1 40161
40161 3 18211 40162 48913
40162 3 30348 40163 48671
40163 2 7042 40164
40164 3 27691 40165 44480
40165 1 40166
40166 3 6533 40167 43859
40167 1 40168
40168 3 21037 29674 40169
40169 2 40170 46203
40170 2 25417 40171
40171 1 40172
40172 2 1252 40173
40173 1 40174
40174 2 35649 40175
40175 2 36584 40176
40176 2 11642 40177
40177 1 40178
40178 2 27668 40179
40179 2 2920 40180
40180 1 40181
40181 1 40182
40182 1 40183
40183 3 126 40184 47906
40184 1 40185
40185 1 40186
40186 3 39490 40187 43013
40187 1 40188
40188 3 394 18648 40189
40189 2 16022 40190
40190 1 40191
40191 3 2225 23115 40192
40192 3 15779 26723 40193
40193 2 25891 40194
40194 2 40195 44229
40195 1 40196
40196 2 29674 40197
40197 3 5561 36379 40198
40198 2 21890 40199
40199 2 22302 40200
40200 3 37067 38014 40201
40201 2 40202 46983
40202 3 18977 35704 40203
40203 2 26221 40204
40204 1 40205
40205 1 40206
40206 2 34868 40207
40207 1 40208
40208 2 40209 49560
40209 1 40210
40210 4 18956 26207 29619 40211
40211 1 40212
40212 3 7497 32704 40213
40213 1 40214
40214 1 40215
40215 1 40216
40216 4 20851 34252 40217 48643
40217 3 7490 15134 40218
40218 1 40219
40219 2 40220 47406
40220 3 27950 40221 48674
40221 2 18049 40222
40222 1 40223
40223 3 8544 40224 46048
40224 1 40225
40225 1 40226
40226 3 16673 40227 47592
40227 2 38043 40228
40228 1 40229
40229 2 14978 40230
40230 1 40231
40231 1 40232
40232 1 40233
40233 2 2864 40234
40234 2 6631 40235
40235 2 4227 40236
40236 5 21750 25649 34519 39808 40237
40237 1 40238
40238 1 40239
40239 3 15380 23020 40240
40240 1 40241
40241 1 40242
40242 2 1219 40243
40243 4 2395 17205 40244 45769
40244 5 22075 24318 29514 32186 40245
40245 2 40246 44371
40246 2 29801 40247
40247 4 15891 17216 24957 40248
40248 2 40249 45553
40249 2 14041 40250
40250 2 40251 46811
40251 1 40252
40252 2 13443 40253
40253 2 25725 40254
40254 3 39489 39820 40255
40255 2 16583 40256
40256 1 40257
40257 1 40258
40258 1 40259
40259 1 40260
40260 5 14443 37650 40261 41471 49795
40261 1 40262
40262 2 19705 40263
40263 1 40264
40264 2 1228 40265
40265 3 18460 40266 42130
40266 2 31540 40267
40267 1 40268
40268 4 22653 23005 39991 40269
40269 1 40270
40270 2 512 40271
40271 1 40272
40272 1 40273
40273 1 40274
40274 4 876 37913 40275 46666
40275 2 20266 40276
40276 2 40277 42938
40277 1 40278
40278 1 40279
40279 1 40280
40280 2 31558 40281
40281 1 40282
40282 1 40283
40283 2 4702 40284
40284 3 25999 39185 40285
40285 1 40286
40286 2 24665 40287
40287 2 40288 43137
40288 2 6782 40289
40289 1 40290
40290 1 40291
40291 1 40292
40292 2 7899 40293
40293 4 1827 39892 40294 44126
40294 2 29372 40295
40295 2 18254 40296
40296 2 24108 40297
40297 1 40298
40298 3 26338 40299 47482
40299 3 15646 28773 40300
40300 1 40301
40301 1 40302
40302 3 22365 36841 40303
40303 1 40304
40304 3 35427 38677 40305
40305 4 36483 36633 37497 40306
40306 2 12699 40307
40307 1 40308
40308 1 40309
40309 4 11637 32230 34698 40310
40310 2 13931 40311
40311 2 40312 44357
40312 2 40313 48251
40313 3 21780 32119 40314
40314 1 40315
40315 2 40316 49599
40316 2 25350 40317
40317 2 30402 40318
40318 4 12143 30812 35513 40319
40319 1 40320
40320 2 14804 40321
40321 2 14257 40322
40322 3 17952 21302 40323
40323 1 40324
40324 2 2566 40325
40325 1 40326
40326 3 40327 42925 48022
40327 1 40328
40328 3 10579 21538 40329
40329 2 20089 40330
40330 2 30216 40331
40331 2 40332 48829
40332 2 29965 40333
40333 2 15083 40334
40334 2 17340 40335
40335 1 40336
40336 2 38659 40337
40337 3 10554 40338 46068
40338 3 16791 31902 40339
40339 1 40340
40340 2 28616 40341
40341 2 13149 40342
40342 1 40343
40343 2 957 40344
40344 3 28621 31237 40345
40345 1 40346
40346 1 40347
40347 2 3349 40348
40348 1 40349
40349 2 28522 40350
40350 1 40351
40351 2 40352 45367
40352 1 40353
40353 1 40354
40354 2 30742 40355
40355 3 2100 4599 40356
40356 2 13196 40357
40357 2 16847 40358
40358 3 8881 25709 40359
40359 1 40360
40360 1 40361
40361 2 21310 40362
40362 1 40363
40363 2 40364 41908
40364 2 40365 45182
40365 1 40366
40366 1 40367
40367 1 40368
40368 1 40369
40369 3 7577 40370 48914
40370 2 4975 40371
40371 3 10746 23861 40372
40372 3 10159 30205 40373
40373 4 10354 15613 40374 42119
40374 1 40375
40375 2 10825 40376
40376 1 40377
40377 3 23896 40378 40940
40378 1 40379
40379 2 5092 40380
40380 1 40381
40381 3 35645 39769 40382
40382 2 38736 40383
40383 3 19340 32323 40384
40384 1 40385
40385 1 40386
40386 2 40387 49043
40387 2 40388 42911
40388 1 40389
40389 4 11658 17371 31722 40390
40390 2 26048 40391
40391 3 20164 40392 47824
40392 2 12577 40393
40393 3 131 31410 40394
40394 2 40395 46599
40395 3 29830 30269 40396
40396 3 227 5663 40397
40397 2 18549 40398
40398 2 13732 40399
40399 2 28429 40400
40400 2 39693 40401
40401 2 40402 48667
40402 2 23878 40403
40403 2 16054 40404
40404 2 38958 40405
40405 3 19004 27727 40406
40406 3 18021 40407 42429
40407 1 40408
40408 3 4213 38840 40409
40409 1 40410
40410 2 10078 40411
40411 1 40412
40412 2 40413 42927
40413 4 7068 22479 32533 40414
40414 1 40415
40415 1 40416
40416 2 14605 40417
40417 3 13243 37691 40418
40418 1 40419
40419 3 17490 23776 40420
40420 1 40421
40421 2 40422 47772
40422 3 1699 3769 40423
40423 3 14158 40424 41125
40424 2 38809 40425
40425 3 26146 30631 40426
40426 1 40427
40427 2 29090 40428
40428 2 29165 40429
40429 2 14556 40430
40430 2 34932 40431
40431 3 15933 40432 44729
40432 2 40433 41100
40433 3 11846 21887 40434
40434 1 40435
40435 1 40436
40436 2 32259 40437
40437 1 40438
40438 3 40439 44069 46113
40439 1 40440
40440 3 15121 40441 46998
40441 1 40442
40442 2 19758 40443
40443 2 32626 40444
40444 2 30344 40445
40445 5 9926 11449 28756 38279 40446
40446 1 40447
40447 2 10159 40448
40448 2 20331 40449
40449 3 4283 15778 40450
40450 1 40451
40451 3 14124 35964 40452
40452 3 15911 40453 44033
40453 1 40454
40454 1 40455
40455 1 40456
40456 2 35055 40457
40457 3 21753 40458 47844
40458 3 38250 40459 45028
40459 1 40460
40460 3 7218 25946 40461
40461 2 3638 40462
40462 2 29470 40463
40463 2 37330 40464
40464 3 32307 39997 40465
40465 2 40466 43091
40466 1 40467
40467 2 9340 40468
40468 1 40469
40469 2 15609 40470
40470 1 40471
40471 2 23086 40472
40472 2 20447 40473
40473 1 40474
40474 2 5411 40475
40475 1 40476
40476 2 39439 40477
40477 2 40478 46424
40478 2 40479 42874
40479 2 15771 40480
40480 1 40481
40481 1 40482
40482 1 40483
40483 1 40484
40484 3 11427 15406 40485
40485 3 9605 32857 40486
40486 1 40487
40487 2 40389 40488
40488 1 40489
40489 2 40490 49507
40490 1 40491
40491 1 40492
40492 2 24886 40493
40493 2 1634 40494
40494 2 19882 40495
40495 1 40496
40496 2 8360 40497
40497 1 40498
40498 2 23513 40499
40499 2 32049 40500
40500 2 20681 40501
40501 4 4920 22979 30360 40502
40502 1 40503
40503 1 40504
40504 2 19385 40505
40505 2 11183 40506
40506 3 29405 29473 40507
40507 2 40508 48145
40508 1 40509
40509 1 40510
40510 1 40511
40511 1 40512
40512 2 39763 40513
40513 2 14933 40514
40514 1 40515
40515 2 15763 40516
40516 2 22787 40517
40517 2 19102 40518
40518 1 40519
40519 4 1580 36449 40520 45140
40520 3 14602 40521 44469
40521 1 40522
40522 4 36984 38451 40523 44212
40523 1 40524
40524 2 12139 40525
40525 4 9866 15916 25340 40526
40526 2 33153 40527
40527 2 39913 40528
40528 1 40529
40529 1 40530
40530 3 38220 40531 48530
40531 1 40532
40532 3 40533 47927 49388
40533 2 31002 40534
40534 3 7900 15080 40535
40535 2 30015 40536
40536 3 681 40537 47638
40537 3 13708 31244 40538
40538 2 5672 40539
40539 2 8173 40540
40540 1 40541
40541 1 40542
40542 4 14885 29279 31320 40543
40543 2 28353 40544
40544 4 4249 12702 38923 40545
40545 1 40546
40546 2 6068 40547
40547 2 869 40548
40548 1 40549
40549 1 40550
40550 3 20297 22368 40551
40551 2 4752 40552
40552 2 17243 40553
40553 1 40554
40554 4 38292 40076 40555 42306
40555 2 36697 40556
40556 1 40557
40557 3 16996 35560 40558
40558 1 40559
40559 3 3342 33760 40560
40560 2 37807 40561
40561 2 40562 46980
40562 3 20387 24046 40563
40563 1 40564
40564 3 2823 33671 40565
40565 1 40566
40566 2 3527 40567
40567 2 1830 40568
40568 1 40569
40569 1 40570
40570 1 40571
40571 2 5016 40572
40572 1 40573
40573 2 22408 40574
40574 1 40575
40575 3 10093 40576 43244
40576 1 40577
40577 1 40578
40578 5 14182 18436 39218 40579 44432
40579 4 22969 28099 31652 40580
40580 3 38689 40581 47015
40581 3 16653 25024 40582
40582 4 14810 40583 43759 47033
40583 2 12037 40584
40584 2 27939 40585
40585 1 40586
40586 1 40587
40587 3 9363 40588 46498
40588 2 25868 40589
40589 3 22836 40590 46939
40590 2 40591 43797
40591 1 40592
40592 3 133 1913 40593
40593 3 13773 25633 40594
40594 1 40595
40595 2 28100 40596
40596 1 40597
40597 2 15148 40598
40598 3 32675 40599 48054
40599 2 26594 40600
40600 1 40601
40601 2 29868 40602
40602 2 30387 40603
40603 1 40604
40604 3 12554 37332 40605
40605 1 40606
40606 3 3499 19507 40607
40607 2 40608 45617
40608 1 40609
40609 1 40610
40610 1 40611
40611 1 40612
40612 1 40613
40613 2 32835 40614
40614 2 20680 40615
40615 3 3353 31661 40616
40616 1 40617
40617 1 40618
40618 2 36529 40619
40619 1 40620
40620 3 9687 40621 44082
40621 5 19327 22588 37246 39775 40622
40622 2 28633 40623
40623 1 40624
40624 1 40625
40625 2 12006 40626
40626 3 2941 40627 43013
40627 2 30280 40628
40628 4 13207 32599 40629 49461
40629 3 17474 35468 40630
40630 1 40631
40631 2 40632 46576
40632 1 40633
40633 3 2865 18522 40634
40634 2 8893 40635
40635 1 40636
40636 3 20752 40637 47802
40637 1 40638
40638 2 30241 40639
40639 3 21336 21813 40640
40640 1 40641
40641 2 12650 40642
40642 2 2418 40643
40643 2 40644 41786
40644 2 19812 40645
40645 2 11923 40646
40646 2 20926 40647
40647 4 15992 40086 40648 46543
40648 4 18627 26574 40649 42214
40649 1 40650
40650 5 4761 12119 12426 38253 40651
40651 3 6914 32833 40652
40652 2 14911 40653
40653 2 17855 40654
40654 2 10880 40655
40655 1 40656
40656 2 18712 40657
40657 2 8899 40658
40658 3 23205 26420 40659
40659 3 12068 25488 40660
40660 3 30639 33374 40661
40661 1 40662
40662 5 15787 26254 34584 35243 40663
40663 2 7800 40664
40664 4 13342 16976 16986 40665
40665 1 40666
40666 2 32630 40667
40667 3 5899 37056 40668
40668 1 40669
40669 1 40670
40670 2 26194 40671
40671 2 18691 40672
40672 1 40673
40673 3 19889 35466 40674
40674 3 28060 37180 40675
40675 3 837 28233 40676
40676 2 21690 40677
40677 1 40678
40678 5 25231 34127 40679 41158 42047
40679 2 6257 40680
40680 2 40681 42168
40681 2 32209 40682
40682 2 36782 40683
40683 3 11050 40684 41079
40684 1 40685
40685 2 40686 46362
40686 3 6790 40687 44001
40687 1 40688
40688 3 34117 37326 40689
40689 2 3484 40690
40690 4 10861 18154 18442 40691
40691 2 30423 40692
40692 3 6598 40693 45052
40693 3 21736 23296 40694
40694 1 40695
40695 3 18605 37014 40696
40696 5 4250 8553 21839 23741 40697
40697 2 32708 40698
40698 1 40699
40699 1 40700
40700 2 7010 40701
40701 1 40702
40702 2 22132 40703
40703 1 40704
40704 2 5700 40705
40705 2 24724 40706
40706 2 14644 40707
40707 2 3177 40708
40708 1 40709
40709 1 40710
40710 1 40711
40711 2 37218 40712
40712 3 40713 43973 47061
40713 3 22856 38419 40714
40714 3 16028 23734 40715
40715 3 16431 33010 40716
40716 3 11536 40717 42586
40717 3 13722 16802 40718
40718 3 18546 31538 40719
40719 2 224 40720
40720 1 40721
40721 1 40722
40722 2 35330 40723
40723 1 40724
40724 2 15243 40725
40725 2 19379 40726
40726 1 40727
40727 3 21505 40728 41355
40728 1 40729
40729 1 40730
40730 3 21553 30394 40731
40731 2 26869 40732
40732 1 40733
40733 2 40734 41947
40734 4 6123 16648 21284 40735
40735 4 2323 27007 37040 40736
40736 1 40737
40737 3 26976 38091 40738
40738 1 40739
40739 2 28904 40740
40740 1 40741
40741 2 8609 40742
40742 4 935 23841 40743 47155
40743 2 40744 49092
40744 4 547 6637 40745 44579
40745 2 36944 40746
40746 3 16626 40747 49790
40747 1 40748
40748 1 40749
40749 5 7326 18023 22804 40750 45400
40750 1 40751
40751 2 21547 40752
40752 2 36211 40753
40753 3 299 40754 43552
40754 1 40755
40755 1 40756
40756 3 40757 45648 48932
40757 6 11355 13074 33420 38966 40699 40758
40758 1 40759
40759 1 40760
40760 1 40761
40761 2 40762 45461
40762 2 22414 40763
40763 3 210 40764 40998
40764 1 40765
40765 1 40766
40766 2 40767 41914
40767 1 40768
40768 1 40769
40769 3 15844 39154 40770
40770 3 26074 26631 40771
40771 1 40772
40772 1 40773
40773 2 10896 40774
40774 1 40775
40775 2 19991 40776
40776 1 40777
40777 1 40778
40778 1 40779
40779 2 14493 40780
40780 1 40781
40781 1 40782
40782 2 10108 40783
40783 1 40784
40784 2 40785 43968
40785 2 40108 40786
40786 3 33783 40787 48223
40787 2 4343 40788
40788 3 26712 40789 42460
40789 2 40790 45793
40790 4 7272 29979 40791 47767
40791 1 40792
40792 1 40793
40793 2 6770 40794
40794 2 30955 40795
40795 3 2287 4223 40796
40796 1 40797
40797 1 40798
40798 2 6137 40799
40799 2 40800 41906
40800 2 23480 40801
40801 3 5954 40802 43990
40802 3 23952 32698 40803
40803 1 40804
40804 1 40805
40805 2 34957 40806
40806 3 6483 27959 40807
40807 2 23600 40808
40808 2 2964 40809
40809 4 238 7780 29433 40810
40810 2 12281 40811
40811 1 40812
40812 2 10148 40813
40813 1 40814
40814 1 40815
40815 3 4120 28709 40816
40816 2 11512 40817
40817 1 40818
40818 2 40819 48701
40819 3 32061 37686 40820
40820 2 34983 40821
40821 2 3802 40822
40822 1 40823
40823 2 8315 40824
40824 3 4641 40825 49504
40825 2 40826 46050
40826 2 27949 40827
40827 1 40828
40828 3 6169 39215 40829
40829 2 5621 40830
40830 2 5433 40831
40831 2 37943 40832
40832 2 32475 40833
40833 2 40370 40834
40834 1 40835
40835 2 21607 40836
40836 2 8634 40837
40837 2 39988 40838
40838 1 40839
40839 4 32135 32794 40840 47045
40840 1 40841
40841 1 40842
40842 1 40843
40843 2 38905 40844
40844 1 40845
40845 4 17902 40846 42346 43435
40846 2 40847 48265
40847 4 15460 36576 40848 46965
40848 1 40849
40849 1 40850
40850 1 40851
40851 2 1151 40852
40852 1 40853
40853 2 27709 40854
40854 1 40855
40855 2 13066 40856
40856 1 40857
40857 1 40858
40858 1 40859
40859 3 1781 3408 40860
40860 2 33693 40861
40861 2 30078 40862
40862 2 32908 40863
40863 1 40864
40864 2 40865 48834
40865 4 47 40866 41729 47921
40866 2 30671 40867
40867 1 40868
40868 1 40869
40869 3 12020 35820 40870
40870 3 26296 40871 45849
40871 2 35312 40872
40872 1 40873
40873 2 3969 40874
40874 2 7071 40875
40875 1 40876
40876 1 40877
40877 1 40878
40878 3 13362 40879 48195
40879 2 40880 49774
40880 4 4993 40881 46542 47054
40881 1 40882
40882 4 482 13345 40883 41030
40883 4 31646 34481 38536 40884
40884 1 40885
40885 1 40886
40886 2 10573 40887
40887 2 33034 40888
40888 2 40889 48038
40889 2 36006 40890
40890 1 40891
40891 2 40892 45357
40892 2 39377 40893
40893 1 40894
40894 4 12938 20523 29939 40895
40895 2 9521 40896
40896 2 5359 40897
40897 4 26412 27716 34012 40898
40898 3 14528 18090 40899
40899 2 11782 40900
40900 2 35791 40901
40901 4 17786 26051 38420 40902
40902 2 20429 40903
40903 1 40904
40904 1 40905
40905 3 38629 40906 48541
40906 1 40907
40907 2 26055 40908
40908 4 3427 26293 30496 40909
40909 2 38227 40910
40910 3 20018 40911 47553
40911 2 21748 40912
40912 4 6090 7457 38663 40913
40913 2 4821 40914
40914 1 40915
40915 2 10004 40916
40916 3 5791 23357 40917
40917 3 24675 28541 40918
40918 1 40919
40919 2 4430 40920
40920 1 40921
40921 2 13331 40922
40922 1 40923
40923 1 40924
40924 1 40925
40925 2 7469 40926
40926 3 19715 35217 40927
40927 2 40928 49509
40928 1 40929
40929 3 32023 40930 45330
40930 3 7149 23495 40931
40931 1 40932
40932 4 4783 36141 40933 42837
40933 1 40934
40934 3 4589 22380 40935
40935 1 40936
40936 2 40937 42986
40937 2 12464 40938
40938 2 12907 40939
40939 2 38882 40940
40940 2 26513 40941
40941 5 11009 13232 15579 33848 40942
40942 2 29607 40943
40943 2 9396 40944
40944 1 40945
40945 1 40946
40946 4 3177 16671 29381 40947
40947 2 40948 44698
40948 1 40949
40949 1 40950
40950 3 926 16357 40951
40951 2 18524 40952
40952 1 40953
40953 2 15909 40954
40954 3 5475 40955 41631
40955 4 1369 15588 22978 40956
40956 1 40957
40957 3 9926 40958 42125
40958 2 31014 40959
40959 1 40960
40960 2 17204 40961
40961 2 10169 40962
40962 1 40963
40963 2 11155 40964
40964 3 13805 25056 40965
40965 1 40966
40966 2 40967 45466
40967 1 40968
40968 3 23960 40969 46398
40969 2 29351 40970
40970 1 40971
40971 1 40972
40972 2 37160 40973
40973 2 31527 40974
40974 1 40975
40975 2 40976 48213
40976 1 40977
40977 1 40978
40978 3 3722 26456 40979
40979 1 40980
40980 2 40981 49151
40981 1 40982
40982 3 8181 40983 41443
40983 4 8207 16444 35953 40984
40984 1 40985
40985 2 13799 40986
40986 2 27595 40987
40987 3 40988 43387 47103
40988 3 19063 27413 40989
40989 1 40990
40990 1 40991
40991 2 28817 40992
40992 1 40993
40993 1 40994
40994 2 3909 40995
40995 5 837 8306 27300 40996 43091
40996 2 12514 40997
40997 3 29933 38427 40998
40998 2 40999 48083
40999 2 10510 41000
41000 4 4723 5396 20878 41001
41001 3 5186 25929 41002
41002 4 13498 41003 41315 42335
41003 2 3719 41004
41004 1 41005
41005 1 41006
41006 1 41007
41007 2 3389 41008
41008 1 41009
41009 2 36177 41010
41010 3 20924 22795 41011
41011 2 17143 41012
41012 1 41013
41013 3 601 22882 41014
41014 1 41015
41015 2 30922 41016
41016 2 19561 41017
41017 1 41018
41018 3 17639 40746 41019
41019 1 41020
41020 2 22484 41021
41021 3 24311 25239 41022
41022 1 41023
41023 1 41024
41024 2 21634 41025
41025 2 25967 41026
41026 1 41027
41027 3 35867 41028 49888
41028 1 41029
41029 2 28014 41030
41030 3 12100 41031 43137
41031 3 18236 41013 41032
41032 2 32343 41033
41033 2 11544 41034
41034 1 41035
41035 2 26907 41036
41036 1 41037
41037 2 5737 41038
41038 1 41039
41039 3 31801 41040 48534
41040 1 41041
41041 2 19339 41042
41042 3 8214 41043 46465
41043 1 41044
41044 1 41045
41045 1 41046
41046 1 41047
41047 1 41048
41048 1 41049
41049 2 6200 41050
41050 3 7496 41051 44412
41051 1 41052
41052 1 41053
41053 2 13621 41054
41054 1 41055
41055 1 41056
41056 2 40285 41057
41057 2 8311 41058
41058 1 41059
41059 3 14492 20452 41060
41060 1 41061
41061 1 41062
41062 1 41063
41063 3 2100 41064 49505
41064 2 41065 42670
41065 1 41066
41066 2 41067 47028
41067 3 19827 26803 41068
41068 2 10136 41069
41069 1 41070
41070 2 12330 41071
41071 1 41072
41072 3 3118 26336 41073
41073 1 41074
41074 2 41075 48330
41075 1 41076
41076 1 41077
41077 2 7825 41078
41078 3 26225 29305 41079
41079 1 41080
41080 1 41081
41081 4 16549 23051 33597 41082
41082 2 34370 41083
41083 3 15059 29793 41084
41084 3 5374 36984 41085
41085 1 41086
41086 2 14866 41087
41087 1 41088
41088 1 41089
41089 3 6970 35171 41090
41090 1 41091
41091 3 2832 12764 41092
41092 2 13371 41093
41093 2 1098 41094
41094 2 29892 41095
41095 1 41096
41096 4 4120 34661 34839 41097
41097 2 13974 41098
41098 1 41099
41099 2 37827 41100
41100 2 16359 41101
41101 1 41102
41102 1 41103
41103 1 41104
41104 1 41105
41105 2 37002 41106
41106 1 41107
41107 2 17766 41108
41108 2 4809 41109
41109 3 19478 31277 41110
41110 3 3244 41111 49883
41111 3 3429 19622 41112
41112 2 878 41113
41113 1 41114
41114 1 41115
41115 1 41116
41116 2 924 41117
41117 1 41118
41118 1 41119
41119 1 41120
41120 2 19310 41121
41121 2 2324 41122
41122 2 25991 41123
41123 1 41124
41124 2 4576 41125
41125 1 41126
41126 1 41127
41127 4 10513 28678 39207 41128
41128 2 23675 41129
41129 1 41130
41130 4 8385 20427 41131 46151
41131 3 27228 38179 41132
41132 3 2530 19808 41133
41133 4 26890 27878 41134 42419
41134 5 31941 34994 37352 38075 41135
41135 3 11190 41136 42983
41136 3 2343 34810 41137
41137 4 6311 22627 25220 41138
41138 2 28316 41139
41139 2 16716 41140
41140 2 25043 41141
41141 1 41142
41142 1 41143
41143 4 9624 27969 41144 48446
41144 1 41145
41145 2 6107 41146
41146 5 382 6723 14660 41147 49742
41147 1 41148
41148 2 26958 41149
41149 2 1196 41150
41150 3 594 27529 41151
41151 3 27910 40603 41152
41152 3 4379 38545 41153
41153 1 41154
41154 2 39038 41155
41155 2 13983 41156
41156 4 3166 10565 41157 45325
41157 1 41158
41158 3 28501 30025 41159
41159 1 41160
41160 2 17644 41161
41161 3 20117 41162 41950
41162 3 17886 26748 41163
41163 1 41164
41164 2 41165 49167
41165 2 41166 44727
41166 3 23752 41167 44809
41167 1 41168
41168 3 14530 18277 41169
41169 1 41170
41170 1 41171
41171 1 41172
41172 1 41173
41173 3 27875 34813 41174
41174 1 41175
41175 3 2013 7591 41176
41176 1 41177
41177 3 1535 34429 41178
41178 2 30289 41179
41179 2 16877 41180
41180 2 21138 41181
41181 4 1293 14062 33556 41182
41182 2 41183 45686
41183 1 41184
41184 3 19517 21288 41185
41185 2 12676 41186
41186 1 41187
41187 1 41188
41188 2 10039 41189
41189 1 41190
41190 1 41191
41191 1 41192
41192 1 41193
41193 3 21232 41194 43561
41194 2 3071 41195
41195 1 41196
41196 1 41197
41197 2 33214 41198
41198 1 41199
41199 5 3320 27394 38418 41200 45582
41200 2 41201 45659
41201 3 20620 31227 41202
41202 2 24890 41203
41203 1 41204
41204 2 2195 41205
41205 3 16085 41206 44162
41206 1 41207
41207 1 41208
41208 1 41209
41209 1 41210
41210 3 16055 29339 41211
41211 1 41212
41212 2 342 41213
41213 3 14446 33391 41214
41214 1 41215
41215 6 6619 18554 27884 41216 45842 48517
41216 2 9698 41217
41217 2 41218 43577
41218 1 41219
41219 2 28923 41220
41220 5 10818 20486 23199 39282 41221
41221 1 41222
41222 3 21041 33205 41223
41223 2 41224 49287
41224 1 41225
41225 2 41226 42806
41226 1 41227
41227 1 41228
41228 1 41229
41229 4 8734 35709 40176 41230
41230 1 41231
41231 2 3789 41232
41232 2 37847 41233
41233 5 398 12119 26406 27652 41234
41234 1 41235
41235 2 3621 41236
41236 3 13017 37564 41237
41237 1 41238
41238 2 25480 41239
41239 2 378 41240
41240 1 41241
41241 4 21750 41242 48132 49128
41242 2 15857 41243
41243 2 17349 41244
41244 1 41245
41245 1 41246
41246 2 31693 41247
41247 1 41248
41248 2 38660 41249
41249 2 31024 41250
41250 2 41084 41251
41251 1 41252
41252 2 35986 41253
41253 4 18011 23698 41254 49940
41254 2 15971 41255
41255 4 984 4097 25923 41256
41256 1 41257
41257 1 41258
41258 1 41259
41259 1 41260
41260 2 22884 41261
41261 1 41262
41262 1 41263
41263 3 11598 40170 41264
41264 2 41265 47889
41265 2 29751 41266
41266 2 38616 41267
41267 1 41268
41268 2 2168 41269
41269 3 5926 32527 41270
41270 2 35851 41271
41271 2 30995 41272
41272 2 4097 41273
41273 2 111 41274
41274 2 34248 41275
41275 1 41276
41276 1 41277
41277 3 30275 41278 41777
41278 2 13577 41279
41279 3 11724 41280 49960
41280 1 41281
41281 2 41282 44145
41282 2 39650 41283
41283 3 2915 41284 45043
41284 2 24459 41285
41285 2 3044 41286
41286 5 11153 11857 25130 41287 41503
41287 3 12366 25781 41288
41288 2 27088 41289
41289 2 30992 41290
41290 1 41291
41291 1 41292
41292 2 9392 41293
41293 3 7792 41294 45688
41294 1 41295
41295 2 25855 41296
41296 2 41297 46798
41297 2 35711 41298
41298 3 1679 9685 41299
41299 1 41300
41300 2 4561 41301
41301 2 2295 41302
41302 1 41303
41303 2 3112 41304
41304 3 19983 41305 44424
41305 1 41306
41306 1 41307
41307 2 29165 41308
41308 1 41309
41309 2 37865 41310
41310 2 147 41311
41311 2 736 41312
41312 1 41313
41313 1 41314
41314 6 20550 20623 38820 41315 43813 47529
41315 3 31492 41316 45511
41316 1 41317
41317 4 12656 38993 41318 42321
41318 2 8192 41319
41319 3 12199 23722 41320
41320 2 41321 43857
41321 3 35573 41322 45150
41322 1 41323
41323 3 26594 32795 41324
41324 3 5544 41325 47483
41325 2 14152 41326
41326 2 32806 41327
41327 1 41328
41328 1 41329
41329 3 27155 37683 41330
41330 1 41331
41331 1 41332
41332 1 41333
41333 3 41334 44332 46433
41334 2 25898 41335
41335 2 16434 41336
41336 2 30700 41337
41337 2 41338 44167
41338 1 41339
41339 1 41340
41340 2 19392 41341
41341 2 39841 41342
41342 3 487 30142 41343
41343 2 21421 41344
41344 2 8196 41345
41345 3 36771 41346 44627
41346 3 25870 32737 41347
41347 2 38564 41348
41348 1 41349
41349 1 41350
41350 1 41351
41351 2 38737 41352
41352 2 27110 41353
41353 2 26278 41354
41354 1 41355
41355 2 37916 41356
41356 2 30086 41357
41357 1 41358
41358 2 24960 41359
41359 1 41360
41360 2 20969 41361
41361 2 22503 41362
41362 2 41363 49071
41363 1 41364
41364 2 9072 41365
41365 3 21573 41366 49143
41366 3 20291 41367 42907
41367 1 41368
41368 1 41369
41369 2 31914 41370
41370 2 1112 41371
41371 2 16624 41372
41372 2 24792 41373
41373 1 41374
41374 1 41375
41375 3 32864 40654 41376
41376 3 2966 41377 45964
41377 2 12247 41378
41378 1 41379
41379 1 41380
41380 5 6698 20676 34942 35558 41381
41381 3 505 29819 41382
41382 1 41383
41383 1 41384
41384 3 16063 33401 41385
41385 3 5893 41386 42293
41386 2 41387 41415
41387 2 12895 41388
41388 1 41389
41389 1 41390
41390 1 41391
41391 1 41392
41392 3 3134 14827 41393
41393 2 41320 41394
41394 1 41395
41395 2 40437 41396
41396 4 20856 21069 23783 41397
41397 4 3609 32130 41398 46604
41398 2 41399 45588
41399 1 41400
41400 1 41401
41401 1 41402
41402 2 31864 41403
41403 2 11321 41404
41404 4 39520 40502 41405 43707
41405 5 15554 23376 28576 32164 41406
41406 2 40818 41407
41407 2 13301 41408
41408 4 3246 21539 29717 41409
41409 1 41410
41410 5 23165 28705 31495 41411 47391
41411 1 41412
41412 2 12223 41413
41413 1 41414
41414 1 41415
41415 5 2159 3164 5094 41416 41564
41416 2 12558 41417
41417 1 41418
41418 1 41419
41419 2 30685 41420
41420 3 1876 15419 41421
41421 3 6243 41422 44117
41422 1 41423
41423 2 25418 41424
41424 1 41425
41425 1 41426
41426 2 41427 42857
41427 2 41428 46177
41428 1 41429
41429 2 7385 41430
41430 2 3396 41431
41431 1 41432
41432 1 41433
41433 4 30460 38216 41434 49521
41434 2 28158 41435
41435 1 41436
41436 2 36284 41437
41437 1 41438
41438 1 41439
41439 3 26988 30828 41440
41440 3 33955 41441 49324
41441 2 24997 41442
41442 2 5161 41443
41443 2 6435 41444
41444 3 1996 6582 41445
41445 2 17384 41446
41446 2 35684 41447
41447 2 17838 41448
41448 3 11017 30918 41449
41449 3 37801 38905 41450
41450 2 39211 41451
41451 4 11663 16121 26828 41452
41452 4 31800 33360 40647 41453
41453 3 25887 39003 41454
41454 1 41455
41455 2 40016 41456
41456 1 41457
41457 1 41458
41458 2 27646 41459
41459 1 41460
41460 2 35261 41461
41461 1 41462
41462 2 3728 41463
41463 1 41464
41464 1 41465
41465 4 5098 29207 38701 41466
41466 2 37907 41467
41467 2 38466 41468
41468 2 0 41469
41469 1 41470
41470 2 21220 41471
41471 4 26432 34003 36567 41472
41472 2 23567 41473
41473 1 41474
41474 2 10347 41475
41475 1 41476
41476 1 41477
41477 2 21308 41478
41478 1 41479
41479 1 41480
41480 2 24370 41481
41481 2 24280 41482
41482 1 41483
41483 3 25517 26644 41484
41484 2 41485 47734
41485 1 41486
41486 2 5565 41487
41487 1 41488
41488 1 41489
41489 2 14347 41490
41490 2 38551 41491
41491 5 7543 13076 26604 31721 41492
41492 1 41493
41493 1 41494
41494 1 41495
41495 2 31276 41496
41496 3 18324 38975 41497
41497 6 1111 12740 15205 28996 36984 41498
41498 1 41499
41499 2 3764 41500
41500 3 18343 41501 48720
41501 2 6594 41502
41502 3 10148 19493 41503
41503 2 41504 44117
41504 2 28569 41505
41505 3 7846 27576 41506
41506 2 40774 41507
41507 2 41508 42011
41508 1 41509
41509 1 41510
41510 1 41511
41511 2 1765 41512
41512 2 40530 41513
41513 2 11901 41514
41514 1 41515
41515 3 7761 40796 41516
41516 2 23140 41517
41517 1 41518
41518 3 7287 13348 41519
41519 2 38819 41520
41520 5 1219 28962 41269 41521 44447
41521 3 17056 30766 41522
41522 2 37577 41523
41523 1 41524
41524 4 24127 32790 33931 41525
41525 2 10083 41526
41526 2 7504 41527
41527 1 41528
41528 3 3877 32101 41529
41529 3 28487 35631 41530
41530 3 13594 41531 44776
41531 1 41532
41532 2 18700 41533
41533 3 17794 41534 43096
41534 2 517 41535
41535 2 37576 41536
41536 2 24236 41537
41537 1 41538
41538 2 41539 43857
41539 2 36317 41540
41540 1 41541
41541 1 41542
41542 2 17598 41543
41543 3 29590 41544 49871
41544 2 29951 41545
41545 1 41546
41546 2 14422 41547
41547 2 6412 41548
41548 1 41549
41549 2 16039 41550
41550 2 10863 41551
41551 2 41552 43908
41552 1 41553
41553 1 41554
41554 1 41555
41555 1 41556
41556 3 9068 19801 41557
41557 1 41558
41558 2 10282 41559
41559 3 31887 41560 46522
41560 1 41561
41561 5 958 18206 30264 37312 41562
41562 3 11738 41563 48422
41563 3 16109 41564 48122
41564 3 9490 34959 41565
41565 2 17102 41566
41566 3 9244 32460 41567
41567 1 41568
41568 3 1690 30702 41569
41569 2 41570 43337
41570 2 24009 41571
41571 3 11687 37518 41572
41572 1 41573
41573 3 3076 41574 47677
41574 1 41575
41575 1 41576
41576 4 23819 41577 44542 47406
41577 1 41578
41578 2 32386 41579
41579 1 41580
41580 4 1234 1630 36221 41581
41581 2 9065 41582
41582 3 41583 43807 48257
41583 2 34214 41584
41584 2 1298 41585
41585 1 41586
41586 1 41587
41587 1 41588
41588 1 41589
41589 2 27883 41590
41590 2 18723 41591
41591 2 14728 41592
41592 3 40757 41593 42774
41593 1 41594
41594 1 41595
41595 2 37186 41596
41596 2 41597 44472
41597 3 23773 41598 49226
41598 5 5784 24748 30514 34990 41599
41599 3 5592 13777 41600
41600 2 29034 41601
41601 1 41602
41602 1 41603
41603 1 41604
41604 2 20581 41605
41605 1 41606
41606 1 41607
41607 1 41608
41608 2 19875 41609
41609 1 41610
41610 2 4729 41611
41611 2 17090 41612
41612 1 41613
41613 2 2884 41614
41614 1 41615
41615 2 32490 41616
41616 1 41617
41617 2 41618 43238
41618 1 41619
41619 3 26213 40016 41620
41620 1 41621
41621 2 41622 46993
41622 2 18483 41623
41623 2 21437 41624
41624 1 41625
41625 2 17572 41626
41626 3 32843 41627 43573
41627 3 7854 39988 41628
41628 2 10128 41629
41629 1 41630
41630 1 41631
41631 1 41632
41632 1 41633
41633 1 41634
41634 3 12323 41635 46873
41635 1 41636
41636 1 41637
41637 2 4944 41638
41638 1 41639
41639 3 7725 19696 41640
41640 1 41641
41641 2 40776 41642
41642 3 15465 41643 44270
41643 3 29469 33089 41644
41644 2 40647 41645
41645 2 64 41646
41646 2 6925 41647
41647 6 5847 19217 24907 27062 32614 41648
41648 2 41649 49864
41649 1 41650
41650 1 41651
41651 1 41652
41652 4 17182 41653 46525 47058
41653 2 40946 41654
41654 1 41655
41655 3 2213 30125 41656
41656 2 841 41657
41657 2 39023 41658
41658 2 1914 41659
41659 1 41660
41660 2 11958 41661
41661 2 39149 41662
41662 1 41663
41663 1 41664
41664 1 41665
41665 1 41666
41666 2 37904 41667
41667 3 25943 31701 41668
41668 3 41669 43019 47549
41669 3 12684 39146 41670
41670 3 33508 41671 45049
41671 4 6845 28437 32915 41672
41672 1 41673
41673 4 8685 19729 22012 41674
41674 4 16471 38207 41675 45697
41675 2 2240 41676
41676 1 41677
41677 1 41678
41678 1 41679
41679 1 41680
41680 2 24907 41681
41681 1 41682
41682 1 41683
41683 1 41684
41684 2 29828 41685
41685 3 6095 6930 41686
41686 1 41687
41687 1 41688
41688 1 41689
41689 1 41690
41690 1 41691
41691 2 39056 41692
41692 2 2626 41693
41693 1 41694
41694 2 3628 41695
41695 3 9056 10043 41696
41696 1 41697
41697 4 4491 25998 29133 41698
41698 2 5100 41699
41699 4 3522 13962 30317 41700
41700 2 30949 41701
41701 2 31991 41702
41702 4 1887 3604 20978 41703
41703 4 10138 18500 29239 41704
41704 2 32443 41705
41705 2 23410 41706
41706 1 41707
41707 2 28964 41708
41708 2 41709 42084
41709 2 41710 43139
41710 1 41711
41711 4 20534 23879 33377 41712
41712 1 41713
41713 3 25107 31856 41714
41714 3 4409 10674 41715
41715 1 41716
41716 1 41717
41717 2 31011 41718
41718 4 14584 30738 41719 47113
41719 2 39574 41720
41720 2 38877 41721
41721 2 5285 41722
41722 4 14097 19394 25861 41723
41723 1 41724
41724 2 4278 41725
41725 2 41726 49714
41726 2 28043 41727
41727 1 41728
41728 1 41729
41729 2 10340 41730
41730 1 41731
41731 1 41732
41732 2 41733 48744
41733 1 41734
41734 2 37566 41735
41735 4 12495 17829 36609 41736
41736 2 22650 41737
41737 2 9740 41738
41738 4 2273 11475 17757 41739
41739 1 41740
41740 2 19371 41741
41741 2 20328 41742
41742 3 41743 44119 46656
41743 1 41744
41744 1 41745
41745 2 10966 41746
41746 1 41747
41747 3 16849 27248 41748
41748 2 38931 41749
41749 2 36574 41750
41750 1 41751
41751 1 41752
41752 1 41753
41753 2 35003 41754
41754 2 32067 41755
41755 1 41756
41756 1 41757
41757 1 41758
41758 4 14131 17277 41759 48190
41759 1 41760
41760 1 41761
41761 1 41762
41762 2 20212 41763
41763 1 41764
41764 3 106 34055 41765
41765 2 11694 41766
41766 3 7203 40926 41767
41767 3 36573 37630 41768
41768 2 37159 41769
41769 2 41770 46094
41770 4 1483 2272 5582 41771
41771 1 41772
41772 1 41773
41773 3 5416 24251 41774
41774 1 41775
41775 2 41776 49803
41776 2 10936 41777
41777 3 12998 24753 41778
41778 3 39894 41779 42078
41779 1 41780
41780 1 41781
41781 2 40104 41782
41782 1 41783
41783 2 18055 41784
41784 2 19222 41785
41785 3 443 41786 43184
41786 1 41787
41787 1 41788
41788 1 41789
41789 2 18379 41790
41790 2 19113 41791
41791 1 41792
41792 3 10622 16165 41793
41793 2 3239 41794
41794 1 41795
41795 2 28010 41796
41796 1 41797
41797 3 19755 25908 41798
41798 3 5027 41799 48385
41799 1 41800
41800 1 41801
41801 3 20975 23823 41802
41802 1 41803
41803 3 7194 33115 41804
41804 2 34376 41805
41805 2 1820 41806
41806 2 20191 41807
41807 2 18912 41808
41808 1 41809
41809 2 41810 47774
41810 2 41811 43016
41811 5 4632 23847 40863 41812 43895
41812 2 12400 41813
41813 3 30288 33409 41814
41814 2 23435 41815
41815 1 41816
41816 2 41549 41817
41817 3 15127 41818 42277
41818 1 41819
41819 1 41820
41820 2 34462 41821
41821 2 20228 41822
41822 1 41823
41823 3 21034 40421 41824
41824 2 41825 42962
41825 3 26538 28608 41826
41826 2 38363 41827
41827 2 41828 48427
41828 2 30292 41829
41829 2 30663 41830
41830 1 41831
41831 1 41832
41832 2 29677 41833
41833 3 17186 40423 41834
41834 1 41835
41835 2 17774 41836
41836 2 40907 41837
41837 1 41838
41838 2 9651 41839
41839 3 3382 37988 41840
41840 1 41841
41841 2 5174 41842
41842 2 15257 41843
41843 2 26260 41844
41844 2 41845 44036
41845 1 41846
41846 1 41847
41847 2 6982 41848
41848 1 41849
41849 2 4935 41850
41850 1 41851
41851 2 41852 48165
41852 3 11185 35764 41853
41853 3 16114 19367 41854
41854 2 35673 41855
41855 3 9660 19293 41856
41856 3 28215 41836 41857
41857 1 41858
41858 1 41859
41859 1 41860
41860 1 41861
41861 2 20014 41862
41862 2 735 41863
41863 3 15258 19345 41864
41864 2 19577 41865
41865 2 19414 41866
41866 1 41867
41867 3 8494 18931 41868
41868 3 10040 41869 44466
41869 1 41870
41870 2 6737 41871
41871 2 24427 41872
41872 2 7253 41873
41873 2 41176 41874
41874 1 41875
41875 2 20982 41876
41876 1 41877
41877 2 22286 41878
41878 2 3568 41879
41879 1 41880
41880 3 25938 38700 41881
41881 1 41882
41882 5 24049 34491 37144 41883 42773
41883 2 41884 47955
41884 1 41885
41885 5 17037 18070 34246 38478 41886
41886 1 41887
41887 1 41888
41888 1 41889
41889 4 6104 21262 27039 41890
41890 2 41891 46154
41891 3 80 17184 41892
41892 2 26939 41893
41893 2 34582 41894
41894 1 41895
41895 2 14162 41896
41896 3 3392 23534 41897
41897 1 41898
41898 3 15778 35813 41899
41899 3 17100 29132 41900
41900 2 14976 41901
41901 3 33494 41902 43815
41902 3 10378 16100 41903
41903 1 41904
41904 2 24328 41905
41905 3 15055 41061 41906
41906 3 809 24213 41907
41907 3 29892 35817 41908
41908 1 41909
41909 2 32577 41910
41910 1 41911
41911 4 11151 41912 45421 49973
41912 1 41913
41913 3 27203 41914 48647
41914 3 12047 33717 41915
41915 1 41916
41916 1 41917
41917 1 41918
41918 2 13537 41919
41919 2 16474 41920
41920 5 2721 34329 41422 41921 43884
41921 1 41922
41922 2 40780 41923
41923 2 41924 46769
41924 3 11987 30617 41925
41925 2 21989 41926
41926 3 2474 10880 41927
41927 4 18220 34010 41928 49257
41928 2 41929 46148
41929 1 41930
41930 2 15002 41931
41931 2 16244 41932
41932 3 39421 41197 41933
41933 1 41934
41934 2 7902 41935
41935 3 11914 31010 41936
41936 1 41937
41937 1 41938
41938 1 41939
41939 1 41940
41940 2 20740 41941
41941 1 41942
41942 1 41943
41943 2 25508 41944
41944 2 39019 41945
41945 2 14586 41946
41946 3 13927 20482 41947
41947 1 41948
41948 1 41949
41949 1 41950
41950 2 4106 41951
41951 3 31851 32754 41952
41952 2 32107 41953
41953 4 13934 14741 41954 47125
41954 1 41955
41955 2 30879 41956
41956 3 14063 41957 42728
41957 1 41958
41958 1 41959
41959 2 4763 41960
41960 1 41961
41961 1 41962
41962 2 19124 41963
41963 1 41964
41964 1 41965
41965 2 25067 41966
41966 3 39418 41967 46651
41967 2 24397 41968
41968 4 11198 14632 18219 41969
41969 2 4444 41970
41970 1 41971
41971 4 21777 21821 28378 41972
41972 1 41973
41973 2 7049 41974
41974 2 37452 41975
41975 1 41976
41976 1 41977
41977 2 5826 41978
41978 3 11751 41979 44777
41979 3 41418 41980 43070
41980 2 35758 41981
41981 1 41982
41982 2 35715 41983
41983 2 18643 41984
41984 3 3257 26495 41985
41985 2 4845 41986
41986 2 35187 41987
41987 2 10203 41988
41988 3 17780 21260 41989
41989 3 32846 40713 41990
41990 3 27427 41991 46747
41991 2 35277 41992
41992 3 9720 14153 41993
41993 5 16693 17703 21786 30819 41994
41994 1 41995
41995 2 17066 41996
41996 2 41997 48025
41997 1 41998
41998 2 11556 41999
41999 1 42000
42000 1 42001
42001 1 42002
42002 1 42003
42003 2 42004 46382
42004 2 7709 42005
42005 2 20384 42006
42006 1 42007
42007 2 11090 42008
42008 1 42009
42009 3 42010 46643 48675
42010 1 42011
42011 1 42012
42012 1 42013
42013 2 21748 42014
42014 3 2756 42015 46049
42015 2 42016 48171
42016 5 6424 23179 27433 34891 42017
42017 3 29044 36564 42018
42018 1 42019
42019 1 42020
42020 2 33408 42021
42021 2 37638 42022
42022 2 30375 42023
42023 2 10928 42024
42024 3 1722 21523 42025
42025 1 42026
42026 2 42027 42321
42027 1 42028
42028 3 21775 40040 42029
42029 1 42030
42030 4 11224 25353 26453 42031
42031 1 42032
42032 1 42033
42033 1 42034
42034 2 42035 43899
42035 1 42036
42036 3 31614 42037 44329
42037 1 42038
42038 3 18161 26716 42039
42039 1 42040
42040 2 8440 42041
42041 1 42042
42042 2 42043 49670
42043 1 42044
42044 1 42045
42045 2 18518 42046
42046 3 1062 35569 42047
42047 1 42048
42048 3 10212 34157 42049
42049 2 34019 42050
42050 3 29050 42019 42051
42051 3 4739 34977 42052
42052 2 37276 42053
42053 2 27177 42054
42054 1 42055
42055 4 16713 30800 39520 42056
42056 1 42057
42057 1 42058
42058 1 42059
42059 2 42060 42520
42060 1 42061
42061 2 42062 48344
42062 2 9907 42063
42063 4 10628 25950 39957 42064
42064 1 42065
42065 1 42066
42066 2 15782 42067
42067 3 13503 37434 42068
42068 2 41849 42069
42069 1 42070
42070 1 42071
42071 2 23818 42072
42072 3 21676 40167 42073
42073 1 42074
42074 1 42075
42075 1 42076
42076 3 5989 36023 42077
42077 1 42078
42078 1 42079
42079 2 42080 48032
42080 3 15846 42081 46294
42081 2 21658 42082
42082 1 42083
42083 1 42084
42084 3 31787 42085 48138
42085 5 2343 11758 38235 42086 45230
42086 2 18566 42087
42087 1 42088
42088 1 42089
42089 4 5461 37105 42090 49570
42090 1 42091
42091 3 3391 39664 42092
42092 5 11496 14578 15829 24268 42093
42093 3 11608 23400 42094
42094 3 11215 29747 42095
42095 5 720 1054 3436 27016 42096
42096 1 42097
42097 4 529 34043 42098 42919
42098 1 42099
42099 4 6435 28190 33278 42100
42100 2 153 42101
42101 2 31866 42102
42102 1 42103
42103 2 31614 42104
42104 2 4143 42105
42105 2 4292 42106
42106 3 37885 39849 42107
42107 3 510 2204 42108
42108 3 19945 36900 42109
42109 2 38932 42110
42110 2 42111 49170
42111 1 42112
42112 2 34221 42113
42113 3 3002 42114 46917
42114 2 4395 42115
42115 2 42116 46689
42116 3 17587 32991 42117
42117 1 42118
42118 1 42119
42119 1 42120
42120 3 16270 16278 42121
42121 2 5904 42122
42122 2 17612 42123
42123 2 39867 42124
42124 2 2958 42125
42125 1 42126
42126 1 42127
42127 3 27011 42128 48858
42128 2 41089 42129
42129 1 42130
42130 2 7104 42131
42131 1 42132
42132 2 793 42133
42133 2 42134 42665
42134 3 16133 35030 42135
42135 1 42136
42136 1 42137
42137 2 36666 42138
42138 2 5937 42139
42139 1 42140
42140 2 29223 42141
42141 2 42142 45444
42142 1 42143
42143 2 26361 42144
42144 3 29681 42145 46281
42145 1 42146
42146 4 1931 28258 39542 42147
42147 2 11080 42148
42148 2 22043 42149
42149 2 42150 46016
42150 4 3773 26370 27885 42151
42151 1 42152
42152 4 308 13070 20758 42153
42153 2 15718 42154
42154 1 42155
42155 2 8113 42156
42156 3 14804 36117 42157
42157 1 42158
42158 2 7689 42159
42159 2 31468 42160
42160 5 16759 34628 39915 42161 43315
42161 1 42162
42162 2 28042 42163
42163 4 8601 12081 12681 42164
42164 1 42165
42165 1 42166
42166 3 24231 28835 42167
42167 3 23444 24331 42168
42168 2 21314 42169
42169 1 42170
42170 2 3019 42171
42171 2 21100 42172
42172 1 42173
42173 2 8100 42174
42174 2 2746 42175
42175 1 42176
42176 4 8347 23739 27256 42177
42177 2 42178 42202
42178 2 40874 42179
42179 1 42180
42180 1 42181
42181 1 42182
42182 2 14274 42183
42183 2 42060 42184
42184 2 14973 42185
42185 1 42186
42186 2 13156 42187
42187 2 29443 42188
42188 1 42189
42189 1 42190
42190 1 42191
42191 3 6018 40257 42192
42192 2 25359 42193
42193 2 25804 42194
42194 4 22381 22847 42195 49388
42195 1 42196
42196 5 717 33619 42197 46554 47332
42197 1 42198
42198 2 42199 42732
42199 2 7418 42200
42200 1 42201
42201 1 42202
42202 2 42203 45771
42203 3 13191 23199 42204
42204 4 519 20599 42205 48407
42205 2 11748 42206
42206 2 30537 42207
42207 1 42208
42208 3 30557 32603 42209
42209 1 42210
42210 1 42211
42211 3 24064 32266 42212
42212 1 42213
42213 2 29699 42214
42214 4 1949 10494 42215 49490
42215 2 32184 42216
42216 2 5739 42217
42217 2 42218 42409
42218 2 29942 42219
42219 3 500 5207 42220
42220 6 8317 24580 37101 37181 42221 45836
42221 1 42222
42222 1 42223
42223 2 13705 42224
42224 1 42225
42225 3 28862 34851 42226
42226 2 25231 42227
42227 2 30497 42228
42228 1 42229
42229 4 40216 42230 46020 48049
42230 2 42231 46221
42231 3 14818 29536 42232
42232 4 10907 27717 30385 42233
42233 5 23246 39017 41423 41635 42234
42234 2 5025 42235
42235 2 16162 42236
42236 2 17904 42237
42237 1 42238
42238 1 42239
42239 2 2102 42240
42240 2 1655 42241
42241 6 12747 23641 24783 28307 37065 42242
42242 2 7126 42243
42243 3 2476 32217 42244
42244 1 42245
42245 2 19883 42246
42246 2 14235 42247
42247 2 42248 43367
42248 1 42249
42249 1 42250
42250 1 42251
42251 3 12183 19300 42252
42252 1 42253
42253 1 42254
42254 2 21202 42255
42255 3 14886 39796 42256
42256 3 1150 16553 42257
42257 2 5889 42258
42258 1 42259
42259 1 42260
42260 1 42261
42261 1 42262
42262 1 42263
42263 2 19552 42264
42264 1 42265
42265 2 42065 42266
42266 1 42267
42267 5 4112 7963 29633 42268 46510
42268 3 12208 19285 42269
42269 1 42270
42270 2 26211 42271
42271 2 38663 42272
42272 4 15280 26434 33630 42273
42273 3 7791 42274 48537
42274 4 1718 28645 34123 42275
42275 1 42276
42276 2 3413 42277
42277 2 42278 42765
42278 1 42279
42279 2 11746 42280
42280 1 42281
42281 1 42282
42282 1 42283
42283 1 42284
42284 3 17620 20599 42285
42285 5 6113 6728 31555 33448 42286
42286 1 42287
42287 2 14347 42288
42288 2 38879 42289
42289 2 31668 42290
42290 1 42291
42291 3 32385 42292 46562
42292 2 10630 42293
42293 2 29340 42294
42294 2 42295 49112
42295 1 42296
42296 1 42297
42297 3 12042 42298 46079
42298 5 8507 9378 10461 31736 42299
42299 3 24156 38542 42300
42300 2 27219 42301
42301 1 42302
42302 1 42303
42303 2 35696 42304
42304 3 23759 28529 42305
42305 2 14231 42306
42306 2 36460 42307
42307 2 34716 42308
42308 2 14262 42309
42309 1 42310
42310 4 508 1828 37889 42311
42311 3 3389 40979 42312
42312 1 42313
42313 1 42314
42314 2 21520 42315
42315 1 42316
42316 2 42317 44049
42317 3 4110 29900 42318
42318 1 42319
42319 1 42320
42320 2 19820 42321
42321 1 42322
42322 2 28819 42323
42323 2 41638 42324
42324 2 8965 42325
42325 1 42326
42326 3 6049 13106 42327
42327 5 4636 30467 35866 42328 45437
42328 2 5871 42329
42329 1 42330
42330 2 42331 45957
42331 2 1383 42332
42332 1 42333
42333 1 42334
42334 1 42335
42335 1 42336
42336 3 7908 18613 42337
42337 2 40484 42338
42338 3 9984 17285 42339
42339 2 27489 42340
42340 3 37605 38741 42341
42341 2 33827 42342
42342 3 28919 40163 42343
42343 1 42344
42344 3 2218 15046 42345
42345 1 42346
42346 1 42347
42347 4 7252 15833 21034 42348
42348 1 42349
42349 2 6590 42350
42350 2 42351 45043
42351 4 29715 38674 42352 42704
42352 2 42353 47980
42353 2 42354 42945
42354 1 42355
42355 1 42356
42356 2 26546 42357
42357 1 42358
42358 1 42359
42359 2 15147 42360
42360 3 11489 15840 42361
42361 2 17991 42362
42362 2 39858 42363
42363 2 29015 42364
42364 4 5335 34253 42059 42365
42365 1 42366
42366 2 20614 42367
42367 3 21126 21727 42368
42368 3 19775 24159 42369
42369 1 42370
42370 3 14109 16545 42371
42371 1 42372
42372 2 13745 42373
42373 1 42374
42374 1 42375
42375 2 6936 42376
42376 2 14578 42377
42377 3 22114 29243 42378
42378 2 3026 42379
42379 5 20608 23457 33613 38869 42380
42380 2 40145 42381
42381 1 42382
42382 3 3976 42383 42670
42383 1 42384
42384 5 2855 33368 42385 46543 47400
42385 1 42386
42386 1 42387
42387 2 38623 42388
42388 2 42389 49219
42389 2 4555 42390
42390 2 9679 42391
42391 4 1587 14091 24993 42392
42392 2 14675 42393
42393 2 1209 42394
42394 5 5711 15184 29721 42395 43765
42395 2 13676 42396
42396 2 32391 42397
42397 1 42398
42398 2 42399 43533
42399 2 4270 42400
42400 1 42401
42401 1 42402
42402 1 42403
42403 1 42404
42404 2 34699 42405
42405 2 38429 42406
42406 2 31699 42407
42407 2 25397 42408
42408 1 42409
42409 3 39324 42410 42896
42410 2 31824 42411
42411 2 37621 42412
42412 1 42413
42413 1 42414
42414 1 42415
42415 1 42416
42416 1 42417
42417 2 34464 42418
42418 3 1891 22290 42419
42419 4 6862 15193 28490 42420
42420 2 3935 42421
42421 1 42422
42422 1 42423
42423 3 10272 24245 42424
42424 2 5085 42425
42425 2 29051 42426
42426 2 19228 42427
42427 1 42428
42428 3 4069 23581 42429
42429 3 24480 42430 44625
42430 3 4986 18631 42431
42431 2 42432 46401
42432 1 42433
42433 3 3950 20145 42434
42434 2 39314 42435
42435 2 8575 42436
42436 2 28504 42437
42437 2 12936 42438
42438 1 42439
42439 3 10940 42440 44923
42440 3 17755 29590 42441
42441 1 42442
42442 2 35157 42443
42443 3 42444 43174 48221
42444 1 42445
42445 2 15292 42446
42446 1 42447
42447 2 40016 42448
42448 2 4788 42449
42449 2 42450 44679
42450 4 2754 19769 42451 44969
42451 3 36986 42452 45588
42452 3 22788 39357 42453
42453 2 32282 42454
42454 1 42455
42455 2 42456 45985
42456 2 42457 48262
42457 1 42458
42458 1 42459
42459 2 42460 45130
42460 2 11007 42461
42461 1 42462
42462 1 42463
42463 1 42464
42464 2 3375 42465
42465 1 42466
42466 2 7599 42467
42467 2 36458 42468
42468 2 33507 42469
42469 3 1166 34834 42470
42470 3 17478 22681 42471
42471 1 42472
42472 3 42292 42473 43192
42473 1 42474
42474 2 42475 45089
42475 3 20053 42476 49140
42476 3 38788 41665 42477
42477 3 14706 22565 42478
42478 3 27046 36026 42479
42479 1 42480
42480 3 33097 42481 48781
42481 3 9354 18037 42482
42482 2 30664 42483
42483 2 84 42484
42484 1 42485
42485 5 7284 8368 20584 39207 42486
42486 5 14092 26328 42487 45869 48302
42487 4 4806 10603 14985 42488
42488 4 5836 27558 29230 42489
42489 4 2473 2544 38123 42490
42490 2 26024 42491
42491 3 19457 42492 46691
42492 2 42493 43814
42493 1 42494
42494 2 42495 46517
42495 2 35184 42496
42496 1 42497
42497 2 13969 42498
42498 2 2802 42499
42499 3 11888 35299 42500
42500 1 42501
42501 1 42502
42502 3 34528 41551 42503
42503 3 496 1421 42504
42504 2 21230 42505
42505 3 1511 42506 45489
42506 1 42507
42507 1 42508
42508 3 32601 40702 42509
42509 2 23381 42510
42510 3 19782 36568 42511
42511 1 42512
42512 2 37392 42513
42513 1 42514
42514 1 42515
42515 2 4868 42516
42516 1 42517
42517 2 13381 42518
42518 3 33765 40624 42519
42519 2 42520 46411
42520 4 20396 27672 35505 42521
42521 2 8943 42522
42522 1 42523
42523 3 15704 40237 42524
42524 2 42525 45821
42525 1 42526
42526 1 42527
42527 4 3117 24937 27369 42528
42528 1 42529
42529 3 2891 19108 42530
42530 3 2175 27120 42531
42531 4 22146 24237 31785 42532
42532 2 4993 42533
42533 2 37718 42534
42534 1 42535
42535 2 42536 45808
42536 4 29074 36551 42367 42537
42537 1 42538
42538 2 34052 42539
42539 2 9047 42540
42540 1 42541
42541 2 42542 46037
42542 2 5211 42543
42543 4 16754 18749 39282 42544
42544 1 42545
42545 2 11898 42546
42546 4 38465 41679 42547 47849
42547 2 38861 42548
42548 2 7087 42549
42549 1 42550
42550 2 30163 42551
42551 4 6527 28267 38006 42552
42552 2 42553 47482
42553 2 19314 42554
42554 1 42555
42555 4 6929 42556 44945 45582
42556 2 42283 42557
42557 4 2462 32444 42558 46059
42558 2 38885 42559
42559 1 42560
42560 1 42561
42561 1 42562
42562 3 3026 3742 42563
42563 1 42564
42564 2 5896 42565
42565 1 42566
42566 1 42567
42567 1 42568
42568 3 155 40275 42569
42569 2 29549 42570
42570 1 42571
42571 3 10437 36021 42572
42572 1 42573
42573 1 42574
42574 1 42575
42575 1 42576
42576 1 42577
42577 1 42578
42578 4 19675 23793 25796 42579
42579 2 12197 42580
42580 1 42581
42581 3 33434 42582 47894
42582 1 42583
42583 1 42584
42584 2 36866 42585
42585 2 31945 42586
42586 3 2343 26878 42587
42587 1 42588
42588 1 42589
42589 3 12637 42279 42590
42590 1 42591
42591 2 14281 42592
42592 3 7390 8187 42593
42593 1 42594
42594 1 42595
42595 1 42596
42596 4 18579 42597 45701 46127
42597 1 42598
42598 1 42599
42599 3 4470 36978 42600
42600 4 8698 30554 42601 48582
42601 1 42602
42602 2 42603 49986
42603 2 42368 42604
42604 1 42605
42605 2 3940 42606
42606 2 31734 42607
42607 4 2034 22302 25640 42608
42608 3 2413 41691 42609
42609 1 42610
42610 2 32749 42611
42611 1 42612
42612 2 32498 42613
42613 3 11771 12668 42614
42614 3 9902 34970 42615
42615 1 42616
42616 1 42617
42617 1 42618
42618 1 42619
42619 3 3001 3055 42620
42620 1 42621
42621 1 42622
42622 2 42623 47963
42623 2 34914 42624
42624 1 42625
42625 1 42626
42626 1 42627
42627 5 17557 25491 38513 42628 45983
42628 4 28800 32949 42629 49345
42629 3 31427 42630 47522
42630 1 42631
42631 2 5600 42632
42632 1 42633
42633 2 42634 45025
42634 1 42635
42635 2 35974 42636
42636 2 42637 49864
42637 1 42638
42638 1 42639
42639 3 4829 34171 42640
42640 2 27076 42641
42641 2 3633 42642
42642 2 42022 42643
42643 2 4486 42644
42644 2 31437 42645
42645 1 42646
42646 4 5020 18166 33309 42647
42647 2 25715 42648
42648 1 42649
42649 3 3541 31197 42650
42650 2 26636 42651
42651 2 32577 42652
42652 1 42653
42653 1 42654
42654 1 42655
42655 3 14457 21572 42656
42656 2 42657 43019
42657 4 1154 28410 32928 42658
42658 5 5270 33107 35532 37896 42659
42659 3 7658 23934 42660
42660 2 15551 42661
42661 3 15716 38749 42662
42662 2 42663 46587
42663 3 16972 42664 49838
42664 1 42665
42665 3 2406 4804 42666
42666 4 22166 23321 23685 42667
42667 4 3914 29753 42240 42668
42668 1 42669
42669 1 42670
42670 1 42671
42671 3 1537 32632 42672
42672 4 5784 7235 42673 45415
42673 3 21786 40043 42674
42674 1 42675
42675 2 7805 42676
42676 1 42677
42677 2 21691 42678
42678 3 455 26738 42679
42679 2 3782 42680
42680 1 42681
42681 2 30325 42682
42682 2 28940 42683
42683 1 42684
42684 4 14108 22746 34242 42685
42685 2 1468 42686
42686 2 36090 42687
42687 2 30749 42688
42688 1 42689
42689 1 42690
42690 3 8124 21569 42691
42691 4 122 8874 11936 42692
42692 2 21971 42693
42693 5 7568 11779 11854 42694 45884
42694 1 42695
42695 1 42696
42696 1 42697
42697 1 42698
42698 2 15734 42699
42699 2 29030 42700
42700 2 17529 42701
42701 2 31902 42702
42702 2 7970 42703
42703 3 13798 28131 42704
42704 1 42705
42705 1 42706
42706 3 13677 42707 46663
42707 1 42708
42708 2 11895 42709
42709 2 13675 42710
42710 3 18788 42711 43526
42711 1 42712
42712 2 15421 42713
42713 1 42714
42714 2 26583 42715
42715 1 42716
42716 2 36857 42717
42717 4 186 4624 42718 47013
42718 2 14830 42719
42719 2 13838 42720
42720 4 2263 6187 11644 42721
42721 1 42722
42722 1 42723
42723 2 42724 44184
42724 2 12890 42725
42725 2 18250 42726
42726 1 42727
42727 2 10350 42728
42728 2 7713 42729
42729 2 13197 42730
42730 4 10383 19301 28355 42731
42731 1 42732
42732 3 2775 36168 42733
42733 1 42734
42734 1 42735
42735 1 42736
42736 2 38811 42737
42737 1 42738
42738 4 520 13164 19816 42739
42739 1 42740
42740 2 35271 42741
42741 1 42742
42742 1 42743
42743 1 42744
42744 2 20708 42745
42745 2 22032 42746
42746 2 13684 42747
42747 1 42748
42748 1 42749
42749 1 42750
42750 3 4574 5729 42751
42751 1 42752
42752 1 42753
42753 2 21425 42754
42754 1 42755
42755 2 551 42756
42756 1 42757
42757 2 41443 42758
42758 1 42759
42759 4 6408 19484 26449 42760
42760 1 42761
42761 4 3386 7979 42762 46217
42762 1 42763
42763 4 21313 32877 42764 44364
42764 1 42765
42765 3 18428 42488 42766
42766 1 42767
42767 3 16014 30448 42768
42768 1 42769
42769 3 23507 42770 44822
42770 1 42771
42771 4 2869 22809 25780 42772
42772 2 31665 42773
42773 3 9817 19495 42774
42774 1 42775
42775 1 42776
42776 2 16761 42777
42777 2 27215 42778
42778 3 12421 33821 42779
42779 4 12922 28937 39415 42780
42780 2 39886 42781
42781 1 42782
42782 2 22403 42783
42783 1 42784
42784 2 3640 42785
42785 2 31207 42786
42786 1 42787
42787 2 8184 42788
42788 1 42789
42789 2 9575 42790
42790 1 42791
42791 2 35294 42792
42792 1 42793
42793 2 42794 46977
42794 3 29456 37020 42795
42795 1 42796
42796 2 21824 42797
42797 3 4301 42798 42947
42798 3 3681 14257 42799
42799 3 34926 42800 43179
42800 1 42801
42801 1 42802
42802 1 42803
42803 1 42804
42804 2 42805 45138
42805 2 8656 42806
42806 1 42807
42807 1 42808
42808 3 27504 42809 46040
42809 2 10735 42810
42810 1 42811
42811 3 17183 21939 42812
42812 2 17800 42813
42813 1 42814
42814 3 29076 42815 43026
42815 2 30122 42816
42816 2 35434 42817
42817 2 3262 42818
42818 2 7562 42819
42819 2 42820 47220
42820 1 42821
42821 3 26739 37266 42822
42822 3 2360 20969 42823
42823 1 42824
42824 2 25506 42825
42825 1 42826
42826 2 1447 42827
42827 1 42828
42828 2 42829 49889
42829 1 42830
42830 1 42831
42831 1 42832
42832 1 42833
42833 1 42834
42834 1 42835
42835 3 15746 40859 42836
42836 5 8164 34498 42837 43534 44832
42837 2 36648 42838
42838 1 42839
42839 1 42840
42840 2 479 42841
42841 4 5197 26973 30041 42842
42842 2 42843 46294
42843 1 42844
42844 3 37978 40529 42845
42845 1 42846
42846 2 42847 43685
42847 1 42848
42848 2 8019 42849
42849 1 42850
42850 1 42851
42851 1 42852
42852 1 42853
42853 1 42854
42854 1 42855
42855 3 11081 14271 42856
42856 1 42857
42857 3 38045 42858 43628
42858 1 42859
42859 1 42860
42860 1 42861
42861 2 42862 48983
42862 2 36541 42863
42863 1 42864
42864 1 42865
42865 3 16944 28333 42866
42866 3 30739 31790 42867
42867 4 9465 17464 21725 42868
42868 3 39318 42869 44965
42869 1 42870
42870 1 42871
42871 2 40790 42872
42872 1 42873
42873 1 42874
42874 1 42875
42875 1 42876
42876 3 949 13883 42877
42877 2 13905 42878
42878 1 42879
42879 3 9868 17748 42880
42880 1 42881
42881 2 19765 42882
42882 3 1374 18997 42883
42883 1 42884
42884 1 42885
42885 2 42886 43407
42886 1 42887
42887 1 42888
42888 2 42889 48174
42889 3 29557 42890 43339
42890 3 18022 33705 42891
42891 2 16896 42892
42892 3 42893 43317 47471
42893 2 7092 42894
42894 1 42895
42895 1 42896
42896 1 42897
42897 2 10567 42898
42898 2 25886 42899
42899 1 42900
42900 2 5092 42901
42901 3 21823 31545 42902
42902 1 42903
42903 2 42904 46887
42904 2 16322 42905
42905 2 2541 42906
42906 1 42907
42907 2 6545 42908
42908 4 11368 22200 42909 47366
42909 2 5649 42910
42910 2 26305 42911
42911 2 14799 42912
42912 1 42913
42913 2 13091 42914
42914 3 621 1619 42915
42915 2 1835 42916
42916 2 42917 44525
42917 5 14290 15579 42918 43568 45653
42918 4 7667 33838 36202 42919
42919 4 16357 27599 42920 46668
42920 3 27331 35603 42921
42921 2 39265 42922
42922 3 7401 26343 42923
42923 1 42924
42924 2 21910 42925
42925 2 42926 43402
42926 1 42927
42927 5 12431 23990 37548 41162 42928
42928 1 42929
42929 1 42930
42930 5 23816 30987 37388 42665 42931
42931 1 42932
42932 1 42933
42933 2 25412 42934
42934 4 652 9724 34458 42935
42935 2 9810 42936
42936 1 42937
42937 1 42938
42938 1 42939
42939 3 3009 17388 42940
42940 4 42935 42941 45047 47272
42941 3 1269 23755 42942
42942 5 10315 14289 17910 42943 43744
42943 2 6258 42944
42944 1 42945
42945 5 5764 21499 24874 30165 42946
42946 3 19010 42947 48865
42947 1 42948
42948 3 13802 37850 42949
42949 1 42950
42950 3 12392 33949 42951
42951 1 42952
42952 2 26886 42953
42953 2 28592 42954
42954 2 88 42955
42955 1 42956
42956 3 14702 22287 42957
42957 2 26223 42958
42958 2 21589 42959
42959 1 42960
42960 2 25069 42961
42961 4 6945 27787 36309 42962
42962 2 11304 42963
42963 1 42964
42964 1 42965
42965 1 42966
42966 1 42967
42967 4 5425 22291 42647 42968
42968 1 42969
42969 2 34477 42970
42970 2 254 42971
42971 1 42972
42972 1 42973
42973 1 42974
42974 3 24784 42660 42975
42975 2 16101 42976
42976 2 19468 42977
42977 2 3433 42978
42978 1 42979
42979 1 42980
42980 2 7305 42981
42981 3 3351 21988 42982
42982 2 13074 42983
42983 2 42984 46481
42984 3 31467 42985 47394
42985 2 19409 42986
42986 2 40251 42987
42987 3 9039 32424 42988
42988 3 7484 37815 42989
42989 2 15252 42990
42990 1 42991
42991 1 42992
42992 1 42993
42993 3 38854 42994 48820
42994 1 42995
42995 2 42996 49220
42996 1 42997
42997 2 40717 42998
42998 2 12379 42999
42999 3 21685 35505 43000
43000 1 43001
43001 3 26239 40455 43002
43002 1 43003
43003 1 43004
43004 2 5378 43005
43005 3 11778 21391 43006
43006 1 43007
43007 2 40386 43008
43008 1 43009
43009 2 40679 43010
43010 3 29836 38711 43011
43011 1 43012
43012 1 43013
43013 1 43014
43014 2 12301 43015
43015 1 43016
43016 1 43017
43017 2 22201 43018
43018 3 26454 39625 43019
43019 1 43020
43020 3 21580 43021 43233
43021 1 43022
43022 2 3721 43023
43023 6 15699 16727 28236 40625 40677 43024
43024 3 671 26608 43025
43025 2 21775 43026
43026 2 33068 43027
43027 5 4883 8689 12490 14067 43028
43028 2 16333 43029
43029 2 6376 43030
43030 2 32685 43031
43031 2 27880 43032
43032 3 37626 41726 43033
43033 2 16049 43034
43034 3 6468 15974 43035
43035 1 43036
43036 2 807 43037
43037 2 25265 43038
43038 2 36958 43039
43039 1 43040
43040 2 43041 46648
43041 2 43042 46957
43042 1 43043
43043 5 5430 20424 24479 32032 43044
43044 3 20561 24197 43045
43045 1 43046
43046 2 8729 43047
43047 2 28966 43048
43048 1 43049
43049 3 5121 21143 43050
43050 2 43051 48154
43051 1 43052
43052 2 31746 43053
43053 1 43054
43054 2 20703 43055
43055 2 22236 43056
43056 2 15131 43057
43057 1 43058
43058 3 23154 23874 43059
43059 2 31357 43060
43060 1 43061
43061 2 4196 43062
43062 2 26124 43063
43063 4 5696 9565 13351 43064
43064 2 6327 43065
43065 1 43066
43066 2 24895 43067
43067 2 37070 43068
43068 2 18521 43069
43069 4 24682 26802 33307 43070
43070 2 35166 43071
43071 4 13015 19242 23361 43072
43072 1 43073
43073 1 43074
43074 1 43075
43075 1 43076
43076 1 43077
43077 4 7992 16114 32199 43078
43078 3 3508 13258 43079
43079 1 43080
43080 1 43081
43081 4 19282 28306 43082 44131
43082 3 26450 33199 43083
43083 1 43084
43084 2 36179 43085
43085 1 43086
43086 3 19884 28182 43087
43087 1 43088
43088 2 1190 43089
43089 3 18006 40974 43090
43090 2 13225 43091
43091 1 43092
43092 3 33153 42666 43093
43093 2 16996 43094
43094 4 2310 2686 31633 43095
43095 1 43096
43096 3 9183 42172 43097
43097 1 43098
43098 1 43099
43099 3 10581 43100 45660
43100 2 38086 43101
43101 2 10569 43102
43102 1 43103
43103 2 7461 43104
43104 3 24495 40508 43105
43105 2 18848 43106
43106 2 26823 43107
43107 5 10598 11849 26667 34270 43108
43108 4 14844 39405 43109 44994
43109 3 16462 35317 43110
43110 3 16892 25648 43111
43111 2 15057 43112
43112 2 43113 47681
43113 1 43114
43114 4 12516 40928 43115 45472
43115 4 9404 15313 27010 43116
43116 3 8287 35717 43117
43117 3 6065 36469 43118
43118 2 32935 43119
43119 2 7164 43120
43120 3 27975 38404 43121
43121 1 43122
43122 2 27775 43123
43123 3 8001 20469 43124
43124 2 37242 43125
43125 1 43126
43126 2 40166 43127
43127 1 43128
43128 1 43129
43129 1 43130
43130 1 43131
43131 2 5358 43132
43132 1 43133
43133 3 248 31903 43134
43134 1 43135
43135 1 43136
43136 1 43137
43137 1 43138
43138 6 14181 24023 25585 34211 43139 43534
43139 1 43140
43140 2 13404 43141
43141 4 12029 17374 34477 43142
43142 1 43143
43143 3 21341 33435 43144
43144 2 18592 43145
43145 3 22229 41395 43146
43146 1 43147
43147 2 42930 43148
43148 1 43149
43149 2 32741 43150
43150 2 25405 43151
43151 1 43152
43152 3 8432 43153 43615
43153 5 7773 12960 36117 37351 43154
43154 2 20636 43155
43155 2 9246 43156
43156 2 4050 43157
43157 2 43158 44858
43158 3 41421 43159 44785
43159 2 43160 43287
43160 2 28305 43161
43161 2 12193 43162
43162 2 20560 43163
43163 1 43164
43164 1 43165
43165 2 9231 43166
43166 1 43167
43167 3 2078 25471 43168
43168 2 13358 43169
43169 3 28489 35653 43170
43170 3 21498 42222 43171
43171 1 43172
43172 1 43173
43173 2 37426 43174
43174 4 6418 36329 39234 43175
43175 4 544 26527 43176 49857
43176 2 35471 43177
43177 3 28151 34854 43178
43178 4 20648 24693 32574 43179
43179 2 26574 43180
43180 2 37367 43181
43181 2 34369 43182
43182 2 10382 43183
43183 2 42955 43184
43184 1 43185
43185 2 10931 43186
43186 1 43187
43187 3 3734 43104 43188
43188 1 43189
43189 3 20817 34751 43190
43190 1 43191
43191 1 43192
43192 1 43193
43193 4 8668 21401 30097 43194
43194 2 32942 43195
43195 1 43196
43196 2 14139 43197
43197 2 26755 43198
43198 1 43199
43199 2 36967 43200
43200 1 43201
43201 2 40187 43202
43202 1 43203
43203 2 39429 43204
43204 1 43205
43205 1 43206
43206 2 42436 43207
43207 1 43208
43208 2 41724 43209
43209 2 11961 43210
43210 3 11040 34722 43211
43211 3 4049 8650 43212
43212 2 38363 43213
43213 3 25772 28377 43214
43214 4 30173 43215 44193 47280
43215 2 26283 43216
43216 2 41395 43217
43217 2 33983 43218
43218 4 21218 25217 31087 43219
43219 1 43220
43220 1 43221
43221 4 26480 27028 43222 44990
43222 1 43223
43223 2 24083 43224
43224 6 14405 25091 28516 38033 43225 49144
43225 2 29776 43226
43226 1 43227
43227 1 43228
43228 2 19348 43229
43229 2 30777 43230
43230 3 25710 34348 43231
43231 1 43232
43232 2 35604 43233
43233 1 43234
43234 3 1489 33874 43235
43235 6 20966 26895 34561 36484 38146 43236
43236 2 22657 43237
43237 1 43238
43238 5 6893 7329 9995 26667 43239
43239 1 43240
43240 3 6940 43241 49136
43241 3 8961 43242 46865
43242 2 13356 43243
43243 1 43244
43244 2 43245 43448
43245 1 43246
43246 4 2527 12353 20891 43247
43247 5 24554 29494 36256 37790 43248
43248 2 16895 43249
43249 3 8735 33722 43250
43250 3 10082 43251 44145
43251 3 4452 25573 43252
43252 1 43253
43253 2 33556 43254
43254 1 43255
43255 4 5390 7015 22866 43256
43256 2 37856 43257
43257 1 43258
43258 3 6674 28948 43259
43259 2 43260 44156
43260 1 43261
43261 2 11934 43262
43262 2 37056 43263
43263 3 10782 27545 43264
43264 2 43265 48998
43265 2 17206 43266
43266 1 43267
43267 1 43268
43268 4 21708 23740 38577 43269
43269 2 29122 43270
43270 2 43271 46547
43271 2 43272 46096
43272 2 29755 43273
43273 3 28070 42835 43274
43274 2 43275 48518
43275 2 2131 43276
43276 1 43277
43277 2 43278 45555
43278 2 28212 43279
43279 3 11738 19994 43280
43280 3 6172 43281 43374
43281 2 43282 47331
43282 4 5305 28744 31204 43283
43283 1 43284
43284 1 43285
43285 3 30520 34439 43286
43286 2 29346 43287
43287 3 34765 43288 46611
43288 2 6169 43289
43289 1 43290
43290 4 25050 27440 32409 43291
43291 1 43292
43292 2 40872 43293
43293 3 37269 43294 44454
43294 3 40624 43295 44013
43295 2 34557 43296
43296 1 43297
43297 1 43298
43298 1 43299
43299 4 12901 29804 43300 49206
43300 2 43301 44506
43301 1 43302
43302 1 43303
43303 4 511 12412 28029 43304
43304 2 30109 43305
43305 1 43306
43306 1 43307
43307 2 24701 43308
43308 3 35785 42606 43309
43309 2 43310 48505
43310 2 31695 43311
43311 2 10724 43312
43312 1 43313
43313 2 22154 43314
43314 3 5924 43315 46395
43315 2 43316 43369
43316 1 43317
43317 2 32765 43318
43318 2 30259 43319
43319 1 43320
43320 1 43321
43321 2 31898 43322
43322 3 29740 32867 43323
43323 1 43324
43324 2 38033 43325
43325 3 5985 16970 43326
43326 1 43327
43327 2 40678 43328
43328 3 7494 42576 43329
43329 4 4045 40156 40235 43330
43330 2 43331 43666
43331 2 12356 43332
43332 2 20176 43333
43333 2 43100 43334
43334 1 43335
43335 2 26552 43336
43336 4 5028 43337 45500 48930
43337 1 43338
43338 3 11553 28443 43339
43339 1 43340
43340 3 22674 43341 44763
43341 1 43342
43342 1 43343
43343 3 20783 43344 43967
43344 3 1250 7577 43345
43345 1 43346
43346 1 43347
43347 1 43348
43348 1 43349
43349 3 3052 26577 43350
43350 2 3263 43351
43351 2 27122 43352
43352 2 33768 43353
43353 2 43354 46550
43354 2 43355 49887
43355 1 43356
43356 4 12624 19736 41737 43357
43357 3 5432 42024 43358
43358 4 6378 15282 31786 43359
43359 2 38087 43360
43360 2 24101 43361
43361 1 43362
43362 2 6139 43363
43363 2 30849 43364
43364 2 31690 43365
43365 1 43366
43366 2 43367 49952
43367 1 43368
43368 1 43369
43369 1 43370
43370 1 43371
43371 2 16036 43372
43372 2 43373 49107
43373 3 1669 42870 43374
43374 2 23995 43375
43375 2 25454 43376
43376 1 43377
43377 3 10197 40736 43378
43378 6 5518 17219 19572 39632 41963 43379
43379 4 730 6547 43380 46338
43380 2 35496 43381
43381 2 31202 43382
43382 2 17905 43383
43383 1 43384
43384 1 43385
43385 2 13147 43386
43386 3 12651 32235 43387
43387 2 29364 43388
43388 1 43389
43389 2 33890 43390
43390 2 26733 43391
43391 3 22216 37476 43392
43392 1 43393
43393 1 43394
43394 2 30323 43395
43395 2 43396 48996
43396 2 43133 43397
43397 1 43398
43398 3 8384 17819 43399
43399 4 13479 22888 43400 47738
43400 2 10324 43401
43401 1 43402
43402 1 43403
43403 3 15975 24632 43404
43404 1 43405
43405 1 43406
43406 4 14841 36787 39862 43407
43407 1 43408
43408 1 43409
43409 2 43410 45928
43410 2 39406 43411
43411 1 43412
43412 1 43413
43413 2 34984 43414
43414 2 24316 43415
43415 3 12095 15505 43416
43416 1 43417
43417 2 7975 43418
43418 1 43419
43419 2 30765 43420
43420 2 8923 43421
43421 4 4177 9669 36486 43422
43422 2 5813 43423
43423 2 37493 43424
43424 3 5841 43425 48767
43425 2 3405 43426
43426 2 5134 43427
43427 2 33649 43428
43428 2 13214 43429
43429 3 29247 42041 43430
43430 2 6826 43431
43431 2 16372 43432
43432 1 43433
43433 1 43434
43434 3 2349 6128 43435
43435 6 6487 8541 10406 12674 21674 43436
43436 3 3138 30687 43437
43437 1 43438
43438 2 41818 43439
43439 2 4450 43440
43440 2 30966 43441
43441 1 43442
43442 1 43443
43443 1 43444
43444 3 2163 43445 46906
43445 1 43446
43446 1 43447
43447 3 27877 31712 43448
43448 2 1311 43449
43449 1 43450
43450 3 14228 43451 48530
43451 3 1001 4449 43452
43452 1 43453
43453 1 43454
43454 3 9915 36349 43455
43455 2 14139 43456
43456 1 43457
43457 2 20366 43458
43458 2 37157 43459
43459 3 31488 37100 43460
43460 1 43461
43461 1 43462
43462 1 43463
43463 2 7563 43464
43464 2 34929 43465
43465 4 9650 31180 36677 43466
43466 1 43467
43467 2 6540 43468
43468 1 43469
43469 1 43470
43470 1 43471
43471 1 43472
43472 1 43473
43473 1 43474
43474 1 43475
43475 1 43476
43476 2 43477 49794
43477 3 21085 32479 43478
43478 1 43479
43479 1 43480
43480 2 33325 43481
43481 3 1053 1440 43482
43482 1 43483
43483 4 1079 20098 42962 43484
43484 2 41655 43485
43485 2 13932 43486
43486 1 43487
43487 1 43488
43488 1 43489
43489 1 43490
43490 1 43491
43491 1 43492
43492 1 43493
43493 2 43494 46796
43494 1 43495
43495 1 43496
43496 1 43497
43497 2 20980 43498
43498 1 43499
43499 3 25675 41884 43500
43500 1 43501
43501 3 10835 25728 43502
43502 2 14721 43503
43503 2 22769 43504
43504 3 104 27296 43505
43505 1 43506
43506 2 19942 43507
43507 1 43508
43508 1 43509
43509 3 16265 36660 43510
43510 1 43511
43511 2 31993 43512
43512 2 15175 43513
43513 3 19197 36737 43514
43514 2 34474 43515
43515 1 43516
43516 3 22995 40536 43517
43517 2 29535 43518
43518 2 21355 43519
43519 2 21623 43520
43520 2 34582 43521
43521 2 29630 43522
43522 4 4175 21812 30916 43523
43523 2 33896 43524
43524 4 4976 11089 13459 43525
43525 1 43526
43526 3 13445 42713 43527
43527 2 2193 43528
43528 1 43529
43529 1 43530
43530 1 43531
43531 1 43532
43532 2 18589 43533
43533 2 16414 43534
43534 1 43535
43535 2 9458 43536
43536 2 29352 43537
43537 2 8115 43538
43538 1 43539
43539 1 43540
43540 3 37988 43541 47597
43541 2 17561 43542
43542 2 43543 44543
43543 2 12513 43544
43544 1 43545
43545 3 2829 26265 43546
43546 3 2862 29530 43547
43547 2 12903 43548
43548 2 43549 46930
43549 3 13987 43550 49293
43550 1 43551
43551 1 43552
43552 3 28 28026 43553
43553 1 43554
43554 2 15909 43555
43555 1 43556
43556 1 43557
43557 1 43558
43558 1 43559
43559 4 570 793 37238 43560
43560 2 28192 43561
43561 1 43562
43562 1 43563
43563 3 13000 13539 43564
43564 2 25008 43565
43565 1 43566
43566 2 5626 43567
43567 1 43568
43568 3 22563 43569 46647
43569 2 31298 43570
43570 2 11502 43571
43571 2 5241 43572
43572 2 23808 43573
43573 4 29510 43556 43574 48986
43574 3 8256 42564 43575
43575 5 24303 29436 37211 43576 43584
43576 1 43577
43577 3 11416 38247 43578
43578 1 43579
43579 2 30813 43580
43580 1 43581
43581 2 25958 43582
43582 1 43583
43583 2 24762 43584
43584 3 4371 6908 43585
43585 2 41629 43586
43586 2 10254 43587
43587 1 43588
43588 1 43589
43589 2 42918 43590
43590 2 5859 43591
43591 3 9624 23715 43592
43592 1 43593
43593 1 43594
43594 2 5532 43595
43595 2 37612 43596
43596 3 17332 43597 46827
43597 1 43598
43598 1 43599
43599 1 43600
43600 1 43601
43601 2 43602 46256
43602 1 43603
43603 2 14242 43604
43604 3 26649 43605 45442
43605 4 2546 21943 35491 43606
43606 1 43607
43607 2 30396 43608
43608 2 43609 48135
43609 1 43610
43610 3 7170 33295 43611
43611 2 43612 47030
43612 5 16950 19196 34111 42842 43613
43613 2 27948 43614
43614 3 12039 25875 43615
43615 2 43398 43616
43616 3 28486 35746 43617
43617 3 40617 43618 48306
43618 1 43619
43619 3 8606 39753 43620
43620 3 6480 12208 43621
43621 3 5797 12665 43622
43622 3 4155 29762 43623
43623 1 43624
43624 2 28052 43625
43625 2 40919 43626
43626 2 27532 43627
43627 2 7223 43628
43628 1 43629
43629 1 43630
43630 4 6417 9943 17780 43631
43631 2 4520 43632
43632 2 13386 43633
43633 1 43634
43634 1 43635
43635 2 13828 43636
43636 2 42932 43637
43637 3 2366 9733 43638
43638 1 43639
43639 4 7171 35379 37467 43640
43640 2 917 43641
43641 1 43642
43642 3 8390 21821 43643
43643 3 9085 43644 44360
43644 1 43645
43645 1 43646
43646 2 31078 43647
43647 2 986 43648
43648 3 43649 45121 45604
43649 3 4824 39368 43650
43650 1 43651
43651 2 29904 43652
43652 2 43653 44423
43653 3 9882 20447 43654
43654 1 43655
43655 1 43656
43656 1 43657
43657 1 43658
43658 1 43659
43659 3 36194 42958 43660
43660 1 43661
43661 1 43662
43662 2 5957 43663
43663 1 43664
43664 5 5831 17526 43665 45200 48387
43665 3 26130 39429 43666
43666 2 35729 43667
43667 1 43668
43668 1 43669
43669 2 30213 43670
43670 2 34760 43671
43671 2 41160 43672
43672 2 18188 43673
43673 1 43674
43674 2 30020 43675
43675 1 43676
43676 2 19754 43677
43677 2 19706 43678
43678 3 106 43679 46825
43679 2 25300 43680
43680 2 9274 43681
43681 3 19194 43682 46935
43682 1 43683
43683 2 29700 43684
43684 3 7373 43685 48170
43685 1 43686
43686 3 27379 32835 43687
43687 1 43688
43688 1 43689
43689 1 43690
43690 2 43691 45093
43691 1 43692
43692 1 43693
43693 2 26882 43694
43694 1 43695
43695 2 15701 43696
43696 2 11375 43697
43697 3 37721 43698 48207
43698 2 43699 49081
43699 2 22438 43700
43700 1 43701
43701 1 43702
43702 2 16886 43703
43703 1 43704
43704 1 43705
43705 4 24495 30074 33499 43706
43706 3 5463 34071 43707
43707 4 1743 11187 25996 43708
43708 3 38441 38492 43709
43709 3 26606 40941 43710
43710 2 27546 43711
43711 2 33415 43712
43712 2 35050 43713
43713 2 9827 43714
43714 1 43715
43715 4 13410 26198 31332 43716
43716 1 43717
43717 2 42887 43718
43718 2 11929 43719
43719 1 43720
43720 1 43721
43721 1 43722
43722 2 32444 43723
43723 3 14772 21099 43724
43724 3 1538 35597 43725
43725 2 32626 43726
43726 1 43727
43727 2 26649 43728
43728 2 29724 43729
43729 1 43730
43730 1 43731
43731 4 3543 34115 40819 43732
43732 2 22536 43733
43733 3 26699 42946 43734
43734 1 43735
43735 3 37365 43736 49123
43736 1 43737
43737 3 33596 36967 43738
43738 1 43739
43739 1 43740
43740 1 43741
43741 2 29301 43742
43742 2 5216 43743
43743 3 3611 9640 43744
43744 2 29614 43745
43745 3 6895 43746 49921
43746 1 43747
43747 2 2279 43748
43748 1 43749
43749 1 43750
43750 2 7270 43751
43751 2 8021 43752
43752 2 40810 43753
43753 3 22670 26271 43754
43754 1 43755
43755 1 43756
43756 1 43757
43757 1 43758
43758 3 2828 34307 43759
43759 1 43760
43760 1 43761
43761 1 43762
43762 1 43763
43763 1 43764
43764 1 43765
43765 1 43766
43766 1 43767
43767 2 12872 43768
43768 2 17919 43769
43769 1 43770
43770 2 7455 43771
43771 1 43772
43772 2 27574 43773
43773 1 43774
43774 1 43775
43775 2 38284 43776
43776 1 43777
43777 3 24298 37104 43778
43778 3 4964 24925 43779
43779 2 29606 43780
43780 2 38895 43781
43781 1 43782
43782 1 43783
43783 1 43784
43784 2 41773 43785
43785 3 1428 16266 43786
43786 1 43787
43787 2 27765 43788
43788 1 43789
43789 3 8171 29549 43790
43790 1 43791
43791 1 43792
43792 2 16715 43793
43793 1 43794
43794 2 42269 43795
43795 2 42758 43796
43796 2 8727 43797
43797 2 1424 43798
43798 2 43799 49809
43799 3 27477 43800 49219
43800 2 43801 46799
43801 2 32528 43802
43802 2 26501 43803
43803 3 8603 22201 43804
43804 2 36020 43805
43805 1 43806
43806 3 18835 43807 44936
43807 3 3003 32467 43808
43808 1 43809
43809 2 28686 43810
43810 3 26350 33083 43811
43811 1 43812
43812 2 43813 48633
43813 2 43814 49040
43814 1 43815
43815 2 43816 45078
43816 1 43817
43817 2 290 43818
43818 2 13761 43819
43819 1 43820
43820 1 43821
43821 2 6261 43822
43822 2 35021 43823
43823 1 43824
43824 1 43825
43825 2 38628 43826
43826 2 38705 43827
43827 1 43828
43828 4 1338 6589 30046 43829
43829 2 43830 47354
43830 5 21384 36271 40854 43831 45593
43831 1 43832
43832 2 3120 43833
43833 3 32003 43834 45158
43834 2 27798 43835
43835 1 43836
43836 2 43837 45003
43837 4 2346 40272 43838 43979
43838 1 43839
43839 2 9190 43840
43840 1 43841
43841 2 2881 43842
43842 4 31966 35598 43843 49945
43843 1 43844
43844 2 28788 43845
43845 1 43846
43846 2 34252 43847
43847 3 32559 43848 48484
43848 2 3643 43849
43849 1 43850
43850 1 43851
43851 2 32955 43852
43852 2 33968 43853
43853 3 21528 30050 43854
43854 3 17396 35586 43855
43855 2 41245 43856
43856 1 43857
43857 1 43858
43858 2 6224 43859
43859 1 43860
43860 1 43861
43861 1 43862
43862 3 15494 43863 47296
43863 1 43864
43864 3 3496 9807 43865
43865 5 4260 12359 38780 40370 43866
43866 3 18219 23725 43867
43867 2 25728 43868
43868 2 27574 43869
43869 4 7538 8803 29098 43870
43870 2 40470 43871
43871 1 43872
43872 1 43873
43873 1 43874
43874 2 1167 43875
43875 2 22801 43876
43876 2 39191 43877
43877 2 22825 43878
43878 4 4039 14945 28300 43879
43879 3 4690 33975 43880
43880 2 19208 43881
43881 3 10115 43882 47445
43882 3 35122 36983 43883
43883 2 43884 49104
43884 1 43885
43885 1 43886
43886 1 43887
43887 1 43888
43888 3 5766 17561 43889
43889 2 7732 43890
43890 4 12484 17609 39299 43891
43891 2 36573 43892
43892 2 43893 49502
43893 1 43894
43894 1 43895
43895 4 7825 16101 18162 43896
43896 2 31033 43897
43897 3 7245 43898 47877
43898 3 2260 21491 43899
43899 1 43900
43900 1 43901
43901 1 43902
43902 1 43903
43903 3 37020 42006 43904
43904 3 35474 39317 43905
43905 1 43906
43906 3 33761 43907 45177
43907 2 20696 43908
43908 3 12651 34939 43909
43909 1 43910
43910 1 43911
43911 1 43912
43912 2 29198 43913
43913 3 19206 29789 43914
43914 2 27330 43915
43915 1 43916
43916 3 7804 9214 43917
43917 3 5086 5869 43918
43918 1 43919
43919 3 13802 43920 48704
43920 1 43921
43921 2 43922 46484
43922 3 35667 37402 43923
43923 4 3931 29250 40386 43924
43924 2 43925 45227
43925 2 512 43926
43926 1 43927
43927 2 43928 47482
43928 3 30834 43929 47041
43929 5 8303 12731 40687 41684 43930
43930 1 43931
43931 2 17720 43932
43932 3 43933 44926 49374
43933 2 27083 43934
43934 1 43935
43935 1 43936
43936 1 43937
43937 4 2498 8971 14272 43938
43938 2 41263 43939
43939 1 43940
43940 1 43941
43941 3 25497 39538 43942
43942 3 4157 19797 43943
43943 2 43944 48052
43944 2 34400 43945
43945 2 43946 48120
43946 4 20572 28869 30187 43947
43947 4 656 22891 24724 43948
43948 2 2333 43949
43949 4 22987 26465 36987 43950
43950 2 12227 43951
43951 1 43952
43952 1 43953
43953 1 43954
43954 2 39457 43955
43955 2 39765 43956
43956 2 10890 43957
43957 2 29963 43958
43958 2 41134 43959
43959 2 13070 43960
43960 1 43961
43961 1 43962
43962 1 43963
43963 2 10565 43964
43964 2 35183 43965
43965 2 35836 43966
43966 2 17338 43967
43967 2 24724 43968
43968 1 43969
43969 3 41565 42323 43970
43970 3 36406 43971 49090
43971 2 43972 49696
43972 3 11459 11691 43973
43973 2 31104 43974
43974 3 7001 33353 43975
43975 2 17155 43976
43976 1 43977
43977 2 5295 43978
43978 2 5927 43979
43979 3 7555 11883 43980
43980 2 29885 43981
43981 1 43982
43982 1 43983
43983 2 36348 43984
43984 1 43985
43985 4 3809 33285 43986 45677
43986 1 43987
43987 1 43988
43988 2 4632 43989
43989 2 36400 43990
43990 3 17739 43991 48317
43991 2 43992 46551
43992 3 12300 35468 43993
43993 2 39615 43994
43994 2 43991 43995
43995 2 26805 43996
43996 1 43997
43997 2 8427 43998
43998 3 1440 16724 43999
43999 2 1206 44000
44000 3 4246 41463 44001
44001 2 18295 44002
44002 4 2010 18239 44003 45139
44003 2 32877 44004
44004 1 44005
44005 4 11378 29839 31389 44006
44006 3 20204 26365 44007
44007 2 25511 44008
44008 3 35532 44009 47315
44009 1 44010
44010 2 31227 44011
44011 2 30759 44012
44012 2 12665 44013
44013 2 5699 44014
44014 1 44015
44015 2 24125 44016
44016 1 44017
44017 1 44018
44018 2 39597 44019
44019 2 36988 44020
44020 1 44021
44021 3 43114 44022 46402
44022 2 44023 46193
44023 2 31743 44024
44024 4 280 15887 20901 44025
44025 1 44026
44026 4 1834 9796 44027 47772
44027 3 31336 42252 44028
44028 2 34819 44029
44029 1 44030
44030 3 21411 23574 44031
44031 2 28599 44032
44032 2 28592 44033
44033 1 44034
44034 2 37951 44035
44035 1 44036
44036 2 35655 44037
44037 1 44038
44038 1 44039
44039 1 44040
44040 3 601 11402 44041
44041 1 44042
44042 4 4569 40905 44043 45648
44043 2 33318 44044
44044 1 44045
44045 2 2662 44046
44046 3 33865 40973 44047
44047 2 35044 44048
44048 3 2857 30207 44049
44049 1 44050
44050 1 44051
44051 5 1980 16102 19814 34820 44052
44052 2 19625 44053
44053 4 7783 11206 42575 44054
44054 2 21319 44055
44055 3 27935 32323 44056
44056 1 44057
44057 2 41416 44058
44058 1 44059
44059 2 9934 44060
44060 1 44061
44061 2 44062 49890
44062 1 44063
44063 1 44064
44064 1 44065
44065 3 1473 23188 44066
44066 3 5074 13496 44067
44067 3 7876 27873 44068
44068 3 11272 44069 48182
44069 2 8634 44070
44070 1 44071
44071 3 6168 24557 44072
44072 1 44073
44073 2 31580 44074
44074 2 40434 44075
44075 2 6580 44076
44076 1 44077
44077 2 4597 44078
44078 1 44079
44079 3 35206 44080 44685
44080 7 6439 6710 6719 14843 20983 35548 44081
44081 1 44082
44082 1 44083
44083 4 1 20979 30695 44084
44084 1 44085
44085 2 31932 44086
44086 4 7171 9177 10293 44087
44087 2 29978 44088
44088 2 18623 44089
44089 2 30265 44090
44090 1 44091
44091 2 19886 44092
44092 1 44093
44093 2 486 44094
44094 3 2150 24111 44095
44095 1 44096
44096 2 2705 44097
44097 2 11931 44098
44098 2 4802 44099
44099 2 24070 44100
44100 3 30150 35146 44101
44101 1 44102
44102 1 44103
44103 2 10146 44104
44104 1 44105
44105 2 37854 44106
44106 1 44107
44107 2 44108 44828
44108 1 44109
44109 1 44110
44110 1 44111
44111 1 44112
44112 2 35992 44113
44113 3 10993 31327 44114
44114 1 44115
44115 1 44116
44116 1 44117
44117 5 2998 4527 15536 44118 46839
44118 3 41910 44119 45603
44119 1 44120
44120 4 8129 36261 44121 45614
44121 1 44122
44122 1 44123
44123 1 44124
44124 3 29655 30966 44125
44125 1 44126
44126 3 26557 34432 44127
44127 2 41080 44128
44128 2 44129 46941
44129 3 10535 12943 44130
44130 5 1091 6140 15717 23509 44131
44131 3 17295 40673 44132
44132 1 44133
44133 2 42719 44134
44134 2 9041 44135
44135 2 20169 44136
44136 1 44137
44137 2 16548 44138
44138 2 2708 44139
44139 3 26801 37529 44140
44140 1 44141
44141 2 7021 44142
44142 3 15282 19572 44143
44143 2 44144 44986
44144 2 36072 44145
44145 2 15841 44146
44146 1 44147
44147 1 44148
44148 2 4741 44149
44149 3 4103 21082 44150
44150 2 4876 44151
44151 1 44152
44152 2 8616 44153
44153 3 3595 13476 44154
44154 4 6703 38662 44155 46674
44155 3 9342 15078 44156
44156 4 14409 35255 37271 44157
44157 2 11384 44158
44158 2 28024 44159
44159 6 8365 18258 29662 31583 40153 44160
44160 4 8802 37493 41689 44161
44161 2 31566 44162
44162 4 982 31041 40200 44163
44163 4 35665 38733 44164 48359
44164 3 38444 40752 44165
44165 1 44166
44166 1 44167
44167 2 25885 44168
44168 3 30594 42357 44169
44169 2 5974 44170
44170 1 44171
44171 1 44172
44172 2 24164 44173
44173 1 44174
44174 2 25727 44175
44175 2 44176 48516
44176 2 43345 44177
44177 1 44178
44178 1 44179
44179 1 44180
44180 1 44181
44181 2 5453 44182
44182 1 44183
44183 2 44184 48246
44184 1 44185
44185 2 2013 44186
44186 4 3281 6236 24112 44187
44187 5 12621 25402 43675 44188 47751
44188 1 44189
44189 1 44190
44190 3 8502 44191 44566
44191 1 44192
44192 2 41158 44193
44193 1 44194
44194 1 44195
44195 2 34265 44196
44196 4 174 10984 14806 44197
44197 1 44198
44198 1 44199
44199 3 44200 47844 48425
44200 2 44201 49462
44201 4 6035 40217 44202 45089
44202 2 37792 44203
44203 1 44204
44204 3 27200 44205 49292
44205 6 8715 13043 23161 25056 34432 44206
44206 6 2011 10741 15661 36824 44207 47341
44207 2 42450 44208
44208 2 38269 44209
44209 2 4666 44210
44210 2 8426 44211
44211 1 44212
44212 4 13647 30099 32419 44213
44213 3 9083 37659 44214
44214 1 44215
44215 2 22971 44216
44216 1 44217
44217 1 44218
44218 3 24635 41103 44219
44219 2 35965 44220
44220 3 19608 33731 44221
44221 2 24131 44222
44222 3 26018 27092 44223
44223 2 1957 44224
44224 3 109 38621 44225
44225 2 2063 44226
44226 3 33317 41463 44227
44227 1 44228
44228 5 1782 4604 5263 36793 44229
44229 2 44230 44463
44230 3 11353 23514 44231
44231 1 44232
44232 2 28503 44233
44233 2 19495 44234
44234 3 3268 44235 45955
44235 1 44236
44236 3 22034 43358 44237
44237 5 1506 24386 25019 44238 48256
44238 2 36852 44239
44239 3 44240 46890 49010
44240 3 33554 42532 44241
44241 2 43875 44242
44242 1 44243
44243 2 28794 44244
44244 1 44245
44245 2 44246 45573
44246 2 44083 44247
44247 4 8889 29207 36211 44248
44248 4 1093 7912 33416 44249
44249 1 44250
44250 2 3797 44251
44251 2 2797 44252
44252 1 44253
44253 2 25153 44254
44254 3 16003 18494 44255
44255 2 13540 44256
44256 1 44257
44257 2 44258 45078
44258 1 44259
44259 3 40 7927 44260
44260 2 35316 44261
44261 1 44262
44262 2 39155 44263
44263 1 44264
44264 2 12994 44265
44265 2 687 44266
44266 2 17593 44267
44267 1 44268
44268 1 44269
44269 4 6591 20163 32740 44270
44270 2 19550 44271
44271 2 4657 44272
44272 2 44273 45042
44273 3 8860 25853 44274
44274 1 44275
44275 3 23757 32350 44276
44276 1 44277
44277 4 12229 18345 22991 44278
44278 1 44279
44279 2 12033 44280
44280 2 43405 44281
44281 1 44282
44282 3 23313 44283 44963
44283 5 10734 15813 44284 44647 47336
44284 1 44285
44285 2 5107 44286
44286 2 28480 44287
44287 1 44288
44288 3 2295 44289 49989
44289 1 44290
44290 1 44291
44291 1 44292
44292 3 15630 28754 44293
44293 3 10538 26784 44294
44294 2 22187 44295
44295 1 44296
44296 3 39686 44297 44603
44297 3 5276 44298 49185
44298 1 44299
44299 5 19734 24133 30552 44054 44300
44300 3 4920 20687 44301
44301 1 44302
44302 2 23458 44303
44303 3 27604 44304 45087
44304 1 44305
44305 2 43758 44306
44306 2 13077 44307
44307 2 15549 44308
44308 1 44309
44309 1 44310
44310 2 4061 44311
44311 3 6934 43773 44312
44312 1 44313
44313 3 15625 42501 44314
44314 2 23196 44315
44315 3 32738 44316 45107
44316 4 1223 15897 36318 44317
44317 1 44318
44318 1 44319
44319 4 6411 8981 9763 44320
44320 3 18783 41938 44321
44321 1 44322
44322 3 17871 25032 44323
44323 2 37253 44324
44324 1 44325
44325 1 44326
44326 3 18815 27721 44327
44327 4 25400 26101 44328 49713
44328 3 7896 34951 44329
44329 2 41784 44330
44330 2 37759 44331
44331 3 23239 44332 48281
44332 1 44333
44333 2 20791 44334
44334 3 26639 43548 44335
44335 2 44336 45302
44336 6 2092 17447 30171 32814 36419 44337
44337 2 39300 44338
44338 1 44339
44339 3 38365 40780 44340
44340 3 6561 22930 44341
44341 2 15178 44342
44342 1 44343
44343 2 21332 44344
44344 3 3078 28728 44345
44345 3 1288 44346 44462
44346 2 27711 44347
44347 2 43534 44348
44348 4 14953 15749 42188 44349
44349 5 599 5222 34856 44350 47290
44350 1 44351
44351 1 44352
44352 2 43546 44353
44353 1 44354
44354 1 44355
44355 3 6737 25597 44356
44356 3 3145 44357 47171
44357 2 2204 44358
44358 2 33348 44359
44359 2 7896 44360
44360 4 5772 44136 44361 49840
44361 2 16152 44362
44362 2 192 44363
44363 2 9801 44364
44364 1 44365
44365 1 44366
44366 1 44367
44367 1 44368
44368 4 20885 29971 43474 44369
44369 1 44370
44370 2 19801 44371
44371 1 44372
44372 2 27221 44373
44373 1 44374
44374 1 44375
44375 3 8300 25065 44376
44376 2 7291 44377
44377 2 41942 44378
44378 3 8432 15273 44379
44379 1 44380
44380 2 23553 44381
44381 1 44382
44382 1 44383
44383 2 6153 44384
44384 2 3292 44385
44385 2 1856 44386
44386 2 37559 44387
44387 1 44388
44388 1 44389
44389 2 44390 48749
44390 2 43267 44391
44391 1 44392
44392 3 16340 43978 44393
44393 3 15042 15257 44394
44394 2 12187 44395
44395 4 10246 21569 23914 44396
44396 1 44397
44397 1 44398
44398 1 44399
44399 1 44400
44400 5 27252 31754 37795 44401 45591
44401 3 23403 24216 44402
44402 2 5698 44403
44403 4 10685 36961 37599 44404
44404 1 44405
44405 4 524 8461 14782 44406
44406 2 22400 44407
44407 2 25730 44408
44408 1 44409
44409 1 44410
44410 1 44411
44411 2 41031 44412
44412 1 44413
44413 3 18983 38635 44414
44414 3 24367 36557 44415
44415 4 15655 37052 44416 47826
44416 3 2557 25843 44417
44417 2 1167 44418
44418 4 28168 37131 39096 44419
44419 2 17796 44420
44420 1 44421
44421 2 1986 44422
44422 1 44423
44423 2 34459 44424
44424 2 25647 44425
44425 2 36208 44426
44426 1 44427
44427 1 44428
44428 3 20927 26125 44429
44429 3 36380 40733 44430
44430 2 26564 44431
44431 1 44432
44432 2 8171 44433
44433 1 44434
44434 4 19045 29605 44435 49277
44435 1 44436
44436 4 9427 27608 36555 44437
44437 5 16614 24023 25558 42473 44438
44438 3 7018 14434 44439
44439 1 44440
44440 1 44441
44441 2 44442 48082
44442 3 8734 22857 44443
44443 4 1775 6149 18301 44444
44444 2 39677 44445
44445 2 40288 44446
44446 2 34217 44447
44447 2 21067 44448
44448 3 8350 44449 46121
44449 2 18260 44450
44450 3 17795 30724 44451
44451 4 17603 27979 31799 44452
44452 2 9756 44453
44453 1 44454
44454 1 44455
44455 2 28439 44456
44456 1 44457
44457 1 44458
44458 1 44459
44459 2 43545 44460
44460 3 12835 33409 44461
44461 1 44462
44462 1 44463
44463 1 44464
44464 3 1463 27661 44465
44465 3 7311 9007 44466
44466 3 667 41432 44467
44467 2 4450 44468
44468 2 37388 44469
44469 1 44470
44470 3 44471 48490 49974
44471 1 44472
44472 3 15064 20824 44473
44473 1 44474
44474 1 44475
44475 2 38287 44476
44476 1 44477
44477 1 44478
44478 2 33967 44479
44479 1 44480
44480 1 44481
44481 2 22621 44482
44482 1 44483
44483 4 1536 11590 16205 44484
44484 2 33322 44485
44485 1 44486
44486 2 7879 44487
44487 2 24405 44488
44488 4 22288 39516 44489 44986
44489 1 44490
44490 4 33081 39192 44491 45087
44491 2 30451 44492
44492 2 44493 49918
44493 2 44494 46913
44494 1 44495
44495 1 44496
44496 2 28085 44497
44497 3 44498 48868 49854
44498 3 9622 20246 44499
44499 4 7985 17021 28680 44500
44500 4 14225 14230 37449 44501
44501 2 20229 44502
44502 2 23532 44503
44503 2 23554 44504
44504 2 9634 44505
44505 1 44506
44506 3 33097 40748 44507
44507 1 44508
44508 2 1372 44509
44509 3 7968 24810 44510
44510 1 44511
44511 4 20918 38727 44512 47830
44512 3 11908 42020 44513
44513 2 36379 44514
44514 2 9056 44515
44515 4 14570 18982 29934 44516
44516 2 5320 44517
44517 1 44518
44518 1 44519
44519 2 13293 44520
44520 3 26566 44521 48338
44521 1 44522
44522 6 13294 29516 38359 41300 44523 47292
44523 1 44524
44524 1 44525
44525 1 44526
44526 2 17057 44527
44527 1 44528
44528 2 12480 44529
44529 3 16804 24301 44530
44530 3 6162 33434 44531
44531 2 5587 44532
44532 2 40682 44533
44533 2 13012 44534
44534 1 44535
44535 2 9582 44536
44536 3 13487 37796 44537
44537 3 14 14069 44538
44538 4 14362 23513 27825 44539
44539 1 44540
44540 2 38515 44541
44541 2 38342 44542
44542 1 44543
44543 1 44544
44544 1 44545
44545 2 18384 44546
44546 2 14291 44547
44547 1 44548
44548 1 44549
44549 2 40268 44550
44550 3 6395 30194 44551
44551 1 44552
44552 2 38419 44553
44553 1 44554
44554 3 3657 42196 44555
44555 1 44556
44556 1 44557
44557 3 34136 35574 44558
44558 1 44559
44559 1 44560
44560 2 33416 44561
44561 2 30364 44562
44562 1 44563
44563 2 36155 44564
44564 3 10533 12386 44565
44565 2 13247 44566
44566 1 44567
44567 2 4126 44568
44568 1 44569
44569 3 23366 41537 44570
44570 1 44571
44571 2 27065 44572
44572 3 7365 44573 48915
44573 2 25265 44574
44574 1 44575
44575 1 44576
44576 1 44577
44577 1 44578
44578 3 6593 44579 47144
44579 4 4970 16638 42600 44580
44580 2 44272 44581
44581 1 44582
44582 2 22977 44583
44583 1 44584
44584 2 31732 44585
44585 4 23595 36369 36570 44586
44586 2 10706 44587
44587 2 30974 44588
44588 3 34087 44589 44996
44589 3 31678 44590 49633
44590 3 29018 40306 44591
44591 1 44592
44592 3 18966 34067 44593
44593 1 44594
44594 2 44595 44838
44595 2 1297 44596
44596 1 44597
44597 1 44598
44598 4 7008 41959 42113 44599
44599 2 43463 44600
44600 2 18896 44601
44601 1 44602
44602 3 30912 33757 44603
44603 1 44604
44604 3 14697 21252 44605
44605 1 44606
44606 2 31717 44607
44607 1 44608
44608 2 17861 44609
44609 1 44610
44610 2 21079 44611
44611 2 40503 44612
44612 2 34414 44613
44613 3 44614 45466 49521
44614 1 44615
44615 1 44616
44616 2 10751 44617
44617 1 44618
44618 3 5173 25723 44619
44619 2 28481 44620
44620 2 1679 44621
44621 3 1306 36325 44622
44622 3 1232 10853 44623
44623 2 7200 44624
44624 3 939 38489 44625
44625 1 44626
44626 2 4626 44627
44627 2 44450 44628
44628 3 7893 41674 44629
44629 1 44630
44630 1 44631
44631 3 17044 37508 44632
44632 1 44633
44633 3 36388 37116 44634
44634 1 44635
44635 3 9991 23334 44636
44636 3 8985 27439 44637
44637 2 44638 46273
44638 1 44639
44639 1 44640
44640 2 13691 44641
44641 2 12066 44642
44642 2 37789 44643
44643 2 5331 44644
44644 2 34307 44645
44645 1 44646
44646 4 22031 30397 38234 44647
44647 1 44648
44648 2 44649 45885
44649 2 17857 44650
44650 3 11553 37139 44651
44651 1 44652
44652 3 427 12213 44653
44653 2 3204 44654
44654 2 30975 44655
44655 1 44656
44656 5 24057 25714 44657 47178 48230
44657 3 13237 23176 44658
44658 1 44659
44659 3 31748 44660 47488
44660 3 29468 44661 48187
44661 1 44662
44662 2 32752 44663
44663 3 10837 27063 44664
44664 1 44665
44665 2 12987 44666
44666 4 17898 36913 44667 46876
44667 1 44668
44668 1 44669
44669 1 44670
44670 2 44671 45413
44671 2 26974 44672
44672 1 44673
44673 1 44674
44674 2 4470 44675
44675 2 41399 44676
44676 3 2501 21947 44677
44677 4 5583 19524 28835 44678
44678 1 44679
44679 3 26494 35830 44680
44680 3 23164 28771 44681
44681 1 44682
44682 4 17214 40209 44683 48570
44683 3 23368 44684 49531
44684 2 44685 48849
44685 2 29952 44686
44686 1 44687
44687 2 13034 44688
44688 2 8999 44689
44689 4 3341 4949 40077 44690
44690 2 16764 44691
44691 1 44692
44692 2 4406 44693
44693 2 37524 44694
44694 2 25385 44695
44695 1 44696
44696 5 1610 2729 33615 41775 44697
44697 1 44698
44698 1 44699
44699 2 11271 44700
44700 1 44701
44701 2 44702 47169
44702 2 6741 44703
44703 1 44704
44704 1 44705
44705 4 4108 31057 44706 49437
44706 1 44707
44707 3 15969 31093 44708
44708 3 44709 47392 49496
44709 2 44710 45141
44710 2 37029 44711
44711 3 18035 40638 44712
44712 1 44713
44713 2 19182 44714
44714 2 17555 44715
44715 1 44716
44716 3 5654 26183 44717
44717 2 21870 44718
44718 2 15639 44719
44719 3 15290 42526 44720
44720 2 9112 44721
44721 2 21378 44722
44722 3 6577 20611 44723
44723 2 16791 44724
44724 4 16397 37382 44535 44725
44725 1 44726
44726 1 44727
44727 2 5174 44728
44728 2 14642 44729
44729 1 44730
44730 1 44731
44731 1 44732
44732 2 44733 47722
44733 1 44734
44734 2 41945 44735
44735 2 3560 44736
44736 1 44737
44737 1 44738
44738 1 44739
44739 3 7638 44740 49112
44740 1 44741
44741 2 29901 44742
44742 1 44743
44743 1 44744
44744 4 16341 27943 31063 44745
44745 2 41561 44746
44746 1 44747
44747 1 44748
44748 3 1166 11722 44749
44749 2 5302 44750
44750 1 44751
44751 2 20108 44752
44752 3 1262 44753 48226
44753 1 44754
44754 3 7589 18107 44755
44755 2 18187 44756
44756 2 38237 44757
44757 2 2671 44758
44758 2 42648 44759
44759 4 6212 22918 32452 44760
44760 3 16286 30456 44761
44761 1 44762
44762 3 16538 23934 44763
44763 3 37155 38300 44764
44764 2 11001 44765
44765 5 21556 33868 44652 44766 49940
44766 2 24987 44767
44767 3 28850 37416 44768
44768 3 2841 44168 44769
44769 3 2995 44770 45089
44770 2 44771 44821
44771 1 44772
44772 1 44773
44773 3 9555 29058 44774
44774 1 44775
44775 1 44776
44776 1 44777
44777 2 10204 44778
44778 1 44779
44779 2 13895 44780
44780 2 18593 44781
44781 1 44782
44782 1 44783
44783 2 30135 44784
44784 2 8970 44785
44785 2 44786 49786
44786 2 42741 44787
44787 3 4708 28164 44788
44788 1 44789
44789 2 35647 44790
44790 1 44791
44791 1 44792
44792 1 44793
44793 1 44794
44794 1 44795
44795 1 44796
44796 3 5714 36098 44797
44797 2 11828 44798
44798 3 23032 31205 44799
44799 2 27668 44800
44800 2 7568 44801
44801 2 5206 44802
44802 2 17483 44803
44803 2 5318 44804
44804 2 10495 44805
44805 1 44806
44806 4 1244 1939 16265 44807
44807 3 35769 39413 44808
44808 2 37213 44809
44809 1 44810
44810 2 28955 44811
44811 4 15040 22435 44812 47113
44812 2 43249 44813
44813 2 31045 44814
44814 1 44815
44815 1 44816
44816 2 3681 44817
44817 3 44818 45419 46490
44818 2 14109 44819
44819 1 44820
44820 1 44821
44821 2 29058 44822
44822 1 44823
44823 2 16512 44824
44824 3 13369 39539 44825
44825 1 44826
44826 3 3624 5052 44827
44827 2 12350 44828
44828 2 42132 44829
44829 1 44830
44830 2 7099 44831
44831 2 14042 44832
44832 3 7165 32232 44833
44833 1 44834
44834 2 20422 44835
44835 2 31539 44836
44836 3 36570 44837 49335
44837 3 23691 38574 44838
44838 1 44839
44839 2 19501 44840
44840 2 19329 44841
44841 3 14958 25726 44842
44842 2 15133 44843
44843 1 44844
44844 1 44845
44845 2 39967 44846
44846 2 43247 44847
44847 2 33154 44848
44848 2 29572 44849
44849 2 7132 44850
44850 4 19119 20070 36315 44851
44851 2 9710 44852
44852 1 44853
44853 3 3798 21735 44854
44854 1 44855
44855 2 6679 44856
44856 1 44857
44857 4 271 44743 44858 48588
44858 1 44859
44859 5 1873 29443 32305 44860 47561
44860 2 14033 44861
44861 2 1239 44862
44862 2 8275 44863
44863 1 44864
44864 3 12688 35782 44865
44865 2 5788 44866
44866 2 24545 44867
44867 1 44868
44868 4 11923 15914 28400 44869
44869 1 44870
44870 2 27806 44871
44871 6 18224 20681 23924 37396 44872 45421
44872 3 15555 25349 44873
44873 3 26387 29168 44874
44874 3 1731 38089 44875
44875 3 22699 44876 47490
44876 1 44877
44877 3 16817 30264 44878
44878 3 22498 44879 47698
44879 3 12655 33106 44880
44880 4 734 11332 34409 44881
44881 2 12578 44882
44882 2 44883 47117
44883 1 44884
44884 3 14864 41318 44885
44885 1 44886
44886 2 44085 44887
44887 1 44888
44888 1 44889
44889 1 44890
44890 3 10005 21486 44891
44891 1 44892
44892 1 44893
44893 2 38515 44894
44894 2 39822 44895
44895 3 1256 2769 44896
44896 2 19674 44897
44897 1 44898
44898 3 44105 44899 45777
44899 1 44900
44900 1 44901
44901 2 42089 44902
44902 1 44903
44903 1 44904
44904 2 29809 44905
44905 2 37052 44906
44906 4 6665 20043 22465 44907
44907 1 44908
44908 6 9741 14442 14923 28863 31166 44909
44909 3 40225 44910 45686
44910 2 41274 44911
44911 1 44912
44912 1 44913
44913 2 26386 44914
44914 3 1321 44483 44915
44915 1 44916
44916 2 26296 44917
44917 2 30441 44918
44918 3 30439 37444 44919
44919 1 44920
44920 3 30994 33999 44921
44921 1 44922
44922 1 44923
44923 1 44924
44924 5 10033 10790 36799 44752 44925
44925 3 19385 44926 49783
44926 1 44927
44927 1 44928
44928 2 28234 44929
44929 2 15371 44930
44930 2 17352 44931
44931 2 26157 44932
44932 1 44933
44933 3 14734 27792 44934
44934 4 13983 31011 44935 48387
44935 1 44936
44936 1 44937
44937 2 20780 44938
44938 1 44939
44939 1 44940
44940 2 13726 44941
44941 2 31758 44942
44942 1 44943
44943 3 3319 37691 44944
44944 1 44945
44945 2 24834 44946
44946 3 18250 18904 44947
44947 1 44948
44948 4 28114 31501 44581 44949
44949 1 44950
44950 4 13031 38442 44951 47275
44951 1 44952
44952 2 24433 44953
44953 1 44954
44954 2 33071 44955
44955 1 44956
44956 2 43752 44957
44957 1 44958
44958 1 44959
44959 1 44960
44960 3 15007 34902 44961
44961 4 7996 19128 22729 44962
44962 2 10844 44963
44963 1 44964
44964 2 14845 44965
44965 1 44966
44966 2 13798 44967
44967 2 41136 44968
44968 1 44969
44969 3 17448 30966 44970
44970 4 15301 44971 48378 48405
44971 1 44972
44972 2 19503 44973
44973 2 15881 44974
44974 3 3361 29775 44975
44975 1 44976
44976 2 43163 44977
44977 3 28292 44902 44978
44978 1 44979
44979 1 44980
44980 1 44981
44981 4 36930 42922 44982 47450
44982 2 20616 44983
44983 3 21625 23547 44984
44984 2 24035 44985
44985 3 2804 13097 44986
44986 1 44987
44987 1 44988
44988 1 44989
44989 2 35069 44990
44990 2 5268 44991
44991 1 44992
44992 3 26324 31621 44993
44993 2 41223 44994
44994 1 44995
44995 1 44996
44996 2 16039 44997
44997 2 44998 45811
44998 1 44999
44999 3 16607 33386 45000
45000 1 45001
45001 1 45002
45002 2 4873 45003
45003 1 45004
45004 2 15357 45005
45005 2 37029 45006
45006 2 19478 45007
45007 2 45008 48159
45008 1 45009
45009 2 45010 49595
45010 1 45011
45011 2 27290 45012
45012 2 27581 45013
45013 1 45014
45014 2 14511 45015
45015 2 17070 45016
45016 1 45017
45017 3 7756 17688 45018
45018 1 45019
45019 1 45020
45020 3 11011 23739 45021
45021 1 45022
45022 3 7698 36607 45023
45023 1 45024
45024 3 35268 41257 45025
45025 1 45026
45026 2 18472 45027
45027 2 12473 45028
45028 4 20665 27282 29623 45029
45029 2 11334 45030
45030 3 11364 45031 48571
45031 4 19231 32985 35116 45032
45032 1 45033
45033 4 1648 40550 41603 45034
45034 2 11189 45035
45035 3 11832 43593 45036
45036 2 11165 45037
45037 1 45038
45038 2 43849 45039
45039 1 45040
45040 3 24918 37678 45041
45041 1 45042
45042 2 15626 45043
45043 2 9726 45044
45044 1 45045
45045 2 30031 45046
45046 1 45047
45047 2 4880 45048
45048 3 9122 45049 48870
45049 1 45050
45050 2 39151 45051
45051 2 4099 45052
45052 1 45053
45053 3 10130 34337 45054
45054 2 9815 45055
45055 2 35235 45056
45056 2 6014 45057
45057 2 19969 45058
45058 3 1005 30364 45059
45059 1 45060
45060 1 45061
45061 2 45062 45528
45062 1 45063
45063 1 45064
45064 2 5252 45065
45065 2 30372 45066
45066 3 24560 26061 45067
45067 3 31750 32920 45068
45068 3 7744 30543 45069
45069 1 45070
45070 3 45064 45071 48760
45071 3 28711 43155 45072
45072 1 45073
45073 1 45074
45074 4 14091 21783 23804 45075
45075 1 45076
45076 3 623 11195 45077
45077 2 38908 45078
45078 3 25341 43989 45079
45079 1 45080
45080 2 27527 45081
45081 2 33911 45082
45082 2 37630 45083
45083 3 31911 37478 45084
45084 2 13407 45085
45085 1 45086
45086 4 2716 14530 43631 45087
45087 2 35853 45088
45088 1 45089
45089 1 45090
45090 2 41643 45091
45091 3 26833 39916 45092
45092 2 20034 45093
45093 2 45094 46220
45094 3 16830 45095 49939
45095 1 45096
45096 2 36892 45097
45097 3 9530 35054 45098
45098 1 45099
45099 3 23772 39732 45100
45100 2 30707 45101
45101 2 13264 45102
45102 1 45103
45103 4 10106 24064 26220 45104
45104 2 25256 45105
45105 3 34677 45106 47228
45106 2 25205 45107
45107 3 11944 45108 46514
45108 3 4369 32805 45109
45109 2 37044 45110
45110 1 45111
45111 2 24893 45112
45112 2 1185 45113
45113 1 45114
45114 3 20967 36631 45115
45115 1 45116
45116 3 16723 38732 45117
45117 4 1142 9658 18628 45118
45118 1 45119
45119 2 18800 45120
45120 2 32398 45121
45121 4 4331 22742 28115 45122
45122 1 45123
45123 2 5509 45124
45124 3 12601 33589 45125
45125 1 45126
45126 1 45127
45127 1 45128
45128 5 18148 26227 31047 45129 47117
45129 1 45130
45130 3 43253 44951 45131
45131 2 38106 45132
45132 2 939 45133
45133 3 7918 34097 45134
45134 2 9345 45135
45135 3 11403 45136 46532
45136 1 45137
45137 1 45138
45138 2 11681 45139
45139 2 5840 45140
45140 2 43255 45141
45141 2 8130 45142
45142 3 7485 20993 45143
45143 3 25085 30251 45144
45144 3 9403 42966 45145
45145 2 14866 45146
45146 2 33273 45147
45147 1 45148
45148 1 45149
45149 2 7694 45150
45150 3 13326 21159 45151
45151 2 40624 45152
45152 2 41027 45153
45153 1 45154
45154 1 45155
45155 2 39970 45156
45156 2 30431 45157
45157 1 45158
45158 2 45159 46234
45159 1 45160
45160 2 45161 49719
45161 3 19688 26812 45162
45162 3 21605 29125 45163
45163 1 45164
45164 1 45165
45165 3 23220 40409 45166
45166 2 5460 45167
45167 2 29067 45168
45168 4 13764 15791 42236 45169
45169 1 45170
45170 3 577 6632 45171
45171 2 22938 45172
45172 2 31836 45173
45173 1 45174
45174 2 37814 45175
45175 3 11865 42325 45176
45176 2 13562 45177
45177 2 35482 45178
45178 2 35475 45179
45179 3 34856 39328 45180
45180 1 45181
45181 4 5208 17597 22299 45182
45182 1 45183
45183 3 8277 13460 45184
45184 3 12341 19424 45185
45185 1 45186
45186 5 4246 15846 37952 38126 45187
45187 2 18016 45188
45188 3 28819 41380 45189
45189 1 45190
45190 3 29639 45191 46828
45191 2 12138 45192
45192 2 16283 45193
45193 3 33279 36600 45194
45194 1 45195
45195 1 45196
45196 2 19070 45197
45197 3 2094 15227 45198
45198 2 24053 45199
45199 3 11393 36537 45200
45200 1 45201
45201 3 8317 43163 45202
45202 3 23693 26134 45203
45203 2 16934 45204
45204 1 45205
45205 3 30875 42710 45206
45206 1 45207
45207 3 28182 44915 45208
45208 1 45209
45209 2 32669 45210
45210 2 45211 48288
45211 4 15003 22687 34601 45212
45212 5 17077 23982 27162 41145 45213
45213 3 2128 10059 45214
45214 3 21108 22293 45215
45215 2 2589 45216
45216 2 24800 45217
45217 3 28463 43534 45218
45218 2 32685 45219
45219 2 37185 45220
45220 1 45221
45221 7 5501 9419 18782 19198 19206 31771 45222
45222 1 45223
45223 2 9847 45224
45224 1 45225
45225 2 45226 47474
45226 2 45227 47658
45227 2 42834 45228
45228 1 45229
45229 2 45230 49950
45230 2 13929 45231
45231 2 20879 45232
45232 1 45233
45233 1 45234
45234 3 10266 27838 45235
45235 2 45236 49673
45236 1 45237
45237 4 5444 5482 23190 45238
45238 2 21487 45239
45239 1 45240
45240 5 26296 33978 37807 38060 45241
45241 3 21709 45242 46157
45242 1 45243
45243 2 45244 47703
45244 2 29549 45245
45245 1 45246
45246 1 45247
45247 1 45248
45248 1 45249
45249 1 45250
45250 1 45251
45251 2 20007 45252
45252 1 45253
45253 1 45254
45254 2 7715 45255
45255 2 16644 45256
45256 1 45257
45257 6 4408 5678 11992 14411 34413 45258
45258 3 10754 36927 45259
45259 2 32058 45260
45260 4 15293 23180 33634 45261
45261 1 45262
45262 2 45263 48932
45263 2 21802 45264
45264 2 192 45265
45265 3 24837 28379 45266
45266 4 2667 23769 38080 45267
45267 1 45268
45268 2 28962 45269
45269 3 10805 35103 45270
45270 2 37358 45271
45271 1 45272
45272 1 45273
45273 1 45274
45274 3 28205 40926 45275
45275 3 23581 42093 45276
45276 2 37104 45277
45277 4 24938 29394 41843 45278
45278 4 17001 32125 32717 45279
45279 1 45280
45280 1 45281
45281 3 4591 40557 45282
45282 2 17304 45283
45283 3 13943 40140 45284
45284 2 45285 46997
45285 3 31964 35702 45286
45286 1 45287
45287 1 45288
45288 4 12282 15863 45289 45878
45289 4 5511 28304 35835 45290
45290 4 15503 16180 45291 45698
45291 2 45292 49369
45292 2 18540 45293
45293 1 45294
45294 5 21007 25010 42098 45295 47298
45295 1 45296
45296 2 26564 45297
45297 2 2918 45298
45298 2 36232 45299
45299 1 45300
45300 2 32252 45301
45301 2 45302 48425
45302 2 16794 45303
45303 2 34006 45304
45304 1 45305
45305 1 45306
45306 1 45307
45307 2 25129 45308
45308 1 45309
45309 1 45310
45310 1 45311
45311 2 33510 45312
45312 3 17864 38345 45313
45313 2 45314 45829
45314 2 45315 45502
45315 1 45316
45316 3 31993 45317 48668
45317 3 27978 41324 45318
45318 1 45319
45319 3 26539 42504 45320
45320 3 621 38489 45321
45321 1 45322
45322 3 16905 22294 45323
45323 2 24242 45324
45324 1 45325
45325 4 2957 29600 37136 45326
45326 2 14373 45327
45327 3 23809 30038 45328
45328 1 45329
45329 2 38373 45330
45330 1 45331
45331 1 45332
45332 3 14131 34464 45333
45333 2 25163 45334
45334 1 45335
45335 3 27252 44715 45336
45336 4 12884 21970 45337 47052
45337 3 6818 11870 45338
45338 1 45339
45339 3 21376 35895 45340
45340 3 1620 31486 45341
45341 1 45342
45342 3 17998 39056 45343
45343 2 25585 45344
45344 2 19628 45345
45345 1 45346
45346 1 45347
45347 1 45348
45348 2 11425 45349
45349 2 35971 45350
45350 2 29809 45351
45351 2 8099 45352
45352 2 8091 45353
45353 1 45354
45354 2 1743 45355
45355 2 9587 45356
45356 1 45357
45357 1 45358
45358 3 20039 27995 45359
45359 4 4383 41014 45360 49114
45360 3 19299 26551 45361
45361 2 26483 45362
45362 1 45363
45363 1 45364
45364 3 30505 45141 45365
45365 1 45366
45366 1 45367
45367 2 6727 45368
45368 1 45369
45369 3 5153 26211 45370
45370 1 45371
45371 2 24778 45372
45372 1 45373
45373 2 7384 45374
45374 1 45375
45375 1 45376
45376 1 45377
45377 2 45378 47707
45378 1 45379
45379 1 45380
45380 1 45381
45381 1 45382
45382 2 18570 45383
45383 3 19600 31739 45384
45384 2 35869 45385
45385 1 45386
45386 2 7938 45387
45387 1 45388
45388 2 3582 45389
45389 4 23183 30116 37312 45390
45390 2 45391 49532
45391 1 45392
45392 2 40153 45393
45393 1 45394
45394 2 24166 45395
45395 3 30818 45396 47184
45396 1 45397
45397 3 3402 35151 45398
45398 1 45399
45399 2 38353 45400
45400 1 45401
45401 1 45402
45402 1 45403
45403 2 25284 45404
45404 1 45405
45405 1 45406
45406 4 4495 12313 45407 45451
45407 3 418 36457 45408
45408 2 8359 45409
45409 3 33575 35621 45410
45410 2 31357 45411
45411 3 3119 15036 45412
45412 3 34528 45413 48323
45413 2 3985 45414
45414 1 45415
45415 2 25509 45416
45416 1 45417
45417 2 1714 45418
45418 1 45419
45419 2 6652 45420
45420 2 36251 45421
45421 2 41902 45422
45422 2 15586 45423
45423 3 11247 34906 45424
45424 1 45425
45425 2 28584 45426
45426 1 45427
45427 3 20787 45428 45812
45428 2 36379 45429
45429 1 45430
45430 5 1364 5845 7389 18876 45431
45431 3 12000 45432 49302
45432 2 35668 45433
45433 2 33045 45434
45434 3 19047 38878 45435
45435 3 10895 42871 45436
45436 2 32011 45437
45437 1 45438
45438 3 18393 24964 45439
45439 3 9478 26886 45440
45440 2 9479 45441
45441 3 19718 26888 45442
45442 2 27243 45443
45443 1 45444
45444 1 45445
45445 3 43186 45446 47684
45446 3 22736 26241 45447
45447 1 45448
45448 3 19293 22845 45449
45449 5 5831 37228 39082 45450 45685
45450 1 45451
45451 3 16683 41090 45452
45452 2 2869 45453
45453 3 9474 45454 49020
45454 3 24899 42796 45455
45455 2 34110 45456
45456 1 45457
45457 1 45458
45458 3 5853 45459 46479
45459 3 3153 10727 45460
45460 2 15718 45461
45461 2 8656 45462
45462 2 5155 45463
45463 2 32022 45464
45464 2 30098 45465
45465 3 13687 35099 45466
45466 3 25403 45467 47857
45467 1 45468
45468 1 45469
45469 3 2565 15084 45470
45470 1 45471
45471 1 45472
45472 1 45473
45473 4 13022 32853 40517 45474
45474 2 42794 45475
45475 1 45476
45476 1 45477
45477 2 29034 45478
45478 1 45479
45479 1 45480
45480 1 45481
45481 2 27712 45482
45482 1 45483
45483 2 11640 45484
45484 2 10582 45485
45485 3 15019 26400 45486
45486 2 42001 45487
45487 2 43856 45488
45488 1 45489
45489 1 45490
45490 1 45491
45491 1 45492
45492 2 25610 45493
45493 1 45494
45494 1 45495
45495 1 45496
45496 1 45497
45497 2 31299 45498
45498 2 39549 45499
45499 1 45500
45500 3 16702 41222 45501
45501 2 39014 45502
45502 2 33765 45503
45503 1 45504
45504 3 19642 35376 45505
45505 1 45506
45506 4 8003 34133 45507 45578
45507 2 34958 45508
45508 2 35582 45509
45509 3 24747 25735 45510
45510 1 45511
45511 2 34483 45512
45512 1 45513
45513 1 45514
45514 1 45515
45515 2 17696 45516
45516 1 45517
45517 1 45518
45518 3 16259 20967 45519
45519 1 45520
45520 2 2572 45521
45521 2 30119 45522
45522 3 7728 13707 45523
45523 2 19792 45524
45524 3 6464 43352 45525
45525 2 41973 45526
45526 1 45527
45527 1 45528
45528 3 18553 22451 45529
45529 2 13471 45530
45530 2 1841 45531
45531 3 31893 44125 45532
45532 1 45533
45533 2 45534 46034
45534 2 2543 45535
45535 1 45536
45536 1 45537
45537 1 45538
45538 2 21211 45539
45539 2 45540 47203
45540 1 45541
45541 3 3256 45542 49040
45542 2 4203 45543
45543 2 3917 45544
45544 1 45545
45545 3 7424 19928 45546
45546 1 45547
45547 3 8466 38113 45548
45548 1 45549
45549 2 42949 45550
45550 1 45551
45551 4 10805 27397 44358 45552
45552 1 45553
45553 1 45554
45554 3 15275 25225 45555
45555 2 28703 45556
45556 1 45557
45557 1 45558
45558 1 45559
45559 1 45560
45560 1 45561
45561 2 42083 45562
45562 2 30545 45563
45563 3 1055 17283 45564
45564 1 45565
45565 2 10482 45566
45566 2 22574 45567
45567 2 14458 45568
45568 1 45569
45569 1 45570
45570 1 45571
45571 1 45572
45572 3 12001 35342 45573
45573 4 4329 8231 45574 46982
45574 2 5363 45575
45575 2 45576 47206
45576 4 4796 7519 45577 49599
45577 2 45578 47007
45578 4 31117 37744 41284 45579
45579 1 45580
45580 1 45581
45581 3 5641 32850 45582
45582 1 45583
45583 1 45584
45584 1 45585
45585 3 42499 45586 49256
45586 1 45587
45587 1 45588
45588 2 22287 45589
45589 1 45590
45590 3 22816 35229 45591
45591 1 45592
45592 1 45593
45593 3 17461 38742 45594
45594 1 45595
45595 1 45596
45596 3 11903 17878 45597
45597 2 16197 45598
45598 2 19232 45599
45599 1 45600
45600 1 45601
45601 3 18016 28049 45602
45602 2 2203 45603
45603 3 10512 45604 46552
45604 5 11588 14616 27168 42712 45605
45605 2 45606 49543
45606 1 45607
45607 1 45608
45608 4 10817 19082 42062 45609
45609 5 12997 22939 28646 43569 45610
45610 1 45611
45611 1 45612
45612 2 27720 45613
45613 1 45614
45614 2 3799 45615
45615 1 45616
45616 2 6383 45617
45617 1 45618
45618 1 45619
45619 2 42138 45620
45620 2 43641 45621
45621 2 41610 45622
45622 1 45623
45623 2 12735 45624
45624 2 15680 45625
45625 1 45626
45626 1 45627
45627 1 45628
45628 3 1026 8011 45629
45629 2 25711 45630
45630 3 4955 32664 45631
45631 2 27044 45632
45632 2 37115 45633
45633 3 27427 45634 48752
45634 1 45635
45635 1 45636
45636 1 45637
45637 3 4362 6831 45638
45638 1 45639
45639 3 11062 17601 45640
45640 1 45641
45641 4 16006 40210 44912 45642
45642 2 43841 45643
45643 4 13035 17762 26124 45644
45644 1 45645
45645 3 7712 8530 45646
45646 1 45647
45647 3 25844 45648 48207
45648 2 15941 45649
45649 3 566 16449 45650
45650 1 45651
45651 3 12331 18676 45652
45652 2 1511 45653
45653 3 16904 38293 45654
45654 1 45655
45655 3 5632 15288 45656
45656 4 18731 21178 27766 45657
45657 1 45658
45658 2 45659 46826
45659 1 45660
45660 3 17951 44882 45661
45661 1 45662
45662 7 751 5078 5904 25582 33809 38584 45663
45663 2 24996 45664
45664 1 45665
45665 2 30036 45666
45666 4 22286 27894 44317 45667
45667 3 21292 25361 45668
45668 4 8263 39875 45669 46462
45669 1 45670
45670 2 20825 45671
45671 3 6581 9982 45672
45672 2 42197 45673
45673 2 33507 45674
45674 1 45675
45675 3 170 33633 45676
45676 3 18077 31304 45677
45677 2 16147 45678
45678 4 2831 3427 8187 45679
45679 1 45680
45680 1 45681
45681 3 1743 4319 45682
45682 2 37828 45683
45683 4 9943 31830 45684 45949
45684 1 45685
45685 1 45686
45686 3 29150 32821 45687
45687 1 45688
45688 2 34042 45689
45689 3 917 12180 45690
45690 1 45691
45691 4 7062 26821 36952 45692
45692 2 45693 47572
45693 2 45694 49108
45694 1 45695
45695 2 9036 45696
45696 1 45697
45697 1 45698
45698 1 45699
45699 1 45700
45700 2 34544 45701
45701 1 45702
45702 1 45703
45703 3 16934 36967 45704
45704 2 45705 49912
45705 4 1422 28163 45706 46886
45706 4 9850 14140 34002 45707
45707 4 20736 23110 35610 45708
45708 3 4471 29874 45709
45709 2 39826 45710
45710 3 8016 21386 45711
45711 1 45712
45712 3 14083 29214 45713
45713 2 35158 45714
45714 1 45715
45715 1 45716
45716 3 36347 43742 45717
45717 2 21831 45718
45718 2 40878 45719
45719 2 22950 45720
45720 2 45721 48154
45721 2 41004 45722
45722 3 14003 43917 45723
45723 4 13645 41223 43455 45724
45724 3 15196 28422 45725
45725 2 39587 45726
45726 3 25953 45727 47644
45727 2 32713 45728
45728 1 45729
45729 2 45730 47157
45730 3 1481 43577 45731
45731 1 45732
45732 2 5422 45733
45733 3 14793 22713 45734
45734 1 45735
45735 3 14822 16141 45736
45736 2 14623 45737
45737 2 33492 45738
45738 2 30834 45739
45739 1 45740
45740 3 28666 38012 45741
45741 3 28375 43499 45742
45742 2 45743 47637
45743 1 45744
45744 2 44061 45745
45745 2 45746 49008
45746 3 12474 17784 45747
45747 1 45748
45748 2 19978 45749
45749 4 6312 20885 33070 45750
45750 3 37378 42258 45751
45751 1 45752
45752 4 23736 27318 37730 45753
45753 2 5854 45754
45754 1 45755
45755 2 33544 45756
45756 2 27925 45757
45757 1 45758
45758 4 12187 32976 40567 45759
45759 1 45760
45760 3 5302 18102 45761
45761 3 14016 35056 45762
45762 3 23767 35373 45763
45763 3 35269 45764 49298
45764 2 15094 45765
45765 2 38278 45766
45766 2 44041 45767
45767 3 15565 41161 45768
45768 1 45769
45769 2 10515 45770
45770 4 10855 16626 24788 45771
45771 1 45772
45772 1 45773
45773 1 45774
45774 2 37522 45775
45775 3 18678 45776 46216
45776 3 786 1642 45777
45777 3 3148 36464 45778
45778 2 25067 45779
45779 2 44216 45780
45780 6 13914 24360 27362 28593 32004 45781
45781 2 15677 45782
45782 1 45783
45783 4 17065 19658 27402 45784
45784 1 45785
45785 1 45786
45786 2 9130 45787
45787 1 45788
45788 2 14768 45789
45789 1 45790
45790 1 45791
45791 2 2247 45792
45792 2 44794 45793
45793 2 34964 45794
45794 2 45795 48790
45795 1 45796
45796 4 16569 24017 35900 45797
45797 2 31103 45798
45798 1 45799
45799 1 45800
45800 1 45801
45801 2 34964 45802
45802 2 25114 45803
45803 3 35887 45568 45804
45804 2 45805 48529
45805 1 45806
45806 3 12633 45807 49880
45807 2 34665 45808
45808 1 45809
45809 3 31841 36496 45810
45810 1 45811
45811 2 37393 45812
45812 1 45813
45813 1 45814
45814 1 45815
45815 4 27737 36721 39747 45816
45816 4 121 35887 45817 46143
45817 4 24834 27204 39908 45818
45818 1 45819
45819 2 21736 45820
45820 3 25986 34145 45821
45821 2 45822 46268
45822 1 45823
45823 1 45824
45824 2 25397 45825
45825 2 10664 45826
45826 2 7604 45827
45827 1 45828
45828 2 1599 45829
45829 3 16276 19683 45830
45830 2 34478 45831
45831 2 37667 45832
45832 3 19633 30646 45833
45833 2 36524 45834
45834 4 32921 39294 45835 48252
45835 1 45836
45836 1 45837
45837 3 2142 8065 45838
45838 2 169 45839
45839 3 22369 27050 45840
45840 1 45841
45841 2 26947 45842
45842 2 17234 45843
45843 2 33669 45844
45844 1 45845
45845 2 15068 45846
45846 1 45847
45847 3 2560 12554 45848
45848 2 2480 45849
45849 3 12017 38090 45850
45850 2 40026 45851
45851 2 27535 45852
45852 2 6266 45853
45853 1 45854
45854 3 12990 29209 45855
45855 3 8657 35842 45856
45856 2 16815 45857
45857 2 3813 45858
45858 4 5416 17236 39136 45859
45859 1 45860
45860 1 45861
45861 2 22644 45862
45862 1 45863
45863 2 44645 45864
45864 2 5056 45865
45865 1 45866
45866 2 37923 45867
45867 1 45868
45868 3 1867 30227 45869
45869 1 45870
45870 1 45871
45871 2 32569 45872
45872 2 24816 45873
45873 2 5380 45874
45874 1 45875
45875 4 12133 32452 45876 49469
45876 2 43628 45877
45877 2 40521 45878
45878 4 13978 43110 45875 45879
45879 1 45880
45880 2 23155 45881
45881 1 45882
45882 2 32241 45883
45883 3 35885 44763 45884
45884 1 45885
45885 4 27553 39211 45886 48796
45886 1 45887
45887 1 45888
45888 3 21229 28291 45889
45889 1 45890
45890 2 45891 45995
45891 1 45892
45892 1 45893
45893 2 6992 45894
45894 1 45895
45895 1 45896
45896 1 45897
45897 1 45898
45898 1 45899
45899 1 45900
45900 3 1006 28203 45901
45901 2 20151 45902
45902 1 45903
45903 2 27152 45904
45904 2 43307 45905
45905 1 45906
45906 1 45907
45907 3 24872 40462 45908
45908 1 45909
45909 3 33070 35209 45910
45910 1 45911
45911 2 42660 45912
45912 4 8916 23592 34708 45913
45913 4 3339 14864 25204 45914
45914 1 45915
45915 2 16964 45916
45916 1 45917
45917 4 21418 40503 41168 45918
45918 2 25822 45919
45919 1 45920
45920 2 24634 45921
45921 4 29696 34352 45922 46045
45922 1 45923
45923 4 6202 39251 45924 47282
45924 2 20158 45925
45925 1 45926
45926 2 10188 45927
45927 1 45928
45928 1 45929
45929 4 10016 10500 23500 45930
45930 1 45931
45931 3 45932 47490 49596
45932 3 12948 26951 45933
45933 2 38407 45934
45934 2 4785 45935
45935 3 669 14014 45936
45936 4 5941 13988 32723 45937
45937 3 12504 13262 45938
45938 2 7132 45939
45939 3 23062 25801 45940
45940 1 45941
45941 1 45942
45942 1 45943
45943 2 21064 45944
45944 1 45945
45945 3 7920 40665 45946
45946 2 37400 45947
45947 1 45948
45948 4 18885 25869 40412 45949
45949 2 36251 45950
45950 2 13289 45951
45951 2 28635 45952
45952 3 34722 43252 45953
45953 1 45954
45954 3 2125 22217 45955
45955 1 45956
45956 2 1148 45957
45957 1 45958
45958 4 9160 9742 17606 45959
45959 4 7048 17514 19572 45960
45960 3 39788 45961 48069
45961 1 45962
45962 1 45963
45963 2 45964 49081
45964 2 45965 48079
45965 2 4495 45966
45966 1 45967
45967 2 30610 45968
45968 1 45969
45969 4 17889 36080 37317 45970
45970 3 10886 35318 45971
45971 1 45972
45972 1 45973
45973 2 29349 45974
45974 2 8493 45975
45975 2 38121 45976
45976 1 45977
45977 1 45978
45978 2 32884 45979
45979 2 20024 45980
45980 2 1106 45981
45981 2 14463 45982
45982 2 2254 45983
45983 3 41152 45984 49969
45984 2 15705 45985
45985 2 11229 45986
45986 1 45987
45987 2 34536 45988
45988 4 16392 28832 36188 45989
45989 2 19495 45990
45990 2 17615 45991
45991 1 45992
45992 2 11806 45993
45993 3 33027 45994 47859
45994 2 25434 45995
45995 1 45996
45996 2 41430 45997
45997 2 42805 45998
45998 5 1941 8524 16733 44877 45999
45999 2 11221 46000
46000 1 46001
46001 2 19533 46002
46002 1 46003
46003 1 46004
46004 4 817 31836 34233 46005
46005 1 46006
46006 3 31332 39164 46007
46007 2 45746 46008
46008 2 24477 46009
46009 3 26752 36137 46010
46010 1 46011
46011 3 8792 20996 46012
46012 1 46013
46013 1 46014
46014 2 35887 46015
46015 2 20897 46016
46016 2 39750 46017
46017 1 46018
46018 5 4061 6952 20964 42636 46019
46019 4 956 10876 12586 46020
46020 1 46021
46021 1 46022
46022 2 13793 46023
46023 1 46024
46024 4 19248 19265 44280 46025
46025 3 3629 36183 46026
46026 1 46027
46027 1 46028
46028 2 23139 46029
46029 2 26521 46030
46030 2 80 46031
46031 2 4809 46032
46032 1 46033
46033 1 46034
46034 6 8121 13760 15177 32405 34907 46035
46035 2 34874 46036
46036 2 31870 46037
46037 1 46038
46038 3 20667 46039 49700
46039 4 11769 17682 42878 46040
46040 2 31227 46041
46041 2 23772 46042
46042 2 38077 46043
46043 1 46044
46044 3 6224 20767 46045
46045 3 15908 27934 46046
46046 2 8885 46047
46047 2 26908 46048
46048 1 46049
46049 1 46050
46050 2 34681 46051
46051 1 46052
46052 2 29839 46053
46053 3 7732 36192 46054
46054 1 46055
46055 1 46056
46056 2 16384 46057
46057 1 46058
46058 3 220 28265 46059
46059 2 2425 46060
46060 3 8426 40257 46061
46061 1 46062
46062 4 23886 31008 39211 46063
46063 1 46064
46064 1 46065
46065 4 6417 19903 26320 46066
46066 3 29049 32674 46067
46067 2 26654 46068
46068 2 28165 46069
46069 1 46070
46070 1 46071
46071 3 25987 26862 46072
46072 1 46073
46073 1 46074
46074 3 7638 46075 49308
46075 1 46076
46076 1 46077
46077 1 46078
46078 3 26965 30435 46079
46079 2 42859 46080
46080 3 34071 42049 46081
46081 2 38762 46082
46082 2 29617 46083
46083 1 46084
46084 3 17293 32898 46085
46085 2 43855 46086
46086 3 3550 35323 46087
46087 1 46088
46088 1 46089
46089 2 40049 46090
46090 2 27176 46091
46091 2 29309 46092
46092 4 17225 20596 35581 46093
46093 1 46094
46094 4 30077 36235 39716 46095
46095 1 46096
46096 3 7670 28822 46097
46097 2 15140 46098
46098 2 24625 46099
46099 1 46100
46100 1 46101
46101 2 42954 46102
46102 2 25505 46103
46103 5 6941 11188 19903 39296 46104
46104 1 46105
46105 2 46106 48669
46106 2 5349 46107
46107 2 43119 46108
46108 2 46109 46800
46109 2 287 46110
46110 1 46111
46111 2 42843 46112
46112 1 46113
46113 4 10864 28123 38397 46114
46114 5 2624 6883 41736 41806 46115
46115 1 46116
46116 2 25689 46117
46117 2 46118 49334
46118 6 13170 19740 33240 35043 46119 46798
46119 3 9946 38609 46120
46120 4 5988 19784 44753 46121
46121 1 46122
46122 2 22888 46123
46123 1 46124
46124 3 41798 46125 47156
46125 4 22925 39281 42884 46126
46126 2 3877 46127
46127 2 45681 46128
46128 1 46129
46129 2 23667 46130
46130 1 46131
46131 2 40894 46132
46132 2 4135 46133
46133 2 38394 46134
46134 1 46135
46135 1 46136
46136 2 3354 46137
46137 2 35398 46138
46138 2 18375 46139
46139 2 27192 46140
46140 1 46141
46141 2 24997 46142
46142 3 22818 39796 46143
46143 4 21980 23385 33316 46144
46144 1 46145
46145 1 46146
46146 5 1369 13725 31391 39398 46147
46147 3 36942 46148 49778
46148 3 10478 18090 46149
46149 3 17476 31815 46150
46150 3 18180 37576 46151
46151 1 46152
46152 3 16354 38516 46153
46153 4 8498 28284 37108 46154
46154 4 29817 33761 41155 46155
46155 3 20121 37914 46156
46156 2 34291 46157
46157 1 46158
46158 1 46159
46159 3 35319 37139 46160
46160 3 24440 27075 46161
46161 3 17778 24290 46162
46162 2 38645 46163
46163 2 45691 46164
46164 2 20633 46165
46165 3 22674 37713 46166
46166 1 46167
46167 1 46168
46168 2 13458 46169
46169 3 1866 39783 46170
46170 1 46171
46171 2 11940 46172
46172 1 46173
46173 2 27275 46174
46174 3 12936 16264 46175
46175 3 20108 26671 46176
46176 1 46177
46177 4 19443 36103 38642 46178
46178 3 14417 34999 46179
46179 3 1044 46180 46553
46180 4 19177 21497 46181 47483
46181 1 46182
46182 2 32414 46183
46183 1 46184
46184 1 46185
46185 1 46186
46186 2 39636 46187
46187 1 46188
46188 6 2892 5876 31369 45513 46189 47119
46189 1 46190
46190 2 34218 46191
46191 1 46192
46192 1 46193
46193 1 46194
46194 2 40279 46195
46195 2 14163 46196
46196 3 26026 42381 46197
46197 3 34701 46198 47488
46198 1 46199
46199 1 46200
46200 1 46201
46201 2 7707 46202
46202 3 15161 36791 46203
46203 2 26635 46204
46204 1 46205
46205 2 46206 49140
46206 2 11535 46207
46207 2 24596 46208
46208 4 7602 20824 41000 46209
46209 2 17585 46210
46210 2 44418 46211
46211 1 46212
46212 2 28958 46213
46213 2 35227 46214
46214 2 11974 46215
46215 2 1736 46216
46216 3 9136 9545 46217
46217 2 15300 46218
46218 2 2571 46219
46219 2 2669 46220
46220 1 46221
46221 2 35745 46222
46222 4 5160 16142 37433 46223
46223 3 3531 17768 46224
46224 4 1045 28190 42243 46225
46225 2 17861 46226
46226 1 46227
46227 3 7808 21947 46228
46228 2 19004 46229
46229 1 46230
46230 3 46231 48448 49102
46231 5 1223 32724 37029 46232 49818
46232 1 46233
46233 2 19479 46234
46234 2 19284 46235
46235 6 4505 5908 9184 14635 40530 46236
46236 2 20579 46237
46237 1 46238
46238 2 18948 46239
46239 2 12152 46240
46240 2 40286 46241
46241 2 1393 46242
46242 4 11791 31931 43489 46243
46243 3 33536 38297 46244
46244 2 24468 46245
46245 2 46246 48487
46246 3 23295 42420 46247
46247 1 46248
46248 2 45425 46249
46249 1 46250
46250 3 22046 38578 46251
46251 2 12716 46252
46252 3 28950 29457 46253
46253 2 10775 46254
46254 2 3585 46255
46255 4 16026 38292 40763 46256
46256 1 46257
46257 2 43079 46258
46258 1 46259
46259 2 44758 46260
46260 2 1144 46261
46261 1 46262
46262 3 273 23329 46263
46263 2 38514 46264
46264 2 23428 46265
46265 3 24893 42190 46266
46266 2 12300 46267
46267 1 46268
46268 1 46269
46269 1 46270
46270 1 46271
46271 3 38674 46272 47729
46272 3 9175 46273 48439
46273 3 20951 31567 46274
46274 4 13200 25534 41411 46275
46275 1 46276
46276 3 25939 29237 46277
46277 1 46278
46278 4 10404 29777 44364 46279
46279 2 28676 46280
46280 3 13779 31645 46281
46281 1 46282
46282 1 46283
46283 2 8351 46284
46284 1 46285
46285 1 46286
46286 2 22918 46287
46287 2 26517 46288
46288 1 46289
46289 2 14225 46290
46290 2 46291 46989
46291 2 23895 46292
46292 3 5431 16578 46293
46293 2 4988 46294
46294 2 40371 46295
46295 2 23061 46296
46296 3 42570 45440 46297
46297 1 46298
46298 4 22455 43929 44813 46299
46299 1 46300
46300 3 14111 21496 46301
46301 3 27923 43673 46302
46302 1 46303
46303 1 46304
46304 2 33099 46305
46305 1 46306
46306 1 46307
46307 2 11472 46308
46308 3 3895 32610 46309
46309 1 46310
46310 3 13188 46311 46452
46311 1 46312
46312 4 5151 12587 28136 46313
46313 4 8058 10799 44514 46314
46314 1 46315
46315 2 46316 49828
46316 2 8194 46317
46317 3 21794 38353 46318
46318 3 27292 46319 46430
46319 1 46320
46320 2 3588 46321
46321 2 15785 46322
46322 3 10308 46323 49002
46323 3 18500 39358 46324
46324 3 21653 22127 46325
46325 2 43260 46326
46326 2 9791 46327
46327 2 46328 48317
46328 1 46329
46329 1 46330
46330 3 18859 20785 46331
46331 1 46332
46332 2 28001 46333
46333 3 1040 25861 46334
46334 3 1013 17581 46335
46335 2 3745 46336
46336 2 12077 46337
46337 3 10664 22530 46338
46338 2 14999 46339
46339 1 46340
46340 1 46341
46341 3 16848 30081 46342
46342 4 7462 11354 34854 46343
46343 1 46344
46344 2 37566 46345
46345 3 9326 15769 46346
46346 1 46347
46347 3 10919 15961 46348
46348 1 46349
46349 2 25149 46350
46350 2 46351 46491
46351 2 20268 46352
46352 3 10467 24952 46353
46353 2 6942 46354
46354 1 46355
46355 2 26889 46356
46356 4 4318 34699 46357 47326
46357 2 14105 46358
46358 3 7851 15543 46359
46359 1 46360
46360 2 46361 49171
46361 3 23295 27824 46362
46362 2 38497 46363
46363 3 9362 44295 46364
46364 2 15701 46365
46365 2 46366 48387
46366 2 8301 46367
46367 3 7640 46368 48783
46368 1 46369
46369 1 46370
46370 1 46371
46371 1 46372
46372 2 40404 46373
46373 1 46374
46374 2 27476 46375
46375 1 46376
46376 1 46377
46377 4 12648 23752 25792 46378
46378 2 23714 46379
46379 1 46380
46380 1 46381
46381 2 31901 46382
46382 3 34108 44837 46383
46383 2 32871 46384
46384 2 21405 46385
46385 2 19539 46386
46386 2 35602 46387
46387 4 6958 40495 40717 46388
46388 2 31402 46389
46389 2 18940 46390
46390 2 39792 46391
46391 3 20334 34608 46392
46392 3 14414 46393 46647
46393 4 6478 15616 43851 46394
46394 1 46395
46395 2 42276 46396
46396 1 46397
46397 1 46398
46398 2 32097 46399
46399 1 46400
46400 3 18996 19560 46401
46401 3 4649 17827 46402
46402 2 12170 46403
46403 2 42086 46404
46404 1 46405
46405 2 31977 46406
46406 2 9809 46407
46407 4 418 5721 20103 46408
46408 2 622 46409
46409 2 45932 46410
46410 3 38968 46411 49338
46411 2 8935 46412
46412 3 8702 40399 46413
46413 2 22289 46414
46414 5 3297 21365 23993 24149 46415
46415 1 46416
46416 1 46417
46417 2 11875 46418
46418 5 3176 17314 37844 46419 49096
46419 2 29685 46420
46420 3 9505 32449 46421
46421 1 46422
46422 1 46423
46423 1 46424
46424 1 46425
46425 2 35082 46426
46426 1 46427
46427 1 46428
46428 3 22416 43543 46429
46429 2 17771 46430
46430 1 46431
46431 2 10512 46432
46432 2 8011 46433
46433 4 11304 28523 37823 46434
46434 2 9862 46435
46435 1 46436
46436 1 46437
46437 2 2615 46438
46438 1 46439
46439 1 46440
46440 3 30045 46441 47645
46441 1 46442
46442 1 46443
46443 1 46444
46444 1 46445
46445 2 46446 47015
46446 4 14268 22794 23649 46447
46447 3 7014 19337 46448
46448 4 13458 15037 17887 46449
46449 4 1978 16513 46450 48516
46450 2 22925 46451
46451 3 5491 40605 46452
46452 1 46453
46453 1 46454
46454 1 46455
46455 2 4528 46456
46456 2 8501 46457
46457 3 33363 39192 46458
46458 2 30511 46459
46459 3 4535 26345 46460
46460 4 16815 43831 46461 48672
46461 1 46462
46462 2 22062 46463
46463 2 46464 49998
46464 3 19628 46465 49186
46465 3 20 1882 46466
46466 1 46467
46467 1 46468
46468 5 2007 10931 21631 32393 46469
46469 2 31778 46470
46470 2 21554 46471
46471 1 46472
46472 1 46473
46473 2 45786 46474
46474 3 15110 34851 46475
46475 1 46476
46476 5 4840 21542 31566 46477 48042
46477 2 30039 46478
46478 4 4736 21061 30227 46479
46479 1 46480
46480 2 44594 46481
46481 3 44691 46106 46482
46482 1 46483
46483 3 8070 46484 49979
46484 2 46485 46562
46485 2 30217 46486
46486 1 46487
46487 1 46488
46488 2 46489 48854
46489 2 4225 46490
46490 1 46491
46491 3 9290 26046 46492
46492 1 46493
46493 2 20483 46494
46494 2 2540 46495
46495 2 25868 46496
46496 3 20540 30235 46497
46497 1 46498
46498 3 16225 17110 46499
46499 2 39007 46500
46500 4 17037 23560 44642 46501
46501 2 38543 46502
46502 2 23909 46503
46503 2 23652 46504
46504 3 30955 43099 46505
46505 1 46506
46506 2 23299 46507
46507 1 46508
46508 1 46509
46509 1 46510
46510 1 46511
46511 2 11184 46512
46512 1 46513
46513 1 46514
46514 3 15726 26866 46515
46515 6 8330 9232 10901 44813 46516 47834
46516 2 38288 46517
46517 4 11080 43344 44428 46518
46518 3 12393 22522 46519
46519 1 46520
46520 2 13489 46521
46521 2 35576 46522
46522 1 46523
46523 1 46524
46524 2 29958 46525
46525 1 46526
46526 1 46527
46527 2 46001 46528
46528 3 16951 22291 46529
46529 2 23136 46530
46530 2 41800 46531
46531 3 36506 45391 46532
46532 3 33973 37317 46533
46533 4 1399 43837 46534 47006
46534 1 46535
46535 2 2302 46536
46536 1 46537
46537 3 25497 33567 46538
46538 1 46539
46539 2 35244 46540
46540 1 46541
46541 1 46542
46542 1 46543
46543 2 41251 46544
46544 2 11538 46545
46545 1 46546
46546 2 30522 46547
46547 1 46548
46548 3 28553 34944 46549
46549 2 10063 46550
46550 3 4410 19814 46551
46551 2 20385 46552
46552 2 44212 46553
46553 2 3024 46554
46554 1 46555
46555 2 41615 46556
46556 3 24566 36023 46557
46557 2 13061 46558
46558 1 46559
46559 3 39659 45852 46560
46560 1 46561
46561 3 15597 23019 46562
46562 2 21687 46563
46563 2 27322 46564
46564 2 34970 46565
46565 2 31352 46566
46566 2 36475 46567
46567 3 25230 30037 46568
46568 4 9422 23606 43421 46569
46569 2 881 46570
46570 3 20303 31667 46571
46571 1 46572
46572 2 6686 46573
46573 2 19736 46574
46574 1 46575
46575 1 46576
46576 4 23184 23785 34086 46577
46577 3 9864 46578 46914
46578 1 46579
46579 1 46580
46580 1 46581
46581 3 46582 47028 49054
46582 1 46583
46583 1 46584
46584 1 46585
46585 2 34539 46586
46586 1 46587
46587 2 28548 46588
46588 3 6549 43437 46589
46589 1 46590
46590 2 13759 46591
46591 4 4475 5206 30873 46592
46592 1 46593
46593 1 46594
46594 1 46595
46595 2 389 46596
46596 2 40412 46597
46597 3 6196 28379 46598
46598 2 40126 46599
46599 2 46600 46819
46600 2 4488 46601
46601 2 9815 46602
46602 3 18444 42048 46603
46603 2 40323 46604
46604 1 46605
46605 2 42168 46606
46606 3 13813 27142 46607
46607 3 23455 39427 46608
46608 3 1948 38566 46609
46609 4 7736 24792 46610 49110
46610 3 6686 8790 46611
46611 1 46612
46612 3 26690 38974 46613
46613 2 9102 46614
46614 3 28635 35764 46615
46615 1 46616
46616 2 19842 46617
46617 4 1673 39242 46618 47904
46618 1 46619
46619 3 34279 46620 49752
46620 2 45433 46621
46621 3 23999 28764 46622
46622 2 30039 46623
46623 1 46624
46624 1 46625
46625 4 9014 17890 45882 46626
46626 1 46627
46627 2 21 46628
46628 2 46629 46725
46629 1 46630
46630 3 11399 34900 46631
46631 2 40811 46632
46632 2 34309 46633
46633 3 4166 13878 46634
46634 4 26270 33652 36495 46635
46635 1 46636
46636 1 46637
46637 2 6154 46638
46638 1 46639
46639 2 38385 46640
46640 1 46641
46641 1 46642
46642 2 12564 46643
46643 4 36097 38172 38743 46644
46644 4 18919 20345 46645 46751
46645 1 46646
46646 2 16973 46647
46647 2 35877 46648
46648 2 11896 46649
46649 2 30821 46650
46650 1 46651
46651 2 6252 46652
46652 1 46653
46653 1 46654
46654 2 46655 49306
46655 1 46656
46656 2 5866 46657
46657 2 43059 46658
46658 2 9500 46659
46659 2 22191 46660
46660 1 46661
46661 5 28854 39833 43842 44246 46662
46662 2 41761 46663
46663 2 8356 46664
46664 2 39216 46665
46665 3 22212 43066 46666
46666 2 20464 46667
46667 2 14883 46668
46668 1 46669
46669 1 46670
46670 4 2185 40888 46671 46816
46671 1 46672
46672 3 2165 7654 46673
46673 4 13779 24824 43584 46674
46674 3 11092 29254 46675
46675 1 46676
46676 4 7477 11367 14368 46677
46677 1 46678
46678 1 46679
46679 2 31435 46680
46680 2 10410 46681
46681 2 29265 46682
46682 1 46683
46683 2 7456 46684
46684 1 46685
46685 4 74 24066 30517 46686
46686 1 46687
46687 2 11649 46688
46688 2 30637 46689
46689 3 21942 33845 46690
46690 1 46691
46691 4 27208 29966 35329 46692
46692 2 11108 46693
46693 1 46694
46694 2 9482 46695
46695 2 44392 46696
46696 2 36735 46697
46697 1 46698
46698 2 17689 46699
46699 1 46700
46700 1 46701
46701 2 28013 46702
46702 2 17683 46703
46703 3 15361 46704 47456
46704 4 1109 20672 29206 46705
46705 3 19978 34330 46706
46706 3 14439 30978 46707
46707 2 18928 46708
46708 1 46709
46709 5 22095 22211 27400 46710 48612
46710 2 32782 46711
46711 3 30919 34275 46712
46712 3 9073 43257 46713
46713 2 39541 46714
46714 1 46715
46715 3 1710 26503 46716
46716 2 32166 46717
46717 3 8532 39158 46718
46718 4 6091 19320 30992 46719
46719 2 37001 46720
46720 2 30872 46721
46721 2 31009 46722
46722 1 46723
46723 3 28852 34685 46724
46724 2 32807 46725
46725 1 46726
46726 1 46727
46727 2 10089 46728
46728 2 7189 46729
46729 1 46730
46730 1 46731
46731 3 5507 17896 46732
46732 3 8310 15950 46733
46733 1 46734
46734 1 46735
46735 2 46736 48069
46736 2 40781 46737
46737 5 4965 5133 21681 25807 46738
46738 2 6368 46739
46739 2 45668 46740
46740 1 46741
46741 1 46742
46742 3 5811 29604 46743
46743 2 40304 46744
46744 1 46745
46745 2 38670 46746
46746 1 46747
46747 2 46748 47460
46748 1 46749
46749 2 38721 46750
46750 1 46751
46751 3 2692 45608 46752
46752 1 46753
46753 2 25465 46754
46754 1 46755
46755 4 17836 24232 33936 46756
46756 1 46757
46757 1 46758
46758 1 46759
46759 2 34882 46760
46760 2 2523 46761
46761 1 46762
46762 1 46763
46763 3 11307 29140 46764
46764 3 46727 46765 47792
46765 2 20838 46766
46766 2 22183 46767
46767 4 19938 21624 23161 46768
46768 1 46769
46769 3 18123 38555 46770
46770 1 46771
46771 1 46772
46772 5 1044 21284 42791 46773 49373
46773 3 38985 46471 46774
46774 1 46775
46775 2 28838 46776
46776 1 46777
46777 2 28209 46778
46778 2 13289 46779
46779 1 46780
46780 1 46781
46781 3 14977 19066 46782
46782 5 5808 16548 46625 46783 47960
46783 3 11791 42681 46784
46784 2 467 46785
46785 1 46786
46786 2 23996 46787
46787 1 46788
46788 3 33890 40623 46789
46789 3 39751 46790 48676
46790 2 44041 46791
46791 1 46792
46792 3 4525 15266 46793
46793 2 46017 46794
46794 1 46795
46795 1 46796
46796 1 46797
46797 3 10732 11711 46798
46798 1 46799
46799 1 46800
46800 1 46801
46801 1 46802
46802 6 3252 19047 25095 43691 46718 46803
46803 2 43239 46804
46804 3 3101 30884 46805
46805 3 5305 42336 46806
46806 2 4255 46807
46807 1 46808
46808 2 17653 46809
46809 1 46810
46810 2 18293 46811
46811 1 46812
46812 2 1377 46813
46813 1 46814
46814 3 44050 46815 49005
46815 4 4761 25366 33909 46816
46816 1 46817
46817 2 45376 46818
46818 1 46819
46819 3 15764 28478 46820
46820 2 32769 46821
46821 1 46822
46822 2 18974 46823
46823 4 2937 3048 20007 46824
46824 2 38565 46825
46825 2 19063 46826
46826 4 3009 17099 37951 46827
46827 3 4247 12163 46828
46828 4 10944 22327 43987 46829
46829 3 27302 46830 48003
46830 2 23398 46831
46831 3 30639 46206 46832
46832 3 43485 46833 49882
46833 2 35571 46834
46834 3 25722 43405 46835
46835 1 46836
46836 1 46837
46837 1 46838
46838 3 3798 14970 46839
46839 1 46840
46840 2 1429 46841
46841 2 12921 46842
46842 3 44581 46843 48596
46843 3 31326 43334 46844
46844 2 22769 46845
46845 2 20088 46846
46846 3 240 28269 46847
46847 2 33802 46848
46848 3 36891 46849 48070
46849 2 5838 46850
46850 1 46851
46851 3 23019 30169 46852
46852 1 46853
46853 1 46854
46854 4 4564 19434 32482 46855
46855 3 16494 33462 46856
46856 3 2762 39953 46857
46857 2 3899 46858
46858 1 46859
46859 1 46860
46860 2 14084 46861
46861 2 31614 46862
46862 4 2647 10787 28953 46863
46863 1 46864
46864 2 1865 46865
46865 2 6668 46866
46866 2 24643 46867
46867 2 11229 46868
46868 3 2229 22100 46869
46869 1 46870
46870 2 12286 46871
46871 1 46872
46872 1 46873
46873 3 6073 32781 46874
46874 4 24503 29046 34714 46875
46875 1 46876
46876 2 32843 46877
46877 1 46878
46878 3 4338 31714 46879
46879 1 46880
46880 2 27767 46881
46881 1 46882
46882 1 46883
46883 2 21719 46884
46884 2 15112 46885
46885 2 18271 46886
46886 1 46887
46887 3 9211 19789 46888
46888 2 19297 46889
46889 1 46890
46890 2 20647 46891
46891 1 46892
46892 3 10112 40394 46893
46893 1 46894
46894 2 9649 46895
46895 1 46896
46896 2 46897 47055
46897 2 21864 46898
46898 1 46899
46899 4 1352 4553 37683 46900
46900 3 1526 7173 46901
46901 3 2418 33363 46902
46902 2 38075 46903
46903 2 18051 46904
46904 2 16037 46905
46905 3 8332 36138 46906
46906 2 22057 46907
46907 2 23135 46908
46908 2 10460 46909
46909 1 46910
46910 2 2839 46911
46911 3 2750 6757 46912
46912 2 29117 46913
46913 4 11593 43962 45454 46914
46914 2 12597 46915
46915 3 24403 37864 46916
46916 1 46917
46917 3 27532 46918 48967
46918 1 46919
46919 2 6388 46920
46920 1 46921
46921 3 18129 22296 46922
46922 1 46923
46923 5 1535 22281 26363 37374 46924
46924 2 29506 46925
46925 1 46926
46926 3 24776 26156 46927
46927 2 39054 46928
46928 1 46929
46929 3 4664 10707 46930
46930 2 15238 46931
46931 1 46932
46932 1 46933
46933 3 30801 32537 46934
46934 2 28759 46935
46935 1 46936
46936 2 45597 46937
46937 2 30451 46938
46938 3 16840 38605 46939
46939 2 10778 46940
46940 2 22940 46941
46941 2 24201 46942
46942 3 10104 19710 46943
46943 3 29642 42394 46944
46944 3 30683 43150 46945
46945 2 15230 46946
46946 1 46947
46947 2 35938 46948
46948 3 9289 46949 49648
46949 1 46950
46950 2 36565 46951
46951 2 43925 46952
46952 1 46953
46953 2 42578 46954
46954 1 46955
46955 1 46956
46956 1 46957
46957 2 15199 46958
46958 1 46959
46959 1 46960
46960 2 2286 46961
46961 1 46962
46962 1 46963
46963 2 31810 46964
46964 2 29412 46965
46965 2 28127 46966
46966 2 14641 46967
46967 2 17665 46968
46968 6 846 978 13689 43249 46969 48395
46969 3 18157 38800 46970
46970 1 46971
46971 2 21464 46972
46972 3 24460 36423 46973
46973 1 46974
46974 1 46975
46975 4 4490 4705 45322 46976
46976 3 14567 39123 46977
46977 1 46978
46978 6 20296 27906 31067 46296 46979 49857
46979 1 46980
46980 1 46981
46981 1 46982
46982 3 25803 46983 47167
46983 2 687 46984
46984 1 46985
46985 3 12932 42335 46986
46986 4 37993 39579 46373 46987
46987 1 46988
46988 2 4378 46989
46989 2 46241 46990
46990 4 12923 19677 38379 46991
46991 2 775 46992
46992 2 1604 46993
46993 3 4990 39077 46994
46994 1 46995
46995 2 25735 46996
46996 2 13122 46997
46997 4 10582 11097 37748 46998
46998 2 46589 46999
46999 4 5177 30668 31152 47000
47000 1 47001
47001 1 47002
47002 3 4708 5201 47003
47003 4 15604 21766 38740 47004
47004 2 28019 47005
47005 1 47006
47006 2 46257 47007
47007 2 35757 47008
47008 2 32110 47009
47009 2 35180 47010
47010 2 8705 47011
47011 1 47012
47012 3 4998 37218 47013
47013 2 47014 47167
47014 3 17845 22324 47015
47015 2 29423 47016
47016 2 2282 47017
47017 2 270 47018
47018 1 47019
47019 1 47020
47020 1 47021
47021 2 28821 47022
47022 1 47023
47023 1 47024
47024 1 47025
47025 1 47026
47026 3 16718 46576 47027
47027 4 1478 13266 14217 47028
47028 2 32082 47029
47029 2 39593 47030
47030 2 3055 47031
47031 1 47032
47032 1 47033
47033 3 7316 22298 47034
47034 1 47035
47035 1 47036
47036 3 4858 12459 47037
47037 3 39501 43278 47038
47038 1 47039
47039 3 23538 47040 47080
47040 1 47041
47041 2 39761 47042
47042 1 47043
47043 2 26167 47044
47044 1 47045
47045 2 15524 47046
47046 2 45027 47047
47047 2 47048 49411
47048 2 23441 47049
47049 1 47050
47050 2 42993 47051
47051 2 22598 47052
47052 2 2805 47053
47053 1 47054
47054 3 10364 12765 47055
47055 3 21513 40943 47056
47056 2 45547 47057
47057 1 47058
47058 1 47059
47059 1 47060
47060 1 47061
47061 3 26680 40985 47062
47062 2 4006 47063
47063 3 8282 42577 47064
47064 2 6391 47065
47065 1 47066
47066 1 47067
47067 1 47068
47068 3 28484 33756 47069
47069 2 20321 47070
47070 3 25004 46814 47071
47071 2 10223 47072
47072 4 18039 26837 27497 47073
47073 4 4466 21186 45349 47074
47074 3 13244 19105 47075
47075 1 47076
47076 4 2865 12713 20911 47077
47077 2 3251 47078
47078 3 16369 47079 47926
47079 4 14921 38620 45980 47080
47080 1 47081
47081 1 47082
47082 1 47083
47083 3 1622 39923 47084
47084 3 24762 36343 47085
47085 3 14808 47086 47108
47086 1 47087
47087 1 47088
47088 2 23164 47089
47089 1 47090
47090 2 27655 47091
47091 2 24825 47092
47092 2 28704 47093
47093 3 28703 36659 47094
47094 2 38428 47095
47095 1 47096
47096 3 6 27888 47097
47097 1 47098
47098 2 43800 47099
47099 1 47100
47100 2 16966 47101
47101 2 26311 47102
47102 1 47103
47103 3 1816 15930 47104
47104 3 36215 36997 47105
47105 5 611 4032 41113 41392 47106
47106 3 38710 45981 47107
47107 3 9830 42658 47108
47108 1 47109
47109 4 17402 17758 36760 47110
47110 1 47111
47111 2 24138 47112
47112 2 32461 47113
47113 1 47114
47114 3 20387 31612 47115
47115 2 12498 47116
47116 2 22374 47117
47117 1 47118
47118 3 23479 37113 47119
47119 1 47120
47120 1 47121
47121 1 47122
47122 3 40200 40333 47123
47123 6 6948 13045 35266 37072 47124 49502
47124 1 47125
47125 2 23136 47126
47126 4 938 4037 17554 47127
47127 2 29498 47128
47128 3 12941 47129 48436
47129 1 47130
47130 1 47131
47131 2 36127 47132
47132 3 25223 45144 47133
47133 1 47134
47134 4 26900 38429 46524 47135
47135 2 41182 47136
47136 1 47137
47137 2 27978 47138
47138 3 21783 32802 47139
47139 6 944 16422 26129 39413 47140 49668
47140 2 27927 47141
47141 1 47142
47142 2 19532 47143
47143 2 36458 47144
47144 3 2514 40179 47145
47145 1 47146
47146 1 47147
47147 1 47148
47148 2 47149 48485
47149 1 47150
47150 2 32249 47151
47151 3 5252 24086 47152
47152 4 7554 39181 47153 49835
47153 3 30134 35193 47154
47154 2 39915 47155
47155 1 47156
47156 1 47157
47157 1 47158
47158 1 47159
47159 2 6109 47160
47160 2 36135 47161
47161 1 47162
47162 1 47163
47163 1 47164
47164 1 47165
47165 2 739 47166
47166 2 6821 47167
47167 3 44032 46149 47168
47168 2 39607 47169
47169 1 47170
47170 2 15738 47171
47171 1 47172
47172 1 47173
47173 2 43591 47174
47174 2 22548 47175
47175 1 47176
47176 4 26133 30355 45749 47177
47177 1 47178
47178 1 47179
47179 4 19574 40338 40541 47180
47180 3 6403 18004 47181
47181 1 47182
47182 4 11125 20580 31786 47183
47183 2 15536 47184
47184 2 40871 47185
47185 2 47186 49099
47186 3 3627 15030 47187
47187 3 30322 41889 47188
47188 2 10837 47189
47189 1 47190
47190 2 47191 49751
47191 4 33324 33354 35629 47192
47192 1 47193
47193 1 47194
47194 2 37173 47195
47195 2 34966 47196
47196 3 5407 7882 47197
47197 4 992 26533 31050 47198
47198 1 47199
47199 2 44350 47200
47200 1 47201
47201 2 29961 47202
47202 2 40833 47203
47203 1 47204
47204 2 47205 48398
47205 3 3212 26754 47206
47206 2 26422 47207
47207 2 2547 47208
47208 1 47209
47209 4 12895 13406 22497 47210
47210 3 25995 27583 47211
47211 3 41102 41678 47212
47212 1 47213
47213 1 47214
47214 4 13307 40177 44459 47215
47215 1 47216
47216 3 4048 46283 47217
47217 3 16734 47218 47454
47218 1 47219
47219 1 47220
47220 1 47221
47221 1 47222
47222 1 47223
47223 3 8196 30207 47224
47224 1 47225
47225 2 39728 47226
47226 1 47227
47227 1 47228
47228 1 47229
47229 2 37027 47230
47230 1 47231
47231 2 772 47232
47232 3 2036 11184 47233
47233 2 40846 47234
47234 4 969 14400 30928 47235
47235 2 20512 47236
47236 1 47237
47237 2 23884 47238
47238 3 41457 44926 47239
47239 2 45742 47240
47240 1 47241
47241 1 47242
47242 2 5540 47243
47243 1 47244
47244 3 9636 27845 47245
47245 2 18290 47246
47246 2 47247 47985
47247 3 38056 41551 47248
47248 2 25780 47249
47249 1 47250
47250 2 6391 47251
47251 2 43614 47252
47252 3 27496 38585 47253
47253 1 47254
47254 1 47255
47255 1 47256
47256 2 18476 47257
47257 1 47258
47258 4 15506 41509 44516 47259
47259 2 31602 47260
47260 2 36716 47261
47261 2 35348 47262
47262 4 11630 26729 32834 47263
47263 2 28415 47264
47264 2 41919 47265
47265 1 47266
47266 2 15822 47267
47267 2 21520 47268
47268 1 47269
47269 2 35724 47270
47270 2 4461 47271
47271 1 47272
47272 2 27377 47273
47273 1 47274
47274 1 47275
47275 3 4595 9246 47276
47276 2 10231 47277
47277 2 7334 47278
47278 2 14115 47279
47279 1 47280
47280 1 47281
47281 2 25785 47282
47282 3 13708 39500 47283
47283 4 4180 8302 41031 47284
47284 1 47285
47285 2 33457 47286
47286 2 33518 47287
47287 1 47288
47288 1 47289
47289 1 47290
47290 2 38959 47291
47291 1 47292
47292 2 1737 47293
47293 2 42844 47294
47294 2 31631 47295
47295 2 22788 47296
47296 4 8895 20406 39859 47297
47297 3 6999 43283 47298
47298 2 21430 47299
47299 1 47300
47300 5 6844 27950 42615 47070 47301
47301 2 22799 47302
47302 2 46953 47303
47303 2 22724 47304
47304 3 22267 44070 47305
47305 2 18154 47306
47306 2 22509 47307
47307 4 5957 38935 41545 47308
47308 1 47309
47309 1 47310
47310 1 47311
47311 2 34773 47312
47312 2 46149 47313
47313 1 47314
47314 1 47315
47315 2 36762 47316
47316 2 8391 47317
47317 3 8125 47318 49759
47318 2 35532 47319
47319 2 29860 47320
47320 4 8239 35829 39133 47321
47321 3 28319 42883 47322
47322 1 47323
47323 2 21757 47324
47324 1 47325
47325 1 47326
47326 1 47327
47327 2 45780 47328
47328 2 20708 47329
47329 1 47330
47330 2 47331 48521
47331 2 27309 47332
47332 2 10654 47333
47333 3 11920 32778 47334
47334 2 30231 47335
47335 1 47336
47336 4 3961 14260 46215 47337
47337 1 47338
47338 3 26963 47114 47339
47339 1 47340
47340 4 6080 21301 41709 47341
47341 2 23680 47342
47342 3 16827 45375 47343
47343 2 32873 47344
47344 1 47345
47345 1 47346
47346 2 26541 47347
47347 1 47348
47348 2 26221 47349
47349 2 21006 47350
47350 1 47351
47351 1 47352
47352 4 10079 20499 43095 47353
47353 1 47354
47354 4 24217 43992 45312 47355
47355 2 23077 47356
47356 2 16833 47357
47357 2 43016 47358
47358 2 918 47359
47359 2 3342 47360
47360 1 47361
47361 1 47362
47362 3 9648 36500 47363
47363 1 47364
47364 1 47365
47365 2 32166 47366
47366 4 17766 26124 38612 47367
47367 3 2228 37344 47368
47368 1 47369
47369 4 20078 26571 41867 47370
47370 2 24635 47371
47371 1 47372
47372 2 14124 47373
47373 3 38081 41927 47374
47374 1 47375
47375 2 47376 49978
47376 3 36933 39832 47377
47377 1 47378
47378 2 25263 47379
47379 1 47380
47380 1 47381
47381 2 38865 47382
47382 3 279 30212 47383
47383 3 23940 38125 47384
47384 3 15189 43653 47385
47385 1 47386
47386 2 42518 47387
47387 3 5497 37299 47388
47388 2 4513 47389
47389 2 15398 47390
47390 2 47391 48175
47391 3 35619 38788 47392
47392 1 47393
47393 2 11878 47394
47394 2 17470 47395
47395 1 47396
47396 2 21179 47397
47397 2 31242 47398
47398 3 9263 36389 47399
47399 1 47400
47400 1 47401
47401 2 3931 47402
47402 1 47403
47403 2 37815 47404
47404 2 30351 47405
47405 2 3909 47406
47406 3 2891 46494 47407
47407 1 47408
47408 2 22387 47409
47409 3 750 44513 47410
47410 5 22845 24119 29017 42096 47411
47411 1 47412
47412 2 47413 48847
47413 3 11788 15662 47414
47414 1 47415
47415 1 47416
47416 2 24232 47417
47417 1 47418
47418 1 47419
47419 2 34075 47420
47420 3 14785 42211 47421
47421 2 15449 47422
47422 1 47423
47423 2 30814 47424
47424 3 3435 41595 47425
47425 1 47426
47426 2 19078 47427
47427 2 17516 47428
47428 1 47429
47429 1 47430
47430 3 11327 33677 47431
47431 1 47432
47432 2 35251 47433
47433 1 47434
47434 4 33697 36131 37156 47435
47435 1 47436
47436 1 47437
47437 2 5329 47438
47438 4 3084 9171 18145 47439
47439 2 33742 47440
47440 1 47441
47441 1 47442
47442 1 47443
47443 1 47444
47444 1 47445
47445 3 2749 10924 47446
47446 4 460 8798 36879 47447
47447 2 17272 47448
47448 2 16238 47449
47449 2 47450 48732
47450 2 19861 47451
47451 1 47452
47452 2 29892 47453
47453 2 46732 47454
47454 2 41528 47455
47455 2 15072 47456
47456 2 25969 47457
47457 2 36176 47458
47458 3 31129 40847 47459
47459 2 47460 49682
47460 3 25009 26134 47461
47461 2 36865 47462
47462 2 6976 47463
47463 1 47464
47464 1 47465
47465 1 47466
47466 3 30756 46049 47467
47467 1 47468
47468 2 28869 47469
47469 3 16920 21359 47470
47470 1 47471
47471 1 47472
47472 1 47473
47473 2 28673 47474
47474 2 47475 48442
47475 1 47476
47476 4 14469 21455 32847 47477
47477 3 6276 47478 48627
47478 2 23748 47479
47479 4 212 6942 12592 47480
47480 3 1476 5759 47481
47481 1 47482
47482 3 2873 37202 47483
47483 2 20637 47484
47484 3 10105 42388 47485
47485 2 10811 47486
47486 3 41763 46707 47487
47487 3 8064 10846 47488
47488 4 30799 43802 47000 47489
47489 3 28409 35195 47490
47490 4 4928 9509 33632 47491
47491 1 47492
47492 4 1180 11818 26646 47493
47493 2 31781 47494
47494 2 29715 47495
47495 2 15451 47496
47496 2 15554 47497
47497 4 24162 29322 30128 47498
47498 1 47499
47499 1 47500
47500 1 47501
47501 1 47502
47502 4 11602 17819 35206 47503
47503 7 347 24890 26860 28957 29476 39164 47504
47504 1 47505
47505 2 9109 47506
47506 2 18522 47507
47507 3 17730 23165 47508
47508 1 47509
47509 1 47510
47510 1 47511
47511 2 7061 47512
47512 1 47513
47513 2 28488 47514
47514 2 6802 47515
47515 3 7115 39644 47516
47516 1 47517
47517 1 47518
47518 4 9685 33171 37561 47519
47519 2 25110 47520
47520 1 47521
47521 1 47522
47522 2 21112 47523
47523 4 5124 33542 45483 47524
47524 4 13600 22223 41004 47525
47525 1 47526
47526 1 47527
47527 3 816 34514 47528
47528 2 19178 47529
47529 1 47530
47530 3 21681 45795 47531
47531 2 18597 47532
47532 1 47533
47533 1 47534
47534 2 19313 47535
47535 2 22085 47536
47536 1 47537
47537 2 28382 47538
47538 4 27388 37849 47539 49200
47539 2 23566 47540
47540 1 47541
47541 1 47542
47542 2 16742 47543
47543 2 6295 47544
47544 2 28265 47545
47545 4 7636 14818 22973 47546
47546 1 47547
47547 2 10776 47548
47548 1 47549
47549 3 4207 27457 47550
47550 1 47551
47551 2 34423 47552
47552 4 14507 33156 47553 49203
47553 1 47554
47554 1 47555
47555 1 47556
47556 2 37666 47557
47557 1 47558
47558 2 28544 47559
47559 2 15288 47560
47560 1 47561
47561 1 47562
47562 2 43874 47563
47563 1 47564
47564 2 47288 47565
47565 2 12127 47566
47566 1 47567
47567 1 47568
47568 3 8010 43723 47569
47569 2 39706 47570
47570 2 39129 47571
47571 2 24706 47572
47572 2 13564 47573
47573 3 6483 14061 47574
47574 3 11507 12073 47575
47575 2 42798 47576
47576 1 47577
47577 2 31616 47578
47578 1 47579
47579 1 47580
47580 1 47581
47581 3 15824 31048 47582
47582 2 16214 47583
47583 2 8981 47584
47584 1 47585
47585 2 14895 47586
47586 3 33094 46995 47587
47587 2 43751 47588
47588 2 43122 47589
47589 1 47590
47590 3 4127 32235 47591
47591 1 47592
47592 2 24167 47593
47593 1 47594
47594 3 27224 47595 48772
47595 2 25685 47596
47596 4 9391 24664 41239 47597
47597 2 35158 47598
47598 5 7708 11253 11966 40765 47599
47599 1 47600
47600 1 47601
47601 1 47602
47602 2 39482 47603
47603 4 11532 24169 26319 47604
47604 1 47605
47605 2 39023 47606
47606 4 3749 3892 35135 47607
47607 1 47608
47608 3 30285 34551 47609
47609 3 12916 47610 48479
47610 3 18958 39434 47611
47611 1 47612
47612 2 37072 47613
47613 1 47614
47614 1 47615
47615 1 47616
47616 2 43724 47617
47617 1 47618
47618 2 18801 47619
47619 2 20836 47620
47620 2 10469 47621
47621 2 41888 47622
47622 3 17995 35717 47623
47623 2 17535 47624
47624 3 12801 16632 47625
47625 5 2493 21945 39990 47626 49964
47626 1 47627
47627 1 47628
47628 2 36569 47629
47629 5 26803 36755 40788 47630 49811
47630 2 46470 47631
47631 1 47632
47632 1 47633
47633 5 21019 25481 43543 47634 49283
47634 3 22523 31220 47635
47635 3 7387 46692 47636
47636 2 14683 47637
47637 1 47638
47638 1 47639
47639 3 15696 31063 47640
47640 2 46492 47641
47641 1 47642
47642 1 47643
47643 1 47644
47644 1 47645
47645 1 47646
47646 1 47647
47647 1 47648
47648 1 47649
47649 1 47650
47650 2 5 47651
47651 1 47652
47652 1 47653
47653 1 47654
47654 2 16621 47655
47655 2 28434 47656
47656 1 47657
47657 2 46555 47658
47658 2 21712 47659
47659 1 47660
47660 3 18689 28710 47661
47661 2 47662 48019
47662 3 15251 16904 47663
47663 2 44966 47664
47664 3 27923 46043 47665
47665 5 2960 7342 9600 36182 47666
47666 2 26265 47667
47667 1 47668
47668 2 47669 48072
47669 3 20839 36154 47670
47670 6 4703 6609 30613 36754 45898 47671
47671 1 47672
47672 2 46714 47673
47673 2 27867 47674
47674 1 47675
47675 2 16094 47676
47676 2 29053 47677
47677 1 47678
47678 3 23596 42558 47679
47679 1 47680
47680 1 47681
47681 4 11169 40896 47682 49681
47682 1 47683
47683 1 47684
47684 1 47685
47685 1 47686
47686 2 36944 47687
47687 2 42819 47688
47688 3 8999 41463 47689
47689 2 1633 47690
47690 2 38423 47691
47691 3 2164 38060 47692
47692 1 47693
47693 3 26379 29118 47694
47694 1 47695
47695 2 8146 47696
47696 1 47697
47697 1 47698
47698 1 47699
47699 2 1745 47700
47700 1 47701
47701 2 10091 47702
47702 2 570 47703
47703 1 47704
47704 1 47705
47705 2 6410 47706
47706 1 47707
47707 1 47708
47708 1 47709
47709 1 47710
47710 3 21534 30170 47711
47711 2 25858 47712
47712 2 21481 47713
47713 1 47714
47714 2 13493 47715
47715 3 8037 32279 47716
47716 2 27516 47717
47717 4 9291 17119 42394 47718
47718 1 47719
47719 1 47720
47720 4 11336 17896 38634 47721
47721 1 47722
47722 4 1120 16643 35712 47723
47723 3 7092 7934 47724
47724 2 36341 47725
47725 3 7195 41112 47726
47726 2 13047 47727
47727 1 47728
47728 3 16211 47065 47729
47729 1 47730
47730 2 22358 47731
47731 2 29374 47732
47732 3 20292 44877 47733
47733 2 7012 47734
47734 1 47735
47735 1 47736
47736 1 47737
47737 1 47738
47738 3 22761 45227 47739
47739 2 31922 47740
47740 1 47741
47741 1 47742
47742 1 47743
47743 2 27346 47744
47744 3 4229 5107 47745
47745 2 10152 47746
47746 4 12632 17880 45436 47747
47747 3 3347 22395 47748
47748 4 7283 21070 29888 47749
47749 2 10927 47750
47750 2 13514 47751
47751 3 14231 46186 47752
47752 2 35974 47753
47753 1 47754
47754 2 4423 47755
47755 2 40320 47756
47756 1 47757
47757 1 47758
47758 2 31834 47759
47759 2 10993 47760
47760 2 15662 47761
47761 2 20478 47762
47762 3 28608 46425 47763
47763 1 47764
47764 3 9786 11618 47765
47765 1 47766
47766 2 35214 47767
47767 1 47768
47768 2 15037 47769
47769 2 29022 47770
47770 3 9510 36174 47771
47771 1 47772
47772 2 3262 47773
47773 2 37515 47774
47774 1 47775
47775 3 210 25940 47776
47776 3 16882 40947 47777
47777 2 9203 47778
47778 1 47779
47779 1 47780
47780 1 47781
47781 4 9617 12328 13685 47782
47782 2 12553 47783
47783 2 26995 47784
47784 1 47785
47785 3 6630 11390 47786
47786 1 47787
47787 3 29480 39904 47788
47788 3 23027 39662 47789
47789 1 47790
47790 4 13612 21152 46996 47791
47791 2 43339 47792
47792 2 23723 47793
47793 1 47794
47794 4 9711 26810 32449 47795
47795 2 6188 47796
47796 1 47797
47797 2 10985 47798
47798 2 14377 47799
47799 2 24357 47800
47800 1 47801
47801 1 47802
47802 4 7249 8696 25048 47803
47803 2 38473 47804
47804 2 32924 47805
47805 2 37211 47806
47806 3 18354 33342 47807
47807 2 35409 47808
47808 3 24402 46913 47809
47809 2 13614 47810
47810 1 47811
47811 2 26541 47812
47812 1 47813
47813 4 22534 25386 36527 47814
47814 2 17642 47815
47815 2 2731 47816
47816 1 47817
47817 1 47818
47818 1 47819
47819 2 32700 47820
47820 3 806 47208 47821
47821 1 47822
47822 1 47823
47823 1 47824
47824 1 47825
47825 3 25681 47295 47826
47826 1 47827
47827 1 47828
47828 2 25993 47829
47829 3 17958 42102 47830
47830 2 47048 47831
47831 1 47832
47832 3 17649 27183 47833
47833 3 16329 19678 47834
47834 3 11909 14762 47835
47835 3 3780 30647 47836
47836 1 47837
47837 3 17260 38252 47838
47838 1 47839
47839 2 6859 47840
47840 1 47841
47841 2 20328 47842
47842 1 47843
47843 1 47844
47844 4 14215 20183 21976 47845
47845 3 17158 21240 47846
47846 2 11246 47847
47847 1 47848
47848 1 47849
47849 1 47850
47850 1 47851
47851 3 9129 22436 47852
47852 2 27287 47853
47853 2 27521 47854
47854 2 12863 47855
47855 1 47856
47856 1 47857
47857 2 40578 47858
47858 1 47859
47859 1 47860
47860 1 47861
47861 1 47862
47862 1 47863
47863 1 47864
47864 1 47865
47865 3 12547 31490 47866
47866 1 47867
47867 4 16004 19128 30243 47868
47868 1 47869
47869 1 47870
47870 4 4140 6272 32559 47871
47871 4 12537 17877 31957 47872
47872 1 47873
47873 1 47874
47874 3 13509 45232 47875
47875 3 10074 44376 47876
47876 3 40703 43687 47877
47877 3 14869 36963 47878
47878 1 47879
47879 2 19707 47880
47880 2 16075 47881
47881 2 29504 47882
47882 3 40424 46215 47883
47883 2 20356 47884
47884 1 47885
47885 1 47886
47886 2 36345 47887
47887 4 40532 43219 47888 48998
47888 2 28215 47889
47889 2 24699 47890
47890 2 30600 47891
47891 1 47892
47892 1 47893
47893 3 18295 45496 47894
47894 1 47895
47895 3 13092 25111 47896
47896 4 31268 39566 47592 47897
47897 1 47898
47898 1 47899
47899 2 31880 47900
47900 2 28831 47901
47901 2 47572 47902
47902 2 32440 47903
47903 1 47904
47904 1 47905
47905 3 28413 43246 47906
47906 2 36362 47907
47907 3 38280 44883 47908
47908 1 47909
47909 2 20293 47910
47910 1 47911
47911 2 43097 47912
47912 2 21609 47913
47913 3 10027 31792 47914
47914 2 7584 47915
47915 1 47916
47916 1 47917
47917 3 12548 40129 47918
47918 1 47919
47919 1 47920
47920 2 9931 47921
47921 2 23802 47922
47922 3 30918 39675 47923
47923 2 6881 47924
47924 1 47925
47925 2 5156 47926
47926 3 9582 31901 47927
47927 2 194 47928
47928 3 35612 47929 49595
47929 2 3691 47930
47930 1 47931
47931 1 47932
47932 3 4769 28344 47933
47933 2 10428 47934
47934 1 47935
47935 2 21101 47936
47936 1 47937
47937 2 38055 47938
47938 3 2635 15661 47939
47939 2 44153 47940
47940 1 47941
47941 1 47942
47942 3 21110 31759 47943
47943 2 38906 47944
47944 3 31172 41928 47945
47945 1 47946
47946 2 35126 47947
47947 2 248 47948
47948 1 47949
47949 3 8914 24849 47950
47950 3 18366 36954 47951
47951 4 4359 33280 42258 47952
47952 3 30031 43438 47953
47953 1 47954
47954 2 3748 47955
47955 1 47956
47956 1 47957
47957 1 47958
47958 2 27299 47959
47959 2 35902 47960
47960 2 47961 48576
47961 3 13554 37776 47962
47962 1 47963
47963 2 14320 47964
47964 1 47965
47965 4 17909 22868 23244 47966
47966 3 11536 20558 47967
47967 1 47968
47968 1 47969
47969 3 13821 36113 47970
47970 1 47971
47971 3 21620 27089 47972
47972 2 31138 47973
47973 1 47974
47974 2 47975 48102
47975 3 11314 23374 47976
47976 2 5544 47977
47977 1 47978
47978 1 47979
47979 1 47980
47980 1 47981
47981 1 47982
47982 2 42372 47983
47983 2 1541 47984
47984 1 47985
47985 1 47986
47986 2 38655 47987
47987 1 47988
47988 1 47989
47989 1 47990
47990 3 18379 24556 47991
47991 1 47992
47992 4 26737 34609 35559 47993
47993 1 47994
47994 3 10277 28522 47995
47995 1 47996
47996 3 36101 43574 47997
47997 2 40953 47998
47998 1 47999
47999 2 10138 48000
48000 2 10803 48001
48001 2 34167 48002
48002 1 48003
48003 2 44043 48004
48004 3 39698 44170 48005
48005 2 29829 48006
48006 2 19450 48007
48007 2 41594 48008
48008 1 48009
48009 1 48010
48010 2 11000 48011
48011 2 37595 48012
48012 3 26719 35805 48013
48013 2 29365 48014
48014 3 756 10682 48015
48015 5 18207 18456 20848 40352 48016
48016 1 48017
48017 2 29543 48018
48018 1 48019
48019 2 23457 48020
48020 1 48021
48021 2 42092 48022
48022 2 13953 48023
48023 2 29507 48024
48024 2 48025 49132
48025 2 4918 48026
48026 4 5062 24815 46339 48027
48027 2 15089 48028
48028 3 45295 47607 48029
48029 4 31309 35599 48030 49664
48030 1 48031
48031 1 48032
48032 2 43858 48033
48033 3 24529 36302 48034
48034 2 6279 48035
48035 1 48036
48036 2 46829 48037
48037 3 5378 18618 48038
48038 2 15486 48039
48039 3 7052 48040 48658
48040 2 4771 48041
48041 4 6682 11050 26401 48042
48042 2 5822 48043
48043 3 9450 33526 48044
48044 2 211 48045
48045 2 14292 48046
48046 1 48047
48047 3 330 31039 48048
48048 1 48049
48049 3 43360 46312 48050
48050 1 48051
48051 2 44187 48052
48052 3 16963 45430 48053
48053 2 12032 48054
48054 2 4555 48055
48055 1 48056
48056 1 48057
48057 1 48058
48058 2 46879 48059
48059 2 10978 48060
48060 1 48061
48061 2 399 48062
48062 3 30492 39622 48063
48063 2 5770 48064
48064 1 48065
48065 2 43526 48066
48066 2 33272 48067
48067 2 16575 48068
48068 2 21028 48069
48069 3 10271 28984 48070
48070 3 7046 35075 48071
48071 1 48072
48072 2 22376 48073
48073 2 38196 48074
48074 2 10057 48075
48075 2 17973 48076
48076 1 48077
48077 1 48078
48078 3 31751 48079 49341
48079 2 28564 48080
48080 1 48081
48081 1 48082
48082 3 21624 23192 48083
48083 2 4828 48084
48084 1 48085
48085 4 4589 10457 20404 48086
48086 2 29532 48087
48087 3 10139 33643 48088
48088 3 33301 40117 48089
48089 2 46043 48090
48090 2 48091 49839
48091 1 48092
48092 1 48093
48093 1 48094
48094 7 10501 15131 26923 27374 40287 44646 48095
48095 3 7758 20629 48096
48096 3 37398 41230 48097
48097 2 24491 48098
48098 2 34263 48099
48099 1 48100
48100 3 4736 29961 48101
48101 2 42773 48102
48102 2 15990 48103
48103 1 48104
48104 1 48105
48105 1 48106
48106 4 16525 16735 47089 48107
48107 1 48108
48108 3 16809 18008 48109
48109 4 19344 29041 48110 49211
48110 2 27375 48111
48111 4 3439 16932 22494 48112
48112 2 22979 48113
48113 1 48114
48114 1 48115
48115 1 48116
48116 2 41266 48117
48117 2 45546 48118
48118 2 5363 48119
48119 2 25051 48120
48120 2 40426 48121
48121 1 48122
48122 1 48123
48123 3 25850 39926 48124
48124 3 15976 48125 48366
48125 2 17071 48126
48126 2 40030 48127
48127 4 2832 8316 11812 48128
48128 2 683 48129
48129 2 45750 48130
48130 1 48131
48131 1 48132
48132 2 22370 48133
48133 2 42162 48134
48134 2 8002 48135
48135 2 16572 48136
48136 4 746 12902 48137 49755
48137 1 48138
48138 3 22021 37484 48139
48139 1 48140
48140 2 6501 48141
48141 1 48142
48142 2 21376 48143
48143 2 48144 48375
48144 1 48145
48145 2 28390 48146
48146 2 30352 48147
48147 2 19693 48148
48148 4 10202 25084 38400 48149
48149 2 22094 48150
48150 1 48151
48151 1 48152
48152 1 48153
48153 4 3099 24309 35451 48154
48154 1 48155
48155 2 2864 48156
48156 2 36495 48157
48157 2 40147 48158
48158 1 48159
48159 2 10765 48160
48160 2 10934 48161
48161 1 48162
48162 2 36137 48163
48163 1 48164
48164 3 4226 30887 48165
48165 1 48166
48166 2 31581 48167
48167 3 30529 36149 48168
48168 3 827 14765 48169
48169 2 5226 48170
48170 3 18550 42797 48171
48171 2 36903 48172
48172 2 35441 48173
48173 2 18645 48174
48174 1 48175
48175 1 48176
48176 3 19499 36109 48177
48177 3 26568 41189 48178
48178 3 12731 41237 48179
48179 2 7446 48180
48180 1 48181
48181 3 6900 26754 48182
48182 5 2084 16355 24417 30660 48183
48183 2 2423 48184
48184 1 48185
48185 4 9058 31153 48186 49866
48186 1 48187
48187 4 3990 35149 44477 48188
48188 1 48189
48189 1 48190
48190 2 29889 48191
48191 2 48192 48780
48192 2 24460 48193
48193 1 48194
48194 3 5571 36692 48195
48195 1 48196
48196 1 48197
48197 2 22207 48198
48198 2 23303 48199
48199 2 15488 48200
48200 4 22195 36190 48201 49674
48201 1 48202
48202 1 48203
48203 2 21757 48204
48204 2 39746 48205
48205 3 2621 33348 48206
48206 2 20093 48207
48207 2 48208 49872
48208 1 48209
48209 2 13491 48210
48210 3 22386 31892 48211
48211 3 41777 45048 48212
48212 1 48213
48213 2 23390 48214
48214 1 48215
48215 1 48216
48216 2 14872 48217
48217 1 48218
48218 2 38677 48219
48219 2 17167 48220
48220 2 33019 48221
48221 1 48222
48222 2 1462 48223
48223 1 48224
48224 1 48225
48225 1 48226
48226 4 8137 23484 26617 48227
48227 3 11455 46686 48228
48228 2 26220 48229
48229 2 1595 48230
48230 2 48231 49275
48231 3 13607 38178 48232
48232 1 48233
48233 1 48234
48234 3 5957 11913 48235
48235 3 2038 25356 48236
48236 3 18987 30012 48237
48237 2 6479 48238
48238 3 35874 36021 48239
48239 2 35984 48240
48240 1 48241
48241 1 48242
48242 2 31354 48243
48243 2 8555 48244
48244 3 33988 37340 48245
48245 1 48246
48246 3 28777 46099 48247
48247 2 38943 48248
48248 2 30167 48249
48249 1 48250
48250 1 48251
48251 1 48252
48252 4 6395 19370 26900 48253
48253 1 48254
48254 1 48255
48255 1 48256
48256 2 48071 48257
48257 2 30862 48258
48258 1 48259
48259 3 8206 29338 48260
48260 3 24338 27231 48261
48261 3 12865 22555 48262
48262 2 34360 48263
48263 2 5380 48264
48264 2 9423 48265
48265 2 46530 48266
48266 2 20232 48267
48267 1 48268
48268 1 48269
48269 1 48270
48270 3 82 15548 48271
48271 3 11434 11611 48272
48272 1 48273
48273 3 22897 38462 48274
48274 1 48275
48275 2 39775 48276
48276 2 18915 48277
48277 1 48278
48278 1 48279
48279 1 48280
48280 2 23969 48281
48281 1 48282
48282 2 26354 48283
48283 4 33104 33125 35229 48284
48284 2 42418 48285
48285 2 8840 48286
48286 2 4820 48287
48287 1 48288
48288 4 13378 16305 22598 48289
48289 3 27906 41958 48290
48290 1 48291
48291 3 354 45131 48292
48292 3 20134 35635 48293
48293 2 47368 48294
48294 3 27503 42576 48295
48295 3 361 14269 48296
48296 1 48297
48297 1 48298
48298 1 48299
48299 1 48300
48300 5 3522 5792 6413 14509 48301
48301 3 5839 10673 48302
48302 1 48303
48303 2 1853 48304
48304 1 48305
48305 3 28313 40145 48306
48306 2 17147 48307
48307 1 48308
48308 2 48309 48818
48309 1 48310
48310 3 28710 36238 48311
48311 2 20429 48312
48312 2 19618 48313
48313 2 8755 48314
48314 1 48315
48315 2 13282 48316
48316 3 12607 38486 48317
48317 4 2676 7033 19283 48318
48318 2 27417 48319
48319 1 48320
48320 3 26789 34304 48321
48321 1 48322
48322 2 2756 48323
48323 1 48324
48324 1 48325
48325 2 30645 48326
48326 1 48327
48327 3 26651 35645 48328
48328 5 4194 6526 26424 47080 48329
48329 1 48330
48330 2 10746 48331
48331 3 31232 46724 48332
48332 4 16804 26021 33907 48333
48333 4 26210 33214 38377 48334
48334 1 48335
48335 1 48336
48336 2 38420 48337
48337 1 48338
48338 1 48339
48339 2 22869 48340
48340 2 37635 48341
48341 3 8941 35024 48342
48342 2 17884 48343
48343 3 16330 22409 48344
48344 2 21737 48345
48345 2 31777 48346
48346 2 14956 48347
48347 2 25234 48348
48348 1 48349
48349 2 3023 48350
48350 2 11450 48351
48351 2 42948 48352
48352 4 32408 36952 46706 48353
48353 1 48354
48354 2 15679 48355
48355 1 48356
48356 1 48357
48357 4 29448 38239 38781 48358
48358 2 22164 48359
48359 1 48360
48360 1 48361
48361 2 23617 48362
48362 2 19791 48363
48363 2 16830 48364
48364 2 24687 48365
48365 1 48366
48366 1 48367
48367 1 48368
48368 2 45772 48369
48369 2 1675 48370
48370 1 48371
48371 1 48372
48372 3 39208 43202 48373
48373 3 19328 43223 48374
48374 1 48375
48375 1 48376
48376 1 48377
48377 2 26728 48378
48378 2 23638 48379
48379 2 7628 48380
48380 2 35874 48381
48381 2 11404 48382
48382 1 48383
48383 3 9078 36014 48384
48384 2 13403 48385
48385 3 2018 32832 48386
48386 1 48387
48387 3 13506 48388 49338
48388 1 48389
48389 3 15185 45990 48390
48390 2 23767 48391
48391 3 25003 36536 48392
48392 1 48393
48393 1 48394
48394 1 48395
48395 1 48396
48396 1 48397
48397 2 44183 48398
48398 1 48399
48399 1 48400
48400 2 34248 48401
48401 1 48402
48402 1 48403
48403 4 3735 38823 48404 49666
48404 2 17746 48405
48405 1 48406
48406 3 7599 23797 48407
48407 1 48408
48408 5 2670 16106 16480 18682 48409
48409 3 10816 37325 48410
48410 2 9790 48411
48411 2 39900 48412
48412 2 48194 48413
48413 2 1825 48414
48414 1 48415
48415 1 48416
48416 1 48417
48417 2 15126 48418
48418 3 12789 36596 48419
48419 1 48420
48420 2 35432 48421
48421 2 41986 48422
48422 2 29740 48423
48423 3 12030 22495 48424
48424 6 11045 25449 44189 46172 47131 48425
48425 2 28701 48426
48426 2 30076 48427
48427 1 48428
48428 1 48429
48429 2 48430 49024
48430 2 28106 48431
48431 2 24713 48432
48432 5 6470 7644 8567 44095 48433
48433 1 48434
48434 2 41123 48435
48435 2 38051 48436
48436 2 23334 48437
48437 1 48438
48438 2 18393 48439
48439 1 48440
48440 6 3399 6729 9794 32541 39745 48441
48441 1 48442
48442 3 25097 29401 48443
48443 2 20360 48444
48444 3 40904 48445 48672
48445 1 48446
48446 2 2561 48447
48447 1 48448
48448 2 6271 48449
48449 3 5733 7000 48450
48450 1 48451
48451 1 48452
48452 1 48453
48453 3 17055 39475 48454
48454 3 9307 29559 48455
48455 2 35231 48456
48456 3 11749 48457 49904
48457 2 22113 48458
48458 3 12306 28877 48459
48459 2 41760 48460
48460 2 9585 48461
48461 1 48462
48462 1 48463
48463 2 38417 48464
48464 3 19015 35008 48465
48465 2 48466 48920
48466 2 4502 48467
48467 1 48468
48468 2 2378 48469
48469 3 830 25150 48470
48470 1 48471
48471 1 48472
48472 2 38392 48473
48473 1 48474
48474 3 22 17671 48475
48475 2 15617 48476
48476 1 48477
48477 1 48478
48478 1 48479
48479 2 46332 48480
48480 2 4621 48481
48481 1 48482
48482 2 3969 48483
48483 1 48484
48484 3 13925 47058 48485
48485 1 48486
48486 1 48487
48487 1 48488
48488 1 48489
48489 3 11877 20064 48490
48490 1 48491
48491 2 17974 48492
48492 3 2075 5331 48493
48493 1 48494
48494 1 48495
48495 3 10421 25155 48496
48496 1 48497
48497 1 48498
48498 4 19165 40392 42288 48499
48499 2 3850 48500
48500 3 4876 26038 48501
48501 2 38889 48502
48502 1 48503
48503 1 48504
48504 3 18080 19562 48505
48505 2 13176 48506
48506 3 3570 21040 48507
48507 1 48508
48508 2 33167 48509
48509 1 48510
48510 2 6346 48511
48511 2 4482 48512
48512 4 14064 25449 30406 48513
48513 2 16899 48514
48514 1 48515
48515 2 9168 48516
48516 2 18942 48517
48517 3 18190 48518 48622
48518 2 48519 49466
48519 2 28247 48520
48520 2 22035 48521
48521 1 48522
48522 2 2568 48523
48523 3 6427 48524 49880
48524 2 41302 48525
48525 1 48526
48526 2 13114 48527
48527 3 8502 38918 48528
48528 1 48529
48529 3 3126 23572 48530
48530 1 48531
48531 1 48532
48532 1 48533
48533 4 11252 14963 26175 48534
48534 1 48535
48535 3 17554 39136 48536
48536 1 48537
48537 1 48538
48538 2 37413 48539
48539 3 28964 44194 48540
48540 2 39246 48541
48541 1 48542
48542 3 12628 39844 48543
48543 3 21225 23404 48544
48544 3 36956 37705 48545
48545 2 44505 48546
48546 2 24382 48547
48547 2 42741 48548
48548 1 48549
48549 1 48550
48550 2 36199 48551
48551 1 48552
48552 1 48553
48553 2 43233 48554
48554 3 2072 40138 48555
48555 2 47353 48556
48556 2 7667 48557
48557 1 48558
48558 1 48559
48559 2 41104 48560
48560 3 38397 47713 48561
48561 2 39269 48562
48562 1 48563
48563 1 48564
48564 1 48565
48565 4 1197 22267 37350 48566
48566 1 48567
48567 2 42316 48568
48568 1 48569
48569 2 16246 48570
48570 1 48571
48571 1 48572
48572 4 12290 19303 36497 48573
48573 1 48574
48574 2 9310 48575
48575 3 33157 35135 48576
48576 1 48577
48577 3 9264 13447 48578
48578 2 34462 48579
48579 2 43988 48580
48580 2 10325 48581
48581 1 48582
48582 1 48583
48583 4 3780 4356 39770 48584
48584 3 36576 45885 48585
48585 3 44338 48586 48842
48586 3 9382 43860 48587
48587 2 33987 48588
48588 2 22645 48589
48589 2 47710 48590
48590 3 2331 39058 48591
48591 2 23099 48592
48592 2 8017 48593
48593 1 48594
48594 1 48595
48595 1 48596
48596 2 14256 48597
48597 3 645 4192 48598
48598 2 32002 48599
48599 1 48600
48600 3 6544 22518 48601
48601 2 1260 48602
48602 2 653 48603
48603 3 2407 12768 48604
48604 4 3371 31451 45046 48605
48605 2 32189 48606
48606 2 22639 48607
48607 3 10635 22954 48608
48608 2 21074 48609
48609 3 12655 27315 48610
48610 2 1076 48611
48611 1 48612
48612 1 48613
48613 2 23088 48614
48614 4 41882 44307 45333 48615
48615 1 48616
48616 3 18388 27527 48617
48617 2 4951 48618
48618 1 48619
48619 2 46062 48620
48620 3 36626 46136 48621
48621 1 48622
48622 1 48623
48623 1 48624
48624 1 48625
48625 1 48626
48626 4 17506 28333 42207 48627
48627 2 41693 48628
48628 3 11879 25894 48629
48629 2 11151 48630
48630 2 10770 48631
48631 1 48632
48632 2 10623 48633
48633 2 22683 48634
48634 1 48635
48635 4 21580 31425 48636 48920
48636 3 1202 37290 48637
48637 2 15689 48638
48638 1 48639
48639 4 1242 26982 37313 48640
48640 2 36113 48641
48641 1 48642
48642 2 44880 48643
48643 1 48644
48644 2 46594 48645
48645 4 21612 25413 43483 48646
48646 2 9352 48647
48647 2 11849 48648
48648 1 48649
48649 3 18777 40516 48650
48650 3 5231 6665 48651
48651 2 23884 48652
48652 2 16168 48653
48653 2 2720 48654
48654 4 11320 38433 45169 48655
48655 1 48656
48656 1 48657
48657 1 48658
48658 3 27853 45405 48659
48659 2 2855 48660
48660 1 48661
48661 2 48007 48662
48662 3 5282 8671 48663
48663 2 33180 48664
48664 1 48665
48665 3 6987 9834 48666
48666 1 48667
48667 3 10811 38505 48668
48668 4 1199 5418 33195 48669
48669 2 36338 48670
48670 2 15039 48671
48671 3 14896 25318 48672
48672 2 43184 48673
48673 2 579 48674
48674 1 48675
48675 2 24586 48676
48676 1 48677
48677 3 16317 48678 49904
48678 3 2215 21622 48679
48679 1 48680
48680 3 2424 45346 48681
48681 1 48682
48682 1 48683
48683 3 23983 32663 48684
48684 2 25266 48685
48685 3 9765 24273 48686
48686 2 7092 48687
48687 1 48688
48688 1 48689
48689 2 20942 48690
48690 1 48691
48691 2 28304 48692
48692 2 8460 48693
48693 1 48694
48694 3 43248 45306 48695
48695 2 38568 48696
48696 3 19541 26780 48697
48697 2 48344 48698
48698 1 48699
48699 3 17075 34498 48700
48700 2 4632 48701
48701 2 22273 48702
48702 1 48703
48703 2 11960 48704
48704 1 48705
48705 1 48706
48706 1 48707
48707 2 47099 48708
48708 2 48709 49937
48709 3 28766 42437 48710
48710 1 48711
48711 2 4458 48712
48712 2 38613 48713
48713 2 29744 48714
48714 1 48715
48715 2 48206 48716
48716 3 5701 8360 48717
48717 1 48718
48718 3 23500 23552 48719
48719 2 21236 48720
48720 3 20333 42020 48721
48721 2 36920 48722
48722 2 27618 48723
48723 1 48724
48724 1 48725
48725 3 5825 7888 48726
48726 1 48727
48727 5 21856 35315 41690 46113 48728
48728 1 48729
48729 2 12790 48730
48730 1 48731
48731 2 21660 48732
48732 2 22867 48733
48733 2 6157 48734
48734 1 48735
48735 2 35714 48736
48736 3 18429 48737 49935
48737 3 19488 47204 48738
48738 1 48739
48739 2 17598 48740
48740 3 8467 29641 48741
48741 2 40445 48742
48742 2 21465 48743
48743 2 47289 48744
48744 2 47443 48745
48745 3 13322 13681 48746
48746 4 14234 21528 30361 48747
48747 3 9400 36181 48748
48748 1 48749
48749 1 48750
48750 1 48751
48751 1 48752
48752 1 48753
48753 4 3958 8012 17193 48754
48754 3 6050 36384 48755
48755 2 36893 48756
48756 3 10962 17930 48757
48757 1 48758
48758 2 43894 48759
48759 1 48760
48760 2 39643 48761
48761 1 48762
48762 3 17308 34615 48763
48763 3 40112 48764 49148
48764 2 40523 48765
48765 1 48766
48766 1 48767
48767 2 47228 48768
48768 3 19325 32613 48769
48769 1 48770
48770 3 16752 24209 48771
48771 3 4329 30204 48772
48772 1 48773
48773 3 36770 44158 48774
48774 5 861 27059 27375 43700 48775
48775 1 48776
48776 2 23873 48777
48777 2 27820 48778
48778 2 39749 48779
48779 2 44564 48780
48780 3 10777 38499 48781
48781 2 35535 48782
48782 2 15718 48783
48783 3 1540 31878 48784
48784 2 44346 48785
48785 1 48786
48786 2 14180 48787
48787 3 8307 40383 48788
48788 1 48789
48789 3 28181 42964 48790
48790 2 21336 48791
48791 2 19446 48792
48792 2 22501 48793
48793 1 48794
48794 3 19192 34644 48795
48795 1 48796
48796 4 18019 21388 40135 48797
48797 3 619 38266 48798
48798 1 48799
48799 2 33504 48800
48800 3 9738 29818 48801
48801 4 20430 26452 35499 48802
48802 2 30036 48803
48803 2 32690 48804
48804 1 48805
48805 1 48806
48806 4 36118 40444 48807 49561
48807 2 44826 48808
48808 2 4182 48809
48809 3 19219 41881 48810
48810 2 5556 48811
48811 1 48812
48812 2 21519 48813
48813 1 48814
48814 5 706 15181 18597 34557 48815
48815 2 48816 49519
48816 4 32044 35190 45553 48817
48817 2 18314 48818
48818 2 43539 48819
48819 1 48820
48820 2 16366 48821
48821 1 48822
48822 1 48823
48823 1 48824
48824 1 48825
48825 2 37090 48826
48826 1 48827
48827 2 13958 48828
48828 4 1409 28042 38444 48829
48829 2 20480 48830
48830 2 39348 48831
48831 4 19461 30130 48016 48832
48832 1 48833
48833 2 46371 48834
48834 1 48835
48835 3 22289 34070 48836
48836 2 9455 48837
48837 2 27064 48838
48838 2 28776 48839
48839 3 79 39970 48840
48840 4 12258 36008 46684 48841
48841 2 20265 48842
48842 2 42463 48843
48843 2 9365 48844
48844 1 48845
48845 3 42317 42861 48846
48846 3 4131 19751 48847
48847 2 21542 48848
48848 4 31 14902 30425 48849
48849 1 48850
48850 2 12395 48851
48851 1 48852
48852 1 48853
48853 3 5828 35231 48854
48854 3 2701 37342 48855
48855 3 25675 40097 48856
48856 2 11447 48857
48857 1 48858
48858 1 48859
48859 1 48860
48860 2 39962 48861
48861 4 9142 22943 38849 48862
48862 4 6635 14576 46864 48863
48863 2 47463 48864
48864 1 48865
48865 1 48866
48866 1 48867
48867 2 26069 48868
48868 2 12616 48869
48869 1 48870
48870 1 48871
48871 2 47416 48872
48872 2 39651 48873
48873 1 48874
48874 1 48875
48875 2 42851 48876
48876 1 48877
48877 2 21472 48878
48878 1 48879
48879 4 18378 35575 35937 48880
48880 1 48881
48881 2 47746 48882
48882 2 23762 48883
48883 1 48884
48884 2 45860 48885
48885 2 9937 48886
48886 1 48887
48887 2 19707 48888
48888 1 48889
48889 1 48890
48890 3 5629 23517 48891
48891 1 48892
48892 2 9886 48893
48893 2 17239 48894
48894 2 41189 48895
48895 1 48896
48896 3 17526 33819 48897
48897 2 12921 48898
48898 1 48899
48899 4 10104 10428 29355 48900
48900 1 48901
48901 1 48902
48902 2 21773 48903
48903 3 18153 35297 48904
48904 1 48905
48905 2 5067 48906
48906 1 48907
48907 5 14645 35389 45481 45785 48908
48908 2 10808 48909
48909 1 48910
48910 2 3761 48911
48911 1 48912
48912 2 17647 48913
48913 2 30861 48914
48914 1 48915
48915 1 48916
48916 2 37992 48917
48917 3 5553 34370 48918
48918 2 9156 48919
48919 2 2631 48920
48920 1 48921
48921 1 48922
48922 1 48923
48923 2 25554 48924
48924 1 48925
48925 1 48926
48926 1 48927
48927 1 48928
48928 2 43469 48929
48929 4 565 34554 42291 48930
48930 3 23852 25742 48931
48931 3 26919 46058 48932
48932 1 48933
48933 2 26586 48934
48934 2 19087 48935
48935 1 48936
48936 1 48937
48937 1 48938
48938 1 48939
48939 2 47603 48940
48940 1 48941
48941 2 14926 48942
48942 3 9427 19876 48943
48943 2 48265 48944
48944 2 22186 48945
48945 3 32897 38362 48946
48946 1 48947
48947 2 40994 48948
48948 3 10069 48949 49746
48949 2 12023 48950
48950 1 48951
48951 1 48952
48952 2 27834 48953
48953 3 2755 11406 48954
48954 3 13241 40493 48955
48955 5 20884 27682 29920 40430 48956
48956 1 48957
48957 2 21025 48958
48958 5 15539 39083 40033 42196 48959
48959 2 20754 48960
48960 1 48961
48961 2 40712 48962
48962 1 48963
48963 2 28378 48964
48964 2 32209 48965
48965 2 1502 48966
48966 2 16963 48967
48967 2 6091 48968
48968 1 48969
48969 2 47432 48970
48970 1 48971
48971 2 48761 48972
48972 1 48973
48973 1 48974
48974 2 37904 48975
48975 1 48976
48976 1 48977
48977 1 48978
48978 3 11577 45257 48979
48979 2 18360 48980
48980 1 48981
48981 3 24159 38894 48982
48982 1 48983
48983 2 18251 48984
48984 1 48985
48985 3 20782 30761 48986
48986 1 48987
48987 1 48988
48988 1 48989
48989 2 29049 48990
48990 1 48991
48991 3 3540 38088 48992
48992 1 48993
48993 1 48994
48994 1 48995
48995 2 25041 48996
48996 1 48997
48997 3 2804 12144 48998
48998 2 11899 48999
48999 2 12159 49000
49000 1 49001
49001 3 5478 26728 49002
49002 2 20622 49003
49003 1 49004
49004 2 20334 49005
49005 1 49006
49006 1 49007
49007 1 49008
49008 2 1245 49009
49009 1 49010
49010 1 49011
49011 1 49012
49012 1 49013
49013 2 49014 49190
49014 1 49015
49015 1 49016
49016 2 34742 49017
49017 1 49018
49018 2 41095 49019
49019 2 22400 49020
49020 1 49021
49021 3 41811 43733 49022
49022 2 28175 49023
49023 1 49024
49024 3 18790 49025 49376
49025 1 49026
49026 3 14618 44922 49027
49027 2 30630 49028
49028 2 22684 49029
49029 4 4223 14035 42076 49030
49030 2 22476 49031
49031 2 8277 49032
49032 5 3272 3942 4008 8209 49033
49033 5 22751 22776 23440 27260 49034
49034 2 16744 49035
49035 2 45637 49036
49036 2 22918 49037
49037 2 41704 49038
49038 2 19436 49039
49039 1 49040
49040 4 21853 23676 29313 49041
49041 2 15608 49042
49042 2 43249 49043
49043 1 49044
49044 3 6908 33238 49045
49045 1 49046
49046 2 34330 49047
49047 2 21003 49048
49048 3 3530 37570 49049
49049 1 49050
49050 3 13537 27122 49051
49051 2 18701 49052
49052 1 49053
49053 1 49054
49054 1 49055
49055 3 27035 46642 49056
49056 1 49057
49057 3 10852 47402 49058
49058 2 33166 49059
49059 1 49060
49060 2 43597 49061
49061 2 5526 49062
49062 2 26451 49063
49063 2 46467 49064
49064 1 49065
49065 2 9003 49066
49066 2 28253 49067
49067 1 49068
49068 2 34677 49069
49069 2 32560 49070
49070 2 2460 49071
49071 1 49072
49072 1 49073
49073 1 49074
49074 2 6715 49075
49075 2 43740 49076
49076 2 12381 49077
49077 1 49078
49078 1 49079
49079 2 12163 49080
49080 3 2424 47631 49081
49081 2 15175 49082
49082 4 3461 20064 40857 49083
49083 1 49084
49084 1 49085
49085 2 38493 49086
49086 1 49087
49087 5 3260 4147 25872 41411 49088
49088 2 23363 49089
49089 3 9335 33109 49090
49090 3 48819 48995 49091
49091 2 6162 49092
49092 3 15502 30422 49093
49093 5 14140 24023 40669 44195 49094
49094 4 4117 28628 45218 49095
49095 3 14803 20322 49096
49096 2 43184 49097
49097 2 1478 49098
49098 1 49099
49099 1 49100
49100 3 20612 48681 49101
49101 2 27817 49102
49102 2 25959 49103
49103 3 33435 35989 49104
49104 1 49105
49105 1 49106
49106 1 49107
49107 1 49108
49108 3 31337 36064 49109
49109 1 49110
49110 2 25036 49111
49111 4 8242 33473 44510 49112
49112 1 49113
49113 2 981 49114
49114 2 24312 49115
49115 3 39826 47750 49116
49116 1 49117
49117 3 1342 38149 49118
49118 5 26935 27005 28553 36360 49119
49119 2 28956 49120
49120 2 26737 49121
49121 2 36921 49122
49122 1 49123
49123 4 4251 28078 37971 49124
49124 2 38840 49125
49125 1 49126
49126 3 19331 24183 49127
49127 3 20933 44174 49128
49128 3 1029 9094 49129
49129 1 49130
49130 3 6591 34311 49131
49131 2 4431 49132
49132 2 28742 49133
49133 4 6585 25505 26538 49134
49134 2 49135 49619
49135 3 3213 5511 49136
49136 2 35935 49137
49137 1 49138
49138 2 23590 49139
49139 2 29040 49140
49140 1 49141
49141 4 321 17442 46394 49142
49142 2 47415 49143
49143 5 1822 8344 30602 39686 49144
49144 3 22043 38195 49145
49145 2 41940 49146
49146 2 1727 49147
49147 2 23951 49148
49148 2 11175 49149
49149 2 40748 49150
49150 1 49151
49151 3 441 47808 49152
49152 2 29428 49153
49153 1 49154
49154 1 49155
49155 2 45950 49156
49156 1 49157
49157 1 49158
49158 2 39190 49159
49159 2 36487 49160
49160 1 49161
49161 2 36761 49162
49162 2 9335 49163
49163 2 39592 49164
49164 2 41105 49165
49165 2 32255 49166
49166 4 2922 14747 19996 49167
49167 3 3025 43237 49168
49168 1 49169
49169 5 298 3363 40814 48741 49170
49170 3 3412 24013 49171
49171 3 17888 48998 49172
49172 1 49173
49173 2 41006 49174
49174 2 18302 49175
49175 1 49176
49176 1 49177
49177 2 2978 49178
49178 1 49179
49179 3 24633 36049 49180
49180 3 11871 38131 49181
49181 2 15858 49182
49182 2 25725 49183
49183 1 49184
49184 3 36173 42535 49185
49185 1 49186
49186 2 35223 49187
49187 2 45247 49188
49188 1 49189
49189 2 21177 49190
49190 2 38285 49191
49191 2 34986 49192
49192 1 49193
49193 2 19051 49194
49194 2 3677 49195
49195 2 2860 49196
49196 3 38239 48409 49197
49197 2 35910 49198
49198 2 38539 49199
49199 1 49200
49200 2 5015 49201
49201 3 15973 29961 49202
49202 4 5367 8591 46112 49203
49203 1 49204
49204 2 29798 49205
49205 2 34765 49206
49206 2 45054 49207
49207 3 18660 38230 49208
49208 2 30014 49209
49209 3 8502 30886 49210
49210 2 47468 49211
49211 1 49212
49212 2 47686 49213
49213 2 32976 49214
49214 3 24298 43789 49215
49215 4 5701 19026 38793 49216
49216 1 49217
49217 4 39288 44190 48654 49218
49218 1 49219
49219 2 16383 49220
49220 1 49221
49221 3 7670 30061 49222
49222 1 49223
49223 2 48029 49224
49224 2 7657 49225
49225 1 49226
49226 2 47274 49227
49227 1 49228
49228 2 33814 49229
49229 1 49230
49230 2 45951 49231
49231 3 41192 43257 49232
49232 1 49233
49233 1 49234
49234 3 20672 36969 49235
49235 3 40868 49236 49584
49236 1 49237
49237 1 49238
49238 1 49239
49239 3 16539 41293 49240
49240 2 31567 49241
49241 1 49242
49242 2 15532 49243
49243 1 49244
49244 2 40465 49245
49245 2 26346 49246
49246 1 49247
49247 2 39504 49248
49248 1 49249
49249 1 49250
49250 1 49251
49251 1 49252
49252 2 28362 49253
49253 1 49254
49254 2 43369 49255
49255 2 20249 49256
49256 1 49257
49257 1 49258
49258 1 49259
49259 1 49260
49260 1 49261
49261 2 9489 49262
49262 2 32053 49263
49263 2 26909 49264
49264 1 49265
49265 3 15791 47828 49266
49266 1 49267
49267 3 23443 49268 49627
49268 3 23116 46353 49269
49269 1 49270
49270 2 49271 49533
49271 1 49272
49272 1 49273
49273 4 14761 23039 44705 49274
49274 1 49275
49275 1 49276
49276 1 49277
49277 1 49278
49278 2 37175 49279
49279 2 5212 49280
49280 3 5835 46580 49281
49281 5 6367 13553 27852 47040 49282
49282 3 10885 30697 49283
49283 1 49284
49284 1 49285
49285 1 49286
49286 1 49287
49287 2 34442 49288
49288 2 31620 49289
49289 2 38314 49290
49290 3 26808 30504 49291
49291 1 49292
49292 1 49293
49293 1 49294
49294 1 49295
49295 1 49296
49296 1 49297
49297 1 49298
49298 2 4137 49299
49299 2 8513 49300
49300 2 28390 49301
49301 1 49302
49302 2 43531 49303
49303 3 2220 13330 49304
49304 2 12111 49305
49305 1 49306
49306 2 12923 49307
49307 1 49308
49308 1 49309
49309 3 2664 35797 49310
49310 2 48294 49311
49311 3 7788 26527 49312
49312 3 1020 13994 49313
49313 2 35976 49314
49314 1 49315
49315 3 17966 18522 49316
49316 2 2149 49317
49317 4 19816 22156 44529 49318
49318 3 26314 47070 49319
49319 1 49320
49320 3 33522 37805 49321
49321 2 49322 49802
49322 2 10166 49323
49323 2 15262 49324
49324 1 49325
49325 2 25985 49326
49326 3 1525 30598 49327
49327 3 36488 38065 49328
49328 1 49329
49329 3 17807 46067 49330
49330 1 49331
49331 1 49332
49332 3 14381 47556 49333
49333 3 35754 45467 49334
49334 3 3927 23641 49335
49335 1 49336
49336 2 45859 49337
49337 2 27904 49338
49338 2 42802 49339
49339 2 25220 49340
49340 3 3157 24631 49341
49341 1 49342
49342 2 19231 49343
49343 3 1768 21069 49344
49344 1 49345
49345 2 8928 49346
49346 3 15860 30383 49347
49347 3 41700 43417 49348
49348 2 16634 49349
49349 2 1647 49350
49350 2 46831 49351
49351 3 19843 46087 49352
49352 2 44199 49353
49353 2 32446 49354
49354 3 16032 21085 49355
49355 4 14152 26175 45094 49356
49356 2 28929 49357
49357 2 38894 49358
49358 1 49359
49359 4 18702 19032 44321 49360
49360 1 49361
49361 2 49362 49680
49362 3 20096 29944 49363
49363 3 28737 31220 49364
49364 1 49365
49365 1 49366
49366 1 49367
49367 3 21968 25230 49368
49368 2 36378 49369
49369 2 6013 49370
49370 3 26756 29946 49371
49371 4 4291 11038 38207 49372
49372 2 25603 49373
49373 2 43139 49374
49374 1 49375
49375 4 8284 14345 16250 49376
49376 2 14828 49377
49377 1 49378
49378 1 49379
49379 1 49380
49380 2 14126 49381
49381 2 23940 49382
49382 1 49383
49383 1 49384
49384 1 49385
49385 2 34564 49386
49386 2 2010 49387
49387 1 49388
49388 3 540 24761 49389
49389 3 37179 47347 49390
49390 3 5601 46271 49391
49391 1 49392
49392 1 49393
49393 2 24974 49394
49394 2 29627 49395
49395 2 41891 49396
49396 2 4248 49397
49397 1 49398
49398 2 9556 49399
49399 2 18149 49400
49400 3 28175 34716 49401
49401 3 15571 46404 49402
49402 1 49403
49403 1 49404
49404 2 17650 49405
49405 1 49406
49406 2 25574 49407
49407 1 49408
49408 2 34831 49409
49409 3 8985 18989 49410
49410 4 10765 29746 36960 49411
49411 2 16782 49412
49412 1 49413
49413 2 12514 49414
49414 2 44942 49415
49415 2 27334 49416
49416 2 34774 49417
49417 2 36064 49418
49418 2 13096 49419
49419 1 49420
49420 4 12640 24449 27891 49421
49421 4 24667 28667 49422 49883
49422 5 3409 8535 33141 46704 49423
49423 2 17386 49424
49424 3 39995 44298 49425
49425 2 41960 49426
49426 2 7383 49427
49427 2 21495 49428
49428 1 49429
49429 1 49430
49430 2 45161 49431
49431 3 14491 40123 49432
49432 2 48391 49433
49433 3 21365 37392 49434
49434 3 29878 34588 49435
49435 2 2386 49436
49436 1 49437
49437 4 18068 18919 46434 49438
49438 1 49439
49439 2 36997 49440
49440 1 49441
49441 4 3660 44480 48737 49442
49442 1 49443
49443 1 49444
49444 2 42537 49445
49445 1 49446
49446 1 49447
49447 2 42276 49448
49448 2 39996 49449
49449 1 49450
49450 2 38285 49451
49451 3 3209 47751 49452
49452 2 15990 49453
49453 2 31418 49454
49454 1 49455
49455 2 28317 49456
49456 3 20468 32246 49457
49457 1 49458
49458 1 49459
49459 2 17599 49460
49460 2 33866 49461
49461 2 12234 49462
49462 3 4120 15364 49463
49463 3 9592 23254 49464
49464 2 17373 49465
49465 2 26505 49466
49466 5 8894 13709 22030 42143 49467
49467 3 475 17295 49468
49468 1 49469
49469 4 4456 21459 27981 49470
49470 1 49471
49471 1 49472
49472 1 49473
49473 1 49474
49474 1 49475
49475 1 49476
49476 1 49477
49477 3 2764 9411 49478
49478 1 49479
49479 1 49480
49480 1 49481
49481 2 35537 49482
49482 1 49483
49483 1 49484
49484 1 49485
49485 1 49486
49486 2 31177 49487
49487 2 47015 49488
49488 3 25557 45958 49489
49489 4 8569 8917 15379 49490
49490 2 18445 49491
49491 1 49492
49492 5 540 12268 25668 25717 49493
49493 2 9846 49494
49494 1 49495
49495 4 8014 30197 39827 49496
49496 2 46550 49497
49497 2 16071 49498
49498 1 49499
49499 3 10535 10639 49500
49500 1 49501
49501 3 21180 28549 49502
49502 2 29552 49503
49503 2 42293 49504
49504 2 20480 49505
49505 1 49506
49506 2 45820 49507
49507 3 6208 34507 49508
49508 3 8356 23611 49509
49509 1 49510
49510 1 49511
49511 3 25535 29499 49512
49512 1 49513
49513 4 25526 26679 34754 49514
49514 2 43509 49515
49515 1 49516
49516 1 49517
49517 4 38404 43424 48631 49518
49518 2 40393 49519
49519 3 30019 43650 49520
49520 1 49521
49521 4 34144 40158 48459 49522
49522 2 45472 49523
49523 3 32 35724 49524
49524 2 8027 49525
49525 2 46089 49526
49526 1 49527
49527 2 12668 49528
49528 1 49529
49529 3 11666 42927 49530
49530 1 49531
49531 2 2417 49532
49532 5 4444 11663 13024 24624 49533
49533 1 49534
49534 1 49535
49535 3 24682 24899 49536
49536 5 438 24153 26435 35449 49537
49537 2 20665 49538
49538 2 47571 49539
49539 1 49540
49540 2 44297 49541
49541 5 26958 27636 29230 32272 49542
49542 1 49543
49543 3 24289 42701 49544
49544 1 49545
49545 1 49546
49546 4 3733 15211 27011 49547
49547 3 29284 40229 49548
49548 2 40859 49549
49549 2 49445 49550
49550 1 49551
49551 1 49552
49552 2 21129 49553
49553 1 49554
49554 2 23531 49555
49555 1 49556
49556 2 18943 49557
49557 3 11004 14611 49558
49558 2 20528 49559
49559 1 49560
49560 1 49561
49561 2 27560 49562
49562 2 26022 49563
49563 1 49564
49564 1 49565
49565 1 49566
49566 2 33041 49567
49567 1 49568
49568 2 17231 49569
49569 2 16792 49570
49570 2 30858 49571
49571 2 8003 49572
49572 1 49573
49573 3 3303 18390 49574
49574 2 423 49575
49575 2 8805 49576
49576 2 38068 49577
49577 2 26310 49578
49578 1 49579
49579 1 49580
49580 2 16682 49581
49581 1 49582
49582 1 49583
49583 1 49584
49584 2 2632 49585
49585 2 49565 49586
49586 2 27162 49587
49587 1 49588
49588 2 12455 49589
49589 3 9122 36602 49590
49590 1 49591
49591 1 49592
49592 2 15581 49593
49593 1 49594
49594 1 49595
49595 2 21807 49596
49596 3 13646 43797 49597
49597 2 23905 49598
49598 3 18020 32610 49599
49599 3 34551 45231 49600
49600 1 49601
49601 1 49602
49602 3 1522 27670 49603
49603 2 34941 49604
49604 2 47496 49605
49605 1 49606
49606 4 23512 23612 35298 49607
49607 2 30226 49608
49608 4 16527 36849 39830 49609
49609 1 49610
49610 1 49611
49611 1 49612
49612 2 47388 49613
49613 1 49614
49614 1 49615
49615 2 21195 49616
49616 1 49617
49617 2 29915 49618
49618 1 49619
49619 1 49620
49620 1 49621
49621 1 49622
49622 1 49623
49623 1 49624
49624 3 581 45147 49625
49625 1 49626
49626 1 49627
49627 1 49628
49628 1 49629
49629 3 26980 32966 49630
49630 2 22332 49631
49631 4 19914 34410 47982 49632
49632 2 28530 49633
49633 2 36075 49634
49634 4 23531 23739 28053 49635
49635 3 7111 33925 49636
49636 1 49637
49637 1 49638
49638 2 42248 49639
49639 3 17726 21562 49640
49640 2 17968 49641
49641 1 49642
49642 3 5702 38722 49643
49643 2 22836 49644
49644 3 2769 24258 49645
49645 1 49646
49646 3 6334 30233 49647
49647 2 17587 49648
49648 3 25968 35537 49649
49649 1 49650
49650 3 4225 14034 49651
49651 2 19488 49652
49652 2 16696 49653
49653 1 49654
49654 1 49655
49655 4 16343 26613 46865 49656
49656 1 49657
49657 3 14270 36024 49658
49658 5 10905 33151 45860 48849 49659
49659 1 49660
49660 1 49661
49661 2 29655 49662
49662 3 3739 30701 49663
49663 1 49664
49664 2 35455 49665
49665 3 30291 31251 49666
49666 1 49667
49667 3 21406 25694 49668
49668 1 49669
49669 1 49670
49670 3 5707 26000 49671
49671 2 18901 49672
49672 2 36295 49673
49673 4 212 17385 31595 49674
49674 1 49675
49675 3 20527 25077 49676
49676 1 49677
49677 3 30719 43024 49678
49678 2 19028 49679
49679 2 41773 49680
49680 2 24664 49681
49681 1 49682
49682 2 24870 49683
49683 1 49684
49684 1 49685
49685 2 18318 49686
49686 3 12495 44983 49687
49687 1 49688
49688 1 49689
49689 2 46267 49690
49690 2 16633 49691
49691 2 44936 49692
49692 3 45 5985 49693
49693 2 9636 49694
49694 2 26660 49695
49695 3 11150 36613 49696
49696 1 49697
49697 1 49698
49698 2 24819 49699
49699 2 27557 49700
49700 1 49701
49701 2 41663 49702
49702 5 5420 18856 35691 36512 49703
49703 2 40384 49704
49704 1 49705
49705 2 5011 49706
49706 1 49707
49707 1 49708
49708 3 32544 33886 49709
49709 2 27367 49710
49710 2 20159 49711
49711 3 24126 46366 49712
49712 3 13611 49713 49746
49713 3 19951 29533 49714
49714 2 32546 49715
49715 1 49716
49716 1 49717
49717 2 12991 49718
49718 1 49719
49719 1 49720
49720 1 49721
49721 1 49722
49722 3 1777 4811 49723
49723 2 12993 49724
49724 1 49725
49725 2 25905 49726
49726 2 28894 49727
49727 2 26575 49728
49728 2 20054 49729
49729 3 4854 37245 49730
49730 3 16662 40868 49731
49731 4 546 19371 46787 49732
49732 1 49733
49733 2 47609 49734
49734 3 34216 37066 49735
49735 3 22167 35477 49736
49736 2 6679 49737
49737 2 840 49738
49738 2 15699 49739
49739 1 49740
49740 2 15875 49741
49741 2 435 49742
49742 4 2598 21288 24065 49743
49743 1 49744
49744 1 49745
49745 3 40851 46619 49746
49746 2 31381 49747
49747 2 1251 49748
49748 1 49749
49749 1 49750
49750 3 13892 28846 49751
49751 2 35743 49752
49752 3 22944 26450 49753
49753 1 49754
49754 4 2560 33187 48760 49755
49755 3 9282 38414 49756
49756 1 49757
49757 1 49758
49758 1 49759
49759 2 45860 49760
49760 2 5477 49761
49761 2 43510 49762
49762 2 34691 49763
49763 4 11342 17029 49374 49764
49764 1 49765
49765 3 1092 9672 49766
49766 2 20558 49767
49767 1 49768
49768 1 49769
49769 1 49770
49770 2 31400 49771
49771 1 49772
49772 1 49773
49773 1 49774
49774 2 5141 49775
49775 3 27454 45137 49776
49776 2 44809 49777
49777 1 49778
49778 2 32177 49779
49779 1 49780
49780 1 49781
49781 4 1543 31316 31926 49782
49782 2 4883 49783
49783 1 49784
49784 2 24800 49785
49785 2 43363 49786
49786 2 11695 49787
49787 3 36460 40485 49788
49788 2 4522 49789
49789 1 49790
49790 2 11053 49791
49791 2 29152 49792
49792 1 49793
49793 1 49794
49794 3 10410 43735 49795
49795 1 49796
49796 2 33969 49797
49797 2 4816 49798
49798 1 49799
49799 2 39280 49800
49800 1 49801
49801 2 8919 49802
49802 3 731 14816 49803
49803 2 14284 49804
49804 2 38339 49805
49805 2 27353 49806
49806 2 34962 49807
49807 1 49808
49808 2 28573 49809
49809 2 3107 49810
49810 3 26973 33666 49811
49811 1 49812
49812 2 11723 49813
49813 2 43209 49814
49814 1 49815
49815 1 49816
49816 1 49817
49817 2 8799 49818
49818 3 2313 6046 49819
49819 1 49820
49820 2 36871 49821
49821 3 35667 40928 49822
49822 2 36412 49823
49823 2 7595 49824
49824 2 26338 49825
49825 1 49826
49826 2 22347 49827
49827 1 49828
49828 1 49829
49829 1 49830
49830 3 3634 45352 49831
49831 1 49832
49832 1 49833
49833 3 3154 46717 49834
49834 2 40527 49835
49835 3 7916 48843 49836
49836 1 49837
49837 3 15830 38977 49838
49838 1 49839
49839 3 1659 18540 49840
49840 1 49841
49841 2 23072 49842
49842 1 49843
49843 1 49844
49844 2 45865 49845
49845 2 23956 49846
49846 4 9094 37953 39865 49847
49847 2 47268 49848
49848 2 1967 49849
49849 1 49850
49850 4 17890 39822 42944 49851
49851 3 32186 48428 49852
49852 1 49853
49853 4 23579 26023 35939 49854
49854 1 49855
49855 1 49856
49856 2 7582 49857
49857 2 36551 49858
49858 2 37320 49859
49859 3 6212 21976 49860
49860 3 4008 7117 49861
49861 2 35502 49862
49862 3 20350 32663 49863
49863 1 49864
49864 2 44472 49865
49865 2 377 49866
49866 2 11581 49867
49867 2 36959 49868
49868 2 30450 49869
49869 2 4386 49870
49870 2 48726 49871
49871 3 8733 8836 49872
49872 4 7519 17911 41827 49873
49873 3 12800 39880 49874
49874 1 49875
49875 1 49876
49876 1 49877
49877 1 49878
49878 2 19338 49879
49879 2 1173 49880
49880 1 49881
49881 3 12054 31631 49882
49882 1 49883
49883 1 49884
49884 2 7813 49885
49885 4 4674 27271 34644 49886
49886 2 36016 49887
49887 1 49888
49888 3 1023 40780 49889
49889 3 25228 49421 49890
49890 1 49891
49891 1 49892
49892 4 20085 45476 45865 49893
49893 2 6380 49894
49894 1 49895
49895 3 43467 44832 49896
49896 2 15841 49897
49897 3 2752 31574 49898
49898 2 8184 49899
49899 2 22300 49900
49900 2 41854 49901
49901 2 27088 49902
49902 1 49903
49903 1 49904
49904 3 783 8745 49905
49905 3 45811 47400 49906
49906 3 35579 49907 49915
49907 1 49908
49908 2 17602 49909
49909 3 24165 49303 49910
49910 1 49911
49911 1 49912
49912 1 49913
49913 2 40671 49914
49914 1 49915
49915 3 4183 22575 49916
49916 1 49917
49917 3 7541 42884 49918
49918 1 49919
49919 1 49920
49920 3 29942 46638 49921
49921 1 49922
49922 2 5037 49923
49923 4 5619 16901 49924 49950
49924 1 49925
49925 2 20769 49926
49926 2 26435 49927
49927 1 49928
49928 4 1829 9837 17010 49929
49929 2 27208 49930
49930 1 49931
49931 1 49932
49932 2 22325 49933
49933 2 45755 49934
49934 1 49935
49935 2 28700 49936
49936 2 34772 49937
49937 1 49938
49938 3 3808 27131 49939
49939 2 37612 49940
49940 2 5975 49941
49941 2 12718 49942
49942 1 49943
49943 1 49944
49944 2 2580 49945
49945 4 9216 17800 21979 49946
49946 1 49947
49947 2 1528 49948
49948 2 5283 49949
49949 3 31296 48822 49950
49950 1 49951
49951 2 46983 49952
49952 1 49953
49953 1 49954
49954 1 49955
49955 1 49956
49956 2 33800 49957
49957 4 7554 22821 43097 49958
49958 1 49959
49959 2 34682 49960
49960 1 49961
49961 3 30405 32974 49962
49962 2 28807 49963
49963 2 16247 49964
49964 1 49965
49965 2 39914 49966
49966 1 49967
49967 4 6460 39769 39859 49968
49968 2 13667 49969
49969 1 49970
49970 3 35742 44283 49971
49971 3 22126 24537 49972
49972 2 36513 49973
49973 1 49974
49974 2 28993 49975
49975 2 17169 49976
49976 1 49977
49977 2 13702 49978
49978 2 23943 49979
49979 2 27838 49980
49980 2 17372 49981
49981 3 1884 5526 49982
49982 3 25288 36099 49983
49983 2 7477 49984
49984 2 38729 49985
49985 4 26796 33842 35328 49986
49986 1 49987
49987 3 12883 22505 49988
49988 1 49989
49989 1 49990
49990 1 49991
49991 2 17807 49992
49992 1 49993
49993 2 10744 49994
49994 1 49995
49995 2 40321 49996
49996 1 49997
49997 2 6607 49998
49998 3 28973 38906 49999
49999 4 0 485 2886 36374
DAMPING 0.85
TOLERANCE 0.0001
MAX_ITERATIONS 100
